rank,term,cf,df,idf
1,and,10666,997,0.003004509020298722
2,the,6154,977,0.02326862693935427
3,of,5837,973,0.027371196796131977
4,in,4901,961,0.03978087001184446
5,1,4285,955,0.0460439385014068
6,with,4135,915,0.08883121370661583
7,to,3669,944,0.05762911283663642
8,a,3167,922,0.08121005542554327
9,glp,3052,766,0.2665731092415458
10,0,2779,414,0.8818893051568227
11,for,2263,860,0.1508228897345837
12,were,1872,570,0.5621189181535412
13,was,1713,590,0.5276327420823719
14,2,1434,617,0.4828862550767492
15,or,1374,567,0.5673959752543849
16,this,1230,751,0.2863496272180024
17,receptor,1210,798,0.22564668153232822
18,is,1157,618,0.48126682152444633
19,weight,1155,409,0.8940401229393353
20,as,1117,584,0.53785429615391
21,patients,1096,405,0.9038682118755978
22,obesity,1086,484,0.7256703722655052
23,on,1076,587,0.5327304591540406
24,risk,1054,429,0.8462983600541202
25,by,1024,561,0.5780343734594408
26,associated,938,497,0.6991652528855082
27,that,933,517,0.6597124044737079
28,peptide,904,724,0.3229638865964207
29,metabolic,884,387,0.9493305859523552
30,95,874,267,1.3205066205818874
31,diabetes,867,531,0.6329932577401982
32,glucagon,859,718,0.33128570993391293
33,agonists,819,602,0.507497833673316
34,like,818,722,0.3257301400893109
35,treatment,812,431,0.8416471888783893
36,ci,789,225,1.491654876777717
37,p,780,232,1.4610179073158271
38,from,779,489,0.715392789507265
39,we,777,477,0.7402387880937958
40,outcomes,762,394,0.9314043696842033
41,are,755,484,0.7256703722655052
42,these,727,515,0.6635883783184009
43,effects,704,418,0.8722738464573807
44,clinical,688,420,0.8675005677047231
45,semaglutide,682,234,1.4524341636244356
46,evidence,668,381,0.9649559038554362
47,study,665,424,0.8580218237501793
48,3,663,325,1.1239300966523995
49,4,652,316,1.152013065395225
50,use,647,313,1.1615520884419839
51,at,646,342,1.0729445419195318
52,disease,629,332,1.1026203100656486
53,glucose,627,345,1.0642108619507773
54,loss,619,280,1.2729656758128876
55,studies,596,315,1.155182640156504
56,type,574,430,0.843970070294529
57,not,573,367,1.0023934309275666
58,may,547,358,1.0272222925814367
59,an,542,395,0.9288695140810153
60,using,534,359,1.0244328904938582
61,5,521,252,1.3783261914707137
62,cardiovascular,521,215,1.5371172508544744
63,1ra,512,144,1.9379419794061366
64,therapy,508,261,1.3432348716594436
65,based,491,307,1.18090753139494
66,insulin,487,201,1.6044503709230613
67,between,482,327,1.1177951080848836
68,6,480,242,1.4188175528254505
69,including,472,360,1.0216512475319812
70,ra,468,145,1.9310215365615626
71,adults,461,263,1.3356012468043725
72,but,455,356,1.0328245481301066
73,be,443,298,1.2106617924767327
74,have,439,332,1.1026203100656486
75,1ras,426,161,1.8263509139976741
76,data,424,297,1.2140231401794375
77,trials,423,245,1.40649706843741
78,included,422,281,1.2694006096483914
79,among,414,259,1.3509272172825992
80,their,408,306,1.1841701770297564
81,related,405,277,1.2837377727947985
82,after,404,247,1.3983669423541598
83,analysis,400,258,1.3547956940605195
84,body,394,229,1.4740332754278975
85,review,390,310,1.171182981502945
86,compared,387,243,1.4146938356415886
87,tirzepatide,381,139,1.9732813458514453
88,management,376,251,1.3823023398503531
89,ras,374,149,1.9038089730366778
90,significant,374,250,1.3862943611198906
91,all,371,227,1.4828052615007343
92,kidney,368,131,2.0325579557809856
93,lower,367,213,1.546463113272712
94,potential,364,282,1.2658482080440234
95,across,362,259,1.3509272172825992
96,inhibitors,349,194,1.639897119918809
97,findings,348,314,1.1583622930738837
98,8,343,199,1.6144504542576448
99,reduced,342,252,1.3783261914707137
100,7,341,187,1.6766466621275504
101,hr,339,87,2.441847160327553
102,therapies,338,220,1.5141277326297755
103,increased,334,236,1.443923473956527
104,agonist,331,256,1.3625778345025745
105,no,331,242,1.4188175528254505
106,health,325,231,1.4653375684603436
107,analyses,324,214,1.5417792639602856
108,mg,323,106,2.24431618487007
109,while,323,265,1.3280254529959148
110,events,318,175,1.742969305058623
111,adverse,315,206,1.579879110192556
112,safety,315,191,1.6554818509355071
113,baseline,314,162,1.820158943749753
114,through,313,238,1.4354846053106625
115,has,305,254,1.3704210119636004
116,therapeutic,301,211,1.5558971455060706
117,9,299,172,1.7602608021686839
118,cohort,296,185,1.6873994539038122
119,years,294,183,1.6982691261407161
120,however,293,253,1.3743657902546167
121,participants,292,136,1.995100393246085
122,high,289,194,1.639897119918809
123,reduction,287,179,1.720369473141382
124,than,279,212,1.5511690043101247
125,10,277,194,1.639897119918809
126,also,277,222,1.5050778971098577
127,12,276,166,1.7957674906255938
128,primary,275,207,1.575036485716768
129,remains,275,251,1.3823023398503531
130,group,274,127,2.0635681925235456
131,vs,273,111,2.198225077669803
132,liver,270,99,2.312635428847547
133,which,269,210,1.5606477482646683
134,control,268,202,1.5994875815809322
135,t2dm,268,102,2.282782465697866
136,non,267,184,1.6928195213731514
137,both,265,219,1.5186835491656363
138,used,262,207,1.575036485716768
139,drug,254,154,1.870802676568508
140,higher,250,162,1.820158943749753
141,dysfunction,249,170,1.7719568419318754
142,n,249,117,2.145581344184381
143,significantly,247,178,1.725971728690052
144,its,246,185,1.6873994539038122
145,efficacy,245,193,1.6450650900772514
146,without,245,176,1.7372712839439852
147,dose,242,110,2.207274913189721
148,mechanisms,241,177,1.731605546408308
149,bmi,237,110,2.207274913189721
150,term,236,164,1.8078888511579387
151,most,234,189,1.6660082639224947
152,specific,233,170,1.7719568419318754
153,surgery,233,98,2.322787800311565
154,benefits,232,188,1.6713133161521878
155,gip,231,116,2.1541650878757723
156,incretin,231,121,2.111964733385396
157,kg,230,126,2.0714733720306593
158,mass,230,144,1.9379419794061366
159,long,228,171,1.7660917224794772
160,t2d,228,77,2.563949857128453
161,s,226,143,1.9449106487222299
162,further,225,209,1.565421027017326
163,showed,225,176,1.7372712839439852
164,chronic,224,182,1.7037485919053417
165,changes,222,155,1.8643301620628903
166,during,222,148,1.9105430052180221
167,year,222,119,2.1286317858706076
168,conducted,219,203,1.5945492999403497
169,limited,219,195,1.6347557204183902
170,cell,218,105,2.2537949288246137
171,mean,218,143,1.9449106487222299
172,mortality,217,107,2.234926444520231
173,users,216,81,2.513306124309698
174,assessed,215,180,1.7147984280919266
175,inflammatory,215,118,2.137070654516472
176,signaling,213,115,2.162823150618887
177,trial,213,142,1.9519282213808764
178,agents,212,164,1.8078888511579387
179,effect,212,161,1.8263509139976741
180,observed,212,172,1.7602608021686839
181,remain,212,196,1.6296406197516198
182,1r,211,62,2.7806208939370456
183,001,210,107,2.234926444520231
184,placebo,210,79,2.5383074265151158
185,other,209,169,1.7778565640590636
186,patient,209,148,1.9105430052180221
187,care,206,134,2.0099154790312257
188,reported,206,135,2.0024805005437076
189,outcome,204,154,1.870802676568508
190,up,204,153,1.8773173575897015
191,versus,203,111,2.198225077669803
192,dual,202,146,1.9241486572738007
193,major,202,159,1.8388510767619055
194,randomized,202,144,1.9379419794061366
195,such,202,164,1.8078888511579387
196,low,200,128,2.05572501506252
197,months,200,101,2.2926347621408776
198,current,198,165,1.8018098050815565
199,more,196,164,1.8078888511579387
200,oral,196,95,2.3538783873815965
201,30,195,143,1.9449106487222299
202,ckd,195,52,2.9565115604007097
203,levels,193,114,2.1715568305876416
204,although,192,165,1.8018098050815565
205,individuals,192,124,2.0874737133771
206,support,192,161,1.8263509139976741
207,age,189,143,1.9449106487222299
208,exposure,189,104,2.2633643798407643
209,medications,189,121,2.111964733385396
210,total,189,147,1.9173226922034008
211,should,188,136,1.995100393246085
212,been,187,167,1.789761466565382
213,dependent,187,157,1.8515094736338291
214,pathways,187,148,1.9105430052180221
215,strategies,187,147,1.9173226922034008
216,improved,186,153,1.8773173575897015
217,function,185,118,2.137070654516472
218,over,184,149,1.9038089730366778
219,sglt2i,184,47,3.0576076772720784
220,cardiometabolic,182,113,2.1803674602697964
221,failure,182,123,2.0955709236097197
222,identified,181,149,1.9038089730366778
223,within,181,150,1.8971199848858813
224,fat,180,85,2.4651040224918206
225,who,180,135,2.0024805005437076
226,differences,179,137,1.9877743531540122
227,models,179,150,1.8971199848858813
228,time,178,121,2.111964733385396
229,evaluated,177,153,1.8773173575897015
230,mellitus,177,161,1.8263509139976741
231,association,176,124,2.0874737133771
232,hba1c,176,83,2.488914671185539
233,renal,174,90,2.407945608651872
234,one,173,130,2.0402208285265546
235,had,172,119,2.1286317858706076
236,controlled,171,143,1.9449106487222299
237,demonstrated,170,152,1.8838747581358606
238,it,170,134,2.0099154790312257
239,two,170,132,2.0249533563957662
240,meta,169,101,2.2926347621408776
241,score,169,131,2.0325579557809856
242,combination,168,88,2.4304184645039304
243,index,167,136,1.995100393246085
244,induced,167,105,2.2537949288246137
245,gut,166,81,2.513306124309698
246,whether,165,142,1.9519282213808764
247,heart,163,100,2.302585092994046
248,liraglutide,162,72,2.631089159966082
249,into,160,139,1.9732813458514453
250,cause,159,97,2.3330443004787544
251,ratio,159,123,2.0955709236097197
252,reductions,158,122,2.1037342342488805
253,bariatric,157,75,2.5902671654458267
254,food,157,87,2.441847160327553
255,medication,157,84,2.4769384801388235
256,research,157,136,1.995100393246085
257,clinically,155,127,2.0635681925235456
258,glycemic,155,110,2.207274913189721
259,retrospective,155,149,1.9038089730366778
260,emerging,154,142,1.9519282213808764
261,gastrointestinal,154,113,2.1803674602697964
262,mechanistic,153,111,2.198225077669803
263,role,153,125,2.0794415416798357
264,change,151,88,2.4304184645039304
265,complications,151,88,2.4304184645039304
266,following,151,112,2.1892564076870427
267,inflammation,151,105,2.2537949288246137
268,sodium,151,141,1.9589953886039688
269,metformin,150,84,2.4769384801388235
270,particularly,149,137,1.9877743531540122
271,benefit,147,113,2.1803674602697964
272,cells,147,76,2.5770219386958058
273,groups,147,97,2.3330443004787544
274,real,147,112,2.1892564076870427
275,world,147,112,2.1892564076870427
276,greater,146,109,2.2164073967529934
277,initiation,146,83,2.488914671185539
278,model,146,102,2.282782465697866
279,observational,146,109,2.2164073967529934
280,performed,146,132,2.0249533563957662
281,follow,144,114,2.1715568305876416
282,evaluate,143,138,1.9805015938249324
283,m2,143,84,2.4769384801388235
284,population,143,118,2.137070654516472
285,can,142,116,2.1541650878757723
286,early,139,106,2.24431618487007
287,framework,139,107,2.234926444520231
288,human,139,88,2.4304184645039304
289,lipid,139,84,2.4769384801388235
290,substantial,139,124,2.0874737133771
291,improve,138,123,2.0955709236097197
292,results,138,118,2.137070654516472
293,2025,137,125,2.0794415416798357
294,masld,137,38,3.270169119255751
295,overall,137,115,2.162823150618887
296,those,137,103,2.2730262907525014
297,14,136,101,2.2926347621408776
298,expression,136,69,2.6736487743848776
299,level,136,88,2.4304184645039304
300,secondary,136,114,2.1715568305876416
301,week,136,62,2.7806208939370456
302,anti,134,94,2.364460496712133
303,people,134,78,2.5510464522925456
304,treated,134,96,2.3434070875143007
305,well,134,120,2.120263536200091
306,mice,133,62,2.7806208939370456
307,overweight,133,83,2.488914671185539
308,quality,133,83,2.488914671185539
309,blood,132,86,2.4534079827286295
310,incidence,132,85,2.4651040224918206
311,muscle,132,56,2.882403588246988
312,phase,132,81,2.513306124309698
313,protein,132,86,2.4534079827286295
314,systemic,132,103,2.2730262907525014
315,intake,131,62,2.7806208939370456
316,sensitivity,131,97,2.3330443004787544
317,days,130,81,2.513306124309698
318,interventions,130,102,2.282782465697866
319,suggest,130,120,2.120263536200091
320,target,130,102,2.282782465697866
321,development,129,104,2.2633643798407643
322,weeks,129,80,2.5257286443082556
323,factors,128,95,2.3538783873815965
324,key,128,116,2.1541650878757723
325,24,127,86,2.4534079827286295
326,central,127,103,2.2730262907525014
327,lifestyle,127,82,2.501036031717884
328,post,127,82,2.501036031717884
329,propensity,127,107,2.234926444520231
330,response,127,78,2.5510464522925456
331,90,126,78,2.5510464522925456
332,matching,126,85,2.4651040224918206
333,disorders,125,84,2.4769384801388235
334,established,125,112,2.1892564076870427
335,whereas,125,108,2.2256240518579173
336,c,124,65,2.7333680090865
337,diabetic,124,79,2.5383074265151158
338,hepatic,124,69,2.6736487743848776
339,reduce,124,104,2.2633643798407643
340,18,123,95,2.3538783873815965
341,matched,123,82,2.501036031717884
342,cancer,122,36,3.324236340526027
343,increasingly,122,117,2.145581344184381
344,network,122,98,2.322787800311565
345,day,121,69,2.6736487743848776
346,decreased,121,89,2.419118909249997
347,drugs,121,82,2.501036031717884
348,pharmacological,121,89,2.419118909249997
349,populations,121,95,2.3538783873815965
350,secretion,121,76,2.5770219386958058
351,11,119,92,2.385966701933097
352,needed,119,115,2.162823150618887
353,only,119,105,2.2537949288246137
354,beyond,118,108,2.2256240518579173
355,consistent,118,101,2.2926347621408776
356,first,118,97,2.3330443004787544
357,regarding,118,96,2.3434070875143007
358,diet,117,71,2.645075401940822
359,sglt2,117,61,2.796881414808826
360,confidence,116,107,2.234926444520231
361,despite,116,112,2.1892564076870427
362,gastric,116,58,2.8473122684357177
363,new,116,95,2.3538783873815965
364,resistance,116,88,2.4304184645039304
365,rr,116,30,3.506557897319982
366,17,115,91,2.396895772465287
367,aimed,115,113,2.1803674602697964
368,assessment,115,92,2.385966701933097
369,stress,115,81,2.513306124309698
370,15,114,94,2.364460496712133
371,activity,114,83,2.488914671185539
372,effective,114,95,2.3538783873815965
373,future,114,104,2.2633643798407643
374,direct,113,98,2.322787800311565
375,mace,113,39,3.2441936328524905
376,odds,113,71,2.645075401940822
377,three,113,89,2.419118909249997
378,molecular,112,82,2.501036031717884
379,there,112,79,2.5383074265151158
380,cotransporter,111,109,2.2164073967529934
381,identify,111,102,2.282782465697866
382,impact,111,98,2.322787800311565
383,responses,111,72,2.631089159966082
384,common,110,100,2.302585092994046
385,defined,110,92,2.385966701933097
386,rate,110,85,2.4651040224918206
387,tissue,110,69,2.6736487743848776
388,each,109,93,2.375155785828881
389,metabolism,109,84,2.4769384801388235
390,pancreatic,109,51,2.9759296462578115
391,β,109,55,2.900422093749666
392,16,107,81,2.513306124309698
393,alone,107,73,2.617295837833746
394,mediated,107,84,2.4769384801388235
395,novel,107,88,2.4304184645039304
396,prospective,107,101,2.2926347621408776
397,rates,107,83,2.488914671185539
398,risks,107,72,2.631089159966082
399,driven,106,96,2.3434070875143007
400,did,105,87,2.441847160327553
401,syndrome,105,67,2.703062659591171
402,20,104,87,2.441847160327553
403,acute,104,67,2.703062659591171
404,fibrosis,104,45,3.101092789211817
405,improvements,104,83,2.488914671185539
406,profile,104,87,2.441847160327553
407,system,104,93,2.375155785828881
408,under,104,88,2.4304184645039304
409,when,104,92,2.385966701933097
410,difference,103,76,2.5770219386958058
411,axis,102,72,2.631089159966082
412,estimated,102,83,2.488914671185539
413,mitochondrial,102,44,3.123565645063876
414,reporting,102,54,2.9187712324178627
415,05,101,60,2.8134107167600364
416,preclinical,101,75,2.5902671654458267
417,recent,101,89,2.419118909249997
418,our,100,78,2.5510464522925456
419,hazard,99,76,2.5770219386958058
420,independent,99,85,2.4651040224918206
421,l,99,42,3.170085660698769
422,multiple,99,89,2.419118909249997
423,polypeptide,99,95,2.3538783873815965
424,provide,99,92,2.385966701933097
425,respectively,99,80,2.5257286443082556
426,yet,99,96,2.3434070875143007
427,2024,98,83,2.488914671185539
428,activation,98,75,2.5902671654458267
429,available,98,84,2.4769384801388235
430,case,98,62,2.7806208939370456
431,disorder,98,66,2.7181005369557116
432,fasting,98,53,2.9374633654300153
433,increase,98,82,2.501036031717884
434,injury,98,59,2.8302178350764176
435,insulinotropic,98,94,2.364460496712133
436,single,98,73,2.617295837833746
437,systematic,98,77,2.563949857128453
438,50,97,79,2.5383074265151158
439,additional,97,78,2.5510464522925456
440,adjusted,97,70,2.659260036932778
441,appetite,97,64,2.7488721956224653
442,approaches,97,87,2.441847160327553
443,co,97,81,2.513306124309698
444,conditions,97,77,2.563949857128453
445,dietary,97,52,2.9565115604007097
446,energy,97,63,2.7646205525906042
447,intestinal,97,45,3.101092789211817
448,lowering,97,72,2.631089159966082
449,rather,97,79,2.5383074265151158
450,ratios,97,88,2.4304184645039304
451,13,96,78,2.5510464522925456
452,progression,96,64,2.7488721956224653
453,pubmed,96,95,2.3538783873815965
454,increasing,95,88,2.4304184645039304
455,orforglipron,95,20,3.912023005428146
456,practice,95,67,2.703062659591171
457,regulation,95,76,2.5770219386958058
458,2026,94,84,2.4769384801388235
459,combined,94,71,2.645075401940822
460,dpp,94,40,3.2188758248682006
461,how,94,78,2.5510464522925456
462,receiving,94,62,2.7806208939370456
463,acid,93,61,2.796881414808826
464,composition,93,62,2.7806208939370456
465,derived,93,78,2.5510464522925456
466,nutritional,93,43,3.1465551632885744
467,promising,93,88,2.4304184645039304
468,relative,92,73,2.617295837833746
469,administration,91,75,2.5902671654458267
470,heterogeneity,91,68,2.6882475738060303
471,women,91,43,3.1465551632885744
472,assess,90,84,2.4769384801388235
473,burden,90,77,2.563949857128453
474,effectiveness,90,58,2.8473122684357177
475,g,90,60,2.8134107167600364
476,per,90,60,2.8134107167600364
477,postoperative,90,36,3.324236340526027
478,via,90,82,2.501036031717884
479,60,89,66,2.7181005369557116
480,cost,89,37,3.2968373663379125
481,intervention,89,66,2.7181005369557116
482,narrative,89,78,2.5510464522925456
483,need,89,85,2.4651040224918206
484,prescribed,89,67,2.703062659591171
485,21,88,77,2.563949857128453
486,associations,88,69,2.6736487743848776
487,before,88,76,2.5770219386958058
488,improvement,88,63,2.7646205525906042
489,period,88,66,2.7181005369557116
490,diseases,87,55,2.900422093749666
491,provides,87,83,2.488914671185539
492,regression,87,80,2.5257286443082556
493,obese,86,47,3.0576076772720784
494,pathway,86,63,2.7646205525906042
495,relevant,86,77,2.563949857128453
496,strategy,86,78,2.5510464522925456
497,will,86,53,2.9374633654300153
498,characterized,85,81,2.513306124309698
499,functional,85,68,2.6882475738060303
500,important,85,78,2.5510464522925456
501,male,85,58,2.8473122684357177
502,median,85,57,2.864704011147587
503,microbiota,85,40,3.2188758248682006
504,pressure,85,49,3.0159349808715104
505,analyzed,84,79,2.5383074265151158
506,comorbidities,84,71,2.645075401940822
507,due,84,76,2.5770219386958058
508,e,84,50,2.995732273553991
509,female,84,63,2.7646205525906042
510,severe,84,59,2.8302178350764176
511,symptoms,84,58,2.8473122684357177
512,27,83,72,2.631089159966082
513,access,83,52,2.9565115604007097
514,cohorts,83,68,2.6882475738060303
515,discontinuation,83,56,2.882403588246988
516,pooled,83,47,3.0576076772720784
517,22,82,68,2.6882475738060303
518,36,82,50,2.995732273553991
519,65,82,62,2.7806208939370456
520,antidiabetic,82,42,3.170085660698769
521,approved,82,64,2.7488721956224653
522,exercise,82,40,3.2188758248682006
523,hf,82,14,4.268697949366879
524,large,82,71,2.645075401940822
525,status,82,62,2.7806208939370456
526,weekly,82,56,2.882403588246988
527,brain,81,47,3.0576076772720784
528,factor,81,70,2.659260036932778
529,monitoring,81,63,2.7646205525906042
530,several,81,76,2.5770219386958058
531,40,80,67,2.703062659591171
532,class,80,55,2.900422093749666
533,homeostasis,80,62,2.7806208939370456
534,multi,80,59,2.8302178350764176
535,sex,80,55,2.900422093749666
536,19,79,66,2.7181005369557116
537,31,79,72,2.631089159966082
538,concerns,79,73,2.617295837833746
539,criteria,79,65,2.7333680090865
540,design,79,69,2.6736487743848776
541,hormone,79,54,2.9187712324178627
542,once,79,55,2.900422093749666
543,similar,79,63,2.7646205525906042
544,stroke,79,33,3.411247717515657
545,t1d,79,18,4.017383521085972
546,unclear,79,79,2.5383074265151158
547,25,78,67,2.703062659591171
548,active,78,68,2.6882475738060303
549,bias,78,55,2.900422093749666
550,certainty,78,27,3.611918412977808
551,regulatory,78,60,2.8134107167600364
552,targeting,78,69,2.6736487743848776
553,treatments,78,60,2.8134107167600364
554,approach,77,71,2.645075401940822
555,perioperative,77,42,3.170085660698769
556,pharmacotherapy,77,54,2.9187712324178627
557,small,77,61,2.796881414808826
558,suggests,77,71,2.645075401940822
559,cognitive,76,26,3.649658740960655
560,event,76,63,2.7646205525906042
561,markers,76,54,2.9187712324178627
562,profiles,76,61,2.796881414808826
563,sglt,76,29,3.540459448995663
564,death,75,47,3.0576076772720784
565,dulaglutide,75,33,3.411247717515657
566,elevated,75,60,2.8134107167600364
567,global,75,70,2.659260036932778
568,literature,75,66,2.7181005369557116
569,meaningful,75,67,2.703062659591171
570,pre,75,47,3.0576076772720784
571,52,74,63,2.7646205525906042
572,73,74,56,2.882403588246988
573,glp1,74,25,3.6888794541139363
574,35,73,60,2.8134107167600364
575,adherence,73,44,3.123565645063876
576,aged,73,64,2.7488721956224653
577,egfr,73,31,3.473768074496991
578,hfpef,73,20,3.912023005428146
579,mechanism,73,57,2.864704011147587
580,older,73,48,3.036554268074246
581,plasma,73,49,3.0159349808715104
582,stage,73,45,3.101092789211817
583,trinetx,73,69,2.6736487743848776
584,bone,72,29,3.540459448995663
585,i,72,42,3.170085660698769
586,prior,72,53,2.9374633654300153
587,they,72,60,2.8134107167600364
588,diagnosis,71,56,2.882403588246988
589,embase,71,71,2.645075401940822
590,followed,71,68,2.6882475738060303
591,life,71,54,2.9187712324178627
592,phenotype,71,47,3.0576076772720784
593,reports,71,44,3.123565645063876
594,statistically,71,58,2.8473122684357177
595,surgical,71,46,3.079113882493042
596,undergoing,71,43,3.1465551632885744
597,32,70,52,2.9565115604007097
598,beta,70,26,3.649658740960655
599,distinct,70,62,2.7806208939370456
600,inhibitor,70,48,3.036554268074246
601,medical,70,53,2.9374633654300153
602,received,70,55,2.900422093749666
603,26,69,54,2.9187712324178627
604,45,69,58,2.8473122684357177
605,characteristics,69,61,2.796881414808826
606,composite,69,38,3.270169119255751
607,eligible,69,57,2.864704011147587
608,examined,69,62,2.7806208939370456
609,hypothesis,69,61,2.796881414808826
610,month,69,42,3.170085660698769
611,primarily,69,64,2.7488721956224653
612,pulmonary,69,26,3.649658740960655
613,randomised,69,52,2.9565115604007097
614,signals,69,44,3.123565645063876
615,targeted,69,60,2.8134107167600364
616,72,68,50,2.995732273553991
617,biomarkers,68,57,2.864704011147587
618,could,68,61,2.796881414808826
619,four,68,56,2.882403588246988
620,healthcare,68,47,3.0576076772720784
621,moderate,68,55,2.900422093749666
622,short,68,56,2.882403588246988
623,subgroup,68,51,2.9759296462578115
624,vascular,68,41,3.1941832122778293
625,because,67,53,2.9374633654300153
626,daily,67,48,3.036554268074246
627,include,67,57,2.864704011147587
628,least,67,50,2.995732273553991
629,md,67,22,3.816712825623821
630,parameters,67,58,2.8473122684357177
631,random,67,63,2.7646205525906042
632,remained,67,62,2.7806208939370456
633,sleep,67,30,3.506557897319982
634,01,66,46,3.079113882493042
635,28,66,58,2.8473122684357177
636,comparative,66,53,2.9374633654300153
637,initiated,66,56,2.882403588246988
638,integrated,66,60,2.8134107167600364
639,prescribing,66,32,3.4420193761824107
640,searched,66,65,2.7333680090865
641,selected,66,58,2.8473122684357177
642,supporting,66,61,2.796881414808826
643,translational,66,57,2.864704011147587
644,adipose,65,47,3.0576076772720784
645,af,65,11,4.509860006183766
646,cholesterol,65,31,3.473768074496991
647,controls,65,46,3.079113882493042
648,endocrine,65,40,3.2188758248682006
649,interval,65,60,2.8134107167600364
650,min,65,35,3.3524072174927233
651,often,65,61,2.796881414808826
652,prevention,65,39,3.2441936328524905
653,underlying,65,60,2.8134107167600364
654,70,64,56,2.882403588246988
655,76,64,56,2.882403588246988
656,cvd,64,18,4.017383521085972
657,dipeptidyl,64,59,2.8302178350764176
658,peptidase,64,59,2.8302178350764176
659,physical,64,44,3.123565645063876
660,33,63,54,2.9187712324178627
661,48,63,46,3.079113882493042
662,83,63,55,2.900422093749666
663,addition,63,56,2.882403588246988
664,context,63,56,2.882403588246988
665,cox,63,59,2.8302178350764176
666,evaluation,63,55,2.900422093749666
667,lean,63,29,3.540459448995663
668,positive,63,47,3.0576076772720784
669,rcts,63,30,3.506557897319982
670,self,63,38,3.270169119255751
671,standard,63,45,3.101092789211817
672,37,62,55,2.900422093749666
673,challenges,62,55,2.900422093749666
674,eating,62,30,3.506557897319982
675,immune,62,41,3.1941832122778293
676,linked,62,56,2.882403588246988
677,modulation,62,55,2.900422093749666
678,monotherapy,62,27,3.611918412977808
679,psychiatric,62,27,3.611918412977808
680,revealed,62,53,2.9374633654300153
681,23,61,54,2.9187712324178627
682,75,61,54,2.9187712324178627
683,classes,61,44,3.123565645063876
684,compare,61,59,2.8302178350764176
685,comprehensive,61,55,2.900422093749666
686,enhanced,61,53,2.9374633654300153
687,hormones,61,37,3.2968373663379125
688,individual,61,56,2.882403588246988
689,intervals,61,59,2.8302178350764176
690,mash,61,16,4.135166556742356
691,ml,61,38,3.270169119255751
692,oxidative,61,45,3.101092789211817
693,range,61,43,3.1465551632885744
694,targets,61,48,3.036554268074246
695,test,61,44,3.123565645063876
696,42,60,55,2.900422093749666
697,demonstrate,60,57,2.864704011147587
698,developed,60,55,2.900422093749666
699,emerged,60,60,2.8134107167600364
700,occurred,60,45,3.101092789211817
701,patterns,60,47,3.0576076772720784
702,structural,60,41,3.1941832122778293
703,value,60,43,3.1465551632885744
704,about,59,49,3.0159349808715104
705,alcohol,59,17,4.074541934925921
706,contribute,59,52,2.9565115604007097
707,database,59,53,2.9374633654300153
708,largely,59,55,2.900422093749666
709,leading,59,58,2.8473122684357177
710,longitudinal,59,46,3.079113882493042
711,present,59,56,2.882403588246988
712,suggesting,59,57,2.864704011147587
713,utilization,59,33,3.411247717515657
714,0001,58,32,3.4420193761824107
715,34,58,47,3.0576076772720784
716,39,58,54,2.9187712324178627
717,44,58,54,2.9187712324178627
718,85,58,53,2.9374633654300153
719,adolescents,58,21,3.8632328412587142
720,cross,58,53,2.9374633654300153
721,dpp4i,58,18,4.017383521085972
722,electronic,58,56,2.882403588246988
723,exploratory,58,46,3.079113882493042
724,highlight,58,58,2.8473122684357177
725,implications,58,53,2.9374633654300153
726,79,57,51,2.9759296462578115
727,critical,57,52,2.9565115604007097
728,dl,57,24,3.7297014486341915
729,fatty,57,42,3.170085660698769
730,impaired,57,50,2.995732273553991
731,initiating,57,46,3.079113882493042
732,investigated,57,55,2.900422093749666
733,reducing,57,51,2.9759296462578115
734,serum,57,40,3.2188758248682006
735,91,56,52,2.9565115604007097
736,approximately,56,48,3.036554268074246
737,biological,56,45,3.101092789211817
738,confirmed,56,51,2.9759296462578115
739,duration,56,46,3.079113882493042
740,emptying,56,34,3.3813947543659757
741,endpoint,56,44,3.123565645063876
742,frequently,56,55,2.900422093749666
743,growing,56,54,2.9187712324178627
744,guidelines,56,50,2.995732273553991
745,here,56,55,2.900422093749666
746,incident,56,32,3.4420193761824107
747,interactions,56,47,3.0576076772720784
748,protective,56,49,3.0159349808715104
749,63,55,52,2.9565115604007097
750,67,55,47,3.0576076772720784
751,different,55,49,3.0159349808715104
752,endothelial,55,26,3.649658740960655
753,endpoints,55,46,3.079113882493042
754,found,55,46,3.079113882493042
755,sustained,55,50,2.995732273553991
756,α,55,32,3.4420193761824107
757,29,54,54,2.9187712324178627
758,80,54,45,3.101092789211817
759,94,54,45,3.101092789211817
760,97,54,50,2.995732273553991
761,consistently,54,51,2.9759296462578115
762,given,54,50,2.995732273553991
763,measures,54,49,3.0159349808715104
764,methods,54,50,2.995732273553991
765,prescription,54,36,3.324236340526027
766,science,54,53,2.9374633654300153
767,scores,54,36,3.324236340526027
768,search,54,45,3.101092789211817
769,structured,54,41,3.1941832122778293
770,subcutaneous,54,43,3.1465551632885744
771,therefore,54,53,2.9374633654300153
772,tolerability,54,37,3.2968373663379125
773,100,53,35,3.3524072174927233
774,46,53,50,2.995732273553991
775,88,53,44,3.123565645063876
776,achieved,53,41,3.1941832122778293
777,any,53,47,3.0576076772720784
778,clinicaltrials,53,48,3.036554268074246
779,d,53,32,3.4420193761824107
780,heterogeneous,53,49,3.0159349808715104
781,hypertension,53,39,3.2441936328524905
782,hypoglycemia,53,20,3.912023005428146
783,involving,53,52,2.9565115604007097
784,myocardial,53,40,3.2188758248682006
785,pain,53,31,3.473768074496991
786,production,53,36,3.324236340526027
787,receptors,53,32,3.4420193761824107
788,severity,53,38,3.270169119255751
789,show,53,51,2.9759296462578115
790,shown,53,53,2.9374633654300153
791,validation,53,45,3.101092789211817
792,47,52,47,3.0576076772720784
793,89,52,44,3.123565645063876
794,balance,52,43,3.1465551632885744
795,causal,52,48,3.036554268074246
796,comparisons,52,43,3.1465551632885744
797,existing,52,44,3.123565645063876
798,glycaemic,52,37,3.2968373663379125
799,improving,52,49,3.0159349808715104
800,influence,52,48,3.036554268074246
801,osa,52,10,4.605170185988092
802,remodeling,52,37,3.2968373663379125
803,report,52,44,3.123565645063876
804,residual,52,39,3.2441936328524905
805,web,52,50,2.995732273553991
806,53,51,48,3.036554268074246
807,56,51,46,3.079113882493042
808,absolute,51,39,3.2441936328524905
809,ad,51,14,4.268697949366879
810,against,51,45,3.101092789211817
811,cardiac,51,33,3.411247717515657
812,cochrane,51,43,3.1465551632885744
813,dementia,51,13,4.3428059215206005
814,generally,51,48,3.036554268074246
815,gov,51,46,3.079113882493042
816,highlights,51,51,2.9759296462578115
817,inhibition,51,36,3.324236340526027
818,preoperative,51,29,3.540459448995663
819,protection,51,41,3.1941832122778293
820,records,51,48,3.036554268074246
821,sd,51,28,3.575550768806933
822,steatotic,51,47,3.0576076772720784
823,together,51,48,3.036554268074246
824,address,50,46,3.079113882493042
825,complementary,50,45,3.101092789211817
826,complex,50,47,3.0576076772720784
827,currently,50,44,3.123565645063876
828,gain,50,37,3.2968373663379125
829,independently,50,46,3.079113882493042
830,peripheral,50,36,3.324236340526027
831,points,50,32,3.4420193761824107
832,preserved,50,46,3.079113882493042
833,required,50,46,3.079113882493042
834,understanding,50,44,3.123565645063876
835,vitro,50,37,3.2968373663379125
836,2023,49,42,3.170085660698769
837,advances,49,42,3.170085660698769
838,concentrations,49,29,3.540459448995663
839,evaluating,49,46,3.079113882493042
840,impairment,49,32,3.4420193761824107
841,less,49,44,3.123565645063876
842,physiological,49,33,3.411247717515657
843,postprandial,49,22,3.816712825623821
844,prevalence,49,41,3.1941832122778293
845,strong,49,35,3.3524072174927233
846,supports,49,47,3.0576076772720784
847,suppression,49,38,3.270169119255751
848,survey,49,28,3.575550768806933
849,54,48,43,3.1465551632885744
850,57,48,44,3.123565645063876
851,according,48,43,3.1465551632885744
852,alongside,48,46,3.079113882493042
853,asthma,48,8,4.8283137373023015
854,b,48,26,3.649658740960655
855,biomarker,48,30,3.506557897319982
856,decline,48,39,3.2441936328524905
857,determine,48,48,3.036554268074246
858,establish,48,45,3.101092789211817
859,free,48,32,3.4420193761824107
860,january,48,47,3.0576076772720784
861,june,48,47,3.0576076772720784
862,medline,48,47,3.0576076772720784
863,proportion,48,36,3.324236340526027
864,rats,48,23,3.7722610630529876
865,require,48,46,3.079113882493042
866,toward,48,44,3.123565645063876
867,55,47,46,3.079113882493042
868,69,47,44,3.123565645063876
869,comparator,47,37,3.2968373663379125
870,considered,47,45,3.101092789211817
871,genetic,47,36,3.324236340526027
872,gipr,47,16,4.135166556742356
873,h,47,29,3.540459448995663
874,measured,47,45,3.101092789211817
875,national,47,40,3.2188758248682006
876,percentage,47,33,3.411247717515657
877,represent,47,46,3.079113882493042
878,selection,47,43,3.1465551632885744
879,stratified,47,41,3.1941832122778293
880,02,46,37,3.2968373663379125
881,49,46,41,3.1941832122778293
882,64,46,42,3.170085660698769
883,96,46,38,3.270169119255751
884,delivery,46,29,3.540459448995663
885,discuss,46,40,3.2188758248682006
886,do,46,43,3.1465551632885744
887,does,46,41,3.1941832122778293
888,doses,46,34,3.3813947543659757
889,highly,46,41,3.1941832122778293
890,hospitalization,46,25,3.6888794541139363
891,increases,46,42,3.170085660698769
892,investigation,46,43,3.1465551632885744
893,microbial,46,22,3.816712825623821
894,modification,46,39,3.2441936328524905
895,pancreatitis,46,16,4.135166556742356
896,potentially,46,43,3.1465551632885744
897,proportional,46,45,3.101092789211817
898,recommendations,46,39,3.2441936328524905
899,release,46,27,3.611918412977808
900,routine,46,42,3.170085660698769
901,scopus,46,46,3.079113882493042
902,state,46,36,3.324236340526027
903,subgroups,46,33,3.411247717515657
904,tolerance,46,33,3.411247717515657
905,uncertain,46,42,3.170085660698769
906,43,45,41,3.1941832122778293
907,71,45,41,3.1941832122778293
908,81,45,40,3.2188758248682006
909,82,45,40,3.2188758248682006
910,87,45,39,3.2441936328524905
911,attenuated,45,42,3.170085660698769
912,cardiorenal,45,29,3.540459448995663
913,comorbidity,45,38,3.270169119255751
914,december,45,41,3.1941832122778293
915,examine,45,44,3.123565645063876
916,fraction,45,38,3.270169119255751
917,generating,45,44,3.123565645063876
918,grade,45,41,3.1941832122778293
919,il,45,21,3.8632328412587142
920,importance,45,41,3.1941832122778293
921,interaction,45,34,3.3813947543659757
922,likely,45,40,3.2188758248682006
923,limitations,45,40,3.2188758248682006
924,medicine,45,37,3.2968373663379125
925,modest,45,42,3.170085660698769
926,produced,45,42,3.170085660698769
927,properties,45,36,3.324236340526027
928,recognized,45,43,3.1465551632885744
929,some,45,42,3.170085660698769
930,survival,45,27,3.611918412977808
931,widely,45,43,3.1465551632885744
932,68,44,40,3.2188758248682006
933,98,44,36,3.324236340526027
934,cgm,44,11,4.509860006183766
935,comparison,44,37,3.2968373663379125
936,depression,44,20,3.912023005428146
937,healthy,44,36,3.324236340526027
938,interpreted,44,43,3.1465551632885744
939,known,44,42,3.170085660698769
940,persistent,44,30,3.506557897319982
941,prevent,44,29,3.540459448995663
942,represents,44,42,3.170085660698769
943,reviews,44,32,3.4420193761824107
944,robust,44,41,3.1941832122778293
945,scale,44,39,3.2441936328524905
946,skeletal,44,28,3.575550768806933
947,underwent,44,36,3.324236340526027
948,volume,44,27,3.611918412977808
949,58,43,40,3.2188758248682006
950,84,43,37,3.2968373663379125
951,advanced,43,34,3.3813947543659757
952,either,43,43,3.1465551632885744
953,estimates,43,28,3.575550768806933
954,indirect,43,33,3.411247717515657
955,multivariable,43,34,3.3813947543659757
956,opioid,43,13,4.3428059215206005
957,published,43,39,3.2441936328524905
958,skin,43,20,3.912023005428146
959,states,43,33,3.411247717515657
960,sulfonylureas,43,29,3.540459448995663
961,us,43,42,3.170085660698769
962,vivo,43,32,3.4420193761824107
963,where,43,39,3.2441936328524905
964,00,42,29,3.540459448995663
965,2022,42,34,3.3813947543659757
966,41,42,38,3.270169119255751
967,59,42,41,3.1941832122778293
968,adult,42,35,3.3524072174927233
969,aging,42,23,3.7722610630529876
970,amylin,42,12,4.422848629194137
971,atrial,42,23,3.7722610630529876
972,cellular,42,31,3.473768074496991
973,comparable,42,36,3.324236340526027
974,differ,42,40,3.2188758248682006
975,estimate,42,38,3.270169119255751
976,examines,42,42,3.170085660698769
977,highlighting,42,41,3.1941832122778293
978,offer,42,42,3.170085660698769
979,onset,42,30,3.506557897319982
980,recorded,42,26,3.649658740960655
981,relationship,42,38,3.270169119255751
982,signalling,42,28,3.575550768806933
983,synthesis,42,30,3.506557897319982
984,tests,42,36,3.324236340526027
985,uacr,42,12,4.422848629194137
986,62,41,37,3.2968373663379125
987,77,41,40,3.2188758248682006
988,92,41,37,3.2968373663379125
989,accumulation,41,29,3.540459448995663
990,action,41,38,3.270169119255751
991,agonism,41,24,3.7297014486341915
992,being,41,38,3.270169119255751
993,consumption,41,27,3.611918412977808
994,favorable,41,36,3.324236340526027
995,fda,41,28,3.575550768806933
996,hormonal,41,32,3.4420193761824107
997,met,41,34,3.3813947543659757
998,morbidity,41,38,3.270169119255751
999,pcos,41,10,4.605170185988092
1000,pediatric,41,20,3.912023005428146
1001,retatrutide,41,16,4.135166556742356
1002,stable,41,35,3.3524072174927233
1003,standardized,41,34,3.3813947543659757
1004,stratification,41,36,3.324236340526027
1005,04,40,34,3.3813947543659757
1006,61,40,40,3.2188758248682006
1007,74,40,38,3.270169119255751
1008,additionally,40,39,3.2441936328524905
1009,alternative,40,31,3.473768074496991
1010,background,40,33,3.411247717515657
1011,binding,40,23,3.7722610630529876
1012,cv,40,10,4.605170185988092
1013,exhibited,40,32,3.4420193761824107
1014,gaps,40,35,3.3524072174927233
1015,help,40,36,3.324236340526027
1016,individualized,40,37,3.2968373663379125
1017,maintenance,40,29,3.540459448995663
1018,optimal,40,33,3.411247717515657
1019,predominantly,40,35,3.3524072174927233
1020,screening,40,31,3.473768074496991
1021,sema,40,9,4.710530701645918
1022,sglt2is,40,15,4.199705077879927
1023,shared,40,35,3.3524072174927233
1024,systems,40,37,3.2968373663379125
1025,though,40,38,3.270169119255751
1026,trajectories,40,25,3.6888794541139363
1027,triple,40,23,3.7722610630529876
1028,validated,40,36,3.324236340526027
1029,4i,39,11,4.509860006183766
1030,66,39,37,3.2968373663379125
1031,completed,39,33,3.411247717515657
1032,considerations,39,31,3.473768074496991
1033,contrast,39,37,3.2968373663379125
1034,ejection,39,32,3.4420193761824107
1035,end,39,35,3.3524072174927233
1036,exenatide,39,25,3.6888794541139363
1037,experimental,39,35,3.3524072174927233
1038,hypoglycaemia,39,21,3.8632328412587142
1039,meal,39,21,3.8632328412587142
1040,microbiome,39,22,3.816712825623821
1041,naion,39,9,4.710530701645918
1042,pd,39,9,4.710530701645918
1043,precision,39,37,3.2968373663379125
1044,products,39,20,3.912023005428146
1045,rapid,39,35,3.3524072174927233
1046,six,39,35,3.3524072174927233
1047,acting,38,29,3.540459448995663
1048,beneficial,38,34,3.3813947543659757
1049,children,38,12,4.422848629194137
1050,circulating,38,23,3.7722610630529876
1051,ckm,38,13,4.3428059215206005
1052,continued,38,30,3.506557897319982
1053,coronary,38,20,3.912023005428146
1054,double,38,35,3.3524072174927233
1055,essential,38,37,3.2968373663379125
1056,feeding,38,18,4.017383521085972
1057,furthermore,38,36,3.324236340526027
1058,fusion,38,12,4.422848629194137
1059,history,38,26,3.649658740960655
1060,incompletely,38,37,3.2968373663379125
1061,many,38,35,3.3524072174927233
1062,mbs,38,10,4.605170185988092
1063,mechanistically,38,36,3.324236340526027
1064,mmol,38,19,3.9633162998156966
1065,multidisciplinary,38,35,3.3524072174927233
1066,neuropathy,38,21,3.8632328412587142
1067,organ,38,25,3.6888794541139363
1068,plus,38,26,3.649658740960655
1069,procedures,38,28,3.575550768806933
1070,propose,38,37,3.2968373663379125
1071,reward,38,23,3.7722610630529876
1072,sectional,38,35,3.3524072174927233
1073,site,38,25,3.6888794541139363
1074,stability,38,29,3.540459448995663
1075,testing,38,33,3.411247717515657
1076,u,38,31,3.473768074496991
1077,very,38,18,4.017383521085972
1078,visceral,38,23,3.7722610630529876
1079,000,37,24,3.7297014486341915
1080,38,37,34,3.3813947543659757
1081,51,37,33,3.411247717515657
1082,86,37,36,3.324236340526027
1083,behavioral,37,26,3.649658740960655
1084,broader,37,34,3.3813947543659757
1085,candidate,37,31,3.473768074496991
1086,capacity,37,30,3.506557897319982
1087,commonly,37,35,3.3524072174927233
1088,comparing,37,36,3.324236340526027
1089,confounding,37,34,3.3813947543659757
1090,decrease,37,30,3.506557897319982
1091,directly,37,33,3.411247717515657
1092,experienced,37,32,3.4420193761824107
1093,five,37,31,3.473768074496991
1094,i2,37,14,4.268697949366879
1095,information,37,32,3.4420193761824107
1096,interest,37,36,3.324236340526027
1097,investigate,37,36,3.324236340526027
1098,mixed,37,36,3.324236340526027
1099,particular,37,36,3.324236340526027
1100,public,37,32,3.4420193761824107
1101,serious,37,34,3.3813947543659757
1102,accompanied,36,34,3.3813947543659757
1103,aims,36,35,3.3524072174927233
1104,attention,36,35,3.3524072174927233
1105,biology,36,31,3.473768074496991
1106,cases,36,28,3.575550768806933
1107,date,36,32,3.4420193761824107
1108,diagnosed,36,30,3.506557897319982
1109,dkd,36,10,4.605170185988092
1110,explore,36,35,3.3524072174927233
1111,formulations,36,26,3.649658740960655
1112,generation,36,28,3.575550768806933
1113,implementation,36,31,3.473768074496991
1114,longer,36,35,3.3524072174927233
1115,managing,36,34,3.3813947543659757
1116,modulating,36,34,3.3813947543659757
1117,now,36,35,3.3524072174927233
1118,poorly,36,35,3.3524072174927233
1119,relevance,36,35,3.3524072174927233
1120,subsequent,36,33,3.411247717515657
1121,substantially,36,34,3.3813947543659757
1122,suggested,36,31,3.473768074496991
1123,transformed,36,36,3.324236340526027
1124,urinary,36,23,3.7722610630529876
1125,03,35,32,3.4420193761824107
1126,aes,35,14,4.268697949366879
1127,applied,35,33,3.411247717515657
1128,appropriate,35,33,3.411247717515657
1129,barriers,35,25,3.6888794541139363
1130,calculated,35,35,3.3524072174927233
1131,claims,35,32,3.4420193761824107
1132,exert,35,33,3.411247717515657
1133,hazards,35,29,3.540459448995663
1134,hrs,35,27,3.611918412977808
1135,ischemic,35,22,3.816712825623821
1136,knowledge,35,27,3.611918412977808
1137,label,35,28,3.575550768806933
1138,led,35,29,3.540459448995663
1139,linking,35,34,3.3813947543659757
1140,nutrition,35,26,3.649658740960655
1141,old,35,34,3.3813947543659757
1142,options,35,34,3.3813947543659757
1143,peptides,35,21,3.8632328412587142
1144,point,35,24,3.7297014486341915
1145,prevalent,35,35,3.3524072174927233
1146,promote,35,34,3.3813947543659757
1147,reproductive,35,18,4.017383521085972
1148,supplementation,35,21,3.8632328412587142
1149,systematically,35,35,3.3524072174927233
1150,thereby,35,32,3.4420193761824107
1151,understood,35,35,3.3524072174927233
1152,visits,35,20,3.912023005428146
1153,warranted,35,33,3.411247717515657
1154,white,35,22,3.816712825623821
1155,93,34,31,3.473768074496991
1156,adiposity,34,29,3.540459448995663
1157,adjunct,34,27,3.611918412977808
1158,antagonists,34,30,3.506557897319982
1159,barrier,34,25,3.6888794541139363
1160,basal,34,25,3.6888794541139363
1161,center,34,27,3.611918412977808
1162,cis,34,33,3.411247717515657
1163,clinicians,34,29,3.540459448995663
1164,condition,34,30,3.506557897319982
1165,conventional,34,27,3.611918412977808
1166,dosing,34,26,3.649658740960655
1167,engagement,34,21,3.8632328412587142
1168,excluded,34,33,3.411247717515657
1169,exendin,34,19,3.9633162998156966
1170,focused,34,34,3.3813947543659757
1171,notably,34,34,3.3813947543659757
1172,number,34,33,3.411247717515657
1173,persistence,34,17,4.074541934925921
1174,practical,34,34,3.3813947543659757
1175,providing,34,32,3.4420193761824107
1176,side,34,30,3.506557897319982
1177,strength,34,23,3.7722610630529876
1178,06,33,26,3.649658740960655
1179,2021,33,29,3.540459448995663
1180,administered,33,30,3.506557897319982
1181,aim,33,33,3.411247717515657
1182,altered,33,32,3.4420193761824107
1183,alzheimer,33,18,4.017383521085972
1184,area,33,28,3.575550768806933
1185,chinese,33,22,3.816712825623821
1186,continuous,33,32,3.4420193761824107
1187,costs,33,17,4.074541934925921
1188,counseling,33,21,3.8632328412587142
1189,dm,33,10,4.605170185988092
1190,focus,33,33,3.411247717515657
1191,frequent,33,31,3.473768074496991
1192,growth,33,26,3.649658740960655
1193,guided,33,30,3.506557897319982
1194,hemoglobin,33,32,3.4420193761824107
1195,hyperglycemia,33,23,3.7722610630529876
1196,insights,33,32,3.4420193761824107
1197,insurance,33,22,3.816712825623821
1198,integrating,33,32,3.4420193761824107
1199,landscape,33,28,3.575550768806933
1200,metabolites,33,19,3.9633162998156966
1201,next,33,24,3.7297014486341915
1202,previously,33,28,3.575550768806933
1203,promoting,33,31,3.473768074496991
1204,summarizes,33,32,3.4420193761824107
1205,timing,33,26,3.649658740960655
1206,treat,33,32,3.4420193761824107
1207,99,32,26,3.649658740960655
1208,achieving,32,24,3.7297014486341915
1209,acids,32,24,3.7297014486341915
1210,better,32,31,3.473768074496991
1211,camp,32,20,3.912023005428146
1212,collectively,32,32,3.4420193761824107
1213,complication,32,31,3.473768074496991
1214,confirm,32,32,3.4420193761824107
1215,coverage,32,16,4.135166556742356
1216,documented,32,22,3.816712825623821
1217,enrolled,32,28,3.575550768806933
1218,faers,32,13,4.3428059215206005
1219,fibrillation,32,22,3.816712825623821
1220,frequency,32,26,3.649658740960655
1221,guide,32,32,3.4420193761824107
1222,hs,32,8,4.8283137373023015
1223,infection,32,23,3.7722610630529876
1224,intolerance,32,19,3.9633162998156966
1225,larger,32,31,3.473768074496991
1226,living,32,23,3.7722610630529876
1227,men,32,17,4.074541934925921
1228,normal,32,21,3.8632328412587142
1229,pathophysiology,32,29,3.540459448995663
1230,percent,32,24,3.7297014486341915
1231,pharmacotherapies,32,24,3.7297014486341915
1232,pmos,32,6,5.115995809754082
1233,prespecified,32,27,3.611918412977808
1234,recurrence,32,14,4.268697949366879
1235,regain,32,19,3.9633162998156966
1236,resulting,32,31,3.473768074496991
1237,shift,32,32,3.4420193761824107
1238,specifically,32,31,3.473768074496991
1239,steatohepatitis,32,26,3.649658740960655
1240,78,31,28,3.575550768806933
1241,addressing,31,30,3.506557897319982
1242,adjustment,31,24,3.7297014486341915
1243,along,31,26,3.649658740960655
1244,best,31,20,3.912023005428146
1245,conclusions,31,27,3.611918412977808
1246,containing,31,23,3.7722610630529876
1247,dialysis,31,12,4.422848629194137
1248,enhance,31,28,3.575550768806933
1249,fixed,31,22,3.816712825623821
1250,flow,31,23,3.7722610630529876
1251,general,31,29,3.540459448995663
1252,glomerular,31,27,3.611918412977808
1253,guidance,31,24,3.7297014486341915
1254,infarction,31,26,3.649658740960655
1255,initial,31,29,3.540459448995663
1256,mental,31,20,3.912023005428146
1257,mouse,31,24,3.7297014486341915
1258,noise,31,7,4.961845129926823
1259,ongoing,31,26,3.649658740960655
1260,predicted,31,22,3.816712825623821
1261,recently,31,29,3.540459448995663
1262,reference,31,21,3.8632328412587142
1263,registered,31,29,3.540459448995663
1264,series,31,17,4.074541934925921
1265,supported,31,28,3.575550768806933
1266,t,31,22,3.816712825623821
1267,therapeutics,31,26,3.649658740960655
1268,article,30,30,3.506557897319982
1269,atherosclerotic,30,24,3.7297014486341915
1270,behaviors,30,21,3.8632328412587142
1271,bile,30,18,4.017383521085972
1272,bioavailability,30,19,3.9633162998156966
1273,challenge,30,29,3.540459448995663
1274,circumference,30,22,3.816712825623821
1275,collaborative,30,30,3.506557897319982
1276,complete,30,26,3.649658740960655
1277,define,30,29,3.540459448995663
1278,diverse,30,30,3.506557897319982
1279,emergency,30,24,3.7297014486341915
1280,especially,30,29,3.540459448995663
1281,fewer,30,26,3.649658740960655
1282,greatest,30,27,3.611918412977808
1283,guideline,30,21,3.8632328412587142
1284,iii,30,27,3.611918412977808
1285,inception,30,30,3.506557897319982
1286,indicating,30,29,3.540459448995663
1287,isolated,30,20,3.912023005428146
1288,joint,30,17,4.074541934925921
1289,mild,30,25,3.6888794541139363
1290,oa,30,6,5.115995809754082
1291,online,30,21,3.8632328412587142
1292,performance,30,21,3.8632328412587142
1293,pharmacologic,30,27,3.611918412977808
1294,possible,30,29,3.540459448995663
1295,program,30,22,3.816712825623821
1296,prospero,30,30,3.506557897319982
1297,rare,30,28,3.575550768806933
1298,requires,30,28,3.575550768806933
1299,reviewed,30,28,3.575550768806933
1300,screened,30,28,3.575550768806933
1301,steatosis,30,22,3.816712825623821
1302,suicide,30,7,4.961845129926823
1303,synthesizes,30,30,3.506557897319982
1304,traditional,30,26,3.649658740960655
1305,triglycerides,30,22,3.816712825623821
1306,unique,30,26,3.649658740960655
1307,various,30,29,3.540459448995663
1308,vitamin,30,15,4.199705077879927
1309,2020,29,27,3.611918412977808
1310,actions,29,27,3.611918412977808
1311,articles,29,19,3.9633162998156966
1312,aspiration,29,12,4.422848629194137
1313,basis,29,26,3.649658740960655
1314,behavior,29,20,3.912023005428146
1315,broad,29,24,3.7297014486341915
1316,causality,29,26,3.649658740960655
1317,decision,29,25,3.6888794541139363
1318,demonstrating,29,28,3.575550768806933
1319,experience,29,27,3.611918412977808
1320,full,29,20,3.912023005428146
1321,ghrelin,29,13,4.3428059215206005
1322,if,29,22,3.816712825623821
1323,ii,29,24,3.7297014486341915
1324,integration,29,27,3.611918412977808
1325,inverse,29,25,3.6888794541139363
1326,line,29,24,3.7297014486341915
1327,making,29,27,3.611918412977808
1328,nausea,29,27,3.611918412977808
1329,pathological,29,23,3.7722610630529876
1330,prisma,29,27,3.611918412977808
1331,product,29,19,3.9633162998156966
1332,proposed,29,26,3.649658740960655
1333,randomly,29,18,4.017383521085972
1334,rapidly,29,29,3.540459448995663
1335,receive,29,25,3.6888794541139363
1336,same,29,28,3.575550768806933
1337,spectrum,29,24,3.7297014486341915
1338,terms,29,25,3.6888794541139363
1339,thyroid,29,17,4.074541934925921
1340,transplant,29,13,4.3428059215206005
1341,transporter,29,25,3.6888794541139363
1342,variable,29,26,3.649658740960655
1343,a1c,28,24,3.7297014486341915
1344,airway,28,14,4.268697949366879
1345,angiotensin,28,27,3.611918412977808
1346,antipsychotic,28,9,4.710530701645918
1347,become,28,28,3.575550768806933
1348,chain,28,24,3.7297014486341915
1349,compounds,28,16,4.135166556742356
1350,contemporary,28,24,3.7297014486341915
1351,content,28,19,3.9633162998156966
1352,databases,28,26,3.649658740960655
1353,diagnostic,28,23,3.7722610630529876
1354,directed,28,25,3.6888794541139363
1355,dynamics,28,24,3.7297014486341915
1356,dysregulation,28,26,3.649658740960655
1357,excess,28,26,3.649658740960655
1358,family,28,21,3.8632328412587142
1359,glp1r,28,13,4.3428059215206005
1360,hospital,28,24,3.7297014486341915
1361,indicate,28,28,3.575550768806933
1362,indicated,28,28,3.575550768806933
1363,logistic,28,27,3.611918412977808
1364,neuroprotective,28,20,3.912023005428146
1365,offers,28,28,3.575550768806933
1366,pairs,28,20,3.912023005428146
1367,phenotypes,28,25,3.6888794541139363
1368,poor,28,28,3.575550768806933
1369,progressive,28,27,3.611918412977808
1370,provided,28,27,3.611918412977808
1371,pyy,28,15,4.199705077879927
1372,recommend,28,12,4.422848629194137
1373,revision,28,14,4.268697949366879
1374,rgc,28,4,5.521460917862246
1375,roles,28,23,3.7722610630529876
1376,ror,28,9,4.710530701645918
1377,signal,28,22,3.816712825623821
1378,significance,28,26,3.649658740960655
1379,treating,28,23,3.7722610630529876
1380,unknown,28,28,3.575550768806933
1381,waist,28,21,3.8632328412587142
1382,work,28,25,3.6888794541139363
1383,worldwide,28,27,3.611918412977808
1384,y,28,25,3.6888794541139363
1385,09,27,22,3.816712825623821
1386,agent,27,24,3.7297014486341915
1387,amino,27,19,3.9633162998156966
1388,ampk,27,22,3.816712825623821
1389,anxiety,27,15,4.199705077879927
1390,blind,27,27,3.611918412977808
1391,ca2,27,7,4.961845129926823
1392,cardio,27,18,4.017383521085972
1393,concentration,27,22,3.816712825623821
1394,evolving,27,26,3.649658740960655
1395,extend,27,26,3.649658740960655
1396,extracted,27,27,3.611918412977808
1397,features,27,26,3.649658740960655
1398,fold,27,22,3.816712825623821
1399,hair,27,5,5.298317366548036
1400,incremental,27,19,3.9633162998156966
1401,indications,27,27,3.611918412977808
1402,informed,27,24,3.7297014486341915
1403,initiators,27,14,4.268697949366879
1404,injection,27,14,4.268697949366879
1405,integrity,27,23,3.7722610630529876
1406,involved,27,27,3.611918412977808
1407,kaplan,27,22,3.816712825623821
1408,linear,27,26,3.649658740960655
1409,meier,27,22,3.816712825623821
1410,million,27,20,3.912023005428146
1411,modifying,27,24,3.7297014486341915
1412,molecule,27,19,3.9633162998156966
1413,m²,27,18,4.017383521085972
1414,neural,27,19,3.9633162998156966
1415,neuropsychiatric,27,12,4.422848629194137
1416,nlrp3,27,20,3.912023005428146
1417,nutrient,27,22,3.816712825623821
1418,objective,27,27,3.611918412977808
1419,off,27,20,3.912023005428146
1420,optic,27,14,4.268697949366879
1421,physicians,27,13,4.3428059215206005
1422,prediabetes,27,12,4.422848629194137
1423,psychological,27,14,4.268697949366879
1424,questions,27,26,3.649658740960655
1425,sample,27,26,3.649658740960655
1426,second,27,24,3.7297014486341915
1427,selective,27,24,3.7297014486341915
1428,setting,27,25,3.6888794541139363
1429,social,27,22,3.816712825623821
1430,statistical,27,24,3.7297014486341915
1431,withdrawal,27,16,4.135166556742356
1432,acdf,26,5,5.298317366548036
1433,adjunctive,26,21,3.8632328412587142
1434,assigned,26,16,4.135166556742356
1435,cannot,26,26,3.649658740960655
1436,dedicated,26,23,3.7722610630529876
1437,delayed,26,22,3.816712825623821
1438,disparities,26,10,4.605170185988092
1439,downstream,26,23,3.7722610630529876
1440,endogenous,26,19,3.9633162998156966
1441,field,26,20,3.912023005428146
1442,filtration,26,24,3.7297014486341915
1443,fmt,26,6,5.115995809754082
1444,fully,26,25,3.6888794541139363
1445,hhf,26,6,5.115995809754082
1446,highest,26,23,3.7722610630529876
1447,imaging,26,23,3.7722610630529876
1448,indicates,26,23,3.7722610630529876
1449,islets,26,13,4.3428059215206005
1450,library,26,25,3.6888794541139363
1451,mainly,26,25,3.6888794541139363
1452,marked,26,25,3.6888794541139363
1453,obstructive,26,25,3.6888794541139363
1454,operative,26,9,4.710530701645918
1455,platform,26,20,3.912023005428146
1456,procedure,26,18,4.017383521085972
1457,promise,26,25,3.6888794541139363
1458,rationale,26,24,3.7297014486341915
1459,record,26,24,3.7297014486341915
1460,repair,26,16,4.135166556742356
1461,requirements,26,21,3.8632328412587142
1462,respiratory,26,19,3.9633162998156966
1463,safe,26,25,3.6888794541139363
1464,select,26,14,4.268697949366879
1465,taking,26,19,3.9633162998156966
1466,utility,26,22,3.816712825623821
1467,water,26,12,4.422848629194137
1468,achieve,25,25,3.6888794541139363
1469,activated,25,20,3.912023005428146
1470,akt,25,17,4.074541934925921
1471,albuminuria,25,17,4.074541934925921
1472,analysed,25,22,3.816712825623821
1473,aud,25,6,5.115995809754082
1474,carcinoma,25,21,3.8632328412587142
1475,characterize,25,24,3.7297014486341915
1476,china,25,12,4.422848629194137
1477,clarify,25,24,3.7297014486341915
1478,collected,25,24,3.7297014486341915
1479,combining,25,22,3.816712825623821
1480,contributes,25,24,3.7297014486341915
1481,cp,25,4,5.521460917862246
1482,deficiency,25,15,4.199705077879927
1483,demographic,25,21,3.8632328412587142
1484,eight,25,24,3.7297014486341915
1485,eligibility,25,17,4.074541934925921
1486,escalation,25,19,3.9633162998156966
1487,expanding,25,24,3.7297014486341915
1488,formulation,25,17,4.074541934925921
1489,functions,25,23,3.7722610630529876
1490,gap,25,24,3.7297014486341915
1491,head,25,11,4.509860006183766
1492,hoc,25,17,4.074541934925921
1493,inclusion,25,24,3.7297014486341915
1494,injectable,25,17,4.074541934925921
1495,insufficient,25,25,3.6888794541139363
1496,lack,25,24,3.7297014486341915
1497,ldl,25,17,4.074541934925921
1498,markedly,25,25,3.6888794541139363
1499,mediation,25,17,4.074541934925921
1500,medicare,25,14,4.268697949366879
1501,modern,25,16,4.135166556742356
1502,negative,25,23,3.7722610630529876
1503,optimization,25,22,3.816712825623821
1504,preliminary,25,24,3.7297014486341915
1505,prescriptions,25,17,4.074541934925921
1506,presence,25,19,3.9633162998156966
1507,probability,25,23,3.7722610630529876
1508,recovery,25,18,4.017383521085972
1509,rygb,25,9,4.710530701645918
1510,settings,25,21,3.8632328412587142
1511,sg,25,8,4.8283137373023015
1512,superior,25,24,3.7297014486341915
1513,them,25,24,3.7297014486341915
1514,then,25,25,3.6888794541139363
1515,thus,25,24,3.7297014486341915
1516,trend,25,25,3.6888794541139363
1517,tumor,25,14,4.268697949366879
1518,120,24,15,4.199705077879927
1519,affects,24,24,3.7297014486341915
1520,alterations,24,18,4.017383521085972
1521,animal,24,20,3.912023005428146
1522,application,24,23,3.7722610630529876
1523,approval,24,21,3.8632328412587142
1524,ascvd,24,9,4.710530701645918
1525,asian,24,14,4.268697949366879
1526,balanced,24,23,3.7722610630529876
1527,candidates,24,21,3.8632328412587142
1528,covariates,24,22,3.816712825623821
1529,critically,24,24,3.7297014486341915
1530,db,24,6,5.115995809754082
1531,emphasis,24,24,3.7297014486341915
1532,epithelial,24,15,4.199705077879927
1533,esge,24,1,6.907755278982137
1534,focusing,24,24,3.7297014486341915
1535,ibd,24,4,5.521460917862246
1536,inform,24,21,3.8632328412587142
1537,males,24,17,4.074541934925921
1538,mechanical,24,12,4.422848629194137
1539,memory,24,11,4.509860006183766
1540,might,24,22,3.816712825623821
1541,mineralocorticoid,24,24,3.7297014486341915
1542,modulators,24,22,3.816712825623821
1543,neuroinflammation,24,17,4.074541934925921
1544,newly,24,18,4.017383521085972
1545,pharmacology,24,22,3.816712825623821
1546,pharmacovigilance,24,18,4.017383521085972
1547,pr,24,2,6.214608098422191
1548,presented,24,23,3.7722610630529876
1549,preserving,24,23,3.7722610630529876
1550,pro,24,21,3.8632328412587142
1551,reduces,24,23,3.7722610630529876
1552,reflect,24,23,3.7722610630529876
1553,regulating,24,23,3.7722610630529876
1554,remission,24,12,4.422848629194137
1555,sarcopenia,24,15,4.199705077879927
1556,serve,24,23,3.7722610630529876
1557,subsequently,24,24,3.7297014486341915
1558,substance,24,15,4.199705077879927
1559,uptake,24,15,4.199705077879927
1560,user,24,23,3.7722610630529876
1561,ventricular,24,13,4.3428059215206005
1562,vomiting,24,22,3.816712825623821
1563,whom,24,24,3.7297014486341915
1564,worsening,24,15,4.199705077879927
1565,wound,24,16,4.135166556742356
1566,affect,23,23,3.7722610630529876
1567,analogs,23,13,4.3428059215206005
1568,apnea,23,19,3.9633162998156966
1569,artery,23,15,4.199705077879927
1570,assessments,23,20,3.912023005428146
1571,carbohydrate,23,9,4.710530701645918
1572,cessation,23,13,4.3428059215206005
1573,challenging,23,23,3.7722610630529876
1574,comprising,23,23,3.7722610630529876
1575,conclusion,23,23,3.7722610630529876
1576,consensus,23,15,4.199705077879927
1577,consequences,23,19,3.9633162998156966
1578,curve,23,20,3.912023005428146
1579,de,23,16,4.135166556742356
1580,designed,23,23,3.7722610630529876
1581,detection,23,12,4.422848629194137
1582,digital,23,10,4.605170185988092
1583,docking,23,15,4.199705077879927
1584,ecnoglutide,23,4,5.521460917862246
1585,esgena,23,1,6.907755278982137
1586,evaluates,23,23,3.7722610630529876
1587,females,23,16,4.135166556742356
1588,finally,23,22,3.816712825623821
1589,foods,23,16,4.135166556742356
1590,gdm,23,2,6.214608098422191
1591,generated,23,22,3.816712825623821
1592,glycated,23,23,3.7722610630529876
1593,indication,23,18,4.017383521085972
1594,induce,23,23,3.7722610630529876
1595,laboratory,23,21,3.8632328412587142
1596,link,23,21,3.8632328412587142
1597,lipoprotein,23,12,4.422848629194137
1598,method,23,18,4.017383521085972
1599,modulate,23,23,3.7722610630529876
1600,nt,23,8,4.8283137373023015
1601,open,23,22,3.816712825623821
1602,option,23,22,3.816712825623821
1603,pathophysiological,23,22,3.816712825623821
1604,predictors,23,18,4.017383521085972
1605,pregnancy,23,11,4.509860006183766
1606,prolonged,23,18,4.017383521085972
1607,pseudarthrosis,23,7,4.961845129926823
1608,r,23,15,4.199705077879927
1609,reactive,23,22,3.816712825623821
1610,recommendation,23,4,5.521460917862246
1611,requiring,23,22,3.816712825623821
1612,resulted,23,23,3.7722610630529876
1613,satiety,23,14,4.268697949366879
1614,sedation,23,6,5.115995809754082
1615,structure,23,18,4.017383521085972
1616,survodutide,23,5,5.298317366548036
1617,temporal,23,22,3.816712825623821
1618,transcriptional,23,17,4.074541934925921
1619,translation,23,20,3.912023005428146
1620,07,22,20,3.912023005428146
1621,2019,22,14,4.268697949366879
1622,2i,22,8,4.8283137373023015
1623,bodyweight,22,7,4.961845129926823
1624,conceptual,22,19,3.9633162998156966
1625,concomitant,22,21,3.8632328412587142
1626,decisions,22,19,3.9633162998156966
1627,demonstrates,22,22,3.816712825623821
1628,density,22,19,3.9633162998156966
1629,department,22,17,4.074541934925921
1630,descriptive,22,19,3.9633162998156966
1631,detected,22,19,3.9633162998156966
1632,discontinued,22,17,4.074541934925921
1633,discovery,22,16,4.135166556742356
1634,distribution,22,19,3.9633162998156966
1635,disturbances,22,20,3.912023005428146
1636,driver,22,22,3.816712825623821
1637,dyslipidemia,22,21,3.8632328412587142
1638,employed,22,21,3.8632328412587142
1639,enhancing,22,20,3.912023005428146
1640,even,22,21,3.8632328412587142
1641,examining,22,21,3.8632328412587142
1642,expenditure,22,16,4.135166556742356
1643,finerenone,22,11,4.509860006183766
1644,gcgr,22,6,5.115995809754082
1645,genes,22,16,4.135166556742356
1646,gi,22,10,4.605170185988092
1647,half,22,18,4.017383521085972
1648,homa,22,12,4.422848629194137
1649,identifying,22,21,3.8632328412587142
1650,intensification,22,10,4.605170185988092
1651,iqr,22,10,4.605170185988092
1652,ir,22,13,4.3428059215206005
1653,language,22,17,4.074541934925921
1654,largest,22,18,4.017383521085972
1655,lead,22,19,3.9633162998156966
1656,lung,22,9,4.710530701645918
1657,manner,22,20,3.912023005428146
1658,march,22,22,3.816712825623821
1659,medicines,22,10,4.605170185988092
1660,mm,22,12,4.422848629194137
1661,moreover,22,20,3.912023005428146
1662,musculoskeletal,22,15,4.199705077879927
1663,neurons,22,10,4.605170185988092
1664,pathology,22,18,4.017383521085972
1665,perspective,22,21,3.8632328412587142
1666,pharmacokinetic,22,16,4.135166556742356
1667,pharmacokinetics,22,17,4.074541934925921
1668,potent,22,22,3.816712825623821
1669,processes,22,20,3.912023005428146
1670,qaly,22,6,5.115995809754082
1671,reactions,22,9,4.710530701645918
1672,restricted,22,19,3.9633162998156966
1673,senescence,22,10,4.605170185988092
1674,set,22,15,4.199705077879927
1675,studied,22,22,3.816712825623821
1676,suppressed,22,20,3.912023005428146
1677,synthesized,22,21,3.8632328412587142
1678,systolic,22,17,4.074541934925921
1679,tested,22,21,3.8632328412587142
1680,thresholds,22,16,4.135166556742356
1681,tzp,22,3,5.809142990314028
1682,western,22,19,3.9633162998156966
1683,1s,21,6,5.115995809754082
1684,abnormalities,21,18,4.017383521085972
1685,add,21,16,4.135166556742356
1686,adequate,21,20,3.912023005428146
1687,affected,21,20,3.912023005428146
1688,base,21,19,3.9633162998156966
1689,classification,21,15,4.199705077879927
1690,classified,21,18,4.017383521085972
1691,component,21,20,3.912023005428146
1692,contributing,21,21,3.8632328412587142
1693,crosstalk,21,17,4.074541934925921
1694,cumulative,21,19,3.9633162998156966
1695,damage,21,18,4.017383521085972
1696,degradation,21,18,4.017383521085972
1697,demographics,21,21,3.8632328412587142
1698,determinants,21,18,4.017383521085972
1699,ea,21,2,6.214608098422191
1700,education,21,18,4.017383521085972
1701,enteroendocrine,21,15,4.199705077879927
1702,exposed,21,16,4.135166556742356
1703,fed,21,14,4.268697949366879
1704,ferroptosis,21,7,4.961845129926823
1705,final,21,19,3.9633162998156966
1706,improves,21,21,3.8632328412587142
1707,inconsistent,21,21,3.8632328412587142
1708,integrates,21,20,3.912023005428146
1709,interpretation,21,19,3.9633162998156966
1710,investigations,21,19,3.9633162998156966
1711,kinase,21,17,4.074541934925921
1712,knee,21,12,4.422848629194137
1713,make,21,12,4.422848629194137
1714,media,21,14,4.268697949366879
1715,mi,21,5,5.298317366548036
1716,micronutrient,21,10,4.605170185988092
1717,newer,21,20,3.912023005428146
1718,optimize,21,20,3.912023005428146
1719,out,21,19,3.9633162998156966
1720,parallel,21,21,3.8632328412587142
1721,peak,21,16,4.135166556742356
1722,ph,21,5,5.298317366548036
1723,predictive,21,12,4.422848629194137
1724,process,21,20,3.912023005428146
1725,pwh,21,5,5.298317366548036
1726,smd,21,7,4.961845129926823
1727,stigma,21,12,4.422848629194137
1728,summarize,21,21,3.8632328412587142
1729,suppressing,21,21,3.8632328412587142
1730,tool,21,21,3.8632328412587142
1731,tools,21,21,3.8632328412587142
1732,training,21,13,4.3428059215206005
1733,trajectory,21,17,4.074541934925921
1734,values,21,20,3.912023005428146
1735,visual,21,8,4.8283137373023015
1736,would,21,21,3.8632328412587142
1737,08,20,18,4.017383521085972
1738,200,20,10,4.605170185988092
1739,2018,20,17,4.074541934925921
1740,abca1,20,3,5.809142990314028
1741,abundance,20,17,4.074541934925921
1742,assessing,20,19,3.9633162998156966
1743,average,20,17,4.074541934925921
1744,beneficiaries,20,5,5.298317366548036
1745,centered,20,19,3.9633162998156966
1746,codes,20,17,4.074541934925921
1747,components,20,18,4.017383521085972
1748,corresponding,20,19,3.9633162998156966
1749,coupled,20,18,4.017383521085972
1750,crp,20,9,4.710530701645918
1751,describe,20,20,3.912023005428146
1752,device,20,15,4.199705077879927
1753,diastolic,20,14,4.268697949366879
1754,differentiation,20,13,4.3428059215206005
1755,discussed,20,18,4.017383521085972
1756,domains,20,17,4.074541934925921
1757,dpn,20,3,5.809142990314028
1758,drive,20,20,3.912023005428146
1759,durable,20,18,4.017383521085972
1760,endoscopy,20,6,5.115995809754082
1761,epigenetic,20,13,4.3428059215206005
1762,fi,20,2,6.214608098422191
1763,hip,20,13,4.3428059215206005
1764,ibs,20,2,6.214608098422191
1765,july,20,19,3.9633162998156966
1766,lps,20,11,4.509860006183766
1767,metrics,20,13,4.3428059215206005
1768,modified,20,13,4.3428059215206005
1769,neurodegenerative,20,14,4.268697949366879
1770,occurring,20,19,3.9633162998156966
1771,osteoarthritis,20,17,4.074541934925921
1772,oud,20,6,5.115995809754082
1773,oxygen,20,13,4.3428059215206005
1774,paradigm,20,19,3.9633162998156966
1775,part,20,17,4.074541934925921
1776,partially,20,19,3.9633162998156966
1777,prediction,20,14,4.268697949366879
1778,preservation,20,20,3.912023005428146
1779,processing,20,14,4.268697949366879
1780,producing,20,20,3.912023005428146
1781,quantitative,20,19,3.9633162998156966
1782,raised,20,20,3.912023005428146
1783,rd,20,8,4.8283137373023015
1784,recurrent,20,18,4.017383521085972
1785,regimen,20,12,4.422848629194137
1786,relatively,20,20,3.912023005428146
1787,renin,20,20,3.912023005428146
1788,sensing,20,14,4.268697949366879
1789,size,20,20,3.912023005428146
1790,stimulated,20,15,4.199705077879927
1791,stimulation,20,13,4.3428059215206005
1792,symptom,20,14,4.268697949366879
1793,thiazolidinediones,20,14,4.268697949366879
1794,tissues,20,15,4.199705077879927
1795,tubular,20,7,4.961845129926823
1796,until,20,20,3.912023005428146
1797,upper,20,13,4.3428059215206005
1798,variability,20,18,4.017383521085972
1799,variables,20,16,4.135166556742356
1800,yielded,20,20,3.912023005428146
1801,aesthetic,19,6,5.115995809754082
1802,affecting,19,19,3.9633162998156966
1803,alpha,19,7,4.961845129926823
1804,analytical,19,12,4.422848629194137
1805,anterior,19,16,4.135166556742356
1806,appears,19,18,4.017383521085972
1807,ba,19,3,5.809142990314028
1808,calcium,19,18,4.017383521085972
1809,cerebrovascular,19,13,4.3428059215206005
1810,clear,19,18,4.017383521085972
1811,cm,19,10,4.605170185988092
1812,communication,19,15,4.199705077879927
1813,comparators,19,15,4.199705077879927
1814,contribution,19,17,4.074541934925921
1815,core,19,17,4.074541934925921
1816,delay,19,17,4.074541934925921
1817,domain,19,13,4.3428059215206005
1818,effectively,19,18,4.017383521085972
1819,emphasizing,19,19,3.9633162998156966
1820,encompassing,19,19,3.9633162998156966
1821,expected,19,17,4.074541934925921
1822,explored,19,19,3.9633162998156966
1823,expressed,19,13,4.3428059215206005
1824,favourable,19,18,4.017383521085972
1825,gastrectomy,19,14,4.268697949366879
1826,gene,19,17,4.074541934925921
1827,hcc,19,8,4.8283137373023015
1828,hemodynamic,19,16,4.135166556742356
1829,humans,19,15,4.199705077879927
1830,hypothalamic,19,14,4.268697949366879
1831,icd,19,17,4.074541934925921
1832,inhibitory,19,18,4.017383521085972
1833,learning,19,14,4.268697949366879
1834,leptin,19,14,4.268697949366879
1835,m,19,12,4.422848629194137
1836,measurement,19,15,4.199705077879927
1837,metabolomic,19,9,4.710530701645918
1838,mitigate,19,18,4.017383521085972
1839,must,19,18,4.017383521085972
1840,nearly,19,18,4.017383521085972
1841,obtained,19,18,4.017383521085972
1842,offering,19,19,3.9633162998156966
1843,partial,19,16,4.135166556742356
1844,pattern,19,18,4.017383521085972
1845,physiology,19,15,4.199705077879927
1846,policy,19,16,4.135166556742356
1847,preferred,19,18,4.017383521085972
1848,priorities,19,19,3.9633162998156966
1849,protocol,19,17,4.074541934925921
1850,publication,19,14,4.268697949366879
1851,retinopathy,19,9,4.710530701645918
1852,smi,19,3,5.809142990314028
1853,threshold,19,17,4.074541934925921
1854,unchanged,19,18,4.017383521085972
1855,united,19,16,4.135166556742356
1856,vary,19,18,4.017383521085972
1857,weighting,19,17,4.074541934925921
1858,what,19,17,4.074541934925921
1859,180,18,13,4.3428059215206005
1860,absence,18,18,4.017383521085972
1861,account,18,18,4.017383521085972
1862,act,18,17,4.074541934925921
1863,additive,18,15,4.199705077879927
1864,appeared,18,15,4.199705077879927
1865,arm,18,14,4.268697949366879
1866,around,18,17,4.074541934925921
1867,arthroplasty,18,15,4.199705077879927
1868,august,18,18,4.017383521085972
1869,biliary,18,5,5.298317366548036
1870,bowel,18,8,4.8283137373023015
1871,breast,18,9,4.710530701645918
1872,cardioprotective,18,12,4.422848629194137
1873,cervical,18,7,4.961845129926823
1874,compound,18,10,4.605170185988092
1875,confer,18,18,4.017383521085972
1876,confirmation,18,18,4.017383521085972
1877,convergence,18,16,4.135166556742356
1878,creatinine,18,15,4.199705077879927
1879,crossover,18,17,4.074541934925921
1880,da,18,3,5.809142990314028
1881,described,18,17,4.074541934925921
1882,developing,18,17,4.074541934925921
1883,endoscopic,18,13,4.3428059215206005
1884,er,18,6,5.115995809754082
1885,experiments,18,16,4.135166556742356
1886,fecal,18,12,4.422848629194137
1887,glargine,18,8,4.8283137373023015
1888,glp1ra,18,6,5.115995809754082
1889,hfd,18,5,5.298317366548036
1890,hscrp,18,4,5.521460917862246
1891,https,18,16,4.135166556742356
1892,icosema,18,3,5.809142990314028
1893,infusion,18,8,4.8283137373023015
1894,intensity,18,13,4.3428059215206005
1895,international,18,18,4.017383521085972
1896,main,18,18,4.017383521085972
1897,methodological,18,16,4.135166556742356
1898,mrna,18,13,4.3428059215206005
1899,nvamd,18,1,6.907755278982137
1900,occur,18,18,4.017383521085972
1901,occurrence,18,15,4.199705077879927
1902,october,18,15,4.199705077879927
1903,outline,18,18,4.017383521085972
1904,ovary,18,14,4.268697949366879
1905,phenotyping,18,16,4.135166556742356
1906,pk,18,8,4.8283137373023015
1907,pka,18,10,4.605170185988092
1908,play,18,18,4.017383521085972
1909,preventing,18,17,4.074541934925921
1910,priority,18,14,4.268697949366879
1911,profiling,18,14,4.268697949366879
1912,programs,18,17,4.074541934925921
1913,proteins,18,17,4.074541934925921
1914,questionnaire,18,17,4.074541934925921
1915,re,18,12,4.422848629194137
1916,readmission,18,12,4.422848629194137
1917,replacement,18,18,4.017383521085972
1918,resistant,18,11,4.509860006183766
1919,resolution,18,14,4.268697949366879
1920,restriction,18,13,4.3428059215206005
1921,retention,18,15,4.199705077879927
1922,rna,18,13,4.3428059215206005
1923,seven,18,18,4.017383521085972
1924,showing,18,18,4.017383521085972
1925,similarly,18,17,4.074541934925921
1926,sirt1,18,11,4.509860006183766
1927,sleeve,18,15,4.199705077879927
1928,socioeconomic,18,11,4.509860006183766
1929,synthesize,18,18,4.017383521085972
1930,tka,18,4,5.521460917862246
1931,tnf,18,14,4.268697949366879
1932,transplantation,18,14,4.268697949366879
1933,twenty,18,18,4.017383521085972
1934,utilized,18,17,4.074541934925921
1935,washout,18,12,4.422848629194137
1936,κb,18,11,4.509860006183766
1937,1a,17,6,5.115995809754082
1938,above,17,15,4.199705077879927
1939,adenocarcinoma,17,5,5.298317366548036
1940,ai,17,5,5.298317366548036
1941,albumin,17,16,4.135166556742356
1942,below,17,15,4.199705077879927
1943,bioactive,17,12,4.422848629194137
1944,cancers,17,11,4.509860006183766
1945,causes,17,16,4.135166556742356
1946,cirrhosis,17,14,4.268697949366879
1947,combine,17,5,5.298317366548036
1948,depressive,17,9,4.710530701645918
1949,dermatologic,17,9,4.710530701645918
1950,dr,17,4,5.521460917862246
1951,dysphagia,17,7,4.961845129926823
1952,economic,17,9,4.710530701645918
1953,ed,17,8,4.8283137373023015
1954,empagliflozin,17,7,4.961845129926823
1955,equitable,17,14,4.268697949366879
1956,expert,17,12,4.422848629194137
1957,extended,17,12,4.422848629194137
1958,few,17,16,4.135166556742356
1959,finding,17,17,4.074541934925921
1960,hepatocellular,17,16,4.135166556742356
1961,hiv,17,6,5.115995809754082
1962,hospitalisation,17,8,4.8283137373023015
1963,identifier,17,15,4.199705077879927
1964,infections,17,12,4.422848629194137
1965,interleukin,17,13,4.3428059215206005
1966,islet,17,9,4.710530701645918
1967,labeled,17,2,6.214608098422191
1968,lines,17,12,4.422848629194137
1969,little,17,17,4.074541934925921
1970,lost,17,13,4.3428059215206005
1971,macrophages,17,5,5.298317366548036
1972,magnetic,17,16,4.135166556742356
1973,magnitude,17,16,4.135166556742356
1974,mazdutide,17,5,5.298317366548036
1975,medicaid,17,6,5.115995809754082
1976,metabolite,17,14,4.268697949366879
1977,minimal,17,17,4.074541934925921
1978,nf,17,11,4.509860006183766
1979,nine,17,17,4.074541934925921
1980,observations,17,14,4.268697949366879
1981,panel,17,10,4.605170185988092
1982,past,17,17,4.074541934925921
1983,pathogenesis,17,17,4.074541934925921
1984,periods,17,17,4.074541934925921
1985,phosphorylation,17,14,4.268697949366879
1986,pi3k,17,12,4.422848629194137
1987,pivotal,17,15,4.199705077879927
1988,practices,17,12,4.422848629194137
1989,progress,17,17,4.074541934925921
1990,promotes,17,17,4.074541934925921
1991,ranging,17,17,4.074541934925921
1992,recognition,17,15,4.199705077879927
1993,reflux,17,10,4.605170185988092
1994,regimens,17,12,4.422848629194137
1995,regulate,17,17,4.074541934925921
1996,relationships,17,16,4.135166556742356
1997,resmetirom,17,11,4.509860006183766
1998,responsiveness,17,11,4.509860006183766
1999,reveal,17,17,4.074541934925921
2000,reverse,17,13,4.3428059215206005
2001,samples,17,15,4.199705077879927
2002,satisfaction,17,7,4.961845129926823
2003,sensitive,17,13,4.3428059215206005
2004,sequence,17,15,4.199705077879927
2005,shows,17,17,4.074541934925921
2006,species,17,15,4.199705077879927
2007,stiffness,17,11,4.509860006183766
2008,still,17,17,4.074541934925921
2009,strongly,17,17,4.074541934925921
2010,suicidality,17,9,4.710530701645918
2011,uk,17,14,4.268697949366879
2012,venous,17,8,4.8283137373023015
2013,wide,17,13,4.3428059215206005
2014,yy,17,13,4.3428059215206005
2015,1000,16,9,4.710530701645918
2016,2014,16,13,4.3428059215206005
2017,2016,16,15,4.199705077879927
2018,aggregation,16,7,4.961845129926823
2019,alter,16,16,4.135166556742356
2020,appear,16,16,4.135166556742356
2021,areas,16,15,4.199705077879927
2022,assays,16,14,4.268697949366879
2023,auc,16,10,4.605170185988092
2024,bidirectional,16,15,4.199705077879927
2025,black,16,6,5.115995809754082
2026,characterised,16,15,4.199705077879927
2027,cns,16,8,4.8283137373023015
2028,compounded,16,8,4.8283137373023015
2029,considering,16,16,4.135166556742356
2030,conversely,16,15,4.199705077879927
2031,correlated,16,11,4.509860006183766
2032,craving,16,11,4.509860006183766
2033,deficiencies,16,11,4.509860006183766
2034,differential,16,15,4.199705077879927
2035,disrupted,16,15,4.199705077879927
2036,dpp4is,16,7,4.961845129926823
2037,english,16,15,4.199705077879927
2038,ethical,16,7,4.961845129926823
2039,exhibit,16,15,4.199705077879927
2040,february,16,15,4.199705077879927
2041,fluid,16,9,4.710530701645918
2042,haemoglobin,16,14,4.268697949366879
2043,harm,16,13,4.3428059215206005
2044,having,16,12,4.422848629194137
2045,hdl,16,10,4.605170185988092
2046,hispanic,16,6,5.115995809754082
2047,identification,16,14,4.268697949366879
2048,immunometabolic,16,12,4.422848629194137
2049,implicated,16,15,4.199705077879927
2050,importantly,16,16,4.135166556742356
2051,invasive,16,14,4.268697949366879
2052,japan,16,6,5.115995809754082
2053,links,16,16,4.135166556742356
2054,measurements,16,16,4.135166556742356
2055,nad,16,7,4.961845129926823
2056,nervous,16,16,4.135166556742356
2057,neurological,16,12,4.422848629194137
2058,neuronal,16,12,4.422848629194137
2059,ocular,16,7,4.961845129926823
2060,osteoporosis,16,7,4.961845129926823
2061,pancreas,16,10,4.605170185988092
2062,participant,16,10,4.605170185988092
2063,persisted,16,14,4.268697949366879
2064,person,16,12,4.422848629194137
2065,personalized,16,15,4.199705077879927
2066,pharmaceuticals,16,8,4.8283137373023015
2067,pharmacy,16,6,5.115995809754082
2068,phentermine,16,9,4.710530701645918
2069,pioglitazone,16,9,4.710530701645918
2070,polycystic,16,13,4.3428059215206005
2071,polysaccharides,16,7,4.961845129926823
2072,presents,16,14,4.268697949366879
2073,previous,16,15,4.199705077879927
2074,probnp,16,7,4.961845129926823
2075,produce,16,15,4.199705077879927
2076,rat,16,8,4.8283137373023015
2077,repeated,16,16,4.135166556742356
2078,repurposed,16,10,4.605170185988092
2079,resonance,16,15,4.199705077879927
2080,restoring,16,15,4.199705077879927
2081,result,16,16,4.135166556742356
2082,rise,16,15,4.199705077879927
2083,seeking,16,13,4.3428059215206005
2084,sites,16,14,4.268697949366879
2085,strongest,16,16,4.135166556742356
2086,surveillance,16,16,4.135166556742356
2087,synergistic,16,14,4.268697949366879
2088,transition,16,14,4.268697949366879
2089,trends,16,16,4.135166556742356
2090,triglyceride,16,13,4.3428059215206005
2091,types,16,15,4.199705077879927
2092,uncertainty,16,16,4.135166556742356
2093,variants,16,10,4.605170185988092
2094,variation,16,15,4.199705077879927
2095,window,16,13,4.3428059215206005
2096,z,16,7,4.961845129926823
2097,002,15,13,4.3428059215206005
2098,1β,15,12,4.422848629194137
2099,2010,15,14,4.268697949366879
2100,2017,15,13,4.3428059215206005
2101,365,15,9,4.710530701645918
2102,ablation,15,8,4.8283137373023015
2103,adequately,15,14,4.268697949366879
2104,adolescent,15,10,4.605170185988092
2105,ahi,15,4,5.521460917862246
2106,anthropometric,15,11,4.509860006183766
2107,apoptosis,15,14,4.268697949366879
2108,april,15,15,4.199705077879927
2109,arrhythmia,15,5,5.298317366548036
2110,astrocyte,15,7,4.961845129926823
2111,bacterial,15,6,5.115995809754082
2112,billion,15,9,4.710530701645918
2113,bypass,15,13,4.3428059215206005
2114,certain,15,14,4.268697949366879
2115,choice,15,10,4.605170185988092
2116,clinic,15,11,4.509860006183766
2117,closely,15,15,4.199705077879927
2118,coded,15,11,4.509860006183766
2119,colonic,15,11,4.509860006183766
2120,combinations,15,12,4.422848629194137
2121,community,15,9,4.710530701645918
2122,competing,15,9,4.710530701645918
2123,consideration,15,15,4.199705077879927
2124,coordinated,15,13,4.3428059215206005
2125,crc,15,2,6.214608098422191
2126,cue,15,8,4.8283137373023015
2127,cyclic,15,9,4.710530701645918
2128,determined,15,15,4.199705077879927
2129,discharge,15,6,5.115995809754082
2130,disordered,15,11,4.509860006183766
2131,dna,15,13,4.3428059215206005
2132,dynamic,15,13,4.3428059215206005
2133,epidemiological,15,13,4.3428059215206005
2134,esophageal,15,3,5.809142990314028
2135,european,15,11,4.509860006183766
2136,expanded,15,15,4.199705077879927
2137,feasibility,15,8,4.8283137373023015
2138,foundational,15,12,4.422848629194137
2139,fracture,15,6,5.115995809754082
2140,fractures,15,10,4.605170185988092
2141,frailty,15,8,4.8283137373023015
2142,fxr,15,5,5.298317366548036
2143,genetically,15,9,4.710530701645918
2144,gld,15,3,5.809142990314028
2145,google,15,15,4.199705077879927
2146,hidradenitis,15,12,4.422848629194137
2147,host,15,12,4.422848629194137
2148,hypoglycemic,15,11,4.509860006183766
2149,inflammasome,15,13,4.3428059215206005
2150,influences,15,14,4.268697949366879
2151,inpatient,15,9,4.710530701645918
2152,intensive,15,14,4.268697949366879
2153,iron,15,11,4.509860006183766
2154,iv,15,9,4.710530701645918
2155,ketoacidosis,15,11,4.509860006183766
2156,lacking,15,15,4.199705077879927
2157,landmark,15,12,4.422848629194137
2158,local,15,13,4.3428059215206005
2159,macrophage,15,7,4.961845129926823
2160,meet,15,15,4.199705077879927
2161,menopause,15,7,4.961845129926823
2162,microvascular,15,11,4.509860006183766
2163,motility,15,11,4.509860006183766
2164,motivation,15,7,4.961845129926823
2165,nationwide,15,15,4.199705077879927
2166,natural,15,12,4.422848629194137
2167,opportunities,15,14,4.268697949366879
2168,ovarian,15,11,4.509860006183766
2169,predictor,15,11,4.509860006183766
2170,probiotic,15,6,5.115995809754082
2171,psychosocial,15,11,4.509860006183766
2172,publications,15,14,4.268697949366879
2173,quantified,15,15,4.199705077879927
2174,randomization,15,13,4.3428059215206005
2175,ranking,15,10,4.605170185988092
2176,rebound,15,4,5.521460917862246
2177,recipients,15,8,4.8283137373023015
2178,recommended,15,12,4.422848629194137
2179,regardless,15,11,4.509860006183766
2180,regulator,15,14,4.268697949366879
2181,reprogramming,15,13,4.3428059215206005
2182,restoration,15,11,4.509860006183766
2183,reviewers,15,15,4.199705077879927
2184,right,15,7,4.961845129926823
2185,scientific,15,13,4.3428059215206005
2186,she,15,6,5.115995809754082
2187,si,15,3,5.809142990314028
2188,solid,15,12,4.422848629194137
2189,stages,15,14,4.268697949366879
2190,sting,15,4,5.521460917862246
2191,success,15,15,4.199705077879927
2192,suicidal,15,8,4.8283137373023015
2193,summary,15,14,4.268697949366879
2194,suppurativa,15,12,4.422848629194137
2195,switching,15,7,4.961845129926823
2196,testosterone,15,5,5.298317366548036
2197,tgr5,15,8,4.8283137373023015
2198,thrombosis,15,11,4.509860006183766
2199,transient,15,14,4.268697949366879
2200,understand,15,15,4.199705077879927
2201,upf,15,2,6.214608098422191
2202,upregulated,15,12,4.422848629194137
2203,upstream,15,14,4.268697949366879
2204,vulnerability,15,10,4.605170185988092
2205,woman,15,14,4.268697949366879
2206,young,15,9,4.710530701645918
2207,00001,14,4,5.521460917862246
2208,2013,14,12,4.422848629194137
2209,2015,14,13,4.3428059215206005
2210,abdominal,14,8,4.8283137373023015
2211,ability,14,14,4.268697949366879
2212,absorption,14,11,4.509860006183766
2213,advice,14,2,6.214608098422191
2214,aki,14,3,5.809142990314028
2215,analogues,14,11,4.509860006183766
2216,animals,14,9,4.710530701645918
2217,annual,14,9,4.710530701645918
2218,another,14,12,4.422848629194137
2219,attenuation,14,12,4.422848629194137
2220,autophagy,14,10,4.605170185988092
2221,awareness,14,10,4.605170185988092
2222,axes,14,11,4.509860006183766
2223,caloric,14,12,4.422848629194137
2224,calorie,14,7,4.961845129926823
2225,capture,14,13,4.3428059215206005
2226,caution,14,12,4.422848629194137
2227,cautiously,14,14,4.268697949366879
2228,cavi,14,2,6.214608098422191
2229,comprised,14,14,4.268697949366879
2230,concept,14,14,4.268697949366879
2231,concern,14,14,4.268697949366879
2232,concurrent,14,12,4.422848629194137
2233,consequently,14,14,4.268697949366879
2234,constrained,14,13,4.3428059215206005
2235,deaths,14,10,4.605170185988092
2236,declined,14,11,4.509860006183766
2237,decreasing,14,10,4.605170185988092
2238,definitive,14,12,4.422848629194137
2239,dependence,14,5,5.298317366548036
2240,dermatology,14,7,4.961845129926823
2241,develop,14,12,4.422848629194137
2242,disproportionality,14,10,4.605170185988092
2243,disruption,14,13,4.3428059215206005
2244,driving,14,14,4.268697949366879
2245,dysbiosis,14,10,4.605170185988092
2246,ebmt,14,1,6.907755278982137
2247,enrichment,14,13,4.3428059215206005
2248,era,14,12,4.422848629194137
2249,evaluations,14,11,4.509860006183766
2250,evoke,14,4,5.521460917862246
2251,excessive,14,14,4.268697949366879
2252,expand,14,14,4.268697949366879
2253,facial,14,6,5.115995809754082
2254,facilitate,14,14,4.268697949366879
2255,fibrotic,14,13,4.3428059215206005
2256,frameworks,14,12,4.422848629194137
2257,gerd,14,6,5.115995809754082
2258,glycemia,14,9,4.710530701645918
2259,healing,14,11,4.509860006183766
2260,hippocampal,14,6,5.115995809754082
2261,hold,14,8,4.8283137373023015
2262,hospitalizations,14,11,4.509860006183766
2263,hour,14,10,4.605170185988092
2264,hypoxia,14,5,5.298317366548036
2265,ideation,14,8,4.8283137373023015
2266,imbalance,14,12,4.422848629194137
2267,inadequate,14,9,4.710530701645918
2268,initially,14,14,4.268697949366879
2269,intermittent,14,9,4.710530701645918
2270,ion,14,7,4.961845129926823
2271,left,14,11,4.509860006183766
2272,limit,14,14,4.268697949366879
2273,maintained,14,13,4.3428059215206005
2274,maintaining,14,14,4.268697949366879
2275,maximum,14,12,4.422848629194137
2276,mediators,14,10,4.605170185988092
2277,modestly,14,14,4.268697949366879
2278,modifications,14,13,4.3428059215206005
2279,mol,14,9,4.710530701645918
2280,mr,14,4,5.521460917862246
2281,ms,14,7,4.961845129926823
2282,mtor,14,10,4.605170185988092
2283,needs,14,13,4.3428059215206005
2284,neurohormonal,14,8,4.8283137373023015
2285,ogtt,14,8,4.8283137373023015
2286,partly,14,14,4.268697949366879
2287,permeability,14,9,4.710530701645918
2288,postmenopausal,14,6,5.115995809754082
2289,procedural,14,7,4.961845129926823
2290,pronounced,14,13,4.3428059215206005
2291,question,14,14,4.268697949366879
2292,register,14,13,4.3428059215206005
2293,regulated,14,14,4.268697949366879
2294,rising,14,14,4.268697949366879
2295,salivary,14,4,5.521460917862246
2296,scholar,14,14,4.268697949366879
2297,separate,14,14,4.268697949366879
2298,sequencing,14,12,4.422848629194137
2299,service,14,11,4.509860006183766
2300,sizes,14,14,4.268697949366879
2301,source,14,12,4.422848629194137
2302,sources,14,12,4.422848629194137
2303,sr,14,2,6.214608098422191
2304,statements,14,9,4.710530701645918
2305,statins,14,11,4.509860006183766
2306,step,14,12,4.422848629194137
2307,stimulate,14,13,4.3428059215206005
2308,superiority,14,10,4.605170185988092
2309,suppress,14,13,4.3428059215206005
2310,sustain,14,13,4.3428059215206005
2311,tailored,14,14,4.268697949366879
2312,techniques,14,12,4.422848629194137
2313,tha,14,4,5.521460917862246
2314,throughout,14,14,4.268697949366879
2315,unit,14,12,4.422848629194137
2316,updated,14,13,4.3428059215206005
2317,variance,14,11,4.509860006183766
2318,varying,14,13,4.3428059215206005
2319,weighted,14,11,4.509860006183766
2320,younger,14,11,4.509860006183766
2321,accessibility,13,13,4.3428059215206005
2322,activating,13,10,4.605170185988092
2323,adjusting,13,12,4.422848629194137
2324,adjuvant,13,7,4.961845129926823
2325,ae,13,10,4.605170185988092
2326,ahr,13,4,5.521460917862246
2327,already,13,12,4.422848629194137
2328,alt,13,7,4.961845129926823
2329,antagonism,13,8,4.8283137373023015
2330,argue,13,13,4.3428059215206005
2331,arthritis,13,7,4.961845129926823
2332,asia,13,7,4.961845129926823
2333,bacteria,13,10,4.605170185988092
2334,bc,13,2,6.214608098422191
2335,bipolar,13,6,5.115995809754082
2336,blockade,13,9,4.710530701645918
2337,c3m,13,1,6.907755278982137
2338,clearance,13,9,4.710530701645918
2339,consider,13,13,4.3428059215206005
2340,contents,13,9,4.710530701645918
2341,cornerstone,13,13,4.3428059215206005
2342,correction,13,9,4.710530701645918
2343,course,13,11,4.509860006183766
2344,cravings,13,7,4.961845129926823
2345,decades,13,13,4.3428059215206005
2346,differed,13,13,4.3428059215206005
2347,discusses,13,13,4.3428059215206005
2348,dul,13,2,6.214608098422191
2349,durability,13,13,4.3428059215206005
2350,earlier,13,13,4.3428059215206005
2351,ehr,13,7,4.961845129926823
2352,elective,13,9,4.710530701645918
2353,emergent,13,11,4.509860006183766
2354,emulation,13,12,4.422848629194137
2355,en,13,12,4.422848629194137
2356,enabling,13,13,4.3428059215206005
2357,enhances,13,13,4.3428059215206005
2358,ensure,13,12,4.422848629194137
2359,enzyme,13,11,4.509860006183766
2360,equations,13,8,4.8283137373023015
2361,exclusion,13,13,4.3428059215206005
2362,explain,13,13,4.3428059215206005
2363,fc,13,3,5.809142990314028
2364,foot,13,3,5.809142990314028
2365,formation,13,11,4.509860006183766
2366,gcg,13,4,5.521460917862246
2367,identifies,13,13,4.3428059215206005
2368,impair,13,13,4.3428059215206005
2369,includes,13,12,4.422848629194137
2370,institute,13,11,4.509860006183766
2371,involvement,13,13,4.3428059215206005
2372,irr,13,6,5.115995809754082
2373,i²,13,8,4.8283137373023015
2374,late,13,11,4.509860006183766
2375,later,13,10,4.605170185988092
2376,ld,13,2,6.214608098422191
2377,limiting,13,12,4.422848629194137
2378,lipids,13,12,4.422848629194137
2379,liquid,13,10,4.605170185988092
2380,majority,13,13,4.3428059215206005
2381,measure,13,11,4.509860006183766
2382,mendelian,13,11,4.509860006183766
2383,metabolically,13,13,4.3428059215206005
2384,mlf,13,1,6.907755278982137
2385,molecules,13,11,4.509860006183766
2386,mood,13,7,4.961845129926823
2387,multicenter,13,13,4.3428059215206005
2388,multicentre,13,13,4.3428059215206005
2389,nerve,13,11,4.509860006183766
2390,neuroendocrine,13,9,4.710530701645918
2391,nm,13,9,4.710530701645918
2392,november,13,13,4.3428059215206005
2393,novo,13,12,4.422848629194137
2394,objectives,13,13,4.3428059215206005
2395,ophthalmic,13,10,4.605170185988092
2396,organs,13,9,4.710530701645918
2397,output,13,13,4.3428059215206005
2398,overview,13,13,4.3428059215206005
2399,paired,13,8,4.8283137373023015
2400,pairwise,13,9,4.710530701645918
2401,pathogenic,13,10,4.605170185988092
2402,perceived,13,6,5.115995809754082
2403,perspectives,13,12,4.422848629194137
2404,pharmaceutical,13,11,4.509860006183766
2405,powered,13,12,4.422848629194137
2406,precise,13,12,4.422848629194137
2407,pressures,13,10,4.605170185988092
2408,probiotics,13,9,4.710530701645918
2409,projected,13,6,5.115995809754082
2410,proportions,13,10,4.605170185988092
2411,proposes,13,13,4.3428059215206005
2412,prr,13,5,5.298317366548036
2413,psoriasis,13,9,4.710530701645918
2414,pyroptosis,13,6,5.115995809754082
2415,race,13,12,4.422848629194137
2416,raising,13,13,4.3428059215206005
2417,ranked,13,9,4.710530701645918
2418,region,13,12,4.422848629194137
2419,representing,13,13,4.3428059215206005
2420,respondents,13,6,5.115995809754082
2421,retained,13,13,4.3428059215206005
2422,retinal,13,8,4.8283137373023015
2423,rich,13,11,4.509860006183766
2424,rigorous,13,13,4.3428059215206005
2425,robustness,13,11,4.509860006183766
2426,seen,13,13,4.3428059215206005
2427,signatures,13,13,4.3428059215206005
2428,simulations,13,11,4.509860006183766
2429,simultaneously,13,13,4.3428059215206005
2430,sitagliptin,13,5,5.298317366548036
2431,started,13,10,4.605170185988092
2432,stimulating,13,12,4.422848629194137
2433,stronger,13,13,4.3428059215206005
2434,subjects,13,7,4.961845129926823
2435,suboptimal,13,13,4.3428059215206005
2436,subtypes,13,10,4.605170185988092
2437,successfully,13,13,4.3428059215206005
2438,synthetic,13,9,4.710530701645918
2439,third,13,13,4.3428059215206005
2440,topiramate,13,7,4.961845129926823
2441,varied,13,13,4.3428059215206005
2442,view,13,12,4.422848629194137
2443,virtual,13,6,5.115995809754082
2444,visit,13,11,4.509860006183766
2445,warrants,13,13,4.3428059215206005
2446,wc,13,3,5.809142990314028
2447,widespread,13,13,4.3428059215206005
2448,academic,12,11,4.509860006183766
2449,acceptable,12,12,4.422848629194137
2450,accounted,12,10,4.605170185988092
2451,activities,12,10,4.605170185988092
2452,adaptive,12,10,4.605170185988092
2453,adiponectin,12,8,4.8283137373023015
2454,advancing,12,10,4.605170185988092
2455,aom,12,2,6.214608098422191
2456,applications,12,9,4.710530701645918
2457,assay,12,6,5.115995809754082
2458,availability,12,12,4.422848629194137
2459,bdnf,12,3,5.809142990314028
2460,biochemical,12,11,4.509860006183766
2461,biologically,12,12,4.422848629194137
2462,biopsy,12,9,4.710530701645918
2463,bip,12,3,5.809142990314028
2464,brca1,12,1,6.907755278982137
2465,bw,12,3,5.809142990314028
2466,captured,12,12,4.422848629194137
2467,carbon,12,6,5.115995809754082
2468,careful,12,12,4.422848629194137
2469,centers,12,7,4.961845129926823
2470,circuits,12,7,4.961845129926823
2471,clinician,12,8,4.8283137373023015
2472,complicated,12,11,4.509860006183766
2473,conditional,12,6,5.115995809754082
2474,considerable,12,12,4.422848629194137
2475,consumed,12,7,4.961845129926823
2476,continuum,12,11,4.509860006183766
2477,coupling,12,7,4.961845129926823
2478,covered,12,7,4.961845129926823
2479,cycle,12,11,4.509860006183766
2480,dd01,12,1,6.907755278982137
2481,demand,12,11,4.509860006183766
2482,deposition,12,11,4.509860006183766
2483,describes,12,12,4.422848629194137
2484,designs,12,11,4.509860006183766
2485,deterioration,12,10,4.605170185988092
2486,directions,12,12,4.422848629194137
2487,distinguish,12,12,4.422848629194137
2488,divided,12,12,4.422848629194137
2489,dme,12,3,5.809142990314028
2490,dopaminergic,12,6,5.115995809754082
2491,elderly,12,8,4.8283137373023015
2492,elicited,12,10,4.605170185988092
2493,enrollees,12,3,5.809142990314028
2494,environment,12,12,4.422848629194137
2495,environmental,12,8,4.8283137373023015
2496,enzymes,12,9,4.710530701645918
2497,erectile,12,5,5.298317366548036
2498,ex,12,5,5.298317366548036
2499,exacerbation,12,5,5.298317366548036
2500,excluding,12,12,4.422848629194137
2501,explained,12,11,4.509860006183766
2502,external,12,10,4.605170185988092
2503,foundation,12,12,4.422848629194137
2504,gained,12,11,4.509860006183766
2505,gallbladder,12,5,5.298317366548036
2506,generate,12,12,4.422848629194137
2507,globally,12,12,4.422848629194137
2508,incomplete,12,11,4.509860006183766
2509,incorporating,12,12,4.422848629194137
2510,induction,12,10,4.605170185988092
2511,injections,12,9,4.710530701645918
2512,interconnected,12,12,4.422848629194137
2513,intracellular,12,12,4.422848629194137
2514,intravenous,12,8,4.8283137373023015
2515,issues,12,12,4.422848629194137
2516,itself,12,12,4.422848629194137
2517,japanese,12,7,4.961845129926823
2518,lncrna,12,2,6.214608098422191
2519,lowered,12,12,4.422848629194137
2520,lowest,12,10,4.605170185988092
2521,managed,12,12,4.422848629194137
2522,matrix,12,9,4.710530701645918
2523,metald,12,1,6.907755278982137
2524,mmhg,12,8,4.8283137373023015
2525,much,12,11,4.509860006183766
2526,multimodal,12,11,4.509860006183766
2527,natriuretic,12,9,4.710530701645918
2528,neoplasms,12,5,5.298317366548036
2529,net,12,10,4.605170185988092
2530,obstruction,12,6,5.115995809754082
2531,orally,12,12,4.422848629194137
2532,original,12,11,4.509860006183766
2533,ozempic,12,8,4.8283137373023015
2534,paediatric,12,4,5.521460917862246
2535,pbh,12,3,5.809142990314028
2536,pce,12,1,6.907755278982137
2537,perceptions,12,8,4.8283137373023015
2538,plausible,12,12,4.422848629194137
2539,pleiotropic,12,11,4.509860006183766
2540,polarization,12,5,5.298317366548036
2541,positively,12,9,4.710530701645918
2542,ppar,12,10,4.605170185988092
2543,pragmatic,12,8,4.8283137373023015
2544,preserve,12,12,4.422848629194137
2545,price,12,5,5.298317366548036
2546,principles,12,11,4.509860006183766
2547,prognostic,12,6,5.115995809754082
2548,programme,12,7,4.961845129926823
2549,psm,12,8,4.8283137373023015
2550,rank,12,10,4.605170185988092
2551,reaching,12,11,4.509860006183766
2552,regional,12,11,4.509860006183766
2553,registry,12,10,4.605170185988092
2554,rodent,12,9,4.710530701645918
2555,roux,12,11,4.509860006183766
2556,scfa,12,8,4.8283137373023015
2557,september,12,11,4.509860006183766
2558,sexual,12,4,5.521460917862246
2559,specificity,12,11,4.509860006183766
2560,spinal,12,5,5.298317366548036
2561,substrate,12,11,4.509860006183766
2562,surmount,12,6,5.115995809754082
2563,surrounding,12,10,4.605170185988092
2564,symptomatic,12,10,4.605170185988092
2565,ten,12,11,4.509860006183766
2566,tendon,12,3,5.809142990314028
2567,theoretical,12,10,4.605170185988092
2568,tolerated,12,12,4.422848629194137
2569,tract,12,12,4.422848629194137
2570,transcription,12,8,4.8283137373023015
2571,transit,12,7,4.961845129926823
2572,translate,12,12,4.422848629194137
2573,twl,12,3,5.809142990314028
2574,ultimately,12,12,4.422848629194137
2575,unadjusted,12,8,4.8283137373023015
2576,untreated,12,9,4.710530701645918
2577,validate,12,12,4.422848629194137
2578,vulnerable,12,12,4.422848629194137
2579,whose,12,11,4.509860006183766
2580,wk,12,7,4.961845129926823
2581,workflow,12,6,5.115995809754082
2582,absent,11,10,4.605170185988092
2583,acm,11,3,5.809142990314028
2584,acsl4,11,3,5.809142990314028
2585,activates,11,10,4.605170185988092
2586,adding,11,8,4.8283137373023015
2587,affordability,11,10,4.605170185988092
2588,aldosterone,11,11,4.509860006183766
2589,american,11,10,4.605170185988092
2590,ast,11,7,4.961845129926823
2591,atherosclerosis,11,10,4.605170185988092
2592,attain,11,3,5.809142990314028
2593,authors,11,9,4.710530701645918
2594,cecal,11,5,5.298317366548036
2595,chromatography,11,5,5.298317366548036
2596,collaboration,11,8,4.8283137373023015
2597,comorbid,11,11,4.509860006183766
2598,complexity,11,10,4.605170185988092
2599,consisted,11,11,4.509860006183766
2600,count,11,5,5.298317366548036
2601,curcumin,11,5,5.298317366548036
2602,dapagliflozin,11,4,5.521460917862246
2603,decompensation,11,6,5.115995809754082
2604,decreases,11,9,4.710530701645918
2605,definitions,11,11,4.509860006183766
2606,degeneration,11,10,4.605170185988092
2607,descriptively,11,11,4.509860006183766
2608,disc,11,5,5.298317366548036
2609,dpp4,11,7,4.961845129926823
2610,egd,11,4,5.521460917862246
2611,elucidate,11,11,4.509860006183766
2612,emotional,11,6,5.115995809754082
2613,enriched,11,9,4.710530701645918
2614,explores,11,11,4.509860006183766
2615,extending,11,11,4.509860006183766
2616,extracellular,11,10,4.605170185988092
2617,face,11,11,4.509860006183766
2618,form,11,9,4.710530701645918
2619,gastrocnemius,11,2,6.214608098422191
2620,glp1ras,11,5,5.298317366548036
2621,goal,11,8,4.8283137373023015
2622,good,11,11,4.509860006183766
2623,hemodialysis,11,4,5.521460917862246
2624,identity,11,6,5.115995809754082
2625,idiopathic,11,7,4.961845129926823
2626,ischaemic,11,6,5.115995809754082
2627,ischemia,11,5,5.298317366548036
2628,last,11,9,4.710530701645918
2629,limits,11,11,4.509860006183766
2630,m1,11,4,5.521460917862246
2631,macronutrient,11,7,4.961845129926823
2632,made,11,10,4.605170185988092
2633,maintain,11,11,4.509860006183766
2634,manage,11,9,4.710530701645918
2635,morbid,11,5,5.298317366548036
2636,morphology,11,8,4.8283137373023015
2637,multimorbidity,11,10,4.605170185988092
2638,nephrectomy,11,3,5.809142990314028
2639,neutral,11,10,4.605170185988092
2640,nondiabetic,11,7,4.961845129926823
2641,noted,11,11,4.509860006183766
2642,nrf2,11,9,4.710530701645918
2643,nuclear,11,10,4.605170185988092
2644,numerous,11,11,4.509860006183766
2645,om,11,1,6.907755278982137
2646,order,11,11,4.509860006183766
2647,others,11,11,4.509860006183766
2648,oxidation,11,7,4.961845129926823
2649,parkinson,11,9,4.710530701645918
2650,peer,11,8,4.8283137373023015
2651,periprosthetic,11,6,5.115995809754082
2652,persist,11,10,4.605170185988092
2653,pharmacodynamic,11,9,4.710530701645918
2654,pi,11,3,5.809142990314028
2655,position,11,10,4.605170185988092
2656,ppara,11,2,6.214608098422191
2657,pparα,11,2,6.214608098422191
2658,preventive,11,10,4.605170185988092
2659,prospectively,11,11,4.509860006183766
2660,providers,11,8,4.8283137373023015
2661,pws,11,2,6.214608098422191
2662,q,11,5,5.298317366548036
2663,quercetin,11,5,5.298317366548036
2664,ratings,11,8,4.8283137373023015
2665,rational,11,10,4.605170185988092
2666,reached,11,11,4.509860006183766
2667,reaction,11,9,4.710530701645918
2668,reflecting,11,11,4.509860006183766
2669,reflects,11,10,4.605170185988092
2670,registries,11,11,4.509860006183766
2671,relapse,11,8,4.8283137373023015
2672,renoprotective,11,10,4.605170185988092
2673,responsive,11,10,4.605170185988092
2674,restored,11,11,4.509860006183766
2675,salt,11,5,5.298317366548036
2676,sarcopenic,11,9,4.710530701645918
2677,satiation,11,5,5.298317366548036
2678,searches,11,10,4.605170185988092
2679,sequential,11,10,4.605170185988092
2680,services,11,7,4.961845129926823
2681,shifts,11,9,4.710530701645918
2682,signs,11,6,5.115995809754082
2683,smoking,11,8,4.8283137373023015
2684,so,11,7,4.961845129926823
2685,soul,11,5,5.298317366548036
2686,statement,11,11,4.509860006183766
2687,successful,11,7,4.961845129926823
2688,sugar,11,5,5.298317366548036
2689,surgeons,11,5,5.298317366548036
2690,tablet,11,5,5.298317366548036
2691,taken,11,11,4.509860006183766
2692,turnover,11,5,5.298317366548036
2693,typically,11,11,4.509860006183766
2694,uncommon,11,11,4.509860006183766
2695,underscore,11,11,4.509860006183766
2696,underscores,11,11,4.509860006183766
2697,unresolved,11,10,4.605170185988092
2698,vision,11,4,5.521460917862246
2699,way,11,8,4.8283137373023015
2700,weights,11,10,4.605170185988092
2701,whole,11,9,4.710530701645918
2702,worse,11,9,4.710530701645918
2703,zenagamtide,11,3,5.809142990314028
2704,γ,11,7,4.961845129926823
2705,003,10,9,4.710530701645918
2706,007,10,10,4.605170185988092
2707,009,10,10,4.605170185988092
2708,021,10,9,4.710530701645918
2709,118,10,9,4.710530701645918
2710,accelerated,10,9,4.710530701645918
2711,accounting,10,10,4.605170185988092
2712,adaptation,10,9,4.710530701645918
2713,addressed,10,10,4.605170185988092
2714,adequacy,10,8,4.8283137373023015
2715,administrative,10,9,4.710530701645918
2716,ageing,10,4,5.521460917862246
2717,ali,10,2,6.214608098422191
2718,aligned,10,8,4.8283137373023015
2719,alleviate,10,10,4.605170185988092
2720,alleviated,10,9,4.710530701645918
2721,allocated,10,5,5.298317366548036
2722,analytic,10,10,4.605170185988092
2723,anesthesia,10,7,4.961845129926823
2724,antiobesity,10,7,4.961845129926823
2725,apparent,10,8,4.8283137373023015
2726,arterial,10,7,4.961845129926823
2727,attempts,10,5,5.298317366548036
2728,aversive,10,4,5.521460917862246
2729,behavioural,10,6,5.115995809754082
2730,building,10,9,4.710530701645918
2731,cannabis,10,2,6.214608098422191
2732,carry,10,10,4.605170185988092
2733,categorized,10,10,4.605170185988092
2734,ccs,10,1,6.907755278982137
2735,cgmp,10,2,6.214608098422191
2736,characteristic,10,9,4.710530701645918
2737,cluster,10,6,5.115995809754082
2738,commercial,10,10,4.605170185988092
2739,conflicting,10,10,4.605170185988092
2740,contexts,10,9,4.710530701645918
2741,continue,10,8,4.8283137373023015
2742,contributed,10,10,4.605170185988092
2743,countries,10,9,4.710530701645918
2744,crucial,10,10,4.605170185988092
2745,cytokine,10,10,4.605170185988092
2746,cytokines,10,9,4.710530701645918
2747,deep,10,10,4.605170185988092
2748,defining,10,9,4.710530701645918
2749,degree,10,10,4.605170185988092
2750,depletion,10,10,4.605170185988092
2751,depth,10,10,4.605170185988092
2752,difficult,10,10,4.605170185988092
2753,digoxin,10,2,6.214608098422191
2754,direction,10,10,4.605170185988092
2755,directionally,10,8,4.8283137373023015
2756,disability,10,10,4.605170185988092
2757,dominant,10,10,4.605170185988092
2758,dysregulated,10,10,4.605170185988092
2759,eat,10,3,5.809142990314028
2760,edema,10,8,4.8283137373023015
2761,endocrinology,10,8,4.8283137373023015
2762,enrollment,10,7,4.961845129926823
2763,errors,10,7,4.961845129926823
2764,estimand,10,6,5.115995809754082
2765,exerts,10,10,4.605170185988092
2766,exist,10,10,4.605170185988092
2767,experiences,10,6,5.115995809754082
2768,extension,10,7,4.961845129926823
2769,fail,10,10,4.605170185988092
2770,fgf21,10,6,5.115995809754082
2771,fib,10,3,5.809142990314028
2772,formal,10,10,4.605170185988092
2773,glds,10,3,5.809142990314028
2774,glucosidase,10,9,4.710530701645918
2775,glycaemia,10,6,5.115995809754082
2776,gynecologists,10,2,6.214608098422191
2777,hfref,10,3,5.809142990314028
2778,highlighted,10,10,4.605170185988092
2779,hsf1,10,2,6.214608098422191
2780,hunger,10,9,4.710530701645918
2781,icodec,10,4,5.521460917862246
2782,illness,10,7,4.961845129926823
2783,incorporated,10,10,4.605170185988092
2784,induces,10,10,4.605170185988092
2785,inhibited,10,6,5.115995809754082
2786,insight,10,8,4.8283137373023015
2787,institutional,10,7,4.961845129926823
2788,integrative,10,8,4.8283137373023015
2789,intended,10,10,4.605170185988092
2790,interact,10,10,4.605170185988092
2791,interquartile,10,6,5.115995809754082
2792,length,10,8,4.8283137373023015
2793,lumbar,10,3,5.809142990314028
2794,man,10,9,4.710530701645918
2795,map,10,10,4.605170185988092
2796,marker,10,9,4.710530701645918
2797,mediator,10,8,4.8283137373023015
2798,metabolomics,10,9,4.710530701645918
2799,mets,10,3,5.809142990314028
2800,modelling,10,6,5.115995809754082
2801,modifiable,10,10,4.605170185988092
2802,modifiers,10,9,4.710530701645918
2803,monitored,10,10,4.605170185988092
2804,mras,10,3,5.809142990314028
2805,multifactorial,10,10,4.605170185988092
2806,na,10,3,5.809142990314028
2807,necrosis,10,9,4.710530701645918
2808,nmol,10,6,5.115995809754082
2809,nonusers,10,9,4.710530701645918
2810,notable,10,9,4.710530701645918
2811,nsmras,10,3,5.809142990314028
2812,null,10,9,4.710530701645918
2813,occurs,10,10,4.605170185988092
2814,ocn,10,2,6.214608098422191
2815,omics,10,10,4.605170185988092
2816,organizations,10,10,4.605170185988092
2817,oxide,10,10,4.605170185988092
2818,pathologies,10,5,5.298317366548036
2819,pemf,10,1,6.907755278982137
2820,perfusion,10,8,4.8283137373023015
2821,pg,10,6,5.115995809754082
2822,pharmacologically,10,10,4.605170185988092
2823,phenotypic,10,8,4.8283137373023015
2824,plan,10,6,5.115995809754082
2825,policies,10,10,4.605170185988092
2826,positioning,10,9,4.710530701645918
2827,potency,10,9,4.710530701645918
2828,preparation,10,4,5.521460917862246
2829,problem,10,10,4.605170185988092
2830,professional,10,10,4.605170185988092
2831,prognosis,10,8,4.8283137373023015
2832,proliferator,10,9,4.710530701645918
2833,prompted,10,10,4.605170185988092
2834,ps,10,5,5.298317366548036
2835,raises,10,9,4.710530701645918
2836,rasi,10,2,6.214608098422191
2837,recognised,10,8,4.8283137373023015
2838,reimbursement,10,7,4.961845129926823
2839,remodelling,10,7,4.961845129926823
2840,representative,10,8,4.8283137373023015
2841,resource,10,7,4.961845129926823
2842,resources,10,10,4.605170185988092
2843,reticulum,10,8,4.8283137373023015
2844,revealing,10,10,4.605170185988092
2845,rvo,10,2,6.214608098422191
2846,saline,10,10,4.605170185988092
2847,schizophrenia,10,6,5.115995809754082
2848,secreted,10,9,4.710530701645918
2849,sem,10,2,6.214608098422191
2850,separation,10,8,4.8283137373023015
2851,sepsis,10,7,4.961845129926823
2852,sgk2,10,1,6.907755278982137
2853,shape,10,10,4.605170185988092
2854,slow,10,10,4.605170185988092
2855,spanning,10,10,4.605170185988092
2856,spatial,10,10,4.605170185988092
2857,spine,10,4,5.521460917862246
2858,standardised,10,10,4.605170185988092
2859,statistics,10,10,4.605170185988092
2860,stem,10,8,4.8283137373023015
2861,sub,10,4,5.521460917862246
2862,sucra,10,4,5.521460917862246
2863,summit,10,5,5.298317366548036
2864,surrogate,10,8,4.8283137373023015
2865,sustainable,10,8,4.8283137373023015
2866,tb,10,2,6.214608098422191
2867,teaes,10,4,5.521460917862246
2868,testable,10,10,4.605170185988092
2869,towards,10,10,4.605170185988092
2870,trained,10,7,4.961845129926823
2871,traits,10,7,4.961845129926823
2872,ubt251,10,1,6.907755278982137
2873,underscoring,10,10,4.605170185988092
2874,useful,10,10,4.605170185988092
2875,utilisation,10,7,4.961845129926823
2876,vein,10,10,4.605170185988092
2877,version,10,10,4.605170185988092
2878,viewed,10,9,4.710530701645918
2879,warrant,10,10,4.605170185988092
2880,www,10,10,4.605170185988092
2881,yielding,10,10,4.605170185988092
2882,ζ,10,2,6.214608098422191
2883,004,9,9,4.710530701645918
2884,026,9,9,4.710530701645918
2885,106,9,8,4.8283137373023015
2886,112,9,8,4.8283137373023015
2887,aa,9,1,6.907755278982137
2888,addiction,9,6,5.115995809754082
2889,adherent,9,4,5.521460917862246
2890,advantage,9,9,4.710530701645918
2891,alopecia,9,4,5.521460917862246
2892,amd,9,2,6.214608098422191
2893,amyloid,9,3,5.809142990314028
2894,analog,9,8,4.8283137373023015
2895,anemia,9,5,5.298317366548036
2896,antagonist,9,9,4.710530701645918
2897,atp,9,7,4.961845129926823
2898,atrophy,9,6,5.115995809754082
2899,attenuates,9,9,4.710530701645918
2900,attenuating,9,8,4.8283137373023015
2901,auc0,9,4,5.521460917862246
2902,automated,9,5,5.298317366548036
2903,bayesian,9,9,4.710530701645918
2904,berberine,9,5,5.298317366548036
2905,biogenesis,9,6,5.115995809754082
2906,bm,9,1,6.907755278982137
2907,bolus,9,8,4.8283137373023015
2908,buprenorphine,9,3,5.809142990314028
2909,bupropion,9,6,5.115995809754082
2910,cagrisema,9,5,5.298317366548036
2911,canonical,9,7,4.961845129926823
2912,capable,9,9,4.710530701645918
2913,cardiomyocyte,9,4,5.521460917862246
2914,categories,9,9,4.710530701645918
2915,category,9,7,4.961845129926823
2916,chemical,9,7,4.961845129926823
2917,citation,9,7,4.961845129926823
2918,ckmd,9,1,6.907755278982137
2919,clusters,9,3,5.809142990314028
2920,coexist,9,9,4.710530701645918
2921,collagen,9,9,4.710530701645918
2922,completion,9,7,4.961845129926823
2923,concentrated,9,8,4.8283137373023015
2924,conditioned,9,5,5.298317366548036
2925,constituents,9,6,5.115995809754082
2926,continuity,9,5,5.298317366548036
2927,contributor,9,8,4.8283137373023015
2928,controlling,9,9,4.710530701645918
2929,cordycepin,9,3,5.809142990314028
2930,cvi,9,1,6.907755278982137
2931,deficient,9,6,5.115995809754082
2932,delaying,9,9,4.710530701645918
2933,delivered,9,9,4.710530701645918
2934,depending,9,9,4.710530701645918
2935,determinant,9,9,4.710530701645918
2936,dimensions,9,9,4.710530701645918
2937,divergent,9,8,4.8283137373023015
2938,diversity,9,8,4.8283137373023015
2939,downregulation,9,8,4.8283137373023015
2940,drivers,9,9,4.710530701645918
2941,drives,9,9,4.710530701645918
2942,duct,9,2,6.214608098422191
2943,dyrk1a,9,1,6.907755278982137
2944,eg,9,3,5.809142990314028
2945,eloralintide,9,4,5.521460917862246
2946,emergence,9,9,4.710530701645918
2947,enable,9,9,4.710530701645918
2948,epidemiology,9,9,4.710530701645918
2949,equivalence,9,5,5.298317366548036
2950,establishing,9,9,4.710530701645918
2951,etd,9,3,5.809142990314028
2952,eustachian,9,3,5.809142990314028
2953,exe,9,2,6.214608098422191
2954,exists,9,9,4.710530701645918
2955,expansion,9,9,4.710530701645918
2956,experiencing,9,9,4.710530701645918
2957,experts,9,8,4.8283137373023015
2958,extent,9,9,4.710530701645918
2959,extract,9,9,4.710530701645918
2960,fast,9,6,5.115995809754082
2961,fatigue,9,6,5.115995809754082
2962,feasible,9,9,4.710530701645918
2963,fiber,9,7,4.961845129926823
2964,fpg,9,4,5.521460917862246
2965,gestational,9,8,4.8283137373023015
2966,gh,9,2,6.214608098422191
2967,glar,9,1,6.907755278982137
2968,glial,9,7,4.961845129926823
2969,glutag,9,4,5.521460917862246
2970,grouped,9,9,4.710530701645918
2971,headache,9,5,5.298317366548036
2972,her,9,5,5.298317366548036
2973,hff,9,2,6.214608098422191
2974,histological,9,9,4.710530701645918
2975,historical,9,8,4.8283137373023015
2976,homeostatic,9,9,4.710530701645918
2977,hyperglycaemia,9,8,4.8283137373023015
2978,hypotheses,9,9,4.710530701645918
2979,impacts,9,8,4.8283137373023015
2980,income,9,6,5.115995809754082
2981,incorporation,9,7,4.961845129926823
2982,india,9,4,5.521460917862246
2983,indices,9,9,4.710530701645918
2984,influencing,9,9,4.710530701645918
2985,inhibits,9,5,5.298317366548036
2986,instability,9,8,4.8283137373023015
2987,insufficiently,9,9,4.710530701645918
2988,interplay,9,9,4.710530701645918
2989,intracranial,9,6,5.115995809754082
2990,intrinsic,9,8,4.8283137373023015
2991,introduced,9,9,4.710530701645918
2992,iptw,9,5,5.298317366548036
2993,isorhamnetin,9,1,6.907755278982137
2994,kccq,9,5,5.298317366548036
2995,knockdown,9,8,4.8283137373023015
2996,lactate,9,6,5.115995809754082
2997,liability,9,5,5.298317366548036
2998,lifespan,9,7,4.961845129926823
2999,likelihood,9,9,4.710530701645918
3000,limb,9,4,5.521460917862246
3001,lp,9,3,5.809142990314028
3002,lysate,9,2,6.214608098422191
3003,maces,9,4,5.521460917862246
3004,meals,9,8,4.8283137373023015
3005,mitochondria,9,7,4.961845129926823
3006,modeling,9,8,4.8283137373023015
3007,modify,9,8,4.8283137373023015
3008,modulates,9,9,4.710530701645918
3009,moving,9,8,4.8283137373023015
3010,muciniphila,9,5,5.298317366548036
3011,mucosal,9,6,5.115995809754082
3012,nafld,9,5,5.298317366548036
3013,name,9,4,5.521460917862246
3014,nature,9,9,4.710530701645918
3015,naïve,9,7,4.961845129926823
3016,near,9,8,4.8283137373023015
3017,negatively,9,8,4.8283137373023015
3018,nephrology,9,6,5.115995809754082
3019,neuron,9,7,4.961845129926823
3020,neuropathic,9,4,5.521460917862246
3021,nitric,9,9,4.710530701645918
3022,oncology,9,6,5.115995809754082
3023,operating,9,8,4.8283137373023015
3024,optimizing,9,9,4.710530701645918
3025,organization,9,8,4.8283137373023015
3026,oriented,9,8,4.8283137373023015
3027,outlines,9,9,4.710530701645918
3028,outside,9,8,4.8283137373023015
3029,overdose,9,6,5.115995809754082
3030,overlap,9,6,5.115995809754082
3031,overlapping,9,6,5.115995809754082
3032,overload,9,8,4.8283137373023015
3033,ovid,9,7,4.961845129926823
3034,pad,9,2,6.214608098422191
3035,pdac,9,2,6.214608098422191
3036,peri,9,5,5.298317366548036
3037,peroxisome,9,8,4.8283137373023015
3038,pet,9,4,5.521460917862246
3039,phytochemicals,9,5,5.298317366548036
3040,pji,9,3,5.809142990314028
3041,pneumonia,9,7,4.961845129926823
3042,poisson,9,9,4.710530701645918
3043,poses,9,9,4.710530701645918
3044,prehabilitation,9,4,5.521460917862246
3045,preload,9,2,6.214608098422191
3046,premature,9,9,4.710530701645918
3047,preparations,9,6,5.115995809754082
3048,presentation,9,8,4.8283137373023015
3049,proinsulin,9,1,6.907755278982137
3050,proliferation,9,7,4.961845129926823
3051,proof,9,9,4.710530701645918
3052,proven,9,9,4.710530701645918
3053,pyrin,9,7,4.961845129926823
3054,pyy3,9,1,6.907755278982137
3055,qualitative,9,8,4.8283137373023015
3056,quantify,9,9,4.710530701645918
3057,queried,9,9,4.710530701645918
3058,randomisation,9,7,4.961845129926823
3059,ranged,9,7,4.961845129926823
3060,redox,9,9,4.710530701645918
3061,reflected,9,9,4.710530701645918
3062,registration,9,9,4.710530701645918
3063,regulators,9,9,4.710530701645918
3064,remaining,9,9,4.710530701645918
3065,resolved,9,9,4.710530701645918
3066,restore,9,9,4.710530701645918
3067,reversed,9,9,4.710530701645918
3068,rhythm,9,4,5.521460917862246
3069,riiβ,9,1,6.907755278982137
3070,rwe,9,3,5.809142990314028
3071,saudi,9,5,5.298317366548036
3072,scenarios,9,7,4.961845129926823
3073,secretory,9,9,4.710530701645918
3074,served,9,9,4.710530701645918
3075,share,9,9,4.710530701645918
3076,simple,9,9,4.710530701645918
3077,slows,9,7,4.961845129926823
3078,smooth,9,4,5.521460917862246
3079,sst,9,1,6.907755278982137
3080,stabilization,9,9,4.710530701645918
3081,stc,9,7,4.961845129926823
3082,stepwise,9,9,4.710530701645918
3083,subjective,9,6,5.115995809754082
3084,subset,9,9,4.710530701645918
3085,supplementary,9,8,4.8283137373023015
3086,susceptibility,9,7,4.961845129926823
3087,syndromes,9,5,5.298317366548036
3088,taste,9,2,6.214608098422191
3089,terminal,9,6,5.115995809754082
3090,tg,9,5,5.298317366548036
3091,thrombotic,9,3,5.809142990314028
3092,top,9,8,4.8283137373023015
3093,toxicity,9,9,4.710530701645918
3094,translating,9,8,4.8283137373023015
3095,triggers,9,9,4.710530701645918
3096,tube,9,3,5.809142990314028
3097,twelve,9,8,4.8283137373023015
3098,u100,9,1,6.907755278982137
3099,uncontrolled,9,8,4.8283137373023015
3100,uniform,9,9,4.710530701645918
3101,unmet,9,9,4.710530701645918
3102,upon,9,9,4.710530701645918
3103,ypxjf,9,1,6.907755278982137
3104,0002,8,6,5.115995809754082
3105,005,8,8,4.8283137373023015
3106,104,8,6,5.115995809754082
3107,155383,8,1,6.907755278982137
3108,310,8,6,5.115995809754082
3109,aad,8,1,6.907755278982137
3110,achievement,8,5,5.298317366548036
3111,adipocyte,8,5,5.298317366548036
3112,adjustments,8,7,4.961845129926823
3113,admission,8,3,5.809142990314028
3114,adoption,8,8,4.8283137373023015
3115,adpn,8,1,6.907755278982137
3116,affinity,8,7,4.961845129926823
3117,agreement,8,6,5.115995809754082
3118,alcoholic,8,7,4.961845129926823
3119,alleviates,8,7,4.961845129926823
3120,amputation,8,4,5.521460917862246
3121,analogue,8,8,4.8283137373023015
3122,antihyperglycemic,8,4,5.521460917862246
3123,aoms,8,4,5.521460917862246
3124,aor,8,3,5.809142990314028
3125,appetitive,8,4,5.521460917862246
3126,aspects,8,6,5.115995809754082
3127,attended,8,2,6.214608098422191
3128,attenuate,8,7,4.961845129926823
3129,avexitide,8,1,6.907755278982137
3130,aware,8,8,4.8283137373023015
3131,bbb,8,3,5.809142990314028
3132,bilibili,8,1,6.907755278982137
3133,biologic,8,7,4.961845129926823
3134,bleeding,8,4,5.521460917862246
3135,bofanglutide,8,2,6.214608098422191
3136,bp,8,3,5.809142990314028
3137,breathing,8,5,5.298317366548036
3138,c57bl,8,8,4.8283137373023015
3139,cascade,8,8,4.8283137373023015
3140,cascades,8,8,4.8283137373023015
3141,catenin,8,4,5.521460917862246
3142,catheter,8,4,5.521460917862246
3143,centres,8,6,5.115995809754082
3144,chromatin,8,6,5.115995809754082
3145,compatible,8,8,4.8283137373023015
3146,compensation,8,3,5.809142990314028
3147,comprehensively,8,8,4.8283137373023015
3148,conformational,8,6,5.115995809754082
3149,consistency,8,7,4.961845129926823
3150,constipation,8,6,5.115995809754082
3151,contact,8,7,4.961845129926823
3152,contouring,8,4,5.521460917862246
3153,contributions,8,8,4.8283137373023015
3154,contributors,8,8,4.8283137373023015
3155,controversial,8,8,4.8283137373023015
3156,conversion,8,7,4.961845129926823
3157,corticosteroid,8,5,5.298317366548036
3158,cpap,8,3,5.809142990314028
3159,created,8,7,4.961845129926823
3160,criterion,8,6,5.115995809754082
3161,cutaneous,8,5,5.298317366548036
3162,d001,8,1,6.907755278982137
3163,declines,8,8,4.8283137373023015
3164,derivatives,8,7,4.961845129926823
3165,developments,8,8,4.8283137373023015
3166,diets,8,6,5.115995809754082
3167,digestion,8,6,5.115995809754082
3168,dimension,8,5,5.298317366548036
3169,discourse,8,6,5.115995809754082
3170,discussion,8,8,4.8283137373023015
3171,dka,8,4,5.521460917862246
3172,documentation,8,5,5.298317366548036
3173,downregulated,8,7,4.961845129926823
3174,drinking,8,4,5.521460917862246
3175,dvt,8,2,6.214608098422191
3176,ela,8,1,6.907755278982137
3177,elucidated,8,8,4.8283137373023015
3178,emerge,8,8,4.8283137373023015
3179,enabled,8,8,4.8283137373023015
3180,enables,8,8,4.8283137373023015
3181,endoplasmic,8,7,4.961845129926823
3182,enos,8,4,5.521460917862246
3183,erk,8,5,5.298317366548036
3184,escalating,8,6,5.115995809754082
3185,evident,8,8,4.8283137373023015
3186,evolved,8,7,4.961845129926823
3187,excretion,8,5,5.298317366548036
3188,extensive,8,8,4.8283137373023015
3189,federated,8,8,4.8283137373023015
3190,fermentation,8,4,5.521460917862246
3191,fibroblast,8,8,4.8283137373023015
3192,flux,8,8,4.8283137373023015
3193,focuses,8,8,4.8283137373023015
3194,forty,8,8,4.8283137373023015
3195,frequentist,8,8,4.8283137373023015
3196,fundamental,8,8,4.8283137373023015
3197,gbts,8,1,6.907755278982137
3198,gila,8,1,6.907755278982137
3199,glucan,8,1,6.907755278982137
3200,gm2824,8,1,6.907755278982137
3201,governing,8,8,4.8283137373023015
3202,gpcr,8,3,5.809142990314028
3203,gpr43,8,1,6.907755278982137
3204,grading,8,8,4.8283137373023015
3205,handling,8,7,4.961845129926823
3206,harmine,8,1,6.907755278982137
3207,height,8,8,4.8283137373023015
3208,hospitals,8,8,4.8283137373023015
3209,hours,8,5,5.298317366548036
3210,hyperphagia,8,4,5.521460917862246
3211,hypertensive,8,7,4.961845129926823
3212,hypogonadism,8,2,6.214608098422191
3213,hypothesized,8,8,4.8283137373023015
3214,ibts,8,1,6.907755278982137
3215,icer,8,4,5.521460917862246
3216,iec,8,1,6.907755278982137
3217,igf,8,4,5.521460917862246
3218,iih,8,2,6.214608098422191
3219,immunomodulatory,8,8,4.8283137373023015
3220,impedance,8,7,4.961845129926823
3221,inadequately,8,8,4.8283137373023015
3222,incorporate,8,8,4.8283137373023015
3223,incretins,8,6,5.115995809754082
3224,inflammaging,8,3,5.809142990314028
3225,innovative,8,8,4.8283137373023015
3226,insulins,8,3,5.809142990314028
3227,integrate,8,8,4.8283137373023015
3228,intermediate,8,6,5.115995809754082
3229,investigational,8,8,4.8283137373023015
3230,irrespective,8,6,5.115995809754082
3231,item,8,5,5.298317366548036
3232,items,8,8,4.8283137373023015
3233,journal,8,5,5.298317366548036
3234,laparoscopic,8,6,5.115995809754082
3235,leads,8,8,4.8283137373023015
3236,leaving,8,8,4.8283137373023015
3237,leucine,8,2,6.214608098422191
3238,lipedema,8,1,6.907755278982137
3239,lixisenatide,8,6,5.115995809754082
3240,loading,8,7,4.961845129926823
3241,loxenatide,8,1,6.907755278982137
3242,lvad,8,1,6.907755278982137
3243,manufacturing,8,6,5.115995809754082
3244,marketing,8,8,4.8283137373023015
3245,material,8,8,4.8283137373023015
3246,mdd,8,2,6.214608098422191
3247,mediating,8,7,4.961845129926823
3248,melanoma,8,3,5.809142990314028
3249,membrane,8,8,4.8283137373023015
3250,middle,8,7,4.961845129926823
3251,migraine,8,1,6.907755278982137
3252,missing,8,7,4.961845129926823
3253,mmp,8,3,5.809142990314028
3254,modeled,8,5,5.298317366548036
3255,monotherapies,8,5,5.298317366548036
3256,monster,8,1,6.907755278982137
3257,mrc,8,1,6.907755278982137
3258,murine,8,8,4.8283137373023015
3259,mutation,8,4,5.521460917862246
3260,myeloid,8,2,6.214608098422191
3261,naltrexone,8,6,5.115995809754082
3262,ne,8,1,6.907755278982137
3263,necessary,8,8,4.8283137373023015
3264,never,8,5,5.298317366548036
3265,nicotinamide,8,5,5.298317366548036
3266,nod,8,6,5.115995809754082
3267,nonarteritic,8,8,4.8283137373023015
3268,nonsteroidal,8,8,4.8283137373023015
3269,nor,8,7,4.961845129926823
3270,noteworthy,8,8,4.8283137373023015
3271,np,8,2,6.214608098422191
3272,ns,8,4,5.521460917862246
3273,nst,8,1,6.907755278982137
3274,observation,8,8,4.8283137373023015
3275,opportunity,8,8,4.8283137373023015
3276,outpatient,8,6,5.115995809754082
3277,overcome,8,8,4.8283137373023015
3278,owing,8,7,4.961845129926823
3279,pf,8,2,6.214608098422191
3280,pituitary,8,7,4.961845129926823
3281,plausibility,8,7,4.961845129926823
3282,pn,8,2,6.214608098422191
3283,polyendocrine,8,7,4.961845129926823
3284,postoperatively,8,6,5.115995809754082
3285,posts,8,2,6.214608098422191
3286,pp,8,3,5.809142990314028
3287,principal,8,8,4.8283137373023015
3288,private,8,7,4.961845129926823
3289,probabilistic,8,7,4.961845129926823
3290,progenitor,8,4,5.521460917862246
3291,progressively,8,8,4.8283137373023015
3292,protocols,8,8,4.8283137373023015
3293,purpose,8,8,4.8283137373023015
3294,pwo,8,1,6.907755278982137
3295,q4,8,4,5.521460917862246
3296,quarter,8,6,5.115995809754082
3297,rarely,8,8,4.8283137373023015
3298,regarded,8,8,4.8283137373023015
3299,regeneration,8,7,4.961845129926823
3300,regenerative,8,6,5.115995809754082
3301,regular,8,7,4.961845129926823
3302,regulates,8,7,4.961845129926823
3303,reshaped,8,8,4.8283137373023015
3304,responder,8,5,5.298317366548036
3305,ribupatide,8,1,6.907755278982137
3306,rosuvastatin,8,2,6.214608098422191
3307,route,8,6,5.115995809754082
3308,rybelsus,8,5,5.298317366548036
3309,scfas,8,6,5.115995809754082
3310,serving,8,7,4.961845129926823
3311,sexes,8,6,5.115995809754082
3312,shorter,8,6,5.115995809754082
3313,sm,8,1,6.907755278982137
3314,smaller,8,8,4.8283137373023015
3315,sociodemographic,8,6,5.115995809754082
3316,sparse,8,8,4.8283137373023015
3317,square,8,8,4.8283137373023015
3318,starting,8,8,4.8283137373023015
3319,statistic,8,5,5.298317366548036
3320,stay,8,6,5.115995809754082
3321,steroidal,8,8,4.8283137373023015
3322,stevia,8,1,6.907755278982137
3323,stimuli,8,5,5.298317366548036
3324,streptozotocin,8,3,5.809142990314028
3325,subtype,8,6,5.115995809754082
3326,sud,8,2,6.214608098422191
3327,supportive,8,7,4.961845129926823
3328,surface,8,7,4.961845129926823
3329,survivors,8,3,5.809142990314028
3330,suspect,8,3,5.809142990314028
3331,suspected,8,6,5.115995809754082
3332,synthesised,8,7,4.961845129926823
3333,synthesises,8,8,4.8283137373023015
3334,t1dm,8,2,6.214608098422191
3335,tau,8,4,5.521460917862246
3336,taxa,8,6,5.115995809754082
3337,technologies,8,7,4.961845129926823
3338,technology,8,7,4.961845129926823
3339,thermogenesis,8,5,5.298317366548036
3340,threatening,8,7,4.961845129926823
3341,thromboembolic,8,6,5.115995809754082
3342,times,8,7,4.961845129926823
3343,tja,8,3,5.809142990314028
3344,trafficking,8,6,5.115995809754082
3345,ulcers,8,2,6.214608098422191
3346,ultrasound,8,5,5.298317366548036
3347,uncertainties,8,7,4.961845129926823
3348,unproven,8,8,4.8283137373023015
3349,upregulation,8,8,4.8283137373023015
3350,urine,8,6,5.115995809754082
3351,uses,8,8,4.8283137373023015
3352,usual,8,6,5.115995809754082
3353,v,8,7,4.961845129926823
3354,vaccination,8,1,6.907755278982137
3355,viable,8,6,5.115995809754082
3356,vital,8,6,5.115995809754082
3357,wilac,8,1,6.907755278982137
3358,x,8,7,4.961845129926823
3359,yr,8,2,6.214608098422191
3360,μm,8,5,5.298317366548036
3361,014,7,7,4.961845129926823
3362,016,7,6,5.115995809754082
3363,031,7,6,5.115995809754082
3364,039,7,7,4.961845129926823
3365,107,7,7,4.961845129926823
3366,115,7,7,4.961845129926823
3367,119,7,7,4.961845129926823
3368,123,7,7,4.961845129926823
3369,140,7,7,4.961845129926823
3370,142,7,7,4.961845129926823
3371,145,7,7,4.961845129926823
3372,1α,7,4,5.521460917862246
3373,2006,7,6,5.115995809754082
3374,2is,7,2,6.214608098422191
3375,3b,7,7,4.961845129926823
3376,500,7,7,4.961845129926823
3377,a8g,7,1,6.907755278982137
3378,aberrant,7,7,4.961845129926823
3379,ac,7,6,5.115995809754082
3380,accelerate,7,7,4.961845129926823
3381,accordance,7,7,4.961845129926823
3382,accuracy,7,6,5.115995809754082
3383,accurate,7,7,4.961845129926823
3384,adipocytes,7,4,5.521460917862246
3385,adipokine,7,7,4.961845129926823
3386,adjuncts,7,7,4.961845129926823
3387,admissions,7,4,5.521460917862246
3388,advantages,7,7,4.961845129926823
3389,aid,7,4,5.521460917862246
3390,akkermansia,7,5,5.298317366548036
3391,allow,7,7,4.961845129926823
3392,almost,7,7,4.961845129926823
3393,alternatives,7,7,4.961845129926823
3394,amp,7,6,5.115995809754082
3395,anorexia,7,5,5.298317366548036
3396,anorexigenic,7,5,5.298317366548036
3397,antibiotic,7,5,5.298317366548036
3398,apc,7,1,6.907755278982137
3399,applicability,7,7,4.961845129926823
3400,arabia,7,4,5.521460917862246
3401,architecture,7,6,5.115995809754082
3402,ard,7,2,6.214608098422191
3403,arise,7,6,5.115995809754082
3404,arteritic,7,4,5.521460917862246
3405,ascending,7,4,5.521460917862246
3406,assignment,7,7,4.961845129926823
3407,asx,7,1,6.907755278982137
3408,atherogenic,7,6,5.115995809754082
3409,attributable,7,7,4.961845129926823
3410,attributed,7,7,4.961845129926823
3411,avoidance,7,5,5.298317366548036
3412,aβ,7,4,5.521460917862246
3413,began,7,6,5.115995809754082
3414,bgm0504,7,1,6.907755278982137
3415,biased,7,6,5.115995809754082
3416,binge,7,4,5.521460917862246
3417,bioenergetics,7,6,5.115995809754082
3418,bmd,7,3,5.809142990314028
3419,bodies,7,5,5.298317366548036
3420,brs,7,1,6.907755278982137
3421,budget,7,3,5.809142990314028
3422,cardiomyopathy,7,6,5.115995809754082
3423,cargo,7,2,6.214608098422191
3424,centre,7,7,4.961845129926823
3425,centric,7,7,4.961845129926823
3426,cer,7,1,6.907755278982137
3427,checklist,7,5,5.298317366548036
3428,chi,7,7,4.961845129926823
3429,child,7,4,5.521460917862246
3430,childhood,7,6,5.115995809754082
3431,cn,7,2,6.214608098422191
3432,collapse,7,6,5.115995809754082
3433,colon,7,4,5.521460917862246
3434,colonoscopy,7,4,5.521460917862246
3435,comes,7,6,5.115995809754082
3436,compartments,7,5,5.298317366548036
3437,complement,7,7,4.961845129926823
3438,computational,7,5,5.298317366548036
3439,concurrently,7,7,4.961845129926823
3440,consent,7,4,5.521460917862246
3441,construct,7,4,5.521460917862246
3442,continues,7,7,4.961845129926823
3443,contraindications,7,4,5.521460917862246
3444,converge,7,7,4.961845129926823
3445,converging,7,7,4.961845129926823
3446,conversations,7,3,5.809142990314028
3447,corrected,7,5,5.298317366548036
3448,correlation,7,7,4.961845129926823
3449,cortical,7,6,5.115995809754082
3450,crisis,7,7,4.961845129926823
3451,ctni,7,1,6.907755278982137
3452,cuff,7,4,5.521460917862246
3453,cultural,7,4,5.521460917862246
3454,culture,7,7,4.961845129926823
3455,danish,7,5,5.298317366548036
3456,dataset,7,7,4.961845129926823
3457,debate,7,6,5.115995809754082
3458,deficit,7,7,4.961845129926823
3459,definition,7,6,5.115995809754082
3460,delta,7,2,6.214608098422191
3461,depend,7,7,4.961845129926823
3462,dermatologists,7,4,5.521460917862246
3463,detailed,7,7,4.961845129926823
3464,developmental,7,4,5.521460917862246
3465,deviation,7,5,5.298317366548036
3466,differing,7,6,5.115995809754082
3467,dominated,7,7,4.961845129926823
3468,durations,7,5,5.298317366548036
3469,dyslipidaemia,7,7,4.961845129926823
3470,ectopic,7,6,5.115995809754082
3471,elevation,7,7,4.961845129926823
3472,elevations,7,4,5.521460917862246
3473,embolism,7,7,4.961845129926823
3474,emphasize,7,7,4.961845129926823
3475,emphasized,7,7,4.961845129926823
3476,endometrial,7,5,5.298317366548036
3477,engage,7,7,4.961845129926823
3478,engaged,7,5,5.298317366548036
3479,engages,7,7,4.961845129926823
3480,enhancement,7,6,5.115995809754082
3481,equivalent,7,6,5.115995809754082
3482,ers,7,1,6.907755278982137
3483,every,7,7,4.961845129926823
3484,evolution,7,7,4.961845129926823
3485,evt,7,1,6.907755278982137
3486,exact,7,7,4.961845129926823
3487,examination,7,7,4.961845129926823
3488,except,7,7,4.961845129926823
3489,exchange,7,4,5.521460917862246
3490,exploration,7,7,4.961845129926823
3491,exposures,7,6,5.115995809754082
3492,expressing,7,5,5.298317366548036
3493,failed,7,6,5.115995809754082
3494,false,7,6,5.115995809754082
3495,fertility,7,5,5.298317366548036
3496,fisetin,7,3,5.809142990314028
3497,flutter,7,3,5.809142990314028
3498,footprint,7,2,6.214608098422191
3499,forced,7,3,5.809142990314028
3500,foxa1,7,1,6.907755278982137
3501,fragmented,7,7,4.961845129926823
3502,ft3,7,1,6.907755278982137
3503,fundamentally,7,7,4.961845129926823
3504,gains,7,6,5.115995809754082
3505,generalizability,7,7,4.961845129926823
3506,glaucoma,7,2,6.214608098422191
3507,glucocorticoid,7,5,5.298317366548036
3508,gr,7,2,6.214608098422191
3509,herein,7,7,4.961845129926823
3510,histologic,7,4,5.521460917862246
3511,histology,7,7,4.961845129926823
3512,holistic,7,7,4.961845129926823
3513,hydrocodone,7,1,6.907755278982137
3514,hypothetical,7,5,5.298317366548036
3515,hypoxic,7,4,5.521460917862246
3516,i1088,7,1,6.907755278982137
3517,ia,7,1,6.907755278982137
3518,iex,7,1,6.907755278982137
3519,iglarlixi,7,2,6.214608098422191
3520,ileus,7,2,6.214608098422191
3521,impairs,7,6,5.115995809754082
3522,implemented,7,7,4.961845129926823
3523,implementing,7,7,4.961845129926823
3524,inconclusive,7,7,4.961845129926823
3525,indirectly,7,7,4.961845129926823
3526,individually,7,7,4.961845129926823
3527,inference,7,7,4.961845129926823
3528,infrastructure,7,6,5.115995809754082
3529,inhibit,7,6,5.115995809754082
3530,instrip,7,1,6.907755278982137
3531,insufficiency,7,5,5.298317366548036
3532,inter,7,7,4.961845129926823
3533,interindividual,7,7,4.961845129926823
3534,interview,7,5,5.298317366548036
3535,interviews,7,3,5.809142990314028
3536,intrapancreatic,7,2,6.214608098422191
3537,introduction,7,7,4.961845129926823
3538,investigates,7,7,4.961845129926823
3539,irreversible,7,6,5.115995809754082
3540,jader,7,3,5.809142990314028
3541,lactobacillus,7,6,5.115995809754082
3542,layer,7,5,5.298317366548036
3543,leave,7,4,5.521460917862246
3544,ligand,7,7,4.961845129926823
3545,ligands,7,6,5.115995809754082
3546,lipopolysaccharide,7,7,4.961845129926823
3547,list,7,6,5.115995809754082
3548,live,7,6,5.115995809754082
3549,loop,7,7,4.961845129926823
3550,loosening,7,5,5.298317366548036
3551,lupeol,7,1,6.907755278982137
3552,machine,7,6,5.115995809754082
3553,macular,7,7,4.961845129926823
3554,maladaptive,7,7,4.961845129926823
3555,malignancies,7,6,5.115995809754082
3556,malignancy,7,6,5.115995809754082
3557,malnutrition,7,5,5.298317366548036
3558,malo,7,2,6.214608098422191
3559,manifestations,7,7,4.961845129926823
3560,march5,7,1,6.907755278982137
3561,market,7,6,5.115995809754082
3562,marketscan,7,5,5.298317366548036
3563,marrow,7,6,5.115995809754082
3564,max,7,4,5.521460917862246
3565,measurable,7,7,4.961845129926823
3566,meeting,7,7,4.961845129926823
3567,members,7,6,5.115995809754082
3568,methodology,7,5,5.298317366548036
3569,microscopy,7,5,5.298317366548036
3570,minutes,7,5,5.298317366548036
3571,mitigated,7,7,4.961845129926823
3572,mitigating,7,7,4.961845129926823
3573,modifies,7,7,4.961845129926823
3574,modulated,7,6,5.115995809754082
3575,monitor,7,7,4.961845129926823
3576,mri,7,5,5.298317366548036
3577,multidimensional,7,6,5.115995809754082
3578,multifaceted,7,7,4.961845129926823
3579,narratively,7,7,4.961845129926823
3580,networks,7,7,4.961845129926823
3581,neurodegeneration,7,5,5.298317366548036
3582,neurovascular,7,5,5.298317366548036
3583,ng,7,4,5.521460917862246
3584,nma,7,3,5.809142990314028
3585,none,7,7,4.961845129926823
3586,nonfatal,7,4,5.521460917862246
3587,nordisk,7,7,4.961845129926823
3588,numbers,7,7,4.961845129926823
3589,o,7,5,5.298317366548036
3590,optimized,7,7,4.961845129926823
3591,orders,7,3,5.809142990314028
3592,overexpression,7,6,5.115995809754082
3593,oxytocin,7,1,6.907755278982137
3594,painful,7,2,6.214608098422191
3595,paper,7,7,4.961845129926823
3596,papilledema,7,2,6.214608098422191
3597,particle,7,5,5.298317366548036
3598,pci,7,2,6.214608098422191
3599,pe,7,2,6.214608098422191
3600,pectin,7,1,6.907755278982137
3601,peg,7,2,6.214608098422191
3602,pending,7,7,4.961845129926823
3603,phenomenon,7,6,5.115995809754082
3604,physician,7,5,5.298317366548036
3605,place,7,7,4.961845129926823
3606,placed,7,7,4.961845129926823
3607,plant,7,7,4.961845129926823
3608,platforms,7,6,5.115995809754082
3609,pomj,7,1,6.907755278982137
3610,poorer,7,5,5.298317366548036
3611,possibility,7,7,4.961845129926823
3612,postpartum,7,2,6.214608098422191
3613,preconception,7,5,5.298317366548036
3614,preference,7,5,5.298317366548036
3615,preferential,7,5,5.298317366548036
3616,promoted,7,7,4.961845129926823
3617,promoter,7,5,5.298317366548036
3618,raas,7,6,5.115995809754082
3619,raasi,7,1,6.907755278982137
3620,rapamycin,7,7,4.961845129926823
3621,rds,7,6,5.115995809754082
3622,reasons,7,5,5.298317366548036
3623,recombinant,7,3,5.809142990314028
3624,recruitment,7,7,4.961845129926823
3625,reliability,7,6,5.115995809754082
3626,reliance,7,7,4.961845129926823
3627,repeat,7,6,5.115995809754082
3628,repurposing,7,6,5.115995809754082
3629,reshaping,7,7,4.961845129926823
3630,respective,7,6,5.115995809754082
3631,retrieved,7,7,4.961845129926823
3632,rob,7,7,4.961845129926823
3633,robins,7,7,4.961845129926823
3634,rrs,7,7,4.961845129926823
3635,scalable,7,6,5.115995809754082
3636,scenario,7,4,5.521460917862246
3637,scopolamine,7,1,6.907755278982137
3638,secretagogues,7,3,5.809142990314028
3639,selectively,7,6,5.115995809754082
3640,separated,7,7,4.961845129926823
3641,sets,7,6,5.115995809754082
3642,shifting,7,7,4.961845129926823
3643,shortages,7,5,5.298317366548036
3644,simultaneous,7,4,5.521460917862246
3645,since,7,7,4.961845129926823
3646,slowing,7,6,5.115995809754082
3647,smg,7,1,6.907755278982137
3648,society,7,6,5.115995809754082
3649,solely,7,7,4.961845129926823
3650,solids,7,2,6.214608098422191
3651,spectroscopy,7,5,5.298317366548036
3652,spontaneous,7,7,4.961845129926823
3653,ssi,7,2,6.214608098422191
3654,sstr2,7,1,6.907755278982137
3655,stachyose,7,1,6.907755278982137
3656,sterile,7,6,5.115995809754082
3657,storage,7,5,5.298317366548036
3658,strengths,7,6,5.115995809754082
3659,structurally,7,7,4.961845129926823
3660,structures,7,7,4.961845129926823
3661,subclinical,7,5,5.298317366548036
3662,sublingual,7,2,6.214608098422191
3663,suppresses,7,6,5.115995809754082
3664,synthase,7,6,5.115995809754082
3665,synuclein,7,4,5.521460917862246
3666,thematic,7,6,5.115995809754082
3667,titration,7,6,5.115995809754082
3668,tramadol,7,1,6.907755278982137
3669,transfer,7,6,5.115995809754082
3670,translated,7,7,4.961845129926823
3671,transport,7,7,4.961845129926823
3672,unavailable,7,7,4.961845129926823
3673,units,7,7,4.961845129926823
3674,usa,7,6,5.115995809754082
3675,utilizing,7,7,4.961845129926823
3676,validity,7,7,4.961845129926823
3677,valuable,7,7,4.961845129926823
3678,variant,7,4,5.521460917862246
3679,verified,7,6,5.115995809754082
3680,viability,7,7,4.961845129926823
3681,videos,7,2,6.214608098422191
3682,vigilance,7,5,5.298317366548036
3683,wl,7,1,6.907755278982137
3684,yield,7,6,5.115995809754082
3685,008,6,6,5.115995809754082
3686,012,6,6,5.115995809754082
3687,013,6,6,5.115995809754082
3688,023,6,6,5.115995809754082
3689,034,6,6,5.115995809754082
3690,109,6,6,5.115995809754082
3691,113,6,6,5.115995809754082
3692,135,6,4,5.521460917862246
3693,1404,6,1,6.907755278982137
3694,143,6,6,5.115995809754082
3695,161,6,5,5.298317366548036
3696,168,6,5,5.298317366548036
3697,182,6,2,6.214608098422191
3698,199,6,6,5.115995809754082
3699,210,6,3,5.809142990314028
3700,395,6,3,5.809142990314028
3701,401,6,5,5.298317366548036
3702,a1,6,3,5.809142990314028
3703,actionable,6,6,5.115995809754082
3704,activate,6,6,5.115995809754082
3705,acts,6,6,5.115995809754082
3706,acutely,6,5,5.298317366548036
3707,adaptations,6,5,5.298317366548036
3708,added,6,6,5.115995809754082
3709,addresses,6,6,5.115995809754082
3710,adhesion,6,3,5.809142990314028
3711,adipogenic,6,2,6.214608098422191
3712,adjust,6,5,5.298317366548036
3713,adrenal,6,5,5.298317366548036
3714,aerobic,6,5,5.298317366548036
3715,aibd,6,1,6.907755278982137
3716,ais,6,2,6.214608098422191
3717,algorithm,6,6,5.115995809754082
3718,algorithms,6,6,5.115995809754082
3719,ambulatory,6,3,5.809142990314028
3720,ameliorated,6,6,5.115995809754082
3721,aminotransferase,6,5,5.298317366548036
3722,amplitude,6,4,5.521460917862246
3723,analyze,6,5,5.298317366548036
3724,anesthetic,6,5,5.298317366548036
3725,antidepressant,6,3,5.809142990314028
3726,antipsychotics,6,4,5.521460917862246
3727,apnoea,6,5,5.298317366548036
3728,apolipoprotein,6,4,5.521460917862246
3729,applicable,6,6,5.115995809754082
3730,appointment,6,2,6.214608098422191
3731,aqueous,6,5,5.298317366548036
3732,arrestin,6,5,5.298317366548036
3733,artificial,6,6,5.115995809754082
3734,attractive,6,6,5.115995809754082
3735,author,6,5,5.298317366548036
3736,authorization,6,3,5.809142990314028
3737,autoimmune,6,6,5.115995809754082
3738,autonomic,6,6,5.115995809754082
3739,bbi,6,1,6.907755278982137
3740,beginning,6,6,5.115995809754082
3741,benchmarks,6,5,5.298317366548036
3742,bioelectrical,6,6,5.115995809754082
3743,birth,6,5,5.298317366548036
3744,blockers,6,6,5.115995809754082
3745,blot,6,6,5.115995809754082
3746,blotting,6,6,5.115995809754082
3747,bnp,6,2,6.214608098422191
3748,bootstrap,6,3,5.809142990314028
3749,breve,6,1,6.907755278982137
3750,broadly,6,6,5.115995809754082
3751,butyrate,6,3,5.809142990314028
3752,caco,6,6,5.115995809754082
3753,cagrilintide,6,5,5.298317366548036
3754,calibration,6,3,5.809142990314028
3755,carbohydrates,6,4,5.521460917862246
3756,carefully,6,6,5.115995809754082
3757,carvacrol,6,1,6.907755278982137
3758,caused,6,6,5.115995809754082
3759,censoring,6,3,5.809142990314028
3760,cgas,6,3,5.809142990314028
3761,changed,6,6,5.115995809754082
3762,channel,6,4,5.521460917862246
3763,cho,6,3,5.809142990314028
3764,cholecystitis,6,5,5.298317366548036
3765,cim,6,1,6.907755278982137
3766,circuit,6,6,5.115995809754082
3767,circulation,6,6,5.115995809754082
3768,classical,6,6,5.115995809754082
3769,cli,6,2,6.214608098422191
3770,coding,6,5,5.298317366548036
3771,colorectal,6,5,5.298317366548036
3772,compelling,6,6,5.115995809754082
3773,competence,6,3,5.809142990314028
3774,completely,6,6,5.115995809754082
3775,compounding,6,5,5.298317366548036
3776,compromising,6,6,5.115995809754082
3777,confounders,6,6,5.115995809754082
3778,consisting,6,6,5.115995809754082
3779,consultation,6,6,5.115995809754082
3780,contained,6,4,5.521460917862246
3781,continuously,6,6,5.115995809754082
3782,convergent,6,5,5.298317366548036
3783,coordination,6,5,5.298317366548036
3784,ct130,6,1,6.907755278982137
3785,curves,6,6,5.115995809754082
3786,dates,6,5,5.298317366548036
3787,decade,6,6,5.115995809754082
3788,deficits,6,6,5.115995809754082
3789,degenerative,6,2,6.214608098422191
3790,deliver,6,6,5.115995809754082
3791,delphi,6,4,5.521460917862246
3792,detect,6,5,5.298317366548036
3793,detectable,6,5,5.298317366548036
3794,devices,6,4,5.521460917862246
3795,dexamethasone,6,2,6.214608098422191
3796,diagnoses,6,6,5.115995809754082
3797,differentiated,6,6,5.115995809754082
3798,digestibility,6,2,6.214608098422191
3799,digestive,6,5,5.298317366548036
3800,diminished,6,6,5.115995809754082
3801,dio,6,5,5.298317366548036
3802,dispensing,6,6,5.115995809754082
3803,disproportionate,6,6,5.115995809754082
3804,distinguishing,6,5,5.298317366548036
3805,douyin,6,1,6.907755278982137
3806,down,6,6,5.115995809754082
3807,drawn,6,6,5.115995809754082
3808,editorial,6,6,5.115995809754082
3809,eec,6,1,6.907755278982137
3810,efficiency,6,5,5.298317366548036
3811,effluvium,6,3,5.809142990314028
3812,egger,6,4,5.521460917862246
3813,elastography,6,5,5.298317366548036
3814,electrolyte,6,5,5.298317366548036
3815,electrostatic,6,2,6.214608098422191
3816,eleven,6,6,5.115995809754082
3817,elisa,6,6,5.115995809754082
3818,encounter,6,5,5.298317366548036
3819,endothelin,6,6,5.115995809754082
3820,enkephalin,6,1,6.907755278982137
3821,enzymatic,6,6,5.115995809754082
3822,epidemic,6,6,5.115995809754082
3823,episodes,6,5,5.298317366548036
3824,estrogen,6,3,5.809142990314028
3825,exacerbations,6,4,5.521460917862246
3826,excellent,6,6,5.115995809754082
3827,exclusions,6,6,5.115995809754082
3828,exerted,6,6,5.115995809754082
3829,exhibits,6,6,5.115995809754082
3830,expands,6,6,5.115995809754082
3831,expiratory,6,3,5.809142990314028
3832,explicit,6,5,5.298317366548036
3833,explicitly,6,6,5.115995809754082
3834,extends,6,5,5.298317366548036
3835,eye,6,5,5.298317366548036
3836,facing,6,6,5.115995809754082
3837,fair,6,5,5.298317366548036
3838,far,6,6,5.115995809754082
3839,fate,6,4,5.521460917862246
3840,favoring,6,6,5.115995809754082
3841,feed,6,2,6.214608098422191
3842,ffs,6,1,6.907755278982137
3843,fill,6,6,5.115995809754082
3844,fluctuations,6,6,5.115995809754082
3845,follicle,6,4,5.521460917862246
3846,follows,6,6,5.115995809754082
3847,forms,6,5,5.298317366548036
3848,fsh,6,3,5.809142990314028
3849,fullness,6,4,5.521460917862246
3850,gamma,6,5,5.298317366548036
3851,gastroesophageal,6,6,5.115995809754082
3852,gastroparesis,6,4,5.521460917862246
3853,genital,6,5,5.298317366548036
3854,geometric,6,5,5.298317366548036
3855,german,6,3,5.809142990314028
3856,geroprotective,6,4,5.521460917862246
3857,gland,6,2,6.214608098422191
3858,gm,6,3,5.809142990314028
3859,goals,6,6,5.115995809754082
3860,gpr119,6,3,5.809142990314028
3861,graded,6,5,5.298317366548036
3862,gradient,6,5,5.298317366548036
3863,graft,6,2,6.214608098422191
3864,granule,6,4,5.521460917862246
3865,green,6,4,5.521460917862246
3866,gt,6,1,6.907755278982137
3867,ha,6,1,6.907755278982137
3868,hallmark,6,6,5.115995809754082
3869,hallmarks,6,4,5.521460917862246
3870,hap,6,1,6.907755278982137
3871,harmonised,6,6,5.115995809754082
3872,heavy,6,3,5.809142990314028
3873,hierarchical,6,6,5.115995809754082
3874,his,6,5,5.298317366548036
3875,hospitalized,6,4,5.521460917862246
3876,hub,6,4,5.521460917862246
3877,hundred,6,5,5.298317366548036
3878,hydrophobic,6,5,5.298317366548036
3879,hypothalamus,6,5,5.298317366548036
3880,iarc,6,1,6.907755278982137
3881,ice,6,1,6.907755278982137
3882,immunity,6,5,5.298317366548036
3883,infectious,6,5,5.298317366548036
3884,influenced,6,6,5.115995809754082
3885,infusions,6,2,6.214608098422191
3886,innate,6,5,5.298317366548036
3887,intention,6,6,5.115995809754082
3888,interventional,6,5,5.298317366548036
3889,inulin,6,2,6.214608098422191
3890,investigators,6,6,5.115995809754082
3891,involves,6,6,5.115995809754082
3892,ird,6,1,6.907755278982137
3893,issue,6,6,5.115995809754082
3894,jumpstart,6,1,6.907755278982137
3895,junction,6,3,5.809142990314028
3896,kc,6,1,6.907755278982137
3897,kcal,6,5,5.298317366548036
3898,ketosis,6,5,5.298317366548036
3899,labels,6,3,5.809142990314028
3900,latest,6,6,5.115995809754082
3901,laying,6,2,6.214608098422191
3902,lb,6,3,5.809142990314028
3903,lds,6,1,6.907755278982137
3904,linagliptin,6,2,6.214608098422191
3905,lineage,6,3,5.809142990314028
3906,lipotoxicity,6,6,5.115995809754082
3907,ln,6,3,5.809142990314028
3908,load,6,4,5.521460917862246
3909,log,6,5,5.298317366548036
3910,losing,6,6,5.115995809754082
3911,losses,6,6,5.115995809754082
3912,lrr,6,2,6.214608098422191
3913,lt,6,2,6.214608098422191
3914,ma,6,3,5.809142990314028
3915,mafld,6,3,5.809142990314028
3916,mala,6,1,6.907755278982137
3917,malformations,6,3,5.809142990314028
3918,manufacturer,6,5,5.298317366548036
3919,markov,6,6,5.115995809754082
3920,masked,6,5,5.298317366548036
3921,materials,6,6,5.115995809754082
3922,matrices,6,5,5.298317366548036
3923,matsuda,6,2,6.214608098422191
3924,maximal,6,6,5.115995809754082
3925,mda,6,4,5.521460917862246
3926,mdi,6,1,6.907755278982137
3927,mds,6,5,5.298317366548036
3928,mediate,6,2,6.214608098422191
3929,mediates,6,6,5.115995809754082
3930,medium,6,6,5.115995809754082
3931,melanocortin,6,3,5.809142990314028
3932,microglial,6,5,5.298317366548036
3933,mineral,6,5,5.298317366548036
3934,mini,6,5,5.298317366548036
3935,minimally,6,5,5.298317366548036
3936,mitigation,6,6,5.115995809754082
3937,mmtt,6,2,6.214608098422191
3938,monthly,6,5,5.298317366548036
3939,mostly,6,6,5.115995809754082
3940,motor,6,4,5.521460917862246
3941,mtc,6,2,6.214608098422191
3942,mtdna,6,4,5.521460917862246
3943,mvs,6,1,6.907755278982137
3944,nadir,6,3,5.809142990314028
3945,neck,6,2,6.214608098422191
3946,neither,6,5,5.298317366548036
3947,neuroimaging,6,5,5.298317366548036
3948,neuroprotection,6,6,5.115995809754082
3949,nevertheless,6,6,5.115995809754082
3950,nmr,6,4,5.521460917862246
3951,nmsc,6,1,6.907755278982137
3952,nnt,6,2,6.214608098422191
3953,noninvasive,6,3,5.809142990314028
3954,nonrandomized,6,4,5.521460917862246
3955,npy,6,4,5.521460917862246
3956,nuclei,6,3,5.809142990314028
3957,nutrients,6,6,5.115995809754082
3958,organized,6,6,5.115995809754082
3959,os,6,2,6.214608098422191
3960,outpatients,6,5,5.298317366548036
3961,pairing,6,5,5.298317366548036
3962,panoptosis,6,1,6.907755278982137
3963,paradox,6,5,5.298317366548036
3964,parameter,6,6,5.115995809754082
3965,pay,6,5,5.298317366548036
3966,pcr,6,6,5.115995809754082
3967,penetration,6,5,5.298317366548036
3968,permeation,6,4,5.521460917862246
3969,peroxidation,6,4,5.521460917862246
3970,persists,6,6,5.115995809754082
3971,pharmacodynamics,6,6,5.115995809754082
3972,pipeline,6,6,5.115995809754082
3973,planning,6,5,5.298317366548036
3974,plastic,6,4,5.521460917862246
3975,plasticity,6,5,5.298317366548036
3976,platelet,6,2,6.214608098422191
3977,plays,6,6,5.115995809754082
3978,podocyte,6,1,6.907755278982137
3979,positions,6,5,5.298317366548036
3980,potassium,6,6,5.115995809754082
3981,power,6,6,5.115995809754082
3982,powerful,6,6,5.115995809754082
3983,pparγ,6,4,5.521460917862246
3984,ppha,6,1,6.907755278982137
3985,prandial,6,3,5.809142990314028
3986,prebiotics,6,5,5.298317366548036
3987,precursors,6,6,5.115995809754082
3988,predominant,6,6,5.115995809754082
3989,preferences,6,6,5.115995809754082
3990,presentations,6,6,5.115995809754082
3991,prioritize,6,6,5.115995809754082
3992,produces,6,6,5.115995809754082
3993,prolong,6,6,5.115995809754082
3994,proteostasis,6,5,5.298317366548036
3995,questionnaires,6,4,5.521460917862246
3996,rated,6,5,5.298317366548036
3997,reach,6,6,5.115995809754082
3998,reactivity,6,5,5.298317366548036
3999,reassuring,6,5,5.298317366548036
4000,receiver,6,5,5.298317366548036
4001,recognizing,6,6,5.115995809754082
4002,referral,6,6,5.115995809754082
4003,refine,6,6,5.115995809754082
4004,refractory,6,4,5.521460917862246
4005,regurgitation,6,1,6.907755278982137
4006,relapsing,6,6,5.115995809754082
4007,reliable,6,4,5.521460917862246
4008,reoperation,6,5,5.298317366548036
4009,rescue,6,3,5.809142990314028
4010,respect,6,6,5.115995809754082
4011,respiration,6,3,5.809142990314028
4012,responsible,6,6,5.115995809754082
4013,restores,6,6,5.115995809754082
4014,revascularization,6,5,5.298317366548036
4015,reveals,6,6,5.115995809754082
4016,rgv,6,1,6.907755278982137
4017,roadmap,6,6,5.115995809754082
4018,rose,6,6,5.115995809754082
4019,rotator,6,3,5.809142990314028
4020,rt,6,5,5.298317366548036
4021,rwg,6,1,6.907755278982137
4022,sasp,6,3,5.809142990314028
4023,scaffold,6,6,5.115995809754082
4024,scan,6,3,5.809142990314028
4025,sdb,6,1,6.907755278982137
4026,sensors,6,6,5.115995809754082
4027,separately,6,5,5.298317366548036
4028,seq,6,5,5.298317366548036
4029,serial,6,6,5.115995809754082
4030,serves,6,6,5.115995809754082
4031,sf,6,3,5.809142990314028
4032,sgt,6,1,6.907755278982137
4033,sick,6,3,5.809142990314028
4034,silencing,6,5,5.298317366548036
4035,solution,6,5,5.298317366548036
4036,sought,6,6,5.115995809754082
4037,south,6,5,5.298317366548036
4038,specialist,6,6,5.115995809754082
4039,spectrometry,6,5,5.298317366548036
4040,squamous,6,2,6.214608098422191
4041,staining,6,6,5.115995809754082
4042,start,6,6,5.115995809754082
4043,strain,6,4,5.521460917862246
4044,strata,6,5,5.298317366548036
4045,strengthen,6,6,5.115995809754082
4046,su,6,1,6.907755278982137
4047,substitution,6,5,5.298317366548036
4048,sulfonylurea,6,6,5.115995809754082
4049,supplemented,6,6,5.115995809754082
4050,supplements,6,4,5.521460917862246
4051,supply,6,6,5.115995809754082
4052,surveys,6,6,5.115995809754082
4053,synaptic,6,6,5.115995809754082
4054,synergy,6,5,5.298317366548036
4055,t2,6,3,5.809142990314028
4056,taiwan,6,3,5.809142990314028
4057,tamoxifen,6,2,6.214608098422191
4058,tbi,6,1,6.907755278982137
4059,telogen,6,3,5.809142990314028
4060,terminology,6,5,5.298317366548036
4061,tertiary,6,6,5.115995809754082
4062,text,6,5,5.298317366548036
4063,theory,6,5,5.298317366548036
4064,thiamine,6,4,5.521460917862246
4065,thirty,6,6,5.115995809754082
4066,thromboembolism,6,6,5.115995809754082
4067,tight,6,2,6.214608098422191
4068,timepoints,6,4,5.521460917862246
4069,tlr4,6,4,5.521460917862246
4070,transcripts,6,2,6.214608098422191
4071,transformative,6,6,5.115995809754082
4072,treg,6,1,6.907755278982137
4073,tsa,6,2,6.214608098422191
4074,tumors,6,3,5.809142990314028
4075,tumour,6,4,5.521460917862246
4076,uc,6,1,6.907755278982137
4077,udca,6,1,6.907755278982137
4078,underexplored,6,6,5.115995809754082
4079,underrepresented,6,6,5.115995809754082
4080,unexposed,6,5,5.298317366548036
4081,unified,6,6,5.115995809754082
4082,university,6,5,5.298317366548036
4083,unregulated,6,6,5.115995809754082
4084,update,6,5,5.298317366548036
4085,urgent,6,6,5.115995809754082
4086,varies,6,6,5.115995809754082
4087,venom,6,2,6.214608098422191
4088,vertebral,6,1,6.907755278982137
4089,veterans,6,3,5.809142990314028
4090,warranting,6,6,5.115995809754082
4091,wat,6,2,6.214608098422191
4092,why,6,6,5.115995809754082
4093,willingness,6,5,5.298317366548036
4094,wmd,6,1,6.907755278982137
4095,ybx1,6,1,6.907755278982137
4096,γδ,6,1,6.907755278982137
4097,η2p,6,1,6.907755278982137
4098,006,5,5,5.298317366548036
4099,015,5,5,5.298317366548036
4100,017,5,5,5.298317366548036
4101,022,5,5,5.298317366548036
4102,025,5,5,5.298317366548036
4103,040,5,5,5.298317366548036
4104,052,5,5,5.298317366548036
4105,101,5,5,5.298317366548036
4106,102,5,5,5.298317366548036
4107,111,5,5,5.298317366548036
4108,114,5,5,5.298317366548036
4109,122,5,4,5.521460917862246
4110,129,5,5,5.298317366548036
4111,132,5,4,5.521460917862246
4112,139,5,5,5.298317366548036
4113,141,5,5,5.298317366548036
4114,149,5,5,5.298317366548036
4115,151,5,5,5.298317366548036
4116,185,5,5,5.298317366548036
4117,195,5,3,5.809142990314028
4118,196,5,5,5.298317366548036
4119,1b,5,4,5.521460917862246
4120,1rs,5,4,5.521460917862246
4121,2009,5,3,5.809142990314028
4122,2012,5,5,5.298317366548036
4123,211,5,3,5.809142990314028
4124,214,5,4,5.521460917862246
4125,216,5,5,5.298317366548036
4126,242,5,4,5.521460917862246
4127,2557,5,1,6.907755278982137
4128,263,5,5,5.298317366548036
4129,299,5,4,5.521460917862246
4130,300,5,5,5.298317366548036
4131,311,5,3,5.809142990314028
4132,380,5,2,6.214608098422191
4133,3a,5,2,6.214608098422191
4134,3β,5,1,6.907755278982137
4135,540,5,1,6.907755278982137
4136,580,5,2,6.214608098422191
4137,5b,5,1,6.907755278982137
4138,601,5,1,6.907755278982137
4139,672,5,5,5.298317366548036
4140,6j,5,5,5.298317366548036
4141,786,5,4,5.521460917862246
4142,800,5,3,5.809142990314028
4143,832,5,5,5.298317366548036
4144,932,5,5,5.298317366548036
4145,able,5,5,5.298317366548036
4146,abnormal,5,5,5.298317366548036
4147,abolished,5,5,5.298317366548036
4148,accelerating,5,5,5.298317366548036
4149,accompanying,5,5,5.298317366548036
4150,accordingly,5,5,5.298317366548036
4151,accumulating,5,5,5.298317366548036
4152,accurately,5,5,5.298317366548036
4153,activator,5,4,5.521460917862246
4154,addictive,5,3,5.809142990314028
4155,adds,5,2,6.214608098422191
4156,adenosine,5,5,5.298317366548036
4157,aga,5,2,6.214608098422191
4158,agency,5,5,5.298317366548036
4159,al,5,5,5.298317366548036
4160,alignment,5,5,5.298317366548036
4161,alleviating,5,5,5.298317366548036
4162,alters,5,5,5.298317366548036
4163,amplification,5,5,5.298317366548036
4164,anaesthesia,5,1,6.907755278982137
4165,analyse,5,4,5.521460917862246
4166,antibiotics,5,3,5.809142990314028
4167,antioxidant,5,5,5.298317366548036
4168,antiretroviral,5,4,5.521460917862246
4169,aortic,5,2,6.214608098422191
4170,apelin,5,2,6.214608098422191
4171,applying,5,5,5.298317366548036
4172,appropriateness,5,3,5.809142990314028
4173,argues,5,5,5.298317366548036
4174,arrhythmias,5,5,5.298317366548036
4175,arthroscopic,5,2,6.214608098422191
4176,aseptic,5,4,5.521460917862246
4177,associative,5,5,5.298317366548036
4178,attendance,5,3,5.809142990314028
4179,attitudes,5,4,5.521460917862246
4180,attributes,5,3,5.809142990314028
4181,authorities,5,3,5.809142990314028
4182,avenue,5,5,5.298317366548036
4183,axial,5,2,6.214608098422191
4184,basic,5,5,5.298317366548036
4185,bca,5,1,6.907755278982137
4186,bearing,5,3,5.809142990314028
4187,becoming,5,5,5.298317366548036
4188,behaviour,5,5,5.298317366548036
4189,binds,5,5,5.298317366548036
4190,biologics,5,4,5.521460917862246
4191,blinded,5,5,5.298317366548036
4192,bond,5,2,6.214608098422191
4193,boundaries,5,3,5.809142990314028
4194,bpm,5,2,6.214608098422191
4195,breakthroughs,5,4,5.521460917862246
4196,bsh,5,2,6.214608098422191
4197,ca,5,1,6.907755278982137
4198,ca7s,5,1,6.907755278982137
4199,cabg,5,1,6.907755278982137
4200,calendar,5,4,5.521460917862246
4201,calls,5,5,5.298317366548036
4202,calorimetry,5,3,5.809142990314028
4203,canada,5,3,5.809142990314028
4204,carcinogenicity,5,1,6.907755278982137
4205,cardiology,5,4,5.521460917862246
4206,caregivers,5,1,6.907755278982137
4207,carrying,5,4,5.521460917862246
4208,cartilage,5,4,5.521460917862246
4209,causing,5,5,5.298317366548036
4210,cautious,5,5,5.298317366548036
4211,cerebellar,5,1,6.907755278982137
4212,characterise,5,5,5.298317366548036
4213,characterization,5,3,5.809142990314028
4214,ci95,5,1,6.907755278982137
4215,circadian,5,5,5.298317366548036
4216,circuitry,5,5,5.298317366548036
4217,city,5,5,5.298317366548036
4218,close,5,5,5.298317366548036
4219,clozapine,5,1,6.907755278982137
4220,cmds,5,1,6.907755278982137
4221,coexisting,5,5,5.298317366548036
4222,colitis,5,3,5.809142990314028
4223,collection,5,5,5.298317366548036
4224,combines,5,5,5.298317366548036
4225,commentary,5,4,5.521460917862246
4226,companion,5,3,5.809142990314028
4227,comparability,5,3,5.809142990314028
4228,comparatively,5,5,5.298317366548036
4229,compensatory,5,5,5.298317366548036
4230,compliance,5,5,5.298317366548036
4231,conclude,5,5,5.298317366548036
4232,concordant,5,5,5.298317366548036
4233,confers,5,5,5.298317366548036
4234,conservative,5,5,5.298317366548036
4235,considerably,5,5,5.298317366548036
4236,constraints,5,4,5.521460917862246
4237,consumer,5,4,5.521460917862246
4238,contains,5,5,5.298317366548036
4239,continuation,5,5,5.298317366548036
4240,controversies,5,4,5.521460917862246
4241,coordinate,5,5,5.298317366548036
4242,cortex,5,4,5.521460917862246
4243,counselling,5,4,5.521460917862246
4244,counterparts,5,5,5.298317366548036
4245,counts,5,5,5.298317366548036
4246,crd,5,5,5.298317366548036
4247,creating,5,5,5.298317366548036
4248,creb,5,3,5.809142990314028
4249,credible,5,4,5.521460917862246
4250,crucially,5,5,5.298317366548036
4251,cvots,5,3,5.809142990314028
4252,cyclosporine,5,2,6.214608098422191
4253,daytime,5,4,5.521460917862246
4254,deeper,5,5,5.298317366548036
4255,defect,5,3,5.809142990314028
4256,deidentified,5,5,5.298317366548036
4257,dependently,5,5,5.298317366548036
4258,depends,5,5,5.298317366548036
4259,derive,5,5,5.298317366548036
4260,description,5,5,5.298317366548036
4261,determining,5,5,5.298317366548036
4262,diarrhoea,5,5,5.298317366548036
4263,dipole,5,1,6.907755278982137
4264,directional,5,5,5.298317366548036
4265,discontinue,5,5,5.298317366548036
4266,discontinuers,5,3,5.809142990314028
4267,discontinuing,5,4,5.521460917862246
4268,discrimination,5,4,5.521460917862246
4269,displayed,5,5,5.298317366548036
4270,disproportionately,5,5,5.298317366548036
4271,disrupts,5,4,5.521460917862246
4272,distinction,5,5,5.298317366548036
4273,distributed,5,5,5.298317366548036
4274,disturbance,5,4,5.521460917862246
4275,diuretics,5,4,5.521460917862246
4276,donor,5,4,5.521460917862246
4277,donors,5,2,6.214608098422191
4278,dopamine,5,4,5.521460917862246
4279,efforts,5,5,5.298317366548036
4280,efpeglenatide,5,1,6.907755278982137
4281,elongation,5,1,6.907755278982137
4282,ema,5,4,5.521460917862246
4283,enrolling,5,5,5.298317366548036
4284,enteral,5,2,6.214608098422191
4285,entry,5,4,5.521460917862246
4286,eoss,5,1,6.907755278982137
4287,epicardial,5,4,5.521460917862246
4288,epilepsy,5,1,6.907755278982137
4289,equally,5,4,5.521460917862246
4290,et,5,5,5.298317366548036
4291,ethnic,5,4,5.521460917862246
4292,ethnicity,5,5,5.298317366548036
4293,ever,5,5,5.298317366548036
4294,evidenced,5,5,5.298317366548036
4295,evolve,5,5,5.298317366548036
4296,exceeded,5,5,5.298317366548036
4297,exclusive,5,5,5.298317366548036
4298,exclusively,5,5,5.298317366548036
4299,excursions,5,4,5.521460917862246
4300,exerting,5,5,5.298317366548036
4301,experiment,5,3,5.809142990314028
4302,experimentally,5,4,5.521460917862246
4303,explanation,5,5,5.298317366548036
4304,explanations,5,5,5.298317366548036
4305,extraction,5,5,5.298317366548036
4306,f1,5,1,6.907755278982137
4307,f2,5,4,5.521460917862246
4308,f3,5,4,5.521460917862246
4309,fails,5,5,5.298317366548036
4310,falls,5,5,5.298317366548036
4311,faster,5,3,5.809142990314028
4312,fdr,5,4,5.521460917862246
4313,feedback,5,5,5.298317366548036
4314,fentanyl,5,1,6.907755278982137
4315,fetal,5,3,5.809142990314028
4316,fev1,5,1,6.907755278982137
4317,fibroscan,5,2,6.214608098422191
4318,fields,5,4,5.521460917862246
4319,film,5,2,6.214608098422191
4320,financial,5,5,5.298317366548036
4321,fine,5,5,5.298317366548036
4322,finger,5,2,6.214608098422191
4323,flexibility,5,5,5.298317366548036
4324,fm,5,2,6.214608098422191
4325,folding,5,4,5.521460917862246
4326,forming,5,5,5.298317366548036
4327,frail,5,3,5.809142990314028
4328,funnel,5,4,5.521460917862246
4329,gallstones,5,3,5.809142990314028
4330,generalized,5,5,5.298317366548036
4331,genome,5,4,5.521460917862246
4332,gfap,5,2,6.214608098422191
4333,gk,5,2,6.214608098422191
4334,glycolytic,5,2,6.214608098422191
4335,great,5,5,5.298317366548036
4336,gsk,5,1,6.907755278982137
4337,haemodynamic,5,4,5.521460917862246
4338,hard,5,5,5.298317366548036
4339,hb8,5,1,6.907755278982137
4340,hblt,5,1,6.907755278982137
4341,healthier,5,3,5.809142990314028
4342,hedonic,5,4,5.521460917862246
4343,hemodynamics,5,4,5.521460917862246
4344,hepatotoxicity,5,2,6.214608098422191
4345,hg,5,4,5.521460917862246
4346,hgp,5,1,6.907755278982137
4347,hl,5,2,6.214608098422191
4348,ho,5,1,6.907755278982137
4349,hybrid,5,4,5.521460917862246
4350,hydrogen,5,4,5.521460917862246
4351,hyperglycemic,5,5,5.298317366548036
4352,hypersensitivity,5,3,5.809142990314028
4353,hypertriglyceridemia,5,4,5.521460917862246
4354,iauc,5,3,5.809142990314028
4355,icers,5,3,5.809142990314028
4356,ide,5,1,6.907755278982137
4357,idegasp,5,1,6.907755278982137
4358,ifn,5,2,6.214608098422191
4359,iglarreduced,5,1,6.907755278982137
4360,immunoreactive,5,1,6.907755278982137
4361,imputation,5,4,5.521460917862246
4362,inappropriate,5,2,6.214608098422191
4363,inclusive,5,4,5.521460917862246
4364,inducing,5,5,5.298317366548036
4365,inferiority,5,3,5.809142990314028
4366,infiltration,5,4,5.521460917862246
4367,ingestion,5,4,5.521460917862246
4368,insecurity,5,2,6.214608098422191
4369,instead,5,5,5.298317366548036
4370,instructions,5,5,5.298317366548036
4371,intelligence,5,5,5.298317366548036
4372,intensified,5,3,5.809142990314028
4373,interface,5,4,5.521460917862246
4374,internal,5,5,5.298317366548036
4375,intestine,5,5,5.298317366548036
4376,intraoperative,5,2,6.214608098422191
4377,involve,5,5,5.298317366548036
4378,ipmn,5,1,6.907755278982137
4379,irisin,5,2,6.214608098422191
4380,irrs,5,3,5.809142990314028
4381,iu,5,4,5.521460917862246
4382,j,5,3,5.809142990314028
4383,k,5,4,5.521460917862246
4384,kansas,5,5,5.298317366548036
4385,kd,5,2,6.214608098422191
4386,keywords,5,5,5.298317366548036
4387,kidneyintelx,5,1,6.907755278982137
4388,knockout,5,2,6.214608098422191
4389,kpdm,5,1,6.907755278982137
4390,lc,5,4,5.521460917862246
4391,leader,5,5,5.298317366548036
4392,libitum,5,4,5.521460917862246
4393,lifelong,5,5,5.298317366548036
4394,lira,5,1,6.907755278982137
4395,lists,5,5,5.298317366548036
4396,lor,5,1,6.907755278982137
4397,luminal,5,4,5.521460917862246
4398,lv,5,2,6.214608098422191
4399,lys12,5,1,6.907755278982137
4400,mainland,5,3,5.809142990314028
4401,mam,5,1,6.907755278982137
4402,mammalian,5,4,5.521460917862246
4403,manager,5,4,5.521460917862246
4404,mandated,5,1,6.907755278982137
4405,mapping,5,5,5.298317366548036
4406,massiliensis,5,1,6.907755278982137
4407,maze,5,2,6.214608098422191
4408,mcf,5,1,6.907755278982137
4409,mci,5,3,5.809142990314028
4410,meaningfully,5,4,5.521460917862246
4411,mechanics,5,4,5.521460917862246
4412,member,5,5,5.298317366548036
4413,membership,5,3,5.809142990314028
4414,micro,5,4,5.521460917862246
4415,microenvironment,5,5,5.298317366548036
4416,micronutrients,5,5,5.298317366548036
4417,mid,5,5,5.298317366548036
4418,midazolam,5,2,6.214608098422191
4419,minute,5,4,5.521460917862246
4420,misinformation,5,4,5.521460917862246
4421,modifier,5,4,5.521460917862246
4422,mody,5,1,6.907755278982137
4423,mono,5,5,5.298317366548036
4424,monocytes,5,1,6.907755278982137
4425,monophosphate,5,5,5.298317366548036
4426,mouth,5,4,5.521460917862246
4427,move,5,5,5.298317366548036
4428,muct,5,1,6.907755278982137
4429,nanoparticle,5,5,5.298317366548036
4430,narratives,5,3,5.809142990314028
4431,nasal,5,1,6.907755278982137
4432,native,5,3,5.809142990314028
4433,navigating,5,5,5.298317366548036
4434,necessarily,5,5,5.298317366548036
4435,needle,5,2,6.214608098422191
4436,nens,5,1,6.907755278982137
4437,neovascular,5,4,5.521460917862246
4438,neurod1,5,1,6.907755278982137
4439,neuropeptide,5,4,5.521460917862246
4440,newcastle,5,5,5.298317366548036
4441,nhs,5,3,5.809142990314028
4442,nicotine,5,2,6.214608098422191
4443,normalization,5,5,5.298317366548036
4444,normalized,5,5,5.298317366548036
4445,north,5,5,5.298317366548036
4446,nud,5,1,6.907755278982137
4447,oao,5,1,6.907755278982137
4448,oatp1b,5,1,6.907755278982137
4449,observable,5,4,5.521460917862246
4450,obstetrician,5,2,6.214608098422191
4451,occupancy,5,3,5.809142990314028
4452,oil,5,4,5.521460917862246
4453,ojps,5,1,6.907755278982137
4454,org,5,5,5.298317366548036
4455,orlistat,5,5,5.298317366548036
4456,orofacial,5,1,6.907755278982137
4457,orthopaedic,5,3,5.809142990314028
4458,osteolysis,5,1,6.907755278982137
4459,osteoporotic,5,2,6.214608098422191
4460,ottawa,5,5,5.298317366548036
4461,outperformed,5,4,5.521460917862246
4462,overt,5,4,5.521460917862246
4463,ox,5,1,6.907755278982137
4464,oxphos,5,2,6.214608098422191
4465,oxycodone,5,1,6.907755278982137
4466,p1np,5,2,6.214608098422191
4467,pan,5,4,5.521460917862246
4468,pap,5,2,6.214608098422191
4469,pasireotide,5,1,6.907755278982137
4470,pass,5,4,5.521460917862246
4471,pasteurized,5,1,6.907755278982137
4472,patent,5,4,5.521460917862246
4473,pathophysiologic,5,4,5.521460917862246
4474,payer,5,4,5.521460917862246
4475,payers,5,4,5.521460917862246
4476,pcps,5,1,6.907755278982137
4477,perception,5,5,5.298317366548036
4478,periodontal,5,1,6.907755278982137
4479,photo,5,1,6.907755278982137
4480,plans,5,5,5.298317366548036
4481,po,5,1,6.907755278982137
4482,pool,5,5,5.298317366548036
4483,portal,5,3,5.809142990314028
4484,pose,5,5,5.298317366548036
4485,positioned,5,5,5.298317366548036
4486,possess,5,5,5.298317366548036
4487,possesses,5,5,5.298317366548036
4488,postmarketing,5,3,5.809142990314028
4489,postviral,5,1,6.907755278982137
4490,pounds,5,3,5.809142990314028
4491,ppg,5,2,6.214608098422191
4492,preceding,5,5,5.298317366548036
4493,predefined,5,5,5.298317366548036
4494,predominance,5,5,5.298317366548036
4495,presenting,5,5,5.298317366548036
4496,prevents,5,5,5.298317366548036
4497,prioritized,5,4,5.521460917862246
4498,problems,5,4,5.521460917862246
4499,professionals,5,4,5.521460917862246
4500,programmes,5,5,5.298317366548036
4501,proliferative,5,5,5.298317366548036
4502,prominent,5,5,5.298317366548036
4503,propionate,5,4,5.521460917862246
4504,proteasomal,5,2,6.214608098422191
4505,protect,5,4,5.521460917862246
4506,provider,5,4,5.521460917862246
4507,psoriatic,5,3,5.809142990314028
4508,psud,5,1,6.907755278982137
4509,pt,5,2,6.214608098422191
4510,pulse,5,4,5.521460917862246
4511,pump,5,2,6.214608098422191
4512,pyruvate,5,4,5.521460917862246
4513,qalys,5,4,5.521460917862246
4514,qpcr,5,4,5.521460917862246
4515,qualified,5,4,5.521460917862246
4516,racial,5,4,5.521460917862246
4517,radical,5,3,5.809142990314028
4518,raise,5,5,5.298317366548036
4519,rankings,5,4,5.521460917862246
4520,read,5,4,5.521460917862246
4521,readmissions,5,5,5.298317366548036
4522,readouts,5,5,5.298317366548036
4523,recruited,5,5,5.298317366548036
4524,referred,5,4,5.521460917862246
4525,regions,5,5,5.298317366548036
4526,relation,5,5,5.298317366548036
4527,reliably,5,5,5.298317366548036
4528,relies,5,5,5.298317366548036
4529,rely,5,5,5.298317366548036
4530,reoperations,5,3,5.809142990314028
4531,replication,5,5,5.298317366548036
4532,reporter,5,4,5.521460917862246
4533,representation,5,4,5.521460917862246
4534,reserve,5,4,5.521460917862246
4535,residence,5,3,5.809142990314028
4536,residents,5,1,6.907755278982137
4537,resorption,5,3,5.809142990314028
4538,responders,5,3,5.809142990314028
4539,responsivity,5,3,5.809142990314028
4540,restraint,5,2,6.214608098422191
4541,revolutionized,5,5,5.298317366548036
4542,root,5,4,5.521460917862246
4543,routinely,5,5,5.298317366548036
4544,run,5,4,5.521460917862246
4545,rupture,5,2,6.214608098422191
4546,rural,5,2,6.214608098422191
4547,sagging,5,2,6.214608098422191
4548,scoping,5,4,5.521460917862246
4549,screen,5,5,5.298317366548036
4550,secretin,5,1,6.907755278982137
4551,segment,5,5,5.298317366548036
4552,semen,5,2,6.214608098422191
4553,senolytics,5,5,5.298317366548036
4554,sep,5,1,6.907755278982137
4555,sessions,5,3,5.809142990314028
4556,simulated,5,5,5.298317366548036
4557,slightly,5,4,5.521460917862246
4558,slope,5,4,5.521460917862246
4559,soluble,5,4,5.521460917862246
4560,somatostatin,5,4,5.521460917862246
4561,spanish,5,4,5.521460917862246
4562,sphinganine,5,1,6.907755278982137
4563,squared,5,5,5.298317366548036
4564,ssds,5,1,6.907755278982137
4565,st26,5,1,6.907755278982137
4566,staging,5,5,5.298317366548036
4567,standardization,5,5,5.298317366548036
4568,standards,5,5,5.298317366548036
4569,steroid,5,2,6.214608098422191
4570,sucrose,5,3,5.809142990314028
4571,sufficient,5,4,5.521460917862246
4572,sulfation,5,2,6.214608098422191
4573,summarized,5,5,5.298317366548036
4574,supplement,5,4,5.521460917862246
4575,surgeon,5,3,5.809142990314028
4576,surgeries,5,4,5.521460917862246
4577,synergistically,5,5,5.298317366548036
4578,tablets,5,4,5.521460917862246
4579,team,5,4,5.521460917862246
4580,tended,5,3,5.809142990314028
4581,tern,5,1,6.907755278982137
4582,tf,5,1,6.907755278982137
4583,themselves,5,5,5.298317366548036
4584,therapeutically,5,5,5.298317366548036
4585,thymol,5,1,6.907755278982137
4586,tia,5,1,6.907755278982137
4587,timely,5,5,5.298317366548036
4588,tobacco,5,5,5.298317366548036
4589,toxicology,5,3,5.809142990314028
4590,trabecular,5,2,6.214608098422191
4591,traumatic,5,3,5.809142990314028
4592,tree,5,2,6.214608098422191
4593,trigger,5,2,6.214608098422191
4594,tuberculosis,5,2,6.214608098422191
4595,tzds,5,3,5.809142990314028
4596,underlie,5,5,5.298317366548036
4597,unexplored,5,5,5.298317366548036
4598,uniquely,5,5,5.298317366548036
4599,universal,5,5,5.298317366548036
4600,updates,5,4,5.521460917862246
4601,upfs,5,2,6.214608098422191
4602,vagal,5,3,5.809142990314028
4603,valid,5,4,5.521460917862246
4604,vehicle,5,4,5.521460917862246
4605,vicious,5,5,5.298317366548036
4606,vso,5,1,6.907755278982137
4607,wegovy,5,5,5.298317366548036
4608,wild,5,5,5.298317366548036
4609,worsen,5,5,5.298317366548036
4610,wt,5,2,6.214608098422191
4611,york,5,5,5.298317366548036
4612,zero,5,5,5.298317366548036
4613,zfp423,5,1,6.907755278982137
4614,γglupal,5,1,6.907755278982137
4615,δ,5,5,5.298317366548036
4616,δbfm,5,1,6.907755278982137
4617,μg,5,2,6.214608098422191
4618,010,4,4,5.521460917862246
4619,019,4,4,5.521460917862246
4620,024,4,4,5.521460917862246
4621,027,4,4,5.521460917862246
4622,037,4,4,5.521460917862246
4623,041,4,4,5.521460917862246
4624,044,4,2,6.214608098422191
4625,065,4,3,5.809142990314028
4626,071,4,3,5.809142990314028
4627,103,4,3,5.809142990314028
4628,105,4,4,5.521460917862246
4629,108,4,4,5.521460917862246
4630,134,4,2,6.214608098422191
4631,138,4,4,5.521460917862246
4632,148,4,4,5.521460917862246
4633,150,4,3,5.809142990314028
4634,152,4,4,5.521460917862246
4635,155,4,3,5.809142990314028
4636,169,4,4,5.521460917862246
4637,170,4,4,5.521460917862246
4638,172,4,4,5.521460917862246
4639,184,4,2,6.214608098422191
4640,198,4,3,5.809142990314028
4641,2000,4,4,5.521460917862246
4642,2005,4,4,5.521460917862246
4643,2007,4,2,6.214608098422191
4644,208,4,4,5.521460917862246
4645,209,4,4,5.521460917862246
4646,213,4,4,5.521460917862246
4647,243,4,4,5.521460917862246
4648,250,4,4,5.521460917862246
4649,256,4,4,5.521460917862246
4650,259,4,4,5.521460917862246
4651,260,4,4,5.521460917862246
4652,286,4,4,5.521460917862246
4653,291,4,3,5.809142990314028
4654,292,4,4,5.521460917862246
4655,297,4,4,5.521460917862246
4656,2b,4,3,5.809142990314028
4657,319,4,2,6.214608098422191
4658,325,4,1,6.907755278982137
4659,328,4,4,5.521460917862246
4660,391,4,4,5.521460917862246
4661,400,4,1,6.907755278982137
4662,423,4,4,5.521460917862246
4663,514,4,4,5.521460917862246
4664,5d,4,2,6.214608098422191
4665,5l,4,2,6.214608098422191
4666,626,4,2,6.214608098422191
4667,693,4,4,5.521460917862246
4668,702,4,4,5.521460917862246
4669,722,4,4,5.521460917862246
4670,777,4,2,6.214608098422191
4671,853,4,4,5.521460917862246
4672,993,4,4,5.521460917862246
4673,abstracts,4,4,5.521460917862246
4674,acceptance,4,2,6.214608098422191
4675,accepted,4,3,5.809142990314028
4676,accessible,4,4,5.521460917862246
4677,accounts,4,4,5.521460917862246
4678,accumulate,4,4,5.521460917862246
4679,acetate,4,4,5.521460917862246
4680,acetylcysteine,4,3,5.809142990314028
4681,achievable,4,4,5.521460917862246
4682,acidic,4,3,5.809142990314028
4683,acquisition,4,4,5.521460917862246
4684,acvr2a,4,1,6.907755278982137
4685,adapted,4,4,5.521460917862246
4686,adipokines,4,2,6.214608098422191
4687,admitted,4,4,5.521460917862246
4688,affordable,4,3,5.809142990314028
4689,agencies,4,4,5.521460917862246
4690,agenda,4,4,5.521460917862246
4691,agis,4,2,6.214608098422191
4692,ago,4,4,5.521460917862246
4693,aha,4,2,6.214608098422191
4694,akk,4,1,6.907755278982137
4695,alex,4,1,6.907755278982137
4696,allowing,4,4,5.521460917862246
4697,altering,4,4,5.521460917862246
4698,ameliorate,4,4,5.521460917862246
4699,ameliorates,4,3,5.809142990314028
4700,america,4,2,6.214608098422191
4701,amount,4,4,5.521460917862246
4702,amplified,4,4,5.521460917862246
4703,amplify,4,4,5.521460917862246
4704,amstar,4,3,5.809142990314028
4705,analytics,4,4,5.521460917862246
4706,ancestry,4,3,5.809142990314028
4707,anchor,4,4,5.521460917862246
4708,androgens,4,4,5.521460917862246
4709,angiography,4,2,6.214608098422191
4710,ankle,4,3,5.809142990314028
4711,anticancer,4,1,6.907755278982137
4712,antihyperglycaemic,4,2,6.214608098422191
4713,antihypertensive,4,2,6.214608098422191
4714,appraisal,4,4,5.521460917862246
4715,appraise,4,4,5.521460917862246
4716,appraises,4,4,5.521460917862246
4717,appropriately,4,4,5.521460917862246
4718,approvals,4,4,5.521460917862246
4719,apr,4,1,6.907755278982137
4720,armamentarium,4,4,5.521460917862246
4721,arrhythmic,4,2,6.214608098422191
4722,assembly,4,3,5.809142990314028
4723,assesses,4,4,5.521460917862246
4724,assistance,4,3,5.809142990314028
4725,assisted,4,3,5.809142990314028
4726,astrocytic,4,4,5.521460917862246
4727,asvs,4,1,6.907755278982137
4728,asymmetric,4,4,5.521460917862246
4729,atcc,4,1,6.907755278982137
4730,atr,4,1,6.907755278982137
4731,attending,4,3,5.809142990314028
4732,attitude,4,1,6.907755278982137
4733,attributing,4,4,5.521460917862246
4734,attribution,4,3,5.809142990314028
4735,augment,4,4,5.521460917862246
4736,augmentation,4,4,5.521460917862246
4737,aural,4,2,6.214608098422191
4738,australia,4,3,5.809142990314028
4739,autoantibody,4,2,6.214608098422191
4740,autonomy,4,4,5.521460917862246
4741,ax,4,1,6.907755278982137
4742,barrett,4,1,6.907755278982137
4743,bas,4,2,6.214608098422191
4744,bd,4,1,6.907755278982137
4745,benign,4,2,6.214608098422191
4746,benjamini,4,4,5.521460917862246
4747,beverages,4,2,6.214608098422191
4748,bia,4,2,6.214608098422191
4749,bibliometric,4,1,6.907755278982137
4750,binomial,4,4,5.521460917862246
4751,bioassays,4,2,6.214608098422191
4752,bioavailable,4,4,5.521460917862246
4753,biobank,4,3,5.809142990314028
4754,biopsychosocial,4,2,6.214608098422191
4755,biweekly,4,1,6.907755278982137
4756,blackcurrant,4,1,6.907755278982137
4757,blindness,4,1,6.907755278982137
4758,bmis,4,1,6.907755278982137
4759,bo,4,1,6.907755278982137
4760,board,4,3,5.809142990314028
4761,borderline,4,3,5.809142990314028
4762,bound,4,3,5.809142990314028
4763,brainstem,4,2,6.214608098422191
4764,branded,4,3,5.809142990314028
4765,bridging,4,4,5.521460917862246
4766,bs,4,1,6.907755278982137
4767,called,4,4,5.521460917862246
4768,caprylate,4,4,5.521460917862246
4769,capturing,4,4,5.521460917862246
4770,carried,4,3,5.809142990314028
4771,causation,4,2,6.214608098422191
4772,cd14,4,1,6.907755278982137
4773,centred,4,4,5.521460917862246
4774,cerebral,4,4,5.521460917862246
4775,cf,4,2,6.214608098422191
4776,cgi,4,1,6.907755278982137
4777,chapter,4,3,5.809142990314028
4778,charcot,4,1,6.907755278982137
4779,charge,4,2,6.214608098422191
4780,checkpoint,4,3,5.809142990314028
4781,cholecystokinin,4,4,5.521460917862246
4782,cholelithiasis,4,3,5.809142990314028
4783,chop,4,3,5.809142990314028
4784,citrate,4,4,5.521460917862246
4785,clearer,4,4,5.521460917862246
4786,clearly,4,4,5.521460917862246
4787,clostridia,4,1,6.907755278982137
4788,clustering,4,3,5.809142990314028
4789,coagonists,4,2,6.214608098422191
4790,coi,4,1,6.907755278982137
4791,cold,4,2,6.214608098422191
4792,com,4,4,5.521460917862246
4793,comfort,4,3,5.809142990314028
4794,commercially,4,4,5.521460917862246
4795,company,4,4,5.521460917862246
4796,compares,4,4,5.521460917862246
4797,compartment,4,3,5.809142990314028
4798,competitive,4,4,5.521460917862246
4799,comprises,4,4,5.521460917862246
4800,concepts,4,4,5.521460917862246
4801,confirming,4,3,5.809142990314028
4802,conjunction,4,3,5.809142990314028
4803,consecutive,4,4,5.521460917862246
4804,constitutes,4,4,5.521460917862246
4805,constitutive,4,3,5.809142990314028
4806,continuing,4,4,5.521460917862246
4807,contraction,4,2,6.214608098422191
4808,convened,4,4,5.521460917862246
4809,coprimary,4,2,6.214608098422191
4810,correlations,4,4,5.521460917862246
4811,corresponded,4,4,5.521460917862246
4812,corroborate,4,4,5.521460917862246
4813,cosmetic,4,4,5.521460917862246
4814,cosmos,4,3,5.809142990314028
4815,counteract,4,4,5.521460917862246
4816,counterregulatory,4,3,5.809142990314028
4817,covid,4,2,6.214608098422191
4818,cps,4,1,6.907755278982137
4819,credibility,4,1,6.907755278982137
4820,crps,4,1,6.907755278982137
4821,css,4,3,5.809142990314028
4822,ctr,4,1,6.907755278982137
4823,ctx,4,2,6.214608098422191
4824,culminating,4,4,5.521460917862246
4825,cyclase,4,4,5.521460917862246
4826,cycles,4,4,5.521460917862246
4827,cyp3a4,4,2,6.214608098422191
4828,cytosolic,4,4,5.521460917862246
4829,danuglipron,4,3,5.809142990314028
4830,dawley,4,4,5.521460917862246
4831,dca,4,1,6.907755278982137
4832,dce,4,1,6.907755278982137
4833,dcm,4,1,6.907755278982137
4834,declamping,4,1,6.907755278982137
4835,deduplication,4,4,5.521460917862246
4836,defects,4,4,5.521460917862246
4837,definitively,4,4,5.521460917862246
4838,dehiscence,4,4,5.521460917862246
4839,delineate,4,4,5.521460917862246
4840,delivers,4,4,5.521460917862246
4841,dental,4,2,6.214608098422191
4842,depots,4,3,5.809142990314028
4843,describing,4,4,5.521460917862246
4844,desulfuricans,4,1,6.907755278982137
4845,detail,4,4,5.521460917862246
4846,details,4,4,5.521460917862246
4847,deterministic,4,4,5.521460917862246
4848,diarrhea,4,3,5.809142990314028
4849,dichotomous,4,4,5.521460917862246
4850,differentially,4,4,5.521460917862246
4851,dilemmas,4,1,6.907755278982137
4852,dili,4,1,6.907755278982137
4853,discectomy,4,4,5.521460917862246
4854,disparity,4,2,6.214608098422191
4855,dissociation,4,4,5.521460917862246
4856,distance,4,3,5.809142990314028
4857,distress,4,3,5.809142990314028
4858,dls,4,1,6.907755278982137
4859,documents,4,4,5.521460917862246
4860,downregulating,4,4,5.521460917862246
4861,downward,4,4,5.521460917862246
4862,dramatically,4,4,5.521460917862246
4863,draw,4,4,5.521460917862246
4864,drg,4,1,6.907755278982137
4865,dtw,4,1,6.907755278982137
4866,ductal,4,3,5.809142990314028
4867,ducts,4,1,6.907755278982137
4868,duodenal,4,4,5.521460917862246
4869,dysautonomia,4,1,6.907755278982137
4870,easo,4,2,6.214608098422191
4871,ec50,4,3,5.809142990314028
4872,ecosystem,4,3,5.809142990314028
4873,educational,4,4,5.521460917862246
4874,efflux,4,4,5.521460917862246
4875,egr,4,1,6.907755278982137
4876,eli,4,4,5.521460917862246
4877,elusive,4,4,5.521460917862246
4878,embedded,4,4,5.521460917862246
4879,emerges,4,4,5.521460917862246
4880,emission,4,3,5.809142990314028
4881,emphasizes,4,4,5.521460917862246
4882,emulated,4,4,5.521460917862246
4883,encapsulation,4,2,6.214608098422191
4884,encompasses,4,4,5.521460917862246
4885,encounters,4,3,5.809142990314028
4886,ended,4,4,5.521460917862246
4887,energetics,4,4,5.521460917862246
4888,energies,4,3,5.809142990314028
4889,engineering,4,4,5.521460917862246
4890,entity,4,4,5.521460917862246
4891,epithelium,4,4,5.521460917862246
4892,eq,4,2,6.214608098422191
4893,equation,4,4,5.521460917862246
4894,equity,4,4,5.521460917862246
4895,eqw,4,1,6.907755278982137
4896,erythritol,4,1,6.907755278982137
4897,escalated,4,4,5.521460917862246
4898,ester,4,2,6.214608098422191
4899,estimating,4,4,5.521460917862246
4900,eta,4,1,6.907755278982137
4901,etiology,4,4,5.521460917862246
4902,etr,4,1,6.907755278982137
4903,exacerbated,4,4,5.521460917862246
4904,exceeding,4,4,5.521460917862246
4905,exit,4,1,6.907755278982137
4906,expectancy,4,4,5.521460917862246
4907,explains,4,4,5.521460917862246
4908,exscel,4,2,6.214608098422191
4909,extensor,4,1,6.907755278982137
4910,fairness,4,2,6.214608098422191
4911,fall,4,4,5.521460917862246
4912,favored,4,4,5.521460917862246
4913,feature,4,4,5.521460917862246
4914,ferritin,4,2,6.214608098422191
4915,fibrillary,4,3,5.809142990314028
4916,films,4,2,6.214608098422191
4917,find,4,4,5.521460917862246
4918,flavor,4,1,6.907755278982137
4919,fmoc,4,1,6.907755278982137
4920,folate,4,4,5.521460917862246
4921,force,4,3,5.809142990314028
4922,formally,4,4,5.521460917862246
4923,formula,4,3,5.809142990314028
4924,formulated,4,4,5.521460917862246
4925,fourth,4,3,5.809142990314028
4926,fragmentation,4,4,5.521460917862246
4927,fructofuranosyl,4,1,6.907755278982137
4928,fructose,4,4,5.521460917862246
4929,funding,4,3,5.809142990314028
4930,g168s,4,1,6.907755278982137
4931,gated,4,4,5.521460917862246
4932,gender,4,4,5.521460917862246
4933,generics,4,3,5.809142990314028
4934,give,4,4,5.521460917862246
4935,gksset,4,1,6.907755278982137
4936,glipizide,4,2,6.214608098422191
4937,glycolipid,4,2,6.214608098422191
4938,glycoprotein,4,4,5.521460917862246
4939,go,4,3,5.809142990314028
4940,govern,4,4,5.521460917862246
4941,gpcrvp,4,1,6.907755278982137
4942,gpx4,4,4,5.521460917862246
4943,guarantee,4,3,5.809142990314028
4944,gynaecological,4,1,6.907755278982137
4945,gynecological,4,2,6.214608098422191
4946,h716,4,4,5.521460917862246
4947,hads,4,1,6.907755278982137
4948,haematological,4,2,6.214608098422191
4949,hand,4,4,5.521460917862246
4950,handgrip,4,2,6.214608098422191
4951,hcp,4,1,6.907755278982137
4952,hcu,4,1,6.907755278982137
4953,hdm1002,4,1,6.907755278982137
4954,healthspan,4,2,6.214608098422191
4955,hei,4,2,6.214608098422191
4956,helps,4,4,5.521460917862246
4957,hens,4,1,6.907755278982137
4958,hepatology,4,3,5.809142990314028
4959,hepg2,4,3,5.809142990314028
4960,heterozygous,4,4,5.521460917862246
4961,hif,4,1,6.907755278982137
4962,hippocampus,4,4,5.521460917862246
4963,hispidin,4,1,6.907755278982137
4964,hochberg,4,4,5.521460917862246
4965,hodgkin,4,1,6.907755278982137
4966,holds,4,4,5.521460917862246
4967,home,4,2,6.214608098422191
4968,horizon,4,4,5.521460917862246
4969,hpc,4,1,6.907755278982137
4970,hrms,4,1,6.907755278982137
4971,hsps,4,1,6.907755278982137
4972,hydroxybenzoyl,4,4,5.521460917862246
4973,hygiene,4,1,6.907755278982137
4974,hyperinsulinemia,4,3,5.809142990314028
4975,hyperlipidemia,4,4,5.521460917862246
4976,hypoglossal,4,3,5.809142990314028
4977,iglar,4,2,6.214608098422191
4978,iglartitrated,4,1,6.907755278982137
4979,il1b,4,2,6.214608098422191
4980,imms,4,1,6.907755278982137
4981,immunohistochemistry,4,4,5.521460917862246
4982,immunopositive,4,1,6.907755278982137
4983,immunoprecipitation,4,4,5.521460917862246
4984,immunoreactivity,4,2,6.214608098422191
4985,impairing,4,4,5.521460917862246
4986,impairments,4,4,5.521460917862246
4987,implant,4,4,5.521460917862246
4988,inadvertent,4,4,5.521460917862246
4989,indicator,4,4,5.521460917862246
4990,indicators,4,4,5.521460917862246
4991,inf,4,1,6.907755278982137
4992,informative,4,4,5.521460917862246
4993,informs,4,4,5.521460917862246
4994,inhibiting,4,4,5.521460917862246
4995,initiate,4,4,5.521460917862246
4996,innovation,4,3,5.809142990314028
4997,innovations,4,4,5.521460917862246
4998,inotropic,4,2,6.214608098422191
4999,input,4,4,5.521460917862246
5000,inputs,4,4,5.521460917862246
5001,instrument,4,4,5.521460917862246
5002,insured,4,2,6.214608098422191
5003,intact,4,4,5.521460917862246
5004,interdisciplinary,4,4,5.521460917862246
5005,interrelated,4,4,5.521460917862246
5006,intersect,4,4,5.521460917862246
5007,intertwined,4,4,5.521460917862246
5008,intestinalis,4,1,6.907755278982137
5009,inversely,4,3,5.809142990314028
5010,investigating,4,4,5.521460917862246
5011,investment,4,4,5.521460917862246
5012,ip,4,2,6.214608098422191
5013,ipfd,4,1,6.907755278982137
5014,ipmns,4,1,6.907755278982137
5015,isolation,4,4,5.521460917862246
5016,jnk,4,3,5.809142990314028
5017,justice,4,4,5.521460917862246
5018,justify,4,4,5.521460917862246
5019,kdigo,4,2,6.214608098422191
5020,kfre,4,2,6.214608098422191
5021,krt,4,1,6.907755278982137
5022,lacked,4,4,5.521460917862246
5023,lactic,4,4,5.521460917862246
5024,latter,4,4,5.521460917862246
5025,lca,4,1,6.907755278982137
5026,leaf,4,2,6.214608098422191
5027,leveraging,4,4,5.521460917862246
5028,levodopa,4,2,6.214608098422191
5029,lie,4,4,5.521460917862246
5030,light,4,4,5.521460917862246
5031,likewise,4,4,5.521460917862246
5032,lilly,4,4,5.521460917862246
5033,lipase,4,4,5.521460917862246
5034,lipotoxic,4,3,5.809142990314028
5035,lispro,4,1,6.907755278982137
5036,listing,4,3,5.809142990314028
5037,lizard,4,1,6.907755278982137
5038,locally,4,4,5.521460917862246
5039,loci,4,2,6.214608098422191
5040,longitudinally,4,4,5.521460917862246
5041,los,4,2,6.214608098422191
5042,lsg,4,2,6.214608098422191
5043,lsm,4,1,6.907755278982137
5044,luciferase,4,4,5.521460917862246
5045,lymphoma,4,1,6.907755278982137
5046,lys1972,4,1,6.907755278982137
5047,m6a,4,1,6.907755278982137
5048,mapped,4,4,5.521460917862246
5049,marks,4,3,5.809142990314028
5050,maternal,4,2,6.214608098422191
5051,mcp,4,2,6.214608098422191
5052,meanwhile,4,4,5.521460917862246
5053,medicinal,4,4,5.521460917862246
5054,medullary,4,4,5.521460917862246
5055,menopausal,4,3,5.809142990314028
5056,mention,4,3,5.809142990314028
5057,mesolimbic,4,4,5.521460917862246
5058,methyl,4,4,5.521460917862246
5059,methylation,4,4,5.521460917862246
5060,microdosing,4,1,6.907755278982137
5061,microfluidic,4,2,6.214608098422191
5062,militaris,4,2,6.214608098422191
5063,minimum,4,4,5.521460917862246
5064,mir,4,3,5.809142990314028
5065,mixture,4,3,5.809142990314028
5066,mo,4,2,6.214608098422191
5067,mobile,4,2,6.214608098422191
5068,mobility,4,3,5.809142990314028
5069,modalities,4,4,5.521460917862246
5070,monographs,4,1,6.907755278982137
5071,morris,4,2,6.214608098422191
5072,motivated,4,3,5.809142990314028
5073,motivational,4,3,5.809142990314028
5074,moved,4,4,5.521460917862246
5075,mrt,4,1,6.907755278982137
5076,mstn,4,2,6.214608098422191
5077,mtorc1,4,2,6.214608098422191
5078,mucus,4,2,6.214608098422191
5079,mulberry,4,2,6.214608098422191
5080,multinational,4,4,5.521460917862246
5081,multisystem,4,4,5.521460917862246
5082,multivariate,4,4,5.521460917862246
5083,myotubes,4,3,5.809142990314028
5084,naive,4,2,6.214608098422191
5085,nanoemulsion,4,1,6.907755278982137
5086,naranjo,4,4,5.521460917862246
5087,narrow,4,4,5.521460917862246
5088,nci,4,4,5.521460917862246
5089,nephropathy,4,4,5.521460917862246
5090,neuro,4,4,5.521460917862246
5091,neuroarthropathy,4,1,6.907755278982137
5092,neurobiological,4,4,5.521460917862246
5093,neuroplasticity,4,3,5.809142990314028
5094,neutrophil,4,3,5.809142990314028
5095,nonetheless,4,4,5.521460917862246
5096,noninsulin,4,3,5.809142990314028
5097,nonobese,4,2,6.214608098422191
5098,nonscarring,4,1,6.907755278982137
5099,npy4,4,1,6.907755278982137
5100,nucleus,4,4,5.521460917862246
5101,numerically,4,3,5.809142990314028
5102,nutri,4,1,6.907755278982137
5103,nyha,4,3,5.809142990314028
5104,ob,4,2,6.214608098422191
5105,obedigithum,4,1,6.907755278982137
5106,obstetric,4,3,5.809142990314028
5107,oedema,4,2,6.214608098422191
5108,oesophageal,4,1,6.907755278982137
5109,oesophagus,4,1,6.907755278982137
5110,offered,4,4,5.521460917862246
5111,olanzapine,4,1,6.907755278982137
5112,oncologic,4,3,5.809142990314028
5113,operates,4,4,5.521460917862246
5114,optimisation,4,4,5.521460917862246
5115,optimise,4,4,5.521460917862246
5116,organoids,4,3,5.809142990314028
5117,originally,4,4,5.521460917862246
5118,ors,4,4,5.521460917862246
5119,osteogenic,4,4,5.521460917862246
5120,ovulation,4,3,5.809142990314028
5121,own,4,4,5.521460917862246
5122,oxidized,4,4,5.521460917862246
5123,p65,4,2,6.214608098422191
5124,pa,4,1,6.907755278982137
5125,padj,4,1,6.907755278982137
5126,pair,4,4,5.521460917862246
5127,palmitate,4,2,6.214608098422191
5128,panels,4,4,5.521460917862246
5129,parametric,4,3,5.809142990314028
5130,participate,4,4,5.521460917862246
5131,parts,4,4,5.521460917862246
5132,passive,4,3,5.809142990314028
5133,paternal,4,2,6.214608098422191
5134,patulous,4,3,5.809142990314028
5135,pbsa,4,2,6.214608098422191
5136,pcp,4,2,6.214608098422191
5137,pentosus,4,1,6.907755278982137
5138,periconceptional,4,1,6.907755278982137
5139,permutation,4,2,6.214608098422191
5140,peroxide,4,3,5.809142990314028
5141,personalised,4,3,5.809142990314028
5142,pgc,4,2,6.214608098422191
5143,pharmacist,4,3,5.809142990314028
5144,pharmacogenomic,4,3,5.809142990314028
5145,phosphate,4,4,5.521460917862246
5146,physiologic,4,4,5.521460917862246
5147,pilot,4,4,5.521460917862246
5148,piog,4,1,6.907755278982137
5149,plasminogen,4,3,5.809142990314028
5150,players,4,3,5.809142990314028
5151,plumeria,4,1,6.907755278982137
5152,pm,4,3,5.809142990314028
5153,pocket,4,4,5.521460917862246
5154,possibly,4,4,5.521460917862246
5155,postbariatric,4,4,5.521460917862246
5156,postcessation,4,2,6.214608098422191
5157,posterior,4,3,5.809142990314028
5158,precipitants,4,2,6.214608098422191
5159,prediabetic,4,2,6.214608098422191
5160,predict,4,3,5.809142990314028
5161,predicting,4,4,5.521460917862246
5162,predictions,4,3,5.809142990314028
5163,predicts,4,3,5.809142990314028
5164,pregnancies,4,3,5.809142990314028
5165,preoperatively,4,4,5.521460917862246
5166,prepared,4,3,5.809142990314028
5167,preserves,4,4,5.521460917862246
5168,pretreatment,4,4,5.521460917862246
5169,pricing,4,4,5.521460917862246
5170,privately,4,3,5.809142990314028
5171,proactive,4,4,5.521460917862246
5172,probabilities,4,3,5.809142990314028
5173,processed,4,4,5.521460917862246
5174,producer,4,2,6.214608098422191
5175,productivity,4,1,6.907755278982137
5176,profoundly,4,4,5.521460917862246
5177,programming,4,4,5.521460917862246
5178,progressed,4,3,5.809142990314028
5179,proteolytic,4,3,5.809142990314028
5180,proteome,4,1,6.907755278982137
5181,proteomic,4,3,5.809142990314028
5182,proximal,4,4,5.521460917862246
5183,puberty,4,3,5.809142990314028
5184,pulley,4,1,6.907755278982137
5185,qd,4,1,6.907755278982137
5186,quantitatively,4,4,5.521460917862246
5187,quarterly,4,3,5.809142990314028
5188,quinidine,4,1,6.907755278982137
5189,rcr,4,1,6.907755278982137
5190,rct,4,4,5.521460917862246
5191,readily,4,4,5.521460917862246
5192,readiness,4,4,5.521460917862246
5193,reassurance,4,4,5.521460917862246
5194,recapitulated,4,4,5.521460917862246
5195,reclassification,4,2,6.214608098422191
5196,recurring,4,3,5.809142990314028
5197,refeeding,4,1,6.907755278982137
5198,released,4,4,5.521460917862246
5199,renewed,4,4,5.521460917862246
5200,requirement,4,3,5.809142990314028
5201,reshape,4,4,5.521460917862246
5202,responding,4,3,5.809142990314028
5203,rest,4,4,5.521460917862246
5204,restrictions,4,4,5.521460917862246
5205,rests,4,4,5.521460917862246
5206,reversal,4,4,5.521460917862246
5207,reversible,4,4,5.521460917862246
5208,revised,4,4,5.521460917862246
5209,rheumatologic,4,1,6.907755278982137
5210,rhi,4,1,6.907755278982137
5211,rn,4,2,6.214608098422191
5212,rorr,4,1,6.907755278982137
5213,ros,4,4,5.521460917862246
5214,rubra,4,1,6.907755278982137
5215,rules,4,4,5.521460917862246
5216,rwd,4,3,5.809142990314028
5217,salivarius,4,1,6.907755278982137
5218,sc,4,1,6.907755278982137
5219,sciencedirect,4,4,5.521460917862246
5220,sciences,4,4,5.521460917862246
5221,se,4,4,5.521460917862246
5222,searching,4,4,5.521460917862246
5223,sedds,4,1,6.907755278982137
5224,seizure,4,1,6.907755278982137
5225,selectin,4,1,6.907755278982137
5226,selecting,4,4,5.521460917862246
5227,selectivity,4,4,5.521460917862246
5228,semi,4,4,5.521460917862246
5229,senescent,4,4,5.521460917862246
5230,ser2448,4,1,6.907755278982137
5231,setmelanotide,4,2,6.214608098422191
5232,sga,4,1,6.907755278982137
5233,shedding,4,4,5.521460917862246
5234,shifted,4,4,5.521460917862246
5235,sided,4,3,5.809142990314028
5236,silico,4,4,5.521460917862246
5237,simd,4,1,6.907755278982137
5238,similarities,4,4,5.521460917862246
5239,simplification,4,1,6.907755278982137
5240,simvastatin,4,1,6.907755278982137
5241,sirna,4,3,5.809142990314028
5242,sixteen,4,4,5.521460917862246
5243,smas,4,1,6.907755278982137
5244,smbg,4,2,6.214608098422191
5245,snac,4,4,5.521460917862246
5246,soc,4,1,6.907755278982137
5247,soft,4,1,6.907755278982137
5248,spc,4,1,6.907755278982137
5249,spps,4,1,6.907755278982137
5250,sprague,4,4,5.521460917862246
5251,sstr3,4,1,6.907755278982137
5252,st25,4,1,6.907755278982137
5253,stabilizing,4,4,5.521460917862246
5254,staff,4,4,5.521460917862246
5255,stat3,4,1,6.907755278982137
5256,static,4,3,5.809142990314028
5257,stimulates,4,4,5.521460917862246
5258,stomach,4,4,5.521460917862246
5259,strengthening,4,4,5.521460917862246
5260,strict,4,4,5.521460917862246
5261,stromal,4,3,5.809142990314028
5262,subcutaneously,4,4,5.521460917862246
5263,subjected,4,4,5.521460917862246
5264,subsets,4,4,5.521460917862246
5265,subtracted,4,3,5.809142990314028
5266,suitable,4,4,5.521460917862246
5267,sulfate,4,4,5.521460917862246
5268,supervised,4,3,5.809142990314028
5269,suppressive,4,3,5.809142990314028
5270,sustainability,4,4,5.521460917862246
5271,sweet,4,3,5.809142990314028
5272,swelling,4,4,5.521460917862246
5273,switch,4,4,5.521460917862246
5274,sympathetic,4,4,5.521460917862246
5275,tachycardia,4,2,6.214608098422191
5276,tanycyte,4,1,6.907755278982137
5277,tdt,4,1,6.907755278982137
5278,telehealth,4,3,5.809142990314028
5279,telemedicine,4,3,5.809142990314028
5280,termed,4,4,5.521460917862246
5281,terminated,4,3,5.809142990314028
5282,tetrahydrocurcumin,4,1,6.907755278982137
5283,thickness,4,3,5.809142990314028
5284,titrated,4,3,5.809142990314028
5285,tomography,4,4,5.521460917862246
5286,topical,4,3,5.809142990314028
5287,toxin,4,4,5.521460917862246
5288,track,4,4,5.521460917862246
5289,traditionally,4,4,5.521460917862246
5290,transcript,4,3,5.809142990314028
5291,transcriptomic,4,4,5.521460917862246
5292,transform,4,4,5.521460917862246
5293,transformation,4,3,5.809142990314028
5294,transforming,4,4,5.521460917862246
5295,transiently,4,4,5.521460917862246
5296,transmission,4,4,5.521460917862246
5297,transparent,4,4,5.521460917862246
5298,true,4,4,5.521460917862246
5299,turn,4,4,5.521460917862246
5300,twice,4,4,5.521460917862246
5301,tyrosine,4,3,5.809142990314028
5302,ubiquitin,4,3,5.809142990314028
5303,ug,4,1,6.907755278982137
5304,uln,4,1,6.907755278982137
5305,uncoupling,4,3,5.809142990314028
5306,uncover,4,4,5.521460917862246
5307,underappreciated,4,4,5.521460917862246
5308,underserved,4,3,5.809142990314028
5309,undescribed,4,2,6.214608098422191
5310,unhealthy,4,4,5.521460917862246
5311,unifying,4,4,5.521460917862246
5312,unimolecular,4,4,5.521460917862246
5313,univariable,4,3,5.809142990314028
5314,universally,4,4,5.521460917862246
5315,unlike,4,4,5.521460917862246
5316,unloading,4,2,6.214608098422191
5317,unprecedented,4,4,5.521460917862246
5318,urban,4,1,6.907755278982137
5319,uremic,4,4,5.521460917862246
5320,urgently,4,4,5.521460917862246
5321,usage,4,2,6.214608098422191
5322,v2,4,3,5.809142990314028
5323,v20,4,1,6.907755278982137
5324,variations,4,4,5.521460917862246
5325,variety,4,4,5.521460917862246
5326,venomous,4,1,6.907755278982137
5327,verification,4,3,5.809142990314028
5328,vildagliptin,4,1,6.907755278982137
5329,volumes,4,3,5.809142990314028
5330,voluntary,4,4,5.521460917862246
5331,vrce,4,1,6.907755278982137
5332,vvs,4,1,6.907755278982137
5333,wait,4,2,6.214608098422191
5334,warehouse,4,4,5.521460917862246
5335,warning,4,4,5.521460917862246
5336,wnt5a,4,1,6.907755278982137
5337,workforce,4,2,6.214608098422191
5338,workshop,4,2,6.214608098422191
5339,wss,4,1,6.907755278982137
5340,xa1416,4,1,6.907755278982137
5341,y297d,4,1,6.907755278982137
5342,zinc,4,4,5.521460917862246
5343,δasm,4,1,6.907755278982137
5344,0014,3,3,5.809142990314028
5345,0036,3,1,6.907755278982137
5346,011,3,3,5.809142990314028
5347,029,3,3,5.809142990314028
5348,032,3,3,5.809142990314028
5349,033,3,3,5.809142990314028
5350,035,3,3,5.809142990314028
5351,038,3,3,5.809142990314028
5352,043,3,3,5.809142990314028
5353,045,3,3,5.809142990314028
5354,046,3,3,5.809142990314028
5355,064,3,3,5.809142990314028
5356,076,3,3,5.809142990314028
5357,1007,3,3,5.809142990314028
5358,110,3,3,5.809142990314028
5359,11cp,3,1,6.907755278982137
5360,121,3,3,5.809142990314028
5361,128,3,3,5.809142990314028
5362,133,3,3,5.809142990314028
5363,137,3,3,5.809142990314028
5364,13c,3,1,6.907755278982137
5365,147,3,3,5.809142990314028
5366,157,3,3,5.809142990314028
5367,158,3,3,5.809142990314028
5368,160,3,3,5.809142990314028
5369,164,3,3,5.809142990314028
5370,165,3,3,5.809142990314028
5371,167,3,3,5.809142990314028
5372,176,3,3,5.809142990314028
5373,177,3,3,5.809142990314028
5374,181,3,3,5.809142990314028
5375,191,3,2,6.214608098422191
5376,197,3,3,5.809142990314028
5377,1a02,3,1,6.907755278982137
5378,1b03,3,1,6.907755278982137
5379,2011,3,3,5.809142990314028
5380,202,3,3,5.809142990314028
5381,2030,3,3,5.809142990314028
5382,212,3,3,5.809142990314028
5383,220,3,3,5.809142990314028
5384,227,3,3,5.809142990314028
5385,229,3,3,5.809142990314028
5386,231,3,3,5.809142990314028
5387,233,3,3,5.809142990314028
5388,235,3,3,5.809142990314028
5389,241,3,3,5.809142990314028
5390,245,3,3,5.809142990314028
5391,247,3,3,5.809142990314028
5392,251,3,3,5.809142990314028
5393,254,3,3,5.809142990314028
5394,255,3,3,5.809142990314028
5395,266,3,3,5.809142990314028
5396,270,3,3,5.809142990314028
5397,273,3,3,5.809142990314028
5398,304,3,3,5.809142990314028
5399,309,3,3,5.809142990314028
5400,320,3,3,5.809142990314028
5401,322,3,3,5.809142990314028
5402,342,3,3,5.809142990314028
5403,349,3,3,5.809142990314028
5404,366,3,3,5.809142990314028
5405,381,3,3,5.809142990314028
5406,383,3,3,5.809142990314028
5407,393,3,3,5.809142990314028
5408,397,3,3,5.809142990314028
5409,3t3,3,2,6.214608098422191
5410,404,3,3,5.809142990314028
5411,407,3,3,5.809142990314028
5412,408,3,3,5.809142990314028
5413,409,3,3,5.809142990314028
5414,411,3,3,5.809142990314028
5415,428,3,3,5.809142990314028
5416,430,3,2,6.214608098422191
5417,434,3,3,5.809142990314028
5418,442,3,3,5.809142990314028
5419,445,3,3,5.809142990314028
5420,450,3,3,5.809142990314028
5421,471,3,2,6.214608098422191
5422,488,3,3,5.809142990314028
5423,528,3,3,5.809142990314028
5424,534,3,3,5.809142990314028
5425,544,3,2,6.214608098422191
5426,546,3,3,5.809142990314028
5427,564,3,3,5.809142990314028
5428,567,3,2,6.214608098422191
5429,568,3,3,5.809142990314028
5430,572,3,3,5.809142990314028
5431,589,3,3,5.809142990314028
5432,604,3,3,5.809142990314028
5433,613,3,3,5.809142990314028
5434,623,3,3,5.809142990314028
5435,630,3,3,5.809142990314028
5436,638,3,3,5.809142990314028
5437,650,3,3,5.809142990314028
5438,678,3,3,5.809142990314028
5439,690,3,3,5.809142990314028
5440,694,3,3,5.809142990314028
5441,701,3,3,5.809142990314028
5442,712,3,3,5.809142990314028
5443,717,3,3,5.809142990314028
5444,733,3,3,5.809142990314028
5445,740,3,3,5.809142990314028
5446,772,3,3,5.809142990314028
5447,775,3,3,5.809142990314028
5448,816,3,3,5.809142990314028
5449,825,3,3,5.809142990314028
5450,881,3,3,5.809142990314028
5451,919,3,3,5.809142990314028
5452,933,3,3,5.809142990314028
5453,934,3,3,5.809142990314028
5454,953,3,3,5.809142990314028
5455,962,3,2,6.214608098422191
5456,987,3,3,5.809142990314028
5457,ablated,3,1,6.907755278982137
5458,abnormally,3,3,5.809142990314028
5459,abstinence,3,2,6.214608098422191
5460,abstract,3,3,5.809142990314028
5461,academia,3,3,5.809142990314028
5462,acarbose,3,3,5.809142990314028
5463,accommodate,3,3,5.809142990314028
5464,accumulated,3,3,5.809142990314028
5465,ace,3,2,6.214608098422191
5466,ache,3,1,6.907755278982137
5467,achieves,3,3,5.809142990314028
5468,acromegaly,3,1,6.907755278982137
5469,acted,3,3,5.809142990314028
5470,acyl,3,3,5.809142990314028
5471,adenine,3,3,5.809142990314028
5472,adjacent,3,3,5.809142990314028
5473,adjustable,3,3,5.809142990314028
5474,adma,3,1,6.907755278982137
5475,admet,3,2,6.214608098422191
5476,adopting,3,3,5.809142990314028
5477,adpkd,3,1,6.907755278982137
5478,advancement,3,3,5.809142990314028
5479,advent,3,3,5.809142990314028
5480,advised,3,3,5.809142990314028
5481,advocate,3,3,5.809142990314028
5482,aetiologies,3,2,6.214608098422191
5483,ages,3,3,5.809142990314028
5484,aggravate,3,3,5.809142990314028
5485,aggravated,3,3,5.809142990314028
5486,aggregate,3,3,5.809142990314028
5487,aion,3,1,6.907755278982137
5488,alphamissense,3,1,6.907755278982137
5489,ame,3,1,6.907755278982137
5490,ameliorating,3,3,5.809142990314028
5491,amycretin,3,2,6.214608098422191
5492,amylase,3,2,6.214608098422191
5493,anabolic,3,3,5.809142990314028
5494,anaemia,3,3,5.809142990314028
5495,analogous,3,3,5.809142990314028
5496,anatomical,3,3,5.809142990314028
5497,anhedonia,3,2,6.214608098422191
5498,anion,3,2,6.214608098422191
5499,anonymous,3,3,5.809142990314028
5500,anthocyanins,3,3,5.809142990314028
5501,antiarrhythmic,3,2,6.214608098422191
5502,antibodies,3,3,5.809142990314028
5503,anticipated,3,3,5.809142990314028
5504,antidepressants,3,1,6.907755278982137
5505,antinociceptive,3,3,5.809142990314028
5506,antiseizure,3,1,6.907755278982137
5507,antithrombotic,3,3,5.809142990314028
5508,ap,3,1,6.907755278982137
5509,apglp1r,3,1,6.907755278982137
5510,apoe,3,3,5.809142990314028
5511,applies,3,3,5.809142990314028
5512,appreciated,3,3,5.809142990314028
5513,apps,3,1,6.907755278982137
5514,aquaporin,3,2,6.214608098422191
5515,arises,3,3,5.809142990314028
5516,arising,3,3,5.809142990314028
5517,arms,3,3,5.809142990314028
5518,arousal,3,3,5.809142990314028
5519,ascites,3,1,6.907755278982137
5520,asians,3,1,6.907755278982137
5521,asn,3,2,6.214608098422191
5522,aso,3,2,6.214608098422191
5523,aspartate,3,3,5.809142990314028
5524,assist,3,3,5.809142990314028
5525,associate,3,3,5.809142990314028
5526,associates,3,3,5.809142990314028
5527,assumed,3,3,5.809142990314028
5528,assumptions,3,3,5.809142990314028
5529,astrocytes,3,3,5.809142990314028
5530,asymptomatic,3,3,5.809142990314028
5531,attempt,3,1,6.907755278982137
5532,attempted,3,3,5.809142990314028
5533,attracted,3,3,5.809142990314028
5534,attrition,3,3,5.809142990314028
5535,atypical,3,3,5.809142990314028
5536,augmented,3,2,6.214608098422191
5537,authoritative,3,3,5.809142990314028
5538,authority,3,3,5.809142990314028
5539,autophagic,3,3,5.809142990314028
5540,avenues,3,3,5.809142990314028
5541,b12,3,3,5.809142990314028
5542,bacteriome,3,1,6.907755278982137
5543,bacteroides,3,3,5.809142990314028
5544,bacteroidetes,3,3,5.809142990314028
5545,bb,3,1,6.907755278982137
5546,bbs,3,1,6.907755278982137
5547,behaviours,3,3,5.809142990314028
5548,benchmark,3,3,5.809142990314028
5549,beneficence,3,3,5.809142990314028
5550,bfi,3,1,6.907755278982137
5551,bhe,3,1,6.907755278982137
5552,bid,3,1,6.907755278982137
5553,bifidobacterium,3,3,5.809142990314028
5554,bifunctional,3,1,6.907755278982137
5555,bilateral,3,3,5.809142990314028
5556,bilirubin,3,2,6.214608098422191
5557,binary,3,3,5.809142990314028
5558,bioactivity,3,3,5.809142990314028
5559,bioenergetic,3,3,5.809142990314028
5560,biosynthesis,3,3,5.809142990314028
5561,bitter,3,1,6.907755278982137
5562,blm,3,1,6.907755278982137
5563,bloating,3,1,6.907755278982137
5564,blocking,3,2,6.214608098422191
5565,blunted,3,3,5.809142990314028
5566,blunting,3,3,5.809142990314028
5567,bonferroni,3,3,5.809142990314028
5568,box,3,3,5.809142990314028
5569,boxed,3,3,5.809142990314028
5570,breakfast,3,3,5.809142990314028
5571,breakthrough,3,3,5.809142990314028
5572,bridge,3,3,5.809142990314028
5573,briggs,3,3,5.809142990314028
5574,broaden,3,3,5.809142990314028
5575,buccal,3,1,6.907755278982137
5576,budgets,3,2,6.214608098422191
5577,burn,3,1,6.907755278982137
5578,c2c12,3,2,6.214608098422191
5579,calcitonin,3,2,6.214608098422191
5580,call,3,3,5.809142990314028
5581,came,3,3,5.809142990314028
5582,candidacy,3,2,6.214608098422191
5583,capsules,3,2,6.214608098422191
5584,carbamazepine,3,1,6.907755278982137
5585,carcinogenesis,3,2,6.214608098422191
5586,carcinogenic,3,1,6.907755278982137
5587,cardiomems,3,1,6.907755278982137
5588,cardiomyocytes,3,2,6.214608098422191
5589,caregiver,3,1,6.907755278982137
5590,carriers,3,3,5.809142990314028
5591,carries,3,3,5.809142990314028
5592,catechins,3,2,6.214608098422191
5593,cation,3,2,6.214608098422191
5594,cck,3,3,5.809142990314028
5595,cd206,3,3,5.809142990314028
5596,cd25,3,1,6.907755278982137
5597,centrally,3,3,5.809142990314028
5598,cerebellum,3,1,6.907755278982137
5599,cfrd,3,1,6.907755278982137
5600,cfs,3,1,6.907755278982137
5601,chaperone,3,2,6.214608098422191
5602,chart,3,3,5.809142990314028
5603,chemically,3,3,5.809142990314028
5604,chemosensory,3,1,6.907755278982137
5605,chicks,3,1,6.907755278982137
5606,chip,3,3,5.809142990314028
5607,cholangitis,3,2,6.214608098422191
5608,cholinergic,3,2,6.214608098422191
5609,chow,3,3,5.809142990314028
5610,chromatographic,3,3,5.809142990314028
5611,cinahl,3,3,5.809142990314028
5612,cirrhotic,3,3,5.809142990314028
5613,claim,3,3,5.809142990314028
5614,clarithromycin,3,1,6.907755278982137
5615,clarity,3,3,5.809142990314028
5616,closer,3,3,5.809142990314028
5617,clostridium,3,3,5.809142990314028
5618,cmax,3,2,6.214608098422191
5619,cny,3,1,6.907755278982137
5620,coa,3,3,5.809142990314028
5621,coaching,3,2,6.214608098422191
5622,coadministration,3,2,6.214608098422191
5623,cochran,3,3,5.809142990314028
5624,coe,3,1,6.907755278982137
5625,coexists,3,3,5.809142990314028
5626,cola,3,1,6.907755278982137
5627,colic,3,1,6.907755278982137
5628,colocalisation,3,1,6.907755278982137
5629,colony,3,3,5.809142990314028
5630,commitment,3,2,6.214608098422191
5631,committee,3,2,6.214608098422191
5632,communicable,3,1,6.907755278982137
5633,communities,3,3,5.809142990314028
5634,companies,3,1,6.907755278982137
5635,compatibility,3,1,6.907755278982137
5636,completing,3,3,5.809142990314028
5637,component025,3,1,6.907755278982137
5638,comprise,3,3,5.809142990314028
5639,computed,3,3,5.809142990314028
5640,computer,3,3,5.809142990314028
5641,con,3,2,6.214608098422191
5642,conception,3,3,5.809142990314028
5643,conducting,3,3,5.809142990314028
5644,conference,3,3,5.809142990314028
5645,conferring,3,3,5.809142990314028
5646,confined,3,3,5.809142990314028
5647,confocal,3,2,6.214608098422191
5648,consecutively,3,3,5.809142990314028
5649,conserved,3,3,5.809142990314028
5650,constant,3,2,6.214608098422191
5651,constituted,3,3,5.809142990314028
5652,consummatory,3,2,6.214608098422191
5653,contain,3,3,5.809142990314028
5654,contextual,3,3,5.809142990314028
5655,contextualize,3,3,5.809142990314028
5656,contraception,3,2,6.214608098422191
5657,contraceptive,3,3,5.809142990314028
5658,contrasts,3,3,5.809142990314028
5659,controversy,3,3,5.809142990314028
5660,converting,3,3,5.809142990314028
5661,cordyceps,3,2,6.214608098422191
5662,correct,3,3,5.809142990314028
5663,correctly,3,3,5.809142990314028
5664,correlates,3,3,5.809142990314028
5665,corticosteroids,3,3,5.809142990314028
5666,counter,3,3,5.809142990314028
5667,counterfeit,3,2,6.214608098422191
5668,counterregulation,3,1,6.907755278982137
5669,country,3,3,5.809142990314028
5670,cover,3,2,6.214608098422191
5671,covering,3,3,5.809142990314028
5672,covers,3,3,5.809142990314028
5673,creates,3,3,5.809142990314028
5674,creatine,3,1,6.907755278982137
5675,cri,3,1,6.907755278982137
5676,csm,3,1,6.907755278982137
5677,cues,3,3,5.809142990314028
5678,cut,3,3,5.809142990314028
5679,cvot,3,3,5.809142990314028
5680,cyclophilin,3,1,6.907755278982137
5681,cystic,3,3,5.809142990314028
5682,cytometry,3,3,5.809142990314028
5683,d3ga,3,1,6.907755278982137
5684,dd,3,1,6.907755278982137
5685,deacetylation,3,2,6.214608098422191
5686,debilitating,3,3,5.809142990314028
5687,decarboxylase,3,1,6.907755278982137
5688,decomposition,3,3,5.809142990314028
5689,default,3,3,5.809142990314028
5690,degrading,3,2,6.214608098422191
5691,delays,3,3,5.809142990314028
5692,deletion,3,3,5.809142990314028
5693,delivering,3,3,5.809142990314028
5694,demands,3,3,5.809142990314028
5695,dense,3,3,5.809142990314028
5696,deployment,3,2,6.214608098422191
5697,depot,3,1,6.907755278982137
5698,dermal,3,3,5.809142990314028
5699,dermatitis,3,2,6.214608098422191
5700,desulfovibrio,3,2,6.214608098422191
5701,devaluation,3,1,6.907755278982137
5702,dian,3,1,6.907755278982137
5703,die,3,2,6.214608098422191
5704,dietitian,3,3,5.809142990314028
5705,diffusion,3,3,5.809142990314028
5706,diminish,3,3,5.809142990314028
5707,diminishes,3,3,5.809142990314028
5708,dinucleotide,3,3,5.809142990314028
5709,disciplines,3,3,5.809142990314028
5710,discontinuations,3,3,5.809142990314028
5711,discrepancy,3,3,5.809142990314028
5712,dislocation,3,2,6.214608098422191
5713,dispensed,3,2,6.214608098422191
5714,disruptions,3,3,5.809142990314028
5715,distension,3,1,6.907755278982137
5716,distinguished,3,3,5.809142990314028
5717,distributions,3,3,5.809142990314028
5718,diuresis,3,2,6.214608098422191
5719,diuretic,3,3,5.809142990314028
5720,diurnal,3,2,6.214608098422191
5721,divergence,3,3,5.809142990314028
5722,dmadds,3,1,6.907755278982137
5723,dmf,3,1,6.907755278982137
5724,dmn,3,1,6.907755278982137
5725,docusate,3,2,6.214608098422191
5726,dor,3,1,6.907755278982137
5727,dotap,3,1,6.907755278982137
5728,drawing,3,3,5.809142990314028
5729,drinks,3,1,6.907755278982137
5730,dutch,3,2,6.214608098422191
5731,dxa,3,2,6.214608098422191
5732,dysglycaemia,3,3,5.809142990314028
5733,e3,3,2,6.214608098422191
5734,eae,3,1,6.907755278982137
5735,ear,3,1,6.907755278982137
5736,echocardiography,3,3,5.809142990314028
5737,ecm,3,1,6.907755278982137
5738,ect,3,1,6.907755278982137
5739,edd,3,1,6.907755278982137
5740,edged,3,2,6.214608098422191
5741,editorials,3,3,5.809142990314028
5742,effector,3,3,5.809142990314028
5743,effort,3,2,6.214608098422191
5744,egr1,3,1,6.907755278982137
5745,eif2α,3,3,5.809142990314028
5746,element,3,3,5.809142990314028
5747,elements,3,3,5.809142990314028
5748,eliminate,3,3,5.809142990314028
5749,emissions,3,2,6.214608098422191
5750,employing,3,2,6.214608098422191
5751,encourage,3,3,5.809142990314028
5752,encouraging,3,3,5.809142990314028
5753,endometrioid,3,1,6.907755278982137
5754,endoscopist,3,2,6.214608098422191
5755,endurance,3,2,6.214608098422191
5756,engaging,3,3,5.809142990314028
5757,engineered,3,3,5.809142990314028
5758,enhancer,3,3,5.809142990314028
5759,enriching,3,2,6.214608098422191
5760,entire,3,3,5.809142990314028
5761,entirely,3,3,5.809142990314028
5762,epic,3,2,6.214608098422191
5763,epigastric,3,3,5.809142990314028
5764,episodic,3,2,6.214608098422191
5765,equivalents,3,2,6.214608098422191
5766,eras,3,2,6.214608098422191
5767,erythrocyte,3,3,5.809142990314028
5768,erythroid,3,3,5.809142990314028
5769,esa,3,1,6.907755278982137
5770,eskd,3,1,6.907755278982137
5771,esophagogastroduodenoscopy,3,3,5.809142990314028
5772,essentially,3,3,5.809142990314028
5773,establishes,3,3,5.809142990314028
5774,estimation,3,2,6.214608098422191
5775,estradiol,3,3,5.809142990314028
5776,ethyl,3,3,5.809142990314028
5777,eu,3,3,5.809142990314028
5778,eudract,3,2,6.214608098422191
5779,eventually,3,3,5.809142990314028
5780,everyday,3,3,5.809142990314028
5781,ewom,3,1,6.907755278982137
5782,example,3,3,5.809142990314028
5783,examples,3,2,6.214608098422191
5784,excursion,3,1,6.907755278982137
5785,exemplified,3,3,5.809142990314028
5786,exhaled,3,2,6.214608098422191
5787,exogenous,3,3,5.809142990314028
5788,explanatory,3,3,5.809142990314028
5789,export,3,3,5.809142990314028
5790,extensively,3,3,5.809142990314028
5791,externally,3,3,5.809142990314028
5792,extrahepatic,3,3,5.809142990314028
5793,extrapolation,3,2,6.214608098422191
5794,extremely,3,3,5.809142990314028
5795,f,3,3,5.809142990314028
5796,faces,3,3,5.809142990314028
5797,facilitates,3,3,5.809142990314028
5798,factorial,3,2,6.214608098422191
5799,failing,3,3,5.809142990314028
5800,familial,3,3,5.809142990314028
5801,families,3,3,5.809142990314028
5802,fasted,3,2,6.214608098422191
5803,fatal,3,3,5.809142990314028
5804,favorably,3,3,5.809142990314028
5805,fea,3,1,6.907755278982137
5806,fear,3,3,5.809142990314028
5807,feces,3,3,5.809142990314028
5808,federal,3,3,5.809142990314028
5809,federally,3,3,5.809142990314028
5810,fee,3,3,5.809142990314028
5811,fermentative,3,2,6.214608098422191
5812,fermented,3,1,6.907755278982137
5813,ferroptotic,3,2,6.214608098422191
5814,ffml,3,1,6.907755278982137
5815,fgf,3,3,5.809142990314028
5816,fibers,3,3,5.809142990314028
5817,fibre,3,2,6.214608098422191
5818,fibrogenesis,3,2,6.214608098422191
5819,fifty,3,3,5.809142990314028
5820,finngen,3,2,6.214608098422191
5821,firmicutes,3,3,5.809142990314028
5822,fisher,3,3,5.809142990314028
5823,flavonoid,3,2,6.214608098422191
5824,flavonoids,3,3,5.809142990314028
5825,flexible,3,3,5.809142990314028
5826,flight,3,1,6.907755278982137
5827,fnq,3,1,6.907755278982137
5828,follicular,3,3,5.809142990314028
5829,former,3,3,5.809142990314028
5830,formerly,3,3,5.809142990314028
5831,forward,3,3,5.809142990314028
5832,foundayo,3,2,6.214608098422191
5833,fractions,3,1,6.907755278982137
5834,frame,3,3,5.809142990314028
5835,framing,3,3,5.809142990314028
5836,frequencies,3,3,5.809142990314028
5837,frontier,3,3,5.809142990314028
5838,ft,3,1,6.907755278982137
5839,funded,3,3,5.809142990314028
5840,galactomannans,3,1,6.907755278982137
5841,ganglion,3,3,5.809142990314028
5842,gas,3,2,6.214608098422191
5843,gastroenterology,3,2,6.214608098422191
5844,gbsa,3,2,6.214608098422191
5845,gcs,3,2,6.214608098422191
5846,gdn,3,1,6.907755278982137
5847,generates,3,3,5.809142990314028
5848,generic,3,2,6.214608098422191
5849,genitourinary,3,2,6.214608098422191
5850,genotype,3,3,5.809142990314028
5851,genotyping,3,3,5.809142990314028
5852,geographic,3,3,5.809142990314028
5853,geographical,3,3,5.809142990314028
5854,geometry,3,2,6.214608098422191
5855,geroprotection,3,1,6.907755278982137
5856,glands,3,2,6.214608098422191
5857,glicentin,3,1,6.907755278982137
5858,glpa,3,1,6.907755278982137
5859,glucoregulatory,3,1,6.907755278982137
5860,glutamic,3,1,6.907755278982137
5861,glutathione,3,3,5.809142990314028
5862,glycogen,3,1,6.907755278982137
5863,glycoside,3,2,6.214608098422191
5864,gonadotropin,3,3,5.809142990314028
5865,gonads,3,1,6.907755278982137
5866,government,3,3,5.809142990314028
5867,governmental,3,2,6.214608098422191
5868,gp,3,1,6.907755278982137
5869,gpr107,3,1,6.907755278982137
5870,gradients,3,2,6.214608098422191
5871,graves,3,1,6.907755278982137
5872,greenhouse,3,2,6.214608098422191
5873,grocery,3,1,6.907755278982137
5874,gsh,3,3,5.809142990314028
5875,h2s,3,1,6.907755278982137
5876,h9c2,3,1,6.907755278982137
5877,habit,3,1,6.907755278982137
5878,habits,3,3,5.809142990314028
5879,hamster,3,2,6.214608098422191
5880,harmonized,3,3,5.809142990314028
5881,he,3,2,6.214608098422191
5882,headline,3,3,5.809142990314028
5883,hearing,3,2,6.214608098422191
5884,helping,3,3,5.809142990314028
5885,hematologic,3,2,6.214608098422191
5886,hemorrhage,3,2,6.214608098422191
5887,hence,3,3,5.809142990314028
5888,hepatocytes,3,3,5.809142990314028
5889,hepatoprotective,3,3,5.809142990314028
5890,hiaa,3,1,6.907755278982137
5891,histopathology,3,3,5.809142990314028
5892,hksj,3,1,6.907755278982137
5893,hop,3,1,6.907755278982137
5894,hordeola,3,1,6.907755278982137
5895,hpa,3,3,5.809142990314028
5896,hrsa,3,1,6.907755278982137
5897,hspa5,3,2,6.214608098422191
5898,ht,3,3,5.809142990314028
5899,hubs,3,3,5.809142990314028
5900,humeana,3,1,6.907755278982137
5901,hy,3,1,6.907755278982137
5902,hyd,3,1,6.907755278982137
5903,hydration,3,3,5.809142990314028
5904,hyperaminoacidemia,3,1,6.907755278982137
5905,hyperfiltration,3,3,5.809142990314028
5906,hyperglycaemic,3,1,6.907755278982137
5907,hyperkalaemia,3,2,6.214608098422191
5908,hypertrophy,3,3,5.809142990314028
5909,hypoglycaemic,3,3,5.809142990314028
5910,hypopnea,3,3,5.809142990314028
5911,hypoxemia,3,2,6.214608098422191
5912,hz,3,2,6.214608098422191
5913,ic₅₀,3,2,6.214608098422191
5914,iddm,3,1,6.907755278982137
5915,identical,3,3,5.809142990314028
5916,iib,3,1,6.907755278982137
5917,il2,3,1,6.907755278982137
5918,ileal,3,3,5.809142990314028
5919,ill,3,1,6.907755278982137
5920,illicit,3,2,6.214608098422191
5921,imbalances,3,3,5.809142990314028
5922,immediate,3,3,5.809142990314028
5923,immortal,3,3,5.809142990314028
5924,immunoblot,3,2,6.214608098422191
5925,immunoblotting,3,3,5.809142990314028
5926,immunofluorescence,3,3,5.809142990314028
5927,immunologic,3,2,6.214608098422191
5928,immunological,3,2,6.214608098422191
5929,immunosenescence,3,3,5.809142990314028
5930,imperative,3,3,5.809142990314028
5931,implantation,3,2,6.214608098422191
5932,implement,3,3,5.809142990314028
5933,implicate,3,3,5.809142990314028
5934,imply,3,3,5.809142990314028
5935,imprecision,3,3,5.809142990314028
5936,incidences,3,3,5.809142990314028
5937,inconsistently,3,3,5.809142990314028
5938,incorporates,3,3,5.809142990314028
5939,incubation,3,2,6.214608098422191
5940,indeed,3,3,5.809142990314028
5941,independence,3,3,5.809142990314028
5942,individualised,3,3,5.809142990314028
5943,industry,3,3,5.809142990314028
5944,ineligible,3,2,6.214608098422191
5945,inequalities,3,3,5.809142990314028
5946,inertia,3,3,5.809142990314028
5947,inferior,3,3,5.809142990314028
5948,inferred,3,3,5.809142990314028
5949,infertility,3,3,5.809142990314028
5950,influential,3,2,6.214608098422191
5951,ingredients,3,3,5.809142990314028
5952,inos,3,3,5.809142990314028
5953,insr,3,3,5.809142990314028
5954,instis,3,1,6.907755278982137
5955,institution,3,3,5.809142990314028
5956,int,3,1,6.907755278982137
5957,intakes,3,2,6.214608098422191
5958,interception,3,2,6.214608098422191
5959,interferon,3,3,5.809142990314028
5960,intermediates,3,3,5.809142990314028
5961,internalization,3,3,5.809142990314028
5962,interorgan,3,2,6.214608098422191
5963,interpret,3,3,5.809142990314028
5964,interpreting,3,3,5.809142990314028
5965,interstitial,3,3,5.809142990314028
5966,intrathecal,3,1,6.907755278982137
5967,intricate,3,3,5.809142990314028
5968,introduce,3,3,5.809142990314028
5969,isocaloric,3,2,6.214608098422191
5970,jak,3,3,5.809142990314028
5971,jakmip3,3,1,6.907755278982137
5972,janus,3,3,5.809142990314028
5973,joanna,3,3,5.809142990314028
5974,journals,3,3,5.809142990314028
5975,justified,3,3,5.809142990314028
5976,k58,3,1,6.907755278982137
5977,ketone,3,3,5.809142990314028
5978,keyword,3,2,6.214608098422191
5979,kilograms,3,3,5.809142990314028
5980,kinetics,3,3,5.809142990314028
5981,ko,3,1,6.907755278982137
5982,korean,3,3,5.809142990314028
5983,kruskal,3,2,6.214608098422191
5984,kynurenine,3,1,6.907755278982137
5985,l1,3,2,6.214608098422191
5986,labelling,3,1,6.907755278982137
5987,labs,3,3,5.809142990314028
5988,lactation,3,3,5.809142990314028
5989,lacticaseibacillus,3,2,6.214608098422191
5990,lasting,3,3,5.809142990314028
5991,latent,3,3,5.809142990314028
5992,laterality,3,1,6.907755278982137
5993,latino,3,2,6.214608098422191
5994,law,3,1,6.907755278982137
5995,laxity,3,2,6.214608098422191
5996,layered,3,3,5.809142990314028
5997,lbm,3,1,6.907755278982137
5998,legacy,3,3,5.809142990314028
5999,lh,3,1,6.907755278982137
6000,lhvgat,3,1,6.907755278982137
6001,lifetime,3,3,5.809142990314028
6002,linkages,3,3,5.809142990314028
6003,lived,3,3,5.809142990314028
6004,lklkll,3,1,6.907755278982137
6005,lobes,3,1,6.907755278982137
6006,look,3,3,5.809142990314028
6007,looking,3,3,5.809142990314028
6008,lose,3,3,5.809142990314028
6009,lvef,3,3,5.809142990314028
6010,macce,3,1,6.907755278982137
6011,macrovascular,3,3,5.809142990314028
6012,mad,3,1,6.907755278982137
6013,magnesium,3,3,5.809142990314028
6014,maintains,3,3,5.809142990314028
6015,makes,3,3,5.809142990314028
6016,maleficence,3,3,5.809142990314028
6017,malignant,3,1,6.907755278982137
6018,malondialdehyde,3,3,5.809142990314028
6019,mams,3,1,6.907755278982137
6020,manifest,3,3,5.809142990314028
6021,manifestation,3,3,5.809142990314028
6022,manipulation,3,3,5.809142990314028
6023,manual,3,3,5.809142990314028
6024,manuscript,3,2,6.214608098422191
6025,marginal,3,3,5.809142990314028
6026,marketed,3,3,5.809142990314028
6027,massive,3,2,6.214608098422191
6028,mature,3,3,5.809142990314028
6029,maturity,3,2,6.214608098422191
6030,maximizing,3,3,5.809142990314028
6031,mc4r,3,1,6.907755278982137
6032,mcid,3,2,6.214608098422191
6033,me,3,1,6.907755278982137
6034,meddra,3,3,5.809142990314028
6035,medically,3,3,5.809142990314028
6036,meglitinides,3,1,6.907755278982137
6037,melatonin,3,3,5.809142990314028
6038,mentioned,3,3,5.809142990314028
6039,merative,3,3,5.809142990314028
6040,merely,3,3,5.809142990314028
6041,messenger,3,2,6.214608098422191
6042,meters,3,3,5.809142990314028
6043,methacrylate,3,3,5.809142990314028
6044,methadone,3,3,5.809142990314028
6045,methodologies,3,3,5.809142990314028
6046,mettl14,3,1,6.907755278982137
6047,mfr,3,1,6.907755278982137
6048,microalgal,3,1,6.907755278982137
6049,microbe,3,2,6.214608098422191
6050,mimetic,3,3,5.809142990314028
6051,mimic,3,3,5.809142990314028
6052,minimize,3,3,5.809142990314028
6053,minimizing,3,3,5.809142990314028
6054,minor,3,3,5.809142990314028
6055,misclassification,3,3,5.809142990314028
6056,misleading,3,2,6.214608098422191
6057,missed,3,3,5.809142990314028
6058,mitigates,3,3,5.809142990314028
6059,mk,3,1,6.907755278982137
6060,mme,3,1,6.907755278982137
6061,mmse,3,1,6.907755278982137
6062,mn,3,1,6.907755278982137
6063,mobilization,3,2,6.214608098422191
6064,modulator,3,3,5.809142990314028
6065,molar,3,2,6.214608098422191
6066,moment,3,3,5.809142990314028
6067,monkeys,3,2,6.214608098422191
6068,monocytic,3,2,6.214608098422191
6069,monopole,3,1,6.907755278982137
6070,morusin,3,1,6.907755278982137
6071,mtros,3,3,5.809142990314028
6072,mucoadhesion,3,2,6.214608098422191
6073,multimorbid,3,2,6.214608098422191
6074,multiomic,3,2,6.214608098422191
6075,muscles,3,3,5.809142990314028
6076,mutant,3,2,6.214608098422191
6077,mutations,3,2,6.214608098422191
6078,nano,3,1,6.907755278982137
6079,nanoparticles,3,2,6.214608098422191
6080,nationally,3,2,6.214608098422191
6081,natriuresis,3,3,5.809142990314028
6082,nco,3,1,6.907755278982137
6083,nct04184622,3,1,6.907755278982137
6084,nct04657003,3,1,6.907755278982137
6085,ne150,3,1,6.907755278982137
6086,nearest,3,3,5.809142990314028
6087,necessitates,3,3,5.809142990314028
6088,nedd4l,3,1,6.907755278982137
6089,nefa,3,2,6.214608098422191
6090,neighbor,3,3,5.809142990314028
6091,neo,3,1,6.907755278982137
6092,neonatal,3,3,5.809142990314028
6093,neoplastic,3,3,5.809142990314028
6094,nephrolithiasis,3,2,6.214608098422191
6095,nephroprotective,3,3,5.809142990314028
6096,nervosa,3,3,5.809142990314028
6097,nets,3,1,6.907755278982137
6098,neurodevelopmental,3,3,5.809142990314028
6099,neuroinflammatory,3,3,5.809142990314028
6100,neuromodulators,3,1,6.907755278982137
6101,neuropeptides,3,3,5.809142990314028
6102,neurophysiological,3,3,5.809142990314028
6103,neurotrophic,3,3,5.809142990314028
6104,news,3,2,6.214608098422191
6105,nihss,3,1,6.907755278982137
6106,nineteen,3,3,5.809142990314028
6107,nitida,3,1,6.907755278982137
6108,nlr,3,1,6.907755278982137
6109,nociceptive,3,3,5.809142990314028
6110,nocturnal,3,2,6.214608098422191
6111,node,3,3,5.809142990314028
6112,nodes,3,3,5.809142990314028
6113,nodules,3,3,5.809142990314028
6114,nominally,3,3,5.809142990314028
6115,nonexudative,3,1,6.907755278982137
6116,nonrelated,3,1,6.907755278982137
6117,nonsignificant,3,3,5.809142990314028
6118,normoglycaemic,3,1,6.907755278982137
6119,normoglycemic,3,2,6.214608098422191
6120,nos,3,2,6.214608098422191
6121,ntsglp1r,3,1,6.907755278982137
6122,nucleotide,3,3,5.809142990314028
6123,nutraceutical,3,2,6.214608098422191
6124,nutritionists,3,2,6.214608098422191
6125,nvtdr,3,1,6.907755278982137
6126,nvu,3,1,6.907755278982137
6127,obtain,3,3,5.809142990314028
6128,oc,3,1,6.907755278982137
6129,octt,3,1,6.907755278982137
6130,oils,3,2,6.214608098422191
6131,olfactory,3,2,6.214608098422191
6132,omm,3,1,6.907755278982137
6133,oncological,3,3,5.809142990314028
6134,operational,3,2,6.214608098422191
6135,opioids,3,3,5.809142990314028
6136,optum,3,3,5.809142990314028
6137,orexigenic,3,3,5.809142990314028
6138,organelle,3,2,6.214608098422191
6139,orientation,3,2,6.214608098422191
6140,orthogonal,3,2,6.214608098422191
6141,oss,3,1,6.907755278982137
6142,osteoclastogenesis,3,2,6.214608098422191
6143,osteomyelitis,3,1,6.907755278982137
6144,outlined,3,3,5.809142990314028
6145,paced,3,1,6.907755278982137
6146,package,3,3,5.809142990314028
6147,pai,3,2,6.214608098422191
6148,papers,3,3,5.809142990314028
6149,paradigms,3,3,5.809142990314028
6150,participated,3,3,5.809142990314028
6151,pasc,3,1,6.907755278982137
6152,paucity,3,3,5.809142990314028
6153,pbs,3,2,6.214608098422191
6154,pc1,3,1,6.907755278982137
6155,pcs,3,1,6.907755278982137
6156,pcsk1,3,2,6.214608098422191
6157,pcsk9,3,3,5.809142990314028
6158,pdc,3,2,6.214608098422191
6159,penetrant,3,3,5.809142990314028
6160,percentile,3,3,5.809142990314028
6161,percutaneous,3,3,5.809142990314028
6162,perform,3,3,5.809142990314028
6163,performing,3,2,6.214608098422191
6164,periprocedural,3,2,6.214608098422191
6165,perpetrator,3,1,6.907755278982137
6166,perpetuating,3,3,5.809142990314028
6167,pervasive,3,3,5.809142990314028
6168,pharmacists,3,2,6.214608098422191
6169,pharmacoepidemiological,3,2,6.214608098422191
6170,pharmacotherapeutic,3,3,5.809142990314028
6171,pharyngeal,3,3,5.809142990314028
6172,phases,3,3,5.809142990314028
6173,phosphorylated,3,3,5.809142990314028
6174,phq,3,1,6.907755278982137
6175,physicochemical,3,3,5.809142990314028
6176,physiologically,3,3,5.809142990314028
6177,phytochemical,3,3,5.809142990314028
6178,playing,3,3,5.809142990314028
6179,plots,3,2,6.214608098422191
6180,pmca4,3,1,6.907755278982137
6181,pmol,3,2,6.214608098422191
6182,polypharmacy,3,3,5.809142990314028
6183,polyphenols,3,3,5.809142990314028
6184,pomc,3,1,6.907755278982137
6185,popularity,3,3,5.809142990314028
6186,posing,3,3,5.809142990314028
6187,postural,3,2,6.214608098422191
6188,pparg,3,3,5.809142990314028
6189,precipitate,3,3,5.809142990314028
6190,preclude,3,3,5.809142990314028
6191,preconditioning,3,2,6.214608098422191
6192,preexisting,3,2,6.214608098422191
6193,pregnant,3,3,5.809142990314028
6194,preoccupation,3,3,5.809142990314028
6195,preprint,3,3,5.809142990314028
6196,preprocedural,3,1,6.907755278982137
6197,prescribers,3,2,6.214608098422191
6198,prices,3,2,6.214608098422191
6199,principle,3,3,5.809142990314028
6200,prioritised,3,3,5.809142990314028
6201,probable,3,3,5.809142990314028
6202,producers,3,1,6.907755278982137
6203,profound,3,3,5.809142990314028
6204,project,3,3,5.809142990314028
6205,projections,3,3,5.809142990314028
6206,prominence,3,3,5.809142990314028
6207,promis,3,1,6.907755278982137
6208,promoters,3,3,5.809142990314028
6209,proms,3,1,6.907755278982137
6210,prone,3,3,5.809142990314028
6211,propagation,3,3,5.809142990314028
6212,proteases,3,1,6.907755278982137
6213,protected,3,3,5.809142990314028
6214,protecting,3,3,5.809142990314028
6215,proteinopathy,3,2,6.214608098422191
6216,proteomics,3,3,5.809142990314028
6217,prothrombotic,3,3,5.809142990314028
6218,proton,3,3,5.809142990314028
6219,provision,3,3,5.809142990314028
6220,proxied,3,3,5.809142990314028
6221,proxy,3,3,5.809142990314028
6222,pseudo,3,2,6.214608098422191
6223,psychiatry,3,3,5.809142990314028
6224,psychotic,3,3,5.809142990314028
6225,ptc,3,1,6.907755278982137
6226,pten,3,3,5.809142990314028
6227,pul,3,1,6.907755278982137
6228,pulsed,3,2,6.214608098422191
6229,purely,3,3,5.809142990314028
6230,purity,3,3,5.809142990314028
6231,purposes,3,3,5.809142990314028
6232,putative,3,3,5.809142990314028
6233,pwcf,3,1,6.907755278982137
6234,q3,3,2,6.214608098422191
6235,qmdr,3,1,6.907755278982137
6236,qualitatively,3,3,5.809142990314028
6237,quantification,3,3,5.809142990314028
6238,quantity,3,3,5.809142990314028
6239,quasi,3,3,5.809142990314028
6240,query,3,3,5.809142990314028
6241,r2,3,3,5.809142990314028
6242,reason,3,3,5.809142990314028
6243,recommending,3,3,5.809142990314028
6244,recommends,3,2,6.214608098422191
6245,recovered,3,1,6.907755278982137
6246,red,3,2,6.214608098422191
6247,redefined,3,3,5.809142990314028
6248,redistribution,3,2,6.214608098422191
6249,reductive,3,2,6.214608098422191
6250,referencing,3,2,6.214608098422191
6251,referrals,3,2,6.214608098422191
6252,reflexive,3,3,5.809142990314028
6253,registers,3,3,5.809142990314028
6254,reinforced,3,3,5.809142990314028
6255,reinforcing,3,3,5.809142990314028
6256,relaxation,3,2,6.214608098422191
6257,remodel,3,3,5.809142990314028
6258,repetitions,3,1,6.907755278982137
6259,replace,3,3,5.809142990314028
6260,replicate,3,3,5.809142990314028
6261,repositioning,3,3,5.809142990314028
6262,represented,3,3,5.809142990314028
6263,reproducible,3,3,5.809142990314028
6264,reproduction,3,3,5.809142990314028
6265,rescued,3,3,5.809142990314028
6266,researchers,3,3,5.809142990314028
6267,reshapes,3,3,5.809142990314028
6268,residues,3,3,5.809142990314028
6269,resting,3,3,5.809142990314028
6270,retear,3,1,6.907755278982137
6271,rewarding,3,2,6.214608098422191
6272,riddle,3,1,6.907755278982137
6273,rif,3,1,6.907755278982137
6274,risen,3,3,5.809142990314028
6275,rises,3,3,5.809142990314028
6276,roseburia,3,2,6.214608098422191
6277,rp,3,1,6.907755278982137
6278,rpea,3,1,6.907755278982137
6279,rs,3,1,6.907755278982137
6280,rw,3,1,6.907755278982137
6281,safely,3,3,5.809142990314028
6282,sal,3,1,6.907755278982137
6283,salience,3,3,5.809142990314028
6284,salvage,3,2,6.214608098422191
6285,sampled,3,3,5.809142990314028
6286,sars,3,2,6.214608098422191
6287,scales,3,3,5.809142990314028
6288,scarce,3,3,5.809142990314028
6289,scheduled,3,3,5.809142990314028
6290,sclerosis,3,2,6.214608098422191
6291,scoring,3,3,5.809142990314028
6292,scs,3,1,6.907755278982137
6293,secrete,3,3,5.809142990314028
6294,secreting,3,2,6.214608098422191
6295,section,3,3,5.809142990314028
6296,sedated,3,2,6.214608098422191
6297,sedatives,3,1,6.907755278982137
6298,see,3,3,5.809142990314028
6299,segments,3,2,6.214608098422191
6300,sensory,3,3,5.809142990314028
6301,sequelae,3,3,5.809142990314028
6302,sequences,3,3,5.809142990314028
6303,seroma,3,2,6.214608098422191
6304,serosal,3,1,6.907755278982137
6305,sham,3,3,5.809142990314028
6306,shaped,3,3,5.809142990314028
6307,shares,3,3,5.809142990314028
6308,sharply,3,3,5.809142990314028
6309,shbg,3,1,6.907755278982137
6310,shi,3,2,6.214608098422191
6311,shortage,3,3,5.809142990314028
6312,shortly,3,3,5.809142990314028
6313,shr,3,1,6.907755278982137
6314,signalled,3,2,6.214608098422191
6315,simulation,3,3,5.809142990314028
6316,situ,3,3,5.809142990314028
6317,sixty,3,3,5.809142990314028
6318,sld,3,1,6.907755278982137
6319,sleepiness,3,2,6.214608098422191
6320,sln,3,2,6.214608098422191
6321,sma,3,1,6.907755278982137
6322,smad,3,3,5.809142990314028
6323,smds,3,3,5.809142990314028
6324,snps,3,2,6.214608098422191
6325,societal,3,3,5.809142990314028
6326,solubility,3,2,6.214608098422191
6327,space,3,2,6.214608098422191
6328,spain,3,2,6.214608098422191
6329,spcs,3,1,6.907755278982137
6330,specialized,3,3,5.809142990314028
6331,specified,3,3,5.809142990314028
6332,spectroscopic,3,3,5.809142990314028
6333,spikes,3,2,6.214608098422191
6334,spironolactone,3,3,5.809142990314028
6335,squares,3,3,5.809142990314028
6336,srebp,3,3,5.809142990314028
6337,sred,3,1,6.907755278982137
6338,st2,3,1,6.907755278982137
6339,stabilized,3,3,5.809142990314028
6340,stand,3,2,6.214608098422191
6341,standalone,3,3,5.809142990314028
6342,starch,3,3,5.809142990314028
6343,statin,3,3,5.809142990314028
6344,std,3,1,6.907755278982137
6345,steady,3,3,5.809142990314028
6346,stimulator,3,2,6.214608098422191
6347,stone,3,1,6.907755278982137
6348,strains,3,3,5.809142990314028
6349,strategic,3,3,5.809142990314028
6350,stratifying,3,3,5.809142990314028
6351,studying,3,3,5.809142990314028
6352,stz,3,3,5.809142990314028
6353,subcohort,3,1,6.907755278982137
6354,subject,3,3,5.809142990314028
6355,suboptimally,3,2,6.214608098422191
6356,substances,3,3,5.809142990314028
6357,substrates,3,3,5.809142990314028
6358,substudy,3,3,5.809142990314028
6359,sucralose,3,1,6.907755278982137
6360,sudden,3,3,5.809142990314028
6361,suffering,3,2,6.214608098422191
6362,suitability,3,3,5.809142990314028
6363,sum,3,3,5.809142990314028
6364,summarises,3,3,5.809142990314028
6365,surrogates,3,3,5.809142990314028
6366,susceptible,3,3,5.809142990314028
6367,swedish,3,2,6.214608098422191
6368,swim,3,3,5.809142990314028
6369,swine,3,1,6.907755278982137
6370,sword,3,1,6.907755278982137
6371,symmetric,3,2,6.214608098422191
6372,syncope,3,2,6.214608098422191
6373,synthesise,3,3,5.809142990314028
6374,tac,3,1,6.907755278982137
6375,take,3,3,5.809142990314028
6376,tc,3,3,5.809142990314028
6377,tcdca,3,1,6.907755278982137
6378,tea,3,2,6.214608098422191
6379,teams,3,3,5.809142990314028
6380,temperature,3,2,6.214608098422191
6381,temporally,3,3,5.809142990314028
6382,tension,3,2,6.214608098422191
6383,tgf,3,2,6.214608098422191
6384,thermal,3,3,5.809142990314028
6385,thermodynamic,3,3,5.809142990314028
6386,thin,3,1,6.907755278982137
6387,thirds,3,3,5.809142990314028
6388,thoughts,3,3,5.809142990314028
6389,thp,3,3,5.809142990314028
6390,thrice,3,3,5.809142990314028
6391,throughput,3,3,5.809142990314028
6392,tier,3,2,6.214608098422191
6393,tiktok,3,2,6.214608098422191
6394,timescale,3,1,6.907755278982137
6395,tolvaptan,3,1,6.907755278982137
6396,tone,3,3,5.809142990314028
6397,too,3,3,5.809142990314028
6398,toxins,3,2,6.214608098422191
6399,trait,3,3,5.809142990314028
6400,transdermal,3,1,6.907755278982137
6401,transitioned,3,3,5.809142990314028
6402,transitioning,3,3,5.809142990314028
6403,transitions,3,3,5.809142990314028
6404,treats,3,3,5.809142990314028
6405,treewas,3,1,6.907755278982137
6406,trem2,3,2,6.214608098422191
6407,triage,3,2,6.214608098422191
6408,tried,3,3,5.809142990314028
6409,trunk,3,3,5.809142990314028
6410,tryptophan,3,3,5.809142990314028
6411,trz,3,1,6.907755278982137
6412,tt,3,1,6.907755278982137
6413,tudca,3,1,6.907755278982137
6414,twas,3,1,6.907755278982137
6415,ubiquitination,3,1,6.907755278982137
6416,ultra,3,3,5.809142990314028
6417,uncovered,3,2,6.214608098422191
6418,underestimate,3,3,5.809142990314028
6419,underpin,3,3,5.809142990314028
6420,underpowered,3,3,5.809142990314028
6421,underrecognized,3,3,5.809142990314028
6422,underway,3,3,5.809142990314028
6423,underweight,3,3,5.809142990314028
6424,uneven,3,3,5.809142990314028
6425,unexpected,3,3,5.809142990314028
6426,unidentified,3,3,5.809142990314028
6427,uniformly,3,3,5.809142990314028
6428,unilateral,3,2,6.214608098422191
6429,unmeasured,3,3,5.809142990314028
6430,unstructured,3,1,6.907755278982137
6431,upregulating,3,3,5.809142990314028
6432,upward,3,2,6.214608098422191
6433,v1,3,2,6.214608098422191
6434,v30,3,1,6.907755278982137
6435,va,3,2,6.214608098422191
6436,vaccines,3,2,6.214608098422191
6437,var,3,1,6.907755278982137
6438,vegetables,3,2,6.214608098422191
6439,vesicles,3,3,5.809142990314028
6440,vessel,3,1,6.907755278982137
6441,vibration,3,3,5.809142990314028
6442,video,3,2,6.214608098422191
6443,viewpoint,3,3,5.809142990314028
6444,vigilant,3,3,5.809142990314028
6445,viral,3,2,6.214608098422191
6446,visibility,3,3,5.809142990314028
6447,volunteers,3,3,5.809142990314028
6448,vr,3,1,6.907755278982137
6449,vte,3,2,6.214608098422191
6450,walk,3,3,5.809142990314028
6451,wallis,3,2,6.214608098422191
6452,wasting,3,3,5.809142990314028
6453,weak,3,3,5.809142990314028
6454,weaker,3,3,5.809142990314028
6455,weakly,3,3,5.809142990314028
6456,wear,3,1,6.907755278982137
6457,wearables,3,1,6.907755278982137
6458,wg,3,1,6.907755278982137
6459,whereby,3,3,5.809142990314028
6460,whf,3,1,6.907755278982137
6461,whilst,3,2,6.214608098422191
6462,wilcoxon,3,3,5.809142990314028
6463,wistar,3,3,5.809142990314028
6464,wnt,3,2,6.214608098422191
6465,woe,3,1,6.907755278982137
6466,working,3,3,5.809142990314028
6467,worsened,3,3,5.809142990314028
6468,written,3,3,5.809142990314028
6469,wssq,3,1,6.907755278982137
6470,wtp,3,2,6.214608098422191
6471,xbp1,3,1,6.907755278982137
6472,ziltivekimab,3,3,5.809142990314028
6473,µm,3,3,5.809142990314028
6474,δlnuacr,3,1,6.907755278982137
6475,0003,2,2,6.214608098422191
6476,0006,2,2,6.214608098422191
6477,0007,2,2,6.214608098422191
6478,0016,2,2,6.214608098422191
6479,0024,2,2,6.214608098422191
6480,00266,2,2,6.214608098422191
6481,018,2,2,6.214608098422191
6482,020,2,2,6.214608098422191
6483,0219,2,1,6.907755278982137
6484,028,2,2,6.214608098422191
6485,030,2,2,6.214608098422191
6486,0342,2,2,6.214608098422191
6487,047,2,2,6.214608098422191
6488,049,2,2,6.214608098422191
6489,054,2,2,6.214608098422191
6490,056,2,1,6.907755278982137
6491,059,2,2,6.214608098422191
6492,062,2,2,6.214608098422191
6493,073,2,2,6.214608098422191
6494,078,2,1,6.907755278982137
6495,094,2,2,6.214608098422191
6496,095,2,2,6.214608098422191
6497,1095,2,2,6.214608098422191
6498,116,2,2,6.214608098422191
6499,117,2,2,6.214608098422191
6500,120min,2,1,6.907755278982137
6501,124,2,2,6.214608098422191
6502,125,2,2,6.214608098422191
6503,126,2,2,6.214608098422191
6504,130,2,2,6.214608098422191
6505,1348,2,1,6.907755278982137
6506,136,2,2,6.214608098422191
6507,13co2,2,1,6.907755278982137
6508,144,2,2,6.214608098422191
6509,154,2,2,6.214608098422191
6510,159,2,2,6.214608098422191
6511,15q11,2,1,6.907755278982137
6512,166,2,2,6.214608098422191
6513,16s,2,2,6.214608098422191
6514,174,2,2,6.214608098422191
6515,179,2,2,6.214608098422191
6516,183,2,2,6.214608098422191
6517,186,2,2,6.214608098422191
6518,188,2,2,6.214608098422191
6519,190,2,2,6.214608098422191
6520,193,2,2,6.214608098422191
6521,1971,2,1,6.907755278982137
6522,1995,2,2,6.214608098422191
6523,1as,2,2,6.214608098422191
6524,1c,2,2,6.214608098422191
6525,1h,2,2,6.214608098422191
6526,1rtanycytekd,2,1,6.907755278982137
6527,2008,2,2,6.214608098422191
6528,201,2,2,6.214608098422191
6529,2029,2,1,6.907755278982137
6530,204,2,2,6.214608098422191
6531,206,2,2,6.214608098422191
6532,218,2,2,6.214608098422191
6533,226,2,2,6.214608098422191
6534,230,2,2,6.214608098422191
6535,232,2,2,6.214608098422191
6536,234,2,2,6.214608098422191
6537,236,2,2,6.214608098422191
6538,237,2,2,6.214608098422191
6539,240,2,2,6.214608098422191
6540,246,2,2,6.214608098422191
6541,261,2,2,6.214608098422191
6542,265,2,2,6.214608098422191
6543,267,2,2,6.214608098422191
6544,272,2,2,6.214608098422191
6545,277,2,2,6.214608098422191
6546,279,2,2,6.214608098422191
6547,281,2,2,6.214608098422191
6548,287,2,2,6.214608098422191
6549,288,2,2,6.214608098422191
6550,290,2,2,6.214608098422191
6551,294,2,2,6.214608098422191
6552,295,2,2,6.214608098422191
6553,296,2,2,6.214608098422191
6554,2a,2,2,6.214608098422191
6555,2c,2,1,6.907755278982137
6556,2hpg,2,1,6.907755278982137
6557,302,2,2,6.214608098422191
6558,303,2,2,6.214608098422191
6559,305,2,2,6.214608098422191
6560,307,2,2,6.214608098422191
6561,315,2,2,6.214608098422191
6562,31st,2,2,6.214608098422191
6563,323,2,2,6.214608098422191
6564,327,2,2,6.214608098422191
6565,3270,2,1,6.907755278982137
6566,329,2,2,6.214608098422191
6567,332,2,2,6.214608098422191
6568,334,2,2,6.214608098422191
6569,339,2,2,6.214608098422191
6570,3468,2,1,6.907755278982137
6571,350,2,2,6.214608098422191
6572,351,2,2,6.214608098422191
6573,353,2,2,6.214608098422191
6574,367,2,2,6.214608098422191
6575,368,2,2,6.214608098422191
6576,371,2,2,6.214608098422191
6577,374,2,2,6.214608098422191
6578,375,2,2,6.214608098422191
6579,379,2,2,6.214608098422191
6580,382,2,2,6.214608098422191
6581,384,2,2,6.214608098422191
6582,385,2,2,6.214608098422191
6583,388,2,1,6.907755278982137
6584,398,2,2,6.214608098422191
6585,3c,2,1,6.907755278982137
6586,3p,2,1,6.907755278982137
6587,3r,2,1,6.907755278982137
6588,403,2,2,6.214608098422191
6589,405,2,2,6.214608098422191
6590,4117,2,1,6.907755278982137
6591,412,2,2,6.214608098422191
6592,413,2,2,6.214608098422191
6593,415,2,2,6.214608098422191
6594,417,2,2,6.214608098422191
6595,419,2,2,6.214608098422191
6596,424,2,2,6.214608098422191
6597,429,2,2,6.214608098422191
6598,435,2,2,6.214608098422191
6599,438,2,2,6.214608098422191
6600,439,2,2,6.214608098422191
6601,440,2,2,6.214608098422191
6602,446,2,2,6.214608098422191
6603,453,2,2,6.214608098422191
6604,459,2,2,6.214608098422191
6605,465,2,2,6.214608098422191
6606,478,2,2,6.214608098422191
6607,480,2,2,6.214608098422191
6608,485,2,2,6.214608098422191
6609,489,2,2,6.214608098422191
6610,491,2,2,6.214608098422191
6611,497,2,1,6.907755278982137
6612,505,2,2,6.214608098422191
6613,508,2,2,6.214608098422191
6614,509,2,2,6.214608098422191
6615,520,2,2,6.214608098422191
6616,522,2,2,6.214608098422191
6617,524,2,2,6.214608098422191
6618,525,2,2,6.214608098422191
6619,538,2,2,6.214608098422191
6620,539,2,2,6.214608098422191
6621,541,2,2,6.214608098422191
6622,543,2,2,6.214608098422191
6623,547,2,2,6.214608098422191
6624,555,2,2,6.214608098422191
6625,556,2,2,6.214608098422191
6626,562,2,2,6.214608098422191
6627,563,2,2,6.214608098422191
6628,570,2,2,6.214608098422191
6629,573,2,2,6.214608098422191
6630,574,2,2,6.214608098422191
6631,583,2,2,6.214608098422191
6632,584,2,2,6.214608098422191
6633,586,2,2,6.214608098422191
6634,593,2,2,6.214608098422191
6635,600,2,2,6.214608098422191
6636,602,2,2,6.214608098422191
6637,605,2,2,6.214608098422191
6638,608,2,2,6.214608098422191
6639,609,2,2,6.214608098422191
6640,610,2,2,6.214608098422191
6641,611,2,2,6.214608098422191
6642,612,2,2,6.214608098422191
6643,628,2,2,6.214608098422191
6644,629,2,2,6.214608098422191
6645,632,2,2,6.214608098422191
6646,639,2,2,6.214608098422191
6647,640,2,2,6.214608098422191
6648,642,2,2,6.214608098422191
6649,646,2,2,6.214608098422191
6650,653,2,2,6.214608098422191
6651,655,2,2,6.214608098422191
6652,662,2,2,6.214608098422191
6653,663,2,2,6.214608098422191
6654,664,2,2,6.214608098422191
6655,665,2,2,6.214608098422191
6656,670,2,2,6.214608098422191
6657,686,2,2,6.214608098422191
6658,691,2,2,6.214608098422191
6659,704,2,2,6.214608098422191
6660,708,2,2,6.214608098422191
6661,715,2,2,6.214608098422191
6662,716,2,2,6.214608098422191
6663,720,2,1,6.907755278982137
6664,7218,2,1,6.907755278982137
6665,725,2,2,6.214608098422191
6666,737,2,2,6.214608098422191
6667,747,2,2,6.214608098422191
6668,748,2,2,6.214608098422191
6669,749,2,2,6.214608098422191
6670,750,2,2,6.214608098422191
6671,760,2,2,6.214608098422191
6672,770,2,2,6.214608098422191
6673,774,2,2,6.214608098422191
6674,776,2,2,6.214608098422191
6675,796,2,1,6.907755278982137
6676,799,2,2,6.214608098422191
6677,803,2,2,6.214608098422191
6678,807,2,2,6.214608098422191
6679,808,2,2,6.214608098422191
6680,810,2,2,6.214608098422191
6681,811,2,2,6.214608098422191
6682,822,2,2,6.214608098422191
6683,826,2,1,6.907755278982137
6684,827,2,2,6.214608098422191
6685,830,2,2,6.214608098422191
6686,844,2,2,6.214608098422191
6687,852,2,2,6.214608098422191
6688,862,2,2,6.214608098422191
6689,866,2,2,6.214608098422191
6690,874,2,2,6.214608098422191
6691,882,2,2,6.214608098422191
6692,896,2,2,6.214608098422191
6693,899,2,2,6.214608098422191
6694,902,2,2,6.214608098422191
6695,907,2,2,6.214608098422191
6696,911,2,2,6.214608098422191
6697,915,2,2,6.214608098422191
6698,928,2,2,6.214608098422191
6699,929,2,1,6.907755278982137
6700,9327,2,2,6.214608098422191
6701,948,2,2,6.214608098422191
6702,95th,2,2,6.214608098422191
6703,960,2,2,6.214608098422191
6704,978,2,2,6.214608098422191
6705,980,2,1,6.907755278982137
6706,984,2,2,6.214608098422191
6707,988,2,2,6.214608098422191
6708,995,2,2,6.214608098422191
6709,997,2,2,6.214608098422191
6710,a2g,2,1,6.907755278982137
6711,a316t,2,1,6.907755278982137
6712,abcde,2,1,6.907755278982137
6713,abdominoplasty,2,1,6.907755278982137
6714,abolish,2,1,6.907755278982137
6715,abom,2,1,6.907755278982137
6716,abortion,2,1,6.907755278982137
6717,abrogated,2,2,6.214608098422191
6718,abrupt,2,1,6.907755278982137
6719,absorb,2,2,6.214608098422191
6720,absorbed,2,1,6.907755278982137
6721,absorptiometry,2,2,6.214608098422191
6722,acanthosis,2,2,6.214608098422191
6723,accelerates,2,2,6.214608098422191
6724,acceleration,2,2,6.214608098422191
6725,acceptability,2,2,6.214608098422191
6726,accompany,2,2,6.214608098422191
6727,accura,2,1,6.907755278982137
6728,acetonitrile,2,2,6.214608098422191
6729,acetylcholine,2,2,6.214608098422191
6730,achilles,2,1,6.907755278982137
6731,acidosis,2,2,6.214608098422191
6732,acrylamido,2,1,6.907755278982137
6733,actionability,2,1,6.907755278982137
6734,activators,2,2,6.214608098422191
6735,actively,2,2,6.214608098422191
6736,acuity,2,1,6.907755278982137
6737,adhesive,2,1,6.907755278982137
6738,adipor1,2,1,6.907755278982137
6739,adj,2,1,6.907755278982137
6740,adjudication,2,2,6.214608098422191
6741,adm,2,1,6.907755278982137
6742,adms,2,2,6.214608098422191
6743,adolescence,2,2,6.214608098422191
6744,adopted,2,2,6.214608098422191
6745,ads,2,1,6.907755278982137
6746,advance,2,2,6.214608098422191
6747,advantageous,2,2,6.214608098422191
6748,advisory,2,1,6.907755278982137
6749,aerodigestive,2,1,6.907755278982137
6750,affairs,2,2,6.214608098422191
6751,afferent,2,2,6.214608098422191
6752,afferents,2,1,6.907755278982137
6753,affinities,2,2,6.214608098422191
6754,agb,2,2,6.214608098422191
6755,aggregated,2,2,6.214608098422191
6756,aggregating,2,2,6.214608098422191
6757,aggressive,2,2,6.214608098422191
6758,aggressively,2,2,6.214608098422191
6759,agonistic,2,2,6.214608098422191
6760,agree,2,2,6.214608098422191
6761,agrp,2,2,6.214608098422191
6762,ahrs,2,2,6.214608098422191
6763,aiming,2,2,6.214608098422191
6764,ala,2,1,6.907755278982137
6765,alanine,2,2,6.214608098422191
6766,alaska,2,1,6.907755278982137
6767,albeit,2,2,6.214608098422191
6768,ald,2,1,6.907755278982137
6769,align,2,2,6.214608098422191
6770,alive,2,2,6.214608098422191
6771,allocation,2,2,6.214608098422191
6772,allograft,2,1,6.907755278982137
6773,allosteric,2,2,6.214608098422191
6774,alveolar,2,2,6.214608098422191
6775,always,2,2,6.214608098422191
6776,ambiguous,2,2,6.214608098422191
6777,ambroxol,2,1,6.907755278982137
6778,ames,2,2,6.214608098422191
6779,amg133,2,2,6.214608098422191
6780,aminotransferases,2,1,6.907755278982137
6781,amplifies,2,2,6.214608098422191
6782,amplifying,2,2,6.214608098422191
6783,amputations,2,2,6.214608098422191
6784,amy1r,2,1,6.907755278982137
6785,anaerovorax,2,1,6.907755278982137
6786,analgesia,2,1,6.907755278982137
6787,analysing,2,2,6.214608098422191
6788,analyzes,2,2,6.214608098422191
6789,anaphylaxis,2,1,6.907755278982137
6790,ancova,2,1,6.907755278982137
6791,androgen,2,2,6.214608098422191
6792,androgenic,2,1,6.907755278982137
6793,angeles,2,1,6.907755278982137
6794,angiogenesis,2,2,6.214608098422191
6795,annotated,2,2,6.214608098422191
6796,announcement,2,1,6.907755278982137
6797,annualised,2,1,6.907755278982137
6798,annually,2,2,6.214608098422191
6799,anonymized,2,2,6.214608098422191
6800,antagonistic,2,2,6.214608098422191
6801,antibody,2,2,6.214608098422191
6802,antifibrotic,2,2,6.214608098422191
6803,antiglycemic,2,1,6.907755278982137
6804,antineoplastic,2,2,6.214608098422191
6805,antioxidants,2,2,6.214608098422191
6806,antioxidative,2,2,6.214608098422191
6807,antisense,2,2,6.214608098422191
6808,antitumor,2,2,6.214608098422191
6809,apart,2,2,6.214608098422191
6810,apj,2,1,6.907755278982137
6811,apob,2,1,6.907755278982137
6812,apoptotic,2,2,6.214608098422191
6813,appearance,2,2,6.214608098422191
6814,appearing,2,2,6.214608098422191
6815,appraised,2,2,6.214608098422191
6816,appreciate,2,1,6.907755278982137
6817,approached,2,2,6.214608098422191
6818,aqp4,2,1,6.907755278982137
6819,areata,2,1,6.907755278982137
6820,arginase,2,1,6.907755278982137
6821,armitage,2,2,6.214608098422191
6822,aromatic,2,2,6.214608098422191
6823,arr,2,1,6.907755278982137
6824,arrest,2,2,6.214608098422191
6825,art,2,2,6.214608098422191
6826,arthrodesis,2,1,6.907755278982137
6827,aryl,2,2,6.214608098422191
6828,asbt,2,2,6.214608098422191
6829,ask,2,2,6.214608098422191
6830,ask1,2,2,6.214608098422191
6831,asks,2,2,6.214608098422191
6832,aspirin,2,1,6.907755278982137
6833,asq,2,1,6.907755278982137
6834,asr,2,1,6.907755278982137
6835,assessor,2,2,6.214608098422191
6836,assign,2,2,6.214608098422191
6837,assumption,2,2,6.214608098422191
6838,atc,2,2,6.214608098422191
6839,atf6,2,2,6.214608098422191
6840,atherothrombotic,2,2,6.214608098422191
6841,athletes,2,1,6.907755278982137
6842,athletic,2,1,6.907755278982137
6843,atopic,2,1,6.907755278982137
6844,atorvastatin,2,1,6.907755278982137
6845,atpase,2,2,6.214608098422191
6846,attached,2,2,6.214608098422191
6847,attack,2,2,6.214608098422191
6848,attainment,2,2,6.214608098422191
6849,attempting,2,2,6.214608098422191
6850,attitudinal,2,1,6.907755278982137
6851,attribute,2,1,6.907755278982137
6852,aucs,2,1,6.907755278982137
6853,augmenting,2,2,6.214608098422191
6854,autoantibodies,2,2,6.214608098422191
6855,autonomous,2,1,6.907755278982137
6856,autophony,2,2,6.214608098422191
6857,aversion,2,2,6.214608098422191
6858,aviitam,2,1,6.907755278982137
6859,avoid,2,2,6.214608098422191
6860,awaiting,2,2,6.214608098422191
6861,awakening,2,1,6.907755278982137
6862,away,2,2,6.214608098422191
6863,b6,2,2,6.214608098422191
6864,backbone,2,2,6.214608098422191
6865,balancing,2,2,6.214608098422191
6866,banding,2,2,6.214608098422191
6867,bardoxolone,2,2,6.214608098422191
6868,batch,2,2,6.214608098422191
6869,bax,2,1,6.907755278982137
6870,bayes,2,2,6.214608098422191
6871,bbs10,2,1,6.907755278982137
6872,bcl,2,1,6.907755278982137
6873,bcrp,2,1,6.907755278982137
6874,beating,2,1,6.907755278982137
6875,became,2,1,6.907755278982137
6876,bed,2,2,6.214608098422191
6877,beliefs,2,2,6.214608098422191
6878,believe,2,2,6.214608098422191
6879,believed,2,2,6.214608098422191
6880,berries,2,1,6.907755278982137
6881,beverage,2,1,6.907755278982137
6882,bidirectionally,2,2,6.214608098422191
6883,biguanides,2,2,6.214608098422191
6884,bin,2,1,6.907755278982137
6885,bioelectromagnetics,2,1,6.907755278982137
6886,bioequivalence,2,2,6.214608098422191
6887,bioinspired,2,1,6.907755278982137
6888,biomechanical,2,2,6.214608098422191
6889,biomimetic,2,1,6.907755278982137
6890,biophysical,2,2,6.214608098422191
6891,biopro,2,1,6.907755278982137
6892,biopsies,2,2,6.214608098422191
6893,biosensor,2,1,6.907755278982137
6894,biosimilars,2,2,6.214608098422191
6895,biotransformation,2,2,6.214608098422191
6896,bladder,2,2,6.214608098422191
6897,bleomycin,2,2,6.214608098422191
6898,blepharitis,2,1,6.907755278982137
6899,bliss,2,1,6.907755278982137
6900,bmc,2,1,6.907755278982137
6901,bouldin,2,1,6.907755278982137
6902,bpa,2,1,6.907755278982137
6903,bradyarrhythmia,2,1,6.907755278982137
6904,brazil,2,1,6.907755278982137
6905,bread,2,1,6.907755278982137
6906,breakdown,2,2,6.214608098422191
6907,breakpoint,2,1,6.907755278982137
6908,breastfeeding,2,1,6.907755278982137
6909,breath,2,1,6.907755278982137
6910,briefly,2,2,6.214608098422191
6911,brigham,2,2,6.214608098422191
6912,broiler,2,1,6.907755278982137
6913,brown,2,2,6.214608098422191
6914,bruising,2,1,6.907755278982137
6915,buffer,2,2,6.214608098422191
6916,built,2,2,6.214608098422191
6917,bv2,2,1,6.907755278982137
6918,cac,2,1,6.907755278982137
6919,cachexia,2,2,6.214608098422191
6920,calcification,2,2,6.214608098422191
6921,calculate,2,2,6.214608098422191
6922,calinski,2,1,6.907755278982137
6923,camkiv,2,2,6.214608098422191
6924,camkk,2,2,6.214608098422191
6925,cams,2,1,6.907755278982137
6926,canagliflozin,2,1,6.907755278982137
6927,cannabinoids,2,2,6.214608098422191
6928,cap,2,1,6.907755278982137
6929,capability,2,2,6.214608098422191
6930,capillary,2,2,6.214608098422191
6931,capsule,2,1,6.907755278982137
6932,carboxylase,2,2,6.214608098422191
6933,card,2,1,6.907755278982137
6934,cardiohepatic,2,1,6.907755278982137
6935,cardiologists,2,2,6.214608098422191
6936,cardioprotection,2,2,6.214608098422191
6937,cardiorespiratory,2,2,6.214608098422191
6938,cardioversion,2,2,6.214608098422191
6939,carolina,2,1,6.907755278982137
6940,carotid,2,2,6.214608098422191
6941,casp3,2,1,6.907755278982137
6942,cassette,2,2,6.214608098422191
6943,catabolic,2,2,6.214608098422191
6944,catabolism,2,1,6.907755278982137
6945,catalytic,2,2,6.214608098422191
6946,categorical,2,2,6.214608098422191
6947,categorised,2,2,6.214608098422191
6948,cav1,2,1,6.907755278982137
6949,cc,2,1,6.907755278982137
6950,cca,2,1,6.907755278982137
6951,cci,2,1,6.907755278982137
6952,ccm,2,1,6.907755278982137
6953,cd163,2,2,6.214608098422191
6954,center6,2,1,6.907755278982137
6955,cephalic,2,2,6.214608098422191
6956,certified,2,1,6.907755278982137
6957,chalazia,2,1,6.907755278982137
6958,challenged,2,2,6.214608098422191
6959,changing,2,2,6.214608098422191
6960,channels,2,2,6.214608098422191
6961,chase,2,1,6.907755278982137
6962,cha₂ds₂,2,1,6.907755278982137
6963,checklists,2,2,6.214608098422191
6964,cheers,2,2,6.214608098422191
6965,chemesthesis,2,1,6.907755278982137
6966,chemistry,2,1,6.907755278982137
6967,cholecystectomy,2,2,6.214608098422191
6968,choledocholithiasis,2,2,6.214608098422191
6969,cholestatic,2,2,6.214608098422191
6970,choroidal,2,1,6.907755278982137
6971,chose,2,1,6.907755278982137
6972,chromosome,2,2,6.214608098422191
6973,cia,2,1,6.907755278982137
6974,cited,2,2,6.214608098422191
6975,clalit,2,2,6.214608098422191
6976,clamp,2,2,6.214608098422191
6977,clarified,2,2,6.214608098422191
6978,clarifying,2,2,6.214608098422191
6979,classic,2,2,6.214608098422191
6980,classically,2,2,6.214608098422191
6981,clathrin,2,2,6.214608098422191
6982,clears,2,1,6.907755278982137
6983,cliff,2,1,6.907755278982137
6984,clonogenic,2,1,6.907755278982137
6985,closed,2,2,6.214608098422191
6986,closing,2,2,6.214608098422191
6987,clpph,2,1,6.907755278982137
6988,coacervation,2,1,6.907755278982137
6989,coactivator,2,2,6.214608098422191
6990,code,2,2,6.214608098422191
6991,coenzyme,2,2,6.214608098422191
6992,coexistence,2,2,6.214608098422191
6993,cognitions,2,1,6.907755278982137
6994,cognitively,2,2,6.214608098422191
6995,cohen,2,1,6.907755278982137
6996,coherence,2,2,6.214608098422191
6997,coherent,2,2,6.214608098422191
6998,col4a1,2,1,6.907755278982137
6999,colchicine,2,2,6.214608098422191
7000,collect,2,2,6.214608098422191
7001,colonization,2,2,6.214608098422191
7002,colonized,2,1,6.907755278982137
7003,combating,2,2,6.214608098422191
7004,communications,2,2,6.214608098422191
7005,compensate,2,2,6.214608098422191
7006,compkt,2,1,6.907755278982137
7007,complementarity,2,2,6.214608098422191
7008,complements,2,2,6.214608098422191
7009,complexed,2,2,6.214608098422191
7010,complexes,2,2,6.214608098422191
7011,complexities,2,2,6.214608098422191
7012,compliant,2,2,6.214608098422191
7013,complicate,2,2,6.214608098422191
7014,complicating,2,2,6.214608098422191
7015,compromised,2,2,6.214608098422191
7016,conceptualized,2,2,6.214608098422191
7017,conceptually,2,2,6.214608098422191
7018,concerning,2,2,6.214608098422191
7019,conditionally,2,1,6.907755278982137
7020,conferred,2,2,6.214608098422191
7021,confirms,2,2,6.214608098422191
7022,conformation,2,2,6.214608098422191
7023,confounded,2,2,6.214608098422191
7024,confounder,2,2,6.214608098422191
7025,confronts,2,2,6.214608098422191
7026,congenital,2,2,6.214608098422191
7027,congestion,2,2,6.214608098422191
7028,conjugated,2,2,6.214608098422191
7029,connected,2,2,6.214608098422191
7030,connecting,2,2,6.214608098422191
7031,consequence,2,2,6.214608098422191
7032,consequential,2,2,6.214608098422191
7033,conservatively,2,2,6.214608098422191
7034,consists,2,2,6.214608098422191
7035,consolidate,2,2,6.214608098422191
7036,consortium,2,2,6.214608098422191
7037,constellations,2,1,6.907755278982137
7038,constitute,2,2,6.214608098422191
7039,constructed,2,2,6.214608098422191
7040,consume,2,2,6.214608098422191
7041,consuming,2,2,6.214608098422191
7042,contacted,2,1,6.907755278982137
7043,contacts,2,2,6.214608098422191
7044,contractile,2,2,6.214608098422191
7045,contraindication,2,2,6.214608098422191
7046,contributory,2,2,6.214608098422191
7047,converted,2,2,6.214608098422191
7048,copd,2,1,6.907755278982137
7049,copies,2,1,6.907755278982137
7050,corneal,2,1,6.907755278982137
7051,corrects,2,2,6.214608098422191
7052,correlate,2,2,6.214608098422191
7053,correspondence,2,2,6.214608098422191
7054,corroborated,2,2,6.214608098422191
7055,costly,2,2,6.214608098422191
7056,counteracts,2,2,6.214608098422191
7057,countermeasures,2,2,6.214608098422191
7058,counting,2,2,6.214608098422191
7059,couples,2,2,6.214608098422191
7060,cprd,2,2,6.214608098422191
7061,crd420251150683,2,1,6.907755278982137
7062,crd420261327235,2,1,6.907755278982137
7063,crd420261354386,2,1,6.907755278982137
7064,crds,2,1,6.907755278982137
7065,create,2,2,6.214608098422191
7066,crude,2,1,6.907755278982137
7067,crypt,2,2,6.214608098422191
7068,csf,2,1,6.907755278982137
7069,ct,2,2,6.214608098422191
7070,ctla4,2,1,6.907755278982137
7071,ctri,2,1,6.907755278982137
7072,cultivable,2,1,6.907755278982137
7073,cultures,2,2,6.214608098422191
7074,cummings,2,1,6.907755278982137
7075,cvds,2,1,6.907755278982137
7076,cycloheximide,2,1,6.907755278982137
7077,cynomolgus,2,1,6.907755278982137
7078,cyp2d6,2,2,6.214608098422191
7079,cyp3a,2,1,6.907755278982137
7080,cytocompatibility,2,1,6.907755278982137
7081,daergic,2,1,6.907755278982137
7082,dairy,2,1,6.907755278982137
7083,damps,2,1,6.907755278982137
7084,dasatinib,2,2,6.214608098422191
7085,datasets,2,2,6.214608098422191
7086,davies,2,1,6.907755278982137
7087,debris,2,1,6.907755278982137
7088,dechallenge,2,2,6.214608098422191
7089,deconstructing,2,2,6.214608098422191
7090,defective,2,2,6.214608098422191
7091,defense,2,2,6.214608098422191
7092,degludec,2,2,6.214608098422191
7093,degrees,2,2,6.214608098422191
7094,dehydration,2,2,6.214608098422191
7095,dehydrogenase,2,2,6.214608098422191
7096,delineates,2,2,6.214608098422191
7097,demyelinating,2,2,6.214608098422191
7098,denmark,2,2,6.214608098422191
7099,denominators,2,2,6.214608098422191
7100,densely,2,2,6.214608098422191
7101,depended,2,2,6.214608098422191
7102,dependency,2,2,6.214608098422191
7103,deprived,2,1,6.907755278982137
7104,derangements,2,2,6.214608098422191
7105,derivation,2,2,6.214608098422191
7106,dermatological,2,2,6.214608098422191
7107,dermatoses,2,1,6.907755278982137
7108,desert,2,1,6.907755278982137
7109,deserts,2,1,6.907755278982137
7110,designing,2,2,6.214608098422191
7111,designretrospective,2,2,6.214608098422191
7112,desire,2,2,6.214608098422191
7113,desired,2,2,6.214608098422191
7114,destabilizing,2,2,6.214608098422191
7115,destruction,2,2,6.214608098422191
7116,detailing,2,2,6.214608098422191
7117,developmentally,2,2,6.214608098422191
7118,develops,2,2,6.214608098422191
7119,dft,2,1,6.907755278982137
7120,dhea,2,2,6.214608098422191
7121,diabetologists,2,2,6.214608098422191
7122,diagnostics,2,2,6.214608098422191
7123,diarylheptanoid,2,2,6.214608098422191
7124,dichlorophenyl,2,1,6.907755278982137
7125,didn,2,1,6.907755278982137
7126,dietcamb,2,1,6.907755278982137
7127,dietetic,2,1,6.907755278982137
7128,dietitians,2,1,6.907755278982137
7129,differs,2,2,6.214608098422191
7130,difficile,2,1,6.907755278982137
7131,difficulties,2,2,6.214608098422191
7132,diffuse,2,2,6.214608098422191
7133,digitally,2,2,6.214608098422191
7134,dilatation,2,1,6.907755278982137
7135,dilation,2,2,6.214608098422191
7136,dimensional,2,2,6.214608098422191
7137,dimerizing,2,1,6.907755278982137
7138,dimethylarginine,2,2,6.214608098422191
7139,disadvantages,2,2,6.214608098422191
7140,discern,2,1,6.907755278982137
7141,disciplinary,2,2,6.214608098422191
7142,disclosure,2,2,6.214608098422191
7143,discontinuity,2,1,6.907755278982137
7144,discounted,2,2,6.214608098422191
7145,discoveries,2,2,6.214608098422191
7146,discussions,2,2,6.214608098422191
7147,display,2,2,6.214608098422191
7148,disposal,2,2,6.214608098422191
7149,disposition,2,2,6.214608098422191
7150,disputes,2,2,6.214608098422191
7151,disrupt,2,2,6.214608098422191
7152,dissect,2,2,6.214608098422191
7153,disseminated,2,2,6.214608098422191
7154,distal,2,2,6.214608098422191
7155,distinctive,2,2,6.214608098422191
7156,distinguishes,2,2,6.214608098422191
7157,distressing,2,2,6.214608098422191
7158,distributional,2,1,6.907755278982137
7159,disulfide,2,2,6.214608098422191
7160,dmadd,2,1,6.907755278982137
7161,dmns,2,1,6.907755278982137
7162,dn,2,1,6.907755278982137
7163,document,2,2,6.214608098422191
7164,dod,2,1,6.907755278982137
7165,dodecyl,2,2,6.214608098422191
7166,doi,2,2,6.214608098422191
7167,domestic,2,1,6.907755278982137
7168,domestically,2,2,6.214608098422191
7169,done,2,2,6.214608098422191
7170,dosage,2,2,6.214608098422191
7171,doubled,2,2,6.214608098422191
7172,doubly,2,1,6.907755278982137
7173,doxycycline,2,1,6.907755278982137
7174,dp,2,1,6.907755278982137
7175,dramatic,2,2,6.214608098422191
7176,draws,2,2,6.214608098422191
7177,drgs,2,1,6.907755278982137
7178,droplet,2,2,6.214608098422191
7179,drp1,2,1,6.907755278982137
7180,druggable,2,2,6.214608098422191
7181,dsn,2,1,6.907755278982137
7182,dss,2,1,6.907755278982137
7183,dtsqc,2,1,6.907755278982137
7184,dtt,2,1,6.907755278982137
7185,dupilumab,2,1,6.907755278982137
7186,duplicates,2,2,6.214608098422191
7187,dynamically,2,2,6.214608098422191
7188,dysfunctional,2,2,6.214608098422191
7189,dysglycemia,2,2,6.214608098422191
7190,dysplasia,2,2,6.214608098422191
7191,e11,2,2,6.214608098422191
7192,earliest,2,2,6.214608098422191
7193,east,2,2,6.214608098422191
7194,easy,2,2,6.214608098422191
7195,ebgm,2,2,6.214608098422191
7196,ecd,2,2,6.214608098422191
7197,ecg,2,2,6.214608098422191
7198,ecological,2,2,6.214608098422191
7199,ecology,2,2,6.214608098422191
7200,ee,2,1,6.907755278982137
7201,eecs,2,1,6.907755278982137
7202,eeg,2,1,6.907755278982137
7203,eel,2,1,6.907755278982137
7204,effectors,2,2,6.214608098422191
7205,efficacious,2,2,6.214608098422191
7206,efficient,2,2,6.214608098422191
7207,egcg,2,1,6.907755278982137
7208,egfp,2,2,6.214608098422191
7209,ehrs,2,2,6.214608098422191
7210,eighteen,2,2,6.214608098422191
7211,elasticity,2,1,6.907755278982137
7212,electrical,2,1,6.907755278982137
7213,electroacupuncture,2,2,6.214608098422191
7214,electron,2,2,6.214608098422191
7215,electrophysiology,2,2,6.214608098422191
7216,electrostatically,2,2,6.214608098422191
7217,elimination,2,2,6.214608098422191
7218,elucidating,2,2,6.214608098422191
7219,empirical,2,2,6.214608098422191
7220,empirically,2,1,6.907755278982137
7221,empty,2,2,6.214608098422191
7222,encephalopathy,2,2,6.214608098422191
7223,encoded,2,2,6.214608098422191
7224,encoding,2,2,6.214608098422191
7225,encompass,2,2,6.214608098422191
7226,encourages,2,2,6.214608098422191
7227,ending,2,2,6.214608098422191
7228,endobariatric,2,2,6.214608098422191
7229,endocrinologists,2,2,6.214608098422191
7230,endometriosis,2,1,6.907755278982137
7231,endorsed,2,2,6.214608098422191
7232,endorsement,2,2,6.214608098422191
7233,endothelium,2,1,6.907755278982137
7234,endotoxemia,2,2,6.214608098422191
7235,engineer,2,2,6.214608098422191
7236,enhancements,2,2,6.214608098422191
7237,enhancers,2,2,6.214608098422191
7238,enrich,2,2,6.214608098422191
7239,enroled,2,1,6.907755278982137
7240,ensemble,2,2,6.214608098422191
7241,ensembles,2,1,6.907755278982137
7242,ensuring,2,2,6.214608098422191
7243,entered,2,2,6.214608098422191
7244,entering,2,2,6.214608098422191
7245,environmentally,2,1,6.907755278982137
7246,eosin,2,2,6.214608098422191
7247,eosinophils,2,2,6.214608098422191
7248,epidemiologic,2,2,6.214608098422191
7249,epigallocatechin,2,2,6.214608098422191
7250,epigenomic,2,2,6.214608098422191
7251,episode,2,2,6.214608098422191
7252,epitranscriptomic,2,2,6.214608098422191
7253,equal,2,2,6.214608098422191
7254,equilibrium,2,2,6.214608098422191
7255,error,2,2,6.214608098422191
7256,ertugliflozin,2,1,6.907755278982137
7257,erythropoietin,2,1,6.907755278982137
7258,escape,2,2,6.214608098422191
7259,esrd,2,2,6.214608098422191
7260,essence,2,2,6.214608098422191
7261,establishment,2,2,6.214608098422191
7262,ethics,2,2,6.214608098422191
7263,etiologies,2,2,6.214608098422191
7264,eudravigilance,2,2,6.214608098422191
7265,euglycemia,2,1,6.907755278982137
7266,europe,2,2,6.214608098422191
7267,ev,2,1,6.907755278982137
7268,evenly,2,2,6.214608098422191
7269,evogliptin,2,1,6.907755278982137
7270,ex4,2,1,6.907755278982137
7271,exactly,2,2,6.214608098422191
7272,exceed,2,2,6.214608098422191
7273,exceeds,2,2,6.214608098422191
7274,exchangers,2,1,6.907755278982137
7275,exclude,2,2,6.214608098422191
7276,exercised,2,1,6.907755278982137
7277,exhaustion,2,2,6.214608098422191
7278,existed,2,2,6.214608098422191
7279,existence,2,2,6.214608098422191
7280,exocytosis,2,2,6.214608098422191
7281,expectations,2,2,6.214608098422191
7282,explainable,2,2,6.214608098422191
7283,exploring,2,2,6.214608098422191
7284,exports,2,2,6.214608098422191
7285,extrapolated,2,2,6.214608098422191
7286,extrapyramidal,2,1,6.907755278982137
7287,extreme,2,2,6.214608098422191
7288,extremity,2,1,6.907755278982137
7289,eyelid,2,1,6.907755278982137
7290,f10,2,1,6.907755278982137
7291,faceted,2,1,6.907755278982137
7292,faecalibaculum,2,2,6.214608098422191
7293,falsified,2,1,6.907755278982137
7294,farnesoid,2,2,6.214608098422191
7295,fats,2,2,6.214608098422191
7296,favor,2,2,6.214608098422191
7297,favouring,2,2,6.214608098422191
7298,fe2,2,2,6.214608098422191
7299,featuring,2,2,6.214608098422191
7300,feb,2,2,6.214608098422191
7301,feel,2,2,6.214608098422191
7302,fell,2,2,6.214608098422191
7303,felt,2,1,6.907755278982137
7304,fenofibrate,2,1,6.907755278982137
7305,fermentable,2,2,6.214608098422191
7306,fermenting,2,2,6.214608098422191
7307,ffar2,2,2,6.214608098422191
7308,ffar3,2,2,6.214608098422191
7309,fga,2,1,6.907755278982137
7310,fgf19,2,1,6.907755278982137
7311,fh,2,1,6.907755278982137
7312,fibrates,2,2,6.214608098422191
7313,fibrinolytic,2,1,6.907755278982137
7314,fibrogenic,2,1,6.907755278982137
7315,fidelity,2,2,6.214608098422191
7316,fifteen,2,2,6.214608098422191
7317,fighting,2,1,6.907755278982137
7318,file,2,2,6.214608098422191
7319,files,2,2,6.214608098422191
7320,filled,2,2,6.214608098422191
7321,filters,2,1,6.907755278982137
7322,fingerprints,2,1,6.907755278982137
7323,finland,2,2,6.214608098422191
7324,finnish,2,2,6.214608098422191
7325,firm,2,2,6.214608098422191
7326,fish,2,1,6.907755278982137
7327,fission,2,1,6.907755278982137
7328,fitness,2,2,6.214608098422191
7329,fits,2,2,6.214608098422191
7330,flap,2,1,6.907755278982137
7331,fluorescence,2,2,6.214608098422191
7332,fluorescent,2,2,6.214608098422191
7333,foenum,2,1,6.907755278982137
7334,folds,2,1,6.907755278982137
7335,football,2,1,6.907755278982137
7336,forces,2,1,6.907755278982137
7337,formate,2,1,6.907755278982137
7338,formats,2,2,6.214608098422191
7339,fostering,2,2,6.214608098422191
7340,foxo3a,2,1,6.907755278982137
7341,fr,2,1,6.907755278982137
7342,fractional,2,2,6.214608098422191
7343,fragment,2,2,6.214608098422191
7344,framingham,2,1,6.907755278982137
7345,fraudulent,2,1,6.907755278982137
7346,frc,2,1,6.907755278982137
7347,freely,2,1,6.907755278982137
7348,friendly,2,2,6.214608098422191
7349,front,2,2,6.214608098422191
7350,frontiers,2,1,6.907755278982137
7351,frontotemporal,2,1,6.907755278982137
7352,fructosamine,2,1,6.907755278982137
7353,fsg,2,1,6.907755278982137
7354,fulfilled,2,2,6.214608098422191
7355,functionalized,2,2,6.214608098422191
7356,functionally,2,2,6.214608098422191
7357,functioning,2,2,6.214608098422191
7358,fundoplication,2,1,6.907755278982137
7359,fused,2,2,6.214608098422191
7360,fw,2,1,6.907755278982137
7361,fxiiia,2,1,6.907755278982137
7362,g2,2,2,6.214608098422191
7363,gaining,2,2,6.214608098422191
7364,galectin,2,1,6.907755278982137
7365,gallate,2,2,6.214608098422191
7366,garnered,2,2,6.214608098422191
7367,gasdermin,2,2,6.214608098422191
7368,gastroenterological,2,2,6.214608098422191
7369,gate,2,2,6.214608098422191
7370,gavage,2,2,6.214608098422191
7371,gba,2,1,6.907755278982137
7372,gc,2,2,6.214608098422191
7373,gdf15,2,1,6.907755278982137
7374,gdmt,2,1,6.907755278982137
7375,ged,2,1,6.907755278982137
7376,gemigliptin,2,1,6.907755278982137
7377,genera,2,2,6.214608098422191
7378,generalisable,2,2,6.214608098422191
7379,generalised,2,2,6.214608098422191
7380,generality,2,2,6.214608098422191
7381,generalizable,2,2,6.214608098422191
7382,genetics,2,2,6.214608098422191
7383,genuinely,2,2,6.214608098422191
7384,genus,2,2,6.214608098422191
7385,geography,2,1,6.907755278982137
7386,germany,2,2,6.214608098422191
7387,germline,2,1,6.907755278982137
7388,gerotherapeutic,2,2,6.214608098422191
7389,ghr,2,1,6.907755278982137
7390,github,2,1,6.907755278982137
7391,glk,2,1,6.907755278982137
7392,gluconeogenesis,2,2,6.214608098422191
7393,glut2,2,2,6.214608098422191
7394,glutamatergic,2,1,6.907755278982137
7395,glycation,2,2,6.214608098422191
7396,glycolysis,2,2,6.214608098422191
7397,glycosidic,2,2,6.214608098422191
7398,glycosylated,2,2,6.214608098422191
7399,gnf4877,2,1,6.907755278982137
7400,goc,2,1,6.907755278982137
7401,gold,2,2,6.214608098422191
7402,gonadal,2,2,6.214608098422191
7403,goto,2,2,6.214608098422191
7404,gout,2,1,6.907755278982137
7405,governed,2,2,6.214608098422191
7406,grabs,2,1,6.907755278982137
7407,graecum,2,1,6.907755278982137
7408,grafting,2,2,6.214608098422191
7409,grains,2,2,6.214608098422191
7410,grant,2,2,6.214608098422191
7411,granulocyte,2,2,6.214608098422191
7412,grapes,2,1,6.907755278982137
7413,gray,2,2,6.214608098422191
7414,greedy,2,2,6.214608098422191
7415,grew,2,2,6.214608098422191
7416,grey,2,2,6.214608098422191
7417,ground,2,2,6.214608098422191
7418,grounded,2,2,6.214608098422191
7419,gs,2,2,6.214608098422191
7420,guanylate,2,2,6.214608098422191
7421,guiding,2,2,6.214608098422191
7422,guinea,2,1,6.907755278982137
7423,göttingen,2,1,6.907755278982137
7424,gαs,2,2,6.214608098422191
7425,halt,2,2,6.214608098422191
7426,harabasz,2,1,6.907755278982137
7427,harvested,2,2,6.214608098422191
7428,hbond,2,1,6.907755278982137
7429,heat,2,1,6.907755278982137
7430,heavily,2,2,6.214608098422191
7431,hedonics,2,1,6.907755278982137
7432,heighten,2,2,6.214608098422191
7433,heightened,2,2,6.214608098422191
7434,held,2,2,6.214608098422191
7435,heloderma,2,1,6.907755278982137
7436,hematological,2,1,6.907755278982137
7437,hematoxylin,2,2,6.214608098422191
7438,hemoglobinopathies,2,1,6.907755278982137
7439,hemorrhagic,2,2,6.214608098422191
7440,hemostatic,2,1,6.907755278982137
7441,hepatitis,2,1,6.907755278982137
7442,hepatokine,2,1,6.907755278982137
7443,herb,2,2,6.214608098422191
7444,hereafter,2,2,6.214608098422191
7445,heterodimerization,2,1,6.907755278982137
7446,heterozygosity,2,1,6.907755278982137
7447,hfs,2,1,6.907755278982137
7448,hierarchy,2,2,6.214608098422191
7449,histomorphometry,2,1,6.907755278982137
7450,histopathological,2,2,6.214608098422191
7451,historic,2,2,6.214608098422191
7452,hmw,2,1,6.907755278982137
7453,hne,2,2,6.214608098422191
7454,homo,2,1,6.907755278982137
7455,homolog,2,2,6.214608098422191
7456,horizons,2,2,6.214608098422191
7457,hormonally,2,1,6.907755278982137
7458,hospitalisations,2,2,6.214608098422191
7459,hp,2,2,6.214608098422191
7460,hsa,2,1,6.907755278982137
7461,htrf,2,1,6.907755278982137
7462,humanized,2,2,6.214608098422191
7463,hungry,2,1,6.907755278982137
7464,hvs,2,1,6.907755278982137
7465,hybridization,2,2,6.214608098422191
7466,hydrolase,2,2,6.214608098422191
7467,hydroxy,2,2,6.214608098422191
7468,hyper,2,2,6.214608098422191
7469,hypercholesterolemia,2,2,6.214608098422191
7470,hyperglucagonemia,2,1,6.907755278982137
7471,hypersecretion,2,2,6.214608098422191
7472,hypomanic,2,1,6.907755278982137
7473,hypotension,2,2,6.214608098422191
7474,hypotonia,2,1,6.907755278982137
7475,iatrogenic,2,2,6.214608098422191
7476,iauc0,2,1,6.907755278982137
7477,ic,2,2,6.214608098422191
7478,icam,2,1,6.907755278982137
7479,ich,2,1,6.907755278982137
7480,ichd,2,1,6.907755278982137
7481,id,2,2,6.214608098422191
7482,ideally,2,2,6.214608098422191
7483,ie,2,2,6.214608098422191
7484,igg4,2,2,6.214608098422191
7485,iihts,2,1,6.907755278982137
7486,il1,2,1,6.907755278982137
7487,il18,2,1,6.907755278982137
7488,il2ra,2,1,6.907755278982137
7489,il6,2,1,6.907755278982137
7490,ild,2,1,6.907755278982137
7491,ileum,2,2,6.214608098422191
7492,ili,2,1,6.907755278982137
7493,illnesses,2,2,6.214608098422191
7494,illustrates,2,2,6.214608098422191
7495,illustrative,2,2,6.214608098422191
7496,immediately,2,1,6.907755278982137
7497,immunogenic,2,2,6.214608098422191
7498,immunogenicity,2,2,6.214608098422191
7499,immunoglobulin,2,2,6.214608098422191
7500,immunopathological,2,2,6.214608098422191
7501,immunosorbent,2,2,6.214608098422191
7502,immunosuppression,2,2,6.214608098422191
7503,immunosuppressive,2,2,6.214608098422191
7504,implantable,2,1,6.907755278982137
7505,implicates,2,2,6.214608098422191
7506,implicating,2,2,6.214608098422191
7507,imposes,2,2,6.214608098422191
7508,impotence,2,1,6.907755278982137
7509,imputed,2,2,6.214608098422191
7510,inability,2,1,6.907755278982137
7511,inaccessible,2,2,6.214608098422191
7512,inaccurate,2,2,6.214608098422191
7513,inadequacy,2,1,6.907755278982137
7514,inadvertently,2,2,6.214608098422191
7515,incarceration,2,1,6.907755278982137
7516,incorrect,2,2,6.214608098422191
7517,increment,2,2,6.214608098422191
7518,indians,2,1,6.907755278982137
7519,indigestible,2,1,6.907755278982137
7520,individualising,2,2,6.214608098422191
7521,individualization,2,2,6.214608098422191
7522,inducible,2,2,6.214608098422191
7523,indy,2,1,6.907755278982137
7524,inequities,2,2,6.214608098422191
7525,inert,2,1,6.907755278982137
7526,inferential,2,2,6.214608098422191
7527,infinity,2,2,6.214608098422191
7528,influx,2,2,6.214608098422191
7529,infrequent,2,2,6.214608098422191
7530,infused,2,2,6.214608098422191
7531,ingestive,2,2,6.214608098422191
7532,inherent,2,2,6.214608098422191
7533,inherited,2,2,6.214608098422191
7534,initiatives,2,1,6.907755278982137
7535,innovator,2,1,6.907755278982137
7536,innovators,2,1,6.907755278982137
7537,inovalon,2,2,6.214608098422191
7538,insomnia,2,1,6.907755278982137
7539,inspired,2,1,6.907755278982137
7540,institutes,2,2,6.214608098422191
7541,institutions,2,2,6.214608098422191
7542,instructed,2,2,6.214608098422191
7543,instruction,2,1,6.907755278982137
7544,instrumental,2,1,6.907755278982137
7545,instruments,2,2,6.214608098422191
7546,insult,2,1,6.907755278982137
7547,intentional,2,2,6.214608098422191
7548,intercept,2,2,6.214608098422191
7549,interchangeable,2,2,6.214608098422191
7550,interdependent,2,2,6.214608098422191
7551,interpretability,2,2,6.214608098422191
7552,interpretations,2,2,6.214608098422191
7553,interprofessional,2,1,6.907755278982137
7554,interrogated,2,2,6.214608098422191
7555,interrupted,2,1,6.907755278982137
7556,interruption,2,2,6.214608098422191
7557,intersection,2,2,6.214608098422191
7558,intervertebral,2,1,6.907755278982137
7559,intestines,2,2,6.214608098422191
7560,intl,2,1,6.907755278982137
7561,intra,2,2,6.214608098422191
7562,intragastric,2,2,6.214608098422191
7563,intrahepatic,2,2,6.214608098422191
7564,intramuscular,2,1,6.907755278982137
7565,intranasal,2,2,6.214608098422191
7566,intraperitoneal,2,2,6.214608098422191
7567,intrarenal,2,2,6.214608098422191
7568,intrauterine,2,1,6.907755278982137
7569,introduces,2,2,6.214608098422191
7570,introducing,2,2,6.214608098422191
7571,intrusive,2,2,6.214608098422191
7572,invasiveness,2,2,6.214608098422191
7573,inventory,2,2,6.214608098422191
7574,invited,2,2,6.214608098422191
7575,ipsilateral,2,1,6.907755278982137
7576,ipw,2,1,6.907755278982137
7577,iqvia,2,2,6.214608098422191
7578,iridoid,2,1,6.907755278982137
7579,irritable,2,2,6.214608098422191
7580,irs,2,2,6.214608098422191
7581,isotope,2,2,6.214608098422191
7582,isr,2,1,6.907755278982137
7583,italian,2,2,6.214608098422191
7584,jama,2,1,6.907755278982137
7585,jointly,2,2,6.214608098422191
7586,joints,2,2,6.214608098422191
7587,jp,2,1,6.907755278982137
7588,just,2,2,6.214608098422191
7589,justification,2,2,6.214608098422191
7590,k48,2,1,6.907755278982137
7591,kakizaki,2,2,6.214608098422191
7592,kap,2,1,6.907755278982137
7593,kappa,2,2,6.214608098422191
7594,katp,2,1,6.907755278982137
7595,kda,2,2,6.214608098422191
7596,ketamine,2,1,6.907755278982137
7597,ketogenic,2,1,6.907755278982137
7598,ketonaemia,2,1,6.907755278982137
7599,kidneys,2,2,6.214608098422191
7600,kindling,2,1,6.907755278982137
7601,kinetic,2,2,6.214608098422191
7602,kingdom,2,2,6.214608098422191
7603,klotho,2,2,6.214608098422191
7604,knock,2,2,6.214608098422191
7605,la,2,1,6.907755278982137
7606,labdane,2,1,6.907755278982137
7607,labor,2,2,6.214608098422191
7608,lachnoclostridium,2,2,6.214608098422191
7609,lachnospiraceae,2,2,6.214608098422191
7610,lacks,2,2,6.214608098422191
7611,lactam,2,2,6.214608098422191
7612,lactobacillaceae,2,2,6.214608098422191
7613,lanifibranor,2,2,6.214608098422191
7614,lastly,2,2,6.214608098422191
7615,latin,2,2,6.214608098422191
7616,lay,2,2,6.214608098422191
7617,lcfas,2,1,6.907755278982137
7618,ldh,2,2,6.214608098422191
7619,ldlr,2,2,6.214608098422191
7620,leg,2,1,6.907755278982137
7621,legal,2,2,6.214608098422191
7622,lens,2,2,6.214608098422191
7623,lesions,2,1,6.907755278982137
7624,letrozole,2,2,6.214608098422191
7625,leu32,2,1,6.907755278982137
7626,leucettine,2,1,6.907755278982137
7627,leukemias,2,1,6.907755278982137
7628,leverage,2,2,6.214608098422191
7629,leveraged,2,2,6.214608098422191
7630,lewy,2,1,6.907755278982137
7631,ligase,2,2,6.214608098422191
7632,ligilactobacillus,2,2,6.214608098422191
7633,liking,2,1,6.907755278982137
7634,linezolid,2,1,6.907755278982137
7635,linkage,2,2,6.214608098422191
7636,linker,2,2,6.214608098422191
7637,linoleic,2,2,6.214608098422191
7638,lipidation,2,2,6.214608098422191
7639,lipogenesis,2,2,6.214608098422191
7640,lipogenic,2,2,6.214608098422191
7641,lipohypertrophy,2,1,6.907755278982137
7642,liquids,2,2,6.214608098422191
7643,listed,2,2,6.214608098422191
7644,littermate,2,2,6.214608098422191
7645,lives,2,2,6.214608098422191
7646,lmics,2,1,6.907755278982137
7647,loaded,2,2,6.214608098422191
7648,localized,2,2,6.214608098422191
7649,locomotor,2,2,6.214608098422191
7650,logic,2,2,6.214608098422191
7651,longevity,2,2,6.214608098422191
7652,longstanding,2,2,6.214608098422191
7653,lowers,2,2,6.214608098422191
7654,lrrk2,2,1,6.907755278982137
7655,lumen,2,2,6.214608098422191
7656,lumo,2,1,6.907755278982137
7657,lymphocyte,2,1,6.907755278982137
7658,lynch,2,1,6.907755278982137
7659,lysosomal,2,2,6.214608098422191
7660,m4,2,1,6.907755278982137
7661,magnitudes,2,2,6.214608098422191
7662,mainstay,2,2,6.214608098422191
7663,malabsorption,2,2,6.214608098422191
7664,malaise,2,2,6.214608098422191
7665,malnourished,2,2,6.214608098422191
7666,mandatory,2,2,6.214608098422191
7667,manic,2,1,6.907755278982137
7668,mannitol,2,1,6.907755278982137
7669,manually,2,2,6.214608098422191
7670,married,2,2,6.214608098422191
7671,mask,2,2,6.214608098422191
7672,match,2,2,6.214608098422191
7673,maturation,2,2,6.214608098422191
7674,maturing,2,2,6.214608098422191
7675,maximize,2,2,6.214608098422191
7676,mayo,2,1,6.907755278982137
7677,mcfas,2,1,6.907755278982137
7678,means,2,2,6.214608098422191
7679,measuring,2,2,6.214608098422191
7680,meibomian,2,1,6.907755278982137
7681,membranes,2,2,6.214608098422191
7682,mentions,2,2,6.214608098422191
7683,mere,2,2,6.214608098422191
7684,metabolized,2,1,6.907755278982137
7685,metabolome,2,2,6.214608098422191
7686,metagenomic,2,2,6.214608098422191
7687,methodsthe,2,2,6.214608098422191
7688,methodswe,2,2,6.214608098422191
7689,metric,2,2,6.214608098422191
7690,mexico,2,1,6.907755278982137
7691,micelle,2,1,6.907755278982137
7692,michigan,2,1,6.907755278982137
7693,microdomains,2,2,6.214608098422191
7694,microenvironments,2,2,6.214608098422191
7695,microglia,2,2,6.214608098422191
7696,micrornas,2,2,6.214608098422191
7697,milestones,2,2,6.214608098422191
7698,milieu,2,2,6.214608098422191
7699,milligrams,2,2,6.214608098422191
7700,millions,2,2,6.214608098422191
7701,milt,2,1,6.907755278982137
7702,mimetics,2,2,6.214608098422191
7703,min6,2,1,6.907755278982137
7704,mindful,2,1,6.907755278982137
7705,minipigs,2,1,6.907755278982137
7706,mirrors,2,2,6.214608098422191
7707,mismatch,2,2,6.214608098422191
7708,missense,2,2,6.214608098422191
7709,mito,2,1,6.907755278982137
7710,mitophagy,2,2,6.214608098422191
7711,mitoros,2,1,6.907755278982137
7712,mmrm,2,1,6.907755278982137
7713,mna,2,1,6.907755278982137
7714,modal,2,2,6.214608098422191
7715,modality,2,2,6.214608098422191
7716,mode,2,2,6.214608098422191
7717,module,2,2,6.214608098422191
7718,modules,2,2,6.214608098422191
7719,monoaminergic,2,2,6.214608098422191
7720,monoclonal,2,2,6.214608098422191
7721,monoglobus,2,1,6.907755278982137
7722,monoglycerides,2,1,6.907755278982137
7723,monolayers,2,2,6.214608098422191
7724,mononuclear,2,1,6.907755278982137
7725,mononucleotide,2,2,6.214608098422191
7726,moose,2,2,6.214608098422191
7727,motivationally,2,1,6.907755278982137
7728,mounting,2,2,6.214608098422191
7729,mounts,2,2,6.214608098422191
7730,movement,2,1,6.907755278982137
7731,mp3,2,1,6.907755278982137
7732,mtorc1i,2,1,6.907755278982137
7733,mtp,2,1,6.907755278982137
7734,mu,2,2,6.214608098422191
7735,mucin,2,2,6.214608098422191
7736,mucoadhesive,2,1,6.907755278982137
7737,multiagonists,2,2,6.214608098422191
7738,multicomponent,2,2,6.214608098422191
7739,multidose,2,2,6.214608098422191
7740,multifunctional,2,1,6.907755278982137
7741,multilevel,2,2,6.214608098422191
7742,multiomics,2,2,6.214608098422191
7743,multiorgan,2,2,6.214608098422191
7744,multiplicative,2,2,6.214608098422191
7745,multiplicity,2,2,6.214608098422191
7746,multipole,2,1,6.907755278982137
7747,multivalent,2,2,6.214608098422191
7748,multiyear,2,2,6.214608098422191
7749,mussel,2,1,6.907755278982137
7750,myeloma,2,1,6.907755278982137
7751,myocytes,2,2,6.214608098422191
7752,myokine,2,2,6.214608098422191
7753,myopia,2,1,6.907755278982137
7754,myostatin,2,1,6.907755278982137
7755,myriad,2,2,6.214608098422191
7756,nacl,2,1,6.907755278982137
7757,named,2,2,6.214608098422191
7758,namely,2,2,6.214608098422191
7759,nanoemulsions,2,2,6.214608098422191
7760,narrowing,2,2,6.214608098422191
7761,naturalistic,2,1,6.907755278982137
7762,navigate,2,2,6.214608098422191
7763,nct02496611,2,1,6.907755278982137
7764,nct03574597,2,2,6.214608098422191
7765,nct05869903,2,2,6.214608098422191
7766,nct05872620,2,2,6.214608098422191
7767,nct06283641,2,2,6.214608098422191
7768,nct07611201,2,1,6.907755278982137
7769,ndevs,2,1,6.907755278982137
7770,ndna,2,1,6.907755278982137
7771,nds,2,1,6.907755278982137
7772,necessitate,2,2,6.214608098422191
7773,necessitating,2,2,6.214608098422191
7774,necessity,2,2,6.214608098422191
7775,negligible,2,2,6.214608098422191
7776,neoplasia,2,1,6.907755278982137
7777,neprilysin,2,2,6.214608098422191
7778,neurobehavioral,2,2,6.214608098422191
7779,neurocardiac,2,2,6.214608098422191
7780,neurocognitive,2,2,6.214608098422191
7781,neurogenesis,2,2,6.214608098422191
7782,neuroglia,2,1,6.907755278982137
7783,neuroglial,2,2,6.214608098422191
7784,neurohumoral,2,2,6.214608098422191
7785,neuropsychological,2,2,6.214608098422191
7786,neurotoxicity,2,2,6.214608098422191
7787,neurotransmitters,2,2,6.214608098422191
7788,neutralizing,2,2,6.214608098422191
7789,nhe1,2,2,6.214608098422191
7790,niche,2,1,6.907755278982137
7791,niddm,2,1,6.907755278982137
7792,night,2,2,6.214608098422191
7793,nigricans,2,2,6.214608098422191
7794,nigrum,2,1,6.907755278982137
7795,ninety,2,2,6.214608098422191
7796,nissen,2,1,6.907755278982137
7797,nitrogen,2,2,6.214608098422191
7798,nnh,2,1,6.907755278982137
7799,nomenclature,2,2,6.214608098422191
7800,noncoding,2,2,6.214608098422191
7801,nonhuman,2,2,6.214608098422191
7802,nonintensive,2,1,6.907755278982137
7803,nonlinear,2,2,6.214608098422191
7804,nonlinearity,2,2,6.214608098422191
7805,nonresponse,2,2,6.214608098422191
7806,normalisation,2,2,6.214608098422191
7807,normative,2,2,6.214608098422191
7808,normoglycaemia,2,1,6.907755278982137
7809,northeast,2,2,6.214608098422191
7810,northwestern,2,1,6.907755278982137
7811,note,2,2,6.214608098422191
7812,noxious,2,1,6.907755278982137
7813,npy4r,2,1,6.907755278982137
7814,nrtis,2,1,6.907755278982137
7815,nss,2,1,6.907755278982137
7816,nucleoside,2,2,6.214608098422191
7817,numerical,2,2,6.214608098422191
7818,nutraceuticals,2,2,6.214608098422191
7819,oads,2,1,6.907755278982137
7820,oagb,2,1,6.907755278982137
7821,objectively,2,2,6.214608098422191
7822,obligate,2,1,6.907755278982137
7823,obs,2,1,6.907755278982137
7824,obscure,2,2,6.214608098422191
7825,observe,2,2,6.214608098422191
7826,occludin,2,2,6.214608098422191
7827,occlusion,2,2,6.214608098422191
7828,ocps,2,1,6.907755278982137
7829,odt,2,1,6.907755278982137
7830,offs,2,2,6.214608098422191
7831,offsets,2,1,6.907755278982137
7832,oily,2,1,6.907755278982137
7833,oligomer,2,2,6.214608098422191
7834,oligomeric,2,2,6.214608098422191
7835,olive,2,2,6.214608098422191
7836,oma,2,2,6.214608098422191
7837,omega,2,2,6.214608098422191
7838,oms,2,1,6.907755278982137
7839,ondansetron,2,1,6.907755278982137
7840,ones,2,2,6.214608098422191
7841,onwards,2,2,6.214608098422191
7842,operationalized,2,2,6.214608098422191
7843,operationally,2,2,6.214608098422191
7844,opinion,2,2,6.214608098422191
7845,opposes,2,2,6.214608098422191
7846,optimizes,2,2,6.214608098422191
7847,optional,2,2,6.214608098422191
7848,orc,2,1,6.907755278982137
7849,orchestrate,2,2,6.214608098422191
7850,orchestrates,2,2,6.214608098422191
7851,ordinal,2,2,6.214608098422191
7852,orf,2,1,6.907755278982137
7853,organic,2,2,6.214608098422191
7854,origin,2,2,6.214608098422191
7855,origins,2,2,6.214608098422191
7856,orthostatic,2,1,6.907755278982137
7857,oscillibacter,2,2,6.214608098422191
7858,osteocalcin,2,2,6.214608098422191
7859,osteoclast,2,1,6.907755278982137
7860,osteolytic,2,1,6.907755278982137
7861,otherwise,2,2,6.214608098422191
7862,otolaryngologists,2,2,6.214608098422191
7863,ovaries,2,1,6.907755278982137
7864,overactivation,2,2,6.214608098422191
7865,overfeeding,2,2,6.214608098422191
7866,overproduction,2,2,6.214608098422191
7867,pacific,2,2,6.214608098422191
7868,paediatrics,2,1,6.907755278982137
7869,palatable,2,2,6.214608098422191
7870,pallor,2,2,6.214608098422191
7871,palpitations,2,1,6.907755278982137
7872,pancreatobiliary,2,2,6.214608098422191
7873,panelists,2,1,6.907755278982137
7874,panniculectomy,2,1,6.907755278982137
7875,papillary,2,2,6.214608098422191
7876,paracrine,2,1,6.907755278982137
7877,paradoxical,2,2,6.214608098422191
7878,parasomnia,2,1,6.907755278982137
7879,parent,2,2,6.214608098422191
7880,parental,2,2,6.214608098422191
7881,particles,2,2,6.214608098422191
7882,partner,2,2,6.214608098422191
7883,patents,2,1,6.907755278982137
7884,pathogen,2,2,6.214608098422191
7885,pathogenicity,2,1,6.907755278982137
7886,pathologically,2,2,6.214608098422191
7887,payment,2,2,6.214608098422191
7888,pbmcs,2,1,6.907755278982137
7889,pcf,2,1,6.907755278982137
7890,pch,2,1,6.907755278982137
7891,pdff,2,1,6.907755278982137
7892,peaked,2,2,6.214608098422191
7893,pelvic,2,2,6.214608098422191
7894,penetrance,2,2,6.214608098422191
7895,penk,2,1,6.907755278982137
7896,pens,2,2,6.214608098422191
7897,perifusion,2,2,6.214608098422191
7898,periodontitis,2,2,6.214608098422191
7899,peritoneal,2,2,6.214608098422191
7900,perm,2,1,6.907755278982137
7901,permissive,2,1,6.907755278982137
7902,peroral,2,1,6.907755278982137
7903,persistently,2,2,6.214608098422191
7904,perturbation,2,2,6.214608098422191
7905,petd,2,1,6.907755278982137
7906,petrelintide,2,2,6.214608098422191
7907,pharmacies,2,2,6.214608098422191
7908,pharmacoepidemiologic,2,1,6.907755278982137
7909,pharmacoepidemiology,2,2,6.214608098422191
7910,pharmacoequity,2,1,6.907755278982137
7911,pharmacophoric,2,1,6.907755278982137
7912,pharmacosimilars,2,1,6.907755278982137
7913,phenolic,2,2,6.214608098422191
7914,phenomena,2,2,6.214608098422191
7915,phosphatase,2,2,6.214608098422191
7916,phosphodiesterase,2,2,6.214608098422191
7917,phospholipids,2,2,6.214608098422191
7918,phylum,2,2,6.214608098422191
7919,phytomedicine,2,1,6.907755278982137
7920,pid1,2,1,6.907755278982137
7921,pid8,2,1,6.907755278982137
7922,pig,2,1,6.907755278982137
7923,pillar,2,2,6.214608098422191
7924,pillars,2,2,6.214608098422191
7925,pioneering,2,2,6.214608098422191
7926,pis,2,1,6.907755278982137
7927,pku,2,1,6.907755278982137
7928,pl,2,1,6.907755278982137
7929,placement,2,2,6.214608098422191
7930,places,2,2,6.214608098422191
7931,plants,2,2,6.214608098422191
7932,plaque,2,2,6.214608098422191
7933,plaques,2,2,6.214608098422191
7934,plateaued,2,2,6.214608098422191
7935,plga,2,2,6.214608098422191
7936,plot,2,2,6.214608098422191
7937,plumieride,2,1,6.907755278982137
7938,pms,2,1,6.907755278982137
7939,pnpho,2,1,6.907755278982137
7940,pocus,2,2,6.214608098422191
7941,podcast,2,1,6.907755278982137
7942,polish,2,2,6.214608098422191
7943,pollock,2,1,6.907755278982137
7944,poly,2,2,6.214608098422191
7945,polymorphisms,2,2,6.214608098422191
7946,polypeptides,2,2,6.214608098422191
7947,polysaccharide,2,2,6.214608098422191
7948,polyunsaturated,2,2,6.214608098422191
7949,polyuria,2,2,6.214608098422191
7950,popular,2,2,6.214608098422191
7951,portion,2,2,6.214608098422191
7952,portosystemic,2,1,6.907755278982137
7953,positron,2,2,6.214608098422191
7954,postbiotic,2,1,6.907755278982137
7955,postbiotics,2,2,6.214608098422191
7956,postdialysis,2,1,6.907755278982137
7957,postdialytic,2,1,6.907755278982137
7958,potentiated,2,2,6.214608098422191
7959,potentiation,2,1,6.907755278982137
7960,ppka,2,1,6.907755278982137
7961,ppo,2,1,6.907755278982137
7962,practicing,2,2,6.214608098422191
7963,prader,2,2,6.214608098422191
7964,preadipocyte,2,1,6.907755278982137
7965,preb,2,2,6.214608098422191
7966,precautions,2,2,6.214608098422191
7967,preceded,2,2,6.214608098422191
7968,precedes,2,2,6.214608098422191
7969,precipitant,2,1,6.907755278982137
7970,precisely,2,2,6.214608098422191
7971,precludes,2,2,6.214608098422191
7972,precursor,2,2,6.214608098422191
7973,predialysis,2,2,6.214608098422191
7974,predisposing,2,2,6.214608098422191
7975,predisposition,2,2,6.214608098422191
7976,preeclampsia,2,1,6.907755278982137
7977,preferentially,2,2,6.214608098422191
7978,premenopausal,2,2,6.214608098422191
7979,prepare,2,2,6.214608098422191
7980,preregistered,2,2,6.214608098422191
7981,prerequisite,2,2,6.214608098422191
7982,prerequisites,2,1,6.907755278982137
7983,prescriptive,2,2,6.214608098422191
7984,press,2,2,6.214608098422191
7985,preterm,2,2,6.214608098422191
7986,prevailing,2,2,6.214608098422191
7987,prevented,2,2,6.214608098422191
7988,prevotella,2,1,6.907755278982137
7989,primate,2,2,6.214608098422191
7990,primed,2,2,6.214608098422191
7991,principally,2,2,6.214608098422191
7992,prioritisation,2,2,6.214608098422191
7993,prioritizing,2,2,6.214608098422191
7994,probably,2,2,6.214608098422191
7995,procollagen,2,2,6.214608098422191
7996,productive,2,2,6.214608098422191
7997,profibrotic,2,2,6.214608098422191
7998,proglucagon,2,2,6.214608098422191
7999,programmed,2,2,6.214608098422191
8000,promotion,2,2,6.214608098422191
8001,prompt,2,2,6.214608098422191
8002,propac,2,1,6.907755278982137
8003,propeptide,2,2,6.214608098422191
8004,propofol,2,2,6.214608098422191
8005,proportionally,2,2,6.214608098422191
8006,proposal,2,2,6.214608098422191
8007,proprietary,2,2,6.214608098422191
8008,prostate,2,2,6.214608098422191
8009,proteasome,2,2,6.214608098422191
8010,proteobacteria,2,2,6.214608098422191
8011,proteolysis,2,1,6.907755278982137
8012,prototypes,2,2,6.214608098422191
8013,pruning,2,1,6.907755278982137
8014,pruritus,2,2,6.214608098422191
8015,psa,2,1,6.907755278982137
8016,psd,2,1,6.907755278982137
8017,pseudocyst,2,1,6.907755278982137
8018,pso,2,1,6.907755278982137
8019,psychometric,2,1,6.907755278982137
8020,psychopathology,2,1,6.907755278982137
8021,psychostimulant,2,1,6.907755278982137
8022,psychotropic,2,2,6.214608098422191
8023,ptau217,2,1,6.907755278982137
8024,pubertal,2,2,6.214608098422191
8025,publicly,2,2,6.214608098422191
8026,pv,2,1,6.907755278982137
8027,pw,2,1,6.907755278982137
8028,pwv,2,1,6.907755278982137
8029,pxr,2,1,6.907755278982137
8030,q10,2,2,6.214608098422191
8031,q13,2,1,6.907755278982137
8032,qol,2,1,6.907755278982137
8033,qualifying,2,2,6.214608098422191
8034,quartiles,2,2,6.214608098422191
8035,r1,2,1,6.907755278982137
8036,r131q,2,1,6.907755278982137
8037,radiological,2,1,6.907755278982137
8038,rage,2,2,6.214608098422191
8039,rand,2,1,6.907755278982137
8040,ranges,2,2,6.214608098422191
8041,rankl,2,2,6.214608098422191
8042,raw,2,2,6.214608098422191
8043,ray,2,2,6.214608098422191
8044,rc,2,1,6.907755278982137
8045,rdw,2,1,6.907755278982137
8046,reachability,2,1,6.907755278982137
8047,reaches,2,2,6.214608098422191
8048,reasonable,2,2,6.214608098422191
8049,reassessment,2,2,6.214608098422191
8050,receipt,2,2,6.214608098422191
8051,rechallenge,2,1,6.907755278982137
8052,recomposition,2,1,6.907755278982137
8053,reconstruction,2,1,6.907755278982137
8054,recptno,2,1,6.907755278982137
8055,redefining,2,2,6.214608098422191
8056,redirect,2,2,6.214608098422191
8057,redocking,2,1,6.907755278982137
8058,ree,2,1,6.907755278982137
8059,referenced,2,2,6.214608098422191
8060,references,2,2,6.214608098422191
8061,refills,2,2,6.214608098422191
8062,refined,2,2,6.214608098422191
8063,reforms,2,1,6.907755278982137
8064,reframing,2,2,6.214608098422191
8065,regained,2,2,6.214608098422191
8066,regards,2,2,6.214608098422191
8067,regressions,2,2,6.214608098422191
8068,rehabilitation,2,2,6.214608098422191
8069,reintroduction,2,1,6.907755278982137
8070,rejection,2,1,6.907755278982137
8071,relate,2,2,6.214608098422191
8072,relatives,2,2,6.214608098422191
8073,relieve,2,2,6.214608098422191
8074,remarkable,2,2,6.214608098422191
8075,remodeled,2,2,6.214608098422191
8076,remote,2,2,6.214608098422191
8077,removal,2,2,6.214608098422191
8078,reno,2,2,6.214608098422191
8079,renoprotection,2,2,6.214608098422191
8080,repairs,2,1,6.907755278982137
8081,repertoire,2,2,6.214608098422191
8082,replacements,2,2,6.214608098422191
8083,replicated,2,2,6.214608098422191
8084,replicates,2,2,6.214608098422191
8085,representativeness,2,2,6.214608098422191
8086,reproduced,2,2,6.214608098422191
8087,reproducibility,2,2,6.214608098422191
8088,reprogrammed,2,2,6.214608098422191
8089,repulsion,2,1,6.907755278982137
8090,request,2,2,6.214608098422191
8091,reservoir,2,2,6.214608098422191
8092,resilience,2,2,6.214608098422191
8093,resistin,2,2,6.214608098422191
8094,resolve,2,2,6.214608098422191
8095,respirometry,2,2,6.214608098422191
8096,responds,2,2,6.214608098422191
8097,responsibilities,2,2,6.214608098422191
8098,responsibly,2,2,6.214608098422191
8099,restart,2,1,6.907755278982137
8100,restricts,2,2,6.214608098422191
8101,resveratrol,2,2,6.214608098422191
8102,retail,2,1,6.907755278982137
8103,retain,2,2,6.214608098422191
8104,retaining,2,2,6.214608098422191
8105,retains,2,2,6.214608098422191
8106,reticulata,2,1,6.907755278982137
8107,retired,2,1,6.907755278982137
8108,retrospectively,2,2,6.214608098422191
8109,return,2,2,6.214608098422191
8110,returned,2,2,6.214608098422191
8111,revel,2,1,6.907755278982137
8112,revered,2,1,6.907755278982137
8113,reversing,2,2,6.214608098422191
8114,reverted,2,1,6.907755278982137
8115,revisions,2,1,6.907755278982137
8116,revolutionised,2,2,6.214608098422191
8117,rhamnosus,2,2,6.214608098422191
8118,rheumatology,2,1,6.907755278982137
8119,rhinoplasty,2,1,6.907755278982137
8120,rhr,2,1,6.907755278982137
8121,rhytidectomy,2,1,6.907755278982137
8122,ribes,2,1,6.907755278982137
8123,ring,2,2,6.214608098422191
8124,rituximab,2,1,6.907755278982137
8125,rld,2,1,6.907755278982137
8126,rmsd,2,2,6.214608098422191
8127,rnascope,2,2,6.214608098422191
8128,rnfl,2,1,6.907755278982137
8129,robustly,2,2,6.214608098422191
8130,rodents,2,2,6.214608098422191
8131,room,2,2,6.214608098422191
8132,rors,2,2,6.214608098422191
8133,roscoea,2,1,6.907755278982137
8134,roscohumeanol,2,1,6.907755278982137
8135,rounds,2,1,6.907755278982137
8136,routes,2,2,6.214608098422191
8137,royal,2,2,6.214608098422191
8138,rplc,2,1,6.907755278982137
8139,rps,2,1,6.907755278982137
8140,rrna,2,2,6.214608098422191
8141,rrr,2,1,6.907755278982137
8142,ruminal,2,1,6.907755278982137
8143,s1,2,2,6.214608098422191
8144,s1b,2,1,6.907755278982137
8145,s40200,2,2,6.214608098422191
8146,saba,2,1,6.907755278982137
8147,safer,2,2,6.214608098422191
8148,said,2,1,6.907755278982137
8149,salient,2,2,6.214608098422191
8150,sampling,2,2,6.214608098422191
8151,sanghuang,2,1,6.907755278982137
8152,sanra,2,2,6.214608098422191
8153,sans,2,1,6.907755278982137
8154,sarcoplasmic,2,1,6.907755278982137
8155,saturated,2,2,6.214608098422191
8156,saturation,2,1,6.907755278982137
8157,saxagliptin,2,1,6.907755278982137
8158,sbp,2,2,6.214608098422191
8159,scaffolds,2,2,6.214608098422191
8160,scheme,2,2,6.214608098422191
8161,school,2,2,6.214608098422191
8162,scope,2,2,6.214608098422191
8163,scr,2,2,6.214608098422191
8164,sct,2,1,6.907755278982137
8165,scwat,2,1,6.907755278982137
8166,sdh,2,1,6.907755278982137
8167,sea,2,1,6.907755278982137
8168,secretagogue,2,2,6.214608098422191
8169,sections,2,2,6.214608098422191
8170,sed,2,1,6.907755278982137
8171,sedentary,2,1,6.907755278982137
8172,seek,2,2,6.214608098422191
8173,seeks,2,2,6.214608098422191
8174,seemingly,2,2,6.214608098422191
8175,seems,2,2,6.214608098422191
8176,seer,2,1,6.907755278982137
8177,semistructured,2,1,6.907755278982137
8178,senior,2,2,6.214608098422191
8179,senolytic,2,2,6.214608098422191
8180,sensitization,2,2,6.214608098422191
8181,sensitizers,2,2,6.214608098422191
8182,sensor,2,1,6.907755278982137
8183,separates,2,2,6.214608098422191
8184,sept,2,2,6.214608098422191
8185,septic,2,1,6.907755278982137
8186,sequentially,2,2,6.214608098422191
8187,ser18,2,1,6.907755278982137
8188,ser473,2,1,6.907755278982137
8189,serine,2,2,6.214608098422191
8190,seriousness,2,1,6.907755278982137
8191,session,2,1,6.907755278982137
8192,seventy,2,2,6.214608098422191
8193,sharing,2,2,6.214608098422191
8194,sheep,2,1,6.907755278982137
8195,shock,2,1,6.907755278982137
8196,shortening,2,2,6.214608098422191
8197,shp,2,2,6.214608098422191
8198,shrna,2,2,6.214608098422191
8199,shuttle,2,2,6.214608098422191
8200,signature,2,2,6.214608098422191
8201,silenced,2,2,6.214608098422191
8202,silent,2,2,6.214608098422191
8203,silhouette,2,1,6.907755278982137
8204,silos,2,2,6.214608098422191
8205,similarity,2,2,6.214608098422191
8206,simply,2,2,6.214608098422191
8207,simulate,2,2,6.214608098422191
8208,singh,2,1,6.907755278982137
8209,sinus,2,2,6.214608098422191
8210,sirtuin,2,2,6.214608098422191
8211,sit,2,1,6.907755278982137
8212,sits,2,2,6.214608098422191
8213,situate,2,2,6.214608098422191
8214,situations,2,1,6.907755278982137
8215,slot,2,1,6.907755278982137
8216,slowed,2,2,6.214608098422191
8217,smoke,2,1,6.907755278982137
8218,smokers,2,2,6.214608098422191
8219,sn,2,2,6.214608098422191
8220,sofa,2,1,6.907755278982137
8221,software,2,2,6.214608098422191
8222,sold,2,1,6.907755278982137
8223,sole,2,2,6.214608098422191
8224,soli,2,1,6.907755278982137
8225,solute,2,2,6.214608098422191
8226,solve,2,2,6.214608098422191
8227,southwestern,2,1,6.907755278982137
8228,spacing,2,2,6.214608098422191
8229,sparked,2,2,6.214608098422191
8230,spatially,2,2,6.214608098422191
8231,special,2,2,6.214608098422191
8232,specialties,2,1,6.907755278982137
8233,specialty,2,1,6.907755278982137
8234,specification,2,2,6.214608098422191
8235,speed,2,2,6.214608098422191
8236,sperm,2,2,6.214608098422191
8237,splicing,2,1,6.907755278982137
8238,spline,2,2,6.214608098422191
8239,sponsor,2,2,6.214608098422191
8240,spontaneously,2,2,6.214608098422191
8241,spp,2,2,6.214608098422191
8242,springer,2,2,6.214608098422191
8243,sq22536,2,1,6.907755278982137
8244,srivastav,2,1,6.907755278982137
8245,srm,2,1,6.907755278982137
8246,sta,2,1,6.907755278982137
8247,stabilising,2,2,6.214608098422191
8248,stabilize,2,2,6.214608098422191
8249,stabilizers,2,2,6.214608098422191
8250,stabilizes,2,2,6.214608098422191
8251,standardize,2,2,6.214608098422191
8252,stapled,2,1,6.907755278982137
8253,starvation,2,2,6.214608098422191
8254,statutory,2,2,6.214608098422191
8255,steps,2,2,6.214608098422191
8256,steviol,2,1,6.907755278982137
8257,stewardship,2,2,6.214608098422191
8258,stigmatizing,2,2,6.214608098422191
8259,stimulant,2,2,6.214608098422191
8260,stockholm,2,2,6.214608098422191
8261,stored,2,1,6.907755278982137
8262,strand,2,2,6.214608098422191
8263,strategically,2,1,6.907755278982137
8264,stratify,2,2,6.214608098422191
8265,strictly,2,2,6.214608098422191
8266,stricture,2,1,6.907755278982137
8267,struggle,2,1,6.907755278982137
8268,struggling,2,2,6.214608098422191
8269,student,2,1,6.907755278982137
8270,subclasses,2,1,6.907755278982137
8271,subpopulation,2,2,6.214608098422191
8272,subpopulations,2,2,6.214608098422191
8273,substitutions,2,2,6.214608098422191
8274,subunit,2,2,6.214608098422191
8275,successive,2,2,6.214608098422191
8276,suffer,2,2,6.214608098422191
8277,suggestions,2,2,6.214608098422191
8278,suggestive,2,2,6.214608098422191
8279,sulfated,2,1,6.907755278982137
8280,sulphonylureas,2,1,6.907755278982137
8281,sult2a1,2,1,6.907755278982137
8282,summarised,2,2,6.214608098422191
8283,supernatant,2,1,6.907755278982137
8284,supplies,2,2,6.214608098422191
8285,suprathreshold,2,1,6.907755278982137
8286,surpass,2,2,6.214608098422191
8287,surveyed,2,2,6.214608098422191
8288,survivorship,2,1,6.907755278982137
8289,sus,2,2,6.214608098422191
8290,suspectum,2,1,6.907755278982137
8291,suspension,2,1,6.907755278982137
8292,sustaining,2,2,6.214608098422191
8293,swallowing,2,1,6.907755278982137
8294,sweden,2,2,6.214608098422191
8295,sweetener,2,2,6.214608098422191
8296,sweeteners,2,1,6.907755278982137
8297,switched,2,2,6.214608098422191
8298,symptomatically,2,2,6.214608098422191
8299,synapses,2,2,6.214608098422191
8300,synbiotics,2,2,6.214608098422191
8301,syncytial,2,1,6.907755278982137
8302,synopsis,2,2,6.214608098422191
8303,synovial,2,1,6.907755278982137
8304,synthesising,2,2,6.214608098422191
8305,synthesizing,2,2,6.214608098422191
8306,synthetase,2,2,6.214608098422191
8307,système,2,2,6.214608098422191
8308,tab,2,1,6.907755278982137
8309,table,2,2,6.214608098422191
8310,taiwanese,2,2,6.214608098422191
8311,takeda,2,2,6.214608098422191
8312,talk,2,2,6.214608098422191
8313,tandem,2,2,6.214608098422191
8314,tangles,2,2,6.214608098422191
8315,task,2,2,6.214608098422191
8316,taurine,2,2,6.214608098422191
8317,technical,2,2,6.214608098422191
8318,technicians,2,1,6.907755278982137
8319,technique,2,2,6.214608098422191
8320,template,2,2,6.214608098422191
8321,tendinopathy,2,1,6.907755278982137
8322,tenfold,2,1,6.907755278982137
8323,tens,2,2,6.214608098422191
8324,th,2,2,6.214608098422191
8325,themes,2,2,6.214608098422191
8326,theoretically,2,2,6.214608098422191
8327,theorized,2,2,6.214608098422191
8328,thermoresponsive,2,1,6.907755278982137
8329,thiazide,2,2,6.214608098422191
8330,thigh,2,1,6.907755278982137
8331,thirteen,2,2,6.214608098422191
8332,thoracic,2,1,6.907755278982137
8333,thoracolumbar,2,1,6.907755278982137
8334,thoughtful,2,2,6.214608098422191
8335,thr,2,2,6.214608098422191
8336,thromboinflammation,2,1,6.907755278982137
8337,thrβ,2,2,6.214608098422191
8338,tiered,2,2,6.214608098422191
8339,tiers,2,2,6.214608098422191
8340,tightly,2,2,6.214608098422191
8341,tir,2,1,6.907755278982137
8342,titer,2,1,6.907755278982137
8343,titrate,2,1,6.907755278982137
8344,tjr,2,1,6.907755278982137
8345,toc,2,1,6.907755278982137
8346,toll,2,2,6.214608098422191
8347,tongue,2,2,6.214608098422191
8348,took,2,2,6.214608098422191
8349,topic,2,2,6.214608098422191
8350,topics,2,1,6.907755278982137
8351,toxic,2,2,6.214608098422191
8352,toxicities,2,2,6.214608098422191
8353,toxicological,2,2,6.214608098422191
8354,trace,2,2,6.214608098422191
8355,traced,2,1,6.907755278982137
8356,tracked,2,2,6.214608098422191
8357,tracking,2,2,6.214608098422191
8358,trade,2,2,6.214608098422191
8359,trans,2,2,6.214608098422191
8360,transaminases,2,2,6.214608098422191
8361,transcriptase,2,2,6.214608098422191
8362,transcriptomics,2,1,6.907755278982137
8363,transducer,2,2,6.214608098422191
8364,transferrin,2,1,6.907755278982137
8365,translates,2,2,6.214608098422191
8366,translocation,2,2,6.214608098422191
8367,transparency,2,2,6.214608098422191
8368,transporters,2,2,6.214608098422191
8369,treadmill,2,2,6.214608098422191
8370,triad,2,2,6.214608098422191
8371,triangle,2,2,6.214608098422191
8372,triangulation,2,2,6.214608098422191
8373,triazine,2,1,6.907755278982137
8374,triggered,2,2,6.214608098422191
8375,triggering,2,2,6.214608098422191
8376,trimester,2,1,6.907755278982137
8377,triol,2,1,6.907755278982137
8378,triumph,2,2,6.214608098422191
8379,trkb,2,1,6.907755278982137
8380,troponin,2,2,6.214608098422191
8381,trough,2,2,6.214608098422191
8382,trt,2,1,6.907755278982137
8383,truly,2,2,6.214608098422191
8384,tsh,2,2,6.214608098422191
8385,tubules,2,2,6.214608098422191
8386,tubulointerstitial,2,2,6.214608098422191
8387,tumorigenic,2,2,6.214608098422191
8388,tuning,2,2,6.214608098422191
8389,ulcerative,2,2,6.214608098422191
8390,ultrashort,2,1,6.907755278982137
8391,umin,2,1,6.907755278982137
8392,unaddressed,2,2,6.214608098422191
8393,unanswered,2,2,6.214608098422191
8394,uncharacterized,2,2,6.214608098422191
8395,unclassified,2,2,6.214608098422191
8396,uncomfortable,2,1,6.907755278982137
8397,unconfirmed,2,2,6.214608098422191
8398,uncouple,2,2,6.214608098422191
8399,undefined,2,2,6.214608098422191
8400,underdiagnosed,2,2,6.214608098422191
8401,undergo,2,2,6.214608098422191
8402,undergone,2,2,6.214608098422191
8403,underlies,2,2,6.214608098422191
8404,undermine,2,2,6.214608098422191
8405,underpinning,2,2,6.214608098422191
8406,underrepresentation,2,1,6.907755278982137
8407,underutilized,2,2,6.214608098422191
8408,unemployed,2,1,6.907755278982137
8409,unfold,2,2,6.214608098422191
8410,unfolded,2,2,6.214608098422191
8411,uniformity,2,2,6.214608098422191
8412,uninformative,2,1,6.907755278982137
8413,unintended,2,2,6.214608098422191
8414,univariate,2,2,6.214608098422191
8415,unlikely,2,2,6.214608098422191
8416,unnecessary,2,2,6.214608098422191
8417,unplanned,2,2,6.214608098422191
8418,unsuccessful,2,2,6.214608098422191
8419,untargeted,2,2,6.214608098422191
8420,untested,2,2,6.214608098422191
8421,unwanted,2,2,6.214608098422191
8422,upcoming,2,2,6.214608098422191
8423,upfront,2,1,6.907755278982137
8424,upr,2,2,6.214608098422191
8425,urea,2,2,6.214608098422191
8426,uremia,2,2,6.214608098422191
8427,urokinase,2,1,6.907755278982137
8428,usability,2,2,6.214608098422191
8429,utilised,2,2,6.214608098422191
8430,uuo,2,1,6.907755278982137
8431,vagus,2,2,6.214608098422191
8432,vasc,2,1,6.907755278982137
8433,vat,2,1,6.907755278982137
8434,vcam,2,1,6.907755278982137
8435,verify,2,2,6.214608098422191
8436,victim,2,1,6.907755278982137
8437,vignettes,2,2,6.214608098422191
8438,villus,2,2,6.214608098422191
8439,vina,2,2,6.214608098422191
8440,virome,2,1,6.907755278982137
8441,visualized,2,2,6.214608098422191
8442,vo2,2,1,6.907755278982137
8443,voice,2,1,6.907755278982137
8444,vpt,2,1,6.907755278982137
8445,vtdr,2,1,6.907755278982137
8446,vulnerabilities,2,2,6.214608098422191
8447,w,2,1,6.907755278982137
8448,wake,2,1,6.907755278982137
8449,wanting,2,1,6.907755278982137
8450,warnings,2,1,6.907755278982137
8451,ways,2,1,6.907755278982137
8452,wd,2,1,6.907755278982137
8453,welch,2,2,6.214608098422191
8454,wes,2,1,6.907755278982137
8455,widen,2,2,6.214608098422191
8456,willi,2,2,6.214608098422191
8457,windows,2,2,6.214608098422191
8458,withdrawals,2,2,6.214608098422191
8459,womac,2,2,6.214608098422191
8460,worsens,2,2,6.214608098422191
8461,wrinkle,2,1,6.907755278982137
8462,wsph,2,1,6.907755278982137
8463,xanthomas,2,1,6.907755278982137
8464,yields,2,2,6.214608098422191
8465,zeus,2,1,6.907755278982137
8466,µg,2,2,6.214608098422191
8467,¹,2,1,6.907755278982137
8468,å,2,1,6.907755278982137
8469,δcavi,2,1,6.907755278982137
8470,δfib,2,1,6.907755278982137
8471,κ,2,2,6.214608098422191
8472,μmol,2,1,6.907755278982137
8473,χ2,2,2,6.214608098422191
8474,00002,1,1,6.907755278982137
8475,0004,1,1,6.907755278982137
8476,0005,1,1,6.907755278982137
8477,000781,1,1,6.907755278982137
8478,0008,1,1,6.907755278982137
8479,0012,1,1,6.907755278982137
8480,0015,1,1,6.907755278982137
8481,002390,1,1,6.907755278982137
8482,002479,1,1,6.907755278982137
8483,0025,1,1,6.907755278982137
8484,002500,1,1,6.907755278982137
8485,0026,1,1,6.907755278982137
8486,0027,1,1,6.907755278982137
8487,0030,1,1,6.907755278982137
8488,0032,1,1,6.907755278982137
8489,0037,1,1,6.907755278982137
8490,0039,1,1,6.907755278982137
8491,0043,1,1,6.907755278982137
8492,0050,1,1,6.907755278982137
8493,0055,1,1,6.907755278982137
8494,0066,1,1,6.907755278982137
8495,0067,1,1,6.907755278982137
8496,0078,1,1,6.907755278982137
8497,0079,1,1,6.907755278982137
8498,0082,1,1,6.907755278982137
8499,0084,1,1,6.907755278982137
8500,0085,1,1,6.907755278982137
8501,0086,1,1,6.907755278982137
8502,0087,1,1,6.907755278982137
8503,0095,1,1,6.907755278982137
8504,0118,1,1,6.907755278982137
8505,0140,1,1,6.907755278982137
8506,0148,1,1,6.907755278982137
8507,0178,1,1,6.907755278982137
8508,0196,1,1,6.907755278982137
8509,02000,1,1,6.907755278982137
8510,02089,1,1,6.907755278982137
8511,0266,1,1,6.907755278982137
8512,0275,1,1,6.907755278982137
8513,0306,1,1,6.907755278982137
8514,0347,1,1,6.907755278982137
8515,0356,1,1,6.907755278982137
8516,036,1,1,6.907755278982137
8517,0397,1,1,6.907755278982137
8518,042,1,1,6.907755278982137
8519,0421,1,1,6.907755278982137
8520,0436,1,1,6.907755278982137
8521,0439,1,1,6.907755278982137
8522,0474,1,1,6.907755278982137
8523,0498,1,1,6.907755278982137
8524,057,1,1,6.907755278982137
8525,061,1,1,6.907755278982137
8526,0622,1,1,6.907755278982137
8527,066,1,1,6.907755278982137
8528,067,1,1,6.907755278982137
8529,069,1,1,6.907755278982137
8530,072,1,1,6.907755278982137
8531,074,1,1,6.907755278982137
8532,080,1,1,6.907755278982137
8533,082,1,1,6.907755278982137
8534,084,1,1,6.907755278982137
8535,085,1,1,6.907755278982137
8536,085487,1,1,6.907755278982137
8537,086,1,1,6.907755278982137
8538,087,1,1,6.907755278982137
8539,089,1,1,6.907755278982137
8540,093,1,1,6.907755278982137
8541,096,1,1,6.907755278982137
8542,097,1,1,6.907755278982137
8543,10000,1,1,6.907755278982137
8544,1001,1,1,6.907755278982137
8545,1009,1,1,6.907755278982137
8546,100ug,1,1,6.907755278982137
8547,1010,1,1,6.907755278982137
8548,1014,1,1,6.907755278982137
8549,1019,1,1,6.907755278982137
8550,1028,1,1,6.907755278982137
8551,1033,1,1,6.907755278982137
8552,1034,1,1,6.907755278982137
8553,1049,1,1,6.907755278982137
8554,1056,1,1,6.907755278982137
8555,1068,1,1,6.907755278982137
8556,1087,1,1,6.907755278982137
8557,1093,1,1,6.907755278982137
8558,10th,1,1,6.907755278982137
8559,10⁹,1,1,6.907755278982137
8560,1125,1,1,6.907755278982137
8561,1129,1,1,6.907755278982137
8562,1134,1,1,6.907755278982137
8563,1139,1,1,6.907755278982137
8564,1143,1,1,6.907755278982137
8565,1148,1,1,6.907755278982137
8566,1164,1,1,6.907755278982137
8567,1183,1,1,6.907755278982137
8568,1203,1,1,6.907755278982137
8569,1220,1,1,6.907755278982137
8570,1226,1,1,6.907755278982137
8571,1229,1,1,6.907755278982137
8572,1230,1,1,6.907755278982137
8573,1261,1,1,6.907755278982137
8574,1262,1,1,6.907755278982137
8575,1265,1,1,6.907755278982137
8576,127,1,1,6.907755278982137
8577,12c,1,1,6.907755278982137
8578,12z,1,1,6.907755278982137
8579,131,1,1,6.907755278982137
8580,1320,1,1,6.907755278982137
8581,1327,1,1,6.907755278982137
8582,1332,1,1,6.907755278982137
8583,1345,1,1,6.907755278982137
8584,1363,1,1,6.907755278982137
8585,1368,1,1,6.907755278982137
8586,1373,1,1,6.907755278982137
8587,1402,1,1,6.907755278982137
8588,1407,1,1,6.907755278982137
8589,1416,1,1,6.907755278982137
8590,1419,1,1,6.907755278982137
8591,1422,1,1,6.907755278982137
8592,1434,1,1,6.907755278982137
8593,1441,1,1,6.907755278982137
8594,1444,1,1,6.907755278982137
8595,14542,1,1,6.907755278982137
8596,146,1,1,6.907755278982137
8597,14643,1,1,6.907755278982137
8598,14r,1,1,6.907755278982137
8599,1500,1,1,6.907755278982137
8600,153,1,1,6.907755278982137
8601,1547,1,1,6.907755278982137
8602,156,1,1,6.907755278982137
8603,1567,1,1,6.907755278982137
8604,15843,1,1,6.907755278982137
8605,15902,1,1,6.907755278982137
8606,1613,1,1,6.907755278982137
8607,163,1,1,6.907755278982137
8608,16460,1,1,6.907755278982137
8609,1658,1,1,6.907755278982137
8610,1705,1,1,6.907755278982137
8611,171,1,1,6.907755278982137
8612,1725,1,1,6.907755278982137
8613,1753,1,1,6.907755278982137
8614,1762,1,1,6.907755278982137
8615,1775,1,1,6.907755278982137
8616,1797,1,1,6.907755278982137
8617,17b,1,1,6.907755278982137
8618,17n,1,1,6.907755278982137
8619,180min,1,1,6.907755278982137
8620,1816,1,1,6.907755278982137
8621,1819,1,1,6.907755278982137
8622,1822,1,1,6.907755278982137
8623,1844,1,1,6.907755278982137
8624,1850,1,1,6.907755278982137
8625,187,1,1,6.907755278982137
8626,1876,1,1,6.907755278982137
8627,1883,1,1,6.907755278982137
8628,189,1,1,6.907755278982137
8629,192,1,1,6.907755278982137
8630,1960s,1,1,6.907755278982137
8631,1969,1,1,6.907755278982137
8632,1991,1,1,6.907755278982137
8633,1998,1,1,6.907755278982137
8634,1999,1,1,6.907755278982137
8635,19n,1,1,6.907755278982137
8636,1b3,1,1,6.907755278982137
8637,1d,1,1,6.907755278982137
8638,1rats,1,1,6.907755278982137
8639,1st,1,1,6.907755278982137
8640,2001,1,1,6.907755278982137
8641,2002,1,1,6.907755278982137
8642,2003,1,1,6.907755278982137
8643,2005q2,1,1,6.907755278982137
8644,2018q1,1,1,6.907755278982137
8645,2021q1,1,1,6.907755278982137
8646,2024q2,1,1,6.907755278982137
8647,2025q4,1,1,6.907755278982137
8648,2026q1,1,1,6.907755278982137
8649,203,1,1,6.907755278982137
8650,2031,1,1,6.907755278982137
8651,205,1,1,6.907755278982137
8652,2050,1,1,6.907755278982137
8653,207,1,1,6.907755278982137
8654,20s,1,1,6.907755278982137
8655,2102,1,1,6.907755278982137
8656,215,1,1,6.907755278982137
8657,217,1,1,6.907755278982137
8658,2182,1,1,6.907755278982137
8659,219,1,1,6.907755278982137
8660,21years,1,1,6.907755278982137
8661,222,1,1,6.907755278982137
8662,2225,1,1,6.907755278982137
8663,224,1,1,6.907755278982137
8664,225,1,1,6.907755278982137
8665,22551,1,1,6.907755278982137
8666,2267,1,1,6.907755278982137
8667,2270,1,1,6.907755278982137
8668,2286,1,1,6.907755278982137
8669,2292,1,1,6.907755278982137
8670,2329,1,1,6.907755278982137
8671,233i,1,1,6.907755278982137
8672,2345,1,1,6.907755278982137
8673,2357,1,1,6.907755278982137
8674,238,1,1,6.907755278982137
8675,2384,1,1,6.907755278982137
8676,239,1,1,6.907755278982137
8677,244,1,1,6.907755278982137
8678,2470,1,1,6.907755278982137
8679,248,1,1,6.907755278982137
8680,2508,1,1,6.907755278982137
8681,252,1,1,6.907755278982137
8682,253,1,1,6.907755278982137
8683,258,1,1,6.907755278982137
8684,2685,1,1,6.907755278982137
8685,2719,1,1,6.907755278982137
8686,276,1,1,6.907755278982137
8687,2776,1,1,6.907755278982137
8688,2778,1,1,6.907755278982137
8689,2784,1,1,6.907755278982137
8690,2792,1,1,6.907755278982137
8691,28180,1,1,6.907755278982137
8692,285,1,1,6.907755278982137
8693,2852,1,1,6.907755278982137
8694,2859,1,1,6.907755278982137
8695,28804,1,1,6.907755278982137
8696,288408,1,1,6.907755278982137
8697,289,1,1,6.907755278982137
8698,2898,1,1,6.907755278982137
8699,2906,1,1,6.907755278982137
8700,293,1,1,6.907755278982137
8701,2990,1,1,6.907755278982137
8702,2d,1,1,6.907755278982137
8703,2kg,1,1,6.907755278982137
8704,2r,1,1,6.907755278982137
8705,301,1,1,6.907755278982137
8706,3059,1,1,6.907755278982137
8707,306,1,1,6.907755278982137
8708,30s,1,1,6.907755278982137
8709,3115,1,1,6.907755278982137
8710,3125,1,1,6.907755278982137
8711,317,1,1,6.907755278982137
8712,318,1,1,6.907755278982137
8713,3196,1,1,6.907755278982137
8714,3215,1,1,6.907755278982137
8715,326,1,1,6.907755278982137
8716,3284,1,1,6.907755278982137
8717,330,1,1,6.907755278982137
8718,3310,1,1,6.907755278982137
8719,3313,1,1,6.907755278982137
8720,3316,1,1,6.907755278982137
8721,333,1,1,6.907755278982137
8722,3333,1,1,6.907755278982137
8723,335,1,1,6.907755278982137
8724,336,1,1,6.907755278982137
8725,3363,1,1,6.907755278982137
8726,337,1,1,6.907755278982137
8727,338,1,1,6.907755278982137
8728,33a,1,1,6.907755278982137
8729,343,1,1,6.907755278982137
8730,3438,1,1,6.907755278982137
8731,344,1,1,6.907755278982137
8732,3459,1,1,6.907755278982137
8733,346,1,1,6.907755278982137
8734,3460,1,1,6.907755278982137
8735,347,1,1,6.907755278982137
8736,3492,1,1,6.907755278982137
8737,352,1,1,6.907755278982137
8738,354,1,1,6.907755278982137
8739,357,1,1,6.907755278982137
8740,359,1,1,6.907755278982137
8741,361,1,1,6.907755278982137
8742,362,1,1,6.907755278982137
8743,3629,1,1,6.907755278982137
8744,363,1,1,6.907755278982137
8745,364,1,1,6.907755278982137
8746,3689,1,1,6.907755278982137
8747,369,1,1,6.907755278982137
8748,3747,1,1,6.907755278982137
8749,378,1,1,6.907755278982137
8750,3791,1,1,6.907755278982137
8751,3823,1,1,6.907755278982137
8752,3835,1,1,6.907755278982137
8753,38406,1,1,6.907755278982137
8754,387,1,1,6.907755278982137
8755,389,1,1,6.907755278982137
8756,3928,1,1,6.907755278982137
8757,394,1,1,6.907755278982137
8758,396,1,1,6.907755278982137
8759,3971,1,1,6.907755278982137
8760,3980,1,1,6.907755278982137
8761,399,1,1,6.907755278982137
8762,3c5t,1,1,6.907755278982137
8763,3d,1,1,6.907755278982137
8764,3s,1,1,6.907755278982137
8765,402,1,1,6.907755278982137
8766,40349,1,1,6.907755278982137
8767,4043,1,1,6.907755278982137
8768,406,1,1,6.907755278982137
8769,4066,1,1,6.907755278982137
8770,4076,1,1,6.907755278982137
8771,410,1,1,6.907755278982137
8772,4113,1,1,6.907755278982137
8773,4120,1,1,6.907755278982137
8774,414,1,1,6.907755278982137
8775,4153,1,1,6.907755278982137
8776,416,1,1,6.907755278982137
8777,4170,1,1,6.907755278982137
8778,418,1,1,6.907755278982137
8779,4181,1,1,6.907755278982137
8780,420,1,1,6.907755278982137
8781,420m,1,1,6.907755278982137
8782,421,1,1,6.907755278982137
8783,42423,1,1,6.907755278982137
8784,426,1,1,6.907755278982137
8785,4300,1,1,6.907755278982137
8786,433,1,1,6.907755278982137
8787,4361,1,1,6.907755278982137
8788,4365,1,1,6.907755278982137
8789,443,1,1,6.907755278982137
8790,4450,1,1,6.907755278982137
8791,448,1,1,6.907755278982137
8792,4491,1,1,6.907755278982137
8793,451,1,1,6.907755278982137
8794,455,1,1,6.907755278982137
8795,4555,1,1,6.907755278982137
8796,4557,1,1,6.907755278982137
8797,458,1,1,6.907755278982137
8798,462,1,1,6.907755278982137
8799,4620,1,1,6.907755278982137
8800,463,1,1,6.907755278982137
8801,464,1,1,6.907755278982137
8802,467,1,1,6.907755278982137
8803,468,1,1,6.907755278982137
8804,469,1,1,6.907755278982137
8805,46h,1,1,6.907755278982137
8806,470,1,1,6.907755278982137
8807,473,1,1,6.907755278982137
8808,474,1,1,6.907755278982137
8809,4768,1,1,6.907755278982137
8810,4769,1,1,6.907755278982137
8811,4773,1,1,6.907755278982137
8812,479,1,1,6.907755278982137
8813,484,1,1,6.907755278982137
8814,4872,1,1,6.907755278982137
8815,4890,1,1,6.907755278982137
8816,492,1,1,6.907755278982137
8817,4920,1,1,6.907755278982137
8818,493,1,1,6.907755278982137
8819,495,1,1,6.907755278982137
8820,496,1,1,6.907755278982137
8821,498,1,1,6.907755278982137
8822,4a,1,1,6.907755278982137
8823,4bgd,1,1,6.907755278982137
8824,4d,1,1,6.907755278982137
8825,4mg,1,1,6.907755278982137
8826,502,1,1,6.907755278982137
8827,5032,1,1,6.907755278982137
8828,506,1,1,6.907755278982137
8829,507,1,1,6.907755278982137
8830,511,1,1,6.907755278982137
8831,512,1,1,6.907755278982137
8832,513,1,1,6.907755278982137
8833,518,1,1,6.907755278982137
8834,519,1,1,6.907755278982137
8835,5200,1,1,6.907755278982137
8836,5221,1,1,6.907755278982137
8837,5237,1,1,6.907755278982137
8838,5275,1,1,6.907755278982137
8839,529,1,1,6.907755278982137
8840,530,1,1,6.907755278982137
8841,531,1,1,6.907755278982137
8842,532,1,1,6.907755278982137
8843,535,1,1,6.907755278982137
8844,536,1,1,6.907755278982137
8845,53b,1,1,6.907755278982137
8846,5432,1,1,6.907755278982137
8847,545,1,1,6.907755278982137
8848,549,1,1,6.907755278982137
8849,552,1,1,6.907755278982137
8850,553,1,1,6.907755278982137
8851,5532,1,1,6.907755278982137
8852,554,1,1,6.907755278982137
8853,55619,1,1,6.907755278982137
8854,557,1,1,6.907755278982137
8855,559,1,1,6.907755278982137
8856,5608,1,1,6.907755278982137
8857,5613,1,1,6.907755278982137
8858,5624,1,1,6.907755278982137
8859,566,1,1,6.907755278982137
8860,5673,1,1,6.907755278982137
8861,5674,1,1,6.907755278982137
8862,5675,1,1,6.907755278982137
8863,5699,1,1,6.907755278982137
8864,575,1,1,6.907755278982137
8865,576,1,1,6.907755278982137
8866,5762,1,1,6.907755278982137
8867,577,1,1,6.907755278982137
8868,578,1,1,6.907755278982137
8869,582,1,1,6.907755278982137
8870,5827,1,1,6.907755278982137
8871,585,1,1,6.907755278982137
8872,5863,1,1,6.907755278982137
8873,587,1,1,6.907755278982137
8874,5871,1,1,6.907755278982137
8875,5876,1,1,6.907755278982137
8876,589f,1,1,6.907755278982137
8877,591,1,1,6.907755278982137
8878,596,1,1,6.907755278982137
8879,597,1,1,6.907755278982137
8880,5p,1,1,6.907755278982137
8881,5th,1,1,6.907755278982137
8882,6018,1,1,6.907755278982137
8883,607,1,1,6.907755278982137
8884,60min,1,1,6.907755278982137
8885,60ml,1,1,6.907755278982137
8886,614,1,1,6.907755278982137
8887,616,1,1,6.907755278982137
8888,617,1,1,6.907755278982137
8889,618,1,1,6.907755278982137
8890,6300,1,1,6.907755278982137
8891,634,1,1,6.907755278982137
8892,6365,1,1,6.907755278982137
8893,637,1,1,6.907755278982137
8894,64565111,1,1,6.907755278982137
8895,648,1,1,6.907755278982137
8896,6482,1,1,6.907755278982137
8897,649,1,1,6.907755278982137
8898,651,1,1,6.907755278982137
8899,6515,1,1,6.907755278982137
8900,654,1,1,6.907755278982137
8901,657,1,1,6.907755278982137
8902,658,1,1,6.907755278982137
8903,659,1,1,6.907755278982137
8904,660,1,1,6.907755278982137
8905,661,1,1,6.907755278982137
8906,6659,1,1,6.907755278982137
8907,666,1,1,6.907755278982137
8908,668,1,1,6.907755278982137
8909,674,1,1,6.907755278982137
8910,6748,1,1,6.907755278982137
8911,675,1,1,6.907755278982137
8912,679,1,1,6.907755278982137
8913,682,1,1,6.907755278982137
8914,684,1,1,6.907755278982137
8915,685,1,1,6.907755278982137
8916,688,1,1,6.907755278982137
8917,6887,1,1,6.907755278982137
8918,692,1,1,6.907755278982137
8919,6920,1,1,6.907755278982137
8920,6953,1,1,6.907755278982137
8921,696,1,1,6.907755278982137
8922,697,1,1,6.907755278982137
8923,698,1,1,6.907755278982137
8924,699,1,1,6.907755278982137
8925,6e,1,1,6.907755278982137
8926,6kg,1,1,6.907755278982137
8927,6n,1,1,6.907755278982137
8928,6x19,1,1,6.907755278982137
8929,7015,1,1,6.907755278982137
8930,703,1,1,6.907755278982137
8931,705,1,1,6.907755278982137
8932,707,1,1,6.907755278982137
8933,709,1,1,6.907755278982137
8934,710,1,1,6.907755278982137
8935,714,1,1,6.907755278982137
8936,7151,1,1,6.907755278982137
8937,718,1,1,6.907755278982137
8938,721,1,1,6.907755278982137
8939,7214,1,1,6.907755278982137
8940,723,1,1,6.907755278982137
8941,7249,1,1,6.907755278982137
8942,726,1,1,6.907755278982137
8943,729,1,1,6.907755278982137
8944,72h,1,1,6.907755278982137
8945,730,1,1,6.907755278982137
8946,731,1,1,6.907755278982137
8947,732,1,1,6.907755278982137
8948,734,1,1,6.907755278982137
8949,736,1,1,6.907755278982137
8950,7389,1,1,6.907755278982137
8951,744,1,1,6.907755278982137
8952,746,1,1,6.907755278982137
8953,7491,1,1,6.907755278982137
8954,752,1,1,6.907755278982137
8955,755,1,1,6.907755278982137
8956,757,1,1,6.907755278982137
8957,75n92021d00006,1,1,6.907755278982137
8958,764,1,1,6.907755278982137
8959,765,1,1,6.907755278982137
8960,766,1,1,6.907755278982137
8961,768,1,1,6.907755278982137
8962,7692,1,1,6.907755278982137
8963,771,1,1,6.907755278982137
8964,780,1,1,6.907755278982137
8965,781,1,1,6.907755278982137
8966,782,1,1,6.907755278982137
8967,785,1,1,6.907755278982137
8968,7852,1,1,6.907755278982137
8969,787,1,1,6.907755278982137
8970,788,1,1,6.907755278982137
8971,791,1,1,6.907755278982137
8972,795,1,1,6.907755278982137
8973,797,1,1,6.907755278982137
8974,7cfn,1,1,6.907755278982137
8975,7xtq,1,1,6.907755278982137
8976,801,1,1,6.907755278982137
8977,802,1,1,6.907755278982137
8978,8039,1,1,6.907755278982137
8979,804,1,1,6.907755278982137
8980,809,1,1,6.907755278982137
8981,812,1,1,6.907755278982137
8982,813,1,1,6.907755278982137
8983,815,1,1,6.907755278982137
8984,8176,1,1,6.907755278982137
8985,819,1,1,6.907755278982137
8986,820,1,1,6.907755278982137
8987,82058,1,1,6.907755278982137
8988,821,1,1,6.907755278982137
8989,8217,1,1,6.907755278982137
8990,824,1,1,6.907755278982137
8991,828,1,1,6.907755278982137
8992,829,1,1,6.907755278982137
8993,831,1,1,6.907755278982137
8994,833,1,1,6.907755278982137
8995,8349,1,1,6.907755278982137
8996,835,1,1,6.907755278982137
8997,836,1,1,6.907755278982137
8998,838,1,1,6.907755278982137
8999,842,1,1,6.907755278982137
9000,843,1,1,6.907755278982137
9001,845,1,1,6.907755278982137
9002,846,1,1,6.907755278982137
9003,849,1,1,6.907755278982137
9004,851,1,1,6.907755278982137
9005,855,1,1,6.907755278982137
9006,857,1,1,6.907755278982137
9007,8598,1,1,6.907755278982137
9008,860,1,1,6.907755278982137
9009,861,1,1,6.907755278982137
9010,8610,1,1,6.907755278982137
9011,863,1,1,6.907755278982137
9012,864,1,1,6.907755278982137
9013,867,1,1,6.907755278982137
9014,8682,1,1,6.907755278982137
9015,871,1,1,6.907755278982137
9016,8715,1,1,6.907755278982137
9017,873,1,1,6.907755278982137
9018,877,1,1,6.907755278982137
9019,878,1,1,6.907755278982137
9020,879,1,1,6.907755278982137
9021,883,1,1,6.907755278982137
9022,885,1,1,6.907755278982137
9023,887,1,1,6.907755278982137
9024,889t,1,1,6.907755278982137
9025,890,1,1,6.907755278982137
9026,892,1,1,6.907755278982137
9027,8929,1,1,6.907755278982137
9028,893,1,1,6.907755278982137
9029,8969,1,1,6.907755278982137
9030,898,1,1,6.907755278982137
9031,901,1,1,6.907755278982137
9032,908,1,1,6.907755278982137
9033,909,1,1,6.907755278982137
9034,912,1,1,6.907755278982137
9035,916,1,1,6.907755278982137
9036,917,1,1,6.907755278982137
9037,918,1,1,6.907755278982137
9038,921,1,1,6.907755278982137
9039,922,1,1,6.907755278982137
9040,9222,1,1,6.907755278982137
9041,924,1,1,6.907755278982137
9042,930,1,1,6.907755278982137
9043,931,1,1,6.907755278982137
9044,936,1,1,6.907755278982137
9045,937,1,1,6.907755278982137
9046,940,1,1,6.907755278982137
9047,941,1,1,6.907755278982137
9048,943,1,1,6.907755278982137
9049,9493,1,1,6.907755278982137
9050,950,1,1,6.907755278982137
9051,952,1,1,6.907755278982137
9052,955,1,1,6.907755278982137
9053,9556,1,1,6.907755278982137
9054,9585,1,1,6.907755278982137
9055,961,1,1,6.907755278982137
9056,965,1,1,6.907755278982137
9057,966,1,1,6.907755278982137
9058,969,1,1,6.907755278982137
9059,970,1,1,6.907755278982137
9060,971,1,1,6.907755278982137
9061,973,1,1,6.907755278982137
9062,975,1,1,6.907755278982137
9063,977,1,1,6.907755278982137
9064,979,1,1,6.907755278982137
9065,9795,1,1,6.907755278982137
9066,986,1,1,6.907755278982137
9067,990,1,1,6.907755278982137
9068,9939,1,1,6.907755278982137
9069,996,1,1,6.907755278982137
9070,9981,1,1,6.907755278982137
9071,999,1,1,6.907755278982137
9072,9993,1,1,6.907755278982137
9073,9gyo,1,1,6.907755278982137
9074,a10,1,1,6.907755278982137
9075,a2,1,1,6.907755278982137
9076,a316t5,1,1,6.907755278982137
9077,aalen,1,1,6.907755278982137
9078,aasld,1,1,6.907755278982137
9079,abandon,1,1,6.907755278982137
9080,abbreviated,1,1,6.907755278982137
9081,abbreviations,1,1,6.907755278982137
9082,abbv,1,1,6.907755278982137
9083,abcg1,1,1,6.907755278982137
9084,aberration,1,1,6.907755278982137
9085,abilities,1,1,6.907755278982137
9086,abolishes,1,1,6.907755278982137
9087,abscesses,1,1,6.907755278982137
9088,absences,1,1,6.907755278982137
9089,absorbable,1,1,6.907755278982137
9090,abundances,1,1,6.907755278982137
9091,abuse,1,1,6.907755278982137
9092,acc,1,1,6.907755278982137
9093,accept,1,1,6.907755278982137
9094,accommodation,1,1,6.907755278982137
9095,accreditation,1,1,6.907755278982137
9096,accumbens,1,1,6.907755278982137
9097,acetatifactor,1,1,6.907755278982137
9098,acetyl,1,1,6.907755278982137
9099,acetylcholinesterase,1,1,6.907755278982137
9100,acidophilus,1,1,6.907755278982137
9101,acknowledged,1,1,6.907755278982137
9102,acknowledgment,1,1,6.907755278982137
9103,acn,1,1,6.907755278982137
9104,acne,1,1,6.907755278982137
9105,acp5,1,1,6.907755278982137
9106,acquainting,1,1,6.907755278982137
9107,acquired,1,1,6.907755278982137
9108,acquity,1,1,6.907755278982137
9109,acr,1,1,6.907755278982137
9110,acres,1,1,6.907755278982137
9111,acrs,1,1,6.907755278982137
9112,acryloxysuccinimide,1,1,6.907755278982137
9113,activatespparg,1,1,6.907755278982137
9114,activin,1,1,6.907755278982137
9115,actrn12625001011471,1,1,6.907755278982137
9116,actual,1,1,6.907755278982137
9117,actually,1,1,6.907755278982137
9118,acutalibacter,1,1,6.907755278982137
9119,acylated,1,1,6.907755278982137
9120,acylation,1,1,6.907755278982137
9121,ada,1,1,6.907755278982137
9122,adalimumab,1,1,6.907755278982137
9123,additively,1,1,6.907755278982137
9124,additives,1,1,6.907755278982137
9125,additivity,1,1,6.907755278982137
9126,adduct,1,1,6.907755278982137
9127,adeno,1,1,6.907755278982137
9128,adenoma,1,1,6.907755278982137
9129,adenomas,1,1,6.907755278982137
9130,adenovirus,1,1,6.907755278982137
9131,adenylate,1,1,6.907755278982137
9132,adenylyl,1,1,6.907755278982137
9133,adherents,1,1,6.907755278982137
9134,adhesions,1,1,6.907755278982137
9135,adipogenesis,1,1,6.907755278982137
9136,adiporenal,1,1,6.907755278982137
9137,adiposopathic,1,1,6.907755278982137
9138,adiposopathy,1,1,6.907755278982137
9139,adjacency,1,1,6.907755278982137
9140,adjudicated,1,1,6.907755278982137
9141,adme,1,1,6.907755278982137
9142,administering,1,1,6.907755278982137
9143,administrating,1,1,6.907755278982137
9144,administrations,1,1,6.907755278982137
9145,adminstration,1,1,6.907755278982137
9146,adopt,1,1,6.907755278982137
9147,adrenals,1,1,6.907755278982137
9148,adrenergic,1,1,6.907755278982137
9149,adrenocorticotropic,1,1,6.907755278982137
9150,adulthood,1,1,6.907755278982137
9151,advantaged,1,1,6.907755278982137
9152,adversely,1,1,6.907755278982137
9153,advisable,1,1,6.907755278982137
9154,advocacy,1,1,6.907755278982137
9155,aersmine,1,1,6.907755278982137
9156,affective,1,1,6.907755278982137
9157,affiliated,1,1,6.907755278982137
9158,affirming,1,1,6.907755278982137
9159,affording,1,1,6.907755278982137
9160,aforementioned,1,1,6.907755278982137
9161,africa,1,1,6.907755278982137
9162,afterward,1,1,6.907755278982137
9163,again,1,1,6.907755278982137
9164,agentic,1,1,6.907755278982137
9165,agglomerative,1,1,6.907755278982137
9166,aggravating,1,1,6.907755278982137
9167,aglycone,1,1,6.907755278982137
9168,agnostic,1,1,6.907755278982137
9169,agouti,1,1,6.907755278982137
9170,agranulocytosis,1,1,6.907755278982137
9171,agreed,1,1,6.907755278982137
9172,agreements,1,1,6.907755278982137
9173,ahead,1,1,6.907755278982137
9174,aids,1,1,6.907755278982137
9175,aifa,1,1,6.907755278982137
9176,aim2,1,1,6.907755278982137
9177,ain,1,1,6.907755278982137
9178,akaike,1,1,6.907755278982137
9179,aks,1,1,6.907755278982137
9180,akt308,1,1,6.907755278982137
9181,akt473,1,1,6.907755278982137
9182,alan,1,1,6.907755278982137
9183,alba,1,1,6.907755278982137
9184,albiglutide,1,1,6.907755278982137
9185,albino,1,1,6.907755278982137
9186,albumen,1,1,6.907755278982137
9187,albuminuric,1,1,6.907755278982137
9188,alike,1,1,6.907755278982137
9189,alikes,1,1,6.907755278982137
9190,alistipes,1,1,6.907755278982137
9191,alkaloid,1,1,6.907755278982137
9192,alkaloids,1,1,6.907755278982137
9193,alkbh5,1,1,6.907755278982137
9194,allergic,1,1,6.907755278982137
9195,allied,1,1,6.907755278982137
9196,allodynia,1,1,6.907755278982137
9197,alloprevotella,1,1,6.907755278982137
9198,alogliptin,1,1,6.907755278982137
9199,alpinia,1,1,6.907755278982137
9200,alteration,1,1,6.907755278982137
9201,alternate,1,1,6.907755278982137
9202,alternatively,1,1,6.907755278982137
9203,altitudinal,1,1,6.907755278982137
9204,altogether,1,1,6.907755278982137
9205,alum,1,1,6.907755278982137
9206,aluminum,1,1,6.907755278982137
9207,am,1,1,6.907755278982137
9208,ambient,1,1,6.907755278982137
9209,ambitious,1,1,6.907755278982137
9210,amelioration,1,1,6.907755278982137
9211,ameliorative,1,1,6.907755278982137
9212,americans,1,1,6.907755278982137
9213,ameroid,1,1,6.907755278982137
9214,amid,1,1,6.907755278982137
9215,aminopropionitrile,1,1,6.907755278982137
9216,amounted,1,1,6.907755278982137
9217,amounts,1,1,6.907755278982137
9218,ampkα,1,1,6.907755278982137
9219,amplicon,1,1,6.907755278982137
9220,amplifier,1,1,6.907755278982137
9221,amplifiers,1,1,6.907755278982137
9222,amyloidogenic,1,1,6.907755278982137
9223,anaesthetic,1,1,6.907755278982137
9224,anaesthetist,1,1,6.907755278982137
9225,analgesic,1,1,6.907755278982137
9226,analgesics,1,1,6.907755278982137
9227,analyser,1,1,6.907755278982137
9228,analyte,1,1,6.907755278982137
9229,analytes,1,1,6.907755278982137
9230,analyzing,1,1,6.907755278982137
9231,anastomosis,1,1,6.907755278982137
9232,anatomy,1,1,6.907755278982137
9233,anchored,1,1,6.907755278982137
9234,anchoring,1,1,6.907755278982137
9235,andreducing,1,1,6.907755278982137
9236,androgenetic,1,1,6.907755278982137
9237,anecdotal,1,1,6.907755278982137
9238,anecdotally,1,1,6.907755278982137
9239,anecdotes,1,1,6.907755278982137
9240,anesthesiologist,1,1,6.907755278982137
9241,anesthesiologists,1,1,6.907755278982137
9242,anesthesiology,1,1,6.907755278982137
9243,aneurysm,1,1,6.907755278982137
9244,angptl3,1,1,6.907755278982137
9245,anguilla,1,1,6.907755278982137
9246,anhydroglucitol,1,1,6.907755278982137
9247,anisotropic,1,1,6.907755278982137
9248,annotate,1,1,6.907755278982137
9249,annulated,1,1,6.907755278982137
9250,annum,1,1,6.907755278982137
9251,anomalies,1,1,6.907755278982137
9252,anonymised,1,1,6.907755278982137
9253,anorectic,1,1,6.907755278982137
9254,anova,1,1,6.907755278982137
9255,anp,1,1,6.907755278982137
9256,answer,1,1,6.907755278982137
9257,antagonize,1,1,6.907755278982137
9258,anthocyanin,1,1,6.907755278982137
9259,anthracyclines,1,1,6.907755278982137
9260,antiaging,1,1,6.907755278982137
9261,antiandrogen,1,1,6.907755278982137
9262,antiapoptotic,1,1,6.907755278982137
9263,antiatherosclerotic,1,1,6.907755278982137
9264,anticipate,1,1,6.907755278982137
9265,anticoagulation,1,1,6.907755278982137
9266,antidementia,1,1,6.907755278982137
9267,antidiuretic,1,1,6.907755278982137
9268,antiepileptic,1,1,6.907755278982137
9269,antiepileptics,1,1,6.907755278982137
9270,antiepileptogenesis,1,1,6.907755278982137
9271,antigravity,1,1,6.907755278982137
9272,antihyperglycemics,1,1,6.907755278982137
9273,antiinflammatory,1,1,6.907755278982137
9274,antimicrobial,1,1,6.907755278982137
9275,antimigraine,1,1,6.907755278982137
9276,antimycin,1,1,6.907755278982137
9277,antinociception,1,1,6.907755278982137
9278,antioxid,1,1,6.907755278982137
9279,antiparkinsonian,1,1,6.907755278982137
9280,antiplatelet,1,1,6.907755278982137
9281,antiretrovirals,1,1,6.907755278982137
9282,antithyroid,1,1,6.907755278982137
9283,anzctr,1,1,6.907755278982137
9284,aphasia,1,1,6.907755278982137
9285,apical,1,1,6.907755278982137
9286,apigenin,1,1,6.907755278982137
9287,apoc,1,1,6.907755278982137
9288,apparently,1,1,6.907755278982137
9289,appendicular,1,1,6.907755278982137
9290,appendix,1,1,6.907755278982137
9291,apple,1,1,6.907755278982137
9292,apply,1,1,6.907755278982137
9293,appointments,1,1,6.907755278982137
9294,appreciation,1,1,6.907755278982137
9295,apprehension,1,1,6.907755278982137
9296,approaching,1,1,6.907755278982137
9297,approximate,1,1,6.907755278982137
9298,approximately22,1,1,6.907755278982137
9299,apremilast,1,1,6.907755278982137
9300,arabinoxylan,1,1,6.907755278982137
9301,arbor,1,1,6.907755278982137
9302,architectures,1,1,6.907755278982137
9303,arcuate,1,1,6.907755278982137
9304,arg1,1,1,6.907755278982137
9305,arginine,1,1,6.907755278982137
9306,argon,1,1,6.907755278982137
9307,arguing,1,1,6.907755278982137
9308,argumentation,1,1,6.907755278982137
9309,arguments,1,1,6.907755278982137
9310,aries,1,1,6.907755278982137
9311,arisen,1,1,6.907755278982137
9312,arksey,1,1,6.907755278982137
9313,armed,1,1,6.907755278982137
9314,arni,1,1,6.907755278982137
9315,aronchick,1,1,6.907755278982137
9316,arrangements,1,1,6.907755278982137
9317,arrays,1,1,6.907755278982137
9318,arteries,1,1,6.907755278982137
9319,arthropathies,1,1,6.907755278982137
9320,arthroplasties,1,1,6.907755278982137
9321,artichokes,1,1,6.907755278982137
9322,articular,1,1,6.907755278982137
9323,articulates,1,1,6.907755278982137
9324,asa24,1,1,6.907755278982137
9325,asan,1,1,6.907755278982137
9326,asc,1,1,6.907755278982137
9327,ascertainment,1,1,6.907755278982137
9328,asjof,1,1,6.907755278982137
9329,asn0000001061,1,1,6.907755278982137
9330,asos,1,1,6.907755278982137
9331,aspart,1,1,6.907755278982137
9332,aspirate,1,1,6.907755278982137
9333,aspirational,1,1,6.907755278982137
9334,aspro,1,1,6.907755278982137
9335,asrs,1,1,6.907755278982137
9336,assessable,1,1,6.907755278982137
9337,assessors,1,1,6.907755278982137
9338,associating,1,1,6.907755278982137
9339,associational,1,1,6.907755278982137
9340,assume,1,1,6.907755278982137
9341,assurance,1,1,6.907755278982137
9342,astaxanthin,1,1,6.907755278982137
9343,astrocytopathy,1,1,6.907755278982137
9344,astroglial,1,1,6.907755278982137
9345,astronauts,1,1,6.907755278982137
9346,at1r,1,1,6.907755278982137
9347,atf4,1,1,6.907755278982137
9348,atlas,1,1,6.907755278982137
9349,atom,1,1,6.907755278982137
9350,atonia,1,1,6.907755278982137
9351,atraumatic,1,1,6.907755278982137
9352,atrium,1,1,6.907755278982137
9353,atrogenes,1,1,6.907755278982137
9354,attaining,1,1,6.907755278982137
9355,attend,1,1,6.907755278982137
9356,attendant,1,1,6.907755278982137
9357,attraction,1,1,6.907755278982137
9358,attractions,1,1,6.907755278982137
9359,attractiveness,1,1,6.907755278982137
9360,attrited,1,1,6.907755278982137
9361,atypica,1,1,6.907755278982137
9362,audit,1,1,6.907755278982137
9363,auditory,1,1,6.907755278982137
9364,aug,1,1,6.907755278982137
9365,aurum,1,1,6.907755278982137
9366,australian,1,1,6.907755278982137
9367,authorizations,1,1,6.907755278982137
9368,authorship,1,1,6.907755278982137
9369,autodock,1,1,6.907755278982137
9370,autofluorescence,1,1,6.907755278982137
9371,autonomously,1,1,6.907755278982137
9372,autophagosome,1,1,6.907755278982137
9373,autosomal,1,1,6.907755278982137
9374,avalanche,1,1,6.907755278982137
9375,avenciguat,1,1,6.907755278982137
9376,averaged,1,1,6.907755278982137
9377,avoided,1,1,6.907755278982137
9378,avoiding,1,1,6.907755278982137
9379,await,1,1,6.907755278982137
9380,awaited,1,1,6.907755278982137
9381,axons,1,1,6.907755278982137
9382,ayushman,1,1,6.907755278982137
9383,azd6234,1,1,6.907755278982137
9384,aβ40,1,1,6.907755278982137
9385,aβ42,1,1,6.907755278982137
9386,b100,1,1,6.907755278982137
9387,b2,1,1,6.907755278982137
9388,b48,1,1,6.907755278982137
9389,back,1,1,6.907755278982137
9390,backgroundadults,1,1,6.907755278982137
9391,backgroundlimited,1,1,6.907755278982137
9392,backgrounds,1,1,6.907755278982137
9393,backing,1,1,6.907755278982137
9394,backup,1,1,6.907755278982137
9395,backward,1,1,6.907755278982137
9396,bacteroidaceae,1,1,6.907755278982137
9397,balf,1,1,6.907755278982137
9398,balloon,1,1,6.907755278982137
9399,balloons,1,1,6.907755278982137
9400,bardet,1,1,6.907755278982137
9401,baricitinib,1,1,6.907755278982137
9402,baron,1,1,6.907755278982137
9403,barring,1,1,6.907755278982137
9404,basement,1,1,6.907755278982137
9405,baxdrostat,1,1,6.907755278982137
9406,bcpnn,1,1,6.907755278982137
9407,bear,1,1,6.907755278982137
9408,beats,1,1,6.907755278982137
9409,beauchamp,1,1,6.907755278982137
9410,becomes,1,1,6.907755278982137
9411,beds,1,1,6.907755278982137
9412,beforehand,1,1,6.907755278982137
9413,begg,1,1,6.907755278982137
9414,begin,1,1,6.907755278982137
9415,begins,1,1,6.907755278982137
9416,beh,1,1,6.907755278982137
9417,behaves,1,1,6.907755278982137
9418,behaviorally,1,1,6.907755278982137
9419,behind,1,1,6.907755278982137
9420,beige,1,1,6.907755278982137
9421,beiging,1,1,6.907755278982137
9422,belief,1,1,6.907755278982137
9423,bempedoic,1,1,6.907755278982137
9424,benchmarked,1,1,6.907755278982137
9425,benchmarking,1,1,6.907755278982137
9426,bending,1,1,6.907755278982137
9427,beneficially,1,1,6.907755278982137
9428,beneficiary,1,1,6.907755278982137
9429,benzoate,1,1,6.907755278982137
9430,benzoyl,1,1,6.907755278982137
9431,berberis,1,1,6.907755278982137
9432,besides,1,1,6.907755278982137
9433,bestmed,1,1,6.907755278982137
9434,bh2,1,1,6.907755278982137
9435,bh4,1,1,6.907755278982137
9436,bharat,1,1,6.907755278982137
9437,bhbe,1,1,6.907755278982137
9438,biases,1,1,6.907755278982137
9439,bibliographic,1,1,6.907755278982137
9440,bibliographies,1,1,6.907755278982137
9441,bibliometrix,1,1,6.907755278982137
9442,biedl,1,1,6.907755278982137
9443,bihor,1,1,6.907755278982137
9444,biib122,1,1,6.907755278982137
9445,bilaterally,1,1,6.907755278982137
9446,bilayer,1,1,6.907755278982137
9447,biliopancreatic,1,1,6.907755278982137
9448,billed,1,1,6.907755278982137
9449,bimekizumab,1,1,6.907755278982137
9450,bimonthly,1,1,6.907755278982137
9451,bio,1,1,6.907755278982137
9452,bioaccumulation,1,1,6.907755278982137
9453,biocompatibility,1,1,6.907755278982137
9454,biocompatible,1,1,6.907755278982137
9455,biodistribution,1,1,6.907755278982137
9456,bioequivalent,1,1,6.907755278982137
9457,bioethical,1,1,6.907755278982137
9458,biofilm,1,1,6.907755278982137
9459,biomedical,1,1,6.907755278982137
9460,biopharmaceuticals,1,1,6.907755278982137
9461,bioresources,1,1,6.907755278982137
9462,biosafe,1,1,6.907755278982137
9463,biosciences,1,1,6.907755278982137
9464,biotics,1,1,6.907755278982137
9465,bis,1,1,6.907755278982137
9466,bisdemethoxycurcumin,1,1,6.907755278982137
9467,bispebjerg,1,1,6.907755278982137
9468,bistable,1,1,6.907755278982137
9469,bisulfite,1,1,6.907755278982137
9470,bivalent,1,1,6.907755278982137
9471,bivariate,1,1,6.907755278982137
9472,bl,1,1,6.907755278982137
9473,blackcurrants,1,1,6.907755278982137
9474,blanket,1,1,6.907755278982137
9475,blanking,1,1,6.907755278982137
9476,blautia,1,1,6.907755278982137
9477,bled,1,1,6.907755278982137
9478,blend,1,1,6.907755278982137
9479,blinder,1,1,6.907755278982137
9480,blinding,1,1,6.907755278982137
9481,blistering,1,1,6.907755278982137
9482,block,1,1,6.907755278982137
9483,blockbuster,1,1,6.907755278982137
9484,blurred,1,1,6.907755278982137
9485,bmdm,1,1,6.907755278982137
9486,bmdms,1,1,6.907755278982137
9487,bmj,1,1,6.907755278982137
9488,bmsc,1,1,6.907755278982137
9489,bmscs,1,1,6.907755278982137
9490,boehringer,1,1,6.907755278982137
9491,boltz,1,1,6.907755278982137
9492,boltzmann,1,1,6.907755278982137
9493,bones,1,1,6.907755278982137
9494,boolean,1,1,6.907755278982137
9495,boost,1,1,6.907755278982137
9496,boosters,1,1,6.907755278982137
9497,boosting,1,1,6.907755278982137
9498,boston,1,1,6.907755278982137
9499,bothersome,1,1,6.907755278982137
9500,bottlenecks,1,1,6.907755278982137
9501,botulinum,1,1,6.907755278982137
9502,bounded,1,1,6.907755278982137
9503,bradford,1,1,6.907755278982137
9504,brakes,1,1,6.907755278982137
9505,branched,1,1,6.907755278982137
9506,branching,1,1,6.907755278982137
9507,brand,1,1,6.907755278982137
9508,branding,1,1,6.907755278982137
9509,brdu,1,1,6.907755278982137
9510,breadth,1,1,6.907755278982137
9511,break,1,1,6.907755278982137
9512,bred,1,1,6.907755278982137
9513,bridges,1,1,6.907755278982137
9514,brief,1,1,6.907755278982137
9515,brightness,1,1,6.907755278982137
9516,bring,1,1,6.907755278982137
9517,brings,1,1,6.907755278982137
9518,british,1,1,6.907755278982137
9519,broadening,1,1,6.907755278982137
9520,bronchial,1,1,6.907755278982137
9521,bronchoalveolar,1,1,6.907755278982137
9522,browning,1,1,6.907755278982137
9523,bsep,1,1,6.907755278982137
9524,bshs,1,1,6.907755278982137
9525,budgetary,1,1,6.907755278982137
9526,buffered,1,1,6.907755278982137
9527,buffering,1,1,6.907755278982137
9528,build,1,1,6.907755278982137
9529,bulimia,1,1,6.907755278982137
9530,bulk,1,1,6.907755278982137
9531,bulky,1,1,6.907755278982137
9532,bullous,1,1,6.907755278982137
9533,burdens,1,1,6.907755278982137
9534,burdensome,1,1,6.907755278982137
9535,bursts,1,1,6.907755278982137
9536,butyricum,1,1,6.907755278982137
9537,bv,1,1,6.907755278982137
9538,bydureon,1,1,6.907755278982137
9539,byproducts,1,1,6.907755278982137
9540,bystander,1,1,6.907755278982137
9541,c18,1,1,6.907755278982137
9542,c25,1,1,6.907755278982137
9543,c64,1,1,6.907755278982137
9544,c65,1,1,6.907755278982137
9545,ca19,1,1,6.907755278982137
9546,cacl₂,1,1,6.907755278982137
9547,cadence,1,1,6.907755278982137
9548,cadro,1,1,6.907755278982137
9549,caecicola,1,1,6.907755278982137
9550,caffeine,1,1,6.907755278982137
9551,cag,1,1,6.907755278982137
9552,cairo,1,1,6.907755278982137
9553,cajal,1,1,6.907755278982137
9554,calcified,1,1,6.907755278982137
9555,calculation,1,1,6.907755278982137
9556,calculations,1,1,6.907755278982137
9557,calculators,1,1,6.907755278982137
9558,calculous,1,1,6.907755278982137
9559,calf,1,1,6.907755278982137
9560,calibrations,1,1,6.907755278982137
9561,caliper,1,1,6.907755278982137
9562,callers,1,1,6.907755278982137
9563,calprotectin,1,1,6.907755278982137
9564,calvarial,1,1,6.907755278982137
9565,cam,1,1,6.907755278982137
9566,camkii,1,1,6.907755278982137
9567,canadensis,1,1,6.907755278982137
9568,canakinumab,1,1,6.907755278982137
9569,cannabidiol,1,1,6.907755278982137
9570,cannabinoid,1,1,6.907755278982137
9571,capabilities,1,1,6.907755278982137
9572,capillaritis,1,1,6.907755278982137
9573,capita,1,1,6.907755278982137
9574,capitated,1,1,6.907755278982137
9575,capnography,1,1,6.907755278982137
9576,caprylic,1,1,6.907755278982137
9577,caps,1,1,6.907755278982137
9578,capsaicin,1,1,6.907755278982137
9579,car,1,1,6.907755278982137
9580,carboxy,1,1,6.907755278982137
9581,carboxylation,1,1,6.907755278982137
9582,carcass,1,1,6.907755278982137
9583,carcinogens,1,1,6.907755278982137
9584,cardamic,1,1,6.907755278982137
9585,cardiohepatorenal,1,1,6.907755278982137
9586,cardiokidney,1,1,6.907755278982137
9587,cardiolink,1,1,6.907755278982137
9588,cardiolipin,1,1,6.907755278982137
9589,cardiorenometabolic,1,1,6.907755278982137
9590,cardiorenoprotective,1,1,6.907755278982137
9591,cardiotoxicity,1,1,6.907755278982137
9592,cards,1,1,6.907755278982137
9593,caring,1,1,6.907755278982137
9594,cariogenic,1,1,6.907755278982137
9595,carlo,1,1,6.907755278982137
9596,carnitine,1,1,6.907755278982137
9597,carrierfamily,1,1,6.907755278982137
9598,cart,1,1,6.907755278982137
9599,casein,1,1,6.907755278982137
9600,cast,1,1,6.907755278982137
9601,cat,1,1,6.907755278982137
9602,catalase,1,1,6.907755278982137
9603,catalogue,1,1,6.907755278982137
9604,cataloguing,1,1,6.907755278982137
9605,catalyzed,1,1,6.907755278982137
9606,cataracts,1,1,6.907755278982137
9607,catechol,1,1,6.907755278982137
9608,categorically,1,1,6.907755278982137
9609,categorize,1,1,6.907755278982137
9610,catheterization,1,1,6.907755278982137
9611,cationic,1,1,6.907755278982137
9612,cations,1,1,6.907755278982137
9613,causally,1,1,6.907755278982137
9614,cautionary,1,1,6.907755278982137
9615,caveolae,1,1,6.907755278982137
9616,caveolin,1,1,6.907755278982137
9617,ca²,1,1,6.907755278982137
9618,cb1r,1,1,6.907755278982137
9619,cbm,1,1,6.907755278982137
9620,ccaat,1,1,6.907755278982137
9621,ccr2,1,1,6.907755278982137
9622,cd11b,1,1,6.907755278982137
9623,cd38,1,1,6.907755278982137
9624,cd39,1,1,6.907755278982137
9625,cd4,1,1,6.907755278982137
9626,cd68,1,1,6.907755278982137
9627,cd73,1,1,6.907755278982137
9628,cd8,1,1,6.907755278982137
9629,cd80,1,1,6.907755278982137
9630,cd86,1,1,6.907755278982137
9631,cdca,1,1,6.907755278982137
9632,cdyn,1,1,6.907755278982137
9633,cea,1,1,6.907755278982137
9634,cebq,1,1,6.907755278982137
9635,cect,1,1,6.907755278982137
9636,cellularity,1,1,6.907755278982137
9637,cellulitis,1,1,6.907755278982137
9638,cellulose,1,1,6.907755278982137
9639,censored,1,1,6.907755278982137
9640,centerpiece,1,1,6.907755278982137
9641,ceramide,1,1,6.907755278982137
9642,ceramides,1,1,6.907755278982137
9643,cerebrospinal,1,1,6.907755278982137
9644,cerevisiae,1,1,6.907755278982137
9645,certification,1,1,6.907755278982137
9646,certolizumab,1,1,6.907755278982137
9647,cesarean,1,1,6.907755278982137
9648,cetyl,1,1,6.907755278982137
9649,cfar,1,1,6.907755278982137
9650,cftr,1,1,6.907755278982137
9651,cfu,1,1,6.907755278982137
9652,chaining,1,1,6.907755278982137
9653,chains,1,1,6.907755278982137
9654,chalcogrammus,1,1,6.907755278982137
9655,chalcone,1,1,6.907755278982137
9656,championing,1,1,6.907755278982137
9657,characterisation,1,1,6.907755278982137
9658,characterises,1,1,6.907755278982137
9659,characterizes,1,1,6.907755278982137
9660,characterizing,1,1,6.907755278982137
9661,charged,1,1,6.907755278982137
9662,charlson,1,1,6.907755278982137
9663,charts,1,1,6.907755278982137
9664,checks,1,1,6.907755278982137
9665,cheeks,1,1,6.907755278982137
9666,chelation,1,1,6.907755278982137
9667,chemoattractant,1,1,6.907755278982137
9668,chemoprevention,1,1,6.907755278982137
9669,chemopreventive,1,1,6.907755278982137
9670,chemosensing,1,1,6.907755278982137
9671,chemosensitivity,1,1,6.907755278982137
9672,ches,1,1,6.907755278982137
9673,cheung,1,1,6.907755278982137
9674,chewing,1,1,6.907755278982137
9675,chicory,1,1,6.907755278982137
9676,chictr,1,1,6.907755278982137
9677,chictr2500111569,1,1,6.907755278982137
9678,chictr2600116148,1,1,6.907755278982137
9679,chictr2600123803,1,1,6.907755278982137
9680,chiglitazar,1,1,6.907755278982137
9681,childbearing,1,1,6.907755278982137
9682,childress,1,1,6.907755278982137
9683,chinensis,1,1,6.907755278982137
9684,chitosan,1,1,6.907755278982137
9685,chlorhexidine,1,1,6.907755278982137
9686,chloride,1,1,6.907755278982137
9687,chlorpromazine,1,1,6.907755278982137
9688,choices,1,1,6.907755278982137
9689,cholangiopancreatography,1,1,6.907755278982137
9690,cholecalciferol,1,1,6.907755278982137
9691,cholestasis,1,1,6.907755278982137
9692,cholic,1,1,6.907755278982137
9693,chondrocytes,1,1,6.907755278982137
9694,chondroprotective,1,1,6.907755278982137
9695,choosing,1,1,6.907755278982137
9696,chorionic,1,1,6.907755278982137
9697,chosen,1,1,6.907755278982137
9698,chrebp,1,1,6.907755278982137
9699,christensenella,1,1,6.907755278982137
9700,chromium,1,1,6.907755278982137
9701,chronification,1,1,6.907755278982137
9702,cicatricial,1,1,6.907755278982137
9703,cigarette,1,1,6.907755278982137
9704,ciliopathy,1,1,6.907755278982137
9705,cinema,1,1,6.907755278982137
9706,cinnamon,1,1,6.907755278982137
9707,circulations,1,1,6.907755278982137
9708,circumflex,1,1,6.907755278982137
9709,circumventricular,1,1,6.907755278982137
9710,cisplatin,1,1,6.907755278982137
9711,cite,1,1,6.907755278982137
9712,citespace,1,1,6.907755278982137
9713,citizens,1,1,6.907755278982137
9714,ckms,1,1,6.907755278982137
9715,cl,1,1,6.907755278982137
9716,clad,1,1,6.907755278982137
9717,clarification,1,1,6.907755278982137
9718,clarifies,1,1,6.907755278982137
9719,clarivate,1,1,6.907755278982137
9720,classifiable,1,1,6.907755278982137
9721,classifications,1,1,6.907755278982137
9722,claudin,1,1,6.907755278982137
9723,clazakizumab,1,1,6.907755278982137
9724,clean,1,1,6.907755278982137
9725,cleared,1,1,6.907755278982137
9726,clearest,1,1,6.907755278982137
9727,cleavage,1,1,6.907755278982137
9728,cleaved,1,1,6.907755278982137
9729,click,1,1,6.907755278982137
9730,climate,1,1,6.907755278982137
9731,clindamycin,1,1,6.907755278982137
9732,clinformatics,1,1,6.907755278982137
9733,clinicaltrialsregister,1,1,6.907755278982137
9734,clinico,1,1,6.907755278982137
9735,clinicopathological,1,1,6.907755278982137
9736,clinics,1,1,6.907755278982137
9737,clocks,1,1,6.907755278982137
9738,clomiphene,1,1,6.907755278982137
9739,clonal,1,1,6.907755278982137
9740,clonazepam,1,1,6.907755278982137
9741,clone,1,1,6.907755278982137
9742,closest,1,1,6.907755278982137
9743,clostridiaceae,1,1,6.907755278982137
9744,clp,1,1,6.907755278982137
9745,cm2,1,1,6.907755278982137
9746,cmr,1,1,6.907755278982137
9747,cmtb,1,1,6.907755278982137
9748,cnki,1,1,6.907755278982137
9749,co2e,1,1,6.907755278982137
9750,coacervate,1,1,6.907755278982137
9751,coacervates,1,1,6.907755278982137
9752,coaches,1,1,6.907755278982137
9753,coagulation,1,1,6.907755278982137
9754,coagulopathy,1,1,6.907755278982137
9755,coating,1,1,6.907755278982137
9756,coders,1,1,6.907755278982137
9757,coefficient,1,1,6.907755278982137
9758,coercion,1,1,6.907755278982137
9759,cognition,1,1,6.907755278982137
9760,cohesion,1,1,6.907755278982137
9761,coincided,1,1,6.907755278982137
9762,col1a1,1,1,6.907755278982137
9763,collaborating,1,1,6.907755278982137
9764,collaborations,1,1,6.907755278982137
9765,collapsing,1,1,6.907755278982137
9766,collating,1,1,6.907755278982137
9767,colleagues,1,1,6.907755278982137
9768,college,1,1,6.907755278982137
9769,collinsella,1,1,6.907755278982137
9770,colloidal,1,1,6.907755278982137
9771,colocalization,1,1,6.907755278982137
9772,columbia,1,1,6.907755278982137
9773,column,1,1,6.907755278982137
9774,columns,1,1,6.907755278982137
9775,coma,1,1,6.907755278982137
9776,combat,1,1,6.907755278982137
9777,combinatorial,1,1,6.907755278982137
9778,comisa,1,1,6.907755278982137
9779,commend,1,1,6.907755278982137
9780,commended,1,1,6.907755278982137
9781,commensals,1,1,6.907755278982137
9782,comment,1,1,6.907755278982137
9783,comments,1,1,6.907755278982137
9784,commissioned,1,1,6.907755278982137
9785,committees,1,1,6.907755278982137
9786,committing,1,1,6.907755278982137
9787,communicatively,1,1,6.907755278982137
9788,comparably,1,1,6.907755278982137
9789,compartmental,1,1,6.907755278982137
9790,compartmentalization,1,1,6.907755278982137
9791,compass,1,1,6.907755278982137
9792,compels,1,1,6.907755278982137
9793,compendium,1,1,6.907755278982137
9794,competency,1,1,6.907755278982137
9795,competition,1,1,6.907755278982137
9796,compiled,1,1,6.907755278982137
9797,complementarily,1,1,6.907755278982137
9798,complemented,1,1,6.907755278982137
9799,complementing,1,1,6.907755278982137
9800,completeness,1,1,6.907755278982137
9801,complicates,1,1,6.907755278982137
9802,complies,1,1,6.907755278982137
9803,composed,1,1,6.907755278982137
9804,composites,1,1,6.907755278982137
9805,compositi,1,1,6.907755278982137
9806,compositional,1,1,6.907755278982137
9807,comprehension,1,1,6.907755278982137
9808,compressing,1,1,6.907755278982137
9809,compressive,1,1,6.907755278982137
9810,compromise,1,1,6.907755278982137
9811,computable,1,1,6.907755278982137
9812,computatıonal,1,1,6.907755278982137
9813,computerized,1,1,6.907755278982137
9814,conceals,1,1,6.907755278982137
9815,concentrate,1,1,6.907755278982137
9816,concentric,1,1,6.907755278982137
9817,conceptualisation,1,1,6.907755278982137
9818,conceptualization,1,1,6.907755278982137
9819,conceptualizations,1,1,6.907755278982137
9820,conceptualize,1,1,6.907755278982137
9821,conceptualizes,1,1,6.907755278982137
9822,concise,1,1,6.907755278982137
9823,concluded,1,1,6.907755278982137
9824,concluding,1,1,6.907755278982137
9825,conclusionexternal,1,1,6.907755278982137
9826,conclusionglp,1,1,6.907755278982137
9827,conclusionin,1,1,6.907755278982137
9828,conclusionperioperative,1,1,6.907755278982137
9829,conclusionspharmacovigilance,1,1,6.907755278982137
9830,conclusionsthe,1,1,6.907755278982137
9831,concordance,1,1,6.907755278982137
9832,conditioning,1,1,6.907755278982137
9833,conduct,1,1,6.907755278982137
9834,conduction,1,1,6.907755278982137
9835,conductive,1,1,6.907755278982137
9836,conferences,1,1,6.907755278982137
9837,confersuperior,1,1,6.907755278982137
9838,confines,1,1,6.907755278982137
9839,confirmatory,1,1,6.907755278982137
9840,conflicts,1,1,6.907755278982137
9841,conformationally,1,1,6.907755278982137
9842,confronting,1,1,6.907755278982137
9843,confusa,1,1,6.907755278982137
9844,confusion,1,1,6.907755278982137
9845,congeners,1,1,6.907755278982137
9846,congress,1,1,6.907755278982137
9847,connection,1,1,6.907755278982137
9848,connections,1,1,6.907755278982137
9849,connectivity,1,1,6.907755278982137
9850,conscious,1,1,6.907755278982137
9851,consented,1,1,6.907755278982137
9852,conservation,1,1,6.907755278982137
9853,considers,1,1,6.907755278982137
9854,consolidated,1,1,6.907755278982137
9855,consolidates,1,1,6.907755278982137
9856,consort,1,1,6.907755278982137
9857,consortia,1,1,6.907755278982137
9858,conspire,1,1,6.907755278982137
9859,constituent,1,1,6.907755278982137
9860,constitutively,1,1,6.907755278982137
9861,constrains,1,1,6.907755278982137
9862,constraint,1,1,6.907755278982137
9863,constrictor,1,1,6.907755278982137
9864,constructing,1,1,6.907755278982137
9865,construction,1,1,6.907755278982137
9866,constructions,1,1,6.907755278982137
9867,consultations,1,1,6.907755278982137
9868,contemplating,1,1,6.907755278982137
9869,contested,1,1,6.907755278982137
9870,contextualization,1,1,6.907755278982137
9871,contextualized,1,1,6.907755278982137
9872,contingent,1,1,6.907755278982137
9873,continual,1,1,6.907755278982137
9874,contour,1,1,6.907755278982137
9875,contraceptives,1,1,6.907755278982137
9876,contracted,1,1,6.907755278982137
9877,contracts,1,1,6.907755278982137
9878,contradict,1,1,6.907755278982137
9879,contralateral,1,1,6.907755278982137
9880,contransporter,1,1,6.907755278982137
9881,contrasted,1,1,6.907755278982137
9882,control2,1,1,6.907755278982137
9883,convenience,1,1,6.907755278982137
9884,convenient,1,1,6.907755278982137
9885,converges,1,1,6.907755278982137
9886,conversions,1,1,6.907755278982137
9887,convertase,1,1,6.907755278982137
9888,cooperative,1,1,6.907755278982137
9889,coordinately,1,1,6.907755278982137
9890,copay,1,1,6.907755278982137
9891,copenhagen,1,1,6.907755278982137
9892,coping,1,1,6.907755278982137
9893,coproporphyrin,1,1,6.907755278982137
9894,coptis,1,1,6.907755278982137
9895,coq10,1,1,6.907755278982137
9896,cor,1,1,6.907755278982137
9897,cord,1,1,6.907755278982137
9898,cornerstones,1,1,6.907755278982137
9899,coronavirus,1,1,6.907755278982137
9900,corporation,1,1,6.907755278982137
9901,correlating,1,1,6.907755278982137
9902,correlational,1,1,6.907755278982137
9903,correlative,1,1,6.907755278982137
9904,correspond,1,1,6.907755278982137
9905,corroborates,1,1,6.907755278982137
9906,corticosterone,1,1,6.907755278982137
9907,cortisol,1,1,6.907755278982137
9908,cough,1,1,6.907755278982137
9909,coulomb,1,1,6.907755278982137
9910,council,1,1,6.907755278982137
9911,counsel,1,1,6.907755278982137
9912,counseled,1,1,6.907755278982137
9913,counteracted,1,1,6.907755278982137
9914,counterbalance,1,1,6.907755278982137
9915,counterbalanced,1,1,6.907755278982137
9916,countermeasure,1,1,6.907755278982137
9917,county,1,1,6.907755278982137
9918,courses,1,1,6.907755278982137
9919,cov,1,1,6.907755278982137
9920,covariance,1,1,6.907755278982137
9921,covariate,1,1,6.907755278982137
9922,co₂e,1,1,6.907755278982137
9923,cpg,1,1,6.907755278982137
9924,cpt,1,1,6.907755278982137
9925,cpt1,1,1,6.907755278982137
9926,cradle,1,1,6.907755278982137
9927,craniopharyngioma,1,1,6.907755278982137
9928,crates,1,1,6.907755278982137
9929,crd42023473875,1,1,6.907755278982137
9930,crd42024505558,1,1,6.907755278982137
9931,crd420251024082,1,1,6.907755278982137
9932,crd420251034652,1,1,6.907755278982137
9933,crd420251074381,1,1,6.907755278982137
9934,crd420251077729,1,1,6.907755278982137
9935,crd420251079970,1,1,6.907755278982137
9936,crd420251110220,1,1,6.907755278982137
9937,crd420251130232,1,1,6.907755278982137
9938,crd420251139475,1,1,6.907755278982137
9939,crd420251149266,1,1,6.907755278982137
9940,crd420251155026,1,1,6.907755278982137
9941,crd420251162316,1,1,6.907755278982137
9942,crd420251176164,1,1,6.907755278982137
9943,crd420251183938,1,1,6.907755278982137
9944,crd420251231137,1,1,6.907755278982137
9945,crd420251270326,1,1,6.907755278982137
9946,crd42025644064,1,1,6.907755278982137
9947,crd42025645378,1,1,6.907755278982137
9948,crd420261279841,1,1,6.907755278982137
9949,crd420261320374,1,1,6.907755278982137
9950,crd420261320840,1,1,6.907755278982137
9951,crd420261321430,1,1,6.907755278982137
9952,crd420261352699,1,1,6.907755278982137
9953,crd420261354941,1,1,6.907755278982137
9954,crd420261360886,1,1,6.907755278982137
9955,crd420261385854,1,1,6.907755278982137
9956,crd420261414637,1,1,6.907755278982137
9957,creation,1,1,6.907755278982137
9958,credence,1,1,6.907755278982137
9959,creert2,1,1,6.907755278982137
9960,cris,1,1,6.907755278982137
9961,crispatus,1,1,6.907755278982137
9962,crispr,1,1,6.907755278982137
9963,critiques,1,1,6.907755278982137
9964,crossbred,1,1,6.907755278982137
9965,crossed,1,1,6.907755278982137
9966,crosslink,1,1,6.907755278982137
9967,crosslinking,1,1,6.907755278982137
9968,crush,1,1,6.907755278982137
9969,crv431,1,1,6.907755278982137
9970,crystal,1,1,6.907755278982137
9971,csa,1,1,6.907755278982137
9972,ctn,1,1,6.907755278982137
9973,ctr20233198,1,1,6.907755278982137
9974,cubic,1,1,6.907755278982137
9975,cug,1,1,6.907755278982137
9976,culprit,1,1,6.907755278982137
9977,cultivar,1,1,6.907755278982137
9978,cultivars,1,1,6.907755278982137
9979,culturally,1,1,6.907755278982137
9980,cultured,1,1,6.907755278982137
9981,cuprizone,1,1,6.907755278982137
9982,cur,1,1,6.907755278982137
9983,curated,1,1,6.907755278982137
9984,currents,1,1,6.907755278982137
9985,curriculum,1,1,6.907755278982137
9986,custom,1,1,6.907755278982137
9987,cutoff,1,1,6.907755278982137
9988,cwe,1,1,6.907755278982137
9989,cxcr4,1,1,6.907755278982137
9990,cy,1,1,6.907755278982137
9991,cyano,1,1,6.907755278982137
9992,cyanocobalamin,1,1,6.907755278982137
9993,cyclin,1,1,6.907755278982137
9994,cycling,1,1,6.907755278982137
9995,cyclization,1,1,6.907755278982137
9996,cyp,1,1,6.907755278982137
9997,cyp2c9,1,1,6.907755278982137
9998,cyp7a1,1,1,6.907755278982137
9999,cyrtonema,1,1,6.907755278982137
10000,cyst,1,1,6.907755278982137
10001,cystatin,1,1,6.907755278982137
10002,cytoarchitecture,1,1,6.907755278982137
10003,cytokeratin,1,1,6.907755278982137
10004,cytoplasm,1,1,6.907755278982137
10005,cytoprotective,1,1,6.907755278982137
10006,cytotoxicity,1,1,6.907755278982137
10007,d1,1,1,6.907755278982137
10008,d3,1,1,6.907755278982137
10009,damaging,1,1,6.907755278982137
10010,dampen,1,1,6.907755278982137
10011,dampening,1,1,6.907755278982137
10012,dampens,1,1,6.907755278982137
10013,dapa,1,1,6.907755278982137
10014,dapi,1,1,6.907755278982137
10015,daprodustat,1,1,6.907755278982137
10016,datalink,1,1,6.907755278982137
10017,dc,1,1,6.907755278982137
10018,dcct,1,1,6.907755278982137
10019,ddi,1,1,6.907755278982137
10020,ddis,1,1,6.907755278982137
10021,ddp,1,1,6.907755278982137
10022,deactivation,1,1,6.907755278982137
10023,debated,1,1,6.907755278982137
10024,deceleration,1,1,6.907755278982137
10025,decisive,1,1,6.907755278982137
10026,declaration,1,1,6.907755278982137
10027,declaring,1,1,6.907755278982137
10028,declining,1,1,6.907755278982137
10029,decode,1,1,6.907755278982137
10030,decomposed,1,1,6.907755278982137
10031,decompression,1,1,6.907755278982137
10032,decongestants,1,1,6.907755278982137
10033,decongestion,1,1,6.907755278982137
10034,deconjugation,1,1,6.907755278982137
10035,decoration,1,1,6.907755278982137
10036,decoupling,1,1,6.907755278982137
10037,dedoose,1,1,6.907755278982137
10038,deduplicated,1,1,6.907755278982137
10039,deemed,1,1,6.907755278982137
10040,defaults,1,1,6.907755278982137
10041,defences,1,1,6.907755278982137
10042,defended,1,1,6.907755278982137
10043,defensible,1,1,6.907755278982137
10044,defines,1,1,6.907755278982137
10045,definite,1,1,6.907755278982137
10046,defocus,1,1,6.907755278982137
10047,degraded,1,1,6.907755278982137
10048,dehydroepiandrosterone,1,1,6.907755278982137
10049,deintensification,1,1,6.907755278982137
10050,delegate,1,1,6.907755278982137
10051,deleted,1,1,6.907755278982137
10052,deliberate,1,1,6.907755278982137
10053,delineating,1,1,6.907755278982137
10054,delineation,1,1,6.907755278982137
10055,delocalized,1,1,6.907755278982137
10056,delphinidin,1,1,6.907755278982137
10057,demethoxycurcumin,1,1,6.907755278982137
10058,demethylase,1,1,6.907755278982137
10059,demográfica,1,1,6.907755278982137
10060,demonstrable,1,1,6.907755278982137
10061,demoted,1,1,6.907755278982137
10062,demyelination,1,1,6.907755278982137
10063,denaturant,1,1,6.907755278982137
10064,denifanstat,1,1,6.907755278982137
10065,deoxycalyxin,1,1,6.907755278982137
10066,deoxyribonucleic,1,1,6.907755278982137
10067,depleted,1,1,6.907755278982137
10068,deployable,1,1,6.907755278982137
10069,deployed,1,1,6.907755278982137
10070,depolarization,1,1,6.907755278982137
10071,deposits,1,1,6.907755278982137
10072,deprivation,1,1,6.907755278982137
10073,derives,1,1,6.907755278982137
10074,dermatologist,1,1,6.907755278982137
10075,dermatosis,1,1,6.907755278982137
10076,dermis,1,1,6.907755278982137
10077,dersimonian,1,1,6.907755278982137
10078,desaturation,1,1,6.907755278982137
10079,desc,1,1,6.907755278982137
10080,descending,1,1,6.907755278982137
10081,descriptors,1,1,6.907755278982137
10082,desensitization,1,1,6.907755278982137
10083,deserve,1,1,6.907755278982137
10084,desiccation,1,1,6.907755278982137
10085,designated,1,1,6.907755278982137
10086,destabilization,1,1,6.907755278982137
10087,destabilizes,1,1,6.907755278982137
10088,detectably,1,1,6.907755278982137
10089,detent,1,1,6.907755278982137
10090,deteriorate,1,1,6.907755278982137
10091,deteriorates,1,1,6.907755278982137
10092,determination,1,1,6.907755278982137
10093,detrimental,1,1,6.907755278982137
10094,devastating,1,1,6.907755278982137
10095,developers,1,1,6.907755278982137
10096,deviations,1,1,6.907755278982137
10097,dexa,1,1,6.907755278982137
10098,dexcom,1,1,6.907755278982137
10099,dextran,1,1,6.907755278982137
10100,dextromethorphan,1,1,6.907755278982137
10101,dextrose,1,1,6.907755278982137
10102,dfa,1,1,6.907755278982137
10103,dfs,1,1,6.907755278982137
10104,dia,1,1,6.907755278982137
10105,diabetics,1,1,6.907755278982137
10106,diabetogenic,1,1,6.907755278982137
10107,diabetologia,1,1,6.907755278982137
10108,diabetology,1,1,6.907755278982137
10109,diadema,1,1,6.907755278982137
10110,diagnose,1,1,6.907755278982137
10111,dialysate,1,1,6.907755278982137
10112,dialyzing,1,1,6.907755278982137
10113,diamidino,1,1,6.907755278982137
10114,diap,1,1,6.907755278982137
10115,diaphoresis,1,1,6.907755278982137
10116,diary,1,1,6.907755278982137
10117,diarylheptanoids,1,1,6.907755278982137
10118,dichotomized,1,1,6.907755278982137
10119,dictate,1,1,6.907755278982137
10120,dictated,1,1,6.907755278982137
10121,diene,1,1,6.907755278982137
10122,differentiate,1,1,6.907755278982137
10123,differentiates,1,1,6.907755278982137
10124,differentiator,1,1,6.907755278982137
10125,differently,1,1,6.907755278982137
10126,difficulty,1,1,6.907755278982137
10127,difluoroacetic,1,1,6.907755278982137
10128,digesting,1,1,6.907755278982137
10129,digit,1,1,6.907755278982137
10130,dihydrobiopterin,1,1,6.907755278982137
10131,dihydrotestosterone,1,1,6.907755278982137
10132,dilator,1,1,6.907755278982137
10133,dilute,1,1,6.907755278982137
10134,dilution,1,1,6.907755278982137
10135,dimensionality,1,1,6.907755278982137
10136,dimethyl,1,1,6.907755278982137
10137,dimethylformamide,1,1,6.907755278982137
10138,dimorphic,1,1,6.907755278982137
10139,dims,1,1,6.907755278982137
10140,dip,1,1,6.907755278982137
10141,diploma,1,1,6.907755278982137
10142,directing,1,1,6.907755278982137
10143,directory,1,1,6.907755278982137
10144,directs,1,1,6.907755278982137
10145,dis,1,1,6.907755278982137
10146,disadvantage,1,1,6.907755278982137
10147,disadvantaged,1,1,6.907755278982137
10148,disagree,1,1,6.907755278982137
10149,disagreement,1,1,6.907755278982137
10150,disambiguate,1,1,6.907755278982137
10151,disappeared,1,1,6.907755278982137
10152,disclosed,1,1,6.907755278982137
10153,discloses,1,1,6.907755278982137
10154,disclosures,1,1,6.907755278982137
10155,discomforting,1,1,6.907755278982137
10156,discordance,1,1,6.907755278982137
10157,discordant,1,1,6.907755278982137
10158,discourages,1,1,6.907755278982137
10159,discovered,1,1,6.907755278982137
10160,discrepancies,1,1,6.907755278982137
10161,discrete,1,1,6.907755278982137
10162,discriminating,1,1,6.907755278982137
10163,diseases6,1,1,6.907755278982137
10164,disentangling,1,1,6.907755278982137
10165,disintegrating,1,1,6.907755278982137
10166,disordersand,1,1,6.907755278982137
10167,dispense,1,1,6.907755278982137
10168,dispensings,1,1,6.907755278982137
10169,displaying,1,1,6.907755278982137
10170,disruptive,1,1,6.907755278982137
10171,disruptors,1,1,6.907755278982137
10172,dissected,1,1,6.907755278982137
10173,dissection,1,1,6.907755278982137
10174,dissociable,1,1,6.907755278982137
10175,dissociate,1,1,6.907755278982137
10176,dissociates,1,1,6.907755278982137
10177,dissociating,1,1,6.907755278982137
10178,dissolution,1,1,6.907755278982137
10179,dissolving,1,1,6.907755278982137
10180,distances,1,1,6.907755278982137
10181,distinctions,1,1,6.907755278982137
10182,distinctiveness,1,1,6.907755278982137
10183,distortion,1,1,6.907755278982137
10184,district,1,1,6.907755278982137
10185,diterpenoid,1,1,6.907755278982137
10186,diterpenoids,1,1,6.907755278982137
10187,dithiothreitol,1,1,6.907755278982137
10188,dive,1,1,6.907755278982137
10189,diverge,1,1,6.907755278982137
10190,divergences,1,1,6.907755278982137
10191,diversion,1,1,6.907755278982137
10192,diverts,1,1,6.907755278982137
10193,division,1,1,6.907755278982137
10194,divorced,1,1,6.907755278982137
10195,dizziness,1,1,6.907755278982137
10196,dj,1,1,6.907755278982137
10197,dlqi,1,1,6.907755278982137
10198,dmds,1,1,6.907755278982137
10199,dmso,1,1,6.907755278982137
10200,dmxaa,1,1,6.907755278982137
10201,dnl,1,1,6.907755278982137
10202,doc,1,1,6.907755278982137
10203,docked,1,1,6.907755278982137
10204,doing,1,1,6.907755278982137
10205,dollar,1,1,6.907755278982137
10206,dominance,1,1,6.907755278982137
10207,dominantly,1,1,6.907755278982137
10208,dominating,1,1,6.907755278982137
10209,donepezil,1,1,6.907755278982137
10210,dorper,1,1,6.907755278982137
10211,dorsal,1,1,6.907755278982137
10212,dorsi,1,1,6.907755278982137
10213,doubling,1,1,6.907755278982137
10214,downregulate,1,1,6.907755278982137
10215,dpard,1,1,6.907755278982137
10216,drafting,1,1,6.907755278982137
10217,drain,1,1,6.907755278982137
10218,draining,1,1,6.907755278982137
10219,drank,1,1,6.907755278982137
10220,dream,1,1,6.907755278982137
10221,drift,1,1,6.907755278982137
10222,dronabinol,1,1,6.907755278982137
10223,drop,1,1,6.907755278982137
10224,droplets,1,1,6.907755278982137
10225,dropout,1,1,6.907755278982137
10226,drove,1,1,6.907755278982137
10227,drummond,1,1,6.907755278982137
10228,dry,1,1,6.907755278982137
10229,dsc,1,1,6.907755278982137
10230,dsmi,1,1,6.907755278982137
10231,dts,1,1,6.907755278982137
10232,duality,1,1,6.907755278982137
10233,dumping,1,1,6.907755278982137
10234,dunedinpace,1,1,6.907755278982137
10235,duodenum,1,1,6.907755278982137
10236,duty,1,1,6.907755278982137
10237,dwat,1,1,6.907755278982137
10238,dynamin,1,1,6.907755278982137
10239,dynasty,1,1,6.907755278982137
10240,dysarthria,1,1,6.907755278982137
10241,dysesthesia,1,1,6.907755278982137
10242,dysesthesias,1,1,6.907755278982137
10243,dysfunctionassociated,1,1,6.907755278982137
10244,dysfunctions,1,1,6.907755278982137
10245,dysglycemic,1,1,6.907755278982137
10246,dyslipidaemic,1,1,6.907755278982137
10247,dysmotility,1,1,6.907755278982137
10248,dyspepsia,1,1,6.907755278982137
10249,dysphonia,1,1,6.907755278982137
10250,dyspnoea,1,1,6.907755278982137
10251,e10,1,1,6.907755278982137
10252,e12,1,1,6.907755278982137
10253,ease,1,1,6.907755278982137
10254,easier,1,1,6.907755278982137
10255,eastern,1,1,6.907755278982137
10256,eb05,1,1,6.907755278982137
10257,ebm,1,1,6.907755278982137
10258,ebmts,1,1,6.907755278982137
10259,ebpα,1,1,6.907755278982137
10260,ebsco,1,1,6.907755278982137
10261,echocardiographic,1,1,6.907755278982137
10262,echomri,1,1,6.907755278982137
10263,ecim,1,1,6.907755278982137
10264,economically,1,1,6.907755278982137
10265,economics,1,1,6.907755278982137
10266,economy,1,1,6.907755278982137
10267,ecpo,1,1,6.907755278982137
10268,eczema,1,1,6.907755278982137
10269,edds,1,1,6.907755278982137
10270,edible,1,1,6.907755278982137
10271,editing,1,1,6.907755278982137
10272,edition,1,1,6.907755278982137
10273,editors,1,1,6.907755278982137
10274,edmonton,1,1,6.907755278982137
10275,eds,1,1,6.907755278982137
10276,edss,1,1,6.907755278982137
10277,educating,1,1,6.907755278982137
10278,edv,1,1,6.907755278982137
10279,eef1a1,1,1,6.907755278982137
10280,ef,1,1,6.907755278982137
10281,efad,1,1,6.907755278982137
10282,efferent,1,1,6.907755278982137
10283,efficacyof,1,1,6.907755278982137
10284,efficiently,1,1,6.907755278982137
10285,efruxifermin,1,1,6.907755278982137
10286,eged,1,1,6.907755278982137
10287,egg,1,1,6.907755278982137
10288,eggshell,1,1,6.907755278982137
10289,egypt,1,1,6.907755278982137
10290,ei,1,1,6.907755278982137
10291,eicosatetraenoic,1,1,6.907755278982137
10292,eicosatrienoic,1,1,6.907755278982137
10293,eighty,1,1,6.907755278982137
10294,elaborated,1,1,6.907755278982137
10295,elaborates,1,1,6.907755278982137
10296,elastographic,1,1,6.907755278982137
10297,electric,1,1,6.907755278982137
10298,electrically,1,1,6.907755278982137
10299,electrocardiography,1,1,6.907755278982137
10300,electrolytes,1,1,6.907755278982137
10301,electromagnetic,1,1,6.907755278982137
10302,electrophoresis,1,1,6.907755278982137
10303,electrophysiologic,1,1,6.907755278982137
10304,electrospinning,1,1,6.907755278982137
10305,electrospun,1,1,6.907755278982137
10306,electrostatics,1,1,6.907755278982137
10307,elegantly,1,1,6.907755278982137
10308,elevate,1,1,6.907755278982137
10309,elevating,1,1,6.907755278982137
10310,elicit,1,1,6.907755278982137
10311,eliminated,1,1,6.907755278982137
10312,eliminates,1,1,6.907755278982137
10313,eliminating,1,1,6.907755278982137
10314,elixhauser,1,1,6.907755278982137
10315,ellagitannins,1,1,6.907755278982137
10316,elsevier,1,1,6.907755278982137
10317,elucidates,1,1,6.907755278982137
10318,elucidation,1,1,6.907755278982137
10319,elution,1,1,6.907755278982137
10320,embedding,1,1,6.907755278982137
10321,embryonic,1,1,6.907755278982137
10322,emergencies,1,1,6.907755278982137
10323,emesis,1,1,6.907755278982137
10324,emotive,1,1,6.907755278982137
10325,empa,1,1,6.907755278982137
10326,emperor,1,1,6.907755278982137
10327,emphasise,1,1,6.907755278982137
10328,emphasised,1,1,6.907755278982137
10329,emphasises,1,1,6.907755278982137
10330,empiric,1,1,6.907755278982137
10331,employs,1,1,6.907755278982137
10332,emps,1,1,6.907755278982137
10333,emr,1,1,6.907755278982137
10334,emulate,1,1,6.907755278982137
10335,emulating,1,1,6.907755278982137
10336,emulations,1,1,6.907755278982137
10337,emulsifying,1,1,6.907755278982137
10338,emulsion,1,1,6.907755278982137
10339,enacted,1,1,6.907755278982137
10340,enactive,1,1,6.907755278982137
10341,enactment,1,1,6.907755278982137
10342,enc,1,1,6.907755278982137
10343,encapsulated,1,1,6.907755278982137
10344,encapsulating,1,1,6.907755278982137
10345,encephalomyelitis,1,1,6.907755278982137
10346,enchid,1,1,6.907755278982137
10347,encompassed,1,1,6.907755278982137
10348,encountered,1,1,6.907755278982137
10349,encouraged,1,1,6.907755278982137
10350,encuesta,1,1,6.907755278982137
10351,endes,1,1,6.907755278982137
10352,endocannabinoids,1,1,6.907755278982137
10353,endocrinological,1,1,6.907755278982137
10354,endocrinopathies,1,1,6.907755278982137
10355,endocytic,1,1,6.907755278982137
10356,endocytosis,1,1,6.907755278982137
10357,endogenously,1,1,6.907755278982137
10358,endometrium,1,1,6.907755278982137
10359,endopat,1,1,6.907755278982137
10360,endorse,1,1,6.907755278982137
10361,endorses,1,1,6.907755278982137
10362,endorsing,1,1,6.907755278982137
10363,endosomal,1,1,6.907755278982137
10364,endotoxin,1,1,6.907755278982137
10365,endotypes,1,1,6.907755278982137
10366,endotyping,1,1,6.907755278982137
10367,endovascular,1,1,6.907755278982137
10368,energised,1,1,6.907755278982137
10369,enforced,1,1,6.907755278982137
10370,engendered,1,1,6.907755278982137
10371,engines,1,1,6.907755278982137
10372,england,1,1,6.907755278982137
10373,enjoyable,1,1,6.907755278982137
10374,enjoyment,1,1,6.907755278982137
10375,enquire,1,1,6.907755278982137
10376,enrolment,1,1,6.907755278982137
10377,ensmust00000155383,1,1,6.907755278982137
10378,ensuing,1,1,6.907755278982137
10379,ensures,1,1,6.907755278982137
10380,entail,1,1,6.907755278982137
10381,enterocytes,1,1,6.907755278982137
10382,enterocytic,1,1,6.907755278982137
10383,enterohepatic,1,1,6.907755278982137
10384,enteropancreatic,1,1,6.907755278982137
10385,enterprise,1,1,6.907755278982137
10386,entities,1,1,6.907755278982137
10387,entitled,1,1,6.907755278982137
10388,entpd1,1,1,6.907755278982137
10389,entpd3,1,1,6.907755278982137
10390,entrenchment,1,1,6.907755278982137
10391,environments,1,1,6.907755278982137
10392,eosinophilic,1,1,6.907755278982137
10393,epi,1,1,6.907755278982137
10394,epigenome,1,1,6.907755278982137
10395,epistemonikos,1,1,6.907755278982137
10396,eplerenone,1,1,6.907755278982137
10397,eqtl,1,1,6.907755278982137
10398,eqtlgen,1,1,6.907755278982137
10399,equitably,1,1,6.907755278982137
10400,erasing,1,1,6.907755278982137
10401,erk1,1,1,6.907755278982137
10402,eructation,1,1,6.907755278982137
10403,eruptions,1,1,6.907755278982137
10404,erythema,1,1,6.907755278982137
10405,erythropoiesis,1,1,6.907755278982137
10406,esada,1,1,6.907755278982137
10407,esophagectomy,1,1,6.907755278982137
10408,esophagitis,1,1,6.907755278982137
10409,esposure,1,1,6.907755278982137
10410,esr1,1,1,6.907755278982137
10411,essay,1,1,6.907755278982137
10412,esterification,1,1,6.907755278982137
10413,estimable,1,1,6.907755278982137
10414,estimands,1,1,6.907755278982137
10415,estimator,1,1,6.907755278982137
10416,estimators,1,1,6.907755278982137
10417,estrogenic,1,1,6.907755278982137
10418,etc,1,1,6.907755278982137
10419,etco₂,1,1,6.907755278982137
10420,ethanol,1,1,6.907755278982137
10421,ether,1,1,6.907755278982137
10422,ethnopharmacological,1,1,6.907755278982137
10423,ethylene,1,1,6.907755278982137
10424,eubiosis,1,1,6.907755278982137
10425,eudka,1,1,6.907755278982137
10426,euglycaemic,1,1,6.907755278982137
10427,euglycemic,1,1,6.907755278982137
10428,eugonadal,1,1,6.907755278982137
10429,europepmc,1,1,6.907755278982137
10430,euroqol,1,1,6.907755278982137
10431,eus,1,1,6.907755278982137
10432,euthyroid,1,1,6.907755278982137
10433,evade,1,1,6.907755278982137
10434,evaluator,1,1,6.907755278982137
10435,evasion,1,1,6.907755278982137
10436,eventual,1,1,6.907755278982137
10437,evidentiary,1,1,6.907755278982137
10438,evokes,1,1,6.907755278982137
10439,evolves,1,1,6.907755278982137
10440,evs,1,1,6.907755278982137
10441,exacerbate,1,1,6.907755278982137
10442,exacerbates,1,1,6.907755278982137
10443,exacerbating,1,1,6.907755278982137
10444,exaggerated,1,1,6.907755278982137
10445,exceedingly,1,1,6.907755278982137
10446,excellence,1,1,6.907755278982137
10447,exchanger,1,1,6.907755278982137
10448,exchanges,1,1,6.907755278982137
10449,excipient,1,1,6.907755278982137
10450,excitability,1,1,6.907755278982137
10451,executed,1,1,6.907755278982137
10452,execution,1,1,6.907755278982137
10453,executive,1,1,6.907755278982137
10454,exemplifies,1,1,6.907755278982137
10455,exendin9,1,1,6.907755278982137
10456,exercising,1,1,6.907755278982137
10457,exhibiting,1,1,6.907755278982137
10458,exocrine,1,1,6.907755278982137
10459,exome,1,1,6.907755278982137
10460,exosomes,1,1,6.907755278982137
10461,expander,1,1,6.907755278982137
10462,expenditures,1,1,6.907755278982137
10463,expertise,1,1,6.907755278982137
10464,expiry,1,1,6.907755278982137
10465,explainability,1,1,6.907755278982137
10466,explaining,1,1,6.907755278982137
10467,exponentially,1,1,6.907755278982137
10468,exposing,1,1,6.907755278982137
10469,expressions,1,1,6.907755278982137
10470,exquisitely,1,1,6.907755278982137
10471,extant,1,1,6.907755278982137
10472,extensions,1,1,6.907755278982137
10473,extra,1,1,6.907755278982137
10474,extractable,1,1,6.907755278982137
10475,extracutaneous,1,1,6.907755278982137
10476,extraordinary,1,1,6.907755278982137
10477,extremities,1,1,6.907755278982137
10478,extrinsic,1,1,6.907755278982137
10479,extrusion,1,1,6.907755278982137
10480,eyes,1,1,6.907755278982137
10481,ezetimibe,1,1,6.907755278982137
10482,f12,1,1,6.907755278982137
10483,f96,1,1,6.907755278982137
10484,fabrication,1,1,6.907755278982137
10485,faced,1,1,6.907755278982137
10486,facets,1,1,6.907755278982137
10487,facilitating,1,1,6.907755278982137
10488,facilitation,1,1,6.907755278982137
10489,fact,1,1,6.907755278982137
10490,factories,1,1,6.907755278982137
10491,fad,1,1,6.907755278982137
10492,faecalibacterium,1,1,6.907755278982137
10493,faecalicatena,1,1,6.907755278982137
10494,faecousia,1,1,6.907755278982137
10495,failures,1,1,6.907755278982137
10496,falling,1,1,6.907755278982137
10497,falsifiable,1,1,6.907755278982137
10498,familiar,1,1,6.907755278982137
10499,familiarity,1,1,6.907755278982137
10500,fasciculine,1,1,6.907755278982137
10501,fashioning,1,1,6.907755278982137
10502,fasn,1,1,6.907755278982137
10503,fatherhood,1,1,6.907755278982137
10504,fbg,1,1,6.907755278982137
10505,fbxo32,1,1,6.907755278982137
10506,fd,1,1,6.907755278982137
10507,fears,1,1,6.907755278982137
10508,febrile,1,1,6.907755278982137
10509,fedrated,1,1,6.907755278982137
10510,feeds,1,1,6.907755278982137
10511,feet,1,1,6.907755278982137
10512,feno,1,1,6.907755278982137
10513,fertile,1,1,6.907755278982137
10514,ffa,1,1,6.907755278982137
10515,ffar4,1,1,6.907755278982137
10516,ffl,1,1,6.907755278982137
10517,fg,1,1,6.907755278982137
10518,fgf15,1,1,6.907755278982137
10519,fgf23,1,1,6.907755278982137
10520,fibrils,1,1,6.907755278982137
10521,fig,1,1,6.907755278982137
10522,figure,1,1,6.907755278982137
10523,filamin,1,1,6.907755278982137
10524,filler,1,1,6.907755278982137
10525,filling,1,1,6.907755278982137
10526,fills,1,1,6.907755278982137
10527,finite,1,1,6.907755278982137
10528,firing,1,1,6.907755278982137
10529,firmness,1,1,6.907755278982137
10530,fischer,1,1,6.907755278982137
10531,fit,1,1,6.907755278982137
10532,fitbits,1,1,6.907755278982137
10533,fitzpatrick,1,1,6.907755278982137
10534,flagging,1,1,6.907755278982137
10535,flags,1,1,6.907755278982137
10536,flare,1,1,6.907755278982137
10537,flares,1,1,6.907755278982137
10538,flatness,1,1,6.907755278982137
10539,flavonols,1,1,6.907755278982137
10540,flavored,1,1,6.907755278982137
10541,flexneri,1,1,6.907755278982137
10542,flora,1,1,6.907755278982137
10543,flu,1,1,6.907755278982137
10544,fluids,1,1,6.907755278982137
10545,fmd,1,1,6.907755278982137
10546,fnl,1,1,6.907755278982137
10547,focal,1,1,6.907755278982137
10548,folklore,1,1,6.907755278982137
10549,follicles,1,1,6.907755278982137
10550,folliculogenesis,1,1,6.907755278982137
10551,fondaparinux,1,1,6.907755278982137
10552,foodborne,1,1,6.907755278982137
10553,footnotes,1,1,6.907755278982137
10554,footprints,1,1,6.907755278982137
10555,ford,1,1,6.907755278982137
10556,forefront,1,1,6.907755278982137
10557,forest,1,1,6.907755278982137
10558,forestall,1,1,6.907755278982137
10559,forests,1,1,6.907755278982137
10560,forkhead,1,1,6.907755278982137
10561,formed,1,1,6.907755278982137
10562,formidable,1,1,6.907755278982137
10563,formulary,1,1,6.907755278982137
10564,fortunately,1,1,6.907755278982137
10565,founded,1,1,6.907755278982137
10566,fourier,1,1,6.907755278982137
10567,fourteen,1,1,6.907755278982137
10568,foxo1,1,1,6.907755278982137
10569,foxp3,1,1,6.907755278982137
10570,fqhc,1,1,6.907755278982137
10571,fqhcs,1,1,6.907755278982137
10572,fractionation,1,1,6.907755278982137
10573,fragile,1,1,6.907755278982137
10574,fragments,1,1,6.907755278982137
10575,french,1,1,6.907755278982137
10576,fresenius,1,1,6.907755278982137
10577,frontrunner,1,1,6.907755278982137
10578,fruitful,1,1,6.907755278982137
10579,fruits,1,1,6.907755278982137
10580,fsp1,1,1,6.907755278982137
10581,ftir,1,1,6.907755278982137
10582,fuel,1,1,6.907755278982137
10583,fuels,1,1,6.907755278982137
10584,fulfillment,1,1,6.907755278982137
10585,functionality,1,1,6.907755278982137
10586,functionalization,1,1,6.907755278982137
10587,functioned,1,1,6.907755278982137
10588,funders,1,1,6.907755278982137
10589,fungus,1,1,6.907755278982137
10590,futility,1,1,6.907755278982137
10591,g1,1,1,6.907755278982137
10592,g3b,1,1,6.907755278982137
10593,g6,1,1,6.907755278982137
10594,gabaergic,1,1,6.907755278982137
10595,gadus,1,1,6.907755278982137
10596,galactoside,1,1,6.907755278982137
10597,gallol,1,1,6.907755278982137
10598,ganglia,1,1,6.907755278982137
10599,garlic,1,1,6.907755278982137
10600,gasseri,1,1,6.907755278982137
10601,gastro,1,1,6.907755278982137
10602,gastroplasty,1,1,6.907755278982137
10603,gastroscopy,1,1,6.907755278982137
10604,gastrostomy,1,1,6.907755278982137
10605,gata6,1,1,6.907755278982137
10606,gather,1,1,6.907755278982137
10607,gathered,1,1,6.907755278982137
10608,gathering,1,1,6.907755278982137
10609,gaunt,1,1,6.907755278982137
10610,gavaged,1,1,6.907755278982137
10611,gave,1,1,6.907755278982137
10612,gcase,1,1,6.907755278982137
10613,gcr,1,1,6.907755278982137
10614,gcst90691839,1,1,6.907755278982137
10615,gcst90691840,1,1,6.907755278982137
10616,gcst90691841,1,1,6.907755278982137
10617,gdc,1,1,6.907755278982137
10618,gdf,1,1,6.907755278982137
10619,gdp,1,1,6.907755278982137
10620,generalisability,1,1,6.907755278982137
10621,generalisation,1,1,6.907755278982137
10622,generalize,1,1,6.907755278982137
10623,generations,1,1,6.907755278982137
10624,genomic,1,1,6.907755278982137
10625,genotoxicity,1,1,6.907755278982137
10626,gentamicin,1,1,6.907755278982137
10627,geometries,1,1,6.907755278982137
10628,geriatric,1,1,6.907755278982137
10629,germ,1,1,6.907755278982137
10630,germinal,1,1,6.907755278982137
10631,geroprotectors,1,1,6.907755278982137
10632,geroscience,1,1,6.907755278982137
10633,gerotherapeutics,1,1,6.907755278982137
10634,gfp,1,1,6.907755278982137
10635,gfr,1,1,6.907755278982137
10636,ghba1c,1,1,6.907755278982137
10637,gipra,1,1,6.907755278982137
10638,girl,1,1,6.907755278982137
10639,glasses,1,1,6.907755278982137
10640,glean,1,1,6.907755278982137
10641,glia,1,1,6.907755278982137
10642,gliflozins,1,1,6.907755278982137
10643,glimins,1,1,6.907755278982137
10644,glinides,1,1,6.907755278982137
10645,gliptins,1,1,6.907755278982137
10646,gln221,1,1,6.907755278982137
10647,globe,1,1,6.907755278982137
10648,globular,1,1,6.907755278982137
10649,globulins,1,1,6.907755278982137
10650,glomerulomegaly,1,1,6.907755278982137
10651,glomerulonephritis,1,1,6.907755278982137
10652,glomerulopathy,1,1,6.907755278982137
10653,glomerulosclerosis,1,1,6.907755278982137
10654,glp1a,1,1,6.907755278982137
10655,glpg0974,1,1,6.907755278982137
10656,glucoamylase,1,1,6.907755278982137
10657,glucocorticoids,1,1,6.907755278982137
10658,glucogalactomannans,1,1,6.907755278982137
10659,glucokinase,1,1,6.907755278982137
10660,glucolipid,1,1,6.907755278982137
10661,glucolipotoxic,1,1,6.907755278982137
10662,glucosamine,1,1,6.907755278982137
10663,glucotoxicity,1,1,6.907755278982137
10664,glucuronide,1,1,6.907755278982137
10665,gluredia,1,1,6.907755278982137
10666,glut,1,1,6.907755278982137
10667,glut4,1,1,6.907755278982137
10668,glutamate,1,1,6.907755278982137
10669,glutamine,1,1,6.907755278982137
10670,glutamyl,1,1,6.907755278982137
10671,glycero,1,1,6.907755278982137
10672,glycine,1,1,6.907755278982137
10673,glycodeoxycholate,1,1,6.907755278982137
10674,glycol,1,1,6.907755278982137
10675,glycolic,1,1,6.907755278982137
10676,glycomacropeptide,1,1,6.907755278982137
10677,glymphatic,1,1,6.907755278982137
10678,gmh,1,1,6.907755278982137
10679,gmr,1,1,6.907755278982137
10680,gnina,1,1,6.907755278982137
10681,gnrh,1,1,6.907755278982137
10682,goes,1,1,6.907755278982137
10683,going,1,1,6.907755278982137
10684,golgi,1,1,6.907755278982137
10685,gonadotropins,1,1,6.907755278982137
10686,gone,1,1,6.907755278982137
10687,governance,1,1,6.907755278982137
10688,governs,1,1,6.907755278982137
10689,govnct04652479,1,1,6.907755278982137
10690,gpcrs,1,1,6.907755278982137
10691,gph,1,1,6.907755278982137
10692,gpr120,1,1,6.907755278982137
10693,gpr158,1,1,6.907755278982137
10694,gpr41,1,1,6.907755278982137
10695,gprotein,1,1,6.907755278982137
10696,gq,1,1,6.907755278982137
10697,gra,1,1,6.907755278982137
10698,gradually,1,1,6.907755278982137
10699,grams,1,1,6.907755278982137
10700,grants,1,1,6.907755278982137
10701,granular,1,1,6.907755278982137
10702,granules,1,1,6.907755278982137
10703,granulocytic,1,1,6.907755278982137
10704,granulomatous,1,1,6.907755278982137
10705,graph,1,1,6.907755278982137
10706,graphical,1,1,6.907755278982137
10707,grappa,1,1,6.907755278982137
10708,gravitational,1,1,6.907755278982137
10709,grip,1,1,6.907755278982137
10710,gross,1,1,6.907755278982137
10711,grounding,1,1,6.907755278982137
10712,groundwork,1,1,6.907755278982137
10713,grown,1,1,6.907755278982137
10714,grp78,1,1,6.907755278982137
10715,gsdmd,1,1,6.907755278982137
10716,gsk3β,1,1,6.907755278982137
10717,guanidinium,1,1,6.907755278982137
10718,guanosine,1,1,6.907755278982137
10719,guardians,1,1,6.907755278982137
10720,guardrails,1,1,6.907755278982137
10721,guilds,1,1,6.907755278982137
10722,gwas,1,1,6.907755278982137
10723,gynaecologic,1,1,6.907755278982137
10724,gynaecology,1,1,6.907755278982137
10725,gynecologic,1,1,6.907755278982137
10726,gynecology,1,1,6.907755278982137
10727,gα,1,1,6.907755278982137
10728,h2o2,1,1,6.907755278982137
10729,habitual,1,1,6.907755278982137
10730,haematologic,1,1,6.907755278982137
10731,haematology,1,1,6.907755278982137
10732,haemodynamics,1,1,6.907755278982137
10733,haemolysis,1,1,6.907755278982137
10734,haenszel,1,1,6.907755278982137
10735,hallucinations,1,1,6.907755278982137
10736,halting,1,1,6.907755278982137
10737,halved,1,1,6.907755278982137
10738,handled,1,1,6.907755278982137
10739,hands,1,1,6.907755278982137
10740,hangzhou,1,1,6.907755278982137
10741,haptoglobin,1,1,6.907755278982137
10742,harmful,1,1,6.907755278982137
10743,harmonization,1,1,6.907755278982137
10744,harmony,1,1,6.907755278982137
10745,harms,1,1,6.907755278982137
10746,harness,1,1,6.907755278982137
10747,harnessing,1,1,6.907755278982137
10748,hart,1,1,6.907755278982137
10749,hartung,1,1,6.907755278982137
10750,haugh,1,1,6.907755278982137
10751,hcmec,1,1,6.907755278982137
10752,hdlc,1,1,6.907755278982137
10753,heavier,1,1,6.907755278982137
10754,hec50,1,1,6.907755278982137
10755,heightens,1,1,6.907755278982137
10756,helicity,1,1,6.907755278982137
10757,helios,1,1,6.907755278982137
10758,helped,1,1,6.907755278982137
10759,helper,1,1,6.907755278982137
10760,helpful,1,1,6.907755278982137
10761,helsinki,1,1,6.907755278982137
10762,hematoma,1,1,6.907755278982137
10763,hemiparesis,1,1,6.907755278982137
10764,hemiplegia,1,1,6.907755278982137
10765,hemodiafiltration,1,1,6.907755278982137
10766,hemodynamically,1,1,6.907755278982137
10767,hemoglobinopathy,1,1,6.907755278982137
10768,hemolysis,1,1,6.907755278982137
10769,hemostasis,1,1,6.907755278982137
10770,henry,1,1,6.907755278982137
10771,heparin,1,1,6.907755278982137
10772,hepatically,1,1,6.907755278982137
10773,hepato,1,1,6.907755278982137
10774,hepatobiliary,1,1,6.907755278982137
10775,hepatocyte,1,1,6.907755278982137
10776,hepatokines,1,1,6.907755278982137
10777,heptamer,1,1,6.907755278982137
10778,hepten,1,1,6.907755278982137
10779,herbs,1,1,6.907755278982137
10780,hernia,1,1,6.907755278982137
10781,herringbone,1,1,6.907755278982137
10782,hesitancy,1,1,6.907755278982137
10783,hexamer,1,1,6.907755278982137
10784,hexapeptide,1,1,6.907755278982137
10785,hfc,1,1,6.907755278982137
10786,hfl,1,1,6.907755278982137
10787,hglp,1,1,6.907755278982137
10788,hhsn268200800007c,1,1,6.907755278982137
10789,hhsn268201200036c,1,1,6.907755278982137
10790,hhsn268201800001c,1,1,6.907755278982137
10791,hiapp,1,1,6.907755278982137
10792,hidden,1,1,6.907755278982137
10793,highdefinition,1,1,6.907755278982137
10794,hill,1,1,6.907755278982137
10795,hindbrain,1,1,6.907755278982137
10796,hinder,1,1,6.907755278982137
10797,hindering,1,1,6.907755278982137
10798,hips,1,1,6.907755278982137
10799,hirsutism,1,1,6.907755278982137
10800,histologically,1,1,6.907755278982137
10801,histone,1,1,6.907755278982137
10802,historically,1,1,6.907755278982137
10803,hit,1,1,6.907755278982137
10804,hitherto,1,1,6.907755278982137
10805,hk,1,1,6.907755278982137
10806,hk2,1,1,6.907755278982137
10807,hn001,1,1,6.907755278982137
10808,hn019,1,1,6.907755278982137
10809,holding,1,1,6.907755278982137
10810,hollowing,1,1,6.907755278982137
10811,homes,1,1,6.907755278982137
10812,homogeneous,1,1,6.907755278982137
10813,homologous,1,1,6.907755278982137
10814,hoos,1,1,6.907755278982137
10815,hope,1,1,6.907755278982137
10816,hopping,1,1,6.907755278982137
10817,hos,1,1,6.907755278982137
10818,hospitalised,1,1,6.907755278982137
10819,hosted,1,1,6.907755278982137
10820,hotspots,1,1,6.907755278982137
10821,house,1,1,6.907755278982137
10822,housed,1,1,6.907755278982137
10823,household,1,1,6.907755278982137
10824,housekeeping,1,1,6.907755278982137
10825,housing,1,1,6.907755278982137
10826,hplc,1,1,6.907755278982137
10827,hresims,1,1,6.907755278982137
10828,hrm,1,1,6.907755278982137
10829,hrs9531,1,1,6.907755278982137
10830,hsp,1,1,6.907755278982137
10831,ht2a,1,1,6.907755278982137
10832,ht3,1,1,6.907755278982137
10833,http,1,1,6.907755278982137
10834,hu,1,1,6.907755278982137
10835,hua,1,1,6.907755278982137
10836,huadong,1,1,6.907755278982137
10837,huising,1,1,6.907755278982137
10838,humoral,1,1,6.907755278982137
10839,humour,1,1,6.907755278982137
10840,hurley,1,1,6.907755278982137
10841,hydrastis,1,1,6.907755278982137
10842,hydrocarbon,1,1,6.907755278982137
10843,hydrolysis,1,1,6.907755278982137
10844,hydrophilicity,1,1,6.907755278982137
10845,hydrophobicity,1,1,6.907755278982137
10846,hydrostatic,1,1,6.907755278982137
10847,hydroxide,1,1,6.907755278982137
10848,hydroxybenzyl,1,1,6.907755278982137
10849,hydroxybutyrate,1,1,6.907755278982137
10850,hydroxyindoleacetic,1,1,6.907755278982137
10851,hydroxylase,1,1,6.907755278982137
10852,hydroxyphenyl,1,1,6.907755278982137
10853,hydroxytryptamine,1,1,6.907755278982137
10854,hyperactivity,1,1,6.907755278982137
10855,hyperaemic,1,1,6.907755278982137
10856,hyperalgesia,1,1,6.907755278982137
10857,hyperandrogenism,1,1,6.907755278982137
10858,hypercholesterolaemia,1,1,6.907755278982137
10859,hyperemia,1,1,6.907755278982137
10860,hyperglycolysis,1,1,6.907755278982137
10861,hyperhidrosis,1,1,6.907755278982137
10862,hyperkalemia,1,1,6.907755278982137
10863,hyperkeratotic,1,1,6.907755278982137
10864,hypermethylation,1,1,6.907755278982137
10865,hypermetropic,1,1,6.907755278982137
10866,hyperoxaluria,1,1,6.907755278982137
10867,hyperphosphorylated,1,1,6.907755278982137
10868,hyperpigmentation,1,1,6.907755278982137
10869,hyperreactivity,1,1,6.907755278982137
10870,hypersomnolence,1,1,6.907755278982137
10871,hyperthyroidism,1,1,6.907755278982137
10872,hypertrophic,1,1,6.907755278982137
10873,hypertrophied,1,1,6.907755278982137
10874,hypholomine,1,1,6.907755278982137
10875,hypnopompic,1,1,6.907755278982137
10876,hypocaloric,1,1,6.907755278982137
10877,hypogonadal,1,1,6.907755278982137
10878,hypolipidemic,1,1,6.907755278982137
10879,hypomotility,1,1,6.907755278982137
10880,hypotensive,1,1,6.907755278982137
10881,hypothesise,1,1,6.907755278982137
10882,hypothesised,1,1,6.907755278982137
10883,hypothesize,1,1,6.907755278982137
10884,hölscher,1,1,6.907755278982137
10885,iapp,1,1,6.907755278982137
10886,iba1,1,1,6.907755278982137
10887,ibogaine,1,1,6.907755278982137
10888,ibot,1,1,6.907755278982137
10889,ic025,1,1,6.907755278982137
10890,ic50,1,1,6.907755278982137
10891,iceland,1,1,6.907755278982137
10892,icosapent,1,1,6.907755278982137
10893,icu,1,1,6.907755278982137
10894,ideal,1,1,6.907755278982137
10895,ideals,1,1,6.907755278982137
10896,ideglira,1,1,6.907755278982137
10897,identically,1,1,6.907755278982137
10898,identities,1,1,6.907755278982137
10899,ietsi,1,1,6.907755278982137
10900,ifcc,1,1,6.907755278982137
10901,ignore,1,1,6.907755278982137
10902,iia,1,1,6.907755278982137
10903,iiht,1,1,6.907755278982137
10904,ikk,1,1,6.907755278982137
10905,ikzf2,1,1,6.907755278982137
10906,illegal,1,1,6.907755278982137
10907,illumina,1,1,6.907755278982137
10908,illuminating,1,1,6.907755278982137
10909,illustrate,1,1,6.907755278982137
10910,illustrated,1,1,6.907755278982137
10911,illustrating,1,1,6.907755278982137
10912,illustration,1,1,6.907755278982137
10913,image,1,1,6.907755278982137
10914,imaged,1,1,6.907755278982137
10915,imbalanced,1,1,6.907755278982137
10916,imm,1,1,6.907755278982137
10917,immobilization,1,1,6.907755278982137
10918,immortalised,1,1,6.907755278982137
10919,immortalized,1,1,6.907755278982137
10920,immunoassay,1,1,6.907755278982137
10921,immunocytochemistry,1,1,6.907755278982137
10922,immunology,1,1,6.907755278982137
10923,immunometabolism,1,1,6.907755278982137
10924,immunomodulation,1,1,6.907755278982137
10925,immunoprevention,1,1,6.907755278982137
10926,immunostaining,1,1,6.907755278982137
10927,immunosuppressant,1,1,6.907755278982137
10928,impacted,1,1,6.907755278982137
10929,impactful,1,1,6.907755278982137
10930,impacting,1,1,6.907755278982137
10931,impending,1,1,6.907755278982137
10932,imperfectly,1,1,6.907755278982137
10933,implants,1,1,6.907755278982137
10934,implication,1,1,6.907755278982137
10935,implying,1,1,6.907755278982137
10936,import,1,1,6.907755278982137
10937,importanceobesity,1,1,6.907755278982137
10938,imposed,1,1,6.907755278982137
10939,imprecise,1,1,6.907755278982137
10940,impressions,1,1,6.907755278982137
10941,impressive,1,1,6.907755278982137
10942,imprint,1,1,6.907755278982137
10943,impurity,1,1,6.907755278982137
10944,inaccuracies,1,1,6.907755278982137
10945,inactivation,1,1,6.907755278982137
10946,inactive,1,1,6.907755278982137
10947,inaugural,1,1,6.907755278982137
10948,inbody720,1,1,6.907755278982137
10949,inborn,1,1,6.907755278982137
10950,incarcerations,1,1,6.907755278982137
10951,incentive,1,1,6.907755278982137
10952,inceptions,1,1,6.907755278982137
10953,incidental,1,1,6.907755278982137
10954,incidents,1,1,6.907755278982137
10955,inconsistencies,1,1,6.907755278982137
10956,inconsistency,1,1,6.907755278982137
10957,incontinence,1,1,6.907755278982137
10958,incubations,1,1,6.907755278982137
10959,incur,1,1,6.907755278982137
10960,indefinite,1,1,6.907755278982137
10961,indeterminate,1,1,6.907755278982137
10962,indexed,1,1,6.907755278982137
10963,indian,1,1,6.907755278982137
10964,indicatethat,1,1,6.907755278982137
10965,indicative,1,1,6.907755278982137
10966,indigenous,1,1,6.907755278982137
10967,indirectness,1,1,6.907755278982137
10968,indispensable,1,1,6.907755278982137
10969,individualizing,1,1,6.907755278982137
10970,ineffective,1,1,6.907755278982137
10971,inequitable,1,1,6.907755278982137
10972,infancy,1,1,6.907755278982137
10973,infantile,1,1,6.907755278982137
10974,inflamed,1,1,6.907755278982137
10975,inflection,1,1,6.907755278982137
10976,infliximab,1,1,6.907755278982137
10977,influencer,1,1,6.907755278982137
10978,infodemic,1,1,6.907755278982137
10979,informally,1,1,6.907755278982137
10980,informatics,1,1,6.907755278982137
10981,informing,1,1,6.907755278982137
10982,infrared,1,1,6.907755278982137
10983,ingelheim,1,1,6.907755278982137
10984,ingested,1,1,6.907755278982137
10985,ingredient,1,1,6.907755278982137
10986,inherently,1,1,6.907755278982137
10987,inheritance,1,1,6.907755278982137
10988,initiations,1,1,6.907755278982137
10989,initiative,1,1,6.907755278982137
10990,injected,1,1,6.907755278982137
10991,injuries,1,1,6.907755278982137
10992,innervating,1,1,6.907755278982137
10993,inoscavin,1,1,6.907755278982137
10994,inquire,1,1,6.907755278982137
10995,inquiry,1,1,6.907755278982137
10996,insensitivity,1,1,6.907755278982137
10997,insertion,1,1,6.907755278982137
10998,instagram,1,1,6.907755278982137
10999,instance,1,1,6.907755278982137
11000,instances,1,1,6.907755278982137
11001,instantaneous,1,1,6.907755278982137
11002,institutet,1,1,6.907755278982137
11003,instrips,1,1,6.907755278982137
11004,instructive,1,1,6.907755278982137
11005,instrumented,1,1,6.907755278982137
11006,insulinaemic,1,1,6.907755278982137
11007,insulinemic,1,1,6.907755278982137
11008,insulinogenic,1,1,6.907755278982137
11009,insurer,1,1,6.907755278982137
11010,insurers,1,1,6.907755278982137
11011,integer,1,1,6.907755278982137
11012,integrase,1,1,6.907755278982137
11013,intellectual,1,1,6.907755278982137
11014,intending,1,1,6.907755278982137
11015,intense,1,1,6.907755278982137
11016,intensely,1,1,6.907755278982137
11017,intensifies,1,1,6.907755278982137
11018,intensifying,1,1,6.907755278982137
11019,intent,1,1,6.907755278982137
11020,interacting,1,1,6.907755278982137
11021,interactive,1,1,6.907755278982137
11022,interactome,1,1,6.907755278982137
11023,intercellular,1,1,6.907755278982137
11024,interchangeability,1,1,6.907755278982137
11025,intercohort,1,1,6.907755278982137
11026,interconnections,1,1,6.907755278982137
11027,interconversion,1,1,6.907755278982137
11028,intercurrent,1,1,6.907755278982137
11029,interestingly,1,1,6.907755278982137
11030,interests,1,1,6.907755278982137
11031,interfere,1,1,6.907755278982137
11032,interference,1,1,6.907755278982137
11033,interfering,1,1,6.907755278982137
11034,interim,1,1,6.907755278982137
11035,interkeratinocyte,1,1,6.907755278982137
11036,interleukin18,1,1,6.907755278982137
11037,interlobular,1,1,6.907755278982137
11038,interlocking,1,1,6.907755278982137
11039,intermediary,1,1,6.907755278982137
11040,internalized,1,1,6.907755278982137
11041,internally,1,1,6.907755278982137
11042,interpretable,1,1,6.907755278982137
11043,interrogate,1,1,6.907755278982137
11044,interrogating,1,1,6.907755278982137
11045,interrogation,1,1,6.907755278982137
11046,interrupt,1,1,6.907755278982137
11047,interrupting,1,1,6.907755278982137
11048,interruptions,1,1,6.907755278982137
11049,intersectional,1,1,6.907755278982137
11050,intersections,1,1,6.907755278982137
11051,intersects,1,1,6.907755278982137
11052,interspecies,1,1,6.907755278982137
11053,intertriginous,1,1,6.907755278982137
11054,intervene,1,1,6.907755278982137
11055,interviewed,1,1,6.907755278982137
11056,intestinally,1,1,6.907755278982137
11057,intima,1,1,6.907755278982137
11058,intimately,1,1,6.907755278982137
11059,intodisease,1,1,6.907755278982137
11060,intolerant,1,1,6.907755278982137
11061,intracerebral,1,1,6.907755278982137
11062,intractable,1,1,6.907755278982137
11063,intradialytic,1,1,6.907755278982137
11064,intraductal,1,1,6.907755278982137
11065,intraglomerular,1,1,6.907755278982137
11066,intraindividual,1,1,6.907755278982137
11067,intrainsular,1,1,6.907755278982137
11068,intraocular,1,1,6.907755278982137
11069,intrathoracic,1,1,6.907755278982137
11070,intravenously,1,1,6.907755278982137
11071,intricately,1,1,6.907755278982137
11072,intrinsically,1,1,6.907755278982137
11073,introductiondiabetes,1,1,6.907755278982137
11074,intubation,1,1,6.907755278982137
11075,intuitive,1,1,6.907755278982137
11076,inundated,1,1,6.907755278982137
11077,invaluable,1,1,6.907755278982137
11078,investigator,1,1,6.907755278982137
11079,investor,1,1,6.907755278982137
11080,invitations,1,1,6.907755278982137
11081,ionic,1,1,6.907755278982137
11082,ipgtt,1,1,6.907755278982137
11083,ips,1,1,6.907755278982137
11084,irb,1,1,6.907755278982137
11085,irbesartan,1,1,6.907755278982137
11086,irds,1,1,6.907755278982137
11087,ireland,1,1,6.907755278982137
11088,irf3,1,1,6.907755278982137
11089,iri,1,1,6.907755278982137
11090,irregular,1,1,6.907755278982137
11091,irrelevant,1,1,6.907755278982137
11092,ischaemia,1,1,6.907755278982137
11093,isoform,1,1,6.907755278982137
11094,isolate,1,1,6.907755278982137
11095,isolates,1,1,6.907755278982137
11096,isopropylacrylamide,1,1,6.907755278982137
11097,isoquinoline,1,1,6.907755278982137
11098,israeli,1,1,6.907755278982137
11099,itaconate,1,1,6.907755278982137
11100,italy,1,1,6.907755278982137
11101,itching,1,1,6.907755278982137
11102,iterative,1,1,6.907755278982137
11103,iu1,1,1,6.907755278982137
11104,ivw,1,1,6.907755278982137
11105,jadad,1,1,6.907755278982137
11106,jan,1,1,6.907755278982137
11107,japonica,1,1,6.907755278982137
11108,japonicus,1,1,6.907755278982137
11109,jasn,1,1,6.907755278982137
11110,jbi,1,1,6.907755278982137
11111,jeddah,1,1,6.907755278982137
11112,jejunal,1,1,6.907755278982137
11113,jejunum,1,1,6.907755278982137
11114,jerusalem,1,1,6.907755278982137
11115,jiang,1,1,6.907755278982137
11116,jingfen,1,1,6.907755278982137
11117,jnj,1,1,6.907755278982137
11118,johansen,1,1,6.907755278982137
11119,johnsonii,1,1,6.907755278982137
11120,jonkman,1,1,6.907755278982137
11121,journalism,1,1,6.907755278982137
11122,journey,1,1,6.907755278982137
11123,journeys,1,1,6.907755278982137
11124,jq1,1,1,6.907755278982137
11125,jr,1,1,6.907755278982137
11126,judgment,1,1,6.907755278982137
11127,juice,1,1,6.907755278982137
11128,junctions,1,1,6.907755278982137
11129,kameda,1,1,6.907755278982137
11130,karelia,1,1,6.907755278982137
11131,karolinska,1,1,6.907755278982137
11132,katsumadai,1,1,6.907755278982137
11133,keap1,1,1,6.907755278982137
11134,keep,1,1,6.907755278982137
11135,keeping,1,1,6.907755278982137
11136,kefir,1,1,6.907755278982137
11137,kenny,1,1,6.907755278982137
11138,kept,1,1,6.907755278982137
11139,keratinocyte,1,1,6.907755278982137
11140,keratinocytes,1,1,6.907755278982137
11141,keto,1,1,6.907755278982137
11142,ketogenesis,1,1,6.907755278982137
11143,kgco₂e,1,1,6.907755278982137
11144,kickback,1,1,6.907755278982137
11145,kickstarting,1,1,6.907755278982137
11146,kim,1,1,6.907755278982137
11147,kimchi,1,1,6.907755278982137
11148,kits,1,1,6.907755278982137
11149,km,1,1,6.907755278982137
11150,knapp,1,1,6.907755278982137
11151,knees,1,1,6.907755278982137
11152,knowing,1,1,6.907755278982137
11153,komodo,1,1,6.907755278982137
11154,korea,1,1,6.907755278982137
11155,korsakoff,1,1,6.907755278982137
11156,kpa,1,1,6.907755278982137
11157,ksa,1,1,6.907755278982137
11158,kynurenic,1,1,6.907755278982137
11159,kyoto,1,1,6.907755278982137
11160,kyphoplasty,1,1,6.907755278982137
11161,l260f,1,1,6.907755278982137
11162,l260f3,1,1,6.907755278982137
11163,l71,1,1,6.907755278982137
11164,laacf,1,1,6.907755278982137
11165,lab,1,1,6.907755278982137
11166,labda,1,1,6.907755278982137
11167,labelled,1,1,6.907755278982137
11168,labile,1,1,6.907755278982137
11169,labyrinths,1,1,6.907755278982137
11170,lactiplantibacillus,1,1,6.907755278982137
11171,lactis,1,1,6.907755278982137
11172,lag,1,1,6.907755278982137
11173,lagged,1,1,6.907755278982137
11174,laird,1,1,6.907755278982137
11175,lamina,1,1,6.907755278982137
11176,lamp,1,1,6.907755278982137
11177,lancaster,1,1,6.907755278982137
11178,landscapes,1,1,6.907755278982137
11179,laryngologists,1,1,6.907755278982137
11180,lasted,1,1,6.907755278982137
11181,latencies,1,1,6.907755278982137
11182,latency,1,1,6.907755278982137
11183,lateral,1,1,6.907755278982137
11184,launch,1,1,6.907755278982137
11185,launched,1,1,6.907755278982137
11186,lauric,1,1,6.907755278982137
11187,lautropia,1,1,6.907755278982137
11188,lavage,1,1,6.907755278982137
11189,lc3b,1,1,6.907755278982137
11190,lcfa,1,1,6.907755278982137
11191,lcr86,1,1,6.907755278982137
11192,leak,1,1,6.907755278982137
11193,leakage,1,1,6.907755278982137
11194,leakiness,1,1,6.907755278982137
11195,learned,1,1,6.907755278982137
11196,lecanemab,1,1,6.907755278982137
11197,lee,1,1,6.907755278982137
11198,legally,1,1,6.907755278982137
11199,legislation,1,1,6.907755278982137
11200,legislative,1,1,6.907755278982137
11201,legs,1,1,6.907755278982137
11202,legumes,1,1,6.907755278982137
11203,lengths,1,1,6.907755278982137
11204,lenses,1,1,6.907755278982137
11205,lentivirus,1,1,6.907755278982137
11206,leptogranulimonas,1,1,6.907755278982137
11207,lessen,1,1,6.907755278982137
11208,lessened,1,1,6.907755278982137
11209,lesser,1,1,6.907755278982137
11210,lesson,1,1,6.907755278982137
11211,lessons,1,1,6.907755278982137
11212,lethal,1,1,6.907755278982137
11213,letter,1,1,6.907755278982137
11214,letters,1,1,6.907755278982137
11215,leukemia,1,1,6.907755278982137
11216,leukocyte,1,1,6.907755278982137
11217,leumit,1,1,6.907755278982137
11218,leuprorelin,1,1,6.907755278982137
11219,lever,1,1,6.907755278982137
11220,leverages,1,1,6.907755278982137
11221,lexisnexis,1,1,6.907755278982137
11222,lfc,1,1,6.907755278982137
11223,lfd,1,1,6.907755278982137
11224,li,1,1,6.907755278982137
11225,licensing,1,1,6.907755278982137
11226,lies,1,1,6.907755278982137
11227,lifecourse,1,1,6.907755278982137
11228,lifespans,1,1,6.907755278982137
11229,lifted,1,1,6.907755278982137
11230,lifting,1,1,6.907755278982137
11231,ligases,1,1,6.907755278982137
11232,ligation,1,1,6.907755278982137
11233,lighter,1,1,6.907755278982137
11234,lighthouse,1,1,6.907755278982137
11235,liked,1,1,6.907755278982137
11236,lilacs,1,1,6.907755278982137
11237,limbic,1,1,6.907755278982137
11238,limbs,1,1,6.907755278982137
11239,limitation,1,1,6.907755278982137
11240,limosilactobacillus,1,1,6.907755278982137
11241,linearity,1,1,6.907755278982137
11242,linearly,1,1,6.907755278982137
11243,lip,1,1,6.907755278982137
11244,lipemia,1,1,6.907755278982137
11245,lipidaemias,1,1,6.907755278982137
11246,lipidated,1,1,6.907755278982137
11247,lipidomic,1,1,6.907755278982137
11248,lipidomics,1,1,6.907755278982137
11249,lipoabdominoplasty,1,1,6.907755278982137
11250,lipodystrophy,1,1,6.907755278982137
11251,lipoic,1,1,6.907755278982137
11252,lipolysis,1,1,6.907755278982137
11253,lipophagy,1,1,6.907755278982137
11254,lipophilic,1,1,6.907755278982137
11255,lipopolysaccharides,1,1,6.907755278982137
11256,lipoproteins,1,1,6.907755278982137
11257,liposomes,1,1,6.907755278982137
11258,literacy,1,1,6.907755278982137
11259,literatures,1,1,6.907755278982137
11260,lithogenic,1,1,6.907755278982137
11261,livertox,1,1,6.907755278982137
11262,lixi,1,1,6.907755278982137
11263,lixipark,1,1,6.907755278982137
11264,lm,1,1,6.907755278982137
11265,lncrnas,1,1,6.907755278982137
11266,lnuacr,1,1,6.907755278982137
11267,lobe,1,1,6.907755278982137
11268,locoregional,1,1,6.907755278982137
11269,locus,1,1,6.907755278982137
11270,lods,1,1,6.907755278982137
11271,log2,1,1,6.907755278982137
11272,logical,1,1,6.907755278982137
11273,logistical,1,1,6.907755278982137
11274,logistics,1,1,6.907755278982137
11275,logit,1,1,6.907755278982137
11276,lombardy,1,1,6.907755278982137
11277,longissimus,1,1,6.907755278982137
11278,loops,1,1,6.907755278982137
11279,loqs,1,1,6.907755278982137
11280,lorcaserin,1,1,6.907755278982137
11281,lorundrostat,1,1,6.907755278982137
11282,lpc,1,1,6.907755278982137
11283,lr08,1,1,6.907755278982137
11284,lra05,1,1,6.907755278982137
11285,ltd,1,1,6.907755278982137
11286,luma,1,1,6.907755278982137
11287,lungs,1,1,6.907755278982137
11288,luteinizing,1,1,6.907755278982137
11289,lux,1,1,6.907755278982137
11290,lvedp,1,1,6.907755278982137
11291,lxr,1,1,6.907755278982137
11292,ly2189265,1,1,6.907755278982137
11293,ly3437943,1,1,6.907755278982137
11294,lymphatic,1,1,6.907755278982137
11295,lymphoid,1,1,6.907755278982137
11296,m0,1,1,6.907755278982137
11297,machinery,1,1,6.907755278982137
11298,macrocyclic,1,1,6.907755278982137
11299,macrogenomic,1,1,6.907755278982137
11300,macrolides,1,1,6.907755278982137
11301,macromolecule,1,1,6.907755278982137
11302,maestro,1,1,6.907755278982137
11303,mafa,1,1,6.907755278982137
11304,mafb,1,1,6.907755278982137
11305,mage,1,1,6.907755278982137
11306,magnetically,1,1,6.907755278982137
11307,malabsorptive,1,1,6.907755278982137
11308,malley,1,1,6.907755278982137
11309,maltase,1,1,6.907755278982137
11310,maltoside,1,1,6.907755278982137
11311,manageable,1,1,6.907755278982137
11312,mandarin,1,1,6.907755278982137
11313,mandates,1,1,6.907755278982137
11314,mandating,1,1,6.907755278982137
11315,mandibular,1,1,6.907755278982137
11316,manifests,1,1,6.907755278982137
11317,manipulated,1,1,6.907755278982137
11318,manipulations,1,1,6.907755278982137
11319,mann,1,1,6.907755278982137
11320,manometry,1,1,6.907755278982137
11321,mantel,1,1,6.907755278982137
11322,manufacturable,1,1,6.907755278982137
11323,manufacturers,1,1,6.907755278982137
11324,mao,1,1,6.907755278982137
11325,mapk,1,1,6.907755278982137
11326,mapk3,1,1,6.907755278982137
11327,margin,1,1,6.907755278982137
11328,marine,1,1,6.907755278982137
11329,marital,1,1,6.907755278982137
11330,mark,1,1,6.907755278982137
11331,marketplaces,1,1,6.907755278982137
11332,marking,1,1,6.907755278982137
11333,mart,1,1,6.907755278982137
11334,massachusetts,1,1,6.907755278982137
11335,master,1,1,6.907755278982137
11336,mastery,1,1,6.907755278982137
11337,mate1,1,1,6.907755278982137
11338,materia,1,1,6.907755278982137
11339,materially,1,1,6.907755278982137
11340,mathematical,1,1,6.907755278982137
11341,mating,1,1,6.907755278982137
11342,maxillofacial,1,1,6.907755278982137
11343,maximally,1,1,6.907755278982137
11344,mca,1,1,6.907755278982137
11345,mcfa,1,1,6.907755278982137
11346,mcmaster,1,1,6.907755278982137
11347,mdc,1,1,6.907755278982137
11348,meanings,1,1,6.907755278982137
11349,meat,1,1,6.907755278982137
11350,mechanometabolic,1,1,6.907755278982137
11351,med,1,1,6.907755278982137
11352,medfine,1,1,6.907755278982137
11353,medial,1,1,6.907755278982137
11354,medica,1,1,6.907755278982137
11355,medicalization,1,1,6.907755278982137
11356,medicolegal,1,1,6.907755278982137
11357,medicus,1,1,6.907755278982137
11358,mediterranean,1,1,6.907755278982137
11359,megestrol,1,1,6.907755278982137
11360,mek,1,1,6.907755278982137
11361,mek1,1,1,6.907755278982137
11362,meld,1,1,6.907755278982137
11363,membered,1,1,6.907755278982137
11364,menarche,1,1,6.907755278982137
11365,menoyoung,1,1,6.907755278982137
11366,menus,1,1,6.907755278982137
11367,mep,1,1,6.907755278982137
11368,merip,1,1,6.907755278982137
11369,mesenchymal,1,1,6.907755278982137
11370,mesenteric,1,1,6.907755278982137
11371,mesh,1,1,6.907755278982137
11372,messengers,1,1,6.907755278982137
11373,metalloproteinase,1,1,6.907755278982137
11374,metalloproteinases,1,1,6.907755278982137
11375,meter,1,1,6.907755278982137
11376,methacrylation,1,1,6.907755278982137
11377,methanol,1,1,6.907755278982137
11378,methodologically,1,1,6.907755278982137
11379,methodsa,1,1,6.907755278982137
11380,methodsin,1,1,6.907755278982137
11381,methotrexate,1,1,6.907755278982137
11382,methyladenine,1,1,6.907755278982137
11383,methyladenosine,1,1,6.907755278982137
11384,methylglyoxal,1,1,6.907755278982137
11385,methylprednisolone,1,1,6.907755278982137
11386,methylsulfonyl,1,1,6.907755278982137
11387,methyltransferase,1,1,6.907755278982137
11388,mga,1,1,6.907755278982137
11389,mgb,1,1,6.907755278982137
11390,mgh,1,1,6.907755278982137
11391,mgps,1,1,6.907755278982137
11392,micelles,1,1,6.907755278982137
11393,michiganders,1,1,6.907755278982137
11394,microbially,1,1,6.907755278982137
11395,microbiological,1,1,6.907755278982137
11396,microchip,1,1,6.907755278982137
11397,microcirculatory,1,1,6.907755278982137
11398,microenvironmental,1,1,6.907755278982137
11399,microgravity,1,1,6.907755278982137
11400,micromachined,1,1,6.907755278982137
11401,microneedles,1,1,6.907755278982137
11402,micronucleus,1,1,6.907755278982137
11403,microorganisms,1,1,6.907755278982137
11404,microparticles,1,1,6.907755278982137
11405,microsomes,1,1,6.907755278982137
11406,microvasculature,1,1,6.907755278982137
11407,midwestern,1,1,6.907755278982137
11408,mifepristone,1,1,6.907755278982137
11409,milder,1,1,6.907755278982137
11410,mildly,1,1,6.907755278982137
11411,milligram,1,1,6.907755278982137
11412,mimicking,1,1,6.907755278982137
11413,mined,1,1,6.907755278982137
11414,mineralizing,1,1,6.907755278982137
11415,ming,1,1,6.907755278982137
11416,mining,1,1,6.907755278982137
11417,minireview,1,1,6.907755278982137
11418,minority,1,1,6.907755278982137
11419,minoxidil,1,1,6.907755278982137
11420,minus,1,1,6.907755278982137
11421,mirage,1,1,6.907755278982137
11422,mirna,1,1,6.907755278982137
11423,misalignment,1,1,6.907755278982137
11424,misdifferentiation,1,1,6.907755278982137
11425,misfolded,1,1,6.907755278982137
11426,misfolding,1,1,6.907755278982137
11427,mishandling,1,1,6.907755278982137
11428,misjudge,1,1,6.907755278982137
11429,mississippi,1,1,6.907755278982137
11430,misunderstood,1,1,6.907755278982137
11431,mitoq,1,1,6.907755278982137
11432,miu,1,1,6.907755278982137
11433,mixing,1,1,6.907755278982137
11434,mmp9,1,1,6.907755278982137
11435,mnemonic,1,1,6.907755278982137
11436,moca,1,1,6.907755278982137
11437,modafinil,1,1,6.907755278982137
11438,moderators,1,1,6.907755278982137
11439,modes,1,1,6.907755278982137
11440,modifiability,1,1,6.907755278982137
11441,modulatory,1,1,6.907755278982137
11442,mody6,1,1,6.907755278982137
11443,moiety,1,1,6.907755278982137
11444,mold,1,1,6.907755278982137
11445,molecularly,1,1,6.907755278982137
11446,molybdate,1,1,6.907755278982137
11447,moments,1,1,6.907755278982137
11448,monetary,1,1,6.907755278982137
11449,monitors,1,1,6.907755278982137
11450,monoagonist,1,1,6.907755278982137
11451,monocrotaline,1,1,6.907755278982137
11452,monocyte,1,1,6.907755278982137
11453,monodispersed,1,1,6.907755278982137
11454,monograph,1,1,6.907755278982137
11455,monomeric,1,1,6.907755278982137
11456,monosaccharide,1,1,6.907755278982137
11457,monosodium,1,1,6.907755278982137
11458,monotonic,1,1,6.907755278982137
11459,monte,1,1,6.907755278982137
11460,montreal,1,1,6.907755278982137
11461,morbidities,1,1,6.907755278982137
11462,morbidly,1,1,6.907755278982137
11463,morphine,1,1,6.907755278982137
11464,morphogenesis,1,1,6.907755278982137
11465,morphologic,1,1,6.907755278982137
11466,morphological,1,1,6.907755278982137
11467,mortem,1,1,6.907755278982137
11468,morus,1,1,6.907755278982137
11469,mossy,1,1,6.907755278982137
11470,motif,1,1,6.907755278982137
11471,mounjaro,1,1,6.907755278982137
11472,moves,1,1,6.907755278982137
11473,mrc1,1,1,6.907755278982137
11474,msu,1,1,6.907755278982137
11475,mt,1,1,6.907755278982137
11476,mtd,1,1,6.907755278982137
11477,mtiwnjmx,1,1,6.907755278982137
11478,mtx,1,1,6.907755278982137
11479,mucinous,1,1,6.907755278982137
11480,mucodiffusion,1,1,6.907755278982137
11481,mucosa,1,1,6.907755278982137
11482,multiagonist,1,1,6.907755278982137
11483,multicellular,1,1,6.907755278982137
11484,multicentric,1,1,6.907755278982137
11485,multidirectional,1,1,6.907755278982137
11486,multidrug,1,1,6.907755278982137
11487,multifactor,1,1,6.907755278982137
11488,multifrequency,1,1,6.907755278982137
11489,multihormone,1,1,6.907755278982137
11490,multiinstitutional,1,1,6.907755278982137
11491,multiparametric,1,1,6.907755278982137
11492,multiplex,1,1,6.907755278982137
11493,multiplexed,1,1,6.907755278982137
11494,multisociety,1,1,6.907755278982137
11495,multistakeholder,1,1,6.907755278982137
11496,multistep,1,1,6.907755278982137
11497,multitissue,1,1,6.907755278982137
11498,multivariably,1,1,6.907755278982137
11499,murf1,1,1,6.907755278982137
11500,muribaculaceae,1,1,6.907755278982137
11501,muris,1,1,6.907755278982137
11502,muscular,1,1,6.907755278982137
11503,musculature,1,1,6.907755278982137
11504,mutagenesis,1,1,6.907755278982137
11505,muted,1,1,6.907755278982137
11506,mutually,1,1,6.907755278982137
11507,mws,1,1,6.907755278982137
11508,myalgic,1,1,6.907755278982137
11509,myelocyte,1,1,6.907755278982137
11510,myoblasts,1,1,6.907755278982137
11511,myocardium,1,1,6.907755278982137
11512,myograph,1,1,6.907755278982137
11513,myopathy,1,1,6.907755278982137
11514,myosteatosis,1,1,6.907755278982137
11515,myricetin,1,1,6.907755278982137
11516,n01hc55222,1,1,6.907755278982137
11517,n01hc85079,1,1,6.907755278982137
11518,n01hc85080,1,1,6.907755278982137
11519,n01hc85081,1,1,6.907755278982137
11520,n01hc85082,1,1,6.907755278982137
11521,n01hc85083,1,1,6.907755278982137
11522,n01hc85086,1,1,6.907755278982137
11523,n6,1,1,6.907755278982137
11524,n93,1,1,6.907755278982137
11525,nac,1,1,6.907755278982137
11526,nails,1,1,6.907755278982137
11527,naldemedine,1,1,6.907755278982137
11528,nanoassemblies,1,1,6.907755278982137
11529,nanoassembly,1,1,6.907755278982137
11530,nanocarriers,1,1,6.907755278982137
11531,nanoemulsifying,1,1,6.907755278982137
11532,nanofiber,1,1,6.907755278982137
11533,nanomedicine,1,1,6.907755278982137
11534,nanomicellar,1,1,6.907755278982137
11535,nanomicelle,1,1,6.907755278982137
11536,nanostructured,1,1,6.907755278982137
11537,nanotechnology,1,1,6.907755278982137
11538,nanotoxicological,1,1,6.907755278982137
11539,narcoms,1,1,6.907755278982137
11540,narrates,1,1,6.907755278982137
11541,narrower,1,1,6.907755278982137
11542,nascent,1,1,6.907755278982137
11543,nash,1,1,6.907755278982137
11544,naturally,1,1,6.907755278982137
11545,nauseating,1,1,6.907755278982137
11546,navajo,1,1,6.907755278982137
11547,navigates,1,1,6.907755278982137
11548,navigation,1,1,6.907755278982137
11549,ncep,1,1,6.907755278982137
11550,ncfm,1,1,6.907755278982137
11551,nct03899402,1,1,6.907755278982137
11552,nct04019197,1,1,6.907755278982137
11553,nct04153929,1,1,6.907755278982137
11554,nct04591782,1,1,6.907755278982137
11555,nct04667377,1,1,6.907755278982137
11556,nct05013229,1,1,6.907755278982137
11557,nct05114018,1,1,6.907755278982137
11558,nct05152277,1,1,6.907755278982137
11559,nct05199948,1,1,6.907755278982137
11560,nct05259033,1,1,6.907755278982137
11561,nct05287906,1,1,6.907755278982137
11562,nct05352815,1,1,6.907755278982137
11563,nct05412004,1,1,6.907755278982137
11564,nct05646706,1,1,6.907755278982137
11565,nct05813912,1,1,6.907755278982137
11566,nct06010004,1,1,6.907755278982137
11567,nct06041217,1,1,6.907755278982137
11568,nct06066515,1,1,6.907755278982137
11569,nct06113146,1,1,6.907755278982137
11570,nct06124807,1,1,6.907755278982137
11571,nct06162715,1,1,6.907755278982137
11572,nct06269107,1,1,6.907755278982137
11573,nct06365385,1,1,6.907755278982137
11574,nct06410924,1,1,6.907755278982137
11575,nct06467604,1,1,6.907755278982137
11576,nct06559527,1,1,6.907755278982137
11577,nct06770621,1,1,6.907755278982137
11578,nct06789263,1,1,6.907755278982137
11579,nct06854952,1,1,6.907755278982137
11580,nct06973681,1,1,6.907755278982137
11581,nct07013409,1,1,6.907755278982137
11582,nct07014709,1,1,6.907755278982137
11583,nct07370922,1,1,6.907755278982137
11584,ndash,1,1,6.907755278982137
11585,ndev,1,1,6.907755278982137
11586,ndkd,1,1,6.907755278982137
11587,necroptosis,1,1,6.907755278982137
11588,negated,1,1,6.907755278982137
11589,neglecting,1,1,6.907755278982137
11590,nemolizumab,1,1,6.907755278982137
11591,neoadjuvant,1,1,6.907755278982137
11592,neoantigen,1,1,6.907755278982137
11593,nephrologic,1,1,6.907755278982137
11594,nephrologists,1,1,6.907755278982137
11595,nephron,1,1,6.907755278982137
11596,nephroprotection,1,1,6.907755278982137
11597,nephrotic,1,1,6.907755278982137
11598,nephrotoxic,1,1,6.907755278982137
11599,neun,1,1,6.907755278982137
11600,neuraly,1,1,6.907755278982137
11601,neuroanatomical,1,1,6.907755278982137
11602,neuroblu,1,1,6.907755278982137
11603,neurochemical,1,1,6.907755278982137
11604,neurodifferentiation,1,1,6.907755278982137
11605,neurofibrillary,1,1,6.907755278982137
11606,neurogenic,1,1,6.907755278982137
11607,neurogenin,1,1,6.907755278982137
11608,neuroglycopenic,1,1,6.907755278982137
11609,neurohypophysis,1,1,6.907755278982137
11610,neuroimmune,1,1,6.907755278982137
11611,neurologic,1,1,6.907755278982137
11612,neuromodulatory,1,1,6.907755278982137
11613,neuromuscular,1,1,6.907755278982137
11614,neurones,1,1,6.907755278982137
11615,neuronostatin,1,1,6.907755278982137
11616,neuroocular,1,1,6.907755278982137
11617,neuropathological,1,1,6.907755278982137
11618,neuropeptidey1,1,1,6.907755278982137
11619,neuropharmacology,1,1,6.907755278982137
11620,neuroplastic,1,1,6.907755278982137
11621,neuroscience,1,1,6.907755278982137
11622,neurotoxic,1,1,6.907755278982137
11623,neurotransmission,1,1,6.907755278982137
11624,neurotransmitter,1,1,6.907755278982137
11625,neutralisation,1,1,6.907755278982137
11626,neutralization,1,1,6.907755278982137
11627,neutrophilic,1,1,6.907755278982137
11628,nextida,1,1,6.907755278982137
11629,nexus,1,1,6.907755278982137
11630,ng28,1,1,6.907755278982137
11631,nga2,1,1,6.907755278982137
11632,ngf,1,1,6.907755278982137
11633,niacinamide,1,1,6.907755278982137
11634,nic,1,1,6.907755278982137
11635,nice,1,1,6.907755278982137
11636,niches,1,1,6.907755278982137
11637,nicotinic,1,1,6.907755278982137
11638,nicotininc,1,1,6.907755278982137
11639,nightmare,1,1,6.907755278982137
11640,nighttime,1,1,6.907755278982137
11641,nigra,1,1,6.907755278982137
11642,nigrostriatal,1,1,6.907755278982137
11643,nitro,1,1,6.907755278982137
11644,nitropyrimidine,1,1,6.907755278982137
11645,nitrosative,1,1,6.907755278982137
11646,nkx6,1,1,6.907755278982137
11647,nlrc4,1,1,6.907755278982137
11648,nlrp1b,1,1,6.907755278982137
11649,nmda,1,1,6.907755278982137
11650,nmnat2,1,1,6.907755278982137
11651,nmpa,1,1,6.907755278982137
11652,nn1213,1,1,6.907755278982137
11653,nnts,1,1,6.907755278982137
11654,nodularis,1,1,6.907755278982137
11655,nodule,1,1,6.907755278982137
11656,nominal,1,1,6.907755278982137
11657,nonadherence,1,1,6.907755278982137
11658,nonadherent,1,1,6.907755278982137
11659,nonalcoholic,1,1,6.907755278982137
11660,noncausal,1,1,6.907755278982137
11661,noncirrhotic,1,1,6.907755278982137
11662,nonclassical,1,1,6.907755278982137
11663,nonclinical,1,1,6.907755278982137
11664,noncomparative,1,1,6.907755278982137
11665,nondestructive,1,1,6.907755278982137
11666,nondialysis,1,1,6.907755278982137
11667,nonearly,1,1,6.907755278982137
11668,noneligible,1,1,6.907755278982137
11669,nonemergent,1,1,6.907755278982137
11670,nonenforced,1,1,6.907755278982137
11671,nonesterified,1,1,6.907755278982137
11672,nonglp,1,1,6.907755278982137
11673,noninfectious,1,1,6.907755278982137
11674,noninformative,1,1,6.907755278982137
11675,noninvasively,1,1,6.907755278982137
11676,nonmaleficence,1,1,6.907755278982137
11677,nonmetabolic,1,1,6.907755278982137
11678,nonmutually,1,1,6.907755278982137
11679,nonnutritive,1,1,6.907755278982137
11680,nonopioid,1,1,6.907755278982137
11681,nonparametric,1,1,6.907755278982137
11682,nonpeptide,1,1,6.907755278982137
11683,nonpharmacological,1,1,6.907755278982137
11684,nonpsychiatric,1,1,6.907755278982137
11685,nonrenal,1,1,6.907755278982137
11686,nonspecific,1,1,6.907755278982137
11687,nonstandard,1,1,6.907755278982137
11688,nonsurgical,1,1,6.907755278982137
11689,nonuse,1,1,6.907755278982137
11690,nordicc3m,1,1,6.907755278982137
11691,normalise,1,1,6.907755278982137
11692,normalize,1,1,6.907755278982137
11693,normalizing,1,1,6.907755278982137
11694,normo,1,1,6.907755278982137
11695,normoglycemia,1,1,6.907755278982137
11696,normotensive,1,1,6.907755278982137
11697,northern,1,1,6.907755278982137
11698,norway,1,1,6.907755278982137
11699,notes,1,1,6.907755278982137
11700,notherapeutic,1,1,6.907755278982137
11701,noting,1,1,6.907755278982137
11702,notoriety,1,1,6.907755278982137
11703,nov,1,1,6.907755278982137
11704,npo,1,1,6.907755278982137
11705,nps,1,1,6.907755278982137
11706,nrem,1,1,6.907755278982137
11707,nsmra,1,1,6.907755278982137
11708,nt5e,1,1,6.907755278982137
11709,ntcp,1,1,6.907755278982137
11710,nuanced,1,1,6.907755278982137
11711,nuances,1,1,6.907755278982137
11712,nullified,1,1,6.907755278982137
11713,numberically,1,1,6.907755278982137
11714,numeric,1,1,6.907755278982137
11715,nurse,1,1,6.907755278982137
11716,nurses,1,1,6.907755278982137
11717,nursing,1,1,6.907755278982137
11718,nush,1,1,6.907755278982137
11719,nutritionally,1,1,6.907755278982137
11720,nw,1,1,6.907755278982137
11721,nω,1,1,6.907755278982137
11722,o2k,1,1,6.907755278982137
11723,oac,1,1,6.907755278982137
11724,oatps,1,1,6.907755278982137
11725,oats,1,1,6.907755278982137
11726,oaxaca,1,1,6.907755278982137
11727,obesity1,1,1,6.907755278982137
11728,obesogenic,1,1,6.907755278982137
11729,objectionable,1,1,6.907755278982137
11730,objectivesglucagon,1,1,6.907755278982137
11731,objectivesto,1,1,6.907755278982137
11732,objectiveto,1,1,6.907755278982137
11733,obligation,1,1,6.907755278982137
11734,obligations,1,1,6.907755278982137
11735,obscures,1,1,6.907755278982137
11736,obstacles,1,1,6.907755278982137
11737,obstetrical,1,1,6.907755278982137
11738,obstetricians,1,1,6.907755278982137
11739,obvious,1,1,6.907755278982137
11740,occasionally,1,1,6.907755278982137
11741,occasions,1,1,6.907755278982137
11742,occupational,1,1,6.907755278982137
11743,occupy,1,1,6.907755278982137
11744,occurrences,1,1,6.907755278982137
11745,oceania,1,1,6.907755278982137
11746,oct1,1,1,6.907755278982137
11747,oct2,1,1,6.907755278982137
11748,oculomotor,1,1,6.907755278982137
11749,oecd,1,1,6.907755278982137
11750,ofcollagen,1,1,6.907755278982137
11751,offerings,1,1,6.907755278982137
11752,offices,1,1,6.907755278982137
11753,offloading,1,1,6.907755278982137
11754,offset,1,1,6.907755278982137
11755,offsetting,1,1,6.907755278982137
11756,oh,1,1,6.907755278982137
11757,ohdg,1,1,6.907755278982137
11758,ohio,1,1,6.907755278982137
11759,ojag080,1,1,6.907755278982137
11760,oldest,1,1,6.907755278982137
11761,oleoyl,1,1,6.907755278982137
11762,oligo,1,1,6.907755278982137
11763,oligomerization,1,1,6.907755278982137
11764,oligonucleotide,1,1,6.907755278982137
11765,oligonucleotides,1,1,6.907755278982137
11766,omission,1,1,6.907755278982137
11767,omitted,1,1,6.907755278982137
11768,omnibus,1,1,6.907755278982137
11769,omop,1,1,6.907755278982137
11770,oneflorida,1,1,6.907755278982137
11771,oniglt,1,1,6.907755278982137
11772,oniglts,1,1,6.907755278982137
11773,onions,1,1,6.907755278982137
11774,onlinemeta,1,1,6.907755278982137
11775,ontario,1,1,6.907755278982137
11776,onto,1,1,6.907755278982137
11777,ontologies,1,1,6.907755278982137
11778,ontology,1,1,6.907755278982137
11779,onward,1,1,6.907755278982137
11780,op,1,1,6.907755278982137
11781,openalex,1,1,6.907755278982137
11782,opened,1,1,6.907755278982137
11783,operate,1,1,6.907755278982137
11784,operation,1,1,6.907755278982137
11785,operationalised,1,1,6.907755278982137
11786,operations,1,1,6.907755278982137
11787,ophiopogon,1,1,6.907755278982137
11788,opiates,1,1,6.907755278982137
11789,opinions,1,1,6.907755278982137
11790,opiomelanocortin,1,1,6.907755278982137
11791,opposed,1,1,6.907755278982137
11792,opposing,1,1,6.907755278982137
11793,opposite,1,1,6.907755278982137
11794,opt,1,1,6.907755278982137
11795,optical,1,1,6.907755278982137
11796,optimised,1,1,6.907755278982137
11797,opting,1,1,6.907755278982137
11798,optumlabs,1,1,6.907755278982137
11799,orbital,1,1,6.907755278982137
11800,ordering,1,1,6.907755278982137
11801,orexin,1,1,6.907755278982137
11802,organellar,1,1,6.907755278982137
11803,organelles,1,1,6.907755278982137
11804,organised,1,1,6.907755278982137
11805,organize,1,1,6.907755278982137
11806,organizing,1,1,6.907755278982137
11807,orgasm,1,1,6.907755278982137
11808,oro,1,1,6.907755278982137
11809,oroboros,1,1,6.907755278982137
11810,oromucosal,1,1,6.907755278982137
11811,oropharyngeal,1,1,6.907755278982137
11812,orthokeratology,1,1,6.907755278982137
11813,orthopedic,1,1,6.907755278982137
11814,oscillations,1,1,6.907755278982137
11815,osmolality,1,1,6.907755278982137
11816,osteoblast,1,1,6.907755278982137
11817,osteoblastic,1,1,6.907755278982137
11818,osteocyte,1,1,6.907755278982137
11819,osteopenia,1,1,6.907755278982137
11820,osteopontin,1,1,6.907755278982137
11821,otalgia,1,1,6.907755278982137
11822,otolaryngologic,1,1,6.907755278982137
11823,otologic,1,1,6.907755278982137
11824,otoscopic,1,1,6.907755278982137
11825,otu,1,1,6.907755278982137
11826,ourselves,1,1,6.907755278982137
11827,outer,1,1,6.907755278982137
11828,outlining,1,1,6.907755278982137
11829,outlying,1,1,6.907755278982137
11830,outperform,1,1,6.907755278982137
11831,outperforming,1,1,6.907755278982137
11832,outputs,1,1,6.907755278982137
11833,outs,1,1,6.907755278982137
11834,outstanding,1,1,6.907755278982137
11835,ovariectomized,1,1,6.907755278982137
11836,ovatus,1,1,6.907755278982137
11837,overarching,1,1,6.907755278982137
11838,overcoming,1,1,6.907755278982137
11839,overconsumption,1,1,6.907755278982137
11840,overdue,1,1,6.907755278982137
11841,overestimation,1,1,6.907755278982137
11842,overlapped,1,1,6.907755278982137
11843,overlaps,1,1,6.907755278982137
11844,overnutrition,1,1,6.907755278982137
11845,overstate,1,1,6.907755278982137
11846,ovulatory,1,1,6.907755278982137
11847,ow,1,1,6.907755278982137
11848,ownership,1,1,6.907755278982137
11849,oxalate,1,1,6.907755278982137
11850,oxazole,1,1,6.907755278982137
11851,oxford,1,1,6.907755278982137
11852,oxidant,1,1,6.907755278982137
11853,oxo,1,1,6.907755278982137
11854,oxybate,1,1,6.907755278982137
11855,ozone,1,1,6.907755278982137
11856,ozympic,1,1,6.907755278982137
11857,p62,1,1,6.907755278982137
11858,pace,1,1,6.907755278982137
11859,packaging,1,1,6.907755278982137
11860,page,1,1,6.907755278982137
11861,pah,1,1,6.907755278982137
11862,paid,1,1,6.907755278982137
11863,painless,1,1,6.907755278982137
11864,palliated,1,1,6.907755278982137
11865,palm,1,1,6.907755278982137
11866,palmitoyl,1,1,6.907755278982137
11867,pancrelipase,1,1,6.907755278982137
11868,pancytopenia,1,1,6.907755278982137
11869,pandemic,1,1,6.907755278982137
11870,panellists,1,1,6.907755278982137
11871,papilla,1,1,6.907755278982137
11872,parabrachial,1,1,6.907755278982137
11873,paracardiac,1,1,6.907755278982137
11874,paracasei,1,1,6.907755278982137
11875,paracetamol,1,1,6.907755278982137
11876,paradoxically,1,1,6.907755278982137
11877,paragasseri,1,1,6.907755278982137
11878,parallels,1,1,6.907755278982137
11879,paramount,1,1,6.907755278982137
11880,parapharyngeal,1,1,6.907755278982137
11881,parasympathetic,1,1,6.907755278982137
11882,parathyroid,1,1,6.907755278982137
11883,parenteral,1,1,6.907755278982137
11884,parents,1,1,6.907755278982137
11885,parity,1,1,6.907755278982137
11886,park7,1,1,6.907755278982137
11887,parkinsonian,1,1,6.907755278982137
11888,paroxetine,1,1,6.907755278982137
11889,parp,1,1,6.907755278982137
11890,participating,1,1,6.907755278982137
11891,participation,1,1,6.907755278982137
11892,partitioning,1,1,6.907755278982137
11893,partum,1,1,6.907755278982137
11894,party,1,1,6.907755278982137
11895,patch,1,1,6.907755278982137
11896,patches,1,1,6.907755278982137
11897,patchy,1,1,6.907755278982137
11898,patellar,1,1,6.907755278982137
11899,patency,1,1,6.907755278982137
11900,paternally,1,1,6.907755278982137
11901,path,1,1,6.907755278982137
11902,pathobiology,1,1,6.907755278982137
11903,pathobiont,1,1,6.907755278982137
11904,pathobionts,1,1,6.907755278982137
11905,pathologic,1,1,6.907755278982137
11906,paths,1,1,6.907755278982137
11907,patid,1,1,6.907755278982137
11908,pause,1,1,6.907755278982137
11909,pave,1,1,6.907755278982137
11910,paving,1,1,6.907755278982137
11911,pcgrimage,1,1,6.907755278982137
11912,pd3,1,1,6.907755278982137
11913,pdx1,1,1,6.907755278982137
11914,peaking,1,1,6.907755278982137
11915,pearldiver,1,1,6.907755278982137
11916,pediatrician,1,1,6.907755278982137
11917,pediatricians,1,1,6.907755278982137
11918,peers,1,1,6.907755278982137
11919,pef,1,1,6.907755278982137
11920,pegol,1,1,6.907755278982137
11921,pem,1,1,6.907755278982137
11922,pemafibrate,1,1,6.907755278982137
11923,pemphigoid,1,1,6.907755278982137
11924,pemphigus,1,1,6.907755278982137
11925,penetrative,1,1,6.907755278982137
11926,pentose,1,1,6.907755278982137
11927,pentoxifylline,1,1,6.907755278982137
11928,pepsin,1,1,6.907755278982137
11929,percentages,1,1,6.907755278982137
11930,perceptual,1,1,6.907755278982137
11931,pericentral,1,1,6.907755278982137
11932,periconceptual,1,1,6.907755278982137
11933,pericytes,1,1,6.907755278982137
11934,perinatal,1,1,6.907755278982137
11935,perinephric,1,1,6.907755278982137
11936,periodic,1,1,6.907755278982137
11937,peripapillary,1,1,6.907755278982137
11938,peripartum,1,1,6.907755278982137
11939,peripherally,1,1,6.907755278982137
11940,perirenal,1,1,6.907755278982137
11941,peristaltic,1,1,6.907755278982137
11942,peritubal,1,1,6.907755278982137
11943,perivascular,1,1,6.907755278982137
11944,permanent,1,1,6.907755278982137
11945,permeable,1,1,6.907755278982137
11946,permit,1,1,6.907755278982137
11947,permutational,1,1,6.907755278982137
11948,peroxisomes,1,1,6.907755278982137
11949,perpetuate,1,1,6.907755278982137
11950,personal,1,1,6.907755278982137
11951,personnel,1,1,6.907755278982137
11952,persons,1,1,6.907755278982137
11953,pertinent,1,1,6.907755278982137
11954,perturb,1,1,6.907755278982137
11955,peru,1,1,6.907755278982137
11956,peto,1,1,6.907755278982137
11957,pfc,1,1,6.907755278982137
11958,pfizer,1,1,6.907755278982137
11959,pfs,1,1,6.907755278982137
11960,pgf,1,1,6.907755278982137
11961,pharma,1,1,6.907755278982137
11962,pharmaca,1,1,6.907755278982137
11963,pharmacoengineering,1,1,6.907755278982137
11964,pharmacogenetics,1,1,6.907755278982137
11965,pharmacologicallysubstantially,1,1,6.907755278982137
11966,pharmacomicrobiomics,1,1,6.907755278982137
11967,pharmatech,1,1,6.907755278982137
11968,pharmetrics,1,1,6.907755278982137
11969,phased,1,1,6.907755278982137
11970,phenoage,1,1,6.907755278982137
11971,phenyl,1,1,6.907755278982137
11972,phenylindole,1,1,6.907755278982137
11973,phenylketonuria,1,1,6.907755278982137
11974,philosophical,1,1,6.907755278982137
11975,phluorin,1,1,6.907755278982137
11976,phospho,1,1,6.907755278982137
11977,phosphocholine,1,1,6.907755278982137
11978,phospholamban,1,1,6.907755278982137
11979,phosphoproteomics,1,1,6.907755278982137
11980,phosphorus,1,1,6.907755278982137
11981,photon,1,1,6.907755278982137
11982,photos,1,1,6.907755278982137
11983,phototypes,1,1,6.907755278982137
11984,php,1,1,6.907755278982137
11985,phycocyanin,1,1,6.907755278982137
11986,phylogenetic,1,1,6.907755278982137
11987,phylogenetics,1,1,6.907755278982137
11988,physically,1,1,6.907755278982137
11989,phytosomes,1,1,6.907755278982137
11990,picots,1,1,6.907755278982137
11991,picrosirius,1,1,6.907755278982137
11992,picture,1,1,6.907755278982137
11993,pid,1,1,6.907755278982137
11994,pill,1,1,6.907755278982137
11995,pills,1,1,6.907755278982137
11996,pimonidazole,1,1,6.907755278982137
11997,pink1,1,1,6.907755278982137
11998,pioneer,1,1,6.907755278982137
11999,piracetam,1,1,6.907755278982137
12000,pitfalls,1,1,6.907755278982137
12001,pitnet,1,1,6.907755278982137
12002,pitolisant,1,1,6.907755278982137
12003,pkcβ,1,1,6.907755278982137
12004,pkd1,1,1,6.907755278982137
12005,pks,1,1,6.907755278982137
12006,placental,1,1,6.907755278982137
12007,plate,1,1,6.907755278982137
12008,plateau,1,1,6.907755278982137
12009,plateauing,1,1,6.907755278982137
12010,plateaus,1,1,6.907755278982137
12011,player,1,1,6.907755278982137
12012,plc,1,1,6.907755278982137
12013,please,1,1,6.907755278982137
12014,plication,1,1,6.907755278982137
12015,pls,1,1,6.907755278982137
12016,plumpness,1,1,6.907755278982137
12017,pluripotent,1,1,6.907755278982137
12018,pmaindet2,1,1,6.907755278982137
12019,pneumonitis,1,1,6.907755278982137
12020,pnpla3,1,1,6.907755278982137
12021,podocytes,1,1,6.907755278982137
12022,podtrac,1,1,6.907755278982137
12023,poentially,1,1,6.907755278982137
12024,pointing,1,1,6.907755278982137
12025,poisoning,1,1,6.907755278982137
12026,poland,1,1,6.907755278982137
12027,polar,1,1,6.907755278982137
12028,polarized,1,1,6.907755278982137
12029,policymakers,1,1,6.907755278982137
12030,polyagonist,1,1,6.907755278982137
12031,polyamine,1,1,6.907755278982137
12032,polyarthropathies,1,1,6.907755278982137
12033,polydipsia,1,1,6.907755278982137
12034,polyethylene,1,1,6.907755278982137
12035,polygonatum,1,1,6.907755278982137
12036,polyhormonal,1,1,6.907755278982137
12037,polylactide,1,1,6.907755278982137
12038,polymer,1,1,6.907755278982137
12039,polymerase,1,1,6.907755278982137
12040,polymethyl,1,1,6.907755278982137
12041,polypeptid,1,1,6.907755278982137
12042,polyphagia,1,1,6.907755278982137
12043,polyphenol,1,1,6.907755278982137
12044,polysynaptic,1,1,6.907755278982137
12045,pomegranate,1,1,6.907755278982137
12046,popc,1,1,6.907755278982137
12047,popping,1,1,6.907755278982137
12048,populace,1,1,6.907755278982137
12049,popularized,1,1,6.907755278982137
12050,populationlevel,1,1,6.907755278982137
12051,porosity,1,1,6.907755278982137
12052,porphyria,1,1,6.907755278982137
12053,porphyromonas,1,1,6.907755278982137
12054,posibil6eskd,1,1,6.907755278982137
12055,positing,1,1,6.907755278982137
12056,positivity,1,1,6.907755278982137
12057,possessing,1,1,6.907755278982137
12058,postacute,1,1,6.907755278982137
12059,postexertional,1,1,6.907755278982137
12060,postmenopause,1,1,6.907755278982137
12061,postmortem,1,1,6.907755278982137
12062,postprandially,1,1,6.907755278982137
12063,postrema,1,1,6.907755278982137
12064,posttransplantation,1,1,6.907755278982137
12065,potentialmolecular,1,1,6.907755278982137
12066,potentiating,1,1,6.907755278982137
12067,poultry,1,1,6.907755278982137
12068,pound,1,1,6.907755278982137
12069,powerfully,1,1,6.907755278982137
12070,ppard,1,1,6.907755278982137
12071,ppm,1,1,6.907755278982137
12072,pppm,1,1,6.907755278982137
12073,practitioners,1,1,6.907755278982137
12074,pramlintide,1,1,6.907755278982137
12075,prazosin,1,1,6.907755278982137
12076,preabsorption,1,1,6.907755278982137
12077,preadolescent,1,1,6.907755278982137
12078,prebiotic,1,1,6.907755278982137
12079,precede,1,1,6.907755278982137
12080,precipitates,1,1,6.907755278982137
12081,precipitating,1,1,6.907755278982137
12082,precipitation,1,1,6.907755278982137
12083,preclinically,1,1,6.907755278982137
12084,precluded,1,1,6.907755278982137
12085,precocious,1,1,6.907755278982137
12086,predictable,1,1,6.907755278982137
12087,predispose,1,1,6.907755278982137
12088,predisposed,1,1,6.907755278982137
12089,predisposes,1,1,6.907755278982137
12090,predispositions,1,1,6.907755278982137
12091,predominate,1,1,6.907755278982137
12092,predominated,1,1,6.907755278982137
12093,predominately,1,1,6.907755278982137
12094,preferable,1,1,6.907755278982137
12095,prefrontal,1,1,6.907755278982137
12096,pregnenolone,1,1,6.907755278982137
12097,prejudice,1,1,6.907755278982137
12098,premier,1,1,6.907755278982137
12099,preparing,1,1,6.907755278982137
12100,preproglucagon,1,1,6.907755278982137
12101,preregister,1,1,6.907755278982137
12102,preregistration,1,1,6.907755278982137
12103,prescribe,1,1,6.907755278982137
12104,presenters,1,1,6.907755278982137
12105,pressing,1,1,6.907755278982137
12106,presumably,1,1,6.907755278982137
12107,presumed,1,1,6.907755278982137
12108,presystemic,1,1,6.907755278982137
12109,pretreated,1,1,6.907755278982137
12110,preventable,1,1,6.907755278982137
12111,preventative,1,1,6.907755278982137
12112,preventt2,1,1,6.907755278982137
12113,primates,1,1,6.907755278982137
12114,prime,1,1,6.907755278982137
12115,priming,1,1,6.907755278982137
12116,primitive,1,1,6.907755278982137
12117,priori,1,1,6.907755278982137
12118,prioritise,1,1,6.907755278982137
12119,prioritising,1,1,6.907755278982137
12120,prioritization,1,1,6.907755278982137
12121,prioritizes,1,1,6.907755278982137
12122,prisons,1,1,6.907755278982137
12123,privileged,1,1,6.907755278982137
12124,proactively,1,1,6.907755278982137
12125,proband,1,1,6.907755278982137
12126,probes,1,1,6.907755278982137
12127,probing,1,1,6.907755278982137
12128,problematic,1,1,6.907755278982137
12129,probucol,1,1,6.907755278982137
12130,proceedings,1,1,6.907755278982137
12131,procurement,1,1,6.907755278982137
12132,procyanidins,1,1,6.907755278982137
12133,prodrugs,1,1,6.907755278982137
12134,productivities,1,1,6.907755278982137
12135,produxion,1,1,6.907755278982137
12136,professions,1,1,6.907755278982137
12137,profiled,1,1,6.907755278982137
12138,profit,1,1,6.907755278982137
12139,progenitors,1,1,6.907755278982137
12140,progesterone,1,1,6.907755278982137
12141,progestogen,1,1,6.907755278982137
12142,prognostication,1,1,6.907755278982137
12143,programmatic,1,1,6.907755278982137
12144,progranulin,1,1,6.907755278982137
12145,progressing,1,1,6.907755278982137
12146,prohibited,1,1,6.907755278982137
12147,proinflammatory,1,1,6.907755278982137
12148,projection,1,1,6.907755278982137
12149,projects,1,1,6.907755278982137
12150,prolactin,1,1,6.907755278982137
12151,prolific,1,1,6.907755278982137
12152,prolongation,1,1,6.907755278982137
12153,prolongs,1,1,6.907755278982137
12154,prominently,1,1,6.907755278982137
12155,promises,1,1,6.907755278982137
12156,promotemitophagic,1,1,6.907755278982137
12157,prompting,1,1,6.907755278982137
12158,promptly,1,1,6.907755278982137
12159,promyelocyte,1,1,6.907755278982137
12160,pronged,1,1,6.907755278982137
12161,propagate,1,1,6.907755278982137
12162,propanoate,1,1,6.907755278982137
12163,propanoic,1,1,6.907755278982137
12164,propelled,1,1,6.907755278982137
12165,proportionately,1,1,6.907755278982137
12166,proposals,1,1,6.907755278982137
12167,propositions,1,1,6.907755278982137
12168,proprotein,1,1,6.907755278982137
12169,proquest,1,1,6.907755278982137
12170,pros,1,1,6.907755278982137
12171,prospects,1,1,6.907755278982137
12172,protease,1,1,6.907755278982137
12173,protects,1,1,6.907755278982137
12174,proteostatic,1,1,6.907755278982137
12175,proteotoxicity,1,1,6.907755278982137
12176,prototypical,1,1,6.907755278982137
12177,prove,1,1,6.907755278982137
12178,proved,1,1,6.907755278982137
12179,provinces,1,1,6.907755278982137
12180,provocative,1,1,6.907755278982137
12181,proxies,1,1,6.907755278982137
12182,proximity,1,1,6.907755278982137
12183,prp,1,1,6.907755278982137
12184,prurigo,1,1,6.907755278982137
12185,pruritic,1,1,6.907755278982137
12186,pseudonymised,1,1,6.907755278982137
12187,pseudopapilloedema,1,1,6.907755278982137
12188,psg,1,1,6.907755278982137
12189,psychedelic,1,1,6.907755278982137
12190,psychedelics,1,1,6.907755278982137
12191,psychinfo,1,1,6.907755278982137
12192,psychodietetics,1,1,6.907755278982137
12193,psychomotor,1,1,6.907755278982137
12194,psychopathological,1,1,6.907755278982137
12195,psychopharmacological,1,1,6.907755278982137
12196,psychosis,1,1,6.907755278982137
12197,psychostimulants,1,1,6.907755278982137
12198,psychotherapy,1,1,6.907755278982137
12199,psychotropics,1,1,6.907755278982137
12200,psycinfo,1,1,6.907755278982137
12201,pth,1,1,6.907755278982137
12202,pufa,1,1,6.907755278982137
12203,pufas,1,1,6.907755278982137
12204,puget,1,1,6.907755278982137
12205,pull,1,1,6.907755278982137
12206,pullulan,1,1,6.907755278982137
12207,pulsatility,1,1,6.907755278982137
12208,pumps,1,1,6.907755278982137
12209,puncture,1,1,6.907755278982137
12210,pupil,1,1,6.907755278982137
12211,purchasable,1,1,6.907755278982137
12212,purchase,1,1,6.907755278982137
12213,purchased,1,1,6.907755278982137
12214,purchasing,1,1,6.907755278982137
12215,pure,1,1,6.907755278982137
12216,purification,1,1,6.907755278982137
12217,purine,1,1,6.907755278982137
12218,purkinje,1,1,6.907755278982137
12219,purported,1,1,6.907755278982137
12220,pursue,1,1,6.907755278982137
12221,pursued,1,1,6.907755278982137
12222,pushing,1,1,6.907755278982137
12223,pwt2d,1,1,6.907755278982137
12224,pycard,1,1,6.907755278982137
12225,pyd,1,1,6.907755278982137
12226,pyridoxamine,1,1,6.907755278982137
12227,pyrimidine,1,1,6.907755278982137
12228,q1,1,1,6.907755278982137
12229,q2,1,1,6.907755278982137
12230,q48,1,1,6.907755278982137
12231,q48h,1,1,6.907755278982137
12232,qf,1,1,6.907755278982137
12233,qrt,1,1,6.907755278982137
12234,qst,1,1,6.907755278982137
12235,qt,1,1,6.907755278982137
12236,quadriceps,1,1,6.907755278982137
12237,qualities,1,1,6.907755278982137
12238,quantifiable,1,1,6.907755278982137
12239,quantifies,1,1,6.907755278982137
12240,quantitation,1,1,6.907755278982137
12241,quantum,1,1,6.907755278982137
12242,quarters,1,1,6.907755278982137
12243,quartile,1,1,6.907755278982137
12244,questioned,1,1,6.907755278982137
12245,quit,1,1,6.907755278982137
12246,quite,1,1,6.907755278982137
12247,quote,1,1,6.907755278982137
12248,quoted,1,1,6.907755278982137
12249,r000055239,1,1,6.907755278982137
12250,r000055242,1,1,6.907755278982137
12251,r01ag023629,1,1,6.907755278982137
12252,r01hl144483,1,1,6.907755278982137
12253,r01hl146145,1,1,6.907755278982137
12254,r01hl172803,1,1,6.907755278982137
12255,r12,1,1,6.907755278982137
12256,r5,1,1,6.907755278982137
12257,radioactive,1,1,6.907755278982137
12258,radiotracers,1,1,6.907755278982137
12259,ram,1,1,6.907755278982137
12260,raman,1,1,6.907755278982137
12261,rams,1,1,6.907755278982137
12262,ran,1,1,6.907755278982137
12263,ranitidine,1,1,6.907755278982137
12264,ranks,1,1,6.907755278982137
12265,rarer,1,1,6.907755278982137
12266,rash,1,1,6.907755278982137
12267,rasis,1,1,6.907755278982137
12268,rating,1,1,6.907755278982137
12269,rationales,1,1,6.907755278982137
12270,rationalized,1,1,6.907755278982137
12271,rationally,1,1,6.907755278982137
12272,rationing,1,1,6.907755278982137
12273,raw264,1,1,6.907755278982137
12274,rbd,1,1,6.907755278982137
12275,rcc,1,1,6.907755278982137
12276,reactivation,1,1,6.907755278982137
12277,reader,1,1,6.907755278982137
12278,reading,1,1,6.907755278982137
12279,realise,1,1,6.907755278982137
12280,realised,1,1,6.907755278982137
12281,realizing,1,1,6.907755278982137
12282,reanalyzed,1,1,6.907755278982137
12283,rearrangements,1,1,6.907755278982137
12284,reasonably,1,1,6.907755278982137
12285,reassignment,1,1,6.907755278982137
12286,rebounded,1,1,6.907755278982137
12287,recalculation,1,1,6.907755278982137
12288,recall,1,1,6.907755278982137
12289,recalled,1,1,6.907755278982137
12290,recalls,1,1,6.907755278982137
12291,receives,1,1,6.907755278982137
12292,recipient,1,1,6.907755278982137
12293,reciprocal,1,1,6.907755278982137
12294,reclaim,1,1,6.907755278982137
12295,reclassify,1,1,6.907755278982137
12296,recognisable,1,1,6.907755278982137
12297,recognising,1,1,6.907755278982137
12298,recognizes,1,1,6.907755278982137
12299,recolonization,1,1,6.907755278982137
12300,reconcilable,1,1,6.907755278982137
12301,reconcile,1,1,6.907755278982137
12302,reconciliation,1,1,6.907755278982137
12303,reconfigure,1,1,6.907755278982137
12304,reconfigures,1,1,6.907755278982137
12305,reconstruct,1,1,6.907755278982137
12306,reconstructive,1,1,6.907755278982137
12307,reconstructs,1,1,6.907755278982137
12308,recordings,1,1,6.907755278982137
12309,recoveries,1,1,6.907755278982137
12310,recruiting,1,1,6.907755278982137
12311,recruits,1,1,6.907755278982137
12312,rectal,1,1,6.907755278982137
12313,recurrences,1,1,6.907755278982137
12314,recycling,1,1,6.907755278982137
12315,reddit,1,1,6.907755278982137
12316,reductionist,1,1,6.907755278982137
12317,refer,1,1,6.907755278982137
12318,referable,1,1,6.907755278982137
12319,refinement,1,1,6.907755278982137
12320,refining,1,1,6.907755278982137
12321,reflection,1,1,6.907755278982137
12322,refraction,1,1,6.907755278982137
12323,reframes,1,1,6.907755278982137
12324,refresh,1,1,6.907755278982137
12325,refute,1,1,6.907755278982137
12326,refuted,1,1,6.907755278982137
12327,regenerate,1,1,6.907755278982137
12328,registrated,1,1,6.907755278982137
12329,registrations,1,1,6.907755278982137
12330,regularly,1,1,6.907755278982137
12331,rehearsed,1,1,6.907755278982137
12332,reimbursed,1,1,6.907755278982137
12333,reinforce,1,1,6.907755278982137
12334,reinforces,1,1,6.907755278982137
12335,reinstated,1,1,6.907755278982137
12336,reinstatement,1,1,6.907755278982137
12337,reintervention,1,1,6.907755278982137
12338,reintroduced,1,1,6.907755278982137
12339,rejecting,1,1,6.907755278982137
12340,rejects,1,1,6.907755278982137
12341,rejuvenation,1,1,6.907755278982137
12342,relating,1,1,6.907755278982137
12343,relays,1,1,6.907755278982137
12344,releases,1,1,6.907755278982137
12345,releasing,1,1,6.907755278982137
12346,relied,1,1,6.907755278982137
12347,rem,1,1,6.907755278982137
12348,remainder,1,1,6.907755278982137
12349,remarkably,1,1,6.907755278982137
12350,remediation,1,1,6.907755278982137
12351,remimazolam,1,1,6.907755278982137
12352,remnant,1,1,6.907755278982137
12353,remotely,1,1,6.907755278982137
12354,remove,1,1,6.907755278982137
12355,removing,1,1,6.907755278982137
12356,ren,1,1,6.907755278982137
12357,rencofilstat,1,1,6.907755278982137
12358,renewal,1,1,6.907755278982137
12359,renji,1,1,6.907755278982137
12360,reorganized,1,1,6.907755278982137
12361,reorient,1,1,6.907755278982137
12362,repaglinide,1,1,6.907755278982137
12363,repeatedly,1,1,6.907755278982137
12364,repeating,1,1,6.907755278982137
12365,reperfusion,1,1,6.907755278982137
12366,repetitive,1,1,6.907755278982137
12367,replaced,1,1,6.907755278982137
12368,replenished,1,1,6.907755278982137
12369,replenishment,1,1,6.907755278982137
12370,reportedly,1,1,6.907755278982137
12371,repression,1,1,6.907755278982137
12372,repressor,1,1,6.907755278982137
12373,reproduce,1,1,6.907755278982137
12374,reproducibly,1,1,6.907755278982137
12375,reprograming,1,1,6.907755278982137
12376,reprograms,1,1,6.907755278982137
12377,repulsive,1,1,6.907755278982137
12378,requests,1,1,6.907755278982137
12379,resamples,1,1,6.907755278982137
12380,rescaled,1,1,6.907755278982137
12381,rescues,1,1,6.907755278982137
12382,rescuing,1,1,6.907755278982137
12383,researched,1,1,6.907755278982137
12384,researches,1,1,6.907755278982137
12385,resection,1,1,6.907755278982137
12386,resemble,1,1,6.907755278982137
12387,resembling,1,1,6.907755278982137
12388,resent,1,1,6.907755278982137
12389,reserving,1,1,6.907755278982137
12390,reset,1,1,6.907755278982137
12391,reside,1,1,6.907755278982137
12392,resident,1,1,6.907755278982137
12393,residing,1,1,6.907755278982137
12394,residue,1,1,6.907755278982137
12395,resist,1,1,6.907755278982137
12396,resists,1,1,6.907755278982137
12397,resmetiron,1,1,6.907755278982137
12398,resolves,1,1,6.907755278982137
12399,resolving,1,1,6.907755278982137
12400,respirometer,1,1,6.907755278982137
12401,respond,1,1,6.907755278982137
12402,responsibility,1,1,6.907755278982137
12403,restabilisation,1,1,6.907755278982137
12404,restorative,1,1,6.907755278982137
12405,restricting,1,1,6.907755278982137
12406,restrictive,1,1,6.907755278982137
12407,restructuring,1,1,6.907755278982137
12408,results608,1,1,6.907755278982137
12409,resultsa,1,1,6.907755278982137
12410,resultsamong,1,1,6.907755278982137
12411,resultsdemonstrate,1,1,6.907755278982137
12412,resultsglp,1,1,6.907755278982137
12413,resultshigher,1,1,6.907755278982137
12414,resultsthe,1,1,6.907755278982137
12415,resumption,1,1,6.907755278982137
12416,resurgence,1,1,6.907755278982137
12417,retears,1,1,6.907755278982137
12418,retina,1,1,6.907755278982137
12419,retinoids,1,1,6.907755278982137
12420,retrieval,1,1,6.907755278982137
12421,returning,1,1,6.907755278982137
12422,reuptake,1,1,6.907755278982137
12423,reusing,1,1,6.907755278982137
12424,reuteri,1,1,6.907755278982137
12425,reverses,1,1,6.907755278982137
12426,reversibly,1,1,6.907755278982137
12427,revert,1,1,6.907755278982137
12428,reviewer,1,1,6.907755278982137
12429,reviewing,1,1,6.907755278982137
12430,revisional,1,1,6.907755278982137
12431,revisits,1,1,6.907755278982137
12432,revman,1,1,6.907755278982137
12433,revolutionizing,1,1,6.907755278982137
12434,rewind,1,1,6.907755278982137
12435,rewiring,1,1,6.907755278982137
12436,rewriting,1,1,6.907755278982137
12437,rezdiffra,1,1,6.907755278982137
12438,rfr,1,1,6.907755278982137
12439,rfrs,1,1,6.907755278982137
12440,rfs,1,1,6.907755278982137
12441,rgcvia,1,1,6.907755278982137
12442,rheumatic,1,1,6.907755278982137
12443,rheumatoid,1,1,6.907755278982137
12444,rheumatoidarthritis,1,1,6.907755278982137
12445,rhythms,1,1,6.907755278982137
12446,ribonucleic,1,1,6.907755278982137
12447,ribonucleotides,1,1,6.907755278982137
12448,riboside,1,1,6.907755278982137
12449,richness,1,1,6.907755278982137
12450,rifamycin,1,1,6.907755278982137
12451,rife,1,1,6.907755278982137
12452,rigor,1,1,6.907755278982137
12453,rigorously,1,1,6.907755278982137
12454,rip,1,1,6.907755278982137
12455,ripe,1,1,6.907755278982137
12456,ripk3,1,1,6.907755278982137
12457,risking,1,1,6.907755278982137
12458,risky,1,1,6.907755278982137
12459,rival,1,1,6.907755278982137
12460,rivals,1,1,6.907755278982137
12461,riyadh,1,1,6.907755278982137
12462,riz,1,1,6.907755278982137
12463,rizatriptan,1,1,6.907755278982137
12464,rnas,1,1,6.907755278982137
12465,rob2,1,1,6.907755278982137
12466,rockwood,1,1,6.907755278982137
12467,rodentium,1,1,6.907755278982137
12468,rolipram,1,1,6.907755278982137
12469,romboutsia,1,1,6.907755278982137
12470,roots,1,1,6.907755278982137
12471,roscohumeanols,1,1,6.907755278982137
12472,roughly,1,1,6.907755278982137
12473,round,1,1,6.907755278982137
12474,routines,1,1,6.907755278982137
12475,rps6,1,1,6.907755278982137
12476,rs13429709,1,1,6.907755278982137
12477,rs156003,1,1,6.907755278982137
12478,rs17574,1,1,6.907755278982137
12479,rs2235868,1,1,6.907755278982137
12480,rsn,1,1,6.907755278982137
12481,rst25n,1,1,6.907755278982137
12482,ruboxistaurin,1,1,6.907755278982137
12483,ruled,1,1,6.907755278982137
12484,ruminants,1,1,6.907755278982137
12485,ruminococcaceae,1,1,6.907755278982137
12486,running,1,1,6.907755278982137
12487,runtime,1,1,6.907755278982137
12488,rvx,1,1,6.907755278982137
12489,ryanodine,1,1,6.907755278982137
12490,ryr2,1,1,6.907755278982137
12491,r²,1,1,6.907755278982137
12492,s1p,1,1,6.907755278982137
12493,s1p1,1,1,6.907755278982137
12494,s6,1,1,6.907755278982137
12495,saccharolytic,1,1,6.907755278982137
12496,saccharomyces,1,1,6.907755278982137
12497,sachet,1,1,6.907755278982137
12498,sachets,1,1,6.907755278982137
12499,sacubitril,1,1,6.907755278982137
12500,sad,1,1,6.907755278982137
12501,safeguards,1,1,6.907755278982137
12502,salacia,1,1,6.907755278982137
12503,sales,1,1,6.907755278982137
12504,saligenin,1,1,6.907755278982137
12505,salty,1,1,6.907755278982137
12506,salud,1,1,6.907755278982137
12507,sameness,1,1,6.907755278982137
12508,sanger,1,1,6.907755278982137
12509,sanghuangporus,1,1,6.907755278982137
12510,sar,1,1,6.907755278982137
12511,sarcolemmal,1,1,6.907755278982137
12512,sas,1,1,6.907755278982137
12513,saving,1,1,6.907755278982137
12514,savings,1,1,6.907755278982137
12515,saw,1,1,6.907755278982137
12516,sax,1,1,6.907755278982137
12517,saxenda,1,1,6.907755278982137
12518,saxs,1,1,6.907755278982137
12519,sbm,1,1,6.907755278982137
12520,scalability,1,1,6.907755278982137
12521,scaled,1,1,6.907755278982137
12522,scarcely,1,1,6.907755278982137
12523,scattered,1,1,6.907755278982137
12524,scavenged,1,1,6.907755278982137
12525,scd,1,1,6.907755278982137
12526,schedule,1,1,6.907755278982137
12527,scheduler,1,1,6.907755278982137
12528,schedules,1,1,6.907755278982137
12529,scid,1,1,6.907755278982137
12530,scientifically,1,1,6.907755278982137
12531,scintigraphic,1,1,6.907755278982137
12532,scintigraphy,1,1,6.907755278982137
12533,sciwind,1,1,6.907755278982137
12534,sclerostin,1,1,6.907755278982137
12535,score2,1,1,6.907755278982137
12536,screenings,1,1,6.907755278982137
12537,screens,1,1,6.907755278982137
12538,sctr,1,1,6.907755278982137
12539,scx,1,1,6.907755278982137
12540,sds,1,1,6.907755278982137
12541,seasonings,1,1,6.907755278982137
12542,seborrheic,1,1,6.907755278982137
12543,secondarily,1,1,6.907755278982137
12544,secret,1,1,6.907755278982137
12545,secretagogic,1,1,6.907755278982137
12546,secretomes,1,1,6.907755278982137
12547,sectors,1,1,6.907755278982137
12548,secukinumab,1,1,6.907755278982137
12549,secular,1,1,6.907755278982137
12550,security,1,1,6.907755278982137
12551,sedative,1,1,6.907755278982137
12552,sedimentation,1,1,6.907755278982137
12553,seekers,1,1,6.907755278982137
12554,seem,1,1,6.907755278982137
12555,segmental,1,1,6.907755278982137
12556,segregation,1,1,6.907755278982137
12557,sell,1,1,6.907755278982137
12558,selonsertib,1,1,6.907755278982137
12559,semiannual,1,1,6.907755278982137
12560,seminal,1,1,6.907755278982137
12561,seminar,1,1,6.907755278982137
12562,seminars,1,1,6.907755278982137
12563,seminiferous,1,1,6.907755278982137
12564,seniors,1,1,6.907755278982137
12565,senomorphic,1,1,6.907755278982137
12566,sensations,1,1,6.907755278982137
12567,sensed,1,1,6.907755278982137
12568,sent,1,1,6.907755278982137
12569,sentiment,1,1,6.907755278982137
12570,sentiments,1,1,6.907755278982137
12571,sentinel,1,1,6.907755278982137
12572,seoul,1,1,6.907755278982137
12573,separating,1,1,6.907755278982137
12574,ser235,1,1,6.907755278982137
12575,ser236,1,1,6.907755278982137
12576,ser31,1,1,6.907755278982137
12577,ser9,1,1,6.907755278982137
12578,sera,1,1,6.907755278982137
12579,serca2a,1,1,6.907755278982137
12580,serendipitous,1,1,6.907755278982137
12581,serially,1,1,6.907755278982137
12582,serotonin,1,1,6.907755278982137
12583,ses,1,1,6.907755278982137
12584,settled,1,1,6.907755278982137
12585,seventeen,1,1,6.907755278982137
12586,sexually,1,1,6.907755278982137
12587,sgc,1,1,6.907755278982137
12588,sgl2,1,1,6.907755278982137
12589,sglt1,1,1,6.907755278982137
12590,sh,1,1,6.907755278982137
12591,shams,1,1,6.907755278982137
12592,shannon,1,1,6.907755278982137
12593,shanxi,1,1,6.907755278982137
12594,shaping,1,1,6.907755278982137
12595,shapley,1,1,6.907755278982137
12596,shareholder,1,1,6.907755278982137
12597,sharjah,1,1,6.907755278982137
12598,sharp,1,1,6.907755278982137
12599,sharpness,1,1,6.907755278982137
12600,shemountain,1,1,6.907755278982137
12601,shigella,1,1,6.907755278982137
12602,shipt,1,1,6.907755278982137
12603,shocks,1,1,6.907755278982137
12604,shoot,1,1,6.907755278982137
12605,shopper,1,1,6.907755278982137
12606,shore,1,1,6.907755278982137
12607,shortened,1,1,6.907755278982137
12608,shortens,1,1,6.907755278982137
12609,shortform,1,1,6.907755278982137
12610,shotgun,1,1,6.907755278982137
12611,shoulder,1,1,6.907755278982137
12612,showcasing,1,1,6.907755278982137
12613,shrinker,1,1,6.907755278982137
12614,shrs,1,1,6.907755278982137
12615,sickest,1,1,6.907755278982137
12616,sickle,1,1,6.907755278982137
12617,sidik,1,1,6.907755278982137
12618,sigma,1,1,6.907755278982137
12619,sign,1,1,6.907755278982137
12620,signaled,1,1,6.907755278982137
12621,signify,1,1,6.907755278982137
12622,siloed,1,1,6.907755278982137
12623,singhealth,1,1,6.907755278982137
12624,singleton,1,1,6.907755278982137
12625,sinking,1,1,6.907755278982137
12626,sino,1,1,6.907755278982137
12627,sinopulmonary,1,1,6.907755278982137
12628,sinusitis,1,1,6.907755278982137
12629,sinusoidal,1,1,6.907755278982137
12630,sirius,1,1,6.907755278982137
12631,sirt,1,1,6.907755278982137
12632,sirt7,1,1,6.907755278982137
12633,sitosterol,1,1,6.907755278982137
12634,six3,1,1,6.907755278982137
12635,skewed,1,1,6.907755278982137
12636,skills,1,1,6.907755278982137
12637,sl,1,1,6.907755278982137
12638,slaughter,1,1,6.907755278982137
12639,slc25a33,1,1,6.907755278982137
12640,slc2a2,1,1,6.907755278982137
12641,slc5a2,1,1,6.907755278982137
12642,sleeping,1,1,6.907755278982137
12643,slight,1,1,6.907755278982137
12644,slimness,1,1,6.907755278982137
12645,slns,1,1,6.907755278982137
12646,slower,1,1,6.907755278982137
12647,smallest,1,1,6.907755278982137
12648,snacks,1,1,6.907755278982137
12649,snapshot,1,1,6.907755278982137
12650,snp,1,1,6.907755278982137
12651,sns,1,1,6.907755278982137
12652,sociability,1,1,6.907755278982137
12653,societies,1,1,6.907755278982137
12654,socioeconomically,1,1,6.907755278982137
12655,sociomedical,1,1,6.907755278982137
12656,sociopolitical,1,1,6.907755278982137
12657,softened,1,1,6.907755278982137
12658,soil,1,1,6.907755278982137
12659,soleus,1,1,6.907755278982137
12660,solitary,1,1,6.907755278982137
12661,solriamfetol,1,1,6.907755278982137
12662,solutions,1,1,6.907755278982137
12663,solvent,1,1,6.907755278982137
12664,solvents,1,1,6.907755278982137
12665,sometimes,1,1,6.907755278982137
12666,somnolence,1,1,6.907755278982137
12667,soon,1,1,6.907755278982137
12668,sorted,1,1,6.907755278982137
12669,sortilin,1,1,6.907755278982137
12670,sost,1,1,6.907755278982137
12671,sound,1,1,6.907755278982137
12672,sounds,1,1,6.907755278982137
12673,sox4,1,1,6.907755278982137
12674,soybean,1,1,6.907755278982137
12675,sp,1,1,6.907755278982137
12676,span,1,1,6.907755278982137
12677,spanned,1,1,6.907755278982137
12678,sparing,1,1,6.907755278982137
12679,spark,1,1,6.907755278982137
12680,speaking,1,1,6.907755278982137
12681,spearman,1,1,6.907755278982137
12682,specialists,1,1,6.907755278982137
12683,specialities,1,1,6.907755278982137
12684,specialization,1,1,6.907755278982137
12685,specializing,1,1,6.907755278982137
12686,specify,1,1,6.907755278982137
12687,spectacles,1,1,6.907755278982137
12688,spectrofluorometric,1,1,6.907755278982137
12689,spectrophotometry,1,1,6.907755278982137
12690,spectroscopically,1,1,6.907755278982137
12691,speculate,1,1,6.907755278982137
12692,speculative,1,1,6.907755278982137
12693,speeds,1,1,6.907755278982137
12694,spending,1,1,6.907755278982137
12695,spent,1,1,6.907755278982137
12696,spermidine,1,1,6.907755278982137
12697,spherically,1,1,6.907755278982137
12698,sphingolipid,1,1,6.907755278982137
12699,sphingolipids,1,1,6.907755278982137
12700,spices,1,1,6.907755278982137
12701,spiked,1,1,6.907755278982137
12702,spillover,1,1,6.907755278982137
12703,spiro,1,1,6.907755278982137
12704,spirocyclic,1,1,6.907755278982137
12705,splenic,1,1,6.907755278982137
12706,split,1,1,6.907755278982137
12707,splitting,1,1,6.907755278982137
12708,sponges,1,1,6.907755278982137
12709,sponging,1,1,6.907755278982137
12710,sponsored,1,1,6.907755278982137
12711,spo₂,1,1,6.907755278982137
12712,spss,1,1,6.907755278982137
12713,spurred,1,1,6.907755278982137
12714,sputum,1,1,6.907755278982137
12715,srlc,1,1,6.907755278982137
12716,ss,1,1,6.907755278982137
12717,ss2,1,1,6.907755278982137
12718,sstr5,1,1,6.907755278982137
12719,st,1,1,6.907755278982137
12720,st25l,1,1,6.907755278982137
12721,st25n,1,1,6.907755278982137
12722,stabilisation,1,1,6.907755278982137
12723,stabilised,1,1,6.907755278982137
12724,stabilises,1,1,6.907755278982137
12725,stably,1,1,6.907755278982137
12726,stack,1,1,6.907755278982137
12727,staffing,1,1,6.907755278982137
12728,stagger,1,1,6.907755278982137
12729,stagnated,1,1,6.907755278982137
12730,stainings,1,1,6.907755278982137
12731,stakeholders,1,1,6.907755278982137
12732,stalk,1,1,6.907755278982137
12733,standardisation,1,1,6.907755278982137
12734,standing,1,1,6.907755278982137
12735,stands,1,1,6.907755278982137
12736,stapling,1,1,6.907755278982137
12737,stars,1,1,6.907755278982137
12738,stat,1,1,6.907755278982137
12739,stata,1,1,6.907755278982137
12740,statewide,1,1,6.907755278982137
12741,station,1,1,6.907755278982137
12742,stations,1,1,6.907755278982137
12743,statistician,1,1,6.907755278982137
12744,stature,1,1,6.907755278982137
12745,statute,1,1,6.907755278982137
12746,stays,1,1,6.907755278982137
12747,steadily,1,1,6.907755278982137
12748,stearic,1,1,6.907755278982137
12749,steep,1,1,6.907755278982137
12750,steeper,1,1,6.907755278982137
12751,steeply,1,1,6.907755278982137
12752,stemming,1,1,6.907755278982137
12753,stemness,1,1,6.907755278982137
12754,stems,1,1,6.907755278982137
12755,stenosis,1,1,6.907755278982137
12756,stent,1,1,6.907755278982137
12757,steroidogenic,1,1,6.907755278982137
12758,steroids,1,1,6.907755278982137
12759,sterol,1,1,6.907755278982137
12760,stigmatized,1,1,6.907755278982137
12761,stimulatin,1,1,6.907755278982137
12762,stinging,1,1,6.907755278982137
12763,stock,1,1,6.907755278982137
12764,stool,1,1,6.907755278982137
12765,stop,1,1,6.907755278982137
12766,stopped,1,1,6.907755278982137
12767,stores,1,1,6.907755278982137
12768,strategiesfundingthe,1,1,6.907755278982137
12769,stratifications,1,1,6.907755278982137
12770,stratum,1,1,6.907755278982137
12771,streamline,1,1,6.907755278982137
12772,streamlined,1,1,6.907755278982137
12773,strengthened,1,1,6.907755278982137
12774,strengthens,1,1,6.907755278982137
12775,stressed,1,1,6.907755278982137
12776,stressor,1,1,6.907755278982137
12777,stressors,1,1,6.907755278982137
12778,striatum,1,1,6.907755278982137
12779,striking,1,1,6.907755278982137
12780,strikingly,1,1,6.907755278982137
12781,stringent,1,1,6.907755278982137
12782,strobe,1,1,6.907755278982137
12783,stzr,1,1,6.907755278982137
12784,subacute,1,1,6.907755278982137
12785,subcellular,1,1,6.907755278982137
12786,subchondral,1,1,6.907755278982137
12787,subcortical,1,1,6.907755278982137
12788,subdistribution,1,1,6.907755278982137
12789,subendocardial,1,1,6.907755278982137
12790,submitted,1,1,6.907755278982137
12791,subscale,1,1,6.907755278982137
12792,subscales,1,1,6.907755278982137
12793,subscore,1,1,6.907755278982137
12794,subsidies,1,1,6.907755278982137
12795,subsidy,1,1,6.907755278982137
12796,substantia,1,1,6.907755278982137
12797,substitute,1,1,6.907755278982137
12798,substitutedphenyl,1,1,6.907755278982137
12799,substitutes,1,1,6.907755278982137
12800,substituting,1,1,6.907755278982137
12801,subverted,1,1,6.907755278982137
12802,succinate,1,1,6.907755278982137
12803,suctioning,1,1,6.907755278982137
12804,suffered,1,1,6.907755278982137
12805,sufficiency,1,1,6.907755278982137
12806,sufficiently,1,1,6.907755278982137
12807,sulfoxide,1,1,6.907755278982137
12808,sulodexide,1,1,6.907755278982137
12809,sulphate,1,1,6.907755278982137
12810,sulphonylurea,1,1,6.907755278982137
12811,summaries,1,1,6.907755278982137
12812,summarise,1,1,6.907755278982137
12813,summarizing,1,1,6.907755278982137
12814,sunk,1,1,6.907755278982137
12815,sunrouge,1,1,6.907755278982137
12816,superecliptic,1,1,6.907755278982137
12817,superfocus,1,1,6.907755278982137
12818,superlearner,1,1,6.907755278982137
12819,superseded,1,1,6.907755278982137
12820,supervision,1,1,6.907755278982137
12821,supplementing,1,1,6.907755278982137
12822,supplied,1,1,6.907755278982137
12823,suppressant,1,1,6.907755278982137
12824,suppressor,1,1,6.907755278982137
12825,supramolecular,1,1,6.907755278982137
12826,supraphysiological,1,1,6.907755278982137
12827,sural,1,1,6.907755278982137
12828,surfaces,1,1,6.907755278982137
12829,surge,1,1,6.907755278982137
12830,surging,1,1,6.907755278982137
12831,surpassing,1,1,6.907755278982137
12832,surround,1,1,6.907755278982137
12833,surrounded,1,1,6.907755278982137
12834,surrounds,1,1,6.907755278982137
12835,survive,1,1,6.907755278982137
12836,surviving,1,1,6.907755278982137
12837,survivor,1,1,6.907755278982137
12838,sustainably,1,1,6.907755278982137
12839,sustains,1,1,6.907755278982137
12840,sweets,1,1,6.907755278982137
12841,swiftly,1,1,6.907755278982137
12842,swiss,1,1,6.907755278982137
12843,switches,1,1,6.907755278982137
12844,sydney,1,1,6.907755278982137
12845,symbiotic,1,1,6.907755278982137
12846,symmetrical,1,1,6.907755278982137
12847,symmetry,1,1,6.907755278982137
12848,sympathomimetic,1,1,6.907755278982137
12849,symposium,1,1,6.907755278982137
12850,synbiotic,1,1,6.907755278982137
12851,synchronize,1,1,6.907755278982137
12852,syncollin,1,1,6.907755278982137
12853,syndromic,1,1,6.907755278982137
12854,synonymous,1,1,6.907755278982137
12855,synthesizer,1,1,6.907755278982137
12856,syrcle,1,1,6.907755278982137
12857,systemically,1,1,6.907755278982137
12858,t3165,1,1,6.907755278982137
12859,ta,1,1,6.907755278982137
12860,tables,1,1,6.907755278982137
12861,tackling,1,1,6.907755278982137
12862,tagged,1,1,6.907755278982137
12863,tags,1,1,6.907755278982137
12864,tail,1,1,6.907755278982137
12865,tailor,1,1,6.907755278982137
12866,tailoring,1,1,6.907755278982137
12867,tanlab,1,1,6.907755278982137
12868,tannic,1,1,6.907755278982137
12869,tapering,1,1,6.907755278982137
12870,tartrate,1,1,6.907755278982137
12871,tasks,1,1,6.907755278982137
12872,taurocholic,1,1,6.907755278982137
12873,taurolithocholate,1,1,6.907755278982137
12874,taxon,1,1,6.907755278982137
12875,taxonomic,1,1,6.907755278982137
12876,taxonomy,1,1,6.907755278982137
12877,tbil,1,1,6.907755278982137
12878,tca,1,1,6.907755278982137
12879,tcf7l2,1,1,6.907755278982137
12880,tcho,1,1,6.907755278982137
12881,tcm,1,1,6.907755278982137
12882,td2m,1,1,6.907755278982137
12883,tdd,1,1,6.907755278982137
12884,te,1,1,6.907755278982137
12885,teaching,1,1,6.907755278982137
12886,teae,1,1,6.907755278982137
12887,technetium,1,1,6.907755278982137
12888,teeth,1,1,6.907755278982137
12889,telemonitoring,1,1,6.907755278982137
12890,telephone,1,1,6.907755278982137
12891,telopeptide,1,1,6.907755278982137
12892,templates,1,1,6.907755278982137
12893,temporality,1,1,6.907755278982137
12894,temporarily,1,1,6.907755278982137
12895,temporary,1,1,6.907755278982137
12896,tendency,1,1,6.907755278982137
12897,tenogenic,1,1,6.907755278982137
12898,tensin,1,1,6.907755278982137
12899,tensions,1,1,6.907755278982137
12900,teratogenic,1,1,6.907755278982137
12901,teratogenicity,1,1,6.907755278982137
12902,terazosin,1,1,6.907755278982137
12903,termination,1,1,6.907755278982137
12904,terrors,1,1,6.907755278982137
12905,tertiles,1,1,6.907755278982137
12906,testers,1,1,6.907755278982137
12907,testes,1,1,6.907755278982137
12908,testicular,1,1,6.907755278982137
12909,testis,1,1,6.907755278982137
12910,tetrachloride,1,1,6.907755278982137
12911,tetracyclines,1,1,6.907755278982137
12912,tetrahydrobiopterin,1,1,6.907755278982137
12913,tetranectin,1,1,6.907755278982137
12914,texts,1,1,6.907755278982137
12915,texture,1,1,6.907755278982137
12916,textured,1,1,6.907755278982137
12917,tezepelumab,1,1,6.907755278982137
12918,tga,1,1,6.907755278982137
12919,tgfb1,1,1,6.907755278982137
12920,tgfβ,1,1,6.907755278982137
12921,th1,1,1,6.907755278982137
12922,th17,1,1,6.907755278982137
12923,th2,1,1,6.907755278982137
12924,thalassaemia,1,1,6.907755278982137
12925,thalassemia,1,1,6.907755278982137
12926,thehangrywoman,1,1,6.907755278982137
12927,theories,1,1,6.907755278982137
12928,thereafter,1,1,6.907755278982137
12929,therefor,1,1,6.907755278982137
12930,thereof,1,1,6.907755278982137
12931,thermogenic,1,1,6.907755278982137
12932,thermogenics,1,1,6.907755278982137
12933,thiazolidinedione,1,1,6.907755278982137
12934,thiazolidinedionespiog,1,1,6.907755278982137
12935,thickening,1,1,6.907755278982137
12936,thinness,1,1,6.907755278982137
12937,thirst,1,1,6.907755278982137
12938,thorough,1,1,6.907755278982137
12939,thought,1,1,6.907755278982137
12940,threat,1,1,6.907755278982137
12941,threonine,1,1,6.907755278982137
12942,thresholded,1,1,6.907755278982137
12943,thrombectomy,1,1,6.907755278982137
12944,thrombo,1,1,6.907755278982137
12945,thromboinflammatory,1,1,6.907755278982137
12946,thromboprophylactic,1,1,6.907755278982137
12947,thymoquinone,1,1,6.907755278982137
12948,thyrotoxicosis,1,1,6.907755278982137
12949,tibetan,1,1,6.907755278982137
12950,tibial,1,1,6.907755278982137
12951,tied,1,1,6.907755278982137
12952,ties,1,1,6.907755278982137
12953,till,1,1,6.907755278982137
12954,tilt,1,1,6.907755278982137
12955,timepoint,1,1,6.907755278982137
12956,tip,1,1,6.907755278982137
12957,tips,1,1,6.907755278982137
12958,titles,1,1,6.907755278982137
12959,tjas,1,1,6.907755278982137
12960,tm1,1,1,6.907755278982137
12961,tm3,1,1,6.907755278982137
12962,tm4,1,1,6.907755278982137
12963,tm5,1,1,6.907755278982137
12964,tnt,1,1,6.907755278982137
12965,tolerable,1,1,6.907755278982137
12966,tolerant,1,1,6.907755278982137
12967,tomm20,1,1,6.907755278982137
12968,tonometry,1,1,6.907755278982137
12969,toolbox,1,1,6.907755278982137
12970,toolkit,1,1,6.907755278982137
12971,tooth,1,1,6.907755278982137
12972,topological,1,1,6.907755278982137
12973,topologies,1,1,6.907755278982137
12974,toronto,1,1,6.907755278982137
12975,tos,1,1,6.907755278982137
12976,tost,1,1,6.907755278982137
12977,totalling,1,1,6.907755278982137
12978,totals,1,1,6.907755278982137
12979,toughness,1,1,6.907755278982137
12980,toxinology,1,1,6.907755278982137
12981,tracers,1,1,6.907755278982137
12982,tracing,1,1,6.907755278982137
12983,tractable,1,1,6.907755278982137
12984,traction,1,1,6.907755278982137
12985,tradeoffs,1,1,6.907755278982137
12986,traditions,1,1,6.907755278982137
12987,transactivation,1,1,6.907755278982137
12988,transaminase,1,1,6.907755278982137
12989,transbuccal,1,1,6.907755278982137
12990,transcellular,1,1,6.907755278982137
12991,transcribed,1,1,6.907755278982137
12992,transcriptome,1,1,6.907755278982137
12993,transducers,1,1,6.907755278982137
12994,transferable,1,1,6.907755278982137
12995,transferase,1,1,6.907755278982137
12996,transfusion,1,1,6.907755278982137
12997,transfusions,1,1,6.907755278982137
12998,transgenic,1,1,6.907755278982137
12999,translatable,1,1,6.907755278982137
13000,translocase,1,1,6.907755278982137
13001,transmucosal,1,1,6.907755278982137
13002,transplanted,1,1,6.907755278982137
13003,transplants,1,1,6.907755278982137
13004,transporting,1,1,6.907755278982137
13005,transposase,1,1,6.907755278982137
13006,transsphenoidal,1,1,6.907755278982137
13007,transverse,1,1,6.907755278982137
13008,transwell,1,1,6.907755278982137
13009,trap,1,1,6.907755278982137
13010,trapezoidal,1,1,6.907755278982137
13011,treatise,1,1,6.907755278982137
13012,tregs,1,1,6.907755278982137
13013,tremendous,1,1,6.907755278982137
13014,trended,1,1,6.907755278982137
13015,tri,1,1,6.907755278982137
13016,triaging,1,1,6.907755278982137
13017,trialling,1,1,6.907755278982137
13018,trifluoromethyl,1,1,6.907755278982137
13019,trigonella,1,1,6.907755278982137
13020,triiodothyronine,1,1,6.907755278982137
13021,trim,1,1,6.907755278982137
13022,trim63,1,1,6.907755278982137
13023,trimethylamine,1,1,6.907755278982137
13024,trimming,1,1,6.907755278982137
13025,tripartite,1,1,6.907755278982137
13026,triphosphate,1,1,6.907755278982137
13027,triplet,1,1,6.907755278982137
13028,trophic,1,1,6.907755278982137
13029,tropomyosin,1,1,6.907755278982137
13030,trp,1,1,6.907755278982137
13031,trpv1,1,1,6.907755278982137
13032,trust,1,1,6.907755278982137
13033,trying,1,1,6.907755278982137
13034,tslp,1,1,6.907755278982137
13035,ttt1,1,1,6.907755278982137
13036,tu,1,1,6.907755278982137
13037,tubule,1,1,6.907755278982137
13038,tubuloglomerular,1,1,6.907755278982137
13039,tubuloids,1,1,6.907755278982137
13040,tumorigenesis,1,1,6.907755278982137
13041,tunel,1,1,6.907755278982137
13042,tunnels,1,1,6.907755278982137
13043,turbinates,1,1,6.907755278982137
13044,turing,1,1,6.907755278982137
13045,turmeric,1,1,6.907755278982137
13046,tv,1,1,6.907755278982137
13047,tyg,1,1,6.907755278982137
13048,tyk2,1,1,6.907755278982137
13049,tympanometry,1,1,6.907755278982137
13050,type2,1,1,6.907755278982137
13051,tyr,1,1,6.907755278982137
13052,tyr202,1,1,6.907755278982137
13053,tyr2052,1,1,6.907755278982137
13054,tyr297asp,1,1,6.907755278982137
13055,tyr315,1,1,6.907755278982137
13056,tzd,1,1,6.907755278982137
13057,tβ,1,1,6.907755278982137
13058,u01hl080295,1,1,6.907755278982137
13059,u01hl130114,1,1,6.907755278982137
13060,uae,1,1,6.907755278982137
13061,ucp2,1,1,6.907755278982137
13062,uhmwpe,1,1,6.907755278982137
13063,uhplc,1,1,6.907755278982137
13064,ukpds,1,1,6.907755278982137
13065,ulceration,1,1,6.907755278982137
13066,ultimate,1,1,6.907755278982137
13067,ultrasonography,1,1,6.907755278982137
13068,ultrastructural,1,1,6.907755278982137
13069,ultrastructure,1,1,6.907755278982137
13070,ultraviolet,1,1,6.907755278982137
13071,umbrella,1,1,6.907755278982137
13072,umin000048469,1,1,6.907755278982137
13073,umin000048471,1,1,6.907755278982137
13074,unacceptably,1,1,6.907755278982137
13075,unaffected,1,1,6.907755278982137
13076,unaffordable,1,1,6.907755278982137
13077,unanesthetized,1,1,6.907755278982137
13078,unattempted,1,1,6.907755278982137
13079,unbiased,1,1,6.907755278982137
13080,unchecked,1,1,6.907755278982137
13081,unconfounded,1,1,6.907755278982137
13082,uncontrollable,1,1,6.907755278982137
13083,uncoupled,1,1,6.907755278982137
13084,undated,1,1,6.907755278982137
13085,underdeveloped,1,1,6.907755278982137
13086,underdocumented,1,1,6.907755278982137
13087,underestimated,1,1,6.907755278982137
13088,underestimation,1,1,6.907755278982137
13089,underevaluated,1,1,6.907755278982137
13090,underlining,1,1,6.907755278982137
13091,undermines,1,1,6.907755278982137
13092,undernutrition,1,1,6.907755278982137
13093,underpinnings,1,1,6.907755278982137
13094,underrealized,1,1,6.907755278982137
13095,underscored,1,1,6.907755278982137
13096,understandable,1,1,6.907755278982137
13097,understandings,1,1,6.907755278982137
13098,understudied,1,1,6.907755278982137
13099,undertake,1,1,6.907755278982137
13100,undertaken,1,1,6.907755278982137
13101,undertreated,1,1,6.907755278982137
13102,underused,1,1,6.907755278982137
13103,underutilised,1,1,6.907755278982137
13104,underwater,1,1,6.907755278982137
13105,undetermined,1,1,6.907755278982137
13106,undifferentiated,1,1,6.907755278982137
13107,undisclosed,1,1,6.907755278982137
13108,undoubtedly,1,1,6.907755278982137
13109,unequal,1,1,6.907755278982137
13110,unexpectedly,1,1,6.907755278982137
13111,unexplained,1,1,6.907755278982137
13112,unfamiliar,1,1,6.907755278982137
13113,unfamiliarity,1,1,6.907755278982137
13114,unfavorable,1,1,6.907755278982137
13115,unfavourable,1,1,6.907755278982137
13116,unfolding,1,1,6.907755278982137
13117,unfortunately,1,1,6.907755278982137
13118,unfractionated,1,1,6.907755278982137
13119,uni,1,1,6.907755278982137
13120,unimpaired,1,1,6.907755278982137
13121,unimpairment,1,1,6.907755278982137
13122,union,1,1,6.907755278982137
13123,unite,1,1,6.907755278982137
13124,universities,1,1,6.907755278982137
13125,unlabelled,1,1,6.907755278982137
13126,unless,1,1,6.907755278982137
13127,unliteral,1,1,6.907755278982137
13128,unmarried,1,1,6.907755278982137
13129,unopposed,1,1,6.907755278982137
13130,unordered,1,1,6.907755278982137
13131,unpeeled,1,1,6.907755278982137
13132,unprompted,1,1,6.907755278982137
13133,unravelling,1,1,6.907755278982137
13134,unrealistic,1,1,6.907755278982137
13135,unrecognized,1,1,6.907755278982137
13136,unrefreshing,1,1,6.907755278982137
13137,unrelated,1,1,6.907755278982137
13138,unreliable,1,1,6.907755278982137
13139,unremarkable,1,1,6.907755278982137
13140,unremitted,1,1,6.907755278982137
13141,unreplicated,1,1,6.907755278982137
13142,unreported,1,1,6.907755278982137
13143,unrestrained,1,1,6.907755278982137
13144,unsatisfactory,1,1,6.907755278982137
13145,unsaturated,1,1,6.907755278982137
13146,unsettled,1,1,6.907755278982137
13147,unspecified,1,1,6.907755278982137
13148,unstandardized,1,1,6.907755278982137
13149,unsuitable,1,1,6.907755278982137
13150,unsupervised,1,1,6.907755278982137
13151,unsustained,1,1,6.907755278982137
13152,unusual,1,1,6.907755278982137
13153,unveil,1,1,6.907755278982137
13154,unveils,1,1,6.907755278982137
13155,unwell,1,1,6.907755278982137
13156,updating,1,1,6.907755278982137
13157,upregulate,1,1,6.907755278982137
13158,upregulates,1,1,6.907755278982137
13159,uptitrated,1,1,6.907755278982137
13160,uraemic,1,1,6.907755278982137
13161,urate,1,1,6.907755278982137
13162,urgency,1,1,6.907755278982137
13163,uric,1,1,6.907755278982137
13164,url,1,1,6.907755278982137
13165,ursodeoxycholic,1,1,6.907755278982137
13166,urticaria,1,1,6.907755278982137
13167,usefully,1,1,6.907755278982137
13168,username,1,1,6.907755278982137
13169,usp14,1,1,6.907755278982137
13170,uterine,1,1,6.907755278982137
13171,utilising,1,1,6.907755278982137
13172,uveitis,1,1,6.907755278982137
13173,v0,1,1,6.907755278982137
13174,v10,1,1,6.907755278982137
13175,vagally,1,1,6.907755278982137
13176,vaginal,1,1,6.907755278982137
13177,valorization,1,1,6.907755278982137
13178,valsartan,1,1,6.907755278982137
13179,valued,1,1,6.907755278982137
13180,variably,1,1,6.907755278982137
13181,variously,1,1,6.907755278982137
13182,vas,1,1,6.907755278982137
13183,vascularity,1,1,6.907755278982137
13184,vasculature,1,1,6.907755278982137
13185,vasculopathy,1,1,6.907755278982137
13186,vaso,1,1,6.907755278982137
13187,vasomotor,1,1,6.907755278982137
13188,vasopressin,1,1,6.907755278982137
13189,vasoprotective,1,1,6.907755278982137
13190,vasovagal,1,1,6.907755278982137
13191,vast,1,1,6.907755278982137
13192,vdac1,1,1,6.907755278982137
13193,vector,1,1,6.907755278982137
13194,vegetarian,1,1,6.907755278982137
13195,vehicles,1,1,6.907755278982137
13196,veillonella,1,1,6.907755278982137
13197,velocity,1,1,6.907755278982137
13198,vendors,1,1,6.907755278982137
13199,venovenous,1,1,6.907755278982137
13200,ventromedial,1,1,6.907755278982137
13201,verasight,1,1,6.907755278982137
13202,verdict,1,1,6.907755278982137
13203,verifying,1,1,6.907755278982137
13204,vermis,1,1,6.907755278982137
13205,versus1,1,1,6.907755278982137
13206,vertebrates,1,1,6.907755278982137
13207,vertebroplasty,1,1,6.907755278982137
13208,vertigo,1,1,6.907755278982137
13209,vesicle,1,1,6.907755278982137
13210,vestibule,1,1,6.907755278982137
13211,vgat,1,1,6.907755278982137
13212,vi,1,1,6.907755278982137
13213,vial,1,1,6.907755278982137
13214,vials,1,1,6.907755278982137
13215,vicadrostat,1,1,6.907755278982137
13216,vicinity,1,1,6.907755278982137
13217,villi,1,1,6.907755278982137
13218,villin,1,1,6.907755278982137
13219,violent,1,1,6.907755278982137
13220,vip,1,1,6.907755278982137
13221,virchow,1,1,6.907755278982137
13222,virologically,1,1,6.907755278982137
13223,virtually,1,1,6.907755278982137
13224,virus,1,1,6.907755278982137
13225,viscosity,1,1,6.907755278982137
13226,visfatin,1,1,6.907755278982137
13227,visible,1,1,6.907755278982137
13228,visibly,1,1,6.907755278982137
13229,visited,1,1,6.907755278982137
13230,visualization,1,1,6.907755278982137
13231,vitamins,1,1,6.907755278982137
13232,vitroand,1,1,6.907755278982137
13233,vldl,1,1,6.907755278982137
13234,vmat2,1,1,6.907755278982137
13235,voltage,1,1,6.907755278982137
13236,volts,1,1,6.907755278982137
13237,volumetric,1,1,6.907755278982137
13238,vosviewer,1,1,6.907755278982137
13239,vta,1,1,6.907755278982137
13240,vtrna2,1,1,6.907755278982137
13241,vulgaris,1,1,6.907755278982137
13242,vying,1,1,6.907755278982137
13243,vδ1,1,1,6.907755278982137
13244,vδ2,1,1,6.907755278982137
13245,w237,1,1,6.907755278982137
13246,waited,1,1,6.907755278982137
13247,waiting,1,1,6.907755278982137
13248,wald,1,1,6.907755278982137
13249,wanfang,1,1,6.907755278982137
13250,warping,1,1,6.907755278982137
13251,watershed,1,1,6.907755278982137
13252,wave,1,1,6.907755278982137
13253,weakening,1,1,6.907755278982137
13254,weakens,1,1,6.907755278982137
13255,weakest,1,1,6.907755278982137
13256,weakness,1,1,6.907755278982137
13257,weapon,1,1,6.907755278982137
13258,weber,1,1,6.907755278982137
13259,website,1,1,6.907755278982137
13260,websites,1,1,6.907755278982137
13261,weibull,1,1,6.907755278982137
13262,weigh,1,1,6.907755278982137
13263,weissella,1,1,6.907755278982137
13264,welcomed,1,1,6.907755278982137
13265,wellbeing,1,1,6.907755278982137
13266,wellness,1,1,6.907755278982137
13267,wernicke,1,1,6.907755278982137
13268,westernized,1,1,6.907755278982137
13269,wet,1,1,6.907755278982137
13270,wfs1,1,1,6.907755278982137
13271,whenever,1,1,6.907755278982137
13272,whitney,1,1,6.907755278982137
13273,wider,1,1,6.907755278982137
13274,widowed,1,1,6.907755278982137
13275,wikim51,1,1,6.907755278982137
13276,wiley,1,1,6.907755278982137
13277,wire,1,1,6.907755278982137
13278,wise,1,1,6.907755278982137
13279,withdrawn,1,1,6.907755278982137
13280,withdrew,1,1,6.907755278982137
13281,withholding,1,1,6.907755278982137
13282,witnessed,1,1,6.907755278982137
13283,word,1,1,6.907755278982137
13284,wore,1,1,6.907755278982137
13285,workers,1,1,6.907755278982137
13286,workflows,1,1,6.907755278982137
13287,workload,1,1,6.907755278982137
13288,works,1,1,6.907755278982137
13289,workshops,1,1,6.907755278982137
13290,wp,1,1,6.907755278982137
13291,wrinkles,1,1,6.907755278982137
13292,writing,1,1,6.907755278982137
13293,wrvu,1,1,6.907755278982137
13294,wy,1,1,6.907755278982137
13295,xenobiotics,1,1,6.907755278982137
13296,xiaoji,1,1,6.907755278982137
13297,xiaoke,1,1,6.907755278982137
13298,xiiia,1,1,6.907755278982137
13299,xw003,1,1,6.907755278982137
13300,xylanibacter,1,1,6.907755278982137
13301,y2,1,1,6.907755278982137
13302,y240,1,1,6.907755278982137
13303,y2423,1,1,6.907755278982137
13304,y4,1,1,6.907755278982137
13305,y4r,1,1,6.907755278982137
13306,yearly,1,1,6.907755278982137
13307,yes,1,1,6.907755278982137
13308,ykl,1,1,6.907755278982137
13309,yme1l,1,1,6.907755278982137
13310,yohimbine,1,1,6.907755278982137
13311,yorkshire,1,1,6.907755278982137
13312,youden,1,1,6.907755278982137
13313,youtube,1,1,6.907755278982137
13314,yunpi,1,1,6.907755278982137
13315,zealand,1,1,6.907755278982137
13316,zebrafish,1,1,6.907755278982137
13317,zepbound,1,1,6.907755278982137
13318,zhao,1,1,6.907755278982137
13319,zhen,1,1,6.907755278982137
13320,zibotentan,1,1,6.907755278982137
13321,zilebesiran,1,1,6.907755278982137
13322,zo,1,1,6.907755278982137
13323,zone,1,1,6.907755278982137
13324,¹⁷,1,1,6.907755278982137
13325,α4β2,1,1,6.907755278982137
13326,α6β2,1,1,6.907755278982137
13327,δbw,1,1,6.907755278982137
13328,δcpeptide0,1,1,6.907755278982137
13329,δgatp,1,1,6.907755278982137
13330,δgluc0,1,1,6.907755278982137
13331,δglucose0,1,1,6.907755278982137
13332,δisr0,1,1,6.907755278982137
13333,δsmm,1,1,6.907755278982137
13334,ε4,1,1,6.907755278982137
13335,τ²,1,1,6.907755278982137
13336,χ²,1,1,6.907755278982137
13337,ω,1,1,6.907755278982137
13338,⁸,1,1,6.907755278982137
