rank,term,cf,df,idf
1,1,4285,955,0.0460439385014068
2,glp,3052,766,0.2665731092415458
3,0,2779,414,0.8818893051568227
4,us,1461,611,0.4926583198105417
5,2,1434,617,0.4828862550767492
6,patient,1305,471,0.7528971849657193
7,studi,1286,621,0.4764241970486583
8,receptor,1263,809,0.21195636192364542
9,associ,1215,544,0.6088060321261943
10,weight,1199,429,0.8462983600541202
11,obes,1172,497,0.6991652528855082
12,risk,1162,445,0.8096809968158969
13,agonist,1152,782,0.245900538436826
14,effect,1139,565,0.5709295478356962
15,metabol,1008,426,0.8533159327127667
16,diabet,992,552,0.5942072327050417
17,includ,974,582,0.5412848312506991
18,outcom,966,452,0.7940730991499058
19,peptid,939,727,0.31882880144861775
20,treatment,890,460,0.7765287894989963
21,95,874,267,1.3205066205818874
22,like,866,733,0.3106095770954856
23,clinic,859,471,0.7528971849657193
24,glucagon,859,718,0.33128570993391293
25,therapi,846,425,0.8556661100577203
26,ra,842,202,1.5994875815809322
27,ci,823,228,1.4784096500276964
28,p,780,232,1.4610179073158271
29,diseas,716,352,1.0441241033840398
30,semaglutid,682,234,1.4524341636244356
31,evid,676,386,0.9519179095173061
32,compar,674,339,1.0817551716016867
33,3,663,325,1.1239300966523995
34,4,652,316,1.152013065395225
35,trial,636,324,1.1270117631898076
36,glucos,627,345,1.0642108619507773
37,loss,625,282,1.2658482080440234
38,type,590,441,0.818710403535291
39,improv,589,363,1.0133524447172861
40,increas,573,367,1.0023934309275666
41,not,573,367,1.0023934309275666
42,remain,563,447,0.8051966843685683
43,reduc,547,372,0.9888614247089904
44,5,521,252,1.3783261914707137
45,cardiovascular,521,215,1.5371172508544744
46,year,516,249,1.3903023825174294
47,control,513,343,1.0700248318161971
48,1ra,512,144,1.9379419794061366
49,base,512,320,1.1394342831883648
50,adult,503,284,1.258781040820931
51,insulin,495,203,1.5945492999403497
52,review,481,334,1.0966142860054366
53,6,480,242,1.4188175528254505
54,lower,478,278,1.2801341652915
55,evalu,470,354,1.0384583658483626
56,assess,468,338,1.0847093834991184
57,reduct,448,249,1.3903023825174294
58,manag,441,285,1.2552660987134865
59,report,436,215,1.5371172508544744
60,group,430,186,1.6820086052689358
61,1ras,426,161,1.8263509139976741
62,data,424,297,1.2140231401794375
63,medic,420,211,1.5558971455060706
64,inhibitor,419,224,1.4961092271270973
65,potenti,415,310,1.171182981502945
66,among,414,259,1.3509272172825992
67,relat,413,281,1.2694006096483914
68,differ,402,250,1.3862943611198906
69,signific,402,265,1.3280254529959148
70,bodi,401,234,1.4524341636244356
71,analysi,400,258,1.3547956940605195
72,event,394,213,1.546463113272712
73,observ,390,278,1.2801341652915
74,chang,381,223,1.5005835075220182
75,tirzepatid,381,139,1.9732813458514453
76,benefit,379,271,1.3056364581024362
77,cohort,379,222,1.5050778971098577
78,drug,375,200,1.6094379124341003
79,hr,374,89,2.419118909249997
80,follow,372,266,1.324258970200438
81,kidnei,370,131,2.0325579557809856
82,find,369,326,1.1208578976154295
83,activ,366,229,1.4740332754278975
84,cell,365,139,1.9732813458514453
85,across,362,259,1.3509272172825992
86,analys,357,234,1.4524341636244356
87,signal,356,187,1.6766466621275504
88,model,352,240,1.4271163556401458
89,initi,349,197,1.6245515502441485
90,support,346,272,1.3019532126861397
91,identifi,344,260,1.3470736479666094
92,8,343,199,1.6144504542576448
93,mechan,343,226,1.487220279709851
94,7,341,187,1.6766466621275504
95,target,338,228,1.4784096500276964
96,therapeut,337,229,1.4740332754278975
97,no,334,242,1.4188175528254505
98,level,329,190,1.6607312068216509
99,health,325,231,1.4653375684603436
100,combin,324,156,1.8578992717326002
101,mg,323,106,2.24431618487007
102,dose,322,136,1.995100393246085
103,ag,317,200,1.6094379124341003
104,particip,317,143,1.9449106487222299
105,advers,316,207,1.575036485716768
106,safeti,315,191,1.6554818509355071
107,baselin,314,162,1.820158943749753
108,show,313,244,1.410587053688935
109,suggest,306,255,1.3664917338237108
110,function,304,185,1.6873994539038122
111,individu,303,207,1.575036485716768
112,limit,303,252,1.3783261914707137
113,9,299,172,1.7602608021686839
114,howev,293,253,1.3743657902546167
115,high,289,194,1.639897119918809
116,random,284,186,1.6820086052689358
117,demonstr,282,249,1.3903023825174294
118,respons,282,152,1.8838747581358606
119,emerg,279,227,1.4828052615007343
120,specif,279,202,1.5994875815809322
121,10,277,194,1.639897119918809
122,also,277,222,1.5050778971098577
123,system,277,206,1.579879110192556
124,12,276,166,1.7957674906255938
125,primari,275,207,1.575036485716768
126,pathwai,273,191,1.6554818509355071
127,strategi,273,211,1.5558971455060706
128,vs,273,111,2.198225077669803
129,liver,270,99,2.312635428847547
130,month,269,122,2.1037342342488805
131,term,269,190,1.6607312068216509
132,t2dm,268,102,2.282782465697866
133,non,267,184,1.6928195213731514
134,week,265,108,2.2256240518579173
135,popul,264,194,1.639897119918809
136,provid,264,225,1.491654876777717
137,ratio,256,202,1.5994875815809322
138,dysfunct,252,170,1.7719568419318754
139,dai,251,121,2.111964733385396
140,match,251,126,2.0714733720306593
141,higher,250,162,1.820158943749753
142,current,249,196,1.6296406197516198
143,n,249,117,2.145581344184381
144,efficaci,247,193,1.6450650900772514
145,significantli,247,178,1.725971728690052
146,without,245,176,1.7372712839439852
147,bmi,241,110,2.207274913189721
148,agent,240,178,1.725971728690052
149,user,240,92,2.385966701933097
150,incretin,239,122,2.1037342342488805
151,disord,238,140,1.9661128563728327
152,surgeri,238,101,2.2926347621408776
153,rate,235,167,1.789761466565382
154,develop,232,179,1.720369473141382
155,depend,231,176,1.7372712839439852
156,gip,231,116,2.1541650878757723
157,kg,230,126,2.0714733720306593
158,mass,230,144,1.9379419794061366
159,long,228,171,1.7660917224794772
160,t2d,228,77,2.563949857128453
161,s,226,143,1.9449106487222299
162,score,226,157,1.8515094736338291
163,conduct,225,208,1.570217199280819
164,intervent,225,163,1.8140050781753747
165,chronic,224,182,1.7037485919053417
166,time,224,147,1.9173226922034008
167,need,222,199,1.6144504542576448
168,mean,221,144,1.9379419794061366
169,care,219,145,1.9310215365615626
170,sever,218,161,1.8263509139976741
171,gener,217,184,1.6928195213731514
172,mortal,217,107,2.234926444520231
173,inflammatori,215,118,2.137070654516472
174,major,215,171,1.7660917224794772
175,1r,211,62,2.7806208939370456
176,001,210,107,2.234926444520231
177,placebo,210,79,2.5383074265151158
178,factor,209,152,1.8838747581358606
179,result,209,175,1.742969305058623
180,oral,208,101,2.2926347621408776
181,induc,207,134,2.0099154790312257
182,versu,203,111,2.198225077669803
183,dual,202,146,1.9241486572738007
184,complic,200,126,2.0714733720306593
185,low,200,128,2.05572501506252
186,receiv,200,134,2.0099154790312257
187,consist,199,166,1.7957674906255938
188,profil,199,146,1.9241486572738007
189,treat,198,148,1.9105430052180221
190,estim,197,135,2.0024805005437076
191,exposur,196,109,2.2164073967529934
192,30,195,143,1.9449106487222299
193,ckd,195,52,2.9565115604007097
194,integr,194,155,1.8643301620628903
195,although,192,165,1.8018098050815565
196,incid,192,107,2.234926444520231
197,mechanist,191,136,1.995100393246085
198,total,191,148,1.9105430052180221
199,caus,187,117,2.145581344184381
200,establish,187,163,1.8140050781753747
201,investig,187,166,1.7957674906255938
202,aim,186,182,1.7037485919053417
203,examin,185,167,1.789761466565382
204,pharmacolog,185,134,2.0099154790312257
205,sglt2i,184,47,3.0576076772720784
206,decreas,183,124,2.0874737133771
207,failur,183,124,2.0874737133771
208,hormon,183,94,2.364460496712133
209,cardiometabol,182,113,2.1803674602697964
210,fat,182,85,2.4651040224918206
211,perform,182,155,1.8643301620628903
212,regul,182,121,2.111964733385396
213,addit,181,143,1.9449106487222299
214,requir,181,150,1.8971199848858813
215,role,181,145,1.9310215365615626
216,select,181,141,1.9589953886039688
217,within,181,150,1.8971199848858813
218,food,180,96,2.3434070875143007
219,indic,180,157,1.8515094736338291
220,approach,177,151,1.8904754421672127
221,mellitu,177,161,1.8263509139976741
222,hba1c,176,83,2.488914671185539
223,mediat,176,112,2.1892564076870427
224,on,175,132,2.0249533563957662
225,substanti,175,150,1.8971199848858813
226,renal,174,90,2.407945608651872
227,direct,170,139,1.9732813458514453
228,two,170,132,2.0249533563957662
229,meta,169,101,2.2926347621408776
230,index,168,137,1.9877743531540122
231,modul,168,130,2.0402208285265546
232,gut,166,81,2.513306124309698
233,composit,164,99,2.312635428847547
234,test,164,116,2.1541650878757723
235,express,163,80,2.5257286443082556
236,heart,163,100,2.302585092994046
237,liraglutid,162,72,2.631089159966082
238,research,162,139,1.9732813458514453
239,highlight,161,153,1.8773173575897015
240,human,160,96,2.3434070875143007
241,prescrib,159,90,2.407945608651872
242,adjust,158,104,2.2633643798407643
243,measur,158,124,2.0874737133771
244,bariatr,157,75,2.5902671654458267
245,retrospect,157,151,1.8904754421672127
246,glycem,155,110,2.207274913189721
247,lipid,155,93,2.375155785828881
248,pancreat,155,63,2.7646205525906042
249,gastrointestin,154,113,2.1803674602697964
250,progress,154,111,2.198225077669803
251,condit,153,112,2.1892564076870427
252,framework,153,116,2.1541650878757723
253,independ,152,121,2.111964733385396
254,sensit,152,111,2.198225077669803
255,defin,151,123,2.0955709236097197
256,inflamm,151,105,2.2537949288246137
257,sodium,151,141,1.9589953886039688
258,structur,151,96,2.3434070875143007
259,metformin,150,84,2.4769384801388235
260,protein,150,99,2.312635428847547
261,particularli,149,137,1.9877743531540122
262,practic,148,97,2.3330443004787544
263,prevent,147,89,2.419118909249997
264,real,147,112,2.1892564076870427
265,world,147,112,2.1892564076870427
266,greater,146,109,2.2164073967529934
267,heterogen,144,108,2.2256240518579173
268,m2,143,84,2.4769384801388235
269,contribut,142,119,2.1286317858706076
270,class,141,88,2.4304184645039304
271,enhanc,141,100,2.302585092994046
272,larg,141,120,2.120263536200091
273,comorbid,140,110,2.207274913189721
274,cancer,139,38,3.270169119255751
275,earli,139,106,2.24431618487007
276,secret,138,83,2.488914671185539
277,2025,137,125,2.0794415416798357
278,masld,137,38,3.270169119255751
279,overal,137,115,2.162823150618887
280,14,136,101,2.2926347621408776
281,link,136,122,2.1037342342488805
282,phase,136,83,2.488914671185539
283,resist,136,100,2.302585092994046
284,secondari,136,114,2.1715568305876416
285,muscl,135,57,2.864704011147587
286,post,135,83,2.488914671185539
287,search,135,113,2.1803674602697964
288,well,135,121,2.111964733385396
289,anti,134,94,2.364460496712133
290,case,134,83,2.488914671185539
291,hazard,134,88,2.4304184645039304
292,impair,134,98,2.322787800311565
293,intak,134,63,2.7646205525906042
294,peopl,134,78,2.5510464522925456
295,qualiti,134,84,2.4769384801388235
296,mice,133,62,2.7806208939370456
297,overweight,133,83,2.488914671185539
298,systemat,133,101,2.2926347621408776
299,blood,132,86,2.4534079827286295
300,recent,132,113,2.1803674602697964
301,import,131,113,2.1803674602697964
302,central,130,105,2.2537949288246137
303,tissu,130,78,2.5510464522925456
304,acid,129,79,2.5383074265151158
305,network,129,103,2.2730262907525014
306,kei,128,116,2.1541650878757723
307,nutrit,128,57,2.864704011147587
308,product,128,70,2.659260036932778
309,regard,128,103,2.2730262907525014
310,24,127,86,2.4534079827286295
311,hepat,127,70,2.659260036932778
312,lifestyl,127,82,2.501036031717884
313,phenotyp,127,82,2.501036031717884
314,propens,127,107,2.234926444520231
315,90,126,78,2.5510464522925456
316,interv,126,112,2.1892564076870427
317,achiev,125,90,2.407945608651872
318,diet,125,74,2.6036901857779675
319,discontinu,125,75,2.5902671654458267
320,wherea,125,108,2.2256240518579173
321,c,124,65,2.7333680090865
322,18,123,95,2.3538783873815965
323,impact,123,109,2.2164073967529934
324,rr,123,33,3.411247717515657
325,cost,122,45,3.101092789211817
326,increasingli,122,117,2.145581344184381
327,mace,122,40,3.2188758248682006
328,relev,122,105,2.2537949288246137
329,present,120,103,2.2730262907525014
330,promis,120,110,2.207274913189721
331,record,120,88,2.4304184645039304
332,translat,120,96,2.3434070875143007
333,11,119,92,2.385966701933097
334,new,119,97,2.3330443004787544
335,prospect,119,108,2.2256240518579173
336,protect,119,89,2.419118909249997
337,repres,119,112,2.1892564076870427
338,beyond,118,108,2.2256240518579173
339,first,118,97,2.3330443004787544
340,recommend,118,63,2.7646205525906042
341,suppress,118,89,2.419118909249997
342,challeng,117,103,2.2730262907525014
343,character,117,104,2.2633643798407643
344,design,117,99,2.312635428847547
345,sglt2,117,61,2.796881414808826
346,valid,117,94,2.364460496712133
347,biomark,116,73,2.617295837833746
348,confid,116,107,2.234926444520231
349,despit,116,112,2.1892564076870427
350,gastric,116,58,2.8473122684357177
351,standard,116,90,2.407945608651872
352,statist,116,87,2.441847160327553
353,stress,116,81,2.513306124309698
354,17,115,91,2.396895772465287
355,syndrom,115,69,2.6736487743848776
356,15,114,94,2.364460496712133
357,futur,114,104,2.2633643798407643
358,rel,114,94,2.364460496712133
359,subgroup,114,73,2.617295837833746
360,toler,114,80,2.5257286443082556
361,continu,113,95,2.3538783873815965
362,interact,113,82,2.501036031717884
363,odd,113,71,2.645075401940822
364,persist,113,72,2.631089159966082
365,three,113,89,2.419118909249997
366,confirm,112,100,2.302585092994046
367,molecular,112,82,2.501036031717884
368,respect,112,89,2.419118909249997
369,cotransport,111,109,2.2164073967529934
370,endpoint,111,82,2.501036031717884
371,acut,110,69,2.6736487743848776
372,approv,110,84,2.4769384801388235
373,avail,110,96,2.3434070875143007
374,common,110,100,2.302585092994046
375,fast,110,59,2.8302178350764176
376,preserv,110,90,2.407945608651872
377,util,110,75,2.5902671654458267
378,advanc,109,84,2.4769384801388235
379,deriv,109,90,2.407945608651872
380,male,109,70,2.659260036932778
381,pharmacotherapi,109,70,2.659260036932778
382,posit,109,83,2.488914671185539
383,β,109,55,2.900422093749666
384,occur,108,87,2.441847160327553
385,16,107,81,2.513306124309698
386,alon,107,73,2.617295837833746
387,femal,107,72,2.631089159966082
388,novel,107,88,2.4304184645039304
389,proport,107,85,2.4651040224918206
390,driven,106,96,2.3434070875143007
391,period,106,81,2.513306124309698
392,appetit,105,66,2.7181005369557116
393,intestin,105,47,3.0576076772720784
394,20,104,87,2.441847160327553
395,fibrosi,104,45,3.101092789211817
396,involv,104,96,2.3434070875143007
397,optim,104,84,2.4769384801388235
398,promot,104,90,2.407945608651872
399,symptom,104,65,2.7333680090865
400,administr,103,86,2.4534079827286295
401,multipl,103,92,2.385966701933097
402,axi,102,72,2.631089159966082
403,hospit,102,60,2.8134107167600364
404,mitochondri,102,44,3.123565645063876
405,polypeptid,102,98,2.322787800311565
406,preclin,102,76,2.5770219386958058
407,05,101,60,2.8134107167600364
408,energi,101,64,2.7488721956224653
409,narr,101,86,2.4534079827286295
410,access,100,60,2.8134107167600364
411,adipos,99,72,2.631089159966082
412,determin,99,94,2.364460496712133
413,injuri,99,60,2.8134107167600364
414,l,99,42,3.170085660698769
415,monitor,99,75,2.5902671654458267
416,yet,99,96,2.3434070875143007
417,2024,98,83,2.488914671185539
418,inform,98,79,2.5383074265151158
419,insulinotrop,98,94,2.364460496712133
420,postop,98,39,3.2441936328524905
421,pressur,98,54,2.9187712324178627
422,singl,98,73,2.617295837833746
423,50,97,79,2.5383074265151158
424,address,97,85,2.4651040224918206
425,behavior,97,53,2.9374633654300153
426,co,97,81,2.513306124309698
427,dietari,97,52,2.9565115604007097
428,rather,97,79,2.5383074265151158
429,13,96,78,2.5510464522925456
430,comparison,96,73,2.617295837833746
431,pubm,96,95,2.3538783873815965
432,concern,95,87,2.441847160327553
433,orforglipron,95,20,3.912023005428146
434,reveal,95,83,2.488914671185539
435,2026,94,84,2.4769384801388235
436,dpp,94,40,3.2188758248682006
437,elig,94,69,2.6736487743848776
438,offer,94,88,2.4304184645039304
439,produc,94,79,2.5383074265151158
440,analyz,93,86,2.4534079827286295
441,stage,93,59,2.8302178350764176
442,burden,91,78,2.5510464522925456
443,elev,91,70,2.659260036932778
444,women,91,43,3.1465551632885744
445,g,90,60,2.8134107167600364
446,per,90,60,2.8134107167600364
447,via,90,82,2.501036031717884
448,60,89,66,2.7181005369557116
449,death,89,56,2.882403588246988
450,discuss,89,77,2.563949857128453
451,frequent,89,83,2.488914671185539
452,lead,89,82,2.501036031717884
453,modifi,89,68,2.6882475738060303
454,predict,89,52,2.9565115604007097
455,rang,89,66,2.7181005369557116
456,regress,89,82,2.501036031717884
457,state,89,64,2.7488721956224653
458,21,88,77,2.563949857128453
459,affect,88,79,2.5383074265151158
460,complet,88,72,2.631089159966082
461,pool,88,50,2.995732273553991
462,sex,88,58,2.8473122684357177
463,concentr,87,54,2.9187712324178627
464,databas,87,75,2.5902671654458267
465,global,87,82,2.501036031717884
466,oxid,87,59,2.8302178350764176
467,sustain,87,75,2.5902671654458267
468,guidelin,86,69,2.6736487743848776
469,marker,86,62,2.7806208939370456
470,point,86,54,2.9187712324178627
471,attenu,85,70,2.659260036932778
472,exercis,85,41,3.1941832122778293
473,median,85,57,2.864704011147587
474,microbiota,85,40,3.2188758248682006
475,similar,85,69,2.6736487743848776
476,due,84,76,2.5770219386958058
477,e,84,50,2.995732273553991
478,hf,84,15,4.199705077879927
479,preval,84,76,2.5770219386958058
480,27,83,72,2.631089159966082
481,adher,83,45,3.101092789211817
482,alter,83,68,2.6882475738060303
483,influenc,83,74,2.6036901857779675
484,propos,83,72,2.631089159966082
485,22,82,68,2.6882475738060303
486,36,82,50,2.995732273553991
487,65,82,62,2.7806208939370456
488,antidiabet,82,42,3.170085660698769
489,bia,82,57,2.864704011147587
490,causal,82,72,2.631089159966082
491,implic,82,76,2.5770219386958058
492,statu,82,62,2.7806208939370456
493,valu,82,62,2.7806208939370456
494,weekli,82,56,2.882403588246988
495,biolog,81,60,2.8134107167600364
496,brain,81,47,3.0576076772720784
497,cognit,81,28,3.575550768806933
498,critic,81,71,2.645075401940822
499,inhibit,81,50,2.995732273553991
500,prescript,81,47,3.0576076772720784
501,set,81,64,2.7488721956224653
502,40,80,67,2.703062659591171
503,homeostasi,80,62,2.7806208939370456
504,multi,80,59,2.8302178350764176
505,organ,80,61,2.796881414808826
506,19,79,66,2.7181005369557116
507,31,79,72,2.631089159966082
508,characterist,79,70,2.659260036932778
509,criteria,79,65,2.7333680090865
510,distinct,79,70,2.659260036932778
511,pattern,79,64,2.7488721956224653
512,stroke,79,33,3.411247717515657
513,t1d,79,18,4.017383521085972
514,unclear,79,79,2.5383074265151158
515,25,78,67,2.703062659591171
516,action,78,66,2.7181005369557116
517,balanc,78,67,2.703062659591171
518,certainti,78,27,3.611918412977808
519,procedur,78,46,3.079113882493042
520,randomis,78,53,2.9374633654300153
521,regulatori,78,60,2.8134107167600364
522,consid,77,74,2.6036901857779675
523,method,77,64,2.7488721956224653
524,periop,77,42,3.170085660698769
525,screen,77,60,2.8134107167600364
526,small,77,61,2.796881414808826
527,interpret,76,65,2.7333680090865
528,literatur,76,67,2.703062659591171
529,sglt,76,29,3.540459448995663
530,stimul,76,53,2.9374633654300153
531,adolesc,75,23,3.7722610630529876
532,dulaglutid,75,33,3.411247717515657
533,exist,75,64,2.7488721956224653
534,explor,75,72,2.631089159966082
535,meaning,75,67,2.703062659591171
536,physiolog,75,49,3.0159349808715104
537,pre,75,47,3.0576076772720784
538,52,74,63,2.7646205525906042
539,73,74,56,2.882403588246988
540,glp1,74,25,3.6888794541139363
541,35,73,60,2.8134107167600364
542,bone,73,29,3.540459448995663
543,context,73,63,2.7646205525906042
544,egfr,73,31,3.473768074496991
545,hfpef,73,20,3.912023005428146
546,md,73,23,3.7722610630529876
547,older,73,48,3.036554268074246
548,paramet,73,62,2.7806208939370456
549,plasma,73,49,3.0159349808715104
550,synthes,73,70,2.659260036932778
551,trinetx,73,69,2.6736487743848776
552,undergo,73,44,3.123565645063876
553,eat,72,32,3.4420193761824107
554,prior,72,53,2.9374633654300153
555,underli,72,66,2.7181005369557116
556,consider,71,63,2.7646205525906042
557,declin,71,55,2.900422093749666
558,diagnosi,71,56,2.882403588246988
559,embas,71,71,2.645075401940822
560,gain,71,53,2.9374633654300153
561,life,71,54,2.9187712324178627
562,medicin,71,50,2.995732273553991
563,public,71,57,2.864704011147587
564,surgic,71,46,3.079113882493042
565,32,70,52,2.9565115604007097
566,ad,70,28,3.575550768806933
567,beta,70,26,3.649658740960655
568,comprehens,70,62,2.7806208939370456
569,monotherapi,70,30,3.506557897319982
570,variabl,70,58,2.8473122684357177
571,26,69,54,2.9187712324178627
572,45,69,58,2.8473122684357177
573,barrier,69,49,3.0159349808715104
574,hypothesi,69,61,2.796881414808826
575,moder,69,56,2.882403588246988
576,primarili,69,64,2.7488721956224653
577,pulmonari,69,26,3.649658740960655
578,vascular,69,42,3.170085660698769
579,72,68,50,2.995732273553991
580,compound,68,35,3.3524072174927233
581,four,68,56,2.882403588246988
582,healthcar,68,47,3.0576076772720784
583,immun,68,42,3.170085660698769
584,short,68,56,2.882403588246988
585,sleep,68,30,3.506557897319982
586,adjunct,67,51,2.9759296462578115
587,alcohol,67,24,3.7297014486341915
588,complex,67,62,2.7806208939370456
589,daili,67,48,3.036554268074246
590,guid,67,63,2.7646205525906042
591,least,67,50,2.995732273553991
592,process,67,53,2.9374633654300153
593,rct,67,32,3.4420193761824107
594,remodel,67,48,3.036554268074246
595,understand,67,59,2.8302178350764176
596,01,66,46,3.079113882493042
597,28,66,58,2.8473122684357177
598,center,66,52,2.9565115604007097
599,cvd,66,19,3.9633162998156966
600,focus,66,65,2.7333680090865
601,act,65,54,2.9187712324178627
602,af,65,11,4.509860006183766
603,cholesterol,65,31,3.473768074496991
604,endocrin,65,40,3.2188758248682006
605,formul,65,40,3.2188758248682006
606,gap,65,58,2.8473122684357177
607,inject,65,38,3.270169119255751
608,min,65,35,3.3524072174927233
609,often,65,61,2.796881414808826
610,physic,65,45,3.101092789211817
611,70,64,56,2.882403588246988
612,76,64,56,2.882403588246988
613,collect,64,61,2.796881414808826
614,dipeptidyl,64,59,2.8302178350764176
615,genet,64,42,3.170085660698769
616,patholog,64,44,3.123565645063876
617,peptidas,64,59,2.8302178350764176
618,rat,64,26,3.649658740960655
619,warrant,64,62,2.7806208939370456
620,33,63,54,2.9187712324178627
621,48,63,46,3.079113882493042
622,83,63,55,2.900422093749666
623,cox,63,59,2.8302178350764176
624,durat,63,50,2.995732273553991
625,exhibit,63,54,2.9187712324178627
626,lean,63,29,3.540459448995663
627,longitudin,63,48,3.036554268074246
628,self,63,38,3.270169119255751
629,37,62,55,2.900422093749666
630,experi,62,49,3.0159349808715104
631,label,62,33,3.411247717515657
632,psychiatr,62,27,3.611918412977808
633,suicid,62,14,4.268697949366879
634,wide,62,56,2.882403588246988
635,23,61,54,2.9187712324178627
636,75,61,54,2.9187712324178627
637,candid,61,51,2.9759296462578115
638,depress,61,24,3.7297014486341915
639,dl,61,25,3.6888794541139363
640,expand,61,57,2.864704011147587
641,extend,61,50,2.995732273553991
642,hypertens,61,44,3.123565645063876
643,mash,61,16,4.135166556742356
644,ml,61,38,3.270169119255751
645,trajectori,61,38,3.270169119255751
646,42,60,55,2.900422093749666
647,electron,60,58,2.8473122684357177
648,modif,60,51,2.9759296462578115
649,option,60,58,2.8473122684357177
650,pain,60,32,3.4420193761824107
651,pathophysiolog,60,52,2.9565115604007097
652,stabil,60,44,3.123565645063876
653,subsequ,60,56,2.882403588246988
654,summar,60,57,2.864704011147587
655,articl,59,48,3.036554268074246
656,cross,59,54,2.9187712324178627
657,grade,59,48,3.036554268074246
658,relationship,59,52,2.9565115604007097
659,0001,58,32,3.4420193761824107
660,34,58,47,3.0576076772720784
661,39,58,54,2.9187712324178627
662,44,58,54,2.9187712324178627
663,85,58,53,2.9374633654300153
664,detect,58,38,3.270169119255751
665,dpp4i,58,18,4.017383521085972
666,empti,58,36,3.324236340526027
667,engag,58,38,3.270169119255751
668,exploratori,58,46,3.079113882493042
669,restor,58,44,3.123565645063876
670,scienc,58,56,2.882403588246988
671,subcutan,58,46,3.079113882493042
672,toward,58,54,2.9187712324178627
673,79,57,51,2.9759296462578115
674,appear,57,51,2.9759296462578115
675,approxim,57,49,3.0159349808715104
676,delai,57,46,3.079113882493042
677,fatti,57,42,3.170085660698769
678,robust,57,50,2.995732273553991
679,serum,57,40,3.2188758248682006
680,survei,57,31,3.473768074496991
681,91,56,52,2.9565115604007097
682,exert,56,53,2.9374633654300153
683,favor,56,50,2.995732273553991
684,found,56,47,3.0576076772720784
685,grow,56,54,2.9187712324178627
686,reflect,56,53,2.9374633654300153
687,residu,56,43,3.1465551632885744
688,63,55,52,2.9565115604007097
689,67,55,47,3.0576076772720784
690,accord,55,49,3.0159349808715104
691,endotheli,55,26,3.649658740960655
692,preoper,55,31,3.473768074496991
693,therefor,55,54,2.9187712324178627
694,α,55,32,3.4420193761824107
695,29,54,54,2.9187712324178627
696,80,54,45,3.101092789211817
697,94,54,45,3.101092789211817
698,97,54,50,2.995732273553991
699,cochran,54,46,3.079113882493042
700,conclus,54,50,2.995732273553991
701,describ,54,50,2.995732273553991
702,given,54,50,2.995732273553991
703,precis,54,49,3.0159349808715104
704,program,54,40,3.2188758248682006
705,share,54,45,3.101092789211817
706,shift,54,51,2.9759296462578115
707,site,54,38,3.270169119255751
708,transform,54,52,2.9565115604007097
709,100,53,35,3.3524072174927233
710,46,53,50,2.995732273553991
711,88,53,44,3.123565645063876
712,accumul,53,38,3.270169119255751
713,clinicaltri,53,48,3.036554268074246
714,d,53,32,3.4420193761824107
715,hypoglycemia,53,20,3.912023005428146
716,implement,53,43,3.1465551632885744
717,make,53,40,3.2188758248682006
718,morbid,53,44,3.123565645063876
719,myocardi,53,40,3.2188758248682006
720,recurr,53,30,3.506557897319982
721,shown,53,53,2.9374633654300153
722,supplement,53,31,3.473768074496991
723,47,52,47,3.0576076772720784
724,89,52,44,3.123565645063876
725,decis,52,42,3.170085660698769
726,glycaem,52,37,3.2968373663379125
727,osa,52,10,4.605170185988092
728,recogn,52,46,3.079113882493042
729,releas,52,31,3.473768074496991
730,routin,52,48,3.036554268074246
731,sd,52,29,3.540459448995663
732,stratifi,52,46,3.079113882493042
733,vari,52,48,3.036554268074246
734,web,52,50,2.995732273553991
735,53,51,48,3.036554268074246
736,56,51,46,3.079113882493042
737,absolut,51,39,3.2441936328524905
738,cardiac,51,33,3.411247717515657
739,dementia,51,13,4.3428059215206005
740,fraction,51,40,3.2188758248682006
741,gov,51,46,3.079113882493042
742,met,51,37,3.2968373663379125
743,pair,51,36,3.324236340526027
744,peripher,51,36,3.324236340526027
745,steatot,51,47,3.0576076772720784
746,togeth,51,48,3.036554268074246
747,complementari,50,45,3.101092789211817
748,defici,50,26,3.649658740960655
749,enrol,50,38,3.270169119255751
750,incomplet,50,47,3.0576076772720784
751,metabolit,50,27,3.611918412977808
752,nation,50,41,3.1941832122778293
753,postprandi,50,23,3.7722610630529876
754,vitro,50,37,3.2968373663379125
755,2023,49,42,3.170085660698769
756,altern,49,40,3.2188758248682006
757,applic,49,43,3.1465551632885744
758,area,49,42,3.170085660698769
759,differenti,49,40,3.2188758248682006
760,help,49,42,3.170085660698769
761,infect,49,34,3.3813947543659757
762,less,49,44,3.123565645063876
763,sampl,49,44,3.123565645063876
764,strong,49,35,3.3524072174927233
765,sulfonylurea,49,30,3.506557897319982
766,transplant,49,24,3.7297014486341915
767,visit,49,27,3.611918412977808
768,54,48,43,3.1465551632885744
769,57,48,44,3.123565645063876
770,ae,48,17,4.074541934925921
771,alongsid,48,46,3.079113882493042
772,asthma,48,8,4.8283137373023015
773,b,48,26,3.649658740960655
774,exclud,48,45,3.101092789211817
775,free,48,32,3.4420193761824107
776,januari,48,47,3.0576076772720784
777,june,48,47,3.0576076772720784
778,meal,48,27,3.611918412977808
779,medlin,48,47,3.0576076772720784
780,multivari,48,39,3.2441936328524905
781,neuron,48,22,3.816712825623821
782,percentag,48,34,3.3813947543659757
783,rais,48,46,3.079113882493042
784,regist,48,44,3.123565645063876
785,restrict,48,38,3.270169119255751
786,scale,48,41,3.1941832122778293
787,volum,48,28,3.575550768806933
788,55,47,46,3.079113882493042
789,69,47,44,3.123565645063876
790,confound,47,43,3.1465551632885744
791,gipr,47,16,4.135166556742356
792,h,47,29,3.540459448995663
793,microbi,47,22,3.816712825623821
794,serv,47,45,3.101092789211817
795,surviv,47,29,3.540459448995663
796,02,46,37,3.2968373663379125
797,49,46,41,3.1941832122778293
798,64,46,42,3.170085660698769
799,96,46,38,3.270169119255751
800,clinician,46,37,3.2968373663379125
801,deliveri,46,29,3.540459448995663
802,demograph,46,42,3.170085660698769
803,document,46,32,3.4420193761824107
804,end,46,42,3.170085660698769
805,experienc,46,40,3.2188758248682006
806,highli,46,41,3.1941832122778293
807,lack,46,44,3.123565645063876
808,line,46,33,3.411247717515657
809,opioid,46,13,4.3428059215206005
810,rank,46,25,3.6888794541139363
811,scopu,46,46,3.079113882493042
812,triglycerid,46,30,3.506557897319982
813,uncertain,46,42,3.170085660698769
814,43,45,41,3.1941832122778293
815,71,45,41,3.1941832122778293
816,81,45,40,3.2188758248682006
817,82,45,40,3.2188758248682006
818,87,45,39,3.2441936328524905
819,antagonist,45,40,3.2188758248682006
820,bind,45,26,3.649658740960655
821,cardioren,45,29,3.540459448995663
822,circul,45,27,3.611918412977808
823,contain,45,35,3.3524072174927233
824,decemb,45,41,3.1941832122778293
825,dynam,45,37,3.2968373663379125
826,feed,45,20,3.912023005428146
827,il,45,21,3.8632328412587142
828,modest,45,42,3.170085660698769
829,oper,45,24,3.7297014486341915
830,properti,45,36,3.324236340526027
831,transcript,45,24,3.7297014486341915
832,68,44,40,3.2188758248682006
833,98,44,36,3.324236340526027
834,account,44,41,3.1941832122778293
835,appli,44,41,3.1941832122778293
836,appropri,44,38,3.270169119255751
837,cgm,44,11,4.509860006183766
838,compris,44,44,3.123565645063876
839,experiment,44,38,3.270169119255751
840,final,44,40,3.2188758248682006
841,healthi,44,36,3.324236340526027
842,indirect,44,33,3.411247717515657
843,known,44,42,3.170085660698769
844,live,44,34,3.3813947543659757
845,normal,44,33,3.411247717515657
846,notabl,44,43,3.1465551632885744
847,pharmacokinet,44,30,3.506557897319982
848,skelet,44,28,3.575550768806933
849,underw,44,36,3.324236340526027
850,58,43,40,3.2188758248682006
851,84,43,37,3.2968373663379125
852,accompani,43,40,3.2188758248682006
853,cellular,43,32,3.4420193761824107
854,code,43,30,3.506557897319982
855,collabor,43,37,3.2968373663379125
856,contrast,43,40,3.2188758248682006
857,diagnos,43,35,3.3524072174927233
858,drive,43,42,3.170085660698769
859,insight,43,40,3.2188758248682006
860,islet,43,15,4.199705077879927
861,publish,43,39,3.2441936328524905
862,section,43,40,3.2188758248682006
863,skin,43,20,3.912023005428146
864,vivo,43,32,3.4420193761824107
865,00,42,29,3.540459448995663
866,2022,42,34,3.3813947543659757
867,41,42,38,3.270169119255751
868,59,42,41,3.1941832122778293
869,amylin,42,12,4.422848629194137
870,atrial,42,23,3.7722610630529876
871,date,42,35,3.3524072174927233
872,excess,42,40,3.2188758248682006
873,extract,42,40,3.2188758248682006
874,incorpor,42,37,3.2968373663379125
875,maintain,42,38,3.270169119255751
876,mitig,42,40,3.2188758248682006
877,number,42,41,3.1941832122778293
878,object,42,40,3.2188758248682006
879,onset,42,30,3.506557897319982
880,question,42,40,3.2188758248682006
881,stratif,42,37,3.2968373663379125
882,synthesi,42,30,3.506557897319982
883,threshold,42,31,3.473768074496991
884,tool,42,39,3.2441936328524905
885,trend,42,41,3.1941832122778293
886,uacr,42,12,4.422848629194137
887,62,41,37,3.2968373663379125
888,77,41,40,3.2188758248682006
889,92,41,37,3.2968373663379125
890,agon,41,24,3.7297014486341915
891,background,41,34,3.3813947543659757
892,calcul,41,41,3.1941832122778293
893,compon,41,37,3.2968373663379125
894,consumpt,41,27,3.611918412977808
895,content,41,27,3.611918412977808
896,disrupt,41,35,3.3524072174927233
897,doubl,41,38,3.270169119255751
898,essenti,41,40,3.2188758248682006
899,evolv,41,37,3.2968373663379125
900,fda,41,28,3.575550768806933
901,gene,41,29,3.540459448995663
902,insuffici,41,39,3.2441936328524905
903,pco,41,10,4.605170185988092
904,pediatr,41,20,3.912023005428146
905,possibl,41,37,3.2968373663379125
906,retatrutid,41,16,4.135166556742356
907,reward,41,23,3.7722610630529876
908,stabl,41,35,3.3524072174927233
909,strength,41,29,3.540459448995663
910,unit,41,36,3.324236340526027
911,04,40,34,3.3813947543659757
912,61,40,40,3.2188758248682006
913,74,40,38,3.270169119255751
914,addition,40,39,3.2441936328524905
915,commun,40,28,3.575550768806933
916,counsel,40,26,3.649658740960655
917,cv,40,10,4.605170185988092
918,divers,40,38,3.270169119255751
919,mainten,40,29,3.540459448995663
920,molecul,40,27,3.611918412977808
921,predominantli,40,35,3.3524072174927233
922,refer,40,29,3.540459448995663
923,sema,40,9,4.710530701645918
924,separ,40,34,3.3813947543659757
925,sglt2is,40,15,4.199705077879927
926,though,40,38,3.270169119255751
927,tripl,40,23,3.7722610630529876
928,4i,39,11,4.509860006183766
929,66,39,37,3.2968373663379125
930,benefici,39,35,3.3524072174927233
931,ckm,39,14,4.268697949366879
932,consequ,39,35,3.3524072174927233
933,converg,39,32,3.4420193761824107
934,domain,39,30,3.506557897319982
935,eject,39,32,3.4420193761824107
936,exenatid,39,25,3.6888794541139363
937,hypoglycaemia,39,21,3.8632328412587142
938,insur,39,23,3.7722610630529876
939,microbiom,39,22,3.816712825623821
940,naion,39,9,4.710530701645918
941,partial,39,33,3.411247717515657
942,pd,39,9,4.710530701645918
943,rapid,39,35,3.3524072174927233
944,six,39,35,3.3524072174927233
945,superior,39,32,3.4420193761824107
946,transport,39,34,3.3813947543659757
947,yield,39,38,3.270169119255751
948,anim,38,28,3.575550768806933
949,children,38,12,4.422848629194137
950,claim,38,34,3.3813947543659757
951,coronari,38,20,3.912023005428146
952,descript,38,33,3.411247717515657
953,dysregul,38,34,3.3813947543659757
954,enabl,38,35,3.3524072174927233
955,furthermor,38,36,3.324236340526027
956,fusion,38,12,4.422848629194137
957,histori,38,26,3.649658740960655
958,interest,38,37,3.2968373663379125
959,mani,38,35,3.3524072174927233
960,mb,38,10,4.605170185988092
961,mix,38,37,3.2968373663379125
962,mmol,38,19,3.9633162998156966
963,multidisciplinari,38,35,3.3524072174927233
964,neuropathi,38,21,3.8632328412587142
965,obstruct,38,29,3.540459448995663
966,plu,38,26,3.649658740960655
967,predictor,38,23,3.7722610630529876
968,rare,38,36,3.324236340526027
969,reproduct,38,18,4.017383521085972
970,revers,38,31,3.473768074496991
971,side,38,33,3.411247717515657
972,u,38,31,3.473768074496991
973,viscer,38,23,3.7722610630529876
974,000,37,24,3.7297014486341915
975,38,37,34,3.3813947543659757
976,51,37,33,3.411247717515657
977,86,37,36,3.324236340526027
978,blind,37,34,3.3813947543659757
979,broader,37,34,3.3813947543659757
980,capac,37,30,3.506557897319982
981,commonli,37,35,3.3524072174927233
982,definit,37,33,3.411247717515657
983,directli,37,33,3.411247717515657
984,emphas,37,37,3.2968373663379125
985,escal,37,28,3.575550768806933
986,five,37,31,3.473768074496991
987,i2,37,14,4.268697949366879
988,particular,37,36,3.324236340526027
989,prioriti,37,32,3.4420193761824107
990,regimen,37,21,3.8632328412587142
991,seriou,37,34,3.3813947543659757
992,transit,37,28,3.575550768806933
993,adequ,36,33,3.411247717515657
994,attent,36,35,3.3524072174927233
995,biologi,36,31,3.473768074496991
996,dkd,36,10,4.605170185988092
997,isol,36,25,3.6888794541139363
998,longer,36,35,3.3524072174927233
999,now,36,35,3.3524072174927233
1000,poorli,36,35,3.3524072174927233
1001,urinari,36,23,3.7722610630529876
1002,03,35,32,3.4420193761824107
1003,analog,35,23,3.7722610630529876
1004,analyt,35,28,3.575550768806933
1005,assign,35,22,3.816712825623821
1006,correl,35,23,3.7722610630529876
1007,frequenc,35,28,3.575550768806933
1008,full,35,24,3.7297014486341915
1009,intens,35,28,3.575550768806933
1010,ischem,35,22,3.816712825623821
1011,knowledg,35,27,3.611918412977808
1012,led,35,29,3.540459448995663
1013,old,35,34,3.3813947543659757
1014,perspect,35,32,3.4420193761824107
1015,therebi,35,32,3.4420193761824107
1016,understood,35,35,3.3524072174927233
1017,uniqu,35,31,3.473768074496991
1018,white,35,22,3.816712825623821
1019,93,34,31,3.473768074496991
1020,administ,34,31,3.473768074496991
1021,antipsychot,34,10,4.605170185988092
1022,arteri,34,20,3.912023005428146
1023,basal,34,25,3.6888794541139363
1024,becom,34,33,3.411247717515657
1025,bioavail,34,22,3.816712825623821
1026,convent,34,27,3.611918412977808
1027,coupl,34,26,3.649658740960655
1028,exendin,34,19,3.9633162998156966
1029,famili,34,25,3.6888794541139363
1030,fold,34,27,3.611918412977808
1031,landscap,34,28,3.575550768806933
1032,neg,34,30,3.506557897319982
1033,neuroprotect,34,25,3.6888794541139363
1034,person,34,28,3.575550768806933
1035,physician,34,18,4.017383521085972
1036,probabl,34,28,3.575550768806933
1037,regain,34,19,3.9633162998156966
1038,revis,34,19,3.9633162998156966
1039,sequenc,34,26,3.649658740960655
1040,size,34,33,3.411247717515657
1041,worsen,34,25,3.6888794541139363
1042,06,33,26,3.649658740960655
1043,2021,33,29,3.540459448995663
1044,allevi,33,26,3.649658740960655
1045,alzheim,33,18,4.017383521085972
1046,chines,33,22,3.816712825623821
1047,dermatolog,33,12,4.422848629194137
1048,dm,33,10,4.605170185988092
1049,durabl,33,30,3.506557897319982
1050,explain,33,29,3.540459448995663
1051,featur,33,31,3.473768074496991
1052,fibril,33,22,3.816712825623821
1053,focu,33,33,3.411247717515657
1054,growth,33,26,3.649658740960655
1055,hemoglobin,33,32,3.4420193761824107
1056,hyperglycemia,33,23,3.7722610630529876
1057,intoler,33,20,3.912023005428146
1058,invers,33,27,3.611918412977808
1059,next,33,24,3.7297014486341915
1060,nutrient,33,25,3.6888794541139363
1061,platform,33,22,3.816712825623821
1062,prefer,33,29,3.540459448995663
1063,previous,33,28,3.575550768806933
1064,reaction,33,16,4.135166556742356
1065,respond,33,20,3.912023005428146
1066,rise,33,30,3.506557897319982
1067,underscor,33,33,3.411247717515657
1068,99,32,26,3.649658740960655
1069,adapt,32,25,3.6888794541139363
1070,author,32,23,3.7722610630529876
1071,better,32,31,3.473768074496991
1072,camp,32,20,3.912023005428146
1073,confer,32,32,3.4420193761824107
1074,convers,32,26,3.649658740960655
1075,coverag,32,16,4.135166556742356
1076,distribut,32,27,3.611918412977808
1077,faer,32,13,4.3428059215206005
1078,hs,32,8,4.8283137373023015
1079,joint,32,19,3.9633162998156966
1080,larger,32,31,3.473768074496991
1081,macrophag,32,9,4.710530701645918
1082,mark,32,30,3.506557897319982
1083,men,32,17,4.074541934925921
1084,percent,32,24,3.7297014486341915
1085,pmo,32,6,5.115995809754082
1086,prespecifi,32,27,3.611918412977808
1087,steatohepat,32,26,3.649658740960655
1088,work,32,29,3.540459448995663
1089,78,31,28,3.575550768806933
1090,along,31,26,3.649658740960655
1091,aspir,31,14,4.268697949366879
1092,best,31,20,3.912023005428146
1093,dialysi,31,12,4.422848629194137
1094,driver,31,30,3.506557897319982
1095,field,31,22,3.816712825623821
1096,fix,31,22,3.816712825623821
1097,flow,31,23,3.7722610630529876
1098,glomerular,31,27,3.611918412977808
1099,guidanc,31,24,3.7297014486341915
1100,incept,31,31,3.473768074496991
1101,infarct,31,26,3.649658740960655
1102,mental,31,20,3.912023005428146
1103,metabolom,31,17,4.074541934925921
1104,mous,31,24,3.7297014486341915
1105,nois,31,7,4.961845129926823
1106,ongo,31,26,3.649658740960655
1107,outlin,31,31,3.473768074496991
1108,prediabet,31,12,4.422848629194137
1109,prolong,31,24,3.7297014486341915
1110,reach,31,27,3.611918412977808
1111,seri,31,17,4.074541934925921
1112,t,31,22,3.816712825623821
1113,tradit,31,27,3.611918412977808
1114,train,31,18,4.017383521085972
1115,tumor,31,15,4.199705077879927
1116,vitamin,31,15,4.199705077879927
1117,atherosclerot,30,24,3.7297014486341915
1118,bile,30,18,4.017383521085972
1119,captur,30,26,3.649658740960655
1120,chain,30,25,3.6888794541139363
1121,circumfer,30,22,3.816712825623821
1122,clarifi,30,29,3.540459448995663
1123,conceptu,30,24,3.7297014486341915
1124,diagnost,30,24,3.7297014486341915
1125,dispar,30,11,4.509860006183766
1126,enrich,30,25,3.6888794541139363
1127,especi,30,29,3.540459448995663
1128,fewer,30,26,3.649658740960655
1129,fractur,30,13,4.3428059215206005
1130,greatest,30,27,3.611918412977808
1131,iii,30,27,3.611918412977808
1132,inclus,30,28,3.575550768806933
1133,institut,30,22,3.816712825623821
1134,logist,30,29,3.540459448995663
1135,mild,30,25,3.6888794541139363
1136,oa,30,6,5.115995809754082
1137,onlin,30,21,3.8632328412587142
1138,prospero,30,30,3.506557897319982
1139,reactiv,30,28,3.575550768806933
1140,region,30,25,3.6888794541139363
1141,ror,30,9,4.710530701645918
1142,steatosi,30,22,3.816712825623821
1143,variou,30,29,3.540459448995663
1144,2020,29,27,3.611918412977808
1145,abnorm,29,26,3.649658740960655
1146,attribut,29,24,3.7297014486341915
1147,basi,29,26,3.649658740960655
1148,broad,29,24,3.7297014486341915
1149,carbohydr,29,10,4.605170185988092
1150,cp,29,5,5.298317366548036
1151,crave,29,17,4.074541934925921
1152,curv,29,26,3.649658740960655
1153,exclus,29,28,3.575550768806933
1154,ghrelin,29,13,4.3428059215206005
1155,ii,29,24,3.7297014486341915
1156,increment,29,21,3.8632328412587142
1157,lp,29,14,4.268697949366879
1158,methodolog,29,21,3.8632328412587142
1159,million,29,22,3.816712825623821
1160,minim,29,28,3.575550768806933
1161,nausea,29,27,3.611918412977808
1162,pharmaceut,29,17,4.074541934925921
1163,polici,29,22,3.816712825623821
1164,prisma,29,27,3.611918412977808
1165,randomli,29,18,4.017383521085972
1166,rapidli,29,29,3.540459448995663
1167,safe,29,27,3.611918412977808
1168,spectrum,29,24,3.7297014486341915
1169,subject,29,20,3.912023005428146
1170,take,29,22,3.816712825623821
1171,thyroid,29,17,4.074541934925921
1172,vulner,29,24,3.7297014486341915
1173,withdraw,29,18,4.017383521085972
1174,a1c,28,24,3.7297014486341915
1175,airwai,28,14,4.268697949366879
1176,angiotensin,28,27,3.611918412977808
1177,assai,28,20,3.912023005428146
1178,contemporari,28,24,3.7297014486341915
1179,glp1r,28,13,4.3428059215206005
1180,imag,28,25,3.6888794541139363
1181,intern,28,27,3.611918412977808
1182,linear,28,26,3.649658740960655
1183,optic,28,15,4.199705077879927
1184,poor,28,28,3.575550768806933
1185,probiot,28,11,4.509860006183766
1186,pyi,28,15,4.199705077879927
1187,repair,28,16,4.135166556742356
1188,rgc,28,4,5.521460917862246
1189,slow,28,24,3.7297014486341915
1190,sourc,28,23,3.7722610630529876
1191,success,28,23,3.7722610630529876
1192,unknown,28,28,3.575550768806933
1193,upregul,28,21,3.8632328412587142
1194,waist,28,21,3.8632328412587142
1195,worldwid,28,27,3.611918412977808
1196,y,28,25,3.6888794541139363
1197,09,27,22,3.816712825623821
1198,amino,27,19,3.9633162998156966
1199,ampk,27,22,3.816712825623821
1200,anxieti,27,15,4.199705077879927
1201,asian,27,14,4.268697949366879
1202,ca2,27,7,4.961845129926823
1203,cardio,27,18,4.017383521085972
1204,coordin,27,24,3.7297014486341915
1205,correspond,27,26,3.649658740960655
1206,disturb,27,24,3.7297014486341915
1207,endogen,27,19,3.9633162998156966
1208,foundat,27,24,3.7297014486341915
1209,hair,27,5,5.298317366548036
1210,kaplan,27,22,3.816712825623821
1211,meier,27,22,3.816712825623821
1212,m²,27,18,4.017383521085972
1213,neural,27,19,3.9633162998156966
1214,neuropsychiatr,27,12,4.422848629194137
1215,nlrp3,27,20,3.912023005428146
1216,plai,27,26,3.649658740960655
1217,pregnanc,27,11,4.509860006183766
1218,protocol,27,24,3.7297014486341915
1219,psycholog,27,14,4.268697949366879
1220,qali,27,6,5.115995809754082
1221,rational,27,25,3.6888794541139363
1222,rd,27,8,4.8283137373023015
1223,second,27,24,3.7297014486341915
1224,social,27,22,3.816712825623821
1225,start,27,22,3.816712825623821
1226,substanc,27,17,4.074541934925921
1227,tempor,27,26,3.649658740960655
1228,acceler,26,23,3.7722610630529876
1229,acdf,26,5,5.298317366548036
1230,add,26,18,4.017383521085972
1231,cannot,26,26,3.649658740960655
1232,colon,26,16,4.135166556742356
1233,covari,26,24,3.7297014486341915
1234,dedic,26,23,3.7722610630529876
1235,devic,26,17,4.074541934925921
1236,digit,26,11,4.509860006183766
1237,downstream,26,23,3.7722610630529876
1238,educ,26,21,3.8632328412587142
1239,emploi,26,24,3.7297014486341915
1240,encompass,26,26,3.649658740960655
1241,epidemiolog,26,23,3.7722610630529876
1242,expert,26,15,4.199705077879927
1243,filtrat,26,24,3.7297014486341915
1244,fmt,26,6,5.115995809754082
1245,fulli,26,25,3.6888794541139363
1246,hhf,26,6,5.115995809754082
1247,highest,26,23,3.7722610630529876
1248,inconsist,26,26,3.649658740960655
1249,infus,26,8,4.8283137373023015
1250,librari,26,25,3.6888794541139363
1251,mainli,26,25,3.6888794541139363
1252,micronutri,26,14,4.268697949366879
1253,prepar,26,16,4.135166556742356
1254,quantifi,26,25,3.6888794541139363
1255,recoveri,26,19,3.9633162998156966
1256,respiratori,26,19,3.9633162998156966
1257,sedat,26,6,5.115995809754082
1258,senesc,26,10,4.605170185988092
1259,updat,26,19,3.9633162998156966
1260,water,26,12,4.422848629194137
1261,akt,25,17,4.074541934925921
1262,albuminuria,25,17,4.074541934925921
1263,aud,25,6,5.115995809754082
1264,carcinoma,25,21,3.8632328412587142
1265,china,25,12,4.422848629194137
1266,correct,25,18,4.017383521085972
1267,degrad,25,19,3.9633162998156966
1268,disproportion,25,20,3.912023005428146
1269,eight,25,24,3.7297014486341915
1270,enzym,25,20,3.912023005428146
1271,er,25,6,5.115995809754082
1272,exacerb,25,14,4.268697949366879
1273,expect,25,23,3.7722610630529876
1274,fail,25,22,3.816712825623821
1275,gld,25,4,5.521460917862246
1276,glycat,25,25,3.6888794541139363
1277,head,25,11,4.509860006183766
1278,hemodynam,25,18,4.017383521085972
1279,hoc,25,17,4.074541934925921
1280,ldl,25,17,4.074541934925921
1281,markedli,25,25,3.6888794541139363
1282,medicar,25,14,4.268697949366879
1283,modern,25,16,4.135166556742356
1284,natur,25,21,3.8632328412587142
1285,power,25,23,3.7722610630529876
1286,preliminari,25,24,3.7297014486341915
1287,presenc,25,19,3.9633162998156966
1288,pro,25,22,3.816712825623821
1289,quantit,25,24,3.7297014486341915
1290,rygb,25,9,4.710530701645918
1291,servic,25,16,4.135166556742356
1292,sg,25,8,4.8283137373023015
1293,statement,25,18,4.017383521085972
1294,thu,25,24,3.7297014486341915
1295,120,24,15,4.199705077879927
1296,ascvd,24,9,4.710530701645918
1297,close,24,24,3.7297014486341915
1298,crp,24,9,4.710530701645918
1299,db,24,6,5.115995809754082
1300,discoveri,24,18,4.017383521085972
1301,dock,24,16,4.135166556742356
1302,emphasi,24,24,3.7297014486341915
1303,epitheli,24,15,4.199705077879927
1304,esg,24,1,6.907755278982137
1305,feasibl,24,15,4.199705077879927
1306,histolog,24,20,3.912023005428146
1307,ibd,24,4,5.521460917862246
1308,ir,24,15,4.199705077879927
1309,lipoprotein,24,12,4.422848629194137
1310,memori,24,11,4.509860006183766
1311,mineralocorticoid,24,24,3.7297014486341915
1312,neuroinflamm,24,17,4.074541934925921
1313,newli,24,18,4.017383521085972
1314,open,24,23,3.7722610630529876
1315,part,24,19,3.9633162998156966
1316,peak,24,19,3.9633162998156966
1317,pharmacovigil,24,18,4.017383521085972
1318,pr,24,2,6.214608098422191
1319,questionnair,24,20,3.912023005428146
1320,remiss,24,12,4.422848629194137
1321,repeat,24,23,3.7722610630529876
1322,replac,24,24,3.7297014486341915
1323,sarcopenia,24,15,4.199705077879927
1324,smd,24,7,4.961845129926823
1325,uncertainti,24,23,3.7722610630529876
1326,uptak,24,15,4.199705077879927
1327,ventricular,24,13,4.3428059215206005
1328,visual,24,11,4.509860006183766
1329,vomit,24,22,3.816712825623821
1330,wound,24,16,4.135166556742356
1331,accept,23,19,3.9633162998156966
1332,aggreg,23,14,4.268697949366879
1333,ai,23,7,4.961845129926823
1334,apnea,23,19,3.9633162998156966
1335,ba,23,3,5.809142990314028
1336,cessat,23,13,4.3428059215206005
1337,characteris,23,19,3.9633162998156966
1338,cluster,23,8,4.8283137373023015
1339,cn,23,10,4.605170185988092
1340,consensu,23,15,4.199705077879927
1341,de,23,16,4.135166556742356
1342,distinguish,23,21,3.8632328412587142
1343,ecnoglutid,23,4,5.521460917862246
1344,elucid,23,22,3.816712825623821
1345,esgena,23,1,6.907755278982137
1346,expenditur,23,17,4.074541934925921
1347,form,23,19,3.9633162998156966
1348,gdm,23,2,6.214608098422191
1349,laboratori,23,21,3.8632328412587142
1350,lung,23,9,4.710530701645918
1351,motiv,23,9,4.710530701645918
1352,nt,23,8,4.8283137373023015
1353,opportun,23,22,3.816712825623821
1354,paradigm,23,22,3.816712825623821
1355,pseudarthrosi,23,7,4.961845129926823
1356,r,23,15,4.199705077879927
1357,readmiss,23,15,4.199705077879927
1358,registri,23,21,3.8632328412587142
1359,repurpos,23,15,4.199705077879927
1360,satieti,23,14,4.268697949366879
1361,simul,23,17,4.074541934925921
1362,survodutid,23,5,5.298317366548036
1363,variant,23,11,4.509860006183766
1364,view,23,20,3.912023005428146
1365,western,23,20,3.912023005428146
1366,07,22,20,3.912023005428146
1367,2019,22,14,4.268697949366879
1368,2i,22,8,4.8283137373023015
1369,analogu,22,19,3.9633162998156966
1370,arm,22,17,4.074541934925921
1371,astrocyt,22,8,4.8283137373023015
1372,awar,22,18,4.017383521085972
1373,bodyweight,22,7,4.961845129926823
1374,carri,22,20,3.912023005428146
1375,classif,22,16,4.135166556742356
1376,classifi,22,18,4.017383521085972
1377,clear,22,20,3.912023005428146
1378,compet,22,13,4.3428059215206005
1379,concomit,22,21,3.8632328412587142
1380,damag,22,19,3.9633162998156966
1381,deliv,22,21,3.8632328412587142
1382,densiti,22,19,3.9633162998156966
1383,depart,22,17,4.074541934925921
1384,downregul,22,19,3.9633162998156966
1385,dyslipidemia,22,21,3.8632328412587142
1386,even,22,21,3.8632328412587142
1387,expos,22,17,4.074541934925921
1388,extens,22,19,3.9633162998156966
1389,finerenon,22,11,4.509860006183766
1390,gcgr,22,6,5.115995809754082
1391,gi,22,10,4.605170185988092
1392,half,22,18,4.017383521085972
1393,homa,22,12,4.422848629194137
1394,hour,22,13,4.3428059215206005
1395,inadequ,22,17,4.074541934925921
1396,intensif,22,10,4.605170185988092
1397,iqr,22,10,4.605170185988092
1398,knee,22,13,4.3428059215206005
1399,languag,22,17,4.074541934925921
1400,largest,22,18,4.017383521085972
1401,manner,22,20,3.912023005428146
1402,march,22,22,3.816712825623821
1403,meet,22,22,3.816712825623821
1404,metric,22,15,4.199705077879927
1405,mm,22,12,4.422848629194137
1406,moreov,22,20,3.912023005428146
1407,musculoskelet,22,15,4.199705077879927
1408,obtain,22,21,3.8632328412587142
1409,parallel,22,22,3.816712825623821
1410,potent,22,22,3.816712825623821
1411,reshap,22,21,3.8632328412587142
1412,solid,22,13,4.3428059215206005
1413,switch,22,14,4.268697949366879
1414,systol,22,17,4.074541934925921
1415,tzp,22,3,5.809142990314028
1416,1s,21,6,5.115995809754082
1417,abund,21,18,4.017383521085972
1418,averag,21,18,4.017383521085972
1419,beneficiari,21,5,5.298317366548036
1420,concept,21,20,3.912023005428146
1421,concurr,21,19,3.9633162998156966
1422,consum,21,14,4.268697949366879
1423,cover,21,15,4.199705077879927
1424,crosstalk,21,17,4.074541934925921
1425,cumul,21,19,3.9633162998156966
1426,digest,21,12,4.422848629194137
1427,ea,21,2,6.214608098422191
1428,enteroendocrin,21,15,4.199705077879927
1429,ex,21,7,4.961845129926823
1430,face,21,21,3.8632328412587142
1431,favour,21,20,3.912023005428146
1432,fed,21,14,4.268697949366879
1433,ferroptosi,21,7,4.961845129926823
1434,hip,21,14,4.268697949366879
1435,kinas,21,17,4.074541934925921
1436,local,21,17,4.074541934925921
1437,media,21,14,4.268697949366879
1438,mi,21,5,5.298317366548036
1439,newer,21,20,3.912023005428146
1440,panel,21,14,4.268697949366879
1441,ph,21,5,5.298317366548036
1442,plan,21,14,4.268697949366879
1443,project,21,13,4.3428059215206005
1444,pwh,21,5,5.298317366548036
1445,sens,21,14,4.268697949366879
1446,stigma,21,12,4.422848629194137
1447,subtyp,21,15,4.199705077879927
1448,synergist,21,18,4.017383521085972
1449,synthesis,21,20,3.912023005428146
1450,thiazolidinedion,21,15,4.199705077879927
1451,08,20,18,4.017383521085972
1452,200,20,10,4.605170185988092
1453,2018,20,17,4.074541934925921
1454,abca1,20,3,5.809142990314028
1455,aom,20,4,5.521460917862246
1456,arrhythmia,20,8,4.8283137373023015
1457,bioactiv,20,13,4.3428059215206005
1458,cardioprotect,20,14,4.268697949366879
1459,cytokin,20,18,4.017383521085972
1460,diastol,20,14,4.268697949366879
1461,dpn,20,3,5.809142990314028
1462,emul,20,17,4.074541934925921
1463,endoscopi,20,6,5.115995809754082
1464,epigenet,20,13,4.3428059215206005
1465,fi,20,2,6.214608098422191
1466,hospitalis,20,10,4.605170185988092
1467,ib,20,2,6.214608098422191
1468,innov,20,14,4.268697949366879
1469,juli,20,19,3.9633162998156966
1470,learn,20,15,4.199705077879927
1471,neurodegen,20,14,4.268697949366879
1472,origin,20,19,3.9633162998156966
1473,osteoarthr,20,17,4.074541934925921
1474,oud,20,6,5.115995809754082
1475,ovari,20,15,4.199705077879927
1476,overlap,20,12,4.422848629194137
1477,oxygen,20,13,4.3428059215206005
1478,phosphoryl,20,17,4.074541934925921
1479,plausibl,20,17,4.074541934925921
1480,renin,20,20,3.912023005428146
1481,resourc,20,17,4.074541934925921
1482,scfa,20,11,4.509860006183766
1483,seek,20,17,4.074541934925921
1484,simultan,20,17,4.074541934925921
1485,tubular,20,7,4.961845129926823
1486,upf,20,2,6.214608098422191
1487,upper,20,13,4.3428059215206005
1488,variat,20,18,4.017383521085972
1489,absenc,19,18,4.017383521085972
1490,advantag,19,19,3.9633162998156966
1491,aesthet,19,6,5.115995809754082
1492,alpha,19,7,4.961845129926823
1493,amelior,19,16,4.135166556742356
1494,anterior,19,16,4.135166556742356
1495,argu,19,18,4.017383521085972
1496,arthroplasti,19,15,4.199705077879927
1497,attend,19,7,4.961845129926823
1498,calcium,19,18,4.017383521085972
1499,centr,19,17,4.074541934925921
1500,cerebrovascular,19,13,4.3428059215206005
1501,cm,19,10,4.605170185988092
1502,coexist,19,19,3.9633162998156966
1503,core,19,17,4.074541934925921
1504,decad,19,19,3.9633162998156966
1505,domin,19,18,4.017383521085972
1506,econom,19,10,4.605170185988092
1507,equival,19,13,4.3428059215206005
1508,facilit,19,18,4.017383521085972
1509,gastrectomi,19,14,4.268697949366879
1510,govern,19,19,3.9633162998156966
1511,hcc,19,8,4.8283137373023015
1512,hold,19,13,4.3428059215206005
1513,http,19,17,4.074541934925921
1514,hypothalam,19,14,4.268697949366879
1515,icd,19,17,4.074541934925921
1516,inhibitori,19,18,4.017383521085972
1517,ld,19,2,6.214608098422191
1518,leptin,19,14,4.268697949366879
1519,m,19,12,4.422848629194137
1520,magnitud,19,18,4.017383521085972
1521,map,19,19,3.9633162998156966
1522,menopaus,19,9,4.710530701645918
1523,move,19,18,4.017383521085972
1524,nearli,19,18,4.017383521085972
1525,occurr,19,16,4.135166556742356
1526,order,19,13,4.3428059215206005
1527,pk,19,8,4.8283137373023015
1528,price,19,6,5.115995809754082
1529,prolifer,19,16,4.135166556742356
1530,reprogram,19,17,4.074541934925921
1531,retain,19,19,3.9633162998156966
1532,retinopathi,19,9,4.710530701645918
1533,rna,19,13,4.3428059215206005
1534,smi,19,3,5.809142990314028
1535,socioeconom,19,12,4.422848629194137
1536,transient,19,16,4.135166556742356
1537,unchang,19,18,4.017383521085972
1538,180,18,13,4.3428059215206005
1539,ablat,18,8,4.8283137373023015
1540,around,18,17,4.074541934925921
1541,attempt,18,11,4.509860006183766
1542,auc,18,11,4.509860006183766
1543,august,18,18,4.017383521085972
1544,ax,18,12,4.422848629194137
1545,behaviour,18,14,4.268697949366879
1546,biliari,18,5,5.298317366548036
1547,bowel,18,8,4.8283137373023015
1548,breast,18,9,4.710530701645918
1549,categori,18,15,4.199705077879927
1550,cervic,18,7,4.961845129926823
1551,circuit,18,12,4.422848629194137
1552,count,18,9,4.710530701645918
1553,creat,18,17,4.074541934925921
1554,creatinin,18,15,4.199705077879927
1555,crossov,18,17,4.074541934925921
1556,cue,18,10,4.605170185988092
1557,cultur,18,13,4.3428059215206005
1558,da,18,3,5.809142990314028
1559,ed,18,9,4.710530701645918
1560,endoscop,18,13,4.3428059215206005
1561,equit,18,14,4.268697949366879
1562,ethic,18,9,4.710530701645918
1563,fecal,18,12,4.422848629194137
1564,ferment,18,7,4.961845129926823
1565,glargin,18,8,4.8283137373023015
1566,glp1ra,18,6,5.115995809754082
1567,harm,18,15,4.199705077879927
1568,hfd,18,5,5.298317366548036
1569,hscrp,18,4,5.521460917862246
1570,hypothes,18,18,4.017383521085972
1571,icosema,18,3,5.809142990314028
1572,invas,18,16,4.135166556742356
1573,irr,18,6,5.115995809754082
1574,issu,18,18,4.017383521085972
1575,list,18,15,4.199705077879927
1576,magnet,18,17,4.074541934925921
1577,main,18,18,4.017383521085972
1578,market,18,17,4.074541934925921
1579,mrna,18,13,4.3428059215206005
1580,numer,18,17,4.074541934925921
1581,nvamd,18,1,6.907755278982137
1582,octob,18,15,4.199705077879927
1583,pharmaci,18,8,4.8283137373023015
1584,pka,18,10,4.605170185988092
1585,polysaccharid,18,7,4.961845129926823
1586,re,18,12,4.422848629194137
1587,reliabl,18,13,4.3428059215206005
1588,resolut,18,14,4.268697949366879
1589,retent,18,15,4.199705077879927
1590,seven,18,18,4.017383521085972
1591,similarli,18,17,4.074541934925921
1592,sirt1,18,11,4.509860006183766
1593,sleev,18,15,4.199705077879927
1594,tka,18,4,5.521460917862246
1595,tnf,18,14,4.268697949366879
1596,trigger,18,15,4.199705077879927
1597,twenti,18,18,4.017383521085972
1598,washout,18,12,4.422848629194137
1599,window,18,14,4.268697949366879
1600,κb,18,11,4.509860006183766
1601,1a,17,6,5.115995809754082
1602,adenocarcinoma,17,5,5.298317366548036
1603,albumin,17,16,4.135166556742356
1604,align,17,15,4.199705077879927
1605,cirrhosi,17,14,4.268697949366879
1606,contributor,17,16,4.135166556742356
1607,cycl,17,16,4.135166556742356
1608,detail,17,16,4.135166556742356
1609,dimens,17,14,4.268697949366879
1610,dr,17,4,5.521460917862246
1611,dysphagia,17,7,4.961845129926823
1612,empagliflozin,17,7,4.961845129926823
1613,equat,17,10,4.605170185988092
1614,era,17,13,4.3428059215206005
1615,fluid,17,10,4.605170185988092
1616,format,17,14,4.268697949366879
1617,goal,17,12,4.422848629194137
1618,hepatocellular,17,16,4.135166556742356
1619,hiv,17,6,5.115995809754082
1620,imbal,17,15,4.199705077879927
1621,immunometabol,17,12,4.422848629194137
1622,interleukin,17,13,4.3428059215206005
1623,later,17,12,4.422848629194137
1624,littl,17,17,4.074541934925921
1625,lost,17,13,4.3428059215206005
1626,malign,17,12,4.422848629194137
1627,mazdutid,17,5,5.298317366548036
1628,medicaid,17,6,5.115995809754082
1629,neurolog,17,13,4.3428059215206005
1630,nf,17,11,4.509860006183766
1631,nine,17,17,4.074541934925921
1632,past,17,17,4.074541934925921
1633,pathogen,17,13,4.3428059215206005
1634,pathogenesi,17,17,4.074541934925921
1635,percept,17,12,4.422848629194137
1636,pharmacodynam,17,14,4.268697949366879
1637,pi3k,17,12,4.422848629194137
1638,pivot,17,15,4.199705077879927
1639,pose,17,17,4.074541934925921
1640,programm,17,11,4.509860006183766
1641,recognit,17,15,4.199705077879927
1642,reflux,17,10,4.605170185988092
1643,relaps,17,14,4.268697949366879
1644,resmetirom,17,11,4.509860006183766
1645,satisfact,17,7,4.961845129926823
1646,speci,17,15,4.199705077879927
1647,statin,17,13,4.3428059215206005
1648,stiff,17,11,4.509860006183766
1649,still,17,17,4.074541934925921
1650,strongli,17,17,4.074541934925921
1651,uk,17,14,4.268697949366879
1652,venou,17,8,4.8283137373023015
1653,yy,17,13,4.3428059215206005
1654,1000,16,9,4.710530701645918
1655,2014,16,13,4.3428059215206005
1656,2016,16,15,4.199705077879927
1657,afford,16,12,4.422848629194137
1658,annual,16,11,4.509860006183766
1659,bidirect,16,15,4.199705077879927
1660,black,16,6,5.115995809754082
1661,cascad,16,15,4.199705077879927
1662,choic,16,11,4.509860006183766
1663,controversi,16,14,4.268697949366879
1664,dpp4is,16,7,4.961845129926823
1665,english,16,15,4.199705077879927
1666,ensur,16,15,4.199705077879927
1667,esophag,16,4,5.521460917862246
1668,februari,16,15,4.199705077879927
1669,haemoglobin,16,14,4.268697949366879
1670,hdl,16,10,4.605170185988092
1671,hispan,16,6,5.115995809754082
1672,host,16,13,4.3428059215206005
1673,ident,16,11,4.509860006183766
1674,identif,16,14,4.268697949366879
1675,importantli,16,16,4.135166556742356
1676,introduc,16,15,4.199705077879927
1677,item,16,12,4.422848629194137
1678,japan,16,6,5.115995809754082
1679,load,16,13,4.3428059215206005
1680,manufactur,16,12,4.422848629194137
1681,nad,16,7,4.961845129926823
1682,nervou,16,16,4.135166556742356
1683,ocular,16,7,4.961845129926823
1684,oncolog,16,10,4.605170185988092
1685,osteoporosi,16,7,4.961845129926823
1686,pancrea,16,10,4.605170185988092
1687,phentermin,16,9,4.710530701645918
1688,pioglitazon,16,9,4.710530701645918
1689,place,16,16,4.135166556742356
1690,polycyst,16,13,4.3428059215206005
1691,previou,16,15,4.199705077879927
1692,probnp,16,7,4.961845129926823
1693,rebound,16,4,5.521460917862246
1694,recipi,16,8,4.8283137373023015
1695,reson,16,15,4.199705077879927
1696,scenario,16,8,4.8283137373023015
1697,scientif,16,14,4.268697949366879
1698,squar,16,16,4.135166556742356
1699,step,16,14,4.268697949366879
1700,sting,16,5,5.298317366548036
1701,strongest,16,16,4.135166556742356
1702,suboptim,16,15,4.199705077879927
1703,summari,16,15,4.199705077879927
1704,surgeon,16,6,5.115995809754082
1705,surveil,16,16,4.135166556742356
1706,suspect,16,9,4.710530701645918
1707,tablet,16,6,5.115995809754082
1708,tailor,16,15,4.199705077879927
1709,techniqu,16,14,4.268697949366879
1710,technolog,16,12,4.422848629194137
1711,third,16,15,4.199705077879927
1712,univers,16,15,4.199705077879927
1713,z,16,7,4.961845129926823
1714,002,15,13,4.3428059215206005
1715,1β,15,12,4.422848629194137
1716,2010,15,14,4.268697949366879
1717,2017,15,13,4.3428059215206005
1718,365,15,9,4.710530701645918
1719,abil,15,15,4.199705077879927
1720,adipocyt,15,9,4.710530701645918
1721,admiss,15,7,4.961845129926823
1722,ahi,15,4,5.521460917862246
1723,ahr,15,5,5.298317366548036
1724,anthropometr,15,11,4.509860006183766
1725,apoptosi,15,14,4.268697949366879
1726,april,15,15,4.199705077879927
1727,bacteri,15,6,5.115995809754082
1728,billion,15,9,4.710530701645918
1729,bypass,15,13,4.3428059215206005
1730,certain,15,14,4.268697949366879
1731,constrain,15,14,4.268697949366879
1732,crc,15,2,6.214608098422191
1733,crucial,15,15,4.199705077879927
1734,cyclic,15,9,4.710530701645918
1735,demand,15,14,4.268697949366879
1736,discharg,15,6,5.115995809754082
1737,dna,15,13,4.3428059215206005
1738,ebmt,15,1,6.907755278982137
1739,ehr,15,7,4.961845129926823
1740,european,15,11,4.509860006183766
1741,evok,15,5,5.298317366548036
1742,extern,15,11,4.509860006183766
1743,frailti,15,8,4.8283137373023015
1744,fundament,15,15,4.199705077879927
1745,fxr,15,5,5.298317366548036
1746,googl,15,15,4.199705077879927
1747,hidraden,15,12,4.422848629194137
1748,hypoglycem,15,11,4.509860006183766
1749,ill,15,9,4.710530701645918
1750,inflammasom,15,13,4.3428059215206005
1751,inpati,15,9,4.710530701645918
1752,interview,15,6,5.115995809754082
1753,iron,15,11,4.509860006183766
1754,iv,15,9,4.710530701645918
1755,ketoacidosi,15,11,4.509860006183766
1756,landmark,15,12,4.422848629194137
1757,last,15,13,4.3428059215206005
1758,leav,15,12,4.422848629194137
1759,liquid,15,12,4.422848629194137
1760,materi,15,15,4.199705077879927
1761,microvascular,15,11,4.509860006183766
1762,motil,15,11,4.509860006183766
1763,nationwid,15,15,4.199705077879927
1764,net,15,11,4.509860006183766
1765,note,15,15,4.199705077879927
1766,ovarian,15,11,4.509860006183766
1767,permeabl,15,10,4.605170185988092
1768,postmenopaus,15,6,5.115995809754082
1769,principl,15,13,4.3428059215206005
1770,priorit,15,13,4.3428059215206005
1771,problem,15,12,4.422848629194137
1772,profession,15,13,4.3428059215206005
1773,psychosoci,15,11,4.509860006183766
1774,regardless,15,11,4.509860006183766
1775,right,15,7,4.961845129926823
1776,rigor,15,15,4.199705077879927
1777,si,15,3,5.809142990314028
1778,signatur,15,14,4.268697949366879
1779,substrat,15,13,4.3428059215206005
1780,suppurativa,15,12,4.422848629194137
1781,surround,15,13,4.3428059215206005
1782,testosteron,15,5,5.298317366548036
1783,tgr5,15,8,4.8283137373023015
1784,thrombosi,15,11,4.509860006183766
1785,upstream,15,14,4.268697949366879
1786,woman,15,14,4.268697949366879
1787,young,15,9,4.710530701645918
1788,00001,14,4,5.521460917862246
1789,2013,14,12,4.422848629194137
1790,2015,14,13,4.3428059215206005
1791,abdomin,14,8,4.8283137373023015
1792,absorpt,14,11,4.509860006183766
1793,addict,14,8,4.8283137373023015
1794,adopt,14,14,4.268697949366879
1795,advic,14,2,6.214608098422191
1796,aki,14,3,5.809142990314028
1797,amplifi,14,13,4.3428059215206005
1798,anoth,14,12,4.422848629194137
1799,antagon,14,9,4.710530701645918
1800,apprais,14,14,4.268697949366879
1801,attain,14,6,5.115995809754082
1802,autophagi,14,10,4.605170185988092
1803,biopsi,14,11,4.509860006183766
1804,calor,14,12,4.422848629194137
1805,calori,14,7,4.961845129926823
1806,categor,14,13,4.3428059215206005
1807,caution,14,12,4.422848629194137
1808,cautious,14,14,4.268697949366879
1809,cavi,14,2,6.214608098422191
1810,commerci,14,14,4.268697949366879
1811,comput,14,12,4.422848629194137
1812,constitut,14,13,4.3428059215206005
1813,cornerston,14,14,4.268697949366879
1814,cours,14,12,4.422848629194137
1815,deterior,14,12,4.422848629194137
1816,diverg,14,13,4.3428059215206005
1817,dysbiosi,14,10,4.605170185988092
1818,environment,14,9,4.710530701645918
1819,facial,14,6,5.115995809754082
1820,feder,14,12,4.422848629194137
1821,fibrot,14,13,4.3428059215206005
1822,formal,14,13,4.3428059215206005
1823,fragment,14,13,4.3428059215206005
1824,gerd,14,6,5.115995809754082
1825,glycemia,14,9,4.710530701645918
1826,heal,14,11,4.509860006183766
1827,hippocamp,14,6,5.115995809754082
1828,hypoxia,14,5,5.298317366548036
1829,ideat,14,8,4.8283137373023015
1830,intermitt,14,9,4.710530701645918
1831,ion,14,7,4.961845129926823
1832,left,14,11,4.509860006183766
1833,ligand,14,11,4.509860006183766
1834,manifest,14,13,4.3428059215206005
1835,maximum,14,12,4.422848629194137
1836,modestli,14,14,4.268697949366879
1837,mol,14,9,4.710530701645918
1838,mr,14,4,5.521460917862246
1839,ms,14,7,4.961845129926823
1840,mtor,14,10,4.605170185988092
1841,multicentr,14,14,4.268697949366879
1842,multimorbid,14,12,4.422848629194137
1843,neurohormon,14,8,4.8283137373023015
1844,neutral,14,13,4.3428059215206005
1845,ogtt,14,8,4.8283137373023015
1846,outpati,14,11,4.509860006183766
1847,output,14,14,4.268697949366879
1848,paediatr,14,4,5.521460917862246
1849,partli,14,14,4.268697949366879
1850,polar,14,6,5.115995809754082
1851,predomin,14,13,4.3428059215206005
1852,pronounc,14,13,4.3428059215206005
1853,ration,14,13,4.3428059215206005
1854,recruit,14,14,4.268697949366879
1855,rich,14,12,4.422848629194137
1856,rodent,14,11,4.509860006183766
1857,salivari,14,4,5.521460917862246
1858,scholar,14,14,4.268697949366879
1859,shape,14,14,4.268697949366879
1860,sr,14,2,6.214608098422191
1861,steroid,14,10,4.605170185988092
1862,symptomat,14,12,4.422848629194137
1863,ten,14,13,4.3428059215206005
1864,termin,14,10,4.605170185988092
1865,tha,14,4,5.521460917862246
1866,theoret,14,12,4.422848629194137
1867,thromboembol,14,11,4.509860006183766
1868,throughout,14,14,4.268697949366879
1869,varianc,14,11,4.509860006183766
1870,virtual,14,6,5.115995809754082
1871,younger,14,11,4.509860006183766
1872,adjuv,13,7,4.961845129926823
1873,alreadi,13,12,4.422848629194137
1874,alt,13,7,4.961845129926823
1875,aris,13,12,4.422848629194137
1876,arthriti,13,7,4.961845129926823
1877,asia,13,7,4.961845129926823
1878,augment,13,12,4.422848629194137
1879,bacteria,13,10,4.605170185988092
1880,bc,13,2,6.214608098422191
1881,bipolar,13,6,5.115995809754082
1882,blockad,13,9,4.710530701645918
1883,c3m,13,1,6.907755278982137
1884,clearanc,13,9,4.710530701645918
1885,countri,13,12,4.422848629194137
1886,deficit,13,12,4.422848629194137
1887,deposit,13,12,4.422848629194137
1888,duct,13,2,6.214608098422191
1889,dul,13,2,6.214608098422191
1890,earlier,13,13,4.3428059215206005
1891,elect,13,9,4.710530701645918
1892,elicit,13,11,4.509860006183766
1893,en,13,12,4.422848629194137
1894,environ,13,13,4.3428059215206005
1895,fc,13,3,5.809142990314028
1896,foot,13,3,5.809142990314028
1897,forc,13,7,4.961845129926823
1898,gcg,13,4,5.521460917862246
1899,icer,13,5,5.298317366548036
1900,interconnect,13,13,4.3428059215206005
1901,intraven,13,8,4.8283137373023015
1902,i²,13,8,4.8283137373023015
1903,late,13,11,4.509860006183766
1904,lncrna,13,2,6.214608098422191
1905,member,13,12,4.422848629194137
1906,mendelian,13,11,4.509860006183766
1907,mlf,13,1,6.907755278982137
1908,mood,13,7,4.961845129926823
1909,morpholog,13,10,4.605170185988092
1910,multicent,13,13,4.3428059215206005
1911,name,13,8,4.8283137373023015
1912,nerv,13,11,4.509860006183766
1913,neuroendocrin,13,9,4.710530701645918
1914,nm,13,9,4.710530701645918
1915,novemb,13,13,4.3428059215206005
1916,novo,13,12,4.422848629194137
1917,om,13,2,6.214608098422191
1918,ophthalm,13,10,4.605170185988092
1919,overview,13,13,4.3428059215206005
1920,pairwis,13,9,4.710530701645918
1921,perceiv,13,6,5.115995809754082
1922,pi,13,3,5.809142990314028
1923,prognost,13,7,4.961845129926823
1924,prompt,13,13,4.3428059215206005
1925,prr,13,5,5.298317366548036
1926,psoriasi,13,9,4.710530701645918
1927,pw,13,3,5.809142990314028
1928,pyroptosi,13,6,5.115995809754082
1929,race,13,12,4.422848629194137
1930,reason,13,10,4.605170185988092
1931,renoprotect,13,11,4.509860006183766
1932,resid,13,7,4.961845129926823
1933,resolv,13,12,4.422848629194137
1934,retin,13,8,4.8283137373023015
1935,seen,13,13,4.3428059215206005
1936,sequenti,13,12,4.422848629194137
1937,sexual,13,5,5.298317366548036
1938,sitagliptin,13,5,5.298317366548036
1939,smoke,13,8,4.8283137373023015
1940,stem,13,10,4.605170185988092
1941,stronger,13,13,4.3428059215206005
1942,subset,13,12,4.422848629194137
1943,successfulli,13,13,4.3428059215206005
1944,surrog,13,11,4.509860006183766
1945,synthet,13,9,4.710530701645918
1946,titrat,13,10,4.605170185988092
1947,topiram,13,7,4.961845129926823
1948,toxic,13,13,4.3428059215206005
1949,trait,13,8,4.8283137373023015
1950,ultim,13,13,4.3428059215206005
1951,utilis,13,10,4.605170185988092
1952,wai,13,9,4.710530701645918
1953,wc,13,3,5.809142990314028
1954,widespread,13,13,4.3428059215206005
1955,workflow,13,6,5.115995809754082
1956,academ,12,11,4.509860006183766
1957,accur,12,11,4.509860006183766
1958,adiponectin,12,8,4.8283137373023015
1959,algorithm,12,12,4.422848629194137
1960,alloc,12,7,4.961845129926823
1961,american,12,11,4.509860006183766
1962,antibiot,12,7,4.961845129926823
1963,attract,12,10,4.605170185988092
1964,avers,12,5,5.298317366548036
1965,bdnf,12,3,5.809142990314028
1966,biochem,12,11,4.509860006183766
1967,bip,12,3,5.809142990314028
1968,blot,12,12,4.422848629194137
1969,brca1,12,1,6.907755278982137
1970,bw,12,3,5.809142990314028
1971,call,12,11,4.509860006183766
1972,capabl,12,12,4.422848629194137
1973,carbon,12,6,5.115995809754082
1974,cardiomyocyt,12,6,5.115995809754082
1975,cc,12,2,6.214608098422191
1976,chemic,12,10,4.605170185988092
1977,construct,12,8,4.8283137373023015
1978,contact,12,8,4.8283137373023015
1979,continuum,12,11,4.509860006183766
1980,dd01,12,1,6.907755278982137
1981,degre,12,12,4.422848629194137
1982,diminish,12,12,4.422848629194137
1983,divid,12,12,4.422848629194137
1984,dme,12,3,5.809142990314028
1985,dopaminerg,12,6,5.115995809754082
1986,elderli,12,8,4.8283137373023015
1987,emot,12,7,4.961845129926823
1988,enrolle,12,3,5.809142990314028
1989,erectil,12,5,5.298317366548036
1990,error,12,9,4.710530701645918
1991,fiber,12,9,4.710530701645918
1992,gallbladd,12,5,5.298317366548036
1993,hallmark,12,9,4.710530701645918
1994,histor,12,11,4.509860006183766
1995,induct,12,10,4.605170185988092
1996,intracellular,12,12,4.422848629194137
1997,japanes,12,7,4.961845129926823
1998,journal,12,8,4.8283137373023015
1999,lactat,12,9,4.710530701645918
2000,lowest,12,10,4.605170185988092
2001,matrix,12,9,4.710530701645918
2002,maxim,12,11,4.509860006183766
2003,metald,12,1,6.907755278982137
2004,minut,12,9,4.710530701645918
2005,mmhg,12,8,4.8283137373023015
2006,multimod,12,11,4.509860006183766
2007,natriuret,12,9,4.710530701645918
2008,neoplasm,12,5,5.298317366548036
2009,orient,12,10,4.605170185988092
2010,ozemp,12,8,4.8283137373023015
2011,pbh,12,3,5.809142990314028
2012,pce,12,1,6.907755278982137
2013,peer,12,9,4.710530701645918
2014,penetr,12,9,4.710530701645918
2015,phytochem,12,7,4.961845129926823
2016,plastic,12,9,4.710530701645918
2017,pleiotrop,12,11,4.509860006183766
2018,ppar,12,10,4.605170185988092
2019,pragmat,12,8,4.8283137373023015
2020,precipit,12,7,4.961845129926823
2021,privat,12,9,4.710530701645918
2022,psm,12,8,4.8283137373023015
2023,qualit,12,11,4.509860006183766
2024,queri,12,12,4.422848629194137
2025,recognis,12,10,4.605170185988092
2026,replic,12,11,4.509860006183766
2027,roux,12,11,4.509860006183766
2028,septemb,12,11,4.509860006183766
2029,sign,12,7,4.961845129926823
2030,span,12,12,4.422848629194137
2031,spatial,12,12,4.422848629194137
2032,spinal,12,5,5.298317366548036
2033,strengthen,12,12,4.422848629194137
2034,surmount,12,6,5.115995809754082
2035,suscept,12,10,4.605170185988092
2036,tendon,12,3,5.809142990314028
2037,tract,12,12,4.422848629194137
2038,twl,12,3,5.809142990314028
2039,unadjust,12,8,4.8283137373023015
2040,untreat,12,9,4.710530701645918
2041,wk,12,7,4.961845129926823
2042,absent,11,10,4.605170185988092
2043,acm,11,3,5.809142990314028
2044,acsl4,11,3,5.809142990314028
2045,adipokin,11,9,4.710530701645918
2046,aldosteron,11,11,4.509860006183766
2047,allow,11,11,4.509860006183766
2048,appar,11,9,4.710530701645918
2049,assist,11,8,4.8283137373023015
2050,ast,11,7,4.961845129926823
2051,atherosclerosi,11,10,4.605170185988092
2052,avoid,11,8,4.8283137373023015
2053,benchmark,11,9,4.710530701645918
2054,build,11,10,4.605170185988092
2055,cecal,11,5,5.298317366548036
2056,chromatographi,11,5,5.298317366548036
2057,compart,11,7,4.961845129926823
2058,compat,11,8,4.8283137373023015
2059,complement,11,11,4.509860006183766
2060,conflict,11,11,4.509860006183766
2061,conserv,11,10,4.605170185988092
2062,corticosteroid,11,7,4.961845129926823
2063,curcumin,11,5,5.298317366548036
2064,dapagliflozin,11,4,5.521460917862246
2065,decompens,11,6,5.115995809754082
2066,defect,11,9,4.710530701645918
2067,degener,11,10,4.605170185988092
2068,deplet,11,11,4.509860006183766
2069,disc,11,5,5.298317366548036
2070,dispens,11,10,4.605170185988092
2071,dpp4,11,7,4.961845129926823
2072,drink,11,4,5.521460917862246
2073,egd,11,4,5.521460917862246
2074,encount,11,9,4.710530701645918
2075,endocrinolog,11,9,4.710530701645918
2076,episod,11,9,4.710530701645918
2077,estimand,11,7,4.961845129926823
2078,exchang,11,5,5.298317366548036
2079,extracellular,11,10,4.605170185988092
2080,gastrocnemiu,11,2,6.214608098422191
2081,glp1ras,11,5,5.298317366548036
2082,good,11,11,4.509860006183766
2083,hemodialysi,11,4,5.521460917862246
2084,idiopath,11,7,4.961845129926823
2085,intend,11,11,4.509860006183766
2086,intermedi,11,8,4.8283137373023015
2087,ischaem,11,6,5.115995809754082
2088,ischemia,11,5,5.298317366548036
2089,length,11,9,4.710530701645918
2090,m1,11,4,5.521460917862246
2091,macronutri,11,7,4.961845129926823
2092,made,11,10,4.605170185988092
2093,miss,11,10,4.605170185988092
2094,mobil,11,7,4.961845129926823
2095,mutat,11,5,5.298317366548036
2096,nephrectomi,11,3,5.809142990314028
2097,nondiabet,11,7,4.961845129926823
2098,nonus,11,10,4.605170185988092
2099,nrf2,11,9,4.710530701645918
2100,nsmra,11,4,5.521460917862246
2101,nuclear,11,10,4.605170185988092
2102,other,11,11,4.509860006183766
2103,parkinson,11,9,4.710530701645918
2104,periprosthet,11,6,5.115995809754082
2105,possess,11,11,4.509860006183766
2106,ppara,11,2,6.214608098422191
2107,pparα,11,2,6.214608098422191
2108,proteom,11,5,5.298317366548036
2109,purpos,11,11,4.509860006183766
2110,q,11,5,5.298317366548036
2111,quercetin,11,5,5.298317366548036
2112,rasi,11,2,6.214608098422191
2113,registr,11,11,4.509860006183766
2114,reimburs,11,8,4.8283137373023015
2115,reli,11,11,4.509860006183766
2116,reoper,11,7,4.961845129926823
2117,rescu,11,7,4.961845129926823
2118,rest,11,11,4.509860006183766
2119,salt,11,5,5.298317366548036
2120,sarcopen,11,9,4.710530701645918
2121,satiat,11,5,5.298317366548036
2122,soul,11,5,5.298317366548036
2123,standardis,11,11,4.509860006183766
2124,substitut,11,8,4.8283137373023015
2125,sugar,11,5,5.298317366548036
2126,sulfat,11,5,5.298317366548036
2127,taken,11,11,4.509860006183766
2128,teae,11,4,5.521460917862246
2129,turnov,11,5,5.298317366548036
2130,typic,11,11,4.509860006183766
2131,ulcer,11,4,5.521460917862246
2132,uncommon,11,11,4.509860006183766
2133,uniform,11,11,4.509860006183766
2134,unresolv,11,10,4.605170185988092
2135,vaccin,11,2,6.214608098422191
2136,vision,11,4,5.521460917862246
2137,whole,11,9,4.710530701645918
2138,wors,11,9,4.710530701645918
2139,zenagamtid,11,3,5.809142990314028
2140,γ,11,7,4.961845129926823
2141,003,10,9,4.710530701645918
2142,007,10,10,4.605170185988092
2143,009,10,10,4.605170185988092
2144,021,10,9,4.710530701645918
2145,118,10,9,4.710530701645918
2146,ac,10,8,4.8283137373023015
2147,adequaci,10,8,4.8283137373023015
2148,affin,10,9,4.710530701645918
2149,ali,10,2,6.214608098422191
2150,amput,10,4,5.521460917862246
2151,anesthesia,10,7,4.961845129926823
2152,antiobes,10,7,4.961845129926823
2153,antioxid,10,10,4.605170185988092
2154,bioenerget,10,9,4.710530701645918
2155,breath,10,6,5.115995809754082
2156,budget,10,4,5.521460917862246
2157,cannabi,10,2,6.214608098422191
2158,cgmp,10,2,6.214608098422191
2159,classic,10,10,4.605170185988092
2160,compens,10,4,5.521460917862246
2161,conform,10,8,4.8283137373023015
2162,constitu,10,6,5.115995809754082
2163,deep,10,10,4.605170185988092
2164,depth,10,10,4.605170185988092
2165,difficult,10,10,4.605170185988092
2166,digoxin,10,2,6.214608098422191
2167,direction,10,8,4.8283137373023015
2168,disabl,10,10,4.605170185988092
2169,donor,10,4,5.521460917862246
2170,edema,10,8,4.8283137373023015
2171,eg,10,4,5.521460917862246
2172,engin,10,10,4.605170185988092
2173,ethnic,10,9,4.710530701645918
2174,explan,10,10,4.605170185988092
2175,fair,10,7,4.961845129926823
2176,fall,10,9,4.710530701645918
2177,fgf21,10,6,5.115995809754082
2178,fib,10,3,5.809142990314028
2179,fill,10,10,4.605170185988092
2180,glucosidas,10,9,4.710530701645918
2181,glycaemia,10,6,5.115995809754082
2182,gynecologist,10,2,6.214608098422191
2183,hfref,10,3,5.809142990314028
2184,hsf1,10,2,6.214608098422191
2185,hunger,10,9,4.710530701645918
2186,icodec,10,4,5.521460917862246
2187,implant,10,8,4.8283137373023015
2188,infer,10,10,4.605170185988092
2189,instruct,10,7,4.961845129926823
2190,interquartil,10,6,5.115995809754082
2191,intrins,10,9,4.710530701645918
2192,layer,10,7,4.961845129926823
2193,lifespan,10,8,4.8283137373023015
2194,limb,10,5,5.298317366548036
2195,lipotox,10,8,4.8283137373023015
2196,lumbar,10,3,5.809142990314028
2197,man,10,9,4.710530701645918
2198,matur,10,9,4.710530701645918
2199,membran,10,10,4.605170185988092
2200,mra,10,3,5.809142990314028
2201,multifactori,10,10,4.605170185988092
2202,na,10,3,5.809142990314028
2203,necrosi,10,9,4.710530701645918
2204,nephrolog,10,6,5.115995809754082
2205,nmol,10,6,5.115995809754082
2206,null,10,9,4.710530701645918
2207,ocn,10,2,6.214608098422191
2208,omic,10,10,4.605170185988092
2209,paper,10,10,4.605170185988092
2210,payer,10,6,5.115995809754082
2211,pemf,10,1,6.907755278982137
2212,perfus,10,8,4.8283137373023015
2213,peroxid,10,7,4.961845129926823
2214,peroxisom,10,9,4.710530701645918
2215,pg,10,6,5.115995809754082
2216,potenc,10,9,4.710530701645918
2217,preced,10,10,4.605170185988092
2218,princip,10,10,4.605170185988092
2219,prognosi,10,8,4.8283137373023015
2220,ps,10,5,5.298317366548036
2221,reassur,10,9,4.710530701645918
2222,refin,10,10,4.605170185988092
2223,reticulum,10,8,4.8283137373023015
2224,rhythm,10,5,5.298317366548036
2225,rout,10,8,4.8283137373023015
2226,rvo,10,2,6.214608098422191
2227,salin,10,10,4.605170185988092
2228,schizophrenia,10,6,5.115995809754082
2229,sem,10,2,6.214608098422191
2230,sepsi,10,7,4.961845129926823
2231,sgk2,10,1,6.907755278982137
2232,shortag,10,8,4.8283137373023015
2233,spine,10,4,5.521460917862246
2234,sub,10,4,5.521460917862246
2235,sucra,10,4,5.521460917862246
2236,summit,10,5,5.298317366548036
2237,tb,10,2,6.214608098422191
2238,testabl,10,10,4.605170185988092
2239,ubt251,10,1,6.907755278982137
2240,uncontrol,10,9,4.710530701645918
2241,unifi,10,10,4.605170185988092
2242,urgent,10,10,4.605170185988092
2243,vein,10,10,4.605170185988092
2244,venom,10,2,6.214608098422191
2245,verifi,10,8,4.8283137373023015
2246,version,10,10,4.605170185988092
2247,video,10,3,5.809142990314028
2248,vigil,10,8,4.8283137373023015
2249,www,10,10,4.605170185988092
2250,ζ,10,2,6.214608098422191
2251,004,9,9,4.710530701645918
2252,026,9,9,4.710530701645918
2253,106,9,8,4.8283137373023015
2254,112,9,8,4.8283137373023015
2255,aa,9,1,6.907755278982137
2256,adhes,9,3,5.809142990314028
2257,agenc,9,9,4.710530701645918
2258,agreement,9,7,4.961845129926823
2259,alopecia,9,4,5.521460917862246
2260,amd,9,2,6.214608098422191
2261,amyloid,9,3,5.809142990314028
2262,anemia,9,5,5.298317366548036
2263,antidepress,9,4,5.521460917862246
2264,antihyperglycem,9,4,5.521460917862246
2265,atp,9,7,4.961845129926823
2266,atrophi,9,6,5.115995809754082
2267,attitud,9,4,5.521460917862246
2268,auc0,9,4,5.521460917862246
2269,autom,9,5,5.298317366548036
2270,autonom,9,8,4.8283137373023015
2271,bayesian,9,9,4.710530701645918
2272,berberin,9,5,5.298317366548036
2273,biogenesi,9,6,5.115995809754082
2274,bm,9,1,6.907755278982137
2275,bolu,9,8,4.8283137373023015
2276,buprenorphin,9,3,5.809142990314028
2277,bupropion,9,6,5.115995809754082
2278,cagrisema,9,5,5.298317366548036
2279,canon,9,7,4.961845129926823
2280,carcinogen,9,2,6.214608098422191
2281,checklist,9,7,4.961845129926823
2282,citat,9,7,4.961845129926823
2283,ckmd,9,1,6.907755278982137
2284,collagen,9,9,4.710530701645918
2285,compromis,9,9,4.710530701645918
2286,contour,9,5,5.298317366548036
2287,contraind,9,6,5.115995809754082
2288,cordycepin,9,3,5.809142990314028
2289,credibl,9,5,5.298317366548036
2290,cvi,9,1,6.907755278982137
2291,dataset,9,9,4.710530701645918
2292,development,9,5,5.298317366548036
2293,draw,9,9,4.710530701645918
2294,dyrk1a,9,1,6.907755278982137
2295,editori,9,9,4.710530701645918
2296,effici,9,8,4.8283137373023015
2297,electrostat,9,3,5.809142990314028
2298,eloralintid,9,4,5.521460917862246
2299,encourag,9,9,4.710530701645918
2300,enter,9,6,5.115995809754082
2301,etd,9,3,5.809142990314028
2302,eustachian,9,3,5.809142990314028
2303,exceed,9,9,4.710530701645918
2304,expans,9,9,4.710530701645918
2305,extent,9,9,4.710530701645918
2306,fatigu,9,6,5.115995809754082
2307,film,9,2,6.214608098422191
2308,fpg,9,4,5.521460917862246
2309,generaliz,9,9,4.710530701645918
2310,geroprotect,9,4,5.521460917862246
2311,gestat,9,8,4.8283137373023015
2312,gh,9,2,6.214608098422191
2313,gland,9,4,5.521460917862246
2314,glar,9,1,6.907755278982137
2315,glial,9,7,4.961845129926823
2316,glutag,9,4,5.521460917862246
2317,gpcr,9,3,5.809142990314028
2318,gradient,9,6,5.115995809754082
2319,handl,9,8,4.8283137373023015
2320,headach,9,5,5.298317366548036
2321,hff,9,2,6.214608098422191
2322,homeostat,9,9,4.710530701645918
2323,hub,9,7,4.961845129926823
2324,hyperglycaemia,9,8,4.8283137373023015
2325,hypogonad,9,2,6.214608098422191
2326,immunoreact,9,3,5.809142990314028
2327,incom,9,6,5.115995809754082
2328,india,9,4,5.521460917862246
2329,instabl,9,8,4.8283137373023015
2330,instrument,9,7,4.961845129926823
2331,intent,9,9,4.710530701645918
2332,interplai,9,9,4.710530701645918
2333,intersect,9,9,4.710530701645918
2334,intracrani,9,6,5.115995809754082
2335,ipmn,9,1,6.907755278982137
2336,iptw,9,5,5.298317366548036
2337,isorhamnetin,9,1,6.907755278982137
2338,kccq,9,5,5.298317366548036
2339,knockdown,9,8,4.8283137373023015
2340,leverag,9,9,4.710530701645918
2341,liabil,9,5,5.298317366548036
2342,likelihood,9,9,4.710530701645918
2343,lose,9,8,4.8283137373023015
2344,lysat,9,2,6.214608098422191
2345,mention,9,5,5.298317366548036
2346,mitochondria,9,7,4.961845129926823
2347,monocyt,9,4,5.521460917862246
2348,muciniphila,9,5,5.298317366548036
2349,mucos,9,6,5.115995809754082
2350,nafld,9,5,5.298317366548036
2351,navig,9,9,4.710530701645918
2352,naïve,9,7,4.961845129926823
2353,near,9,8,4.8283137373023015
2354,neuropath,9,4,5.521460917862246
2355,nitric,9,9,4.710530701645918
2356,np,9,2,6.214608098422191
2357,optimis,9,9,4.710530701645918
2358,outsid,9,8,4.8283137373023015
2359,overcom,9,9,4.710530701645918
2360,overdos,9,6,5.115995809754082
2361,overload,9,8,4.8283137373023015
2362,ovid,9,7,4.961845129926823
2363,ow,9,8,4.8283137373023015
2364,pad,9,2,6.214608098422191
2365,pai,9,7,4.961845129926823
2366,paradox,9,8,4.8283137373023015
2367,particl,9,7,4.961845129926823
2368,pcp,9,3,5.809142990314028
2369,pdac,9,2,6.214608098422191
2370,peri,9,5,5.298317366548036
2371,pet,9,4,5.521460917862246
2372,pf,9,3,5.809142990314028
2373,pji,9,3,5.809142990314028
2374,plant,9,9,4.710530701645918
2375,pneumonia,9,7,4.961845129926823
2376,poisson,9,9,4.710530701645918
2377,preferenti,9,7,4.961845129926823
2378,prehabilit,9,4,5.521460917862246
2379,preload,9,2,6.214608098422191
2380,prematur,9,9,4.710530701645918
2381,progenitor,9,4,5.521460917862246
2382,proinsulin,9,1,6.907755278982137
2383,promin,9,8,4.8283137373023015
2384,proof,9,9,4.710530701645918
2385,proven,9,9,4.710530701645918
2386,pyrin,9,7,4.961845129926823
2387,pyy3,9,1,6.907755278982137
2388,quarter,9,6,5.115995809754082
2389,redox,9,9,4.710530701645918
2390,referr,9,7,4.961845129926823
2391,regener,9,8,4.8283137373023015
2392,reproduc,9,9,4.710530701645918
2393,riiβ,9,1,6.907755278982137
2394,rwe,9,3,5.809142990314028
2395,saudi,9,5,5.298317366548036
2396,secretagogu,9,3,5.809142990314028
2397,secretori,9,9,4.710530701645918
2398,segment,9,8,4.8283137373023015
2399,simpl,9,9,4.710530701645918
2400,smooth,9,4,5.521460917862246
2401,sole,9,9,4.710530701645918
2402,solut,9,7,4.961845129926823
2403,spontan,9,9,4.710530701645918
2404,sst,9,1,6.907755278982137
2405,stai,9,7,4.961845129926823
2406,stc,9,7,4.961845129926823
2407,stepwis,9,9,4.710530701645918
2408,strain,9,6,5.115995809754082
2409,supplementari,9,8,4.8283137373023015
2410,suppli,9,9,4.710530701645918
2411,surfac,9,8,4.8283137373023015
2412,survivor,9,4,5.521460917862246
2413,tast,9,2,6.214608098422191
2414,tg,9,5,5.298317366548036
2415,thrombot,9,3,5.809142990314028
2416,tja,9,3,5.809142990314028
2417,top,9,8,4.8283137373023015
2418,tube,9,3,5.809142990314028
2419,twelv,9,8,4.8283137373023015
2420,u100,9,1,6.907755278982137
2421,unmet,9,9,4.710530701645918
2422,ypxjf,9,1,6.907755278982137
2423,0002,8,6,5.115995809754082
2424,005,8,8,4.8283137373023015
2425,104,8,6,5.115995809754082
2426,155383,8,1,6.907755278982137
2427,310,8,6,5.115995809754082
2428,aad,8,1,6.907755278982137
2429,aberr,8,8,4.8283137373023015
2430,abolish,8,7,4.961845129926823
2431,adpn,8,1,6.907755278982137
2432,aid,8,5,5.298317366548036
2433,aminotransferas,8,5,5.298317366548036
2434,androgen,8,6,5.115995809754082
2435,aor,8,3,5.809142990314028
2436,architectur,8,7,4.961845129926823
2437,aspect,8,6,5.115995809754082
2438,avenu,8,8,4.8283137373023015
2439,avexitid,8,1,6.907755278982137
2440,bbb,8,3,5.809142990314028
2441,begin,8,8,4.8283137373023015
2442,bias,8,7,4.961845129926823
2443,bilibili,8,1,6.907755278982137
2444,bleed,8,4,5.521460917862246
2445,bofanglutid,8,2,6.214608098422191
2446,bp,8,3,5.809142990314028
2447,breakthrough,8,7,4.961845129926823
2448,bridg,8,8,4.8283137373023015
2449,c57bl,8,8,4.8283137373023015
2450,caregiv,8,1,6.907755278982137
2451,catenin,8,4,5.521460917862246
2452,cathet,8,4,5.521460917862246
2453,channel,8,6,5.115995809754082
2454,chromatin,8,6,5.115995809754082
2455,collaps,8,7,4.961845129926823
2456,consent,8,5,5.298317366548036
2457,constip,8,6,5.115995809754082
2458,contextu,8,8,4.8283137373023015
2459,cpap,8,3,5.809142990314028
2460,criterion,8,6,5.115995809754082
2461,cutan,8,5,5.298317366548036
2462,cvot,8,6,5.115995809754082
2463,d001,8,1,6.907755278982137
2464,debat,8,7,4.961845129926823
2465,delin,8,8,4.8283137373023015
2466,dermatologist,8,5,5.298317366548036
2467,deviat,8,6,5.115995809754082
2468,discours,8,6,5.115995809754082
2469,displai,8,8,4.8283137373023015
2470,dissoci,8,8,4.8283137373023015
2471,diuret,8,6,5.115995809754082
2472,dka,8,4,5.521460917862246
2473,dvt,8,2,6.214608098422191
2474,eec,8,1,6.907755278982137
2475,effort,8,7,4.961845129926823
2476,ela,8,1,6.907755278982137
2477,elimin,8,8,4.8283137373023015
2478,endoplasm,8,7,4.961845129926823
2479,eno,8,4,5.521460917862246
2480,erk,8,5,5.298317366548036
2481,excret,8,5,5.298317366548036
2482,excurs,8,5,5.298317366548036
2483,extrem,8,7,4.961845129926823
2484,fertil,8,6,5.115995809754082
2485,fibroblast,8,8,4.8283137373023015
2486,flexibl,8,8,4.8283137373023015
2487,flux,8,8,4.8283137373023015
2488,footprint,8,2,6.214608098422191
2489,forti,8,8,4.8283137373023015
2490,frequentist,8,8,4.8283137373023015
2491,gbt,8,1,6.907755278982137
2492,gila,8,1,6.907755278982137
2493,glucan,8,1,6.907755278982137
2494,glucocorticoid,8,6,5.115995809754082
2495,gm2824,8,1,6.907755278982137
2496,gpr43,8,1,6.907755278982137
2497,graft,8,4,5.521460917862246
2498,harmin,8,1,6.907755278982137
2499,height,8,8,4.8283137373023015
2500,hyperphagia,8,4,5.521460917862246
2501,ibt,8,1,6.907755278982137
2502,ic,8,3,5.809142990314028
2503,iec,8,1,6.907755278982137
2504,igf,8,4,5.521460917862246
2505,iih,8,2,6.214608098422191
2506,illustr,8,8,4.8283137373023015
2507,immunomodulatori,8,8,4.8283137373023015
2508,imped,8,7,4.961845129926823
2509,inferior,8,5,5.298317366548036
2510,inflammag,8,3,5.809142990314028
2511,ingest,8,7,4.961845129926823
2512,input,8,7,4.961845129926823
2513,instrip,8,1,6.907755278982137
2514,irrespect,8,6,5.115995809754082
2515,keyword,8,7,4.961845129926823
2516,lai,8,4,5.521460917862246
2517,laparoscop,8,6,5.115995809754082
2518,leucin,8,2,6.214608098422191
2519,lipedema,8,1,6.907755278982137
2520,lipopolysaccharid,8,8,4.8283137373023015
2521,lixisenatid,8,6,5.115995809754082
2522,loop,8,8,4.8283137373023015
2523,loxenatid,8,1,6.907755278982137
2524,lvad,8,1,6.907755278982137
2525,mam,8,1,6.907755278982137
2526,mask,8,7,4.961845129926823
2527,mdd,8,2,6.214608098422191
2528,melanoma,8,3,5.809142990314028
2529,methyl,8,8,4.8283137373023015
2530,middl,8,7,4.961845129926823
2531,migrain,8,1,6.907755278982137
2532,mmp,8,3,5.809142990314028
2533,modal,8,8,4.8283137373023015
2534,monster,8,1,6.907755278982137
2535,mrc,8,1,6.907755278982137
2536,murin,8,8,4.8283137373023015
2537,myeloid,8,2,6.214608098422191
2538,naltrexon,8,6,5.115995809754082
2539,nanoparticl,8,5,5.298317366548036
2540,ne,8,1,6.907755278982137
2541,necessari,8,8,4.8283137373023015
2542,neuropeptid,8,6,5.115995809754082
2543,never,8,5,5.298317366548036
2544,nicotinamid,8,5,5.298317366548036
2545,nod,8,6,5.115995809754082
2546,nonarterit,8,8,4.8283137373023015
2547,nonsteroid,8,8,4.8283137373023015
2548,nor,8,7,4.961845129926823
2549,noteworthi,8,8,4.8283137373023015
2550,ns,8,4,5.521460917862246
2551,nst,8,1,6.907755278982137
2552,oil,8,5,5.298317366548036
2553,pituitari,8,7,4.961845129926823
2554,pn,8,2,6.214608098422191
2555,polyendocrin,8,7,4.961845129926823
2556,pp,8,3,5.809142990314028
2557,precursor,8,8,4.8283137373023015
2558,probabilist,8,7,4.961845129926823
2559,puls,8,6,5.115995809754082
2560,pwo,8,1,6.907755278982137
2561,q4,8,4,5.521460917862246
2562,regen,8,6,5.115995809754082
2563,regular,8,7,4.961845129926823
2564,reinforc,8,8,4.8283137373023015
2565,retriev,8,8,4.8283137373023015
2566,ribupatid,8,1,6.907755278982137
2567,rosuvastatin,8,2,6.214608098422191
2568,rybelsu,8,5,5.298317366548036
2569,scaffold,8,7,4.961845129926823
2570,scalabl,8,7,4.961845129926823
2571,sensor,8,7,4.961845129926823
2572,shorter,8,6,5.115995809754082
2573,silenc,8,6,5.115995809754082
2574,sm,8,1,6.907755278982137
2575,smaller,8,8,4.8283137373023015
2576,societi,8,7,4.961845129926823
2577,sociodemograph,8,6,5.115995809754082
2578,solubl,8,6,5.115995809754082
2579,spars,8,8,4.8283137373023015
2580,special,8,8,4.8283137373023015
2581,stevia,8,1,6.907755278982137
2582,stimuli,8,5,5.298317366548036
2583,streptozotocin,8,3,5.809142990314028
2584,su,8,3,5.809142990314028
2585,sud,8,2,6.214608098422191
2586,t1dm,8,2,6.214608098422191
2587,tau,8,4,5.521460917862246
2588,taxa,8,6,5.115995809754082
2589,team,8,7,4.961845129926823
2590,thermogenesi,8,5,5.298317366548036
2591,threaten,8,7,4.961845129926823
2592,topic,8,6,5.115995809754082
2593,track,8,8,4.8283137373023015
2594,traffick,8,6,5.115995809754082
2595,transfer,8,7,4.961845129926823
2596,ultrasound,8,5,5.298317366548036
2597,unproven,8,8,4.8283137373023015
2598,urin,8,6,5.115995809754082
2599,usual,8,6,5.115995809754082
2600,v,8,7,4.961845129926823
2601,viabl,8,6,5.115995809754082
2602,vital,8,6,5.115995809754082
2603,wilac,8,1,6.907755278982137
2604,x,8,7,4.961845129926823
2605,yr,8,2,6.214608098422191
2606,μm,8,5,5.298317366548036
2607,014,7,7,4.961845129926823
2608,016,7,6,5.115995809754082
2609,031,7,6,5.115995809754082
2610,039,7,7,4.961845129926823
2611,107,7,7,4.961845129926823
2612,115,7,7,4.961845129926823
2613,119,7,7,4.961845129926823
2614,123,7,7,4.961845129926823
2615,140,7,7,4.961845129926823
2616,142,7,7,4.961845129926823
2617,145,7,7,4.961845129926823
2618,1α,7,4,5.521460917862246
2619,2006,7,6,5.115995809754082
2620,2is,7,2,6.214608098422191
2621,3b,7,7,4.961845129926823
2622,500,7,7,4.961845129926823
2623,a8g,7,1,6.907755278982137
2624,abstract,7,7,4.961845129926823
2625,accuraci,7,6,5.115995809754082
2626,adren,7,5,5.298317366548036
2627,aggrav,7,7,4.961845129926823
2628,akkermansia,7,5,5.298317366548036
2629,almost,7,7,4.961845129926823
2630,amp,7,6,5.115995809754082
2631,anorexia,7,5,5.298317366548036
2632,anorexigen,7,5,5.298317366548036
2633,apc,7,1,6.907755278982137
2634,appoint,7,3,5.809142990314028
2635,arabia,7,4,5.521460917862246
2636,ard,7,2,6.214608098422191
2637,arterit,7,4,5.521460917862246
2638,ascend,7,4,5.521460917862246
2639,asx,7,1,6.907755278982137
2640,atherogen,7,6,5.115995809754082
2641,aβ,7,4,5.521460917862246
2642,began,7,6,5.115995809754082
2643,bgm0504,7,1,6.907755278982137
2644,bing,7,4,5.521460917862246
2645,bmd,7,3,5.809142990314028
2646,br,7,1,6.907755278982137
2647,calibr,7,4,5.521460917862246
2648,cardiomyopathi,7,6,5.115995809754082
2649,cargo,7,2,6.214608098422191
2650,censor,7,4,5.521460917862246
2651,centric,7,7,4.961845129926823
2652,cer,7,1,6.907755278982137
2653,cf,7,3,5.809142990314028
2654,chi,7,7,4.961845129926823
2655,child,7,4,5.521460917862246
2656,childhood,7,6,5.115995809754082
2657,colonoscopi,7,4,5.521460917862246
2658,come,7,6,5.115995809754082
2659,compani,7,5,5.298317366548036
2660,compel,7,7,4.961845129926823
2661,conclud,7,7,4.961845129926823
2662,connect,7,7,4.961845129926823
2663,consecut,7,7,4.961845129926823
2664,consult,7,6,5.115995809754082
2665,contracept,7,6,5.115995809754082
2666,corrobor,7,7,4.961845129926823
2667,cortic,7,6,5.115995809754082
2668,counteract,7,7,4.961845129926823
2669,crd,7,6,5.115995809754082
2670,crisi,7,7,4.961845129926823
2671,ctni,7,1,6.907755278982137
2672,cuff,7,4,5.521460917862246
2673,danish,7,5,5.298317366548036
2674,delta,7,2,6.214608098422191
2675,depot,7,3,5.809142990314028
2676,dyslipidaemia,7,7,4.961845129926823
2677,ectop,7,6,5.115995809754082
2678,electrolyt,7,6,5.115995809754082
2679,embol,7,7,4.961845129926823
2680,emiss,7,5,5.298317366548036
2681,endometri,7,5,5.298317366548036
2682,endors,7,7,4.961845129926823
2683,equal,7,6,5.115995809754082
2684,estrogen,7,3,5.809142990314028
2685,everi,7,7,4.961845129926823
2686,evolut,7,7,4.961845129926823
2687,evt,7,1,6.907755278982137
2688,exact,7,7,4.961845129926823
2689,excel,7,7,4.961845129926823
2690,except,7,7,4.961845129926823
2691,ey,7,6,5.115995809754082
2692,fals,7,6,5.115995809754082
2693,fisetin,7,3,5.809142990314028
2694,flutter,7,3,5.809142990314028
2695,follicl,7,4,5.521460917862246
2696,foxa1,7,1,6.907755278982137
2697,ft3,7,1,6.907755278982137
2698,fund,7,6,5.115995809754082
2699,glaucoma,7,2,6.214608098422191
2700,gr,7,2,6.214608098422191
2701,granul,7,4,5.521460917862246
2702,hedon,7,5,5.298317366548036
2703,herein,7,7,4.961845129926823
2704,holist,7,7,4.961845129926823
2705,hybrid,7,6,5.115995809754082
2706,hydrocodon,7,1,6.907755278982137
2707,hydrophob,7,5,5.298317366548036
2708,hypothet,7,5,5.298317366548036
2709,hypox,7,4,5.521460917862246
2710,i1088,7,1,6.907755278982137
2711,ia,7,1,6.907755278982137
2712,id,7,3,5.809142990314028
2713,iex,7,1,6.907755278982137
2714,iglarlixi,7,2,6.214608098422191
2715,ileu,7,2,6.214608098422191
2716,immunolog,7,5,5.298317366548036
2717,imput,7,4,5.521460917862246
2718,inconclus,7,7,4.961845129926823
2719,indirectli,7,7,4.961845129926823
2720,infrastructur,7,6,5.115995809754082
2721,intensifi,7,5,5.298317366548036
2722,inter,7,7,4.961845129926823
2723,interindividu,7,7,4.961845129926823
2724,interrupt,7,6,5.115995809754082
2725,intrapancreat,7,2,6.214608098422191
2726,introduct,7,7,4.961845129926823
2727,ird,7,1,6.907755278982137
2728,irrevers,7,6,5.115995809754082
2729,jader,7,3,5.809142990314028
2730,junction,7,3,5.809142990314028
2731,justifi,7,7,4.961845129926823
2732,lactobacillu,7,6,5.115995809754082
2733,loosen,7,5,5.298317366548036
2734,lupeol,7,1,6.907755278982137
2735,machin,7,6,5.115995809754082
2736,macular,7,7,4.961845129926823
2737,maladapt,7,7,4.961845129926823
2738,malnutrit,7,5,5.298317366548036
2739,malo,7,2,6.214608098422191
2740,mandat,7,2,6.214608098422191
2741,march5,7,1,6.907755278982137
2742,marketscan,7,5,5.298317366548036
2743,marrow,7,6,5.115995809754082
2744,max,7,4,5.521460917862246
2745,microenviron,7,7,4.961845129926823
2746,microscopi,7,5,5.298317366548036
2747,miner,7,6,5.115995809754082
2748,mri,7,5,5.298317366548036
2749,multidimension,7,6,5.115995809754082
2750,multifacet,7,7,4.961845129926823
2751,narrow,7,7,4.961845129926823
2752,necessit,7,7,4.961845129926823
2753,neurodegener,7,5,5.298317366548036
2754,neurovascular,7,5,5.298317366548036
2755,ng,7,4,5.521460917862246
2756,nma,7,3,5.809142990314028
2757,nnt,7,2,6.214608098422191
2758,none,7,7,4.961845129926823
2759,nonfat,7,4,5.521460917862246
2760,noninvas,7,4,5.521460917862246
2761,nordisk,7,7,4.961845129926823
2762,o,7,5,5.298317366548036
2763,outperform,7,6,5.115995809754082
2764,overexpress,7,6,5.115995809754082
2765,oxytocin,7,1,6.907755278982137
2766,papilledema,7,2,6.214608098422191
2767,patent,7,4,5.521460917862246
2768,pci,7,2,6.214608098422191
2769,pe,7,2,6.214608098422191
2770,pectin,7,1,6.907755278982137
2771,peg,7,2,6.214608098422191
2772,pend,7,7,4.961845129926823
2773,periodont,7,2,6.214608098422191
2774,pharmacist,7,3,5.809142990314028
2775,pharmacoepidemiolog,7,3,5.809142990314028
2776,phenomenon,7,6,5.115995809754082
2777,podocyt,7,1,6.907755278982137
2778,pomj,7,1,6.907755278982137
2779,poorer,7,5,5.298317366548036
2780,postpartum,7,2,6.214608098422191
2781,prebiot,7,6,5.115995809754082
2782,preconcept,7,5,5.298317366548036
2783,prioritis,7,6,5.115995809754082
2784,proteasom,7,4,5.521460917862246
2785,proxi,7,5,5.298317366548036
2786,qualifi,7,6,5.115995809754082
2787,raa,7,6,5.115995809754082
2788,raasi,7,1,6.907755278982137
2789,rapamycin,7,7,4.961845129926823
2790,recombin,7,3,5.809142990314028
2791,relianc,7,7,4.961845129926823
2792,rob,7,7,4.961845129926823
2793,robin,7,7,4.961845129926823
2794,sc,7,2,6.214608098422191
2795,scope,7,6,5.115995809754082
2796,scopolamin,7,1,6.907755278982137
2797,senolyt,7,7,4.961845129926823
2798,serial,7,7,4.961845129926823
2799,session,7,3,5.809142990314028
2800,sinc,7,7,4.961845129926823
2801,sma,7,1,6.907755278982137
2802,smg,7,1,6.907755278982137
2803,spc,7,1,6.907755278982137
2804,specialist,7,7,4.961845129926823
2805,spectroscopi,7,5,5.298317366548036
2806,ssi,7,2,6.214608098422191
2807,sstr2,7,1,6.907755278982137
2808,stachyos,7,1,6.907755278982137
2809,stain,7,7,4.961845129926823
2810,steril,7,6,5.115995809754082
2811,storag,7,5,5.298317366548036
2812,subclin,7,5,5.298317366548036
2813,sublingu,7,2,6.214608098422191
2814,suffici,7,6,5.115995809754082
2815,suitabl,7,6,5.115995809754082
2816,synthas,7,6,5.115995809754082
2817,synuclein,7,4,5.521460917862246
2818,text,7,6,5.115995809754082
2819,themat,7,6,5.115995809754082
2820,theori,7,5,5.298317366548036
2821,tier,7,6,5.115995809754082
2822,timepoint,7,5,5.298317366548036
2823,toxicolog,7,5,5.298317366548036
2824,toxin,7,6,5.115995809754082
2825,tramadol,7,1,6.907755278982137
2826,transcriptom,7,6,5.115995809754082
2827,treg,7,1,6.907755278982137
2828,ubiquitin,7,3,5.809142990314028
2829,unavail,7,7,4.961845129926823
2830,uncoupl,7,5,5.298317366548036
2831,uncov,7,5,5.298317366548036
2832,usa,7,6,5.115995809754082
2833,valuabl,7,7,4.961845129926823
2834,vertebr,7,2,6.214608098422191
2835,viabil,7,7,4.961845129926823
2836,wl,7,1,6.907755278982137
2837,008,6,6,5.115995809754082
2838,012,6,6,5.115995809754082
2839,013,6,6,5.115995809754082
2840,023,6,6,5.115995809754082
2841,034,6,6,5.115995809754082
2842,109,6,6,5.115995809754082
2843,113,6,6,5.115995809754082
2844,135,6,4,5.521460917862246
2845,1404,6,1,6.907755278982137
2846,143,6,6,5.115995809754082
2847,161,6,5,5.298317366548036
2848,168,6,5,5.298317366548036
2849,182,6,2,6.214608098422191
2850,199,6,6,5.115995809754082
2851,210,6,3,5.809142990314028
2852,395,6,3,5.809142990314028
2853,401,6,5,5.298317366548036
2854,a1,6,3,5.809142990314028
2855,adipogen,6,2,6.214608098422191
2856,aerob,6,5,5.298317366548036
2857,aibd,6,1,6.907755278982137
2858,ambulatori,6,3,5.809142990314028
2859,amount,6,6,5.115995809754082
2860,amplitud,6,4,5.521460917862246
2861,anchor,6,6,5.115995809754082
2862,anesthet,6,5,5.298317366548036
2863,antiretrovir,6,4,5.521460917862246
2864,apnoea,6,5,5.298317366548036
2865,apolipoprotein,6,4,5.521460917862246
2866,appreci,6,5,5.298317366548036
2867,aqueou,6,5,5.298317366548036
2868,arrestin,6,5,5.298317366548036
2869,artifici,6,6,5.115995809754082
2870,autoantibodi,6,3,5.809142990314028
2871,autoimmun,6,6,5.115995809754082
2872,bb,6,2,6.214608098422191
2873,bbi,6,1,6.907755278982137
2874,bear,6,4,5.521460917862246
2875,beverag,6,2,6.214608098422191
2876,bioelectr,6,6,5.115995809754082
2877,birth,6,5,5.298317366548036
2878,blocker,6,6,5.115995809754082
2879,blunt,6,5,5.298317366548036
2880,bnp,6,2,6.214608098422191
2881,bootstrap,6,3,5.809142990314028
2882,box,6,6,5.115995809754082
2883,brand,6,4,5.521460917862246
2884,breve,6,1,6.907755278982137
2885,broadli,6,6,5.115995809754082
2886,bsh,6,2,6.214608098422191
2887,butyr,6,3,5.809142990314028
2888,caco,6,6,5.115995809754082
2889,cagrilintid,6,5,5.298317366548036
2890,carefulli,6,6,5.115995809754082
2891,carvacrol,6,1,6.907755278982137
2892,cga,6,3,5.809142990314028
2893,cho,6,3,5.809142990314028
2894,cholecyst,6,5,5.298317366548036
2895,cim,6,1,6.907755278982137
2896,cli,6,2,6.214608098422191
2897,colorect,6,5,5.298317366548036
2898,concord,6,6,5.115995809754082
2899,constraint,6,5,5.298317366548036
2900,contract,6,3,5.809142990314028
2901,ct130,6,1,6.907755278982137
2902,degen,6,2,6.214608098422191
2903,delphi,6,4,5.521460917862246
2904,dexamethason,6,2,6.214608098422191
2905,dio,6,5,5.298317366548036
2906,discrimin,6,5,5.298317366548036
2907,distress,6,5,5.298317366548036
2908,douyin,6,1,6.907755278982137
2909,dramat,6,6,5.115995809754082
2910,drawn,6,6,5.115995809754082
2911,drg,6,1,6.907755278982137
2912,effluvium,6,3,5.809142990314028
2913,egger,6,4,5.521460917862246
2914,elastographi,6,5,5.298317366548036
2915,element,6,6,5.115995809754082
2916,eleven,6,6,5.115995809754082
2917,elisa,6,6,5.115995809754082
2918,encapsul,6,4,5.521460917862246
2919,endothelin,6,6,5.115995809754082
2920,enkephalin,6,1,6.907755278982137
2921,entir,6,6,5.115995809754082
2922,enzymat,6,6,5.115995809754082
2923,epidem,6,6,5.115995809754082
2924,etiolog,6,6,5.115995809754082
2925,exampl,6,5,5.298317366548036
2926,expiratori,6,3,5.809142990314028
2927,explicit,6,5,5.298317366548036
2928,explicitli,6,6,5.115995809754082
2929,far,6,6,5.115995809754082
2930,fate,6,4,5.521460917862246
2931,ff,6,1,6.907755278982137
2932,flavonoid,6,4,5.521460917862246
2933,fluctuat,6,6,5.115995809754082
2934,frame,6,6,5.115995809754082
2935,fsh,6,3,5.809142990314028
2936,gamma,6,5,5.298317366548036
2937,gastroesophag,6,6,5.115995809754082
2938,gastroparesi,6,4,5.521460917862246
2939,gate,6,6,5.115995809754082
2940,generalis,6,6,5.115995809754082
2941,genit,6,5,5.298317366548036
2942,genom,6,5,5.298317366548036
2943,genotyp,6,6,5.115995809754082
2944,geograph,6,5,5.298317366548036
2945,geometr,6,5,5.298317366548036
2946,german,6,3,5.809142990314028
2947,gm,6,3,5.809142990314028
2948,gpr119,6,3,5.809142990314028
2949,green,6,4,5.521460917862246
2950,gt,6,1,6.907755278982137
2951,gynaecolog,6,1,6.907755278982137
2952,gynecolog,6,4,5.521460917862246
2953,ha,6,1,6.907755278982137
2954,habit,6,4,5.521460917862246
2955,haematolog,6,4,5.521460917862246
2956,haemodynam,6,4,5.521460917862246
2957,hap,6,1,6.907755278982137
2958,harmonis,6,6,5.115995809754082
2959,heavi,6,3,5.809142990314028
2960,hierarch,6,6,5.115995809754082
2961,ho,6,2,6.214608098422191
2962,horizon,6,5,5.298317366548036
2963,hundr,6,5,5.298317366548036
2964,hypothalamu,6,5,5.298317366548036
2965,iarc,6,1,6.907755278982137
2966,immunoblot,6,5,5.298317366548036
2967,inadvert,6,5,5.298317366548036
2968,infecti,6,5,5.298317366548036
2969,innat,6,5,5.298317366548036
2970,inulin,6,2,6.214608098422191
2971,jumpstart,6,1,6.907755278982137
2972,kc,6,1,6.907755278982137
2973,kcal,6,5,5.298317366548036
2974,ketosi,6,5,5.298317366548036
2975,latest,6,6,5.115995809754082
2976,lb,6,3,5.809142990314028
2977,linagliptin,6,2,6.214608098422191
2978,lineag,6,3,5.809142990314028
2979,ln,6,3,5.809142990314028
2980,log,6,5,5.298317366548036
2981,look,6,6,5.115995809754082
2982,lrr,6,2,6.214608098422191
2983,lt,6,2,6.214608098422191
2984,ma,6,3,5.809142990314028
2985,mafld,6,3,5.809142990314028
2986,mala,6,1,6.907755278982137
2987,malform,6,3,5.809142990314028
2988,markov,6,6,5.115995809754082
2989,matric,6,5,5.298317366548036
2990,matsuda,6,2,6.214608098422191
2991,mda,6,4,5.521460917862246
2992,mdi,6,1,6.907755278982137
2993,medium,6,6,5.115995809754082
2994,melanocortin,6,3,5.809142990314028
2995,microgli,6,5,5.298317366548036
2996,mini,6,5,5.298317366548036
2997,mmtt,6,2,6.214608098422191
2998,monthli,6,5,5.298317366548036
2999,mostli,6,6,5.115995809754082
3000,motor,6,4,5.521460917862246
3001,mtc,6,2,6.214608098422191
3002,mtdna,6,4,5.521460917862246
3003,mv,6,1,6.907755278982137
3004,nadir,6,3,5.809142990314028
3005,nanoemuls,6,2,6.214608098422191
3006,neck,6,2,6.214608098422191
3007,neither,6,5,5.298317366548036
3008,neuroimag,6,5,5.298317366548036
3009,nevertheless,6,6,5.115995809754082
3010,nicotin,6,3,5.809142990314028
3011,nmr,6,4,5.521460917862246
3012,nmsc,6,1,6.907755278982137
3013,node,6,6,5.115995809754082
3014,nonrandom,6,4,5.521460917862246
3015,npy,6,4,5.521460917862246
3016,nuclei,6,3,5.809142990314028
3017,ob,6,3,5.809142990314028
3018,obstetrician,6,2,6.214608098422191
3019,occup,6,4,5.521460917862246
3020,os,6,2,6.214608098422191
3021,panoptosi,6,1,6.907755278982137
3022,pcr,6,6,5.115995809754082
3023,permeat,6,4,5.521460917862246
3024,photo,6,1,6.907755278982137
3025,pipelin,6,6,5.115995809754082
3026,platelet,6,2,6.214608098422191
3027,pm,6,4,5.521460917862246
3028,popular,6,6,5.115995809754082
3029,potassium,6,6,5.115995809754082
3030,pound,6,4,5.521460917862246
3031,pparγ,6,4,5.521460917862246
3032,ppha,6,1,6.907755278982137
3033,prandial,6,3,5.809142990314028
3034,preclud,6,6,5.115995809754082
3035,prolif,6,6,5.115995809754082
3036,proteostasi,6,5,5.298317366548036
3037,pump,6,3,5.809142990314028
3038,read,6,4,5.521460917862246
3039,refractori,6,4,5.521460917862246
3040,regurgit,6,1,6.907755278982137
3041,reserv,6,5,5.298317366548036
3042,respir,6,3,5.809142990314028
3043,revascular,6,5,5.298317366548036
3044,revolution,6,6,5.115995809754082
3045,rgv,6,1,6.907755278982137
3046,rheumatolog,6,2,6.214608098422191
3047,roadmap,6,6,5.115995809754082
3048,root,6,5,5.298317366548036
3049,rose,6,6,5.115995809754082
3050,rotat,6,3,5.809142990314028
3051,rt,6,5,5.298317366548036
3052,run,6,5,5.298317366548036
3053,rwg,6,1,6.907755278982137
3054,sasp,6,3,5.809142990314028
3055,scan,6,3,5.809142990314028
3056,schedul,6,6,5.115995809754082
3057,sdb,6,1,6.907755278982137
3058,sed,6,2,6.214608098422191
3059,seq,6,5,5.298317366548036
3060,sf,6,3,5.809142990314028
3061,sgt,6,1,6.907755278982137
3062,sick,6,3,5.809142990314028
3063,sought,6,6,5.115995809754082
3064,south,6,5,5.298317366548036
3065,spectrometri,6,5,5.298317366548036
3066,spp,6,3,5.809142990314028
3067,squamou,6,2,6.214608098422191
3068,strata,6,5,5.298317366548036
3069,suffer,6,5,5.298317366548036
3070,summaris,6,6,5.115995809754082
3071,synapt,6,6,5.115995809754082
3072,synergi,6,5,5.298317366548036
3073,t2,6,3,5.809142990314028
3074,taiwan,6,3,5.809142990314028
3075,tamoxifen,6,2,6.214608098422191
3076,tbi,6,1,6.907755278982137
3077,telogen,6,3,5.809142990314028
3078,terminolog,6,5,5.298317366548036
3079,tertiari,6,6,5.115995809754082
3080,thiamin,6,4,5.521460917862246
3081,thirti,6,6,5.115995809754082
3082,thought,6,5,5.298317366548036
3083,tight,6,2,6.214608098422191
3084,tlr4,6,4,5.521460917862246
3085,transpar,6,6,5.115995809754082
3086,tsa,6,2,6.214608098422191
3087,tumour,6,4,5.521460917862246
3088,tzd,6,3,5.809142990314028
3089,uc,6,1,6.907755278982137
3090,udca,6,1,6.907755278982137
3091,underexplor,6,6,5.115995809754082
3092,underpin,6,6,5.115995809754082
3093,underrepres,6,6,5.115995809754082
3094,unexpos,6,5,5.298317366548036
3095,univari,6,5,5.298317366548036
3096,unlik,6,6,5.115995809754082
3097,unregul,6,6,5.115995809754082
3098,vagal,6,4,5.521460917862246
3099,vehicl,6,5,5.298317366548036
3100,veteran,6,3,5.809142990314028
3101,wait,6,4,5.521460917862246
3102,warn,6,5,5.298317366548036
3103,wat,6,2,6.214608098422191
3104,willing,6,5,5.298317366548036
3105,wmd,6,1,6.907755278982137
3106,ybx1,6,1,6.907755278982137
3107,γδ,6,1,6.907755278982137
3108,η2p,6,1,6.907755278982137
3109,006,5,5,5.298317366548036
3110,015,5,5,5.298317366548036
3111,017,5,5,5.298317366548036
3112,022,5,5,5.298317366548036
3113,025,5,5,5.298317366548036
3114,040,5,5,5.298317366548036
3115,052,5,5,5.298317366548036
3116,101,5,5,5.298317366548036
3117,102,5,5,5.298317366548036
3118,111,5,5,5.298317366548036
3119,114,5,5,5.298317366548036
3120,122,5,4,5.521460917862246
3121,129,5,5,5.298317366548036
3122,132,5,4,5.521460917862246
3123,139,5,5,5.298317366548036
3124,141,5,5,5.298317366548036
3125,149,5,5,5.298317366548036
3126,151,5,5,5.298317366548036
3127,185,5,5,5.298317366548036
3128,195,5,3,5.809142990314028
3129,196,5,5,5.298317366548036
3130,1b,5,4,5.521460917862246
3131,1rs,5,4,5.521460917862246
3132,2009,5,3,5.809142990314028
3133,2012,5,5,5.298317366548036
3134,211,5,3,5.809142990314028
3135,214,5,4,5.521460917862246
3136,216,5,5,5.298317366548036
3137,242,5,4,5.521460917862246
3138,2557,5,1,6.907755278982137
3139,263,5,5,5.298317366548036
3140,299,5,4,5.521460917862246
3141,300,5,5,5.298317366548036
3142,311,5,3,5.809142990314028
3143,380,5,2,6.214608098422191
3144,3a,5,2,6.214608098422191
3145,3β,5,1,6.907755278982137
3146,540,5,1,6.907755278982137
3147,580,5,2,6.214608098422191
3148,5b,5,1,6.907755278982137
3149,601,5,1,6.907755278982137
3150,672,5,5,5.298317366548036
3151,6j,5,5,5.298317366548036
3152,786,5,4,5.521460917862246
3153,800,5,3,5.809142990314028
3154,832,5,5,5.298317366548036
3155,932,5,5,5.298317366548036
3156,abl,5,5,5.298317366548036
3157,absorb,5,4,5.521460917862246
3158,accordingli,5,5,5.298317366548036
3159,acyl,5,5,5.298317366548036
3160,adenosin,5,5,5.298317366548036
3161,adm,5,3,5.809142990314028
3162,aga,5,2,6.214608098422191
3163,al,5,5,5.298317366548036
3164,am,5,2,6.214608098422191
3165,amplif,5,5,5.298317366548036
3166,anaesthesia,5,1,6.907755278982137
3167,anonym,5,5,5.298317366548036
3168,antibodi,5,5,5.298317366548036
3169,aortic,5,2,6.214608098422191
3170,apelin,5,2,6.214608098422191
3171,arthroscop,5,2,6.214608098422191
3172,asept,5,4,5.521460917862246
3173,assumpt,5,5,5.298317366548036
3174,axial,5,2,6.214608098422191
3175,basic,5,5,5.298317366548036
3176,bca,5,1,6.907755278982137
3177,blackcurr,5,1,6.907755278982137
3178,bond,5,2,6.214608098422191
3179,bound,5,4,5.521460917862246
3180,boundari,5,3,5.809142990314028
3181,bpm,5,2,6.214608098422191
3182,ca,5,1,6.907755278982137
3183,ca7s,5,1,6.907755278982137
3184,cabg,5,1,6.907755278982137
3185,calendar,5,4,5.521460917862246
3186,calorimetri,5,3,5.809142990314028
3187,canada,5,3,5.809142990314028
3188,capryl,5,5,5.298317366548036
3189,capsul,5,3,5.809142990314028
3190,cardiolog,5,4,5.521460917862246
3191,cartilag,5,4,5.521460917862246
3192,cation,5,3,5.809142990314028
3193,cautiou,5,5,5.298317366548036
3194,cerebellar,5,1,6.907755278982137
3195,charg,5,2,6.214608098422191
3196,ci95,5,1,6.907755278982137
3197,circadian,5,5,5.298317366548036
3198,circuitri,5,5,5.298317366548036
3199,citi,5,5,5.298317366548036
3200,clozapin,5,1,6.907755278982137
3201,cmd,5,1,6.907755278982137
3202,coliti,5,3,5.809142990314028
3203,commentari,5,4,5.521460917862246
3204,companion,5,3,5.809142990314028
3205,compensatori,5,5,5.298317366548036
3206,competit,5,5,5.298317366548036
3207,complianc,5,5,5.298317366548036
3208,convert,5,5,5.298317366548036
3209,cortex,5,4,5.521460917862246
3210,counterpart,5,5,5.298317366548036
3211,creb,5,3,5.809142990314028
3212,cyclosporin,5,2,6.214608098422191
3213,daytim,5,4,5.521460917862246
3214,dedupl,5,5,5.298317366548036
3215,deeper,5,5,5.298317366548036
3216,deidentifi,5,5,5.298317366548036
3217,dens,5,5,5.298317366548036
3218,diarrhoea,5,5,5.298317366548036
3219,dichotom,5,5,5.298317366548036
3220,dietitian,5,4,5.521460917862246
3221,diffus,5,5,5.298317366548036
3222,dilat,5,4,5.521460917862246
3223,dipol,5,1,6.907755278982137
3224,distanc,5,3,5.809142990314028
3225,dmadd,5,1,6.907755278982137
3226,dmn,5,1,6.907755278982137
3227,dopamin,5,4,5.521460917862246
3228,effector,5,5,5.298317366548036
3229,efpeglenatid,5,1,6.907755278982137
3230,elong,5,1,6.907755278982137
3231,ema,5,4,5.521460917862246
3232,embed,5,5,5.298317366548036
3233,empir,5,4,5.521460917862246
3234,entiti,5,5,5.298317366548036
3235,entri,5,4,5.521460917862246
3236,eoss,5,1,6.907755278982137
3237,epicardi,5,4,5.521460917862246
3238,epilepsi,5,1,6.907755278982137
3239,et,5,5,5.298317366548036
3240,ever,5,5,5.298317366548036
3241,evidenc,5,5,5.298317366548036
3242,export,5,3,5.809142990314028
3243,extrapol,5,4,5.521460917862246
3244,f1,5,1,6.907755278982137
3245,f2,5,4,5.521460917862246
3246,f3,5,4,5.521460917862246
3247,faster,5,3,5.809142990314028
3248,fdr,5,4,5.521460917862246
3249,feedback,5,5,5.298317366548036
3250,fentanyl,5,1,6.907755278982137
3251,fetal,5,3,5.809142990314028
3252,fev1,5,1,6.907755278982137
3253,fibroscan,5,2,6.214608098422191
3254,financi,5,5,5.298317366548036
3255,fine,5,5,5.298317366548036
3256,finger,5,2,6.214608098422191
3257,fit,5,5,5.298317366548036
3258,flavor,5,1,6.907755278982137
3259,fm,5,2,6.214608098422191
3260,frail,5,3,5.809142990314028
3261,frontier,5,4,5.521460917862246
3262,funnel,5,4,5.521460917862246
3263,gallston,5,3,5.809142990314028
3264,gastroenterolog,5,3,5.809142990314028
3265,gc,5,3,5.809142990314028
3266,gfap,5,2,6.214608098422191
3267,gk,5,2,6.214608098422191
3268,glycolyt,5,2,6.214608098422191
3269,glycosid,5,4,5.521460917862246
3270,go,5,4,5.521460917862246
3271,gonad,5,2,6.214608098422191
3272,great,5,5,5.298317366548036
3273,ground,5,4,5.521460917862246
3274,gsk,5,1,6.907755278982137
3275,hand,5,5,5.298317366548036
3276,hard,5,5,5.298317366548036
3277,hb8,5,1,6.907755278982137
3278,hblt,5,1,6.907755278982137
3279,healthier,5,3,5.809142990314028
3280,heighten,5,5,5.298317366548036
3281,hematolog,5,3,5.809142990314028
3282,hemorrhag,5,4,5.521460917862246
3283,hepatotox,5,2,6.214608098422191
3284,hg,5,4,5.521460917862246
3285,hgp,5,1,6.907755278982137
3286,histopatholog,5,5,5.298317366548036
3287,hl,5,2,6.214608098422191
3288,home,5,2,6.214608098422191
3289,hrm,5,2,6.214608098422191
3290,hsp,5,1,6.907755278982137
3291,hydrogen,5,4,5.521460917862246
3292,hyperglycem,5,5,5.298317366548036
3293,hypersensit,5,3,5.809142990314028
3294,hypertriglyceridemia,5,4,5.521460917862246
3295,iauc,5,3,5.809142990314028
3296,idegasp,5,1,6.907755278982137
3297,ifn,5,2,6.214608098422191
3298,iglarreduc,5,1,6.907755278982137
3299,imm,5,1,6.907755278982137
3300,immedi,5,4,5.521460917862246
3301,immunosuppress,5,5,5.298317366548036
3302,inappropri,5,2,6.214608098422191
3303,individualis,5,5,5.298317366548036
3304,inequ,5,5,5.298317366548036
3305,infiltr,5,4,5.521460917862246
3306,insecur,5,2,6.214608098422191
3307,instead,5,5,5.298317366548036
3308,intellig,5,5,5.298317366548036
3309,intercept,5,4,5.521460917862246
3310,interfac,5,4,5.521460917862246
3311,interrog,5,5,5.298317366548036
3312,intraop,5,2,6.214608098422191
3313,ip,5,2,6.214608098422191
3314,irisin,5,2,6.214608098422191
3315,iu,5,4,5.521460917862246
3316,j,5,3,5.809142990314028
3317,k,5,4,5.521460917862246
3318,kansa,5,5,5.298317366548036
3319,kd,5,2,6.214608098422191
3320,kidneyintelx,5,1,6.907755278982137
3321,kinet,5,4,5.521460917862246
3322,knockout,5,2,6.214608098422191
3323,kpdm,5,1,6.907755278982137
3324,lc,5,4,5.521460917862246
3325,leader,5,5,5.298317366548036
3326,libitum,5,4,5.521460917862246
3327,lifelong,5,5,5.298317366548036
3328,linkag,5,5,5.298317366548036
3329,lira,5,1,6.907755278982137
3330,lor,5,1,6.907755278982137
3331,lumin,5,4,5.521460917862246
3332,lv,5,2,6.214608098422191
3333,lys12,5,1,6.907755278982137
3334,mainland,5,3,5.809142990314028
3335,mammalian,5,4,5.521460917862246
3336,manipul,5,5,5.298317366548036
3337,manual,5,5,5.298317366548036
3338,massiliensi,5,1,6.907755278982137
3339,maze,5,2,6.214608098422191
3340,mcf,5,1,6.907755278982137
3341,mci,5,3,5.809142990314028
3342,meaningfulli,5,4,5.521460917862246
3343,membership,5,3,5.809142990314028
3344,mere,5,5,5.298317366548036
3345,micro,5,4,5.521460917862246
3346,mid,5,5,5.298317366548036
3347,midazolam,5,2,6.214608098422191
3348,mimet,5,4,5.521460917862246
3349,misinform,5,4,5.521460917862246
3350,modi,5,1,6.907755278982137
3351,mono,5,5,5.298317366548036
3352,monograph,5,2,6.214608098422191
3353,monophosph,5,5,5.298317366548036
3354,mouth,5,4,5.521460917862246
3355,mucoadhes,5,2,6.214608098422191
3356,muct,5,1,6.907755278982137
3357,multiom,5,3,5.809142990314028
3358,nasal,5,1,6.907755278982137
3359,nativ,5,3,5.809142990314028
3360,necessarili,5,5,5.298317366548036
3361,needl,5,2,6.214608098422191
3362,nen,5,1,6.907755278982137
3363,neovascular,5,4,5.521460917862246
3364,neurod1,5,1,6.907755278982137
3365,neuroplast,5,3,5.809142990314028
3366,neutrophil,5,4,5.521460917862246
3367,newcastl,5,5,5.298317366548036
3368,nh,5,3,5.809142990314028
3369,north,5,5,5.298317366548036
3370,nud,5,1,6.907755278982137
3371,nutraceut,5,3,5.809142990314028
3372,oao,5,1,6.907755278982137
3373,oatp1b,5,1,6.907755278982137
3374,obstetr,5,3,5.809142990314028
3375,ojp,5,1,6.907755278982137
3376,org,5,5,5.298317366548036
3377,orlistat,5,5,5.298317366548036
3378,orofaci,5,1,6.907755278982137
3379,orthopaed,5,3,5.809142990314028
3380,osteolysi,5,1,6.907755278982137
3381,osteoporot,5,2,6.214608098422191
3382,ottawa,5,5,5.298317366548036
3383,overt,5,4,5.521460917862246
3384,ox,5,1,6.907755278982137
3385,oxpho,5,2,6.214608098422191
3386,oxycodon,5,1,6.907755278982137
3387,p1np,5,2,6.214608098422191
3388,pan,5,4,5.521460917862246
3389,pap,5,2,6.214608098422191
3390,parent,5,5,5.298317366548036
3391,pasireotid,5,1,6.907755278982137
3392,pass,5,4,5.521460917862246
3393,pasteur,5,1,6.907755278982137
3394,patern,5,3,5.809142990314028
3395,permut,5,3,5.809142990314028
3396,plateau,5,5,5.298317366548036
3397,player,5,4,5.521460917862246
3398,plot,5,4,5.521460917862246
3399,po,5,1,6.907755278982137
3400,portal,5,3,5.809142990314028
3401,postmarket,5,3,5.809142990314028
3402,postvir,5,1,6.907755278982137
3403,ppg,5,2,6.214608098422191
3404,predefin,5,5,5.298317366548036
3405,predispos,5,5,5.298317366548036
3406,pretreat,5,4,5.521460917862246
3407,proactiv,5,5,5.298317366548036
3408,propion,5,4,5.521460917862246
3409,proxim,5,5,5.298317366548036
3410,psoriat,5,3,5.809142990314028
3411,psud,5,1,6.907755278982137
3412,pt,5,2,6.214608098422191
3413,pyruv,5,4,5.521460917862246
3414,qpcr,5,4,5.521460917862246
3415,racial,5,4,5.521460917862246
3416,radic,5,3,5.809142990314028
3417,readout,5,5,5.298317366548036
3418,reconstruct,5,4,5.521460917862246
3419,redefin,5,5,5.298317366548036
3420,referenc,5,4,5.521460917862246
3421,renew,5,5,5.298317366548036
3422,represent,5,4,5.521460917862246
3423,resorpt,5,3,5.809142990314028
3424,restraint,5,2,6.214608098422191
3425,return,5,5,5.298317366548036
3426,rp,5,1,6.907755278982137
3427,rule,5,5,5.298317366548036
3428,ruptur,5,2,6.214608098422191
3429,rural,5,2,6.214608098422191
3430,sag,5,2,6.214608098422191
3431,se,5,5,5.298317366548036
3432,secretin,5,1,6.907755278982137
3433,semen,5,2,6.214608098422191
3434,sep,5,1,6.907755278982137
3435,slightli,5,4,5.521460917862246
3436,slope,5,4,5.521460917862246
3437,somatostatin,5,4,5.521460917862246
3438,space,5,4,5.521460917862246
3439,spanish,5,4,5.521460917862246
3440,sphinganin,5,1,6.907755278982137
3441,ssd,5,1,6.907755278982137
3442,st26,5,1,6.907755278982137
3443,stabilis,5,5,5.298317366548036
3444,stand,5,4,5.521460917862246
3445,strateg,5,4,5.521460917862246
3446,sucros,5,3,5.809142990314028
3447,supervis,5,4,5.521460917862246
3448,sweet,5,4,5.521460917862246
3449,tend,5,3,5.809142990314028
3450,tern,5,1,6.907755278982137
3451,tf,5,1,6.907755278982137
3452,thymol,5,1,6.907755278982137
3453,tia,5,1,6.907755278982137
3454,tobacco,5,5,5.298317366548036
3455,trabecular,5,2,6.214608098422191
3456,trace,5,4,5.521460917862246
3457,traumat,5,3,5.809142990314028
3458,tree,5,2,6.214608098422191
3459,tuberculosi,5,2,6.214608098422191
3460,underestim,5,5,5.298317366548036
3461,unexplor,5,5,5.298317366548036
3462,unfold,5,4,5.521460917862246
3463,viciou,5,5,5.298317366548036
3464,visibl,5,5,5.298317366548036
3465,vso,5,1,6.907755278982137
3466,wegovi,5,5,5.298317366548036
3467,wild,5,5,5.298317366548036
3468,workshop,5,3,5.809142990314028
3469,wt,5,2,6.214608098422191
3470,york,5,5,5.298317366548036
3471,zero,5,5,5.298317366548036
3472,zfp423,5,1,6.907755278982137
3473,γglupal,5,1,6.907755278982137
3474,δ,5,5,5.298317366548036
3475,δbfm,5,1,6.907755278982137
3476,μg,5,2,6.214608098422191
3477,010,4,4,5.521460917862246
3478,019,4,4,5.521460917862246
3479,024,4,4,5.521460917862246
3480,027,4,4,5.521460917862246
3481,037,4,4,5.521460917862246
3482,041,4,4,5.521460917862246
3483,044,4,2,6.214608098422191
3484,065,4,3,5.809142990314028
3485,071,4,3,5.809142990314028
3486,103,4,3,5.809142990314028
3487,105,4,4,5.521460917862246
3488,108,4,4,5.521460917862246
3489,134,4,2,6.214608098422191
3490,138,4,4,5.521460917862246
3491,148,4,4,5.521460917862246
3492,150,4,3,5.809142990314028
3493,152,4,4,5.521460917862246
3494,155,4,3,5.809142990314028
3495,169,4,4,5.521460917862246
3496,170,4,4,5.521460917862246
3497,172,4,4,5.521460917862246
3498,184,4,2,6.214608098422191
3499,198,4,3,5.809142990314028
3500,2000,4,4,5.521460917862246
3501,2005,4,4,5.521460917862246
3502,2007,4,2,6.214608098422191
3503,208,4,4,5.521460917862246
3504,209,4,4,5.521460917862246
3505,213,4,4,5.521460917862246
3506,243,4,4,5.521460917862246
3507,250,4,4,5.521460917862246
3508,256,4,4,5.521460917862246
3509,259,4,4,5.521460917862246
3510,260,4,4,5.521460917862246
3511,286,4,4,5.521460917862246
3512,291,4,3,5.809142990314028
3513,292,4,4,5.521460917862246
3514,297,4,4,5.521460917862246
3515,2b,4,3,5.809142990314028
3516,319,4,2,6.214608098422191
3517,325,4,1,6.907755278982137
3518,328,4,4,5.521460917862246
3519,391,4,4,5.521460917862246
3520,400,4,1,6.907755278982137
3521,423,4,4,5.521460917862246
3522,514,4,4,5.521460917862246
3523,5d,4,2,6.214608098422191
3524,5l,4,2,6.214608098422191
3525,626,4,2,6.214608098422191
3526,693,4,4,5.521460917862246
3527,702,4,4,5.521460917862246
3528,722,4,4,5.521460917862246
3529,777,4,2,6.214608098422191
3530,853,4,4,5.521460917862246
3531,993,4,4,5.521460917862246
3532,accommod,4,4,5.521460917862246
3533,acet,4,4,5.521460917862246
3534,acetylcystein,4,3,5.809142990314028
3535,acquisit,4,4,5.521460917862246
3536,acvr2a,4,1,6.907755278982137
3537,adjac,4,4,5.521460917862246
3538,admit,4,4,5.521460917862246
3539,advis,4,3,5.809142990314028
3540,affer,4,2,6.214608098422191
3541,agenda,4,4,5.521460917862246
3542,aggress,4,4,5.521460917862246
3543,agi,4,2,6.214608098422191
3544,ago,4,4,5.521460917862246
3545,aha,4,2,6.214608098422191
3546,akk,4,1,6.907755278982137
3547,alex,4,1,6.907755278982137
3548,america,4,2,6.214608098422191
3549,amstar,4,3,5.809142990314028
3550,ancestri,4,3,5.809142990314028
3551,angiographi,4,2,6.214608098422191
3552,ankl,4,3,5.809142990314028
3553,anthocyanin,4,3,5.809142990314028
3554,anticanc,4,1,6.907755278982137
3555,anticip,4,4,5.521460917862246
3556,antihyperglycaem,4,2,6.214608098422191
3557,antihypertens,4,2,6.214608098422191
3558,antinocicept,4,3,5.809142990314028
3559,apr,4,1,6.907755278982137
3560,armamentarium,4,4,5.521460917862246
3561,arrhythm,4,2,6.214608098422191
3562,ask,4,4,5.521460917862246
3563,aso,4,2,6.214608098422191
3564,aspart,4,4,5.521460917862246
3565,assembl,4,3,5.809142990314028
3566,assum,4,4,5.521460917862246
3567,asv,4,1,6.907755278982137
3568,asymmetr,4,4,5.521460917862246
3569,atcc,4,1,6.907755278982137
3570,athlet,4,1,6.907755278982137
3571,atr,4,1,6.907755278982137
3572,attrit,4,4,5.521460917862246
3573,aural,4,2,6.214608098422191
3574,australia,4,3,5.809142990314028
3575,autonomi,4,4,5.521460917862246
3576,await,4,4,5.521460917862246
3577,barrett,4,1,6.907755278982137
3578,bd,4,1,6.907755278982137
3579,believ,4,4,5.521460917862246
3580,benign,4,2,6.214608098422191
3581,benjamini,4,4,5.521460917862246
3582,bibliometr,4,1,6.907755278982137
3583,bilater,4,4,5.521460917862246
3584,binomi,4,4,5.521460917862246
3585,bioassai,4,2,6.214608098422191
3586,biobank,4,3,5.809142990314028
3587,biopsychosoci,4,2,6.214608098422191
3588,biweekli,4,1,6.907755278982137
3589,block,4,3,5.809142990314028
3590,bo,4,1,6.907755278982137
3591,board,4,3,5.809142990314028
3592,borderlin,4,3,5.809142990314028
3593,brainstem,4,2,6.214608098422191
3594,broaden,4,4,5.521460917862246
3595,bs,4,1,6.907755278982137
3596,buffer,4,4,5.521460917862246
3597,catabol,4,3,5.809142990314028
3598,causat,4,2,6.214608098422191
3599,cd14,4,1,6.907755278982137
3600,cerebr,4,4,5.521460917862246
3601,cgi,4,1,6.907755278982137
3602,chapter,4,3,5.809142990314028
3603,charcot,4,1,6.907755278982137
3604,chart,4,4,5.521460917862246
3605,checkpoint,4,3,5.809142990314028
3606,cholecystokinin,4,4,5.521460917862246
3607,cholelithiasi,4,3,5.809142990314028
3608,chop,4,3,5.809142990314028
3609,citrat,4,4,5.521460917862246
3610,clearer,4,4,5.521460917862246
3611,clearli,4,4,5.521460917862246
3612,clostridia,4,1,6.907755278982137
3613,coacerv,4,1,6.907755278982137
3614,coach,4,3,5.809142990314028
3615,coagonist,4,2,6.214608098422191
3616,coher,4,4,5.521460917862246
3617,coi,4,1,6.907755278982137
3618,cold,4,2,6.214608098422191
3619,com,4,4,5.521460917862246
3620,comfort,4,3,5.809142990314028
3621,commit,4,3,5.809142990314028
3622,committe,4,3,5.809142990314028
3623,confin,4,4,5.521460917862246
3624,conjunct,4,3,5.809142990314028
3625,consolid,4,4,5.521460917862246
3626,conven,4,4,5.521460917862246
3627,coprimari,4,2,6.214608098422191
3628,cosmet,4,4,5.521460917862246
3629,cosmo,4,3,5.809142990314028
3630,counterregulatori,4,3,5.809142990314028
3631,covid,4,2,6.214608098422191
3632,cri,4,1,6.907755278982137
3633,css,4,3,5.809142990314028
3634,ctr,4,1,6.907755278982137
3635,ctx,4,2,6.214608098422191
3636,culmin,4,4,5.521460917862246
3637,cyclas,4,4,5.521460917862246
3638,cyp3a4,4,2,6.214608098422191
3639,cytosol,4,4,5.521460917862246
3640,danuglipron,4,3,5.809142990314028
3641,dawlei,4,4,5.521460917862246
3642,dca,4,1,6.907755278982137
3643,dce,4,1,6.907755278982137
3644,dcm,4,1,6.907755278982137
3645,declamp,4,1,6.907755278982137
3646,default,4,4,5.521460917862246
3647,dehisc,4,4,5.521460917862246
3648,delet,4,4,5.521460917862246
3649,dental,4,2,6.214608098422191
3650,deploy,4,3,5.809142990314028
3651,desert,4,1,6.907755278982137
3652,desir,4,4,5.521460917862246
3653,destabil,4,4,5.521460917862246
3654,desulfurican,4,1,6.907755278982137
3655,determinist,4,4,5.521460917862246
3656,diarrhea,4,3,5.809142990314028
3657,dilemma,4,1,6.907755278982137
3658,dili,4,1,6.907755278982137
3659,disadvantag,4,4,5.521460917862246
3660,discectomi,4,4,5.521460917862246
3661,discrep,4,4,5.521460917862246
3662,dissect,4,4,5.521460917862246
3663,domest,4,3,5.809142990314028
3664,downward,4,4,5.521460917862246
3665,dtw,4,1,6.907755278982137
3666,ductal,4,3,5.809142990314028
3667,duoden,4,4,5.521460917862246
3668,dysautonomia,4,1,6.907755278982137
3669,easo,4,2,6.214608098422191
3670,ec50,4,3,5.809142990314028
3671,ecolog,4,4,5.521460917862246
3672,ecosystem,4,3,5.809142990314028
3673,edd,4,1,6.907755278982137
3674,efflux,4,4,5.521460917862246
3675,egr,4,1,6.907755278982137
3676,electr,4,3,5.809142990314028
3677,eli,4,4,5.521460917862246
3678,elus,4,4,5.521460917862246
3679,encod,4,4,5.521460917862246
3680,energet,4,4,5.521460917862246
3681,ensembl,4,2,6.214608098422191
3682,epithelium,4,4,5.521460917862246
3683,eq,4,2,6.214608098422191
3684,equiti,4,4,5.521460917862246
3685,eqw,4,1,6.907755278982137
3686,erythritol,4,1,6.907755278982137
3687,ester,4,2,6.214608098422191
3688,eta,4,1,6.907755278982137
3689,etr,4,1,6.907755278982137
3690,eu,4,4,5.521460917862246
3691,eventu,4,4,5.521460917862246
3692,exce,4,4,5.521460917862246
3693,exemplifi,4,4,5.521460917862246
3694,exit,4,1,6.907755278982137
3695,exscel,4,2,6.214608098422191
3696,extensor,4,1,6.907755278982137
3697,factori,4,3,5.809142990314028
3698,fear,4,4,5.521460917862246
3699,ferritin,4,2,6.214608098422191
3700,fibrillari,4,3,5.809142990314028
3701,file,4,4,5.521460917862246
3702,fluoresc,4,4,5.521460917862246
3703,fmoc,4,1,6.907755278982137
3704,folat,4,4,5.521460917862246
3705,formula,4,3,5.809142990314028
3706,fourth,4,3,5.809142990314028
3707,fructofuranosyl,4,1,6.907755278982137
3708,fructos,4,4,5.521460917862246
3709,g168s,4,1,6.907755278982137
3710,gender,4,4,5.521460917862246
3711,geometri,4,2,6.214608098422191
3712,give,4,4,5.521460917862246
3713,gksset,4,1,6.907755278982137
3714,glipizid,4,2,6.214608098422191
3715,glutam,4,2,6.214608098422191
3716,glycolipid,4,2,6.214608098422191
3717,glycoprotein,4,4,5.521460917862246
3718,gonadotropin,4,4,5.521460917862246
3719,gpcrvp,4,1,6.907755278982137
3720,gpx4,4,4,5.521460917862246
3721,guarante,4,3,5.809142990314028
3722,h716,4,4,5.521460917862246
3723,had,4,1,6.907755278982137
3724,handgrip,4,2,6.214608098422191
3725,harmon,4,4,5.521460917862246
3726,hcp,4,1,6.907755278982137
3727,hcu,4,1,6.907755278982137
3728,hdm1002,4,1,6.907755278982137
3729,healthspan,4,2,6.214608098422191
3730,hei,4,2,6.214608098422191
3731,hen,4,1,6.907755278982137
3732,hepatocyt,4,4,5.521460917862246
3733,hepatolog,4,3,5.809142990314028
3734,hepg2,4,3,5.809142990314028
3735,heterozyg,4,4,5.521460917862246
3736,hif,4,1,6.907755278982137
3737,hippocampu,4,4,5.521460917862246
3738,hispidin,4,1,6.907755278982137
3739,hochberg,4,4,5.521460917862246
3740,hodgkin,4,1,6.907755278982137
3741,hop,4,2,6.214608098422191
3742,hpc,4,1,6.907755278982137
3743,hydroxybenzoyl,4,4,5.521460917862246
3744,hygien,4,1,6.907755278982137
3745,hyperinsulinemia,4,3,5.809142990314028
3746,hyperlipidemia,4,4,5.521460917862246
3747,hypertrophi,4,4,5.521460917862246
3748,hypogloss,4,3,5.809142990314028
3749,ideal,4,4,5.521460917862246
3750,iglar,4,2,6.214608098422191
3751,iglartitr,4,1,6.907755278982137
3752,il1b,4,2,6.214608098422191
3753,immort,4,4,5.521460917862246
3754,immunogen,4,3,5.809142990314028
3755,immunohistochemistri,4,4,5.521460917862246
3756,immunoposit,4,1,6.907755278982137
3757,immunoprecipit,4,4,5.521460917862246
3758,impli,4,4,5.521460917862246
3759,imprecis,4,4,5.521460917862246
3760,incub,4,3,5.809142990314028
3761,inf,4,1,6.907755278982137
3762,ingredi,4,3,5.809142990314028
3763,inotrop,4,2,6.214608098422191
3764,intact,4,4,5.521460917862246
3765,interdisciplinari,4,4,5.521460917862246
3766,interrel,4,4,5.521460917862246
3767,intertwin,4,4,5.521460917862246
3768,intestinali,4,1,6.907755278982137
3769,intric,4,4,5.521460917862246
3770,invest,4,4,5.521460917862246
3771,ipfd,4,1,6.907755278982137
3772,jnk,4,3,5.809142990314028
3773,justic,4,4,5.521460917862246
3774,kdigo,4,2,6.214608098422191
3775,kfre,4,2,6.214608098422191
3776,krt,4,1,6.907755278982137
3777,lab,4,4,5.521460917862246
3778,lactic,4,4,5.521460917862246
3779,latter,4,4,5.521460917862246
3780,lca,4,1,6.907755278982137
3781,leaf,4,2,6.214608098422191
3782,levodopa,4,2,6.214608098422191
3783,lie,4,4,5.521460917862246
3784,light,4,4,5.521460917862246
3785,likewis,4,4,5.521460917862246
3786,lilli,4,4,5.521460917862246
3787,lipas,4,4,5.521460917862246
3788,lispro,4,1,6.907755278982137
3789,lizard,4,1,6.907755278982137
3790,lo,4,2,6.214608098422191
3791,lobe,4,2,6.214608098422191
3792,loci,4,2,6.214608098422191
3793,lsg,4,2,6.214608098422191
3794,lsm,4,1,6.907755278982137
3795,luciferas,4,4,5.521460917862246
3796,lymphoma,4,1,6.907755278982137
3797,lys1972,4,1,6.907755278982137
3798,m6a,4,1,6.907755278982137
3799,margin,4,4,5.521460917862246
3800,matern,4,2,6.214608098422191
3801,mcp,4,2,6.214608098422191
3802,meanwhil,4,4,5.521460917862246
3803,medullari,4,4,5.521460917862246
3804,mesolimb,4,4,5.521460917862246
3805,messeng,4,3,5.809142990314028
3806,meter,4,4,5.521460917862246
3807,methacryl,4,3,5.809142990314028
3808,microdos,4,1,6.907755278982137
3809,microfluid,4,2,6.214608098422191
3810,militari,4,2,6.214608098422191
3811,minimum,4,4,5.521460917862246
3812,minor,4,4,5.521460917862246
3813,mir,4,3,5.809142990314028
3814,mixtur,4,3,5.809142990314028
3815,mo,4,2,6.214608098422191
3816,moment,4,3,5.809142990314028
3817,morri,4,2,6.214608098422191
3818,mount,4,4,5.521460917862246
3819,mrt,4,1,6.907755278982137
3820,mstn,4,2,6.214608098422191
3821,mtorc1,4,2,6.214608098422191
3822,mucu,4,2,6.214608098422191
3823,mulberri,4,2,6.214608098422191
3824,multin,4,4,5.521460917862246
3825,multisystem,4,4,5.521460917862246
3826,myotub,4,3,5.809142990314028
3827,naiv,4,2,6.214608098422191
3828,naranjo,4,4,5.521460917862246
3829,nci,4,4,5.521460917862246
3830,nephropathi,4,4,5.521460917862246
3831,nephroprotect,4,4,5.521460917862246
3832,neuro,4,4,5.521460917862246
3833,neuroarthropathi,4,1,6.907755278982137
3834,neurobiolog,4,4,5.521460917862246
3835,nodul,4,4,5.521460917862246
3836,nomin,4,3,5.809142990314028
3837,nonetheless,4,4,5.521460917862246
3838,noninsulin,4,3,5.809142990314028
3839,nonlinear,4,3,5.809142990314028
3840,nonobes,4,2,6.214608098422191
3841,nonscar,4,1,6.907755278982137
3842,npy4,4,1,6.907755278982137
3843,nucleu,4,4,5.521460917862246
3844,nutri,4,1,6.907755278982137
3845,nyha,4,3,5.809142990314028
3846,obedigithum,4,1,6.907755278982137
3847,oblig,4,3,5.809142990314028
3848,oedema,4,2,6.214608098422191
3849,oesophag,4,1,6.907755278982137
3850,oesophagu,4,1,6.907755278982137
3851,offset,4,2,6.214608098422191
3852,olanzapin,4,1,6.907755278982137
3853,operation,4,4,5.521460917862246
3854,oppos,4,4,5.521460917862246
3855,or,4,4,5.521460917862246
3856,orchestr,4,4,5.521460917862246
3857,organel,4,2,6.214608098422191
3858,organoid,4,3,5.809142990314028
3859,osteogen,4,4,5.521460917862246
3860,ovul,4,3,5.809142990314028
3861,p65,4,2,6.214608098422191
3862,pa,4,1,6.907755278982137
3863,pace,4,2,6.214608098422191
3864,packag,4,4,5.521460917862246
3865,padj,4,1,6.907755278982137
3866,palmit,4,2,6.214608098422191
3867,parametr,4,3,5.809142990314028
3868,passiv,4,3,5.809142990314028
3869,patul,4,3,5.809142990314028
3870,pbsa,4,2,6.214608098422191
3871,pentosu,4,1,6.907755278982137
3872,periconcept,4,1,6.907755278982137
3873,perpetu,4,4,5.521460917862246
3874,personalis,4,3,5.809142990314028
3875,pgc,4,2,6.214608098422191
3876,pharmacogenom,4,3,5.809142990314028
3877,phosphat,4,4,5.521460917862246
3878,pillar,4,4,5.521460917862246
3879,pilot,4,4,5.521460917862246
3880,piog,4,1,6.907755278982137
3881,plaqu,4,4,5.521460917862246
3882,plasminogen,4,3,5.809142990314028
3883,plumeria,4,1,6.907755278982137
3884,pocket,4,4,5.521460917862246
3885,polyphenol,4,3,5.809142990314028
3886,postbariatr,4,4,5.521460917862246
3887,postbiot,4,2,6.214608098422191
3888,postcess,4,2,6.214608098422191
3889,posterior,4,3,5.809142990314028
3890,prerequisit,4,3,5.809142990314028
3891,prime,4,3,5.809142990314028
3892,profoundli,4,4,5.521460917862246
3893,propag,4,4,5.521460917862246
3894,proteas,4,1,6.907755278982137
3895,proteolyt,4,3,5.809142990314028
3896,puberti,4,3,5.809142990314028
3897,pullei,4,1,6.907755278982137
3898,purchas,4,3,5.809142990314028
3899,pure,4,4,5.521460917862246
3900,qd,4,1,6.907755278982137
3901,quarterli,4,3,5.809142990314028
3902,quinidin,4,1,6.907755278982137
3903,rcr,4,1,6.907755278982137
3904,readi,4,4,5.521460917862246
3905,readili,4,4,5.521460917862246
3906,recapitul,4,4,5.521460917862246
3907,reclassif,4,2,6.214608098422191
3908,recur,4,3,5.809142990314028
3909,refeed,4,1,6.907755278982137
3910,reject,4,3,5.809142990314028
3911,remov,4,4,5.521460917862246
3912,repetit,4,2,6.214608098422191
3913,retear,4,2,6.214608098422191
3914,rhi,4,1,6.907755278982137
3915,rn,4,2,6.214608098422191
3916,ro,4,4,5.521460917862246
3917,rorr,4,1,6.907755278982137
3918,rubra,4,1,6.907755278982137
3919,rwd,4,3,5.809142990314028
3920,salivariu,4,1,6.907755278982137
3921,sar,4,3,5.809142990314028
3922,satur,4,3,5.809142990314028
3923,scarc,4,4,5.521460917862246
3924,sciencedirect,4,4,5.521460917862246
3925,sedd,4,1,6.907755278982137
3926,seizur,4,1,6.907755278982137
3927,selectin,4,1,6.907755278982137
3928,semi,4,4,5.521460917862246
3929,ser2448,4,1,6.907755278982137
3930,setmelanotid,4,2,6.214608098422191
3931,sga,4,1,6.907755278982137
3932,sham,4,4,5.521460917862246
3933,shed,4,4,5.521460917862246
3934,shorten,4,4,5.521460917862246
3935,shr,4,1,6.907755278982137
3936,silico,4,4,5.521460917862246
3937,simd,4,1,6.907755278982137
3938,simplif,4,1,6.907755278982137
3939,simvastatin,4,1,6.907755278982137
3940,sirna,4,3,5.809142990314028
3941,sit,4,3,5.809142990314028
3942,situat,4,3,5.809142990314028
3943,sixteen,4,4,5.521460917862246
3944,sln,4,2,6.214608098422191
3945,smbg,4,2,6.214608098422191
3946,snac,4,4,5.521460917862246
3947,snp,4,2,6.214608098422191
3948,soc,4,1,6.907755278982137
3949,soft,4,1,6.907755278982137
3950,specialti,4,1,6.907755278982137
3951,specifi,4,4,5.521460917862246
3952,spectroscop,4,4,5.521460917862246
3953,spike,4,3,5.809142990314028
3954,spragu,4,4,5.521460917862246
3955,sstr3,4,1,6.907755278982137
3956,st25,4,1,6.907755278982137
3957,staff,4,4,5.521460917862246
3958,stat3,4,1,6.907755278982137
3959,static,4,3,5.809142990314028
3960,stomach,4,4,5.521460917862246
3961,strict,4,4,5.521460917862246
3962,stromal,4,3,5.809142990314028
3963,struggl,4,3,5.809142990314028
3964,subpopul,4,4,5.521460917862246
3965,subtract,4,3,5.809142990314028
3966,sweeten,4,2,6.214608098422191
3967,swell,4,4,5.521460917862246
3968,symmetr,4,3,5.809142990314028
3969,sympathet,4,4,5.521460917862246
3970,tachycardia,4,2,6.214608098422191
3971,tanycyt,4,1,6.907755278982137
3972,tdt,4,1,6.907755278982137
3973,telehealth,4,3,5.809142990314028
3974,telemedicin,4,3,5.809142990314028
3975,tension,4,3,5.809142990314028
3976,tetrahydrocurcumin,4,1,6.907755278982137
3977,thick,4,3,5.809142990314028
3978,thin,4,2,6.214608098422191
3979,tomographi,4,4,5.521460917862246
3980,tradition,4,4,5.521460917862246
3981,transmiss,4,4,5.521460917862246
3982,tri,4,4,5.521460917862246
3983,triag,4,3,5.809142990314028
3984,true,4,4,5.521460917862246
3985,turn,4,4,5.521460917862246
3986,twice,4,4,5.521460917862246
3987,tyrosin,4,3,5.809142990314028
3988,ug,4,1,6.907755278982137
3989,uln,4,1,6.907755278982137
3990,underappreci,4,4,5.521460917862246
3991,underserv,4,3,5.809142990314028
3992,undescrib,4,2,6.214608098422191
3993,unhealthi,4,4,5.521460917862246
3994,unimolecular,4,4,5.521460917862246
3995,unload,4,2,6.214608098422191
3996,unpreced,4,4,5.521460917862246
3997,urban,4,1,6.907755278982137
3998,urem,4,4,5.521460917862246
3999,usag,4,2,6.214608098422191
4000,v2,4,3,5.809142990314028
4001,v20,4,1,6.907755278982137
4002,va,4,3,5.809142990314028
4003,varieti,4,4,5.521460917862246
4004,verif,4,3,5.809142990314028
4005,vesicl,4,4,5.521460917862246
4006,vildagliptin,4,1,6.907755278982137
4007,voluntari,4,4,5.521460917862246
4008,vrce,4,1,6.907755278982137
4009,vv,4,1,6.907755278982137
4010,warehous,4,4,5.521460917862246
4011,weak,4,4,5.521460917862246
4012,wnt5a,4,1,6.907755278982137
4013,workforc,4,2,6.214608098422191
4014,wss,4,1,6.907755278982137
4015,xa1416,4,1,6.907755278982137
4016,y297d,4,1,6.907755278982137
4017,zinc,4,4,5.521460917862246
4018,δasm,4,1,6.907755278982137
4019,0014,3,3,5.809142990314028
4020,0036,3,1,6.907755278982137
4021,011,3,3,5.809142990314028
4022,029,3,3,5.809142990314028
4023,032,3,3,5.809142990314028
4024,033,3,3,5.809142990314028
4025,035,3,3,5.809142990314028
4026,038,3,3,5.809142990314028
4027,043,3,3,5.809142990314028
4028,045,3,3,5.809142990314028
4029,046,3,3,5.809142990314028
4030,064,3,3,5.809142990314028
4031,076,3,3,5.809142990314028
4032,1007,3,3,5.809142990314028
4033,110,3,3,5.809142990314028
4034,11cp,3,1,6.907755278982137
4035,121,3,3,5.809142990314028
4036,128,3,3,5.809142990314028
4037,133,3,3,5.809142990314028
4038,137,3,3,5.809142990314028
4039,13c,3,1,6.907755278982137
4040,147,3,3,5.809142990314028
4041,157,3,3,5.809142990314028
4042,158,3,3,5.809142990314028
4043,160,3,3,5.809142990314028
4044,164,3,3,5.809142990314028
4045,165,3,3,5.809142990314028
4046,167,3,3,5.809142990314028
4047,176,3,3,5.809142990314028
4048,177,3,3,5.809142990314028
4049,181,3,3,5.809142990314028
4050,191,3,2,6.214608098422191
4051,197,3,3,5.809142990314028
4052,1a02,3,1,6.907755278982137
4053,1b03,3,1,6.907755278982137
4054,2011,3,3,5.809142990314028
4055,202,3,3,5.809142990314028
4056,2030,3,3,5.809142990314028
4057,212,3,3,5.809142990314028
4058,220,3,3,5.809142990314028
4059,227,3,3,5.809142990314028
4060,229,3,3,5.809142990314028
4061,231,3,3,5.809142990314028
4062,233,3,3,5.809142990314028
4063,235,3,3,5.809142990314028
4064,241,3,3,5.809142990314028
4065,245,3,3,5.809142990314028
4066,247,3,3,5.809142990314028
4067,251,3,3,5.809142990314028
4068,254,3,3,5.809142990314028
4069,255,3,3,5.809142990314028
4070,266,3,3,5.809142990314028
4071,270,3,3,5.809142990314028
4072,273,3,3,5.809142990314028
4073,304,3,3,5.809142990314028
4074,309,3,3,5.809142990314028
4075,320,3,3,5.809142990314028
4076,322,3,3,5.809142990314028
4077,342,3,3,5.809142990314028
4078,349,3,3,5.809142990314028
4079,366,3,3,5.809142990314028
4080,381,3,3,5.809142990314028
4081,383,3,3,5.809142990314028
4082,393,3,3,5.809142990314028
4083,397,3,3,5.809142990314028
4084,3t3,3,2,6.214608098422191
4085,404,3,3,5.809142990314028
4086,407,3,3,5.809142990314028
4087,408,3,3,5.809142990314028
4088,409,3,3,5.809142990314028
4089,411,3,3,5.809142990314028
4090,428,3,3,5.809142990314028
4091,430,3,2,6.214608098422191
4092,434,3,3,5.809142990314028
4093,442,3,3,5.809142990314028
4094,445,3,3,5.809142990314028
4095,450,3,3,5.809142990314028
4096,471,3,2,6.214608098422191
4097,488,3,3,5.809142990314028
4098,528,3,3,5.809142990314028
4099,534,3,3,5.809142990314028
4100,544,3,2,6.214608098422191
4101,546,3,3,5.809142990314028
4102,564,3,3,5.809142990314028
4103,567,3,2,6.214608098422191
4104,568,3,3,5.809142990314028
4105,572,3,3,5.809142990314028
4106,589,3,3,5.809142990314028
4107,604,3,3,5.809142990314028
4108,613,3,3,5.809142990314028
4109,623,3,3,5.809142990314028
4110,630,3,3,5.809142990314028
4111,638,3,3,5.809142990314028
4112,650,3,3,5.809142990314028
4113,678,3,3,5.809142990314028
4114,690,3,3,5.809142990314028
4115,694,3,3,5.809142990314028
4116,701,3,3,5.809142990314028
4117,712,3,3,5.809142990314028
4118,717,3,3,5.809142990314028
4119,733,3,3,5.809142990314028
4120,740,3,3,5.809142990314028
4121,772,3,3,5.809142990314028
4122,775,3,3,5.809142990314028
4123,816,3,3,5.809142990314028
4124,825,3,3,5.809142990314028
4125,881,3,3,5.809142990314028
4126,919,3,3,5.809142990314028
4127,933,3,3,5.809142990314028
4128,934,3,3,5.809142990314028
4129,953,3,3,5.809142990314028
4130,962,3,2,6.214608098422191
4131,987,3,3,5.809142990314028
4132,abstin,3,2,6.214608098422191
4133,academia,3,3,5.809142990314028
4134,acarbos,3,3,5.809142990314028
4135,ach,3,1,6.907755278982137
4136,acr,3,2,6.214608098422191
4137,acromegali,3,1,6.907755278982137
4138,adenin,3,3,5.809142990314028
4139,adjud,3,3,5.809142990314028
4140,adma,3,1,6.907755278982137
4141,admet,3,2,6.214608098422191
4142,adpkd,3,1,6.907755278982137
4143,advent,3,3,5.809142990314028
4144,advoc,3,3,5.809142990314028
4145,aetiolog,3,2,6.214608098422191
4146,agre,3,3,5.809142990314028
4147,aion,3,1,6.907755278982137
4148,alphamissens,3,1,6.907755278982137
4149,amycretin,3,2,6.214608098422191
4150,amylas,3,2,6.214608098422191
4151,anabol,3,3,5.809142990314028
4152,anaemia,3,3,5.809142990314028
4153,anatom,3,3,5.809142990314028
4154,anecdot,3,3,5.809142990314028
4155,anhedonia,3,2,6.214608098422191
4156,anion,3,2,6.214608098422191
4157,annot,3,2,6.214608098422191
4158,antiarrhythm,3,2,6.214608098422191
4159,antiseizur,3,1,6.907755278982137
4160,antithrombot,3,3,5.809142990314028
4161,ap,3,1,6.907755278982137
4162,apglp1r,3,1,6.907755278982137
4163,apo,3,3,5.809142990314028
4164,app,3,1,6.907755278982137
4165,aquaporin,3,2,6.214608098422191
4166,arous,3,3,5.809142990314028
4167,ascit,3,1,6.907755278982137
4168,asn,3,2,6.214608098422191
4169,asr,3,1,6.907755278982137
4170,assessor,3,3,5.809142990314028
4171,asymptomat,3,3,5.809142990314028
4172,atyp,3,3,5.809142990314028
4173,authorit,3,3,5.809142990314028
4174,autophag,3,3,5.809142990314028
4175,b12,3,3,5.809142990314028
4176,bacteriom,3,1,6.907755278982137
4177,bacteroid,3,3,5.809142990314028
4178,bacteroidet,3,3,5.809142990314028
4179,beat,3,2,6.214608098422191
4180,bed,3,3,5.809142990314028
4181,belief,3,3,5.809142990314028
4182,benefic,3,3,5.809142990314028
4183,bfi,3,1,6.907755278982137
4184,bhe,3,1,6.907755278982137
4185,bid,3,1,6.907755278982137
4186,bifidobacterium,3,3,5.809142990314028
4187,bifunct,3,1,6.907755278982137
4188,bilirubin,3,2,6.214608098422191
4189,binari,3,3,5.809142990314028
4190,bioequival,3,2,6.214608098422191
4191,biosynthesi,3,3,5.809142990314028
4192,bitter,3,1,6.907755278982137
4193,blm,3,1,6.907755278982137
4194,bloat,3,1,6.907755278982137
4195,bonferroni,3,3,5.809142990314028
4196,breakfast,3,3,5.809142990314028
4197,brigg,3,3,5.809142990314028
4198,brown,3,3,5.809142990314028
4199,buccal,3,1,6.907755278982137
4200,burn,3,1,6.907755278982137
4201,c2c12,3,2,6.214608098422191
4202,calcitonin,3,2,6.214608098422191
4203,cam,3,1,6.907755278982137
4204,came,3,3,5.809142990314028
4205,candidaci,3,2,6.214608098422191
4206,cannabinoid,3,3,5.809142990314028
4207,cap,3,2,6.214608098422191
4208,carbamazepin,3,1,6.907755278982137
4209,carcinogenesi,3,2,6.214608098422191
4210,card,3,2,6.214608098422191
4211,cardiomem,3,1,6.907755278982137
4212,carrier,3,3,5.809142990314028
4213,catechin,3,2,6.214608098422191
4214,cck,3,3,5.809142990314028
4215,cd206,3,3,5.809142990314028
4216,cd25,3,1,6.907755278982137
4217,cerebellum,3,1,6.907755278982137
4218,cfrd,3,1,6.907755278982137
4219,chaperon,3,2,6.214608098422191
4220,chemosensori,3,1,6.907755278982137
4221,chick,3,1,6.907755278982137
4222,chip,3,3,5.809142990314028
4223,cholang,3,2,6.214608098422191
4224,cholinerg,3,2,6.214608098422191
4225,chow,3,3,5.809142990314028
4226,chromatograph,3,3,5.809142990314028
4227,cinahl,3,3,5.809142990314028
4228,cirrhot,3,3,5.809142990314028
4229,cite,3,3,5.809142990314028
4230,clarithromycin,3,1,6.907755278982137
4231,clariti,3,3,5.809142990314028
4232,closer,3,3,5.809142990314028
4233,clostridium,3,3,5.809142990314028
4234,cmax,3,2,6.214608098422191
4235,cny,3,1,6.907755278982137
4236,coa,3,3,5.809142990314028
4237,coadministr,3,2,6.214608098422191
4238,coe,3,1,6.907755278982137
4239,cola,3,1,6.907755278982137
4240,colic,3,1,6.907755278982137
4241,colocalis,3,1,6.907755278982137
4242,coloni,3,3,5.809142990314028
4243,combat,3,3,5.809142990314028
4244,communic,3,1,6.907755278982137
4245,component025,3,1,6.907755278982137
4246,con,3,2,6.214608098422191
4247,confoc,3,2,6.214608098422191
4248,confront,3,3,5.809142990314028
4249,constant,3,2,6.214608098422191
4250,consummatori,3,2,6.214608098422191
4251,cordycep,3,2,6.214608098422191
4252,correctli,3,3,5.809142990314028
4253,counter,3,3,5.809142990314028
4254,counterfeit,3,2,6.214608098422191
4255,countermeasur,3,2,6.214608098422191
4256,counterregul,3,1,6.907755278982137
4257,creatin,3,1,6.907755278982137
4258,csm,3,1,6.907755278982137
4259,cut,3,3,5.809142990314028
4260,cyclophilin,3,1,6.907755278982137
4261,cystic,3,3,5.809142990314028
4262,cytometri,3,3,5.809142990314028
4263,d3ga,3,1,6.907755278982137
4264,dampen,3,3,5.809142990314028
4265,dd,3,1,6.907755278982137
4266,deacetyl,3,2,6.214608098422191
4267,debilit,3,3,5.809142990314028
4268,decarboxylas,3,1,6.907755278982137
4269,decomposit,3,3,5.809142990314028
4270,defens,3,3,5.809142990314028
4271,demyelin,3,3,5.809142990314028
4272,depriv,3,2,6.214608098422191
4273,dermal,3,3,5.809142990314028
4274,dermat,3,2,6.214608098422191
4275,desulfovibrio,3,2,6.214608098422191
4276,devalu,3,1,6.907755278982137
4277,dian,3,1,6.907755278982137
4278,diarylheptanoid,3,2,6.214608098422191
4279,die,3,2,6.214608098422191
4280,difficulti,3,3,5.809142990314028
4281,dimension,3,3,5.809142990314028
4282,dinucleotid,3,3,5.809142990314028
4283,disciplin,3,3,5.809142990314028
4284,disclosur,3,2,6.214608098422191
4285,disloc,3,2,6.214608098422191
4286,distens,3,1,6.907755278982137
4287,diuresi,3,2,6.214608098422191
4288,diurnal,3,2,6.214608098422191
4289,dmf,3,1,6.907755278982137
4290,docus,3,2,6.214608098422191
4291,dor,3,1,6.907755278982137
4292,dotap,3,1,6.907755278982137
4293,droplet,3,3,5.809142990314028
4294,dutch,3,2,6.214608098422191
4295,dxa,3,2,6.214608098422191
4296,dysglycaemia,3,3,5.809142990314028
4297,e3,3,2,6.214608098422191
4298,eae,3,1,6.907755278982137
4299,ear,3,1,6.907755278982137
4300,echocardiographi,3,3,5.809142990314028
4301,ecm,3,1,6.907755278982137
4302,ect,3,1,6.907755278982137
4303,edg,3,2,6.214608098422191
4304,egr1,3,1,6.907755278982137
4305,eif2α,3,3,5.809142990314028
4306,electrophysiolog,3,3,5.809142990314028
4307,emphasis,3,3,5.809142990314028
4308,enact,3,3,5.809142990314028
4309,endometrioid,3,1,6.907755278982137
4310,endoscopist,3,2,6.214608098422191
4311,endur,3,2,6.214608098422191
4312,eosinophil,3,3,5.809142990314028
4313,epic,3,2,6.214608098422191
4314,epigastr,3,3,5.809142990314028
4315,epigenom,3,2,6.214608098422191
4316,erythrocyt,3,3,5.809142990314028
4317,erythroid,3,3,5.809142990314028
4318,esa,3,1,6.907755278982137
4319,eskd,3,1,6.907755278982137
4320,esophagogastroduodenoscopi,3,3,5.809142990314028
4321,estradiol,3,3,5.809142990314028
4322,ethyl,3,3,5.809142990314028
4323,eudract,3,2,6.214608098422191
4324,ev,3,1,6.907755278982137
4325,everydai,3,3,5.809142990314028
4326,ewom,3,1,6.907755278982137
4327,execut,3,3,5.809142990314028
4328,exhal,3,2,6.214608098422191
4329,exogen,3,3,5.809142990314028
4330,explanatori,3,3,5.809142990314028
4331,extrahepat,3,3,5.809142990314028
4332,f,3,3,5.809142990314028
4333,facet,3,2,6.214608098422191
4334,falsifi,3,2,6.214608098422191
4335,fatal,3,3,5.809142990314028
4336,fea,3,1,6.907755278982137
4337,fece,3,3,5.809142990314028
4338,fee,3,3,5.809142990314028
4339,ferroptot,3,2,6.214608098422191
4340,ffml,3,1,6.907755278982137
4341,fgf,3,3,5.809142990314028
4342,fibr,3,2,6.214608098422191
4343,fibrogenesi,3,2,6.214608098422191
4344,fifti,3,3,5.809142990314028
4345,finngen,3,2,6.214608098422191
4346,firm,3,3,5.809142990314028
4347,firmicut,3,3,5.809142990314028
4348,fisher,3,3,5.809142990314028
4349,flight,3,1,6.907755278982137
4350,fnq,3,1,6.907755278982137
4351,follicular,3,3,5.809142990314028
4352,former,3,3,5.809142990314028
4353,formerli,3,3,5.809142990314028
4354,forward,3,3,5.809142990314028
4355,foundayo,3,2,6.214608098422191
4356,ft,3,1,6.907755278982137
4357,fulfil,3,3,5.809142990314028
4358,ga,3,2,6.214608098422191
4359,galactomannan,3,1,6.907755278982137
4360,ganglion,3,3,5.809142990314028
4361,gather,3,3,5.809142990314028
4362,gavag,3,3,5.809142990314028
4363,gbsa,3,2,6.214608098422191
4364,gdn,3,1,6.907755278982137
4365,genitourinari,3,2,6.214608098422191
4366,gerotherapeut,3,3,5.809142990314028
4367,glicentin,3,1,6.907755278982137
4368,glpa,3,1,6.907755278982137
4369,glucoregulatori,3,1,6.907755278982137
4370,glutathion,3,3,5.809142990314028
4371,glycogen,3,1,6.907755278982137
4372,government,3,2,6.214608098422191
4373,gp,3,1,6.907755278982137
4374,gpr107,3,1,6.907755278982137
4375,grant,3,3,5.809142990314028
4376,granulocyt,3,2,6.214608098422191
4377,grave,3,1,6.907755278982137
4378,greenhous,3,2,6.214608098422191
4379,groceri,3,1,6.907755278982137
4380,gsh,3,3,5.809142990314028
4381,h2s,3,1,6.907755278982137
4382,h9c2,3,1,6.907755278982137
4383,halt,3,3,5.809142990314028
4384,hamster,3,2,6.214608098422191
4385,headlin,3,3,5.809142990314028
4386,hear,3,2,6.214608098422191
4387,hemoglobinopathi,3,1,6.907755278982137
4388,henc,3,3,5.809142990314028
4389,hepatokin,3,1,6.907755278982137
4390,hepatoprotect,3,3,5.809142990314028
4391,herb,3,3,5.809142990314028
4392,hiaa,3,1,6.907755278982137
4393,hksj,3,1,6.907755278982137
4394,homolog,3,3,5.809142990314028
4395,hordeola,3,1,6.907755278982137
4396,hous,3,3,5.809142990314028
4397,hpa,3,3,5.809142990314028
4398,hrsa,3,1,6.907755278982137
4399,hspa5,3,2,6.214608098422191
4400,ht,3,3,5.809142990314028
4401,humeana,3,1,6.907755278982137
4402,hy,3,1,6.907755278982137
4403,hyd,3,1,6.907755278982137
4404,hydrat,3,3,5.809142990314028
4405,hyperaminoacidemia,3,1,6.907755278982137
4406,hyperfiltr,3,3,5.809142990314028
4407,hyperglycaem,3,1,6.907755278982137
4408,hyperkalaemia,3,2,6.214608098422191
4409,hypoglycaem,3,3,5.809142990314028
4410,hypopnea,3,3,5.809142990314028
4411,hypotens,3,3,5.809142990314028
4412,hypoxemia,3,2,6.214608098422191
4413,hz,3,2,6.214608098422191
4414,ic₅₀,3,2,6.214608098422191
4415,iddm,3,1,6.907755278982137
4416,iib,3,1,6.907755278982137
4417,iiht,3,1,6.907755278982137
4418,il2,3,1,6.907755278982137
4419,ileal,3,3,5.809142990314028
4420,illicit,3,2,6.214608098422191
4421,immunofluoresc,3,3,5.809142990314028
4422,immunosenesc,3,3,5.809142990314028
4423,imper,3,3,5.809142990314028
4424,impos,3,3,5.809142990314028
4425,incarcer,3,1,6.907755278982137
4426,inde,3,3,5.809142990314028
4427,indian,3,2,6.214608098422191
4428,industri,3,3,5.809142990314028
4429,inelig,3,2,6.214608098422191
4430,inertia,3,3,5.809142990314028
4431,infertil,3,3,5.809142990314028
4432,influenti,3,2,6.214608098422191
4433,inher,3,3,5.809142990314028
4434,inherit,3,3,5.809142990314028
4435,ino,3,3,5.809142990314028
4436,insr,3,3,5.809142990314028
4437,insti,3,1,6.907755278982137
4438,int,3,1,6.907755278982137
4439,interchang,3,3,5.809142990314028
4440,interferon,3,3,5.809142990314028
4441,interorgan,3,2,6.214608098422191
4442,interstiti,3,3,5.809142990314028
4443,intrathec,3,1,6.907755278982137
4444,invit,3,3,5.809142990314028
4445,isocalor,3,2,6.214608098422191
4446,jak,3,3,5.809142990314028
4447,jakmip3,3,1,6.907755278982137
4448,janu,3,3,5.809142990314028
4449,joanna,3,3,5.809142990314028
4450,k58,3,1,6.907755278982137
4451,keton,3,3,5.809142990314028
4452,kilogram,3,3,5.809142990314028
4453,ko,3,1,6.907755278982137
4454,korean,3,3,5.809142990314028
4455,kruskal,3,2,6.214608098422191
4456,kynurenin,3,1,6.907755278982137
4457,l1,3,2,6.214608098422191
4458,lacticaseibacillu,3,2,6.214608098422191
4459,latent,3,3,5.809142990314028
4460,latino,3,2,6.214608098422191
4461,law,3,1,6.907755278982137
4462,laxiti,3,2,6.214608098422191
4463,lbm,3,1,6.907755278982137
4464,lcfa,3,1,6.907755278982137
4465,leg,3,2,6.214608098422191
4466,legaci,3,3,5.809142990314028
4467,legal,3,3,5.809142990314028
4468,leukemia,3,2,6.214608098422191
4469,lh,3,1,6.907755278982137
4470,lhvgat,3,1,6.907755278982137
4471,lifetim,3,3,5.809142990314028
4472,ligas,3,2,6.214608098422191
4473,lklkll,3,1,6.907755278982137
4474,logic,3,3,5.809142990314028
4475,lvef,3,3,5.809142990314028
4476,macc,3,1,6.907755278982137
4477,macrovascular,3,3,5.809142990314028
4478,mad,3,1,6.907755278982137
4479,magnesium,3,3,5.809142990314028
4480,malabsorpt,3,3,5.809142990314028
4481,malefic,3,3,5.809142990314028
4482,malondialdehyd,3,3,5.809142990314028
4483,manuscript,3,2,6.214608098422191
4484,massiv,3,2,6.214608098422191
4485,mc4r,3,1,6.907755278982137
4486,mcfa,3,1,6.907755278982137
4487,mcid,3,2,6.214608098422191
4488,meddra,3,3,5.809142990314028
4489,meglitinid,3,1,6.907755278982137
4490,melatonin,3,3,5.809142990314028
4491,mer,3,3,5.809142990314028
4492,methadon,3,3,5.809142990314028
4493,mettl14,3,1,6.907755278982137
4494,mfr,3,1,6.907755278982137
4495,micel,3,1,6.907755278982137
4496,microalg,3,1,6.907755278982137
4497,microb,3,2,6.214608098422191
4498,milligram,3,3,5.809142990314028
4499,mimic,3,3,5.809142990314028
4500,misclassif,3,3,5.809142990314028
4501,mislead,3,2,6.214608098422191
4502,mk,3,1,6.907755278982137
4503,mme,3,1,6.907755278982137
4504,mmse,3,1,6.907755278982137
4505,mn,3,1,6.907755278982137
4506,mode,3,3,5.809142990314028
4507,molar,3,2,6.214608098422191
4508,monkei,3,2,6.214608098422191
4509,monopol,3,1,6.907755278982137
4510,morusin,3,1,6.907755278982137
4511,mtro,3,3,5.809142990314028
4512,mucin,3,3,5.809142990314028
4513,multiagonist,3,2,6.214608098422191
4514,mutant,3,2,6.214608098422191
4515,nano,3,1,6.907755278982137
4516,natriuresi,3,3,5.809142990314028
4517,nco,3,1,6.907755278982137
4518,nct04184622,3,1,6.907755278982137
4519,nct04657003,3,1,6.907755278982137
4520,ndev,3,1,6.907755278982137
4521,ne150,3,1,6.907755278982137
4522,nearest,3,3,5.809142990314028
4523,nedd4l,3,1,6.907755278982137
4524,nefa,3,2,6.214608098422191
4525,neighbor,3,3,5.809142990314028
4526,neo,3,1,6.907755278982137
4527,neonat,3,3,5.809142990314028
4528,neoplast,3,3,5.809142990314028
4529,nephrolithiasi,3,2,6.214608098422191
4530,nervosa,3,3,5.809142990314028
4531,neurodevelopment,3,3,5.809142990314028
4532,neuroinflammatori,3,3,5.809142990314028
4533,neuromodul,3,1,6.907755278982137
4534,neurophysiolog,3,3,5.809142990314028
4535,neurotox,3,3,5.809142990314028
4536,neurotransmitt,3,3,5.809142990314028
4537,neurotroph,3,3,5.809142990314028
4538,nich,3,2,6.214608098422191
4539,nihss,3,1,6.907755278982137
4540,nineteen,3,3,5.809142990314028
4541,nitida,3,1,6.907755278982137
4542,nlr,3,1,6.907755278982137
4543,nocicept,3,3,5.809142990314028
4544,nocturn,3,2,6.214608098422191
4545,nonexud,3,1,6.907755278982137
4546,nonrel,3,1,6.907755278982137
4547,nonsignific,3,3,5.809142990314028
4548,normalis,3,3,5.809142990314028
4549,normoglycaem,3,1,6.907755278982137
4550,normoglycem,3,2,6.214608098422191
4551,ntsglp1r,3,1,6.907755278982137
4552,nucleotid,3,3,5.809142990314028
4553,nurs,3,3,5.809142990314028
4554,nutritionist,3,2,6.214608098422191
4555,nvtdr,3,1,6.907755278982137
4556,nvu,3,1,6.907755278982137
4557,obscur,3,3,5.809142990314028
4558,oc,3,1,6.907755278982137
4559,octt,3,1,6.907755278982137
4560,olfactori,3,2,6.214608098422191
4561,oligomer,3,2,6.214608098422191
4562,omm,3,1,6.907755278982137
4563,onward,3,3,5.809142990314028
4564,opinion,3,3,5.809142990314028
4565,optum,3,3,5.809142990314028
4566,orexigen,3,3,5.809142990314028
4567,orthogon,3,2,6.214608098422191
4568,oss,3,1,6.907755278982137
4569,osteoclastogenesi,3,2,6.214608098422191
4570,osteomyel,3,1,6.907755278982137
4571,pasc,3,1,6.907755278982137
4572,pauciti,3,3,5.809142990314028
4573,pb,3,2,6.214608098422191
4574,pc,3,1,6.907755278982137
4575,pc1,3,1,6.907755278982137
4576,pcsk1,3,2,6.214608098422191
4577,pcsk9,3,3,5.809142990314028
4578,pdc,3,2,6.214608098422191
4579,percentil,3,3,5.809142990314028
4580,percutan,3,3,5.809142990314028
4581,periprocedur,3,2,6.214608098422191
4582,perpetr,3,1,6.907755278982137
4583,perturb,3,3,5.809142990314028
4584,pervas,3,3,5.809142990314028
4585,pharmacotherapeut,3,3,5.809142990314028
4586,pharyng,3,3,5.809142990314028
4587,phq,3,1,6.907755278982137
4588,physicochem,3,3,5.809142990314028
4589,pioneer,3,3,5.809142990314028
4590,pl,3,1,6.907755278982137
4591,pmca4,3,1,6.907755278982137
4592,pmol,3,2,6.214608098422191
4593,polypharmaci,3,3,5.809142990314028
4594,pomc,3,1,6.907755278982137
4595,postur,3,2,6.214608098422191
4596,pparg,3,3,5.809142990314028
4597,precondit,3,2,6.214608098422191
4598,predisposit,3,3,5.809142990314028
4599,preexist,3,2,6.214608098422191
4600,pregnant,3,3,5.809142990314028
4601,preoccup,3,3,5.809142990314028
4602,preprint,3,3,5.809142990314028
4603,preprocedur,3,1,6.907755278982137
4604,preregist,3,3,5.809142990314028
4605,press,3,3,5.809142990314028
4606,primat,3,3,5.809142990314028
4607,profound,3,3,5.809142990314028
4608,prom,3,1,6.907755278982137
4609,promi,3,1,6.907755278982137
4610,prone,3,3,5.809142990314028
4611,proportion,3,3,5.809142990314028
4612,proteinopathi,3,2,6.214608098422191
4613,prothrombot,3,3,5.809142990314028
4614,proton,3,3,5.809142990314028
4615,prototyp,3,3,5.809142990314028
4616,provis,3,3,5.809142990314028
4617,pseudo,3,2,6.214608098422191
4618,psychiatri,3,3,5.809142990314028
4619,psychopatholog,3,2,6.214608098422191
4620,psychostimul,3,2,6.214608098422191
4621,psychot,3,3,5.809142990314028
4622,psychotrop,3,2,6.214608098422191
4623,ptc,3,1,6.907755278982137
4624,pten,3,3,5.809142990314028
4625,pul,3,1,6.907755278982137
4626,puriti,3,3,5.809142990314028
4627,put,3,3,5.809142990314028
4628,pwcf,3,1,6.907755278982137
4629,q3,3,2,6.214608098422191
4630,qmdr,3,1,6.907755278982137
4631,quantif,3,3,5.809142990314028
4632,quantiti,3,3,5.809142990314028
4633,quartil,3,3,5.809142990314028
4634,quasi,3,3,5.809142990314028
4635,r2,3,3,5.809142990314028
4636,recal,3,3,5.809142990314028
4637,recov,3,1,6.907755278982137
4638,red,3,2,6.214608098422191
4639,redistribut,3,2,6.214608098422191
4640,reflex,3,3,5.809142990314028
4641,refram,3,3,5.809142990314028
4642,relax,3,2,6.214608098422191
4643,remark,3,3,5.809142990314028
4644,remot,3,3,5.809142990314028
4645,reposit,3,3,5.809142990314028
4646,repuls,3,1,6.907755278982137
4647,request,3,3,5.809142990314028
4648,revert,3,2,6.214608098422191
4649,riddl,3,1,6.907755278982137
4650,rif,3,1,6.907755278982137
4651,risen,3,3,5.809142990314028
4652,roscohumeanol,3,1,6.907755278982137
4653,roseburia,3,2,6.214608098422191
4654,round,3,1,6.907755278982137
4655,rpea,3,1,6.907755278982137
4656,rs,3,1,6.907755278982137
4657,rumin,3,1,6.907755278982137
4658,rw,3,1,6.907755278982137
4659,sal,3,1,6.907755278982137
4660,salienc,3,3,5.809142990314028
4661,salvag,3,2,6.214608098422191
4662,sclerosi,3,2,6.214608098422191
4663,see,3,3,5.809142990314028
4664,seem,3,3,5.809142990314028
4665,senior,3,3,5.809142990314028
4666,sensori,3,3,5.809142990314028
4667,sequela,3,3,5.809142990314028
4668,seroma,3,2,6.214608098422191
4669,seros,3,1,6.907755278982137
4670,sharpli,3,3,5.809142990314028
4671,shbg,3,1,6.907755278982137
4672,shi,3,2,6.214608098422191
4673,shock,3,2,6.214608098422191
4674,shortli,3,3,5.809142990314028
4675,silo,3,3,5.809142990314028
4676,situ,3,3,5.809142990314028
4677,sixti,3,3,5.809142990314028
4678,sld,3,1,6.907755278982137
4679,sleepi,3,2,6.214608098422191
4680,smad,3,3,5.809142990314028
4681,sn,3,3,5.809142990314028
4682,societ,3,3,5.809142990314028
4683,spain,3,2,6.214608098422191
4684,spark,3,3,5.809142990314028
4685,speed,3,3,5.809142990314028
4686,spironolacton,3,3,5.809142990314028
4687,sponsor,3,3,5.809142990314028
4688,srebp,3,3,5.809142990314028
4689,sred,3,1,6.907755278982137
4690,st2,3,1,6.907755278982137
4691,standalon,3,3,5.809142990314028
4692,stapl,3,1,6.907755278982137
4693,starch,3,3,5.809142990314028
4694,std,3,1,6.907755278982137
4695,steadi,3,3,5.809142990314028
4696,stigmat,3,2,6.214608098422191
4697,stone,3,1,6.907755278982137
4698,store,3,2,6.214608098422191
4699,stz,3,3,5.809142990314028
4700,subcohort,3,1,6.907755278982137
4701,substudi,3,3,5.809142990314028
4702,sucralos,3,1,6.907755278982137
4703,sudden,3,3,5.809142990314028
4704,sulphonylurea,3,2,6.214608098422191
4705,sum,3,3,5.809142990314028
4706,surpass,3,3,5.809142990314028
4707,swedish,3,2,6.214608098422191
4708,swim,3,3,5.809142990314028
4709,swine,3,1,6.907755278982137
4710,sword,3,1,6.907755278982137
4711,synbiot,3,3,5.809142990314028
4712,syncop,3,2,6.214608098422191
4713,tabl,3,3,5.809142990314028
4714,tac,3,1,6.907755278982137
4715,task,3,3,5.809142990314028
4716,tc,3,3,5.809142990314028
4717,tcdca,3,1,6.907755278982137
4718,tea,3,2,6.214608098422191
4719,temperatur,3,2,6.214608098422191
4720,templat,3,3,5.809142990314028
4721,tgf,3,2,6.214608098422191
4722,thermal,3,3,5.809142990314028
4723,thermodynam,3,3,5.809142990314028
4724,thp,3,3,5.809142990314028
4725,thrice,3,3,5.809142990314028
4726,throughput,3,3,5.809142990314028
4727,tiktok,3,2,6.214608098422191
4728,timescal,3,1,6.907755278982137
4729,tolvaptan,3,1,6.907755278982137
4730,tone,3,3,5.809142990314028
4731,transaminas,3,3,5.809142990314028
4732,transderm,3,1,6.907755278982137
4733,transduc,3,3,5.809142990314028
4734,treewa,3,1,6.907755278982137
4735,trem2,3,2,6.214608098422191
4736,trunk,3,3,5.809142990314028
4737,tryptophan,3,3,5.809142990314028
4738,trz,3,1,6.907755278982137
4739,tt,3,1,6.907755278982137
4740,tubul,3,3,5.809142990314028
4741,tudca,3,1,6.907755278982137
4742,twa,3,1,6.907755278982137
4743,ultra,3,3,5.809142990314028
4744,undermin,3,3,5.809142990314028
4745,underpow,3,3,5.809142990314028
4746,underrecogn,3,3,5.809142990314028
4747,underwai,3,3,5.809142990314028
4748,underweight,3,3,5.809142990314028
4749,uneven,3,3,5.809142990314028
4750,unexpect,3,3,5.809142990314028
4751,unidentifi,3,3,5.809142990314028
4752,uniformli,3,3,5.809142990314028
4753,unilater,3,2,6.214608098422191
4754,unmeasur,3,3,5.809142990314028
4755,unstructur,3,1,6.907755278982137
4756,upward,3,2,6.214608098422191
4757,v1,3,2,6.214608098422191
4758,v30,3,1,6.907755278982137
4759,var,3,1,6.907755278982137
4760,veget,3,2,6.214608098422191
4761,vessel,3,1,6.907755278982137
4762,vibrat,3,3,5.809142990314028
4763,viewpoint,3,3,5.809142990314028
4764,viral,3,2,6.214608098422191
4765,volunt,3,3,5.809142990314028
4766,vr,3,1,6.907755278982137
4767,vte,3,2,6.214608098422191
4768,walk,3,3,5.809142990314028
4769,walli,3,2,6.214608098422191
4770,wast,3,3,5.809142990314028
4771,weaker,3,3,5.809142990314028
4772,weakli,3,3,5.809142990314028
4773,wear,3,1,6.907755278982137
4774,wearabl,3,1,6.907755278982137
4775,wg,3,1,6.907755278982137
4776,wherebi,3,3,5.809142990314028
4777,whf,3,1,6.907755278982137
4778,whilst,3,2,6.214608098422191
4779,wilcoxon,3,3,5.809142990314028
4780,wistar,3,3,5.809142990314028
4781,wnt,3,2,6.214608098422191
4782,woe,3,1,6.907755278982137
4783,wrinkl,3,1,6.907755278982137
4784,written,3,3,5.809142990314028
4785,wssq,3,1,6.907755278982137
4786,wtp,3,2,6.214608098422191
4787,xbp1,3,1,6.907755278982137
4788,ziltivekimab,3,3,5.809142990314028
4789,µm,3,3,5.809142990314028
4790,δlnuacr,3,1,6.907755278982137
4791,0003,2,2,6.214608098422191
4792,0006,2,2,6.214608098422191
4793,0007,2,2,6.214608098422191
4794,0016,2,2,6.214608098422191
4795,0024,2,2,6.214608098422191
4796,00266,2,2,6.214608098422191
4797,018,2,2,6.214608098422191
4798,020,2,2,6.214608098422191
4799,0219,2,1,6.907755278982137
4800,028,2,2,6.214608098422191
4801,030,2,2,6.214608098422191
4802,0342,2,2,6.214608098422191
4803,047,2,2,6.214608098422191
4804,049,2,2,6.214608098422191
4805,054,2,2,6.214608098422191
4806,056,2,1,6.907755278982137
4807,059,2,2,6.214608098422191
4808,062,2,2,6.214608098422191
4809,073,2,2,6.214608098422191
4810,078,2,1,6.907755278982137
4811,094,2,2,6.214608098422191
4812,095,2,2,6.214608098422191
4813,1095,2,2,6.214608098422191
4814,116,2,2,6.214608098422191
4815,117,2,2,6.214608098422191
4816,120min,2,1,6.907755278982137
4817,124,2,2,6.214608098422191
4818,125,2,2,6.214608098422191
4819,126,2,2,6.214608098422191
4820,130,2,2,6.214608098422191
4821,1348,2,1,6.907755278982137
4822,136,2,2,6.214608098422191
4823,13co2,2,1,6.907755278982137
4824,144,2,2,6.214608098422191
4825,154,2,2,6.214608098422191
4826,159,2,2,6.214608098422191
4827,15q11,2,1,6.907755278982137
4828,166,2,2,6.214608098422191
4829,16s,2,2,6.214608098422191
4830,174,2,2,6.214608098422191
4831,179,2,2,6.214608098422191
4832,183,2,2,6.214608098422191
4833,186,2,2,6.214608098422191
4834,188,2,2,6.214608098422191
4835,190,2,2,6.214608098422191
4836,193,2,2,6.214608098422191
4837,1971,2,1,6.907755278982137
4838,1995,2,2,6.214608098422191
4839,1as,2,2,6.214608098422191
4840,1c,2,2,6.214608098422191
4841,1h,2,2,6.214608098422191
4842,1rtanycytekd,2,1,6.907755278982137
4843,2008,2,2,6.214608098422191
4844,201,2,2,6.214608098422191
4845,2029,2,1,6.907755278982137
4846,204,2,2,6.214608098422191
4847,206,2,2,6.214608098422191
4848,218,2,2,6.214608098422191
4849,226,2,2,6.214608098422191
4850,230,2,2,6.214608098422191
4851,232,2,2,6.214608098422191
4852,234,2,2,6.214608098422191
4853,236,2,2,6.214608098422191
4854,237,2,2,6.214608098422191
4855,240,2,2,6.214608098422191
4856,246,2,2,6.214608098422191
4857,261,2,2,6.214608098422191
4858,265,2,2,6.214608098422191
4859,267,2,2,6.214608098422191
4860,272,2,2,6.214608098422191
4861,277,2,2,6.214608098422191
4862,279,2,2,6.214608098422191
4863,281,2,2,6.214608098422191
4864,287,2,2,6.214608098422191
4865,288,2,2,6.214608098422191
4866,290,2,2,6.214608098422191
4867,294,2,2,6.214608098422191
4868,295,2,2,6.214608098422191
4869,296,2,2,6.214608098422191
4870,2a,2,2,6.214608098422191
4871,2c,2,1,6.907755278982137
4872,2hpg,2,1,6.907755278982137
4873,302,2,2,6.214608098422191
4874,303,2,2,6.214608098422191
4875,305,2,2,6.214608098422191
4876,307,2,2,6.214608098422191
4877,315,2,2,6.214608098422191
4878,31st,2,2,6.214608098422191
4879,323,2,2,6.214608098422191
4880,327,2,2,6.214608098422191
4881,3270,2,1,6.907755278982137
4882,329,2,2,6.214608098422191
4883,332,2,2,6.214608098422191
4884,334,2,2,6.214608098422191
4885,339,2,2,6.214608098422191
4886,3468,2,1,6.907755278982137
4887,350,2,2,6.214608098422191
4888,351,2,2,6.214608098422191
4889,353,2,2,6.214608098422191
4890,367,2,2,6.214608098422191
4891,368,2,2,6.214608098422191
4892,371,2,2,6.214608098422191
4893,374,2,2,6.214608098422191
4894,375,2,2,6.214608098422191
4895,379,2,2,6.214608098422191
4896,382,2,2,6.214608098422191
4897,384,2,2,6.214608098422191
4898,385,2,2,6.214608098422191
4899,388,2,1,6.907755278982137
4900,398,2,2,6.214608098422191
4901,3c,2,1,6.907755278982137
4902,3p,2,1,6.907755278982137
4903,3r,2,1,6.907755278982137
4904,403,2,2,6.214608098422191
4905,405,2,2,6.214608098422191
4906,4117,2,1,6.907755278982137
4907,412,2,2,6.214608098422191
4908,413,2,2,6.214608098422191
4909,415,2,2,6.214608098422191
4910,417,2,2,6.214608098422191
4911,419,2,2,6.214608098422191
4912,424,2,2,6.214608098422191
4913,429,2,2,6.214608098422191
4914,435,2,2,6.214608098422191
4915,438,2,2,6.214608098422191
4916,439,2,2,6.214608098422191
4917,440,2,2,6.214608098422191
4918,446,2,2,6.214608098422191
4919,453,2,2,6.214608098422191
4920,459,2,2,6.214608098422191
4921,465,2,2,6.214608098422191
4922,478,2,2,6.214608098422191
4923,480,2,2,6.214608098422191
4924,485,2,2,6.214608098422191
4925,489,2,2,6.214608098422191
4926,491,2,2,6.214608098422191
4927,497,2,1,6.907755278982137
4928,505,2,2,6.214608098422191
4929,508,2,2,6.214608098422191
4930,509,2,2,6.214608098422191
4931,520,2,2,6.214608098422191
4932,522,2,2,6.214608098422191
4933,524,2,2,6.214608098422191
4934,525,2,2,6.214608098422191
4935,538,2,2,6.214608098422191
4936,539,2,2,6.214608098422191
4937,541,2,2,6.214608098422191
4938,543,2,2,6.214608098422191
4939,547,2,2,6.214608098422191
4940,555,2,2,6.214608098422191
4941,556,2,2,6.214608098422191
4942,562,2,2,6.214608098422191
4943,563,2,2,6.214608098422191
4944,570,2,2,6.214608098422191
4945,573,2,2,6.214608098422191
4946,574,2,2,6.214608098422191
4947,583,2,2,6.214608098422191
4948,584,2,2,6.214608098422191
4949,586,2,2,6.214608098422191
4950,593,2,2,6.214608098422191
4951,600,2,2,6.214608098422191
4952,602,2,2,6.214608098422191
4953,605,2,2,6.214608098422191
4954,608,2,2,6.214608098422191
4955,609,2,2,6.214608098422191
4956,610,2,2,6.214608098422191
4957,611,2,2,6.214608098422191
4958,612,2,2,6.214608098422191
4959,628,2,2,6.214608098422191
4960,629,2,2,6.214608098422191
4961,632,2,2,6.214608098422191
4962,639,2,2,6.214608098422191
4963,640,2,2,6.214608098422191
4964,642,2,2,6.214608098422191
4965,646,2,2,6.214608098422191
4966,653,2,2,6.214608098422191
4967,655,2,2,6.214608098422191
4968,662,2,2,6.214608098422191
4969,663,2,2,6.214608098422191
4970,664,2,2,6.214608098422191
4971,665,2,2,6.214608098422191
4972,670,2,2,6.214608098422191
4973,686,2,2,6.214608098422191
4974,691,2,2,6.214608098422191
4975,704,2,2,6.214608098422191
4976,708,2,2,6.214608098422191
4977,715,2,2,6.214608098422191
4978,716,2,2,6.214608098422191
4979,720,2,1,6.907755278982137
4980,7218,2,1,6.907755278982137
4981,725,2,2,6.214608098422191
4982,737,2,2,6.214608098422191
4983,747,2,2,6.214608098422191
4984,748,2,2,6.214608098422191
4985,749,2,2,6.214608098422191
4986,750,2,2,6.214608098422191
4987,760,2,2,6.214608098422191
4988,770,2,2,6.214608098422191
4989,774,2,2,6.214608098422191
4990,776,2,2,6.214608098422191
4991,796,2,1,6.907755278982137
4992,799,2,2,6.214608098422191
4993,803,2,2,6.214608098422191
4994,807,2,2,6.214608098422191
4995,808,2,2,6.214608098422191
4996,810,2,2,6.214608098422191
4997,811,2,2,6.214608098422191
4998,822,2,2,6.214608098422191
4999,826,2,1,6.907755278982137
5000,827,2,2,6.214608098422191
5001,830,2,2,6.214608098422191
5002,844,2,2,6.214608098422191
5003,852,2,2,6.214608098422191
5004,862,2,2,6.214608098422191
5005,866,2,2,6.214608098422191
5006,874,2,2,6.214608098422191
5007,882,2,2,6.214608098422191
5008,896,2,2,6.214608098422191
5009,899,2,2,6.214608098422191
5010,902,2,2,6.214608098422191
5011,907,2,2,6.214608098422191
5012,911,2,2,6.214608098422191
5013,915,2,2,6.214608098422191
5014,928,2,2,6.214608098422191
5015,929,2,1,6.907755278982137
5016,9327,2,2,6.214608098422191
5017,948,2,2,6.214608098422191
5018,95th,2,2,6.214608098422191
5019,960,2,2,6.214608098422191
5020,978,2,2,6.214608098422191
5021,980,2,1,6.907755278982137
5022,984,2,2,6.214608098422191
5023,988,2,2,6.214608098422191
5024,995,2,2,6.214608098422191
5025,997,2,2,6.214608098422191
5026,a2g,2,1,6.907755278982137
5027,a316t,2,1,6.907755278982137
5028,abbrevi,2,2,6.214608098422191
5029,abcd,2,1,6.907755278982137
5030,abdominoplasti,2,1,6.907755278982137
5031,abom,2,1,6.907755278982137
5032,abort,2,1,6.907755278982137
5033,abrog,2,2,6.214608098422191
5034,abrupt,2,1,6.907755278982137
5035,absorptiometri,2,2,6.214608098422191
5036,acanthosi,2,2,6.214608098422191
5037,accura,2,1,6.907755278982137
5038,acetonitril,2,2,6.214608098422191
5039,acetylcholin,2,2,6.214608098422191
5040,achil,2,1,6.907755278982137
5041,acidosi,2,2,6.214608098422191
5042,acknowledg,2,2,6.214608098422191
5043,acn,2,2,6.214608098422191
5044,acrylamido,2,1,6.907755278982137
5045,actual,2,2,6.214608098422191
5046,acuiti,2,1,6.907755278982137
5047,adenoma,2,1,6.907755278982137
5048,adipor1,2,1,6.907755278982137
5049,adj,2,1,6.907755278982137
5050,advisori,2,1,6.907755278982137
5051,aerodigest,2,1,6.907755278982137
5052,affair,2,2,6.214608098422191
5053,agb,2,2,6.214608098422191
5054,agrp,2,2,6.214608098422191
5055,ala,2,1,6.907755278982137
5056,alanin,2,2,6.214608098422191
5057,alaska,2,1,6.907755278982137
5058,albeit,2,2,6.214608098422191
5059,ald,2,1,6.907755278982137
5060,alik,2,2,6.214608098422191
5061,aliv,2,2,6.214608098422191
5062,alkaloid,2,2,6.214608098422191
5063,allograft,2,1,6.907755278982137
5064,alloster,2,2,6.214608098422191
5065,alveolar,2,2,6.214608098422191
5066,alwai,2,2,6.214608098422191
5067,ambigu,2,2,6.214608098422191
5068,ambroxol,2,1,6.907755278982137
5069,amg133,2,2,6.214608098422191
5070,amy1r,2,1,6.907755278982137
5071,anaerovorax,2,1,6.907755278982137
5072,analges,2,2,6.214608098422191
5073,analgesia,2,1,6.907755278982137
5074,anaphylaxi,2,1,6.907755278982137
5075,ancova,2,1,6.907755278982137
5076,anesthesiologist,2,2,6.214608098422191
5077,angel,2,1,6.907755278982137
5078,angiogenesi,2,2,6.214608098422191
5079,announc,2,1,6.907755278982137
5080,annualis,2,1,6.907755278982137
5081,antiepilept,2,2,6.214608098422191
5082,antifibrot,2,2,6.214608098422191
5083,antiglycem,2,1,6.907755278982137
5084,antineoplast,2,2,6.214608098422191
5085,antisens,2,2,6.214608098422191
5086,antitumor,2,2,6.214608098422191
5087,apart,2,2,6.214608098422191
5088,apj,2,1,6.907755278982137
5089,apob,2,1,6.907755278982137
5090,apoptot,2,2,6.214608098422191
5091,aqp4,2,1,6.907755278982137
5092,areata,2,1,6.907755278982137
5093,arginas,2,1,6.907755278982137
5094,argument,2,2,6.214608098422191
5095,armitag,2,2,6.214608098422191
5096,aromat,2,2,6.214608098422191
5097,arr,2,1,6.907755278982137
5098,arrest,2,2,6.214608098422191
5099,art,2,2,6.214608098422191
5100,arthrodesi,2,1,6.907755278982137
5101,aryl,2,2,6.214608098422191
5102,asbt,2,2,6.214608098422191
5103,ask1,2,2,6.214608098422191
5104,aspirin,2,1,6.907755278982137
5105,asq,2,1,6.907755278982137
5106,atc,2,2,6.214608098422191
5107,atf6,2,2,6.214608098422191
5108,atherothrombot,2,2,6.214608098422191
5109,atop,2,1,6.907755278982137
5110,atorvastatin,2,1,6.907755278982137
5111,atpas,2,2,6.214608098422191
5112,attach,2,2,6.214608098422191
5113,attack,2,2,6.214608098422191
5114,attitudin,2,1,6.907755278982137
5115,autophoni,2,2,6.214608098422191
5116,aviitam,2,1,6.907755278982137
5117,awai,2,2,6.214608098422191
5118,awaken,2,1,6.907755278982137
5119,b6,2,2,6.214608098422191
5120,back,2,2,6.214608098422191
5121,backbon,2,2,6.214608098422191
5122,balloon,2,2,6.214608098422191
5123,band,2,2,6.214608098422191
5124,bardoxolon,2,2,6.214608098422191
5125,batch,2,2,6.214608098422191
5126,bax,2,1,6.907755278982137
5127,bay,2,2,6.214608098422191
5128,bbs10,2,1,6.907755278982137
5129,bcl,2,1,6.907755278982137
5130,bcrp,2,1,6.907755278982137
5131,becam,2,1,6.907755278982137
5132,beig,2,1,6.907755278982137
5133,berri,2,1,6.907755278982137
5134,bidirection,2,2,6.214608098422191
5135,biguanid,2,2,6.214608098422191
5136,bin,2,1,6.907755278982137
5137,biocompat,2,2,6.214608098422191
5138,bioelectromagnet,2,1,6.907755278982137
5139,bioinspir,2,1,6.907755278982137
5140,biomechan,2,2,6.214608098422191
5141,biomimet,2,1,6.907755278982137
5142,biophys,2,2,6.214608098422191
5143,biopro,2,1,6.907755278982137
5144,biosensor,2,1,6.907755278982137
5145,biosimilar,2,2,6.214608098422191
5146,biotransform,2,2,6.214608098422191
5147,bladder,2,2,6.214608098422191
5148,bleomycin,2,2,6.214608098422191
5149,blephar,2,1,6.907755278982137
5150,bliss,2,1,6.907755278982137
5151,bmc,2,1,6.907755278982137
5152,bmdm,2,2,6.214608098422191
5153,bmsc,2,1,6.907755278982137
5154,boost,2,2,6.214608098422191
5155,bouldin,2,1,6.907755278982137
5156,bpa,2,1,6.907755278982137
5157,bradyarrhythmia,2,1,6.907755278982137
5158,branch,2,2,6.214608098422191
5159,brazil,2,1,6.907755278982137
5160,bread,2,1,6.907755278982137
5161,breakdown,2,2,6.214608098422191
5162,breakpoint,2,1,6.907755278982137
5163,breastfeed,2,1,6.907755278982137
5164,briefli,2,2,6.214608098422191
5165,brigham,2,2,6.214608098422191
5166,bring,2,2,6.214608098422191
5167,broiler,2,1,6.907755278982137
5168,bruis,2,1,6.907755278982137
5169,built,2,2,6.214608098422191
5170,bv2,2,1,6.907755278982137
5171,cac,2,1,6.907755278982137
5172,cachexia,2,2,6.214608098422191
5173,calcif,2,2,6.214608098422191
5174,calinski,2,1,6.907755278982137
5175,camkiv,2,2,6.214608098422191
5176,camkk,2,2,6.214608098422191
5177,canagliflozin,2,1,6.907755278982137
5178,capillari,2,2,6.214608098422191
5179,carboxylas,2,2,6.214608098422191
5180,cardiohepat,2,1,6.907755278982137
5181,cardiologist,2,2,6.214608098422191
5182,cardiorespiratori,2,2,6.214608098422191
5183,cardiovers,2,2,6.214608098422191
5184,carolina,2,1,6.907755278982137
5185,carotid,2,2,6.214608098422191
5186,casp3,2,1,6.907755278982137
5187,cassett,2,2,6.214608098422191
5188,catalogu,2,2,6.214608098422191
5189,catalyt,2,2,6.214608098422191
5190,categoris,2,2,6.214608098422191
5191,cav1,2,1,6.907755278982137
5192,cca,2,1,6.907755278982137
5193,cci,2,1,6.907755278982137
5194,ccm,2,1,6.907755278982137
5195,cd163,2,2,6.214608098422191
5196,center6,2,1,6.907755278982137
5197,cephal,2,2,6.214608098422191
5198,ceramid,2,1,6.907755278982137
5199,certifi,2,1,6.907755278982137
5200,chalazia,2,1,6.907755278982137
5201,chase,2,1,6.907755278982137
5202,cha₂ds₂,2,1,6.907755278982137
5203,cheer,2,2,6.214608098422191
5204,chemesthesi,2,1,6.907755278982137
5205,chemistri,2,1,6.907755278982137
5206,chemoprevent,2,2,6.214608098422191
5207,cholecystectomi,2,2,6.214608098422191
5208,choledocholithiasi,2,2,6.214608098422191
5209,cholestat,2,2,6.214608098422191
5210,choroid,2,1,6.907755278982137
5211,chose,2,1,6.907755278982137
5212,chromosom,2,2,6.214608098422191
5213,cia,2,1,6.907755278982137
5214,clalit,2,2,6.214608098422191
5215,clamp,2,2,6.214608098422191
5216,clathrin,2,2,6.214608098422191
5217,cliff,2,1,6.907755278982137
5218,clonogen,2,1,6.907755278982137
5219,clpph,2,1,6.907755278982137
5220,coactiv,2,2,6.214608098422191
5221,coenzym,2,2,6.214608098422191
5222,cohen,2,1,6.907755278982137
5223,col4a1,2,1,6.907755278982137
5224,colchicin,2,2,6.214608098422191
5225,column,2,2,6.214608098422191
5226,commend,2,2,6.214608098422191
5227,comment,2,2,6.214608098422191
5228,compartment,2,2,6.214608098422191
5229,compkt,2,1,6.907755278982137
5230,complementar,2,2,6.214608098422191
5231,compliant,2,2,6.214608098422191
5232,compos,2,2,6.214608098422191
5233,compress,2,2,6.214608098422191
5234,condition,2,1,6.907755278982137
5235,congenit,2,2,6.214608098422191
5236,congest,2,2,6.214608098422191
5237,conjug,2,2,6.214608098422191
5238,consequenti,2,2,6.214608098422191
5239,consortium,2,2,6.214608098422191
5240,constel,2,1,6.907755278982137
5241,contractil,2,2,6.214608098422191
5242,contributori,2,2,6.214608098422191
5243,conveni,2,2,6.214608098422191
5244,copd,2,1,6.907755278982137
5245,copi,2,1,6.907755278982137
5246,corneal,2,1,6.907755278982137
5247,costli,2,2,6.214608098422191
5248,cprd,2,2,6.214608098422191
5249,crd420251150683,2,1,6.907755278982137
5250,crd420261327235,2,1,6.907755278982137
5251,crd420261354386,2,1,6.907755278982137
5252,crosslink,2,2,6.214608098422191
5253,crude,2,1,6.907755278982137
5254,crypt,2,2,6.214608098422191
5255,csf,2,1,6.907755278982137
5256,ct,2,2,6.214608098422191
5257,ctla4,2,1,6.907755278982137
5258,ctri,2,1,6.907755278982137
5259,cultiv,2,1,6.907755278982137
5260,cultivar,2,1,6.907755278982137
5261,cum,2,1,6.907755278982137
5262,cycloheximid,2,1,6.907755278982137
5263,cynomolgu,2,1,6.907755278982137
5264,cyp2d6,2,2,6.214608098422191
5265,cyp3a,2,1,6.907755278982137
5266,cytocompat,2,1,6.907755278982137
5267,daergic,2,1,6.907755278982137
5268,dairi,2,1,6.907755278982137
5269,damp,2,1,6.907755278982137
5270,dasatinib,2,2,6.214608098422191
5271,davi,2,1,6.907755278982137
5272,ddi,2,1,6.907755278982137
5273,debri,2,1,6.907755278982137
5274,dechalleng,2,2,6.214608098422191
5275,declar,2,2,6.214608098422191
5276,decongest,2,2,6.214608098422191
5277,deconstruct,2,2,6.214608098422191
5278,degludec,2,2,6.214608098422191
5279,dehydr,2,2,6.214608098422191
5280,dehydrogenas,2,2,6.214608098422191
5281,denmark,2,2,6.214608098422191
5282,denomin,2,2,6.214608098422191
5283,derang,2,2,6.214608098422191
5284,dermatos,2,1,6.907755278982137
5285,designretrospect,2,2,6.214608098422191
5286,destruct,2,2,6.214608098422191
5287,dft,2,1,6.907755278982137
5288,dhea,2,2,6.214608098422191
5289,diabetologist,2,2,6.214608098422191
5290,dichlorophenyl,2,1,6.907755278982137
5291,dictat,2,2,6.214608098422191
5292,didn,2,1,6.907755278982137
5293,dietcamb,2,1,6.907755278982137
5294,dietet,2,1,6.907755278982137
5295,difficil,2,1,6.907755278982137
5296,dilut,2,2,6.214608098422191
5297,dimer,2,1,6.907755278982137
5298,dimethylarginin,2,2,6.214608098422191
5299,discern,2,1,6.907755278982137
5300,disciplinari,2,2,6.214608098422191
5301,disclos,2,2,6.214608098422191
5302,discord,2,2,6.214608098422191
5303,discount,2,2,6.214608098422191
5304,dispos,2,2,6.214608098422191
5305,disposit,2,2,6.214608098422191
5306,disput,2,2,6.214608098422191
5307,dissemin,2,2,6.214608098422191
5308,distal,2,2,6.214608098422191
5309,disulfid,2,2,6.214608098422191
5310,diterpenoid,2,1,6.907755278982137
5311,dn,2,1,6.907755278982137
5312,dod,2,1,6.907755278982137
5313,dodecyl,2,2,6.214608098422191
5314,doi,2,2,6.214608098422191
5315,done,2,2,6.214608098422191
5316,dosag,2,2,6.214608098422191
5317,doubli,2,1,6.907755278982137
5318,doxycyclin,2,1,6.907755278982137
5319,dp,2,1,6.907755278982137
5320,drain,2,2,6.214608098422191
5321,drp1,2,1,6.907755278982137
5322,druggabl,2,2,6.214608098422191
5323,dsn,2,1,6.907755278982137
5324,dss,2,1,6.907755278982137
5325,dtsqc,2,1,6.907755278982137
5326,dtt,2,1,6.907755278982137
5327,dupilumab,2,1,6.907755278982137
5328,duplic,2,2,6.214608098422191
5329,dysesthesia,2,2,6.214608098422191
5330,dysglycemia,2,2,6.214608098422191
5331,dysplasia,2,2,6.214608098422191
5332,e11,2,2,6.214608098422191
5333,earliest,2,2,6.214608098422191
5334,easi,2,2,6.214608098422191
5335,east,2,2,6.214608098422191
5336,ebgm,2,2,6.214608098422191
5337,ecd,2,2,6.214608098422191
5338,ecg,2,2,6.214608098422191
5339,edit,2,2,6.214608098422191
5340,ee,2,1,6.907755278982137
5341,eeg,2,1,6.907755278982137
5342,eel,2,1,6.907755278982137
5343,egcg,2,1,6.907755278982137
5344,egfp,2,2,6.214608098422191
5345,eighteen,2,2,6.214608098422191
5346,elabor,2,2,6.214608098422191
5347,elast,2,1,6.907755278982137
5348,electroacupunctur,2,2,6.214608098422191
5349,encephalopathi,2,2,6.214608098422191
5350,endobariatr,2,2,6.214608098422191
5351,endocrinologist,2,2,6.214608098422191
5352,endometriosi,2,1,6.907755278982137
5353,endothelium,2,1,6.907755278982137
5354,endotoxemia,2,2,6.214608098422191
5355,endotyp,2,2,6.214608098422191
5356,enjoy,2,1,6.907755278982137
5357,enterocyt,2,2,6.214608098422191
5358,eosin,2,2,6.214608098422191
5359,epigallocatechin,2,2,6.214608098422191
5360,epitranscriptom,2,2,6.214608098422191
5361,equilibrium,2,2,6.214608098422191
5362,ertugliflozin,2,1,6.907755278982137
5363,erythropoietin,2,1,6.907755278982137
5364,escap,2,2,6.214608098422191
5365,esrd,2,2,6.214608098422191
5366,essenc,2,2,6.214608098422191
5367,eudravigil,2,2,6.214608098422191
5368,euglycemia,2,1,6.907755278982137
5369,europ,2,2,6.214608098422191
5370,evenli,2,2,6.214608098422191
5371,evogliptin,2,1,6.907755278982137
5372,ex4,2,1,6.907755278982137
5373,exactli,2,2,6.214608098422191
5374,exhaust,2,2,6.214608098422191
5375,exocytosi,2,2,6.214608098422191
5376,extrapyramid,2,1,6.907755278982137
5377,eyelid,2,1,6.907755278982137
5378,f10,2,1,6.907755278982137
5379,faecalibaculum,2,2,6.214608098422191
5380,familiar,2,2,6.214608098422191
5381,farnesoid,2,2,6.214608098422191
5382,fe2,2,2,6.214608098422191
5383,feb,2,2,6.214608098422191
5384,feel,2,2,6.214608098422191
5385,fell,2,2,6.214608098422191
5386,felt,2,1,6.907755278982137
5387,fenofibr,2,1,6.907755278982137
5388,ffar2,2,2,6.214608098422191
5389,ffar3,2,2,6.214608098422191
5390,fga,2,1,6.907755278982137
5391,fgf19,2,1,6.907755278982137
5392,fh,2,1,6.907755278982137
5393,fibrat,2,2,6.214608098422191
5394,fibrinolyt,2,1,6.907755278982137
5395,fibrogen,2,1,6.907755278982137
5396,fidel,2,2,6.214608098422191
5397,fifteen,2,2,6.214608098422191
5398,fight,2,1,6.907755278982137
5399,filter,2,1,6.907755278982137
5400,fingerprint,2,1,6.907755278982137
5401,finland,2,2,6.214608098422191
5402,finnish,2,2,6.214608098422191
5403,fish,2,1,6.907755278982137
5404,fission,2,1,6.907755278982137
5405,flag,2,2,6.214608098422191
5406,flap,2,1,6.907755278982137
5407,flare,2,1,6.907755278982137
5408,foenum,2,1,6.907755278982137
5409,footbal,2,1,6.907755278982137
5410,forest,2,2,6.214608098422191
5411,foster,2,2,6.214608098422191
5412,foxo3a,2,1,6.907755278982137
5413,fqhc,2,1,6.907755278982137
5414,fr,2,1,6.907755278982137
5415,framingham,2,1,6.907755278982137
5416,fraudul,2,1,6.907755278982137
5417,frc,2,1,6.907755278982137
5418,freeli,2,1,6.907755278982137
5419,friendli,2,2,6.214608098422191
5420,front,2,2,6.214608098422191
5421,frontotempor,2,1,6.907755278982137
5422,fructosamin,2,1,6.907755278982137
5423,fruit,2,2,6.214608098422191
5424,fsg,2,1,6.907755278982137
5425,fuel,2,2,6.214608098422191
5426,fundopl,2,1,6.907755278982137
5427,fuse,2,2,6.214608098422191
5428,fw,2,1,6.907755278982137
5429,fxiiia,2,1,6.907755278982137
5430,g2,2,2,6.214608098422191
5431,galectin,2,1,6.907755278982137
5432,gallat,2,2,6.214608098422191
5433,garner,2,2,6.214608098422191
5434,gasdermin,2,2,6.214608098422191
5435,gba,2,1,6.907755278982137
5436,gdf15,2,1,6.907755278982137
5437,gdmt,2,1,6.907755278982137
5438,ged,2,1,6.907755278982137
5439,gemigliptin,2,1,6.907755278982137
5440,genera,2,2,6.214608098422191
5441,genu,2,2,6.214608098422191
5442,genuin,2,2,6.214608098422191
5443,geographi,2,1,6.907755278982137
5444,germani,2,2,6.214608098422191
5445,germlin,2,1,6.907755278982137
5446,ghr,2,1,6.907755278982137
5447,github,2,1,6.907755278982137
5448,glk,2,1,6.907755278982137
5449,gluconeogenesi,2,2,6.214608098422191
5450,glut2,2,2,6.214608098422191
5451,glutamaterg,2,1,6.907755278982137
5452,glycol,2,2,6.214608098422191
5453,glycolysi,2,2,6.214608098422191
5454,glycosyl,2,2,6.214608098422191
5455,gnf4877,2,1,6.907755278982137
5456,goc,2,1,6.907755278982137
5457,gold,2,2,6.214608098422191
5458,goto,2,2,6.214608098422191
5459,gout,2,1,6.907755278982137
5460,grab,2,1,6.907755278982137
5461,graecum,2,1,6.907755278982137
5462,grai,2,2,6.214608098422191
5463,grain,2,2,6.214608098422191
5464,grape,2,1,6.907755278982137
5465,greedi,2,2,6.214608098422191
5466,grei,2,2,6.214608098422191
5467,grew,2,2,6.214608098422191
5468,gs,2,2,6.214608098422191
5469,guanyl,2,2,6.214608098422191
5470,guinea,2,1,6.907755278982137
5471,göttingen,2,1,6.907755278982137
5472,gαs,2,2,6.214608098422191
5473,har,2,2,6.214608098422191
5474,harabasz,2,1,6.907755278982137
5475,harvest,2,2,6.214608098422191
5476,hbond,2,1,6.907755278982137
5477,heat,2,1,6.907755278982137
5478,heavili,2,2,6.214608098422191
5479,held,2,2,6.214608098422191
5480,heloderma,2,1,6.907755278982137
5481,hematoxylin,2,2,6.214608098422191
5482,hemostat,2,1,6.907755278982137
5483,hereaft,2,2,6.214608098422191
5484,heterodimer,2,1,6.907755278982137
5485,heterozygos,2,1,6.907755278982137
5486,hierarchi,2,2,6.214608098422191
5487,hinder,2,2,6.214608098422191
5488,histomorphometri,2,1,6.907755278982137
5489,hmw,2,1,6.907755278982137
5490,hne,2,2,6.214608098422191
5491,homo,2,1,6.907755278982137
5492,hp,2,2,6.214608098422191
5493,hsa,2,1,6.907755278982137
5494,htrf,2,1,6.907755278982137
5495,hungri,2,1,6.907755278982137
5496,hv,2,1,6.907755278982137
5497,hydrolas,2,2,6.214608098422191
5498,hydroxi,2,2,6.214608098422191
5499,hyper,2,2,6.214608098422191
5500,hypercholesterolemia,2,2,6.214608098422191
5501,hyperglucagonemia,2,1,6.907755278982137
5502,hypersecret,2,2,6.214608098422191
5503,hypoman,2,1,6.907755278982137
5504,hypothesis,2,2,6.214608098422191
5505,hypotonia,2,1,6.907755278982137
5506,iatrogen,2,2,6.214608098422191
5507,iauc0,2,1,6.907755278982137
5508,icam,2,1,6.907755278982137
5509,ich,2,1,6.907755278982137
5510,ichd,2,1,6.907755278982137
5511,ie,2,2,6.214608098422191
5512,igg4,2,2,6.214608098422191
5513,il1,2,1,6.907755278982137
5514,il18,2,1,6.907755278982137
5515,il2ra,2,1,6.907755278982137
5516,il6,2,1,6.907755278982137
5517,ild,2,1,6.907755278982137
5518,ileum,2,2,6.214608098422191
5519,ili,2,1,6.907755278982137
5520,immunoglobulin,2,2,6.214608098422191
5521,immunopatholog,2,2,6.214608098422191
5522,immunosorb,2,2,6.214608098422191
5523,impot,2,1,6.907755278982137
5524,impress,2,2,6.214608098422191
5525,inabl,2,1,6.907755278982137
5526,inaccess,2,2,6.214608098422191
5527,inaccur,2,2,6.214608098422191
5528,inadequaci,2,1,6.907755278982137
5529,incorrect,2,2,6.214608098422191
5530,indi,2,1,6.907755278982137
5531,indigest,2,1,6.907755278982137
5532,inert,2,1,6.907755278982137
5533,inferenti,2,2,6.214608098422191
5534,infin,2,2,6.214608098422191
5535,influx,2,2,6.214608098422191
5536,infrequ,2,2,6.214608098422191
5537,inovalon,2,2,6.214608098422191
5538,insomnia,2,1,6.907755278982137
5539,inspir,2,1,6.907755278982137
5540,instanc,2,2,6.214608098422191
5541,insult,2,1,6.907755278982137
5542,interdepend,2,2,6.214608098422191
5543,interfer,2,2,6.214608098422191
5544,interprofession,2,1,6.907755278982137
5545,intervertebr,2,1,6.907755278982137
5546,intl,2,1,6.907755278982137
5547,intra,2,2,6.214608098422191
5548,intragastr,2,2,6.214608098422191
5549,intrahepat,2,2,6.214608098422191
5550,intramuscular,2,1,6.907755278982137
5551,intranas,2,2,6.214608098422191
5552,intraperiton,2,2,6.214608098422191
5553,intraren,2,2,6.214608098422191
5554,intrauterin,2,1,6.907755278982137
5555,intrus,2,2,6.214608098422191
5556,inventori,2,2,6.214608098422191
5557,ipsilater,2,1,6.907755278982137
5558,ipw,2,1,6.907755278982137
5559,iqvia,2,2,6.214608098422191
5560,iridoid,2,1,6.907755278982137
5561,irrit,2,2,6.214608098422191
5562,isotop,2,2,6.214608098422191
5563,isr,2,1,6.907755278982137
5564,italian,2,2,6.214608098422191
5565,jama,2,1,6.907755278982137
5566,jointli,2,2,6.214608098422191
5567,journei,2,2,6.214608098422191
5568,jp,2,1,6.907755278982137
5569,justif,2,2,6.214608098422191
5570,k48,2,1,6.907755278982137
5571,kakizaki,2,2,6.214608098422191
5572,kap,2,1,6.907755278982137
5573,kappa,2,2,6.214608098422191
5574,katp,2,1,6.907755278982137
5575,kda,2,2,6.214608098422191
5576,keep,2,2,6.214608098422191
5577,keratinocyt,2,2,6.214608098422191
5578,ketamin,2,1,6.907755278982137
5579,ketogen,2,1,6.907755278982137
5580,ketonaemia,2,1,6.907755278982137
5581,kindl,2,1,6.907755278982137
5582,kingdom,2,2,6.214608098422191
5583,klotho,2,2,6.214608098422191
5584,knock,2,2,6.214608098422191
5585,la,2,1,6.907755278982137
5586,labdan,2,1,6.907755278982137
5587,labor,2,2,6.214608098422191
5588,lachnoclostridium,2,2,6.214608098422191
5589,lachnospiracea,2,2,6.214608098422191
5590,lactam,2,2,6.214608098422191
5591,lactobacillacea,2,2,6.214608098422191
5592,lag,2,2,6.214608098422191
5593,lanifibranor,2,2,6.214608098422191
5594,lastli,2,2,6.214608098422191
5595,latenc,2,2,6.214608098422191
5596,latin,2,2,6.214608098422191
5597,launch,2,2,6.214608098422191
5598,ldh,2,2,6.214608098422191
5599,ldlr,2,2,6.214608098422191
5600,legisl,2,2,6.214608098422191
5601,len,2,2,6.214608098422191
5602,lesion,2,1,6.907755278982137
5603,lessen,2,2,6.214608098422191
5604,lesson,2,2,6.214608098422191
5605,letrozol,2,2,6.214608098422191
5606,letter,2,2,6.214608098422191
5607,leu32,2,1,6.907755278982137
5608,leucettin,2,1,6.907755278982137
5609,lewi,2,1,6.907755278982137
5610,li,2,2,6.214608098422191
5611,lift,2,2,6.214608098422191
5612,ligilactobacillu,2,2,6.214608098422191
5613,linezolid,2,1,6.907755278982137
5614,linker,2,2,6.214608098422191
5615,linol,2,2,6.214608098422191
5616,lipidom,2,1,6.907755278982137
5617,lipogen,2,2,6.214608098422191
5618,lipogenesi,2,2,6.214608098422191
5619,lipohypertrophi,2,1,6.907755278982137
5620,litterm,2,2,6.214608098422191
5621,lmic,2,1,6.907755278982137
5622,locomotor,2,2,6.214608098422191
5623,longev,2,2,6.214608098422191
5624,longstand,2,2,6.214608098422191
5625,lrrk2,2,1,6.907755278982137
5626,lumen,2,2,6.214608098422191
5627,lumo,2,1,6.907755278982137
5628,lymphocyt,2,1,6.907755278982137
5629,lynch,2,1,6.907755278982137
5630,lysosom,2,2,6.214608098422191
5631,m4,2,1,6.907755278982137
5632,mainstai,2,2,6.214608098422191
5633,malais,2,2,6.214608098422191
5634,malnourish,2,2,6.214608098422191
5635,mandatori,2,2,6.214608098422191
5636,manic,2,1,6.907755278982137
5637,mannitol,2,1,6.907755278982137
5638,marri,2,2,6.214608098422191
5639,mayo,2,1,6.907755278982137
5640,meibomian,2,1,6.907755278982137
5641,metagenom,2,2,6.214608098422191
5642,metalloproteinas,2,2,6.214608098422191
5643,methodsth,2,2,6.214608098422191
5644,methodsw,2,2,6.214608098422191
5645,mexico,2,1,6.907755278982137
5646,michigan,2,1,6.907755278982137
5647,microdomain,2,2,6.214608098422191
5648,microglia,2,2,6.214608098422191
5649,microrna,2,2,6.214608098422191
5650,mileston,2,2,6.214608098422191
5651,milieu,2,2,6.214608098422191
5652,milt,2,1,6.907755278982137
5653,min6,2,1,6.907755278982137
5654,mind,2,1,6.907755278982137
5655,mine,2,2,6.214608098422191
5656,minipig,2,1,6.907755278982137
5657,mirror,2,2,6.214608098422191
5658,misfold,2,2,6.214608098422191
5659,mismatch,2,2,6.214608098422191
5660,missens,2,2,6.214608098422191
5661,mito,2,1,6.907755278982137
5662,mitophagi,2,2,6.214608098422191
5663,mitoro,2,1,6.907755278982137
5664,mmrm,2,1,6.907755278982137
5665,mna,2,1,6.907755278982137
5666,monoaminerg,2,2,6.214608098422191
5667,monoclon,2,2,6.214608098422191
5668,monoglobu,2,1,6.907755278982137
5669,monoglycerid,2,1,6.907755278982137
5670,monolay,2,2,6.214608098422191
5671,mononuclear,2,1,6.907755278982137
5672,mononucleotid,2,2,6.214608098422191
5673,moos,2,2,6.214608098422191
5674,motivation,2,1,6.907755278982137
5675,movement,2,1,6.907755278982137
5676,mp3,2,1,6.907755278982137
5677,mtorc1i,2,1,6.907755278982137
5678,mtp,2,1,6.907755278982137
5679,mu,2,2,6.214608098422191
5680,multicompon,2,2,6.214608098422191
5681,multidos,2,2,6.214608098422191
5682,multifunct,2,1,6.907755278982137
5683,multilevel,2,2,6.214608098422191
5684,multiorgan,2,2,6.214608098422191
5685,multiplex,2,2,6.214608098422191
5686,multipol,2,1,6.907755278982137
5687,multival,2,2,6.214608098422191
5688,multiyear,2,2,6.214608098422191
5689,mussel,2,1,6.907755278982137
5690,myeloma,2,1,6.907755278982137
5691,myocyt,2,2,6.214608098422191
5692,myokin,2,2,6.214608098422191
5693,myopia,2,1,6.907755278982137
5694,myostatin,2,1,6.907755278982137
5695,myriad,2,2,6.214608098422191
5696,nacl,2,1,6.907755278982137
5697,nanoassembl,2,1,6.907755278982137
5698,naturalist,2,1,6.907755278982137
5699,nct02496611,2,1,6.907755278982137
5700,nct03574597,2,2,6.214608098422191
5701,nct05869903,2,2,6.214608098422191
5702,nct05872620,2,2,6.214608098422191
5703,nct06283641,2,2,6.214608098422191
5704,nct07611201,2,1,6.907755278982137
5705,nd,2,1,6.907755278982137
5706,ndna,2,1,6.907755278982137
5707,necess,2,2,6.214608098422191
5708,neglig,2,2,6.214608098422191
5709,neoplasia,2,1,6.907755278982137
5710,neprilysin,2,2,6.214608098422191
5711,neurobehavior,2,2,6.214608098422191
5712,neurocardiac,2,2,6.214608098422191
5713,neurocognit,2,2,6.214608098422191
5714,neurogenesi,2,2,6.214608098422191
5715,neurogli,2,2,6.214608098422191
5716,neuroglia,2,1,6.907755278982137
5717,neurohumor,2,2,6.214608098422191
5718,neuropsycholog,2,2,6.214608098422191
5719,nhe1,2,2,6.214608098422191
5720,niddm,2,1,6.907755278982137
5721,night,2,2,6.214608098422191
5722,nigrican,2,2,6.214608098422191
5723,nigrum,2,1,6.907755278982137
5724,nineti,2,2,6.214608098422191
5725,nissen,2,1,6.907755278982137
5726,nitrogen,2,2,6.214608098422191
5727,nnh,2,1,6.907755278982137
5728,nomenclatur,2,2,6.214608098422191
5729,nonadher,2,2,6.214608098422191
5730,noncod,2,2,6.214608098422191
5731,nonhuman,2,2,6.214608098422191
5732,nonintens,2,1,6.907755278982137
5733,nonrespons,2,2,6.214608098422191
5734,norm,2,2,6.214608098422191
5735,normoglycaemia,2,1,6.907755278982137
5736,northeast,2,2,6.214608098422191
5737,northwestern,2,1,6.907755278982137
5738,noxiou,2,1,6.907755278982137
5739,npy4r,2,1,6.907755278982137
5740,nrti,2,1,6.907755278982137
5741,nss,2,1,6.907755278982137
5742,nuanc,2,2,6.214608098422191
5743,nucleosid,2,2,6.214608098422191
5744,oad,2,1,6.907755278982137
5745,oagb,2,1,6.907755278982137
5746,occludin,2,2,6.214608098422191
5747,occlus,2,2,6.214608098422191
5748,ocp,2,1,6.907755278982137
5749,odt,2,1,6.907755278982137
5750,off,2,2,6.214608098422191
5751,oili,2,1,6.907755278982137
5752,oligom,2,2,6.214608098422191
5753,oligonucleotid,2,2,6.214608098422191
5754,oliv,2,2,6.214608098422191
5755,oma,2,2,6.214608098422191
5756,omega,2,2,6.214608098422191
5757,ondansetron,2,1,6.907755278982137
5758,oniglt,2,1,6.907755278982137
5759,ontolog,2,2,6.214608098422191
5760,opt,2,2,6.214608098422191
5761,orc,2,1,6.907755278982137
5762,ordin,2,2,6.214608098422191
5763,orf,2,1,6.907755278982137
5764,orthostat,2,1,6.907755278982137
5765,oscillibact,2,2,6.214608098422191
5766,osteoblast,2,2,6.214608098422191
5767,osteocalcin,2,2,6.214608098422191
5768,osteoclast,2,1,6.907755278982137
5769,osteolyt,2,1,6.907755278982137
5770,otherwis,2,2,6.214608098422191
5771,otolaryngologist,2,2,6.214608098422191
5772,overactiv,2,2,6.214608098422191
5773,overfeed,2,2,6.214608098422191
5774,overproduct,2,2,6.214608098422191
5775,pacif,2,2,6.214608098422191
5776,palat,2,2,6.214608098422191
5777,pallor,2,2,6.214608098422191
5778,palpit,2,1,6.907755278982137
5779,pancreatobiliari,2,2,6.214608098422191
5780,panelist,2,1,6.907755278982137
5781,panniculectomi,2,1,6.907755278982137
5782,papillari,2,2,6.214608098422191
5783,paracrin,2,1,6.907755278982137
5784,parasomnia,2,1,6.907755278982137
5785,partner,2,2,6.214608098422191
5786,patch,2,2,6.214608098422191
5787,path,2,2,6.214608098422191
5788,pathobiont,2,1,6.907755278982137
5789,pave,2,2,6.214608098422191
5790,payment,2,2,6.214608098422191
5791,pbmc,2,1,6.907755278982137
5792,pcf,2,1,6.907755278982137
5793,pch,2,1,6.907755278982137
5794,pdff,2,1,6.907755278982137
5795,pediatrician,2,2,6.214608098422191
5796,pelvic,2,2,6.214608098422191
5797,pen,2,2,6.214608098422191
5798,penk,2,1,6.907755278982137
5799,perifus,2,2,6.214608098422191
5800,periton,2,2,6.214608098422191
5801,perm,2,1,6.907755278982137
5802,permiss,2,1,6.907755278982137
5803,peror,2,1,6.907755278982137
5804,petd,2,1,6.907755278982137
5805,petrelintid,2,2,6.214608098422191
5806,pharmacoequ,2,1,6.907755278982137
5807,pharmacophor,2,1,6.907755278982137
5808,pharmacosimilar,2,1,6.907755278982137
5809,phenol,2,2,6.214608098422191
5810,phenomena,2,2,6.214608098422191
5811,phosphatas,2,2,6.214608098422191
5812,phosphodiesteras,2,2,6.214608098422191
5813,phospholipid,2,2,6.214608098422191
5814,phylogenet,2,2,6.214608098422191
5815,phylum,2,2,6.214608098422191
5816,phytomedicin,2,1,6.907755278982137
5817,pid1,2,1,6.907755278982137
5818,pid8,2,1,6.907755278982137
5819,pig,2,1,6.907755278982137
5820,pill,2,2,6.214608098422191
5821,pku,2,1,6.907755278982137
5822,placement,2,2,6.214608098422191
5823,plga,2,2,6.214608098422191
5824,plumierid,2,1,6.907755278982137
5825,pnpho,2,1,6.907755278982137
5826,pocu,2,2,6.214608098422191
5827,podcast,2,1,6.907755278982137
5828,poli,2,2,6.214608098422191
5829,polish,2,2,6.214608098422191
5830,pollock,2,1,6.907755278982137
5831,polymorph,2,2,6.214608098422191
5832,polyunsatur,2,2,6.214608098422191
5833,polyuria,2,2,6.214608098422191
5834,portion,2,2,6.214608098422191
5835,portosystem,2,1,6.907755278982137
5836,positron,2,2,6.214608098422191
5837,postdialysi,2,1,6.907755278982137
5838,postdialyt,2,1,6.907755278982137
5839,ppka,2,1,6.907755278982137
5840,ppo,2,1,6.907755278982137
5841,prader,2,2,6.214608098422191
5842,preadipocyt,2,1,6.907755278982137
5843,preb,2,2,6.214608098422191
5844,precaut,2,2,6.214608098422191
5845,predialysi,2,2,6.214608098422191
5846,preeclampsia,2,1,6.907755278982137
5847,premenopaus,2,2,6.214608098422191
5848,presum,2,2,6.214608098422191
5849,preterm,2,2,6.214608098422191
5850,prevail,2,2,6.214608098422191
5851,prevotella,2,1,6.907755278982137
5852,probe,2,2,6.214608098422191
5853,procollagen,2,2,6.214608098422191
5854,profibrot,2,2,6.214608098422191
5855,proglucagon,2,2,6.214608098422191
5856,propac,2,1,6.907755278982137
5857,propano,2,1,6.907755278982137
5858,propeptid,2,2,6.214608098422191
5859,propofol,2,2,6.214608098422191
5860,proprietari,2,2,6.214608098422191
5861,prostat,2,2,6.214608098422191
5862,proteobacteria,2,2,6.214608098422191
5863,proteolysi,2,1,6.907755278982137
5864,prove,2,2,6.214608098422191
5865,prune,2,1,6.907755278982137
5866,pruritu,2,2,6.214608098422191
5867,psa,2,1,6.907755278982137
5868,psd,2,1,6.907755278982137
5869,pseudocyst,2,1,6.907755278982137
5870,pso,2,1,6.907755278982137
5871,psychedel,2,1,6.907755278982137
5872,psychometr,2,1,6.907755278982137
5873,ptau217,2,1,6.907755278982137
5874,pubert,2,2,6.214608098422191
5875,publicli,2,2,6.214608098422191
5876,pufa,2,1,6.907755278982137
5877,pursu,2,2,6.214608098422191
5878,pv,2,1,6.907755278982137
5879,pwv,2,1,6.907755278982137
5880,pxr,2,1,6.907755278982137
5881,q10,2,2,6.214608098422191
5882,q13,2,1,6.907755278982137
5883,qol,2,1,6.907755278982137
5884,quit,2,2,6.214608098422191
5885,quot,2,1,6.907755278982137
5886,r1,2,1,6.907755278982137
5887,r131q,2,1,6.907755278982137
5888,radiolog,2,1,6.907755278982137
5889,rage,2,2,6.214608098422191
5890,rai,2,2,6.214608098422191
5891,ram,2,1,6.907755278982137
5892,rand,2,1,6.907755278982137
5893,rankl,2,2,6.214608098422191
5894,raw,2,2,6.214608098422191
5895,rc,2,1,6.907755278982137
5896,rdw,2,1,6.907755278982137
5897,reachabl,2,1,6.907755278982137
5898,realis,2,2,6.214608098422191
5899,reassess,2,2,6.214608098422191
5900,receipt,2,2,6.214608098422191
5901,rechalleng,2,1,6.907755278982137
5902,recomposit,2,1,6.907755278982137
5903,reconcil,2,2,6.214608098422191
5904,reconfigur,2,2,6.214608098422191
5905,recptno,2,1,6.907755278982137
5906,redirect,2,2,6.214608098422191
5907,redock,2,1,6.907755278982137
5908,ree,2,1,6.907755278982137
5909,refil,2,2,6.214608098422191
5910,reform,2,1,6.907755278982137
5911,refut,2,2,6.214608098422191
5912,rehabilit,2,2,6.214608098422191
5913,reinstat,2,2,6.214608098422191
5914,reintroduct,2,1,6.907755278982137
5915,reliev,2,2,6.214608098422191
5916,reno,2,2,6.214608098422191
5917,repertoir,2,2,6.214608098422191
5918,replenish,2,2,6.214608098422191
5919,resembl,2,2,6.214608098422191
5920,reservoir,2,2,6.214608098422191
5921,resili,2,2,6.214608098422191
5922,resistin,2,2,6.214608098422191
5923,respirometri,2,2,6.214608098422191
5924,restart,2,1,6.907755278982137
5925,resveratrol,2,2,6.214608098422191
5926,retail,2,1,6.907755278982137
5927,reticulata,2,1,6.907755278982137
5928,retir,2,1,6.907755278982137
5929,revel,2,1,6.907755278982137
5930,rever,2,1,6.907755278982137
5931,revolutionis,2,2,6.214608098422191
5932,rfr,2,1,6.907755278982137
5933,rhamnosu,2,2,6.214608098422191
5934,rhinoplasti,2,1,6.907755278982137
5935,rhr,2,1,6.907755278982137
5936,rhytidectomi,2,1,6.907755278982137
5937,ribe,2,1,6.907755278982137
5938,ring,2,2,6.214608098422191
5939,rituximab,2,1,6.907755278982137
5940,rival,2,2,6.214608098422191
5941,rld,2,1,6.907755278982137
5942,rmsd,2,2,6.214608098422191
5943,rnascop,2,2,6.214608098422191
5944,rnfl,2,1,6.907755278982137
5945,robustli,2,2,6.214608098422191
5946,room,2,2,6.214608098422191
5947,roscoea,2,1,6.907755278982137
5948,royal,2,2,6.214608098422191
5949,rplc,2,1,6.907755278982137
5950,rrna,2,2,6.214608098422191
5951,rrr,2,1,6.907755278982137
5952,s1,2,2,6.214608098422191
5953,s1b,2,1,6.907755278982137
5954,s40200,2,2,6.214608098422191
5955,saba,2,1,6.907755278982137
5956,sachet,2,1,6.907755278982137
5957,safer,2,2,6.214608098422191
5958,said,2,1,6.907755278982137
5959,salient,2,2,6.214608098422191
5960,san,2,1,6.907755278982137
5961,sanghuang,2,1,6.907755278982137
5962,sanra,2,2,6.214608098422191
5963,sarcoplasm,2,1,6.907755278982137
5964,save,2,2,6.214608098422191
5965,sax,2,2,6.214608098422191
5966,saxagliptin,2,1,6.907755278982137
5967,sbp,2,2,6.214608098422191
5968,scheme,2,2,6.214608098422191
5969,school,2,2,6.214608098422191
5970,scr,2,2,6.214608098422191
5971,sct,2,1,6.907755278982137
5972,scwat,2,1,6.907755278982137
5973,sdh,2,1,6.907755278982137
5974,sea,2,1,6.907755278982137
5975,sedentari,2,1,6.907755278982137
5976,seemingli,2,2,6.214608098422191
5977,seer,2,1,6.907755278982137
5978,seminar,2,2,6.214608098422191
5979,semistructur,2,1,6.907755278982137
5980,sentiment,2,2,6.214608098422191
5981,sept,2,2,6.214608098422191
5982,septic,2,1,6.907755278982137
5983,ser18,2,1,6.907755278982137
5984,ser473,2,1,6.907755278982137
5985,serin,2,2,6.214608098422191
5986,serious,2,1,6.907755278982137
5987,seventi,2,2,6.214608098422191
5988,sharp,2,2,6.214608098422191
5989,sheep,2,1,6.907755278982137
5990,shp,2,2,6.214608098422191
5991,shrna,2,2,6.214608098422191
5992,shuttl,2,2,6.214608098422191
5993,silent,2,2,6.214608098422191
5994,silhouett,2,1,6.907755278982137
5995,simpli,2,2,6.214608098422191
5996,singh,2,1,6.907755278982137
5997,sinu,2,2,6.214608098422191
5998,sirtuin,2,2,6.214608098422191
5999,slot,2,1,6.907755278982137
6000,smoker,2,2,6.214608098422191
6001,sofa,2,1,6.907755278982137
6002,softwar,2,2,6.214608098422191
6003,sold,2,1,6.907755278982137
6004,soli,2,1,6.907755278982137
6005,solv,2,2,6.214608098422191
6006,solvent,2,1,6.907755278982137
6007,sound,2,2,6.214608098422191
6008,southwestern,2,1,6.907755278982137
6009,specul,2,2,6.214608098422191
6010,sperm,2,2,6.214608098422191
6011,sphingolipid,2,1,6.907755278982137
6012,splice,2,1,6.907755278982137
6013,spline,2,2,6.214608098422191
6014,split,2,2,6.214608098422191
6015,spong,2,1,6.907755278982137
6016,springer,2,2,6.214608098422191
6017,sq22536,2,1,6.907755278982137
6018,srivastav,2,1,6.907755278982137
6019,srm,2,1,6.907755278982137
6020,sta,2,1,6.907755278982137
6021,starvat,2,2,6.214608098422191
6022,station,2,1,6.907755278982137
6023,statutori,2,2,6.214608098422191
6024,steviol,2,1,6.907755278982137
6025,stewardship,2,2,6.214608098422191
6026,stockholm,2,2,6.214608098422191
6027,stop,2,2,6.214608098422191
6028,strand,2,2,6.214608098422191
6029,streamlin,2,2,6.214608098422191
6030,stressor,2,2,6.214608098422191
6031,strictli,2,2,6.214608098422191
6032,strictur,2,1,6.907755278982137
6033,student,2,1,6.907755278982137
6034,subclass,2,1,6.907755278982137
6035,subscal,2,1,6.907755278982137
6036,subsidi,2,1,6.907755278982137
6037,subunit,2,2,6.214608098422191
6038,sult2a1,2,1,6.907755278982137
6039,supernat,2,1,6.907755278982137
6040,suprathreshold,2,1,6.907755278982137
6041,surg,2,2,6.214608098422191
6042,survivorship,2,1,6.907755278982137
6043,suspectum,2,1,6.907755278982137
6044,suspens,2,1,6.907755278982137
6045,swallow,2,1,6.907755278982137
6046,sweden,2,2,6.214608098422191
6047,synaps,2,2,6.214608098422191
6048,syncyti,2,1,6.907755278982137
6049,synopsi,2,2,6.214608098422191
6050,synovi,2,1,6.907755278982137
6051,synthetas,2,2,6.214608098422191
6052,système,2,2,6.214608098422191
6053,tab,2,1,6.907755278982137
6054,tag,2,2,6.214608098422191
6055,taiwanes,2,2,6.214608098422191
6056,takeda,2,2,6.214608098422191
6057,talk,2,2,6.214608098422191
6058,tandem,2,2,6.214608098422191
6059,tangl,2,2,6.214608098422191
6060,taurin,2,2,6.214608098422191
6061,technic,2,2,6.214608098422191
6062,technician,2,1,6.907755278982137
6063,tendinopathi,2,1,6.907755278982137
6064,tenfold,2,1,6.907755278982137
6065,teratogen,2,2,6.214608098422191
6066,textur,2,2,6.214608098422191
6067,th,2,2,6.214608098422191
6068,theme,2,2,6.214608098422191
6069,theoriz,2,2,6.214608098422191
6070,thermogen,2,2,6.214608098422191
6071,thermorespons,2,1,6.907755278982137
6072,thiazid,2,2,6.214608098422191
6073,thigh,2,1,6.907755278982137
6074,thirteen,2,2,6.214608098422191
6075,thorac,2,1,6.907755278982137
6076,thoracolumbar,2,1,6.907755278982137
6077,thr,2,2,6.214608098422191
6078,thromboinflamm,2,1,6.907755278982137
6079,thrβ,2,2,6.214608098422191
6080,ti,2,2,6.214608098422191
6081,tightli,2,2,6.214608098422191
6082,tip,2,2,6.214608098422191
6083,tir,2,1,6.907755278982137
6084,titer,2,1,6.907755278982137
6085,tjr,2,1,6.907755278982137
6086,toc,2,1,6.907755278982137
6087,toll,2,2,6.214608098422191
6088,tongu,2,2,6.214608098422191
6089,took,2,2,6.214608098422191
6090,topolog,2,2,6.214608098422191
6091,trade,2,2,6.214608098422191
6092,tran,2,2,6.214608098422191
6093,transcriptas,2,2,6.214608098422191
6094,transferrin,2,1,6.907755278982137
6095,transfus,2,2,6.214608098422191
6096,transloc,2,2,6.214608098422191
6097,treadmil,2,2,6.214608098422191
6098,triad,2,2,6.214608098422191
6099,triangl,2,2,6.214608098422191
6100,triangul,2,2,6.214608098422191
6101,triazin,2,1,6.907755278982137
6102,trim,2,2,6.214608098422191
6103,trimest,2,1,6.907755278982137
6104,triol,2,1,6.907755278982137
6105,triumph,2,2,6.214608098422191
6106,trkb,2,1,6.907755278982137
6107,troponin,2,2,6.214608098422191
6108,trough,2,2,6.214608098422191
6109,trt,2,1,6.907755278982137
6110,truli,2,2,6.214608098422191
6111,tsh,2,2,6.214608098422191
6112,tubulointerstiti,2,2,6.214608098422191
6113,tumorigen,2,2,6.214608098422191
6114,tune,2,2,6.214608098422191
6115,ultrashort,2,1,6.907755278982137
6116,ultrastructur,2,2,6.214608098422191
6117,umin,2,1,6.907755278982137
6118,unaddress,2,2,6.214608098422191
6119,unansw,2,2,6.214608098422191
6120,uncharacter,2,2,6.214608098422191
6121,unclassifi,2,2,6.214608098422191
6122,uncomfort,2,1,6.907755278982137
6123,unconfirm,2,2,6.214608098422191
6124,undefin,2,2,6.214608098422191
6125,underdiagnos,2,2,6.214608098422191
6126,undergon,2,2,6.214608098422191
6127,underrepresent,2,1,6.907755278982137
6128,underutil,2,2,6.214608098422191
6129,unemploi,2,1,6.907755278982137
6130,unfamiliar,2,2,6.214608098422191
6131,unimpair,2,2,6.214608098422191
6132,uninform,2,1,6.907755278982137
6133,unintend,2,2,6.214608098422191
6134,unnecessari,2,2,6.214608098422191
6135,unplan,2,2,6.214608098422191
6136,unsuccess,2,2,6.214608098422191
6137,untarget,2,2,6.214608098422191
6138,untest,2,2,6.214608098422191
6139,unveil,2,2,6.214608098422191
6140,unwant,2,2,6.214608098422191
6141,upcom,2,2,6.214608098422191
6142,upfront,2,1,6.907755278982137
6143,upr,2,2,6.214608098422191
6144,urea,2,2,6.214608098422191
6145,uremia,2,2,6.214608098422191
6146,urokinas,2,1,6.907755278982137
6147,usabl,2,2,6.214608098422191
6148,uuo,2,1,6.907755278982137
6149,vagu,2,2,6.214608098422191
6150,vasc,2,1,6.907755278982137
6151,vat,2,1,6.907755278982137
6152,vcam,2,1,6.907755278982137
6153,vial,2,2,6.214608098422191
6154,victim,2,1,6.907755278982137
6155,vignett,2,2,6.214608098422191
6156,villu,2,2,6.214608098422191
6157,vina,2,2,6.214608098422191
6158,virom,2,1,6.907755278982137
6159,vo2,2,1,6.907755278982137
6160,voic,2,1,6.907755278982137
6161,vpt,2,1,6.907755278982137
6162,vtdr,2,1,6.907755278982137
6163,w,2,1,6.907755278982137
6164,wake,2,1,6.907755278982137
6165,want,2,1,6.907755278982137
6166,wd,2,1,6.907755278982137
6167,we,2,1,6.907755278982137
6168,weaken,2,2,6.214608098422191
6169,websit,2,2,6.214608098422191
6170,welch,2,2,6.214608098422191
6171,widen,2,2,6.214608098422191
6172,willi,2,2,6.214608098422191
6173,womac,2,2,6.214608098422191
6174,wsph,2,1,6.907755278982137
6175,xanthoma,2,1,6.907755278982137
6176,zeu,2,1,6.907755278982137
6177,µg,2,2,6.214608098422191
6178,¹,2,1,6.907755278982137
6179,å,2,1,6.907755278982137
6180,δcavi,2,1,6.907755278982137
6181,δfib,2,1,6.907755278982137
6182,κ,2,2,6.214608098422191
6183,μmol,2,1,6.907755278982137
6184,χ2,2,2,6.214608098422191
6185,00002,1,1,6.907755278982137
6186,0004,1,1,6.907755278982137
6187,0005,1,1,6.907755278982137
6188,000781,1,1,6.907755278982137
6189,0008,1,1,6.907755278982137
6190,0012,1,1,6.907755278982137
6191,0015,1,1,6.907755278982137
6192,002390,1,1,6.907755278982137
6193,002479,1,1,6.907755278982137
6194,0025,1,1,6.907755278982137
6195,002500,1,1,6.907755278982137
6196,0026,1,1,6.907755278982137
6197,0027,1,1,6.907755278982137
6198,0030,1,1,6.907755278982137
6199,0032,1,1,6.907755278982137
6200,0037,1,1,6.907755278982137
6201,0039,1,1,6.907755278982137
6202,0043,1,1,6.907755278982137
6203,0050,1,1,6.907755278982137
6204,0055,1,1,6.907755278982137
6205,0066,1,1,6.907755278982137
6206,0067,1,1,6.907755278982137
6207,0078,1,1,6.907755278982137
6208,0079,1,1,6.907755278982137
6209,0082,1,1,6.907755278982137
6210,0084,1,1,6.907755278982137
6211,0085,1,1,6.907755278982137
6212,0086,1,1,6.907755278982137
6213,0087,1,1,6.907755278982137
6214,0095,1,1,6.907755278982137
6215,0118,1,1,6.907755278982137
6216,0140,1,1,6.907755278982137
6217,0148,1,1,6.907755278982137
6218,0178,1,1,6.907755278982137
6219,0196,1,1,6.907755278982137
6220,02000,1,1,6.907755278982137
6221,02089,1,1,6.907755278982137
6222,0266,1,1,6.907755278982137
6223,0275,1,1,6.907755278982137
6224,0306,1,1,6.907755278982137
6225,0347,1,1,6.907755278982137
6226,0356,1,1,6.907755278982137
6227,036,1,1,6.907755278982137
6228,0397,1,1,6.907755278982137
6229,042,1,1,6.907755278982137
6230,0421,1,1,6.907755278982137
6231,0436,1,1,6.907755278982137
6232,0439,1,1,6.907755278982137
6233,0474,1,1,6.907755278982137
6234,0498,1,1,6.907755278982137
6235,057,1,1,6.907755278982137
6236,061,1,1,6.907755278982137
6237,0622,1,1,6.907755278982137
6238,066,1,1,6.907755278982137
6239,067,1,1,6.907755278982137
6240,069,1,1,6.907755278982137
6241,072,1,1,6.907755278982137
6242,074,1,1,6.907755278982137
6243,080,1,1,6.907755278982137
6244,082,1,1,6.907755278982137
6245,084,1,1,6.907755278982137
6246,085,1,1,6.907755278982137
6247,085487,1,1,6.907755278982137
6248,086,1,1,6.907755278982137
6249,087,1,1,6.907755278982137
6250,089,1,1,6.907755278982137
6251,093,1,1,6.907755278982137
6252,096,1,1,6.907755278982137
6253,097,1,1,6.907755278982137
6254,10000,1,1,6.907755278982137
6255,1001,1,1,6.907755278982137
6256,1009,1,1,6.907755278982137
6257,100ug,1,1,6.907755278982137
6258,1010,1,1,6.907755278982137
6259,1014,1,1,6.907755278982137
6260,1019,1,1,6.907755278982137
6261,1028,1,1,6.907755278982137
6262,1033,1,1,6.907755278982137
6263,1034,1,1,6.907755278982137
6264,1049,1,1,6.907755278982137
6265,1056,1,1,6.907755278982137
6266,1068,1,1,6.907755278982137
6267,1087,1,1,6.907755278982137
6268,1093,1,1,6.907755278982137
6269,10th,1,1,6.907755278982137
6270,10⁹,1,1,6.907755278982137
6271,1125,1,1,6.907755278982137
6272,1129,1,1,6.907755278982137
6273,1134,1,1,6.907755278982137
6274,1139,1,1,6.907755278982137
6275,1143,1,1,6.907755278982137
6276,1148,1,1,6.907755278982137
6277,1164,1,1,6.907755278982137
6278,1183,1,1,6.907755278982137
6279,1203,1,1,6.907755278982137
6280,1220,1,1,6.907755278982137
6281,1226,1,1,6.907755278982137
6282,1229,1,1,6.907755278982137
6283,1230,1,1,6.907755278982137
6284,1261,1,1,6.907755278982137
6285,1262,1,1,6.907755278982137
6286,1265,1,1,6.907755278982137
6287,127,1,1,6.907755278982137
6288,12c,1,1,6.907755278982137
6289,12z,1,1,6.907755278982137
6290,131,1,1,6.907755278982137
6291,1320,1,1,6.907755278982137
6292,1327,1,1,6.907755278982137
6293,1332,1,1,6.907755278982137
6294,1345,1,1,6.907755278982137
6295,1363,1,1,6.907755278982137
6296,1368,1,1,6.907755278982137
6297,1373,1,1,6.907755278982137
6298,1402,1,1,6.907755278982137
6299,1407,1,1,6.907755278982137
6300,1416,1,1,6.907755278982137
6301,1419,1,1,6.907755278982137
6302,1422,1,1,6.907755278982137
6303,1434,1,1,6.907755278982137
6304,1441,1,1,6.907755278982137
6305,1444,1,1,6.907755278982137
6306,14542,1,1,6.907755278982137
6307,146,1,1,6.907755278982137
6308,14643,1,1,6.907755278982137
6309,14r,1,1,6.907755278982137
6310,1500,1,1,6.907755278982137
6311,153,1,1,6.907755278982137
6312,1547,1,1,6.907755278982137
6313,156,1,1,6.907755278982137
6314,1567,1,1,6.907755278982137
6315,15843,1,1,6.907755278982137
6316,15902,1,1,6.907755278982137
6317,1613,1,1,6.907755278982137
6318,163,1,1,6.907755278982137
6319,16460,1,1,6.907755278982137
6320,1658,1,1,6.907755278982137
6321,1705,1,1,6.907755278982137
6322,171,1,1,6.907755278982137
6323,1725,1,1,6.907755278982137
6324,1753,1,1,6.907755278982137
6325,1762,1,1,6.907755278982137
6326,1775,1,1,6.907755278982137
6327,1797,1,1,6.907755278982137
6328,17b,1,1,6.907755278982137
6329,17n,1,1,6.907755278982137
6330,180min,1,1,6.907755278982137
6331,1816,1,1,6.907755278982137
6332,1819,1,1,6.907755278982137
6333,1822,1,1,6.907755278982137
6334,1844,1,1,6.907755278982137
6335,1850,1,1,6.907755278982137
6336,187,1,1,6.907755278982137
6337,1876,1,1,6.907755278982137
6338,1883,1,1,6.907755278982137
6339,189,1,1,6.907755278982137
6340,192,1,1,6.907755278982137
6341,1960s,1,1,6.907755278982137
6342,1969,1,1,6.907755278982137
6343,1991,1,1,6.907755278982137
6344,1998,1,1,6.907755278982137
6345,1999,1,1,6.907755278982137
6346,19n,1,1,6.907755278982137
6347,1b3,1,1,6.907755278982137
6348,1d,1,1,6.907755278982137
6349,1rats,1,1,6.907755278982137
6350,1st,1,1,6.907755278982137
6351,2001,1,1,6.907755278982137
6352,2002,1,1,6.907755278982137
6353,2003,1,1,6.907755278982137
6354,2005q2,1,1,6.907755278982137
6355,2018q1,1,1,6.907755278982137
6356,2021q1,1,1,6.907755278982137
6357,2024q2,1,1,6.907755278982137
6358,2025q4,1,1,6.907755278982137
6359,2026q1,1,1,6.907755278982137
6360,203,1,1,6.907755278982137
6361,2031,1,1,6.907755278982137
6362,205,1,1,6.907755278982137
6363,2050,1,1,6.907755278982137
6364,207,1,1,6.907755278982137
6365,20s,1,1,6.907755278982137
6366,2102,1,1,6.907755278982137
6367,215,1,1,6.907755278982137
6368,217,1,1,6.907755278982137
6369,2182,1,1,6.907755278982137
6370,219,1,1,6.907755278982137
6371,21years,1,1,6.907755278982137
6372,222,1,1,6.907755278982137
6373,2225,1,1,6.907755278982137
6374,224,1,1,6.907755278982137
6375,225,1,1,6.907755278982137
6376,22551,1,1,6.907755278982137
6377,2267,1,1,6.907755278982137
6378,2270,1,1,6.907755278982137
6379,2286,1,1,6.907755278982137
6380,2292,1,1,6.907755278982137
6381,2329,1,1,6.907755278982137
6382,233i,1,1,6.907755278982137
6383,2345,1,1,6.907755278982137
6384,2357,1,1,6.907755278982137
6385,238,1,1,6.907755278982137
6386,2384,1,1,6.907755278982137
6387,239,1,1,6.907755278982137
6388,244,1,1,6.907755278982137
6389,2470,1,1,6.907755278982137
6390,248,1,1,6.907755278982137
6391,2508,1,1,6.907755278982137
6392,252,1,1,6.907755278982137
6393,253,1,1,6.907755278982137
6394,258,1,1,6.907755278982137
6395,2685,1,1,6.907755278982137
6396,2719,1,1,6.907755278982137
6397,276,1,1,6.907755278982137
6398,2776,1,1,6.907755278982137
6399,2778,1,1,6.907755278982137
6400,2784,1,1,6.907755278982137
6401,2792,1,1,6.907755278982137
6402,28180,1,1,6.907755278982137
6403,285,1,1,6.907755278982137
6404,2852,1,1,6.907755278982137
6405,2859,1,1,6.907755278982137
6406,28804,1,1,6.907755278982137
6407,288408,1,1,6.907755278982137
6408,289,1,1,6.907755278982137
6409,2898,1,1,6.907755278982137
6410,2906,1,1,6.907755278982137
6411,293,1,1,6.907755278982137
6412,2990,1,1,6.907755278982137
6413,2d,1,1,6.907755278982137
6414,2kg,1,1,6.907755278982137
6415,2r,1,1,6.907755278982137
6416,301,1,1,6.907755278982137
6417,3059,1,1,6.907755278982137
6418,306,1,1,6.907755278982137
6419,30s,1,1,6.907755278982137
6420,3115,1,1,6.907755278982137
6421,3125,1,1,6.907755278982137
6422,317,1,1,6.907755278982137
6423,318,1,1,6.907755278982137
6424,3196,1,1,6.907755278982137
6425,3215,1,1,6.907755278982137
6426,326,1,1,6.907755278982137
6427,3284,1,1,6.907755278982137
6428,330,1,1,6.907755278982137
6429,3310,1,1,6.907755278982137
6430,3313,1,1,6.907755278982137
6431,3316,1,1,6.907755278982137
6432,333,1,1,6.907755278982137
6433,3333,1,1,6.907755278982137
6434,335,1,1,6.907755278982137
6435,336,1,1,6.907755278982137
6436,3363,1,1,6.907755278982137
6437,337,1,1,6.907755278982137
6438,338,1,1,6.907755278982137
6439,33a,1,1,6.907755278982137
6440,343,1,1,6.907755278982137
6441,3438,1,1,6.907755278982137
6442,344,1,1,6.907755278982137
6443,3459,1,1,6.907755278982137
6444,346,1,1,6.907755278982137
6445,3460,1,1,6.907755278982137
6446,347,1,1,6.907755278982137
6447,3492,1,1,6.907755278982137
6448,352,1,1,6.907755278982137
6449,354,1,1,6.907755278982137
6450,357,1,1,6.907755278982137
6451,359,1,1,6.907755278982137
6452,361,1,1,6.907755278982137
6453,362,1,1,6.907755278982137
6454,3629,1,1,6.907755278982137
6455,363,1,1,6.907755278982137
6456,364,1,1,6.907755278982137
6457,3689,1,1,6.907755278982137
6458,369,1,1,6.907755278982137
6459,3747,1,1,6.907755278982137
6460,378,1,1,6.907755278982137
6461,3791,1,1,6.907755278982137
6462,3823,1,1,6.907755278982137
6463,3835,1,1,6.907755278982137
6464,38406,1,1,6.907755278982137
6465,387,1,1,6.907755278982137
6466,389,1,1,6.907755278982137
6467,3928,1,1,6.907755278982137
6468,394,1,1,6.907755278982137
6469,396,1,1,6.907755278982137
6470,3971,1,1,6.907755278982137
6471,3980,1,1,6.907755278982137
6472,399,1,1,6.907755278982137
6473,3c5t,1,1,6.907755278982137
6474,3d,1,1,6.907755278982137
6475,3s,1,1,6.907755278982137
6476,402,1,1,6.907755278982137
6477,40349,1,1,6.907755278982137
6478,4043,1,1,6.907755278982137
6479,406,1,1,6.907755278982137
6480,4066,1,1,6.907755278982137
6481,4076,1,1,6.907755278982137
6482,410,1,1,6.907755278982137
6483,4113,1,1,6.907755278982137
6484,4120,1,1,6.907755278982137
6485,414,1,1,6.907755278982137
6486,4153,1,1,6.907755278982137
6487,416,1,1,6.907755278982137
6488,4170,1,1,6.907755278982137
6489,418,1,1,6.907755278982137
6490,4181,1,1,6.907755278982137
6491,420,1,1,6.907755278982137
6492,420m,1,1,6.907755278982137
6493,421,1,1,6.907755278982137
6494,42423,1,1,6.907755278982137
6495,426,1,1,6.907755278982137
6496,4300,1,1,6.907755278982137
6497,433,1,1,6.907755278982137
6498,4361,1,1,6.907755278982137
6499,4365,1,1,6.907755278982137
6500,443,1,1,6.907755278982137
6501,4450,1,1,6.907755278982137
6502,448,1,1,6.907755278982137
6503,4491,1,1,6.907755278982137
6504,451,1,1,6.907755278982137
6505,455,1,1,6.907755278982137
6506,4555,1,1,6.907755278982137
6507,4557,1,1,6.907755278982137
6508,458,1,1,6.907755278982137
6509,462,1,1,6.907755278982137
6510,4620,1,1,6.907755278982137
6511,463,1,1,6.907755278982137
6512,464,1,1,6.907755278982137
6513,467,1,1,6.907755278982137
6514,468,1,1,6.907755278982137
6515,469,1,1,6.907755278982137
6516,46h,1,1,6.907755278982137
6517,470,1,1,6.907755278982137
6518,473,1,1,6.907755278982137
6519,474,1,1,6.907755278982137
6520,4768,1,1,6.907755278982137
6521,4769,1,1,6.907755278982137
6522,4773,1,1,6.907755278982137
6523,479,1,1,6.907755278982137
6524,484,1,1,6.907755278982137
6525,4872,1,1,6.907755278982137
6526,4890,1,1,6.907755278982137
6527,492,1,1,6.907755278982137
6528,4920,1,1,6.907755278982137
6529,493,1,1,6.907755278982137
6530,495,1,1,6.907755278982137
6531,496,1,1,6.907755278982137
6532,498,1,1,6.907755278982137
6533,4a,1,1,6.907755278982137
6534,4bgd,1,1,6.907755278982137
6535,4d,1,1,6.907755278982137
6536,4mg,1,1,6.907755278982137
6537,502,1,1,6.907755278982137
6538,5032,1,1,6.907755278982137
6539,506,1,1,6.907755278982137
6540,507,1,1,6.907755278982137
6541,511,1,1,6.907755278982137
6542,512,1,1,6.907755278982137
6543,513,1,1,6.907755278982137
6544,518,1,1,6.907755278982137
6545,519,1,1,6.907755278982137
6546,5200,1,1,6.907755278982137
6547,5221,1,1,6.907755278982137
6548,5237,1,1,6.907755278982137
6549,5275,1,1,6.907755278982137
6550,529,1,1,6.907755278982137
6551,530,1,1,6.907755278982137
6552,531,1,1,6.907755278982137
6553,532,1,1,6.907755278982137
6554,535,1,1,6.907755278982137
6555,536,1,1,6.907755278982137
6556,53b,1,1,6.907755278982137
6557,5432,1,1,6.907755278982137
6558,545,1,1,6.907755278982137
6559,549,1,1,6.907755278982137
6560,552,1,1,6.907755278982137
6561,553,1,1,6.907755278982137
6562,5532,1,1,6.907755278982137
6563,554,1,1,6.907755278982137
6564,55619,1,1,6.907755278982137
6565,557,1,1,6.907755278982137
6566,559,1,1,6.907755278982137
6567,5608,1,1,6.907755278982137
6568,5613,1,1,6.907755278982137
6569,5624,1,1,6.907755278982137
6570,566,1,1,6.907755278982137
6571,5673,1,1,6.907755278982137
6572,5674,1,1,6.907755278982137
6573,5675,1,1,6.907755278982137
6574,5699,1,1,6.907755278982137
6575,575,1,1,6.907755278982137
6576,576,1,1,6.907755278982137
6577,5762,1,1,6.907755278982137
6578,577,1,1,6.907755278982137
6579,578,1,1,6.907755278982137
6580,582,1,1,6.907755278982137
6581,5827,1,1,6.907755278982137
6582,585,1,1,6.907755278982137
6583,5863,1,1,6.907755278982137
6584,587,1,1,6.907755278982137
6585,5871,1,1,6.907755278982137
6586,5876,1,1,6.907755278982137
6587,589f,1,1,6.907755278982137
6588,591,1,1,6.907755278982137
6589,596,1,1,6.907755278982137
6590,597,1,1,6.907755278982137
6591,5p,1,1,6.907755278982137
6592,5th,1,1,6.907755278982137
6593,6018,1,1,6.907755278982137
6594,607,1,1,6.907755278982137
6595,60min,1,1,6.907755278982137
6596,60ml,1,1,6.907755278982137
6597,614,1,1,6.907755278982137
6598,616,1,1,6.907755278982137
6599,617,1,1,6.907755278982137
6600,618,1,1,6.907755278982137
6601,6300,1,1,6.907755278982137
6602,634,1,1,6.907755278982137
6603,6365,1,1,6.907755278982137
6604,637,1,1,6.907755278982137
6605,64565111,1,1,6.907755278982137
6606,648,1,1,6.907755278982137
6607,6482,1,1,6.907755278982137
6608,649,1,1,6.907755278982137
6609,651,1,1,6.907755278982137
6610,6515,1,1,6.907755278982137
6611,654,1,1,6.907755278982137
6612,657,1,1,6.907755278982137
6613,658,1,1,6.907755278982137
6614,659,1,1,6.907755278982137
6615,660,1,1,6.907755278982137
6616,661,1,1,6.907755278982137
6617,6659,1,1,6.907755278982137
6618,666,1,1,6.907755278982137
6619,668,1,1,6.907755278982137
6620,674,1,1,6.907755278982137
6621,6748,1,1,6.907755278982137
6622,675,1,1,6.907755278982137
6623,679,1,1,6.907755278982137
6624,682,1,1,6.907755278982137
6625,684,1,1,6.907755278982137
6626,685,1,1,6.907755278982137
6627,688,1,1,6.907755278982137
6628,6887,1,1,6.907755278982137
6629,692,1,1,6.907755278982137
6630,6920,1,1,6.907755278982137
6631,6953,1,1,6.907755278982137
6632,696,1,1,6.907755278982137
6633,697,1,1,6.907755278982137
6634,698,1,1,6.907755278982137
6635,699,1,1,6.907755278982137
6636,6e,1,1,6.907755278982137
6637,6kg,1,1,6.907755278982137
6638,6n,1,1,6.907755278982137
6639,6x19,1,1,6.907755278982137
6640,7015,1,1,6.907755278982137
6641,703,1,1,6.907755278982137
6642,705,1,1,6.907755278982137
6643,707,1,1,6.907755278982137
6644,709,1,1,6.907755278982137
6645,710,1,1,6.907755278982137
6646,714,1,1,6.907755278982137
6647,7151,1,1,6.907755278982137
6648,718,1,1,6.907755278982137
6649,721,1,1,6.907755278982137
6650,7214,1,1,6.907755278982137
6651,723,1,1,6.907755278982137
6652,7249,1,1,6.907755278982137
6653,726,1,1,6.907755278982137
6654,729,1,1,6.907755278982137
6655,72h,1,1,6.907755278982137
6656,730,1,1,6.907755278982137
6657,731,1,1,6.907755278982137
6658,732,1,1,6.907755278982137
6659,734,1,1,6.907755278982137
6660,736,1,1,6.907755278982137
6661,7389,1,1,6.907755278982137
6662,744,1,1,6.907755278982137
6663,746,1,1,6.907755278982137
6664,7491,1,1,6.907755278982137
6665,752,1,1,6.907755278982137
6666,755,1,1,6.907755278982137
6667,757,1,1,6.907755278982137
6668,75n92021d00006,1,1,6.907755278982137
6669,764,1,1,6.907755278982137
6670,765,1,1,6.907755278982137
6671,766,1,1,6.907755278982137
6672,768,1,1,6.907755278982137
6673,7692,1,1,6.907755278982137
6674,771,1,1,6.907755278982137
6675,780,1,1,6.907755278982137
6676,781,1,1,6.907755278982137
6677,782,1,1,6.907755278982137
6678,785,1,1,6.907755278982137
6679,7852,1,1,6.907755278982137
6680,787,1,1,6.907755278982137
6681,788,1,1,6.907755278982137
6682,791,1,1,6.907755278982137
6683,795,1,1,6.907755278982137
6684,797,1,1,6.907755278982137
6685,7cfn,1,1,6.907755278982137
6686,7xtq,1,1,6.907755278982137
6687,801,1,1,6.907755278982137
6688,802,1,1,6.907755278982137
6689,8039,1,1,6.907755278982137
6690,804,1,1,6.907755278982137
6691,809,1,1,6.907755278982137
6692,812,1,1,6.907755278982137
6693,813,1,1,6.907755278982137
6694,815,1,1,6.907755278982137
6695,8176,1,1,6.907755278982137
6696,819,1,1,6.907755278982137
6697,820,1,1,6.907755278982137
6698,82058,1,1,6.907755278982137
6699,821,1,1,6.907755278982137
6700,8217,1,1,6.907755278982137
6701,824,1,1,6.907755278982137
6702,828,1,1,6.907755278982137
6703,829,1,1,6.907755278982137
6704,831,1,1,6.907755278982137
6705,833,1,1,6.907755278982137
6706,8349,1,1,6.907755278982137
6707,835,1,1,6.907755278982137
6708,836,1,1,6.907755278982137
6709,838,1,1,6.907755278982137
6710,842,1,1,6.907755278982137
6711,843,1,1,6.907755278982137
6712,845,1,1,6.907755278982137
6713,846,1,1,6.907755278982137
6714,849,1,1,6.907755278982137
6715,851,1,1,6.907755278982137
6716,855,1,1,6.907755278982137
6717,857,1,1,6.907755278982137
6718,8598,1,1,6.907755278982137
6719,860,1,1,6.907755278982137
6720,861,1,1,6.907755278982137
6721,8610,1,1,6.907755278982137
6722,863,1,1,6.907755278982137
6723,864,1,1,6.907755278982137
6724,867,1,1,6.907755278982137
6725,8682,1,1,6.907755278982137
6726,871,1,1,6.907755278982137
6727,8715,1,1,6.907755278982137
6728,873,1,1,6.907755278982137
6729,877,1,1,6.907755278982137
6730,878,1,1,6.907755278982137
6731,879,1,1,6.907755278982137
6732,883,1,1,6.907755278982137
6733,885,1,1,6.907755278982137
6734,887,1,1,6.907755278982137
6735,889t,1,1,6.907755278982137
6736,890,1,1,6.907755278982137
6737,892,1,1,6.907755278982137
6738,8929,1,1,6.907755278982137
6739,893,1,1,6.907755278982137
6740,8969,1,1,6.907755278982137
6741,898,1,1,6.907755278982137
6742,901,1,1,6.907755278982137
6743,908,1,1,6.907755278982137
6744,909,1,1,6.907755278982137
6745,912,1,1,6.907755278982137
6746,916,1,1,6.907755278982137
6747,917,1,1,6.907755278982137
6748,918,1,1,6.907755278982137
6749,921,1,1,6.907755278982137
6750,922,1,1,6.907755278982137
6751,9222,1,1,6.907755278982137
6752,924,1,1,6.907755278982137
6753,930,1,1,6.907755278982137
6754,931,1,1,6.907755278982137
6755,936,1,1,6.907755278982137
6756,937,1,1,6.907755278982137
6757,940,1,1,6.907755278982137
6758,941,1,1,6.907755278982137
6759,943,1,1,6.907755278982137
6760,9493,1,1,6.907755278982137
6761,950,1,1,6.907755278982137
6762,952,1,1,6.907755278982137
6763,955,1,1,6.907755278982137
6764,9556,1,1,6.907755278982137
6765,9585,1,1,6.907755278982137
6766,961,1,1,6.907755278982137
6767,965,1,1,6.907755278982137
6768,966,1,1,6.907755278982137
6769,969,1,1,6.907755278982137
6770,970,1,1,6.907755278982137
6771,971,1,1,6.907755278982137
6772,973,1,1,6.907755278982137
6773,975,1,1,6.907755278982137
6774,977,1,1,6.907755278982137
6775,979,1,1,6.907755278982137
6776,9795,1,1,6.907755278982137
6777,986,1,1,6.907755278982137
6778,990,1,1,6.907755278982137
6779,9939,1,1,6.907755278982137
6780,996,1,1,6.907755278982137
6781,9981,1,1,6.907755278982137
6782,999,1,1,6.907755278982137
6783,9993,1,1,6.907755278982137
6784,9gyo,1,1,6.907755278982137
6785,a10,1,1,6.907755278982137
6786,a2,1,1,6.907755278982137
6787,a316t5,1,1,6.907755278982137
6788,aalen,1,1,6.907755278982137
6789,aasld,1,1,6.907755278982137
6790,abandon,1,1,6.907755278982137
6791,abbv,1,1,6.907755278982137
6792,abcg1,1,1,6.907755278982137
6793,abscess,1,1,6.907755278982137
6794,abus,1,1,6.907755278982137
6795,acc,1,1,6.907755278982137
6796,accredit,1,1,6.907755278982137
6797,accumben,1,1,6.907755278982137
6798,acetatifactor,1,1,6.907755278982137
6799,acetyl,1,1,6.907755278982137
6800,acetylcholinesteras,1,1,6.907755278982137
6801,acidophilu,1,1,6.907755278982137
6802,acp5,1,1,6.907755278982137
6803,acquaint,1,1,6.907755278982137
6804,acquir,1,1,6.907755278982137
6805,acquiti,1,1,6.907755278982137
6806,acryloxysuccinimid,1,1,6.907755278982137
6807,activatespparg,1,1,6.907755278982137
6808,activin,1,1,6.907755278982137
6809,actrn12625001011471,1,1,6.907755278982137
6810,acutalibact,1,1,6.907755278982137
6811,ada,1,1,6.907755278982137
6812,adalimumab,1,1,6.907755278982137
6813,adduct,1,1,6.907755278982137
6814,adeno,1,1,6.907755278982137
6815,adenoviru,1,1,6.907755278982137
6816,adenyl,1,1,6.907755278982137
6817,adenylyl,1,1,6.907755278982137
6818,adipogenesi,1,1,6.907755278982137
6819,adiporen,1,1,6.907755278982137
6820,adiposopath,1,1,6.907755278982137
6821,adiposopathi,1,1,6.907755278982137
6822,adminstr,1,1,6.907755278982137
6823,adrenerg,1,1,6.907755278982137
6824,adrenocorticotrop,1,1,6.907755278982137
6825,adulthood,1,1,6.907755278982137
6826,advocaci,1,1,6.907755278982137
6827,aersmin,1,1,6.907755278982137
6828,affili,1,1,6.907755278982137
6829,affirm,1,1,6.907755278982137
6830,aforement,1,1,6.907755278982137
6831,africa,1,1,6.907755278982137
6832,afterward,1,1,6.907755278982137
6833,agglom,1,1,6.907755278982137
6834,aglycon,1,1,6.907755278982137
6835,agnost,1,1,6.907755278982137
6836,agouti,1,1,6.907755278982137
6837,agranulocytosi,1,1,6.907755278982137
6838,ahead,1,1,6.907755278982137
6839,aifa,1,1,6.907755278982137
6840,aim2,1,1,6.907755278982137
6841,ain,1,1,6.907755278982137
6842,ak,1,1,6.907755278982137
6843,akaik,1,1,6.907755278982137
6844,akt308,1,1,6.907755278982137
6845,akt473,1,1,6.907755278982137
6846,alan,1,1,6.907755278982137
6847,alba,1,1,6.907755278982137
6848,albiglutid,1,1,6.907755278982137
6849,albino,1,1,6.907755278982137
6850,albumen,1,1,6.907755278982137
6851,albuminur,1,1,6.907755278982137
6852,alistip,1,1,6.907755278982137
6853,alkbh5,1,1,6.907755278982137
6854,allerg,1,1,6.907755278982137
6855,alli,1,1,6.907755278982137
6856,allodynia,1,1,6.907755278982137
6857,alloprevotella,1,1,6.907755278982137
6858,alogliptin,1,1,6.907755278982137
6859,alpinia,1,1,6.907755278982137
6860,altitudin,1,1,6.907755278982137
6861,altogeth,1,1,6.907755278982137
6862,alum,1,1,6.907755278982137
6863,aluminum,1,1,6.907755278982137
6864,ambient,1,1,6.907755278982137
6865,ambiti,1,1,6.907755278982137
6866,ameroid,1,1,6.907755278982137
6867,amid,1,1,6.907755278982137
6868,aminopropionitril,1,1,6.907755278982137
6869,ampkα,1,1,6.907755278982137
6870,amplicon,1,1,6.907755278982137
6871,amyloidogen,1,1,6.907755278982137
6872,anaesthet,1,1,6.907755278982137
6873,anaesthetist,1,1,6.907755278982137
6874,anastomosi,1,1,6.907755278982137
6875,anatomi,1,1,6.907755278982137
6876,andreduc,1,1,6.907755278982137
6877,androgenet,1,1,6.907755278982137
6878,anesthesiolog,1,1,6.907755278982137
6879,aneurysm,1,1,6.907755278982137
6880,angptl3,1,1,6.907755278982137
6881,anguilla,1,1,6.907755278982137
6882,anhydroglucitol,1,1,6.907755278982137
6883,anisotrop,1,1,6.907755278982137
6884,annul,1,1,6.907755278982137
6885,annum,1,1,6.907755278982137
6886,anomali,1,1,6.907755278982137
6887,anonymis,1,1,6.907755278982137
6888,anorect,1,1,6.907755278982137
6889,anova,1,1,6.907755278982137
6890,anp,1,1,6.907755278982137
6891,answer,1,1,6.907755278982137
6892,anthracyclin,1,1,6.907755278982137
6893,antiag,1,1,6.907755278982137
6894,antiandrogen,1,1,6.907755278982137
6895,antiapoptot,1,1,6.907755278982137
6896,antiatherosclerot,1,1,6.907755278982137
6897,anticoagul,1,1,6.907755278982137
6898,antidementia,1,1,6.907755278982137
6899,antidiuret,1,1,6.907755278982137
6900,antiepileptogenesi,1,1,6.907755278982137
6901,antigrav,1,1,6.907755278982137
6902,antiinflammatori,1,1,6.907755278982137
6903,antimicrobi,1,1,6.907755278982137
6904,antimigrain,1,1,6.907755278982137
6905,antimycin,1,1,6.907755278982137
6906,antiparkinsonian,1,1,6.907755278982137
6907,antiplatelet,1,1,6.907755278982137
6908,antithyroid,1,1,6.907755278982137
6909,anzctr,1,1,6.907755278982137
6910,aphasia,1,1,6.907755278982137
6911,apic,1,1,6.907755278982137
6912,apigenin,1,1,6.907755278982137
6913,apoc,1,1,6.907755278982137
6914,appendicular,1,1,6.907755278982137
6915,appendix,1,1,6.907755278982137
6916,appl,1,1,6.907755278982137
6917,apprehens,1,1,6.907755278982137
6918,approximately22,1,1,6.907755278982137
6919,apremilast,1,1,6.907755278982137
6920,arabinoxylan,1,1,6.907755278982137
6921,arbor,1,1,6.907755278982137
6922,arcuat,1,1,6.907755278982137
6923,arg1,1,1,6.907755278982137
6924,arginin,1,1,6.907755278982137
6925,argon,1,1,6.907755278982137
6926,ari,1,1,6.907755278982137
6927,arisen,1,1,6.907755278982137
6928,arksei,1,1,6.907755278982137
6929,arni,1,1,6.907755278982137
6930,aronchick,1,1,6.907755278982137
6931,arrai,1,1,6.907755278982137
6932,arrang,1,1,6.907755278982137
6933,arthropathi,1,1,6.907755278982137
6934,artichok,1,1,6.907755278982137
6935,articul,1,1,6.907755278982137
6936,articular,1,1,6.907755278982137
6937,asa24,1,1,6.907755278982137
6938,asan,1,1,6.907755278982137
6939,asc,1,1,6.907755278982137
6940,ascertain,1,1,6.907755278982137
6941,asjof,1,1,6.907755278982137
6942,asn0000001061,1,1,6.907755278982137
6943,aspro,1,1,6.907755278982137
6944,assur,1,1,6.907755278982137
6945,astaxanthin,1,1,6.907755278982137
6946,astrocytopathi,1,1,6.907755278982137
6947,astrogli,1,1,6.907755278982137
6948,astronaut,1,1,6.907755278982137
6949,at1r,1,1,6.907755278982137
6950,atf4,1,1,6.907755278982137
6951,atla,1,1,6.907755278982137
6952,atom,1,1,6.907755278982137
6953,atonia,1,1,6.907755278982137
6954,atraumat,1,1,6.907755278982137
6955,atrium,1,1,6.907755278982137
6956,atrogen,1,1,6.907755278982137
6957,atypica,1,1,6.907755278982137
6958,audit,1,1,6.907755278982137
6959,auditori,1,1,6.907755278982137
6960,aug,1,1,6.907755278982137
6961,aurum,1,1,6.907755278982137
6962,australian,1,1,6.907755278982137
6963,authorship,1,1,6.907755278982137
6964,autodock,1,1,6.907755278982137
6965,autofluoresc,1,1,6.907755278982137
6966,autophagosom,1,1,6.907755278982137
6967,autosom,1,1,6.907755278982137
6968,avalanch,1,1,6.907755278982137
6969,avenciguat,1,1,6.907755278982137
6970,axon,1,1,6.907755278982137
6971,ayushman,1,1,6.907755278982137
6972,azd6234,1,1,6.907755278982137
6973,aβ40,1,1,6.907755278982137
6974,aβ42,1,1,6.907755278982137
6975,b100,1,1,6.907755278982137
6976,b2,1,1,6.907755278982137
6977,b48,1,1,6.907755278982137
6978,backgroundadult,1,1,6.907755278982137
6979,backgroundlimit,1,1,6.907755278982137
6980,backup,1,1,6.907755278982137
6981,backward,1,1,6.907755278982137
6982,bacteroidacea,1,1,6.907755278982137
6983,balf,1,1,6.907755278982137
6984,bar,1,1,6.907755278982137
6985,bardet,1,1,6.907755278982137
6986,baricitinib,1,1,6.907755278982137
6987,baron,1,1,6.907755278982137
6988,basement,1,1,6.907755278982137
6989,baxdrostat,1,1,6.907755278982137
6990,bcpnn,1,1,6.907755278982137
6991,beauchamp,1,1,6.907755278982137
6992,beforehand,1,1,6.907755278982137
6993,begg,1,1,6.907755278982137
6994,beh,1,1,6.907755278982137
6995,behav,1,1,6.907755278982137
6996,behind,1,1,6.907755278982137
6997,bempedo,1,1,6.907755278982137
6998,bend,1,1,6.907755278982137
6999,benzoat,1,1,6.907755278982137
7000,benzoyl,1,1,6.907755278982137
7001,berberi,1,1,6.907755278982137
7002,besid,1,1,6.907755278982137
7003,bestm,1,1,6.907755278982137
7004,bh2,1,1,6.907755278982137
7005,bh4,1,1,6.907755278982137
7006,bharat,1,1,6.907755278982137
7007,bhbe,1,1,6.907755278982137
7008,bi,1,1,6.907755278982137
7009,bibliograph,1,1,6.907755278982137
7010,bibliographi,1,1,6.907755278982137
7011,bibliometrix,1,1,6.907755278982137
7012,biedl,1,1,6.907755278982137
7013,bihor,1,1,6.907755278982137
7014,biib122,1,1,6.907755278982137
7015,bilay,1,1,6.907755278982137
7016,biliopancreat,1,1,6.907755278982137
7017,bill,1,1,6.907755278982137
7018,bimekizumab,1,1,6.907755278982137
7019,bimonthli,1,1,6.907755278982137
7020,bio,1,1,6.907755278982137
7021,bioaccumul,1,1,6.907755278982137
7022,biodistribut,1,1,6.907755278982137
7023,bioethic,1,1,6.907755278982137
7024,biofilm,1,1,6.907755278982137
7025,biomed,1,1,6.907755278982137
7026,biopharmaceut,1,1,6.907755278982137
7027,bioresourc,1,1,6.907755278982137
7028,biosaf,1,1,6.907755278982137
7029,bioscienc,1,1,6.907755278982137
7030,biotic,1,1,6.907755278982137
7031,bisdemethoxycurcumin,1,1,6.907755278982137
7032,bispebjerg,1,1,6.907755278982137
7033,bistabl,1,1,6.907755278982137
7034,bisulfit,1,1,6.907755278982137
7035,bival,1,1,6.907755278982137
7036,bivari,1,1,6.907755278982137
7037,bl,1,1,6.907755278982137
7038,blank,1,1,6.907755278982137
7039,blanket,1,1,6.907755278982137
7040,blautia,1,1,6.907755278982137
7041,bled,1,1,6.907755278982137
7042,blend,1,1,6.907755278982137
7043,blinder,1,1,6.907755278982137
7044,blister,1,1,6.907755278982137
7045,blockbust,1,1,6.907755278982137
7046,blur,1,1,6.907755278982137
7047,bmj,1,1,6.907755278982137
7048,boehring,1,1,6.907755278982137
7049,boltz,1,1,6.907755278982137
7050,boltzmann,1,1,6.907755278982137
7051,boolean,1,1,6.907755278982137
7052,booster,1,1,6.907755278982137
7053,boston,1,1,6.907755278982137
7054,bothersom,1,1,6.907755278982137
7055,bottleneck,1,1,6.907755278982137
7056,botulinum,1,1,6.907755278982137
7057,bradford,1,1,6.907755278982137
7058,brake,1,1,6.907755278982137
7059,brdu,1,1,6.907755278982137
7060,breadth,1,1,6.907755278982137
7061,break,1,1,6.907755278982137
7062,bred,1,1,6.907755278982137
7063,brief,1,1,6.907755278982137
7064,bright,1,1,6.907755278982137
7065,british,1,1,6.907755278982137
7066,bronchial,1,1,6.907755278982137
7067,bronchoalveolar,1,1,6.907755278982137
7068,bsep,1,1,6.907755278982137
7069,budgetari,1,1,6.907755278982137
7070,bulimia,1,1,6.907755278982137
7071,bulk,1,1,6.907755278982137
7072,bulki,1,1,6.907755278982137
7073,bullou,1,1,6.907755278982137
7074,burdensom,1,1,6.907755278982137
7075,burst,1,1,6.907755278982137
7076,butyricum,1,1,6.907755278982137
7077,bv,1,1,6.907755278982137
7078,bydureon,1,1,6.907755278982137
7079,byproduct,1,1,6.907755278982137
7080,bystand,1,1,6.907755278982137
7081,c18,1,1,6.907755278982137
7082,c25,1,1,6.907755278982137
7083,c64,1,1,6.907755278982137
7084,c65,1,1,6.907755278982137
7085,ca19,1,1,6.907755278982137
7086,cacl₂,1,1,6.907755278982137
7087,cadenc,1,1,6.907755278982137
7088,cadro,1,1,6.907755278982137
7089,caecicola,1,1,6.907755278982137
7090,caffein,1,1,6.907755278982137
7091,cag,1,1,6.907755278982137
7092,cairo,1,1,6.907755278982137
7093,cajal,1,1,6.907755278982137
7094,calcifi,1,1,6.907755278982137
7095,calf,1,1,6.907755278982137
7096,calip,1,1,6.907755278982137
7097,caller,1,1,6.907755278982137
7098,calprotectin,1,1,6.907755278982137
7099,calvari,1,1,6.907755278982137
7100,camkii,1,1,6.907755278982137
7101,canadensi,1,1,6.907755278982137
7102,canakinumab,1,1,6.907755278982137
7103,cannabidiol,1,1,6.907755278982137
7104,capillar,1,1,6.907755278982137
7105,capit,1,1,6.907755278982137
7106,capita,1,1,6.907755278982137
7107,capnographi,1,1,6.907755278982137
7108,capsaicin,1,1,6.907755278982137
7109,car,1,1,6.907755278982137
7110,carboxi,1,1,6.907755278982137
7111,carboxyl,1,1,6.907755278982137
7112,carcass,1,1,6.907755278982137
7113,cardam,1,1,6.907755278982137
7114,cardiohepatoren,1,1,6.907755278982137
7115,cardiokidnei,1,1,6.907755278982137
7116,cardiolink,1,1,6.907755278982137
7117,cardiolipin,1,1,6.907755278982137
7118,cardiorenometabol,1,1,6.907755278982137
7119,cardiorenoprotect,1,1,6.907755278982137
7120,cardiotox,1,1,6.907755278982137
7121,cariogen,1,1,6.907755278982137
7122,carlo,1,1,6.907755278982137
7123,carnitin,1,1,6.907755278982137
7124,carrierfamili,1,1,6.907755278982137
7125,cart,1,1,6.907755278982137
7126,casein,1,1,6.907755278982137
7127,cast,1,1,6.907755278982137
7128,cat,1,1,6.907755278982137
7129,catalas,1,1,6.907755278982137
7130,catalyz,1,1,6.907755278982137
7131,cataract,1,1,6.907755278982137
7132,catechol,1,1,6.907755278982137
7133,catheter,1,1,6.907755278982137
7134,cautionari,1,1,6.907755278982137
7135,caveola,1,1,6.907755278982137
7136,caveolin,1,1,6.907755278982137
7137,ca²,1,1,6.907755278982137
7138,cb1r,1,1,6.907755278982137
7139,cbm,1,1,6.907755278982137
7140,ccaat,1,1,6.907755278982137
7141,ccr2,1,1,6.907755278982137
7142,cd11b,1,1,6.907755278982137
7143,cd38,1,1,6.907755278982137
7144,cd39,1,1,6.907755278982137
7145,cd4,1,1,6.907755278982137
7146,cd68,1,1,6.907755278982137
7147,cd73,1,1,6.907755278982137
7148,cd8,1,1,6.907755278982137
7149,cd80,1,1,6.907755278982137
7150,cd86,1,1,6.907755278982137
7151,cdca,1,1,6.907755278982137
7152,cdyn,1,1,6.907755278982137
7153,cea,1,1,6.907755278982137
7154,cebq,1,1,6.907755278982137
7155,cect,1,1,6.907755278982137
7156,cellul,1,1,6.907755278982137
7157,cellulos,1,1,6.907755278982137
7158,centerpiec,1,1,6.907755278982137
7159,cerebrospin,1,1,6.907755278982137
7160,cerevisia,1,1,6.907755278982137
7161,certif,1,1,6.907755278982137
7162,certolizumab,1,1,6.907755278982137
7163,cesarean,1,1,6.907755278982137
7164,cetyl,1,1,6.907755278982137
7165,cfar,1,1,6.907755278982137
7166,cftr,1,1,6.907755278982137
7167,cfu,1,1,6.907755278982137
7168,chalcogrammu,1,1,6.907755278982137
7169,chalcon,1,1,6.907755278982137
7170,champion,1,1,6.907755278982137
7171,charlson,1,1,6.907755278982137
7172,che,1,1,6.907755278982137
7173,check,1,1,6.907755278982137
7174,cheek,1,1,6.907755278982137
7175,chelat,1,1,6.907755278982137
7176,chemoattract,1,1,6.907755278982137
7177,chemosens,1,1,6.907755278982137
7178,chemosensit,1,1,6.907755278982137
7179,cheung,1,1,6.907755278982137
7180,chew,1,1,6.907755278982137
7181,chicori,1,1,6.907755278982137
7182,chictr,1,1,6.907755278982137
7183,chictr2500111569,1,1,6.907755278982137
7184,chictr2600116148,1,1,6.907755278982137
7185,chictr2600123803,1,1,6.907755278982137
7186,chiglitazar,1,1,6.907755278982137
7187,childbear,1,1,6.907755278982137
7188,childress,1,1,6.907755278982137
7189,chinensi,1,1,6.907755278982137
7190,chitosan,1,1,6.907755278982137
7191,chlorhexidin,1,1,6.907755278982137
7192,chlorid,1,1,6.907755278982137
7193,chlorpromazin,1,1,6.907755278982137
7194,cholangiopancreatographi,1,1,6.907755278982137
7195,cholecalciferol,1,1,6.907755278982137
7196,cholestasi,1,1,6.907755278982137
7197,cholic,1,1,6.907755278982137
7198,chondrocyt,1,1,6.907755278982137
7199,chondroprotect,1,1,6.907755278982137
7200,choos,1,1,6.907755278982137
7201,chorion,1,1,6.907755278982137
7202,chosen,1,1,6.907755278982137
7203,chrebp,1,1,6.907755278982137
7204,christensenella,1,1,6.907755278982137
7205,chromium,1,1,6.907755278982137
7206,chronif,1,1,6.907755278982137
7207,cicatrici,1,1,6.907755278982137
7208,cigarett,1,1,6.907755278982137
7209,ciliopathi,1,1,6.907755278982137
7210,cinema,1,1,6.907755278982137
7211,cinnamon,1,1,6.907755278982137
7212,circumflex,1,1,6.907755278982137
7213,circumventricular,1,1,6.907755278982137
7214,cisplatin,1,1,6.907755278982137
7215,citespac,1,1,6.907755278982137
7216,citizen,1,1,6.907755278982137
7217,cl,1,1,6.907755278982137
7218,clad,1,1,6.907755278982137
7219,clarif,1,1,6.907755278982137
7220,clariv,1,1,6.907755278982137
7221,claudin,1,1,6.907755278982137
7222,clazakizumab,1,1,6.907755278982137
7223,clean,1,1,6.907755278982137
7224,clearest,1,1,6.907755278982137
7225,cleav,1,1,6.907755278982137
7226,cleavag,1,1,6.907755278982137
7227,click,1,1,6.907755278982137
7228,climat,1,1,6.907755278982137
7229,clindamycin,1,1,6.907755278982137
7230,clinformat,1,1,6.907755278982137
7231,clinicaltrialsregist,1,1,6.907755278982137
7232,clinico,1,1,6.907755278982137
7233,clinicopatholog,1,1,6.907755278982137
7234,clock,1,1,6.907755278982137
7235,clomiphen,1,1,6.907755278982137
7236,clonal,1,1,6.907755278982137
7237,clonazepam,1,1,6.907755278982137
7238,clone,1,1,6.907755278982137
7239,closest,1,1,6.907755278982137
7240,clostridiacea,1,1,6.907755278982137
7241,clp,1,1,6.907755278982137
7242,cm2,1,1,6.907755278982137
7243,cmr,1,1,6.907755278982137
7244,cmtb,1,1,6.907755278982137
7245,cnki,1,1,6.907755278982137
7246,co2e,1,1,6.907755278982137
7247,coagul,1,1,6.907755278982137
7248,coagulopathi,1,1,6.907755278982137
7249,coat,1,1,6.907755278982137
7250,coder,1,1,6.907755278982137
7251,coeffici,1,1,6.907755278982137
7252,coercion,1,1,6.907755278982137
7253,cohes,1,1,6.907755278982137
7254,coincid,1,1,6.907755278982137
7255,col1a1,1,1,6.907755278982137
7256,collat,1,1,6.907755278982137
7257,colleagu,1,1,6.907755278982137
7258,colleg,1,1,6.907755278982137
7259,collinsella,1,1,6.907755278982137
7260,colloid,1,1,6.907755278982137
7261,coloc,1,1,6.907755278982137
7262,columbia,1,1,6.907755278982137
7263,coma,1,1,6.907755278982137
7264,combinatori,1,1,6.907755278982137
7265,comisa,1,1,6.907755278982137
7266,commens,1,1,6.907755278982137
7267,commiss,1,1,6.907755278982137
7268,compass,1,1,6.907755278982137
7269,compendium,1,1,6.907755278982137
7270,compil,1,1,6.907755278982137
7271,complementarili,1,1,6.907755278982137
7272,compli,1,1,6.907755278982137
7273,computatıonal,1,1,6.907755278982137
7274,computer,1,1,6.907755278982137
7275,conceal,1,1,6.907755278982137
7276,conceptualis,1,1,6.907755278982137
7277,concis,1,1,6.907755278982137
7278,conclusionextern,1,1,6.907755278982137
7279,conclusionglp,1,1,6.907755278982137
7280,conclusionin,1,1,6.907755278982137
7281,conclusionperiop,1,1,6.907755278982137
7282,conclusionspharmacovigil,1,1,6.907755278982137
7283,conclusionsth,1,1,6.907755278982137
7284,confersuperior,1,1,6.907755278982137
7285,confirmatori,1,1,6.907755278982137
7286,conformation,1,1,6.907755278982137
7287,confus,1,1,6.907755278982137
7288,confusa,1,1,6.907755278982137
7289,congen,1,1,6.907755278982137
7290,congress,1,1,6.907755278982137
7291,consciou,1,1,6.907755278982137
7292,consort,1,1,6.907755278982137
7293,consortia,1,1,6.907755278982137
7294,conspir,1,1,6.907755278982137
7295,constrictor,1,1,6.907755278982137
7296,contempl,1,1,6.907755278982137
7297,contest,1,1,6.907755278982137
7298,conting,1,1,6.907755278982137
7299,contradict,1,1,6.907755278982137
7300,contralater,1,1,6.907755278982137
7301,contransport,1,1,6.907755278982137
7302,control2,1,1,6.907755278982137
7303,convertas,1,1,6.907755278982137
7304,cooper,1,1,6.907755278982137
7305,copai,1,1,6.907755278982137
7306,cope,1,1,6.907755278982137
7307,copenhagen,1,1,6.907755278982137
7308,coproporphyrin,1,1,6.907755278982137
7309,copti,1,1,6.907755278982137
7310,coq10,1,1,6.907755278982137
7311,cor,1,1,6.907755278982137
7312,cord,1,1,6.907755278982137
7313,coronaviru,1,1,6.907755278982137
7314,corpor,1,1,6.907755278982137
7315,corticosteron,1,1,6.907755278982137
7316,cortisol,1,1,6.907755278982137
7317,cough,1,1,6.907755278982137
7318,coulomb,1,1,6.907755278982137
7319,council,1,1,6.907755278982137
7320,counterbal,1,1,6.907755278982137
7321,counterbalanc,1,1,6.907755278982137
7322,counti,1,1,6.907755278982137
7323,cov,1,1,6.907755278982137
7324,co₂e,1,1,6.907755278982137
7325,cpg,1,1,6.907755278982137
7326,cpt,1,1,6.907755278982137
7327,cpt1,1,1,6.907755278982137
7328,cradl,1,1,6.907755278982137
7329,craniopharyngioma,1,1,6.907755278982137
7330,crate,1,1,6.907755278982137
7331,crd42023473875,1,1,6.907755278982137
7332,crd42024505558,1,1,6.907755278982137
7333,crd420251024082,1,1,6.907755278982137
7334,crd420251034652,1,1,6.907755278982137
7335,crd420251074381,1,1,6.907755278982137
7336,crd420251077729,1,1,6.907755278982137
7337,crd420251079970,1,1,6.907755278982137
7338,crd420251110220,1,1,6.907755278982137
7339,crd420251130232,1,1,6.907755278982137
7340,crd420251139475,1,1,6.907755278982137
7341,crd420251149266,1,1,6.907755278982137
7342,crd420251155026,1,1,6.907755278982137
7343,crd420251162316,1,1,6.907755278982137
7344,crd420251176164,1,1,6.907755278982137
7345,crd420251183938,1,1,6.907755278982137
7346,crd420251231137,1,1,6.907755278982137
7347,crd420251270326,1,1,6.907755278982137
7348,crd42025644064,1,1,6.907755278982137
7349,crd42025645378,1,1,6.907755278982137
7350,crd420261279841,1,1,6.907755278982137
7351,crd420261320374,1,1,6.907755278982137
7352,crd420261320840,1,1,6.907755278982137
7353,crd420261321430,1,1,6.907755278982137
7354,crd420261352699,1,1,6.907755278982137
7355,crd420261354941,1,1,6.907755278982137
7356,crd420261360886,1,1,6.907755278982137
7357,crd420261385854,1,1,6.907755278982137
7358,crd420261414637,1,1,6.907755278982137
7359,creation,1,1,6.907755278982137
7360,credenc,1,1,6.907755278982137
7361,creert2,1,1,6.907755278982137
7362,crispatu,1,1,6.907755278982137
7363,crispr,1,1,6.907755278982137
7364,critiqu,1,1,6.907755278982137
7365,crossbr,1,1,6.907755278982137
7366,crush,1,1,6.907755278982137
7367,crv431,1,1,6.907755278982137
7368,crystal,1,1,6.907755278982137
7369,csa,1,1,6.907755278982137
7370,ctn,1,1,6.907755278982137
7371,ctr20233198,1,1,6.907755278982137
7372,cubic,1,1,6.907755278982137
7373,cug,1,1,6.907755278982137
7374,culprit,1,1,6.907755278982137
7375,cuprizon,1,1,6.907755278982137
7376,cur,1,1,6.907755278982137
7377,curat,1,1,6.907755278982137
7378,curriculum,1,1,6.907755278982137
7379,custom,1,1,6.907755278982137
7380,cutoff,1,1,6.907755278982137
7381,cwe,1,1,6.907755278982137
7382,cxcr4,1,1,6.907755278982137
7383,cy,1,1,6.907755278982137
7384,cyano,1,1,6.907755278982137
7385,cyanocobalamin,1,1,6.907755278982137
7386,cyclin,1,1,6.907755278982137
7387,cycliz,1,1,6.907755278982137
7388,cyp,1,1,6.907755278982137
7389,cyp2c9,1,1,6.907755278982137
7390,cyp7a1,1,1,6.907755278982137
7391,cyrtonema,1,1,6.907755278982137
7392,cyst,1,1,6.907755278982137
7393,cystatin,1,1,6.907755278982137
7394,cytoarchitectur,1,1,6.907755278982137
7395,cytokeratin,1,1,6.907755278982137
7396,cytoplasm,1,1,6.907755278982137
7397,cytoprotect,1,1,6.907755278982137
7398,cytotox,1,1,6.907755278982137
7399,d1,1,1,6.907755278982137
7400,d3,1,1,6.907755278982137
7401,dapa,1,1,6.907755278982137
7402,dapi,1,1,6.907755278982137
7403,daprodustat,1,1,6.907755278982137
7404,datalink,1,1,6.907755278982137
7405,dc,1,1,6.907755278982137
7406,dcct,1,1,6.907755278982137
7407,ddp,1,1,6.907755278982137
7408,deactiv,1,1,6.907755278982137
7409,deceler,1,1,6.907755278982137
7410,decod,1,1,6.907755278982137
7411,decompos,1,1,6.907755278982137
7412,decompress,1,1,6.907755278982137
7413,deconjug,1,1,6.907755278982137
7414,decor,1,1,6.907755278982137
7415,decoupl,1,1,6.907755278982137
7416,dedoos,1,1,6.907755278982137
7417,deem,1,1,6.907755278982137
7418,defenc,1,1,6.907755278982137
7419,defend,1,1,6.907755278982137
7420,defocu,1,1,6.907755278982137
7421,dehydroepiandrosteron,1,1,6.907755278982137
7422,deintensif,1,1,6.907755278982137
7423,deleg,1,1,6.907755278982137
7424,deliber,1,1,6.907755278982137
7425,deloc,1,1,6.907755278982137
7426,delphinidin,1,1,6.907755278982137
7427,demethoxycurcumin,1,1,6.907755278982137
7428,demethylas,1,1,6.907755278982137
7429,demográfica,1,1,6.907755278982137
7430,demot,1,1,6.907755278982137
7431,denatur,1,1,6.907755278982137
7432,denifanstat,1,1,6.907755278982137
7433,deoxycalyxin,1,1,6.907755278982137
7434,deoxyribonucl,1,1,6.907755278982137
7435,deploi,1,1,6.907755278982137
7436,depolar,1,1,6.907755278982137
7437,dermatosi,1,1,6.907755278982137
7438,dermi,1,1,6.907755278982137
7439,dersimonian,1,1,6.907755278982137
7440,desatur,1,1,6.907755278982137
7441,desc,1,1,6.907755278982137
7442,descend,1,1,6.907755278982137
7443,descriptor,1,1,6.907755278982137
7444,desensit,1,1,6.907755278982137
7445,deserv,1,1,6.907755278982137
7446,desicc,1,1,6.907755278982137
7447,detent,1,1,6.907755278982137
7448,detriment,1,1,6.907755278982137
7449,devast,1,1,6.907755278982137
7450,dexa,1,1,6.907755278982137
7451,dexcom,1,1,6.907755278982137
7452,dextran,1,1,6.907755278982137
7453,dextromethorphan,1,1,6.907755278982137
7454,dextros,1,1,6.907755278982137
7455,df,1,1,6.907755278982137
7456,dfa,1,1,6.907755278982137
7457,di,1,1,6.907755278982137
7458,dia,1,1,6.907755278982137
7459,diabetogen,1,1,6.907755278982137
7460,diabetolog,1,1,6.907755278982137
7461,diabetologia,1,1,6.907755278982137
7462,diadema,1,1,6.907755278982137
7463,dialys,1,1,6.907755278982137
7464,dialyz,1,1,6.907755278982137
7465,diamidino,1,1,6.907755278982137
7466,diap,1,1,6.907755278982137
7467,diaphoresi,1,1,6.907755278982137
7468,diari,1,1,6.907755278982137
7469,dien,1,1,6.907755278982137
7470,difluoroacet,1,1,6.907755278982137
7471,dihydrobiopterin,1,1,6.907755278982137
7472,dihydrotestosteron,1,1,6.907755278982137
7473,dim,1,1,6.907755278982137
7474,dimethyl,1,1,6.907755278982137
7475,dimethylformamid,1,1,6.907755278982137
7476,dimorph,1,1,6.907755278982137
7477,dip,1,1,6.907755278982137
7478,diploma,1,1,6.907755278982137
7479,directori,1,1,6.907755278982137
7480,disagr,1,1,6.907755278982137
7481,disagre,1,1,6.907755278982137
7482,disambigu,1,1,6.907755278982137
7483,disappear,1,1,6.907755278982137
7484,discomfort,1,1,6.907755278982137
7485,discourag,1,1,6.907755278982137
7486,discov,1,1,6.907755278982137
7487,discret,1,1,6.907755278982137
7488,diseases6,1,1,6.907755278982137
7489,disentangl,1,1,6.907755278982137
7490,disintegr,1,1,6.907755278982137
7491,disordersand,1,1,6.907755278982137
7492,disruptor,1,1,6.907755278982137
7493,dissolut,1,1,6.907755278982137
7494,dissolv,1,1,6.907755278982137
7495,distort,1,1,6.907755278982137
7496,district,1,1,6.907755278982137
7497,dithiothreitol,1,1,6.907755278982137
7498,dive,1,1,6.907755278982137
7499,divert,1,1,6.907755278982137
7500,divis,1,1,6.907755278982137
7501,divorc,1,1,6.907755278982137
7502,dizzi,1,1,6.907755278982137
7503,dj,1,1,6.907755278982137
7504,dlqi,1,1,6.907755278982137
7505,dmd,1,1,6.907755278982137
7506,dmso,1,1,6.907755278982137
7507,dmxaa,1,1,6.907755278982137
7508,dnl,1,1,6.907755278982137
7509,doc,1,1,6.907755278982137
7510,dollar,1,1,6.907755278982137
7511,dominantli,1,1,6.907755278982137
7512,donepezil,1,1,6.907755278982137
7513,dorper,1,1,6.907755278982137
7514,dorsal,1,1,6.907755278982137
7515,dorsi,1,1,6.907755278982137
7516,dpard,1,1,6.907755278982137
7517,draft,1,1,6.907755278982137
7518,drank,1,1,6.907755278982137
7519,dream,1,1,6.907755278982137
7520,drift,1,1,6.907755278982137
7521,dronabinol,1,1,6.907755278982137
7522,drop,1,1,6.907755278982137
7523,dropout,1,1,6.907755278982137
7524,drove,1,1,6.907755278982137
7525,drummond,1,1,6.907755278982137
7526,dry,1,1,6.907755278982137
7527,dsc,1,1,6.907755278982137
7528,dsmi,1,1,6.907755278982137
7529,dt,1,1,6.907755278982137
7530,dualiti,1,1,6.907755278982137
7531,dump,1,1,6.907755278982137
7532,dunedinpac,1,1,6.907755278982137
7533,duodenum,1,1,6.907755278982137
7534,duti,1,1,6.907755278982137
7535,dwat,1,1,6.907755278982137
7536,dynamin,1,1,6.907755278982137
7537,dynasti,1,1,6.907755278982137
7538,dysarthria,1,1,6.907755278982137
7539,dysfunctionassoci,1,1,6.907755278982137
7540,dysglycem,1,1,6.907755278982137
7541,dyslipidaem,1,1,6.907755278982137
7542,dysmotil,1,1,6.907755278982137
7543,dyspepsia,1,1,6.907755278982137
7544,dysphonia,1,1,6.907755278982137
7545,dyspnoea,1,1,6.907755278982137
7546,e10,1,1,6.907755278982137
7547,e12,1,1,6.907755278982137
7548,eas,1,1,6.907755278982137
7549,easier,1,1,6.907755278982137
7550,eastern,1,1,6.907755278982137
7551,eb05,1,1,6.907755278982137
7552,ebm,1,1,6.907755278982137
7553,ebpα,1,1,6.907755278982137
7554,ebsco,1,1,6.907755278982137
7555,echocardiograph,1,1,6.907755278982137
7556,echomri,1,1,6.907755278982137
7557,ecim,1,1,6.907755278982137
7558,economi,1,1,6.907755278982137
7559,ecpo,1,1,6.907755278982137
7560,eczema,1,1,6.907755278982137
7561,edibl,1,1,6.907755278982137
7562,editor,1,1,6.907755278982137
7563,edmonton,1,1,6.907755278982137
7564,edss,1,1,6.907755278982137
7565,edv,1,1,6.907755278982137
7566,eef1a1,1,1,6.907755278982137
7567,ef,1,1,6.907755278982137
7568,efad,1,1,6.907755278982137
7569,effer,1,1,6.907755278982137
7570,efficacyof,1,1,6.907755278982137
7571,efruxifermin,1,1,6.907755278982137
7572,egg,1,1,6.907755278982137
7573,eggshel,1,1,6.907755278982137
7574,egypt,1,1,6.907755278982137
7575,ei,1,1,6.907755278982137
7576,eicosatetraeno,1,1,6.907755278982137
7577,eicosatrieno,1,1,6.907755278982137
7578,eighti,1,1,6.907755278982137
7579,elastograph,1,1,6.907755278982137
7580,electrocardiographi,1,1,6.907755278982137
7581,electromagnet,1,1,6.907755278982137
7582,electrophoresi,1,1,6.907755278982137
7583,electrospin,1,1,6.907755278982137
7584,electrospun,1,1,6.907755278982137
7585,elegantli,1,1,6.907755278982137
7586,elixhaus,1,1,6.907755278982137
7587,ellagitannin,1,1,6.907755278982137
7588,elsevi,1,1,6.907755278982137
7589,elut,1,1,6.907755278982137
7590,embryon,1,1,6.907755278982137
7591,emesi,1,1,6.907755278982137
7592,emp,1,1,6.907755278982137
7593,empa,1,1,6.907755278982137
7594,emperor,1,1,6.907755278982137
7595,emr,1,1,6.907755278982137
7596,emuls,1,1,6.907755278982137
7597,emulsifi,1,1,6.907755278982137
7598,enc,1,1,6.907755278982137
7599,encephalomyel,1,1,6.907755278982137
7600,enchid,1,1,6.907755278982137
7601,encuesta,1,1,6.907755278982137
7602,endocannabinoid,1,1,6.907755278982137
7603,endocrinopathi,1,1,6.907755278982137
7604,endocyt,1,1,6.907755278982137
7605,endocytosi,1,1,6.907755278982137
7606,endometrium,1,1,6.907755278982137
7607,endopat,1,1,6.907755278982137
7608,endosom,1,1,6.907755278982137
7609,endotoxin,1,1,6.907755278982137
7610,endovascular,1,1,6.907755278982137
7611,energis,1,1,6.907755278982137
7612,enforc,1,1,6.907755278982137
7613,engend,1,1,6.907755278982137
7614,england,1,1,6.907755278982137
7615,enquir,1,1,6.907755278982137
7616,ensmust00000155383,1,1,6.907755278982137
7617,ensu,1,1,6.907755278982137
7618,entail,1,1,6.907755278982137
7619,enterohepat,1,1,6.907755278982137
7620,enteropancreat,1,1,6.907755278982137
7621,enterpris,1,1,6.907755278982137
7622,entitl,1,1,6.907755278982137
7623,entpd1,1,1,6.907755278982137
7624,entpd3,1,1,6.907755278982137
7625,entrench,1,1,6.907755278982137
7626,epi,1,1,6.907755278982137
7627,epistemoniko,1,1,6.907755278982137
7628,eplerenon,1,1,6.907755278982137
7629,eqtl,1,1,6.907755278982137
7630,eqtlgen,1,1,6.907755278982137
7631,eras,1,1,6.907755278982137
7632,erk1,1,1,6.907755278982137
7633,eruct,1,1,6.907755278982137
7634,erupt,1,1,6.907755278982137
7635,erythema,1,1,6.907755278982137
7636,erythropoiesi,1,1,6.907755278982137
7637,esada,1,1,6.907755278982137
7638,esophagectomi,1,1,6.907755278982137
7639,esposur,1,1,6.907755278982137
7640,esr1,1,1,6.907755278982137
7641,essai,1,1,6.907755278982137
7642,esterif,1,1,6.907755278982137
7643,etc,1,1,6.907755278982137
7644,etco₂,1,1,6.907755278982137
7645,ethanol,1,1,6.907755278982137
7646,ether,1,1,6.907755278982137
7647,ethnopharmacolog,1,1,6.907755278982137
7648,ethylen,1,1,6.907755278982137
7649,eubiosi,1,1,6.907755278982137
7650,eudka,1,1,6.907755278982137
7651,euglycaem,1,1,6.907755278982137
7652,euglycem,1,1,6.907755278982137
7653,eugonad,1,1,6.907755278982137
7654,europepmc,1,1,6.907755278982137
7655,euroqol,1,1,6.907755278982137
7656,euthyroid,1,1,6.907755278982137
7657,evad,1,1,6.907755278982137
7658,evas,1,1,6.907755278982137
7659,evidentiari,1,1,6.907755278982137
7660,exagger,1,1,6.907755278982137
7661,exceedingli,1,1,6.907755278982137
7662,excipi,1,1,6.907755278982137
7663,excit,1,1,6.907755278982137
7664,exendin9,1,1,6.907755278982137
7665,exocrin,1,1,6.907755278982137
7666,exom,1,1,6.907755278982137
7667,exosom,1,1,6.907755278982137
7668,expertis,1,1,6.907755278982137
7669,expiri,1,1,6.907755278982137
7670,exponenti,1,1,6.907755278982137
7671,exquisit,1,1,6.907755278982137
7672,extant,1,1,6.907755278982137
7673,extra,1,1,6.907755278982137
7674,extracutan,1,1,6.907755278982137
7675,extraordinari,1,1,6.907755278982137
7676,extrins,1,1,6.907755278982137
7677,extrus,1,1,6.907755278982137
7678,ezetimib,1,1,6.907755278982137
7679,f12,1,1,6.907755278982137
7680,f96,1,1,6.907755278982137
7681,fabric,1,1,6.907755278982137
7682,fact,1,1,6.907755278982137
7683,fad,1,1,6.907755278982137
7684,faecalibacterium,1,1,6.907755278982137
7685,faecalicatena,1,1,6.907755278982137
7686,faecousia,1,1,6.907755278982137
7687,fasciculin,1,1,6.907755278982137
7688,fashion,1,1,6.907755278982137
7689,fasn,1,1,6.907755278982137
7690,fatherhood,1,1,6.907755278982137
7691,fbg,1,1,6.907755278982137
7692,fbxo32,1,1,6.907755278982137
7693,fd,1,1,6.907755278982137
7694,febril,1,1,6.907755278982137
7695,fedrat,1,1,6.907755278982137
7696,feet,1,1,6.907755278982137
7697,feno,1,1,6.907755278982137
7698,ffa,1,1,6.907755278982137
7699,ffar4,1,1,6.907755278982137
7700,ffl,1,1,6.907755278982137
7701,fg,1,1,6.907755278982137
7702,fgf15,1,1,6.907755278982137
7703,fgf23,1,1,6.907755278982137
7704,fig,1,1,6.907755278982137
7705,figur,1,1,6.907755278982137
7706,filamin,1,1,6.907755278982137
7707,filler,1,1,6.907755278982137
7708,finit,1,1,6.907755278982137
7709,fire,1,1,6.907755278982137
7710,fischer,1,1,6.907755278982137
7711,fitbit,1,1,6.907755278982137
7712,fitzpatrick,1,1,6.907755278982137
7713,flat,1,1,6.907755278982137
7714,flavonol,1,1,6.907755278982137
7715,flexneri,1,1,6.907755278982137
7716,flora,1,1,6.907755278982137
7717,flu,1,1,6.907755278982137
7718,fmd,1,1,6.907755278982137
7719,fnl,1,1,6.907755278982137
7720,focal,1,1,6.907755278982137
7721,folklor,1,1,6.907755278982137
7722,folliculogenesi,1,1,6.907755278982137
7723,fondaparinux,1,1,6.907755278982137
7724,foodborn,1,1,6.907755278982137
7725,footnot,1,1,6.907755278982137
7726,ford,1,1,6.907755278982137
7727,forefront,1,1,6.907755278982137
7728,forestal,1,1,6.907755278982137
7729,forkhead,1,1,6.907755278982137
7730,formid,1,1,6.907755278982137
7731,formulari,1,1,6.907755278982137
7732,fortun,1,1,6.907755278982137
7733,fourier,1,1,6.907755278982137
7734,fourteen,1,1,6.907755278982137
7735,foxo1,1,1,6.907755278982137
7736,foxp3,1,1,6.907755278982137
7737,fragil,1,1,6.907755278982137
7738,french,1,1,6.907755278982137
7739,freseniu,1,1,6.907755278982137
7740,frontrunn,1,1,6.907755278982137
7741,fsp1,1,1,6.907755278982137
7742,ftir,1,1,6.907755278982137
7743,funder,1,1,6.907755278982137
7744,fungu,1,1,6.907755278982137
7745,futil,1,1,6.907755278982137
7746,g1,1,1,6.907755278982137
7747,g3b,1,1,6.907755278982137
7748,g6,1,1,6.907755278982137
7749,gabaerg,1,1,6.907755278982137
7750,gadu,1,1,6.907755278982137
7751,galactosid,1,1,6.907755278982137
7752,gallol,1,1,6.907755278982137
7753,ganglia,1,1,6.907755278982137
7754,garlic,1,1,6.907755278982137
7755,gasseri,1,1,6.907755278982137
7756,gastro,1,1,6.907755278982137
7757,gastroplasti,1,1,6.907755278982137
7758,gastroscopi,1,1,6.907755278982137
7759,gastrostomi,1,1,6.907755278982137
7760,gata6,1,1,6.907755278982137
7761,gaunt,1,1,6.907755278982137
7762,gave,1,1,6.907755278982137
7763,gcase,1,1,6.907755278982137
7764,gcr,1,1,6.907755278982137
7765,gcst90691839,1,1,6.907755278982137
7766,gcst90691840,1,1,6.907755278982137
7767,gcst90691841,1,1,6.907755278982137
7768,gdc,1,1,6.907755278982137
7769,gdf,1,1,6.907755278982137
7770,gdp,1,1,6.907755278982137
7771,genotox,1,1,6.907755278982137
7772,gentamicin,1,1,6.907755278982137
7773,geriatr,1,1,6.907755278982137
7774,germ,1,1,6.907755278982137
7775,germin,1,1,6.907755278982137
7776,geroprotector,1,1,6.907755278982137
7777,gerosci,1,1,6.907755278982137
7778,gfp,1,1,6.907755278982137
7779,gfr,1,1,6.907755278982137
7780,ghba1c,1,1,6.907755278982137
7781,gipra,1,1,6.907755278982137
7782,girl,1,1,6.907755278982137
7783,glass,1,1,6.907755278982137
7784,glean,1,1,6.907755278982137
7785,glia,1,1,6.907755278982137
7786,gliflozin,1,1,6.907755278982137
7787,glimin,1,1,6.907755278982137
7788,glinid,1,1,6.907755278982137
7789,gliptin,1,1,6.907755278982137
7790,gln221,1,1,6.907755278982137
7791,globe,1,1,6.907755278982137
7792,globular,1,1,6.907755278982137
7793,globulin,1,1,6.907755278982137
7794,glomerulomegali,1,1,6.907755278982137
7795,glomerulonephr,1,1,6.907755278982137
7796,glomerulopathi,1,1,6.907755278982137
7797,glomerulosclerosi,1,1,6.907755278982137
7798,glp1a,1,1,6.907755278982137
7799,glpg0974,1,1,6.907755278982137
7800,glucoamylas,1,1,6.907755278982137
7801,glucogalactomannan,1,1,6.907755278982137
7802,glucokinas,1,1,6.907755278982137
7803,glucolipid,1,1,6.907755278982137
7804,glucolipotox,1,1,6.907755278982137
7805,glucosamin,1,1,6.907755278982137
7806,glucotox,1,1,6.907755278982137
7807,glucuronid,1,1,6.907755278982137
7808,gluredia,1,1,6.907755278982137
7809,glut,1,1,6.907755278982137
7810,glut4,1,1,6.907755278982137
7811,glutamin,1,1,6.907755278982137
7812,glutamyl,1,1,6.907755278982137
7813,glycero,1,1,6.907755278982137
7814,glycin,1,1,6.907755278982137
7815,glycodeoxychol,1,1,6.907755278982137
7816,glycomacropeptid,1,1,6.907755278982137
7817,glymphat,1,1,6.907755278982137
7818,gmh,1,1,6.907755278982137
7819,gmr,1,1,6.907755278982137
7820,gnina,1,1,6.907755278982137
7821,gnrh,1,1,6.907755278982137
7822,goe,1,1,6.907755278982137
7823,golgi,1,1,6.907755278982137
7824,gone,1,1,6.907755278982137
7825,govnct04652479,1,1,6.907755278982137
7826,gph,1,1,6.907755278982137
7827,gpr120,1,1,6.907755278982137
7828,gpr158,1,1,6.907755278982137
7829,gpr41,1,1,6.907755278982137
7830,gprotein,1,1,6.907755278982137
7831,gq,1,1,6.907755278982137
7832,gra,1,1,6.907755278982137
7833,gradual,1,1,6.907755278982137
7834,gram,1,1,6.907755278982137
7835,granular,1,1,6.907755278982137
7836,granulomat,1,1,6.907755278982137
7837,graph,1,1,6.907755278982137
7838,graphic,1,1,6.907755278982137
7839,grappa,1,1,6.907755278982137
7840,gravit,1,1,6.907755278982137
7841,grip,1,1,6.907755278982137
7842,gross,1,1,6.907755278982137
7843,groundwork,1,1,6.907755278982137
7844,grown,1,1,6.907755278982137
7845,grp78,1,1,6.907755278982137
7846,gsdmd,1,1,6.907755278982137
7847,gsk3β,1,1,6.907755278982137
7848,guanidinium,1,1,6.907755278982137
7849,guanosin,1,1,6.907755278982137
7850,guardian,1,1,6.907755278982137
7851,guardrail,1,1,6.907755278982137
7852,guild,1,1,6.907755278982137
7853,gwa,1,1,6.907755278982137
7854,gα,1,1,6.907755278982137
7855,h2o2,1,1,6.907755278982137
7856,habitu,1,1,6.907755278982137
7857,haemolysi,1,1,6.907755278982137
7858,haenszel,1,1,6.907755278982137
7859,hallucin,1,1,6.907755278982137
7860,halv,1,1,6.907755278982137
7861,hangzhou,1,1,6.907755278982137
7862,haptoglobin,1,1,6.907755278982137
7863,harmoni,1,1,6.907755278982137
7864,hart,1,1,6.907755278982137
7865,hartung,1,1,6.907755278982137
7866,haugh,1,1,6.907755278982137
7867,hcmec,1,1,6.907755278982137
7868,hdlc,1,1,6.907755278982137
7869,heavier,1,1,6.907755278982137
7870,hec50,1,1,6.907755278982137
7871,helic,1,1,6.907755278982137
7872,helio,1,1,6.907755278982137
7873,helper,1,1,6.907755278982137
7874,helsinki,1,1,6.907755278982137
7875,hematoma,1,1,6.907755278982137
7876,hemiparesi,1,1,6.907755278982137
7877,hemiplegia,1,1,6.907755278982137
7878,hemodiafiltr,1,1,6.907755278982137
7879,hemolysi,1,1,6.907755278982137
7880,hemostasi,1,1,6.907755278982137
7881,henri,1,1,6.907755278982137
7882,heparin,1,1,6.907755278982137
7883,hepato,1,1,6.907755278982137
7884,hepatobiliari,1,1,6.907755278982137
7885,heptam,1,1,6.907755278982137
7886,hepten,1,1,6.907755278982137
7887,hernia,1,1,6.907755278982137
7888,herringbon,1,1,6.907755278982137
7889,hesit,1,1,6.907755278982137
7890,hexam,1,1,6.907755278982137
7891,hexapeptid,1,1,6.907755278982137
7892,hfc,1,1,6.907755278982137
7893,hfl,1,1,6.907755278982137
7894,hglp,1,1,6.907755278982137
7895,hhsn268200800007c,1,1,6.907755278982137
7896,hhsn268201200036c,1,1,6.907755278982137
7897,hhsn268201800001c,1,1,6.907755278982137
7898,hiapp,1,1,6.907755278982137
7899,hidden,1,1,6.907755278982137
7900,highdefinit,1,1,6.907755278982137
7901,hill,1,1,6.907755278982137
7902,hindbrain,1,1,6.907755278982137
7903,hirsut,1,1,6.907755278982137
7904,histon,1,1,6.907755278982137
7905,hit,1,1,6.907755278982137
7906,hitherto,1,1,6.907755278982137
7907,hk,1,1,6.907755278982137
7908,hk2,1,1,6.907755278982137
7909,hn001,1,1,6.907755278982137
7910,hn019,1,1,6.907755278982137
7911,hollow,1,1,6.907755278982137
7912,homogen,1,1,6.907755278982137
7913,hoo,1,1,6.907755278982137
7914,hope,1,1,6.907755278982137
7915,hotspot,1,1,6.907755278982137
7916,household,1,1,6.907755278982137
7917,housekeep,1,1,6.907755278982137
7918,hplc,1,1,6.907755278982137
7919,hresim,1,1,6.907755278982137
7920,hrs9531,1,1,6.907755278982137
7921,ht2a,1,1,6.907755278982137
7922,ht3,1,1,6.907755278982137
7923,hu,1,1,6.907755278982137
7924,hua,1,1,6.907755278982137
7925,huadong,1,1,6.907755278982137
7926,huis,1,1,6.907755278982137
7927,humor,1,1,6.907755278982137
7928,humour,1,1,6.907755278982137
7929,hurlei,1,1,6.907755278982137
7930,hydrasti,1,1,6.907755278982137
7931,hydrocarbon,1,1,6.907755278982137
7932,hydrolysi,1,1,6.907755278982137
7933,hydrophil,1,1,6.907755278982137
7934,hydrostat,1,1,6.907755278982137
7935,hydroxid,1,1,6.907755278982137
7936,hydroxybenzyl,1,1,6.907755278982137
7937,hydroxybutyr,1,1,6.907755278982137
7938,hydroxyindoleacet,1,1,6.907755278982137
7939,hydroxylas,1,1,6.907755278982137
7940,hydroxyphenyl,1,1,6.907755278982137
7941,hydroxytryptamin,1,1,6.907755278982137
7942,hyperact,1,1,6.907755278982137
7943,hyperaem,1,1,6.907755278982137
7944,hyperalgesia,1,1,6.907755278982137
7945,hyperandrogen,1,1,6.907755278982137
7946,hypercholesterolaemia,1,1,6.907755278982137
7947,hyperemia,1,1,6.907755278982137
7948,hyperglycolysi,1,1,6.907755278982137
7949,hyperhidrosi,1,1,6.907755278982137
7950,hyperkalemia,1,1,6.907755278982137
7951,hyperkeratot,1,1,6.907755278982137
7952,hypermethyl,1,1,6.907755278982137
7953,hypermetrop,1,1,6.907755278982137
7954,hyperoxaluria,1,1,6.907755278982137
7955,hyperphosphoryl,1,1,6.907755278982137
7956,hyperpigment,1,1,6.907755278982137
7957,hyperreact,1,1,6.907755278982137
7958,hypersomnol,1,1,6.907755278982137
7959,hyperthyroid,1,1,6.907755278982137
7960,hypertroph,1,1,6.907755278982137
7961,hypholomin,1,1,6.907755278982137
7962,hypnopomp,1,1,6.907755278982137
7963,hypocalor,1,1,6.907755278982137
7964,hypolipidem,1,1,6.907755278982137
7965,hypomotil,1,1,6.907755278982137
7966,hölscher,1,1,6.907755278982137
7967,iapp,1,1,6.907755278982137
7968,iba1,1,1,6.907755278982137
7969,ibogain,1,1,6.907755278982137
7970,ibot,1,1,6.907755278982137
7971,ic025,1,1,6.907755278982137
7972,ic50,1,1,6.907755278982137
7973,iceland,1,1,6.907755278982137
7974,icosap,1,1,6.907755278982137
7975,icu,1,1,6.907755278982137
7976,ideglira,1,1,6.907755278982137
7977,ietsi,1,1,6.907755278982137
7978,ifcc,1,1,6.907755278982137
7979,ignor,1,1,6.907755278982137
7980,iia,1,1,6.907755278982137
7981,ikk,1,1,6.907755278982137
7982,ikzf2,1,1,6.907755278982137
7983,illeg,1,1,6.907755278982137
7984,illumin,1,1,6.907755278982137
7985,illumina,1,1,6.907755278982137
7986,imbalanc,1,1,6.907755278982137
7987,immobil,1,1,6.907755278982137
7988,immortalis,1,1,6.907755278982137
7989,immunoassai,1,1,6.907755278982137
7990,immunocytochemistri,1,1,6.907755278982137
7991,immunomodul,1,1,6.907755278982137
7992,immunoprevent,1,1,6.907755278982137
7993,immunostain,1,1,6.907755278982137
7994,impend,1,1,6.907755278982137
7995,imperfectli,1,1,6.907755278982137
7996,importanceobes,1,1,6.907755278982137
7997,imprint,1,1,6.907755278982137
7998,impur,1,1,6.907755278982137
7999,inaccuraci,1,1,6.907755278982137
8000,inact,1,1,6.907755278982137
8001,inactiv,1,1,6.907755278982137
8002,inaugur,1,1,6.907755278982137
8003,inbody720,1,1,6.907755278982137
8004,inborn,1,1,6.907755278982137
8005,incent,1,1,6.907755278982137
8006,incident,1,1,6.907755278982137
8007,incontin,1,1,6.907755278982137
8008,incur,1,1,6.907755278982137
8009,indefinit,1,1,6.907755278982137
8010,indetermin,1,1,6.907755278982137
8011,indicatethat,1,1,6.907755278982137
8012,indigen,1,1,6.907755278982137
8013,indispens,1,1,6.907755278982137
8014,ineffect,1,1,6.907755278982137
8015,inequit,1,1,6.907755278982137
8016,infanc,1,1,6.907755278982137
8017,infantil,1,1,6.907755278982137
8018,inflam,1,1,6.907755278982137
8019,inflect,1,1,6.907755278982137
8020,infliximab,1,1,6.907755278982137
8021,infodem,1,1,6.907755278982137
8022,informat,1,1,6.907755278982137
8023,infrar,1,1,6.907755278982137
8024,ingelheim,1,1,6.907755278982137
8025,innerv,1,1,6.907755278982137
8026,inoscavin,1,1,6.907755278982137
8027,inquir,1,1,6.907755278982137
8028,inquiri,1,1,6.907755278982137
8029,insensit,1,1,6.907755278982137
8030,insert,1,1,6.907755278982137
8031,instagram,1,1,6.907755278982137
8032,instantan,1,1,6.907755278982137
8033,institutet,1,1,6.907755278982137
8034,insulinaem,1,1,6.907755278982137
8035,insulinem,1,1,6.907755278982137
8036,insulinogen,1,1,6.907755278982137
8037,integ,1,1,6.907755278982137
8038,integras,1,1,6.907755278982137
8039,intellectu,1,1,6.907755278982137
8040,interactom,1,1,6.907755278982137
8041,intercellular,1,1,6.907755278982137
8042,intercohort,1,1,6.907755278982137
8043,interconvers,1,1,6.907755278982137
8044,intercurr,1,1,6.907755278982137
8045,interestingli,1,1,6.907755278982137
8046,interf,1,1,6.907755278982137
8047,interim,1,1,6.907755278982137
8048,interkeratinocyt,1,1,6.907755278982137
8049,interleukin18,1,1,6.907755278982137
8050,interlobular,1,1,6.907755278982137
8051,interlock,1,1,6.907755278982137
8052,intermediari,1,1,6.907755278982137
8053,interspeci,1,1,6.907755278982137
8054,intertrigin,1,1,6.907755278982137
8055,interven,1,1,6.907755278982137
8056,intim,1,1,6.907755278982137
8057,intima,1,1,6.907755278982137
8058,intodiseas,1,1,6.907755278982137
8059,intracerebr,1,1,6.907755278982137
8060,intract,1,1,6.907755278982137
8061,intradialyt,1,1,6.907755278982137
8062,intraduct,1,1,6.907755278982137
8063,intraglomerular,1,1,6.907755278982137
8064,intraindividu,1,1,6.907755278982137
8065,intrainsular,1,1,6.907755278982137
8066,intraocular,1,1,6.907755278982137
8067,intrathorac,1,1,6.907755278982137
8068,introductiondiabet,1,1,6.907755278982137
8069,intub,1,1,6.907755278982137
8070,intuit,1,1,6.907755278982137
8071,inund,1,1,6.907755278982137
8072,invalu,1,1,6.907755278982137
8073,investor,1,1,6.907755278982137
8074,ionic,1,1,6.907755278982137
8075,ipgtt,1,1,6.907755278982137
8076,irb,1,1,6.907755278982137
8077,irbesartan,1,1,6.907755278982137
8078,ireland,1,1,6.907755278982137
8079,irf3,1,1,6.907755278982137
8080,iri,1,1,6.907755278982137
8081,irregular,1,1,6.907755278982137
8082,irrelev,1,1,6.907755278982137
8083,ischaemia,1,1,6.907755278982137
8084,isoform,1,1,6.907755278982137
8085,isopropylacrylamid,1,1,6.907755278982137
8086,isoquinolin,1,1,6.907755278982137
8087,isra,1,1,6.907755278982137
8088,itacon,1,1,6.907755278982137
8089,itali,1,1,6.907755278982137
8090,itch,1,1,6.907755278982137
8091,iter,1,1,6.907755278982137
8092,iu1,1,1,6.907755278982137
8093,ivw,1,1,6.907755278982137
8094,jadad,1,1,6.907755278982137
8095,jan,1,1,6.907755278982137
8096,japonica,1,1,6.907755278982137
8097,japonicu,1,1,6.907755278982137
8098,jasn,1,1,6.907755278982137
8099,jbi,1,1,6.907755278982137
8100,jeddah,1,1,6.907755278982137
8101,jejun,1,1,6.907755278982137
8102,jejunum,1,1,6.907755278982137
8103,jerusalem,1,1,6.907755278982137
8104,jiang,1,1,6.907755278982137
8105,jingfen,1,1,6.907755278982137
8106,jnj,1,1,6.907755278982137
8107,johansen,1,1,6.907755278982137
8108,johnsonii,1,1,6.907755278982137
8109,jonkman,1,1,6.907755278982137
8110,jq1,1,1,6.907755278982137
8111,jr,1,1,6.907755278982137
8112,judgment,1,1,6.907755278982137
8113,juic,1,1,6.907755278982137
8114,kameda,1,1,6.907755278982137
8115,karelia,1,1,6.907755278982137
8116,karolinska,1,1,6.907755278982137
8117,katsumadai,1,1,6.907755278982137
8118,keap1,1,1,6.907755278982137
8119,kefir,1,1,6.907755278982137
8120,kenni,1,1,6.907755278982137
8121,kept,1,1,6.907755278982137
8122,keto,1,1,6.907755278982137
8123,ketogenesi,1,1,6.907755278982137
8124,kgco₂e,1,1,6.907755278982137
8125,kickback,1,1,6.907755278982137
8126,kickstart,1,1,6.907755278982137
8127,kim,1,1,6.907755278982137
8128,kimchi,1,1,6.907755278982137
8129,kit,1,1,6.907755278982137
8130,km,1,1,6.907755278982137
8131,knapp,1,1,6.907755278982137
8132,know,1,1,6.907755278982137
8133,komodo,1,1,6.907755278982137
8134,korea,1,1,6.907755278982137
8135,korsakoff,1,1,6.907755278982137
8136,kpa,1,1,6.907755278982137
8137,ksa,1,1,6.907755278982137
8138,kynuren,1,1,6.907755278982137
8139,kyoto,1,1,6.907755278982137
8140,kyphoplasti,1,1,6.907755278982137
8141,l260f,1,1,6.907755278982137
8142,l260f3,1,1,6.907755278982137
8143,l71,1,1,6.907755278982137
8144,laacf,1,1,6.907755278982137
8145,labda,1,1,6.907755278982137
8146,labil,1,1,6.907755278982137
8147,labyrinth,1,1,6.907755278982137
8148,lacti,1,1,6.907755278982137
8149,lactiplantibacillu,1,1,6.907755278982137
8150,laird,1,1,6.907755278982137
8151,lamina,1,1,6.907755278982137
8152,lamp,1,1,6.907755278982137
8153,lancast,1,1,6.907755278982137
8154,laryngologist,1,1,6.907755278982137
8155,lauric,1,1,6.907755278982137
8156,lautropia,1,1,6.907755278982137
8157,lavag,1,1,6.907755278982137
8158,lc3b,1,1,6.907755278982137
8159,lcr86,1,1,6.907755278982137
8160,leak,1,1,6.907755278982137
8161,leakag,1,1,6.907755278982137
8162,leaki,1,1,6.907755278982137
8163,lecanemab,1,1,6.907755278982137
8164,lee,1,1,6.907755278982137
8165,legum,1,1,6.907755278982137
8166,lens,1,1,6.907755278982137
8167,lentiviru,1,1,6.907755278982137
8168,leptogranulimona,1,1,6.907755278982137
8169,lesser,1,1,6.907755278982137
8170,lethal,1,1,6.907755278982137
8171,leukocyt,1,1,6.907755278982137
8172,leumit,1,1,6.907755278982137
8173,leuprorelin,1,1,6.907755278982137
8174,lever,1,1,6.907755278982137
8175,lexisnexi,1,1,6.907755278982137
8176,lfc,1,1,6.907755278982137
8177,lfd,1,1,6.907755278982137
8178,licens,1,1,6.907755278982137
8179,lifecours,1,1,6.907755278982137
8180,ligat,1,1,6.907755278982137
8181,lighter,1,1,6.907755278982137
8182,lighthous,1,1,6.907755278982137
8183,lilac,1,1,6.907755278982137
8184,limbic,1,1,6.907755278982137
8185,limosilactobacillu,1,1,6.907755278982137
8186,linearli,1,1,6.907755278982137
8187,lip,1,1,6.907755278982137
8188,lipemia,1,1,6.907755278982137
8189,lipidaemia,1,1,6.907755278982137
8190,lipoabdominoplasti,1,1,6.907755278982137
8191,lipodystrophi,1,1,6.907755278982137
8192,lipoic,1,1,6.907755278982137
8193,lipolysi,1,1,6.907755278982137
8194,lipophagi,1,1,6.907755278982137
8195,lipophil,1,1,6.907755278982137
8196,liposom,1,1,6.907755278982137
8197,literaci,1,1,6.907755278982137
8198,lithogen,1,1,6.907755278982137
8199,livertox,1,1,6.907755278982137
8200,lixi,1,1,6.907755278982137
8201,lixipark,1,1,6.907755278982137
8202,lm,1,1,6.907755278982137
8203,lnuacr,1,1,6.907755278982137
8204,locoregion,1,1,6.907755278982137
8205,locu,1,1,6.907755278982137
8206,lod,1,1,6.907755278982137
8207,log2,1,1,6.907755278982137
8208,logit,1,1,6.907755278982137
8209,lombardi,1,1,6.907755278982137
8210,longissimu,1,1,6.907755278982137
8211,loq,1,1,6.907755278982137
8212,lorcaserin,1,1,6.907755278982137
8213,lorundrostat,1,1,6.907755278982137
8214,lpc,1,1,6.907755278982137
8215,lr08,1,1,6.907755278982137
8216,lra05,1,1,6.907755278982137
8217,ltd,1,1,6.907755278982137
8218,luma,1,1,6.907755278982137
8219,lutein,1,1,6.907755278982137
8220,lux,1,1,6.907755278982137
8221,lvedp,1,1,6.907755278982137
8222,lxr,1,1,6.907755278982137
8223,ly2189265,1,1,6.907755278982137
8224,ly3437943,1,1,6.907755278982137
8225,lymphat,1,1,6.907755278982137
8226,lymphoid,1,1,6.907755278982137
8227,m0,1,1,6.907755278982137
8228,machineri,1,1,6.907755278982137
8229,macrocycl,1,1,6.907755278982137
8230,macrogenom,1,1,6.907755278982137
8231,macrolid,1,1,6.907755278982137
8232,macromolecul,1,1,6.907755278982137
8233,maestro,1,1,6.907755278982137
8234,mafa,1,1,6.907755278982137
8235,mafb,1,1,6.907755278982137
8236,mage,1,1,6.907755278982137
8237,mallei,1,1,6.907755278982137
8238,maltas,1,1,6.907755278982137
8239,maltosid,1,1,6.907755278982137
8240,mandarin,1,1,6.907755278982137
8241,mandibular,1,1,6.907755278982137
8242,mann,1,1,6.907755278982137
8243,manometri,1,1,6.907755278982137
8244,mantel,1,1,6.907755278982137
8245,mao,1,1,6.907755278982137
8246,mapk,1,1,6.907755278982137
8247,mapk3,1,1,6.907755278982137
8248,marin,1,1,6.907755278982137
8249,marit,1,1,6.907755278982137
8250,marketplac,1,1,6.907755278982137
8251,mart,1,1,6.907755278982137
8252,massachusett,1,1,6.907755278982137
8253,master,1,1,6.907755278982137
8254,masteri,1,1,6.907755278982137
8255,mate,1,1,6.907755278982137
8256,mate1,1,1,6.907755278982137
8257,materia,1,1,6.907755278982137
8258,mathemat,1,1,6.907755278982137
8259,maxillofaci,1,1,6.907755278982137
8260,mca,1,1,6.907755278982137
8261,mcmaster,1,1,6.907755278982137
8262,mdc,1,1,6.907755278982137
8263,meat,1,1,6.907755278982137
8264,mechanometabol,1,1,6.907755278982137
8265,med,1,1,6.907755278982137
8266,medfin,1,1,6.907755278982137
8267,medial,1,1,6.907755278982137
8268,medica,1,1,6.907755278982137
8269,medicoleg,1,1,6.907755278982137
8270,medicu,1,1,6.907755278982137
8271,mediterranean,1,1,6.907755278982137
8272,megestrol,1,1,6.907755278982137
8273,mek,1,1,6.907755278982137
8274,mek1,1,1,6.907755278982137
8275,meld,1,1,6.907755278982137
8276,menarch,1,1,6.907755278982137
8277,menoyoung,1,1,6.907755278982137
8278,menu,1,1,6.907755278982137
8279,mep,1,1,6.907755278982137
8280,merip,1,1,6.907755278982137
8281,mesenchym,1,1,6.907755278982137
8282,mesenter,1,1,6.907755278982137
8283,mesh,1,1,6.907755278982137
8284,methanol,1,1,6.907755278982137
8285,methodsa,1,1,6.907755278982137
8286,methodsin,1,1,6.907755278982137
8287,methotrex,1,1,6.907755278982137
8288,methyladenin,1,1,6.907755278982137
8289,methyladenosin,1,1,6.907755278982137
8290,methylglyox,1,1,6.907755278982137
8291,methylprednisolon,1,1,6.907755278982137
8292,methylsulfonyl,1,1,6.907755278982137
8293,methyltransferas,1,1,6.907755278982137
8294,mga,1,1,6.907755278982137
8295,mgb,1,1,6.907755278982137
8296,mgh,1,1,6.907755278982137
8297,mgp,1,1,6.907755278982137
8298,michigand,1,1,6.907755278982137
8299,microbiolog,1,1,6.907755278982137
8300,microchip,1,1,6.907755278982137
8301,microcirculatori,1,1,6.907755278982137
8302,microenvironment,1,1,6.907755278982137
8303,micrograv,1,1,6.907755278982137
8304,micromachin,1,1,6.907755278982137
8305,microneedl,1,1,6.907755278982137
8306,micronucleu,1,1,6.907755278982137
8307,microorgan,1,1,6.907755278982137
8308,microparticl,1,1,6.907755278982137
8309,microsom,1,1,6.907755278982137
8310,microvasculatur,1,1,6.907755278982137
8311,midwestern,1,1,6.907755278982137
8312,mifepriston,1,1,6.907755278982137
8313,milder,1,1,6.907755278982137
8314,mildli,1,1,6.907755278982137
8315,mimick,1,1,6.907755278982137
8316,ming,1,1,6.907755278982137
8317,minireview,1,1,6.907755278982137
8318,minoxidil,1,1,6.907755278982137
8319,minu,1,1,6.907755278982137
8320,mirag,1,1,6.907755278982137
8321,mirna,1,1,6.907755278982137
8322,misalign,1,1,6.907755278982137
8323,misdifferenti,1,1,6.907755278982137
8324,mishandl,1,1,6.907755278982137
8325,misjudg,1,1,6.907755278982137
8326,mississippi,1,1,6.907755278982137
8327,misunderstood,1,1,6.907755278982137
8328,mitoq,1,1,6.907755278982137
8329,miu,1,1,6.907755278982137
8330,mmp9,1,1,6.907755278982137
8331,mnemon,1,1,6.907755278982137
8332,moca,1,1,6.907755278982137
8333,modafinil,1,1,6.907755278982137
8334,modulatori,1,1,6.907755278982137
8335,mody6,1,1,6.907755278982137
8336,moieti,1,1,6.907755278982137
8337,mold,1,1,6.907755278982137
8338,molecularli,1,1,6.907755278982137
8339,molybd,1,1,6.907755278982137
8340,monetari,1,1,6.907755278982137
8341,monoagonist,1,1,6.907755278982137
8342,monocrotalin,1,1,6.907755278982137
8343,monodispers,1,1,6.907755278982137
8344,monomer,1,1,6.907755278982137
8345,monosaccharid,1,1,6.907755278982137
8346,monosodium,1,1,6.907755278982137
8347,monoton,1,1,6.907755278982137
8348,mont,1,1,6.907755278982137
8349,montreal,1,1,6.907755278982137
8350,morbidli,1,1,6.907755278982137
8351,morphin,1,1,6.907755278982137
8352,morphogenesi,1,1,6.907755278982137
8353,mortem,1,1,6.907755278982137
8354,moru,1,1,6.907755278982137
8355,mossi,1,1,6.907755278982137
8356,motif,1,1,6.907755278982137
8357,mounjaro,1,1,6.907755278982137
8358,mrc1,1,1,6.907755278982137
8359,msu,1,1,6.907755278982137
8360,mt,1,1,6.907755278982137
8361,mtd,1,1,6.907755278982137
8362,mtiwnjmx,1,1,6.907755278982137
8363,mtx,1,1,6.907755278982137
8364,mucodiffus,1,1,6.907755278982137
8365,mucosa,1,1,6.907755278982137
8366,multicellular,1,1,6.907755278982137
8367,multidirect,1,1,6.907755278982137
8368,multidrug,1,1,6.907755278982137
8369,multifactor,1,1,6.907755278982137
8370,multifrequ,1,1,6.907755278982137
8371,multihormon,1,1,6.907755278982137
8372,multiinstitut,1,1,6.907755278982137
8373,multiparametr,1,1,6.907755278982137
8374,multisocieti,1,1,6.907755278982137
8375,multistakehold,1,1,6.907755278982137
8376,multistep,1,1,6.907755278982137
8377,multitissu,1,1,6.907755278982137
8378,murf1,1,1,6.907755278982137
8379,muri,1,1,6.907755278982137
8380,muribaculacea,1,1,6.907755278982137
8381,muscular,1,1,6.907755278982137
8382,musculatur,1,1,6.907755278982137
8383,mutagenesi,1,1,6.907755278982137
8384,mute,1,1,6.907755278982137
8385,mutual,1,1,6.907755278982137
8386,mw,1,1,6.907755278982137
8387,myalgic,1,1,6.907755278982137
8388,myelocyt,1,1,6.907755278982137
8389,myoblast,1,1,6.907755278982137
8390,myocardium,1,1,6.907755278982137
8391,myograph,1,1,6.907755278982137
8392,myopathi,1,1,6.907755278982137
8393,myosteatosi,1,1,6.907755278982137
8394,myricetin,1,1,6.907755278982137
8395,n01hc55222,1,1,6.907755278982137
8396,n01hc85079,1,1,6.907755278982137
8397,n01hc85080,1,1,6.907755278982137
8398,n01hc85081,1,1,6.907755278982137
8399,n01hc85082,1,1,6.907755278982137
8400,n01hc85083,1,1,6.907755278982137
8401,n01hc85086,1,1,6.907755278982137
8402,n6,1,1,6.907755278982137
8403,n93,1,1,6.907755278982137
8404,nac,1,1,6.907755278982137
8405,nail,1,1,6.907755278982137
8406,naldemedin,1,1,6.907755278982137
8407,nanocarri,1,1,6.907755278982137
8408,nanoemulsifi,1,1,6.907755278982137
8409,nanofib,1,1,6.907755278982137
8410,nanomedicin,1,1,6.907755278982137
8411,nanomicel,1,1,6.907755278982137
8412,nanomicellar,1,1,6.907755278982137
8413,nanostructur,1,1,6.907755278982137
8414,nanotechnolog,1,1,6.907755278982137
8415,nanotoxicolog,1,1,6.907755278982137
8416,narcom,1,1,6.907755278982137
8417,narrat,1,1,6.907755278982137
8418,nascent,1,1,6.907755278982137
8419,nash,1,1,6.907755278982137
8420,nauseat,1,1,6.907755278982137
8421,navajo,1,1,6.907755278982137
8422,ncep,1,1,6.907755278982137
8423,ncfm,1,1,6.907755278982137
8424,nct03899402,1,1,6.907755278982137
8425,nct04019197,1,1,6.907755278982137
8426,nct04153929,1,1,6.907755278982137
8427,nct04591782,1,1,6.907755278982137
8428,nct04667377,1,1,6.907755278982137
8429,nct05013229,1,1,6.907755278982137
8430,nct05114018,1,1,6.907755278982137
8431,nct05152277,1,1,6.907755278982137
8432,nct05199948,1,1,6.907755278982137
8433,nct05259033,1,1,6.907755278982137
8434,nct05287906,1,1,6.907755278982137
8435,nct05352815,1,1,6.907755278982137
8436,nct05412004,1,1,6.907755278982137
8437,nct05646706,1,1,6.907755278982137
8438,nct05813912,1,1,6.907755278982137
8439,nct06010004,1,1,6.907755278982137
8440,nct06041217,1,1,6.907755278982137
8441,nct06066515,1,1,6.907755278982137
8442,nct06113146,1,1,6.907755278982137
8443,nct06124807,1,1,6.907755278982137
8444,nct06162715,1,1,6.907755278982137
8445,nct06269107,1,1,6.907755278982137
8446,nct06365385,1,1,6.907755278982137
8447,nct06410924,1,1,6.907755278982137
8448,nct06467604,1,1,6.907755278982137
8449,nct06559527,1,1,6.907755278982137
8450,nct06770621,1,1,6.907755278982137
8451,nct06789263,1,1,6.907755278982137
8452,nct06854952,1,1,6.907755278982137
8453,nct06973681,1,1,6.907755278982137
8454,nct07013409,1,1,6.907755278982137
8455,nct07014709,1,1,6.907755278982137
8456,nct07370922,1,1,6.907755278982137
8457,ndash,1,1,6.907755278982137
8458,ndkd,1,1,6.907755278982137
8459,necroptosi,1,1,6.907755278982137
8460,negat,1,1,6.907755278982137
8461,neglect,1,1,6.907755278982137
8462,nemolizumab,1,1,6.907755278982137
8463,neoadjuv,1,1,6.907755278982137
8464,neoantigen,1,1,6.907755278982137
8465,nephrologist,1,1,6.907755278982137
8466,nephron,1,1,6.907755278982137
8467,nephrot,1,1,6.907755278982137
8468,nephrotox,1,1,6.907755278982137
8469,neun,1,1,6.907755278982137
8470,neurali,1,1,6.907755278982137
8471,neuroanatom,1,1,6.907755278982137
8472,neuroblu,1,1,6.907755278982137
8473,neurochem,1,1,6.907755278982137
8474,neurodifferenti,1,1,6.907755278982137
8475,neurofibrillari,1,1,6.907755278982137
8476,neurogen,1,1,6.907755278982137
8477,neurogenin,1,1,6.907755278982137
8478,neuroglycopen,1,1,6.907755278982137
8479,neurohypophysi,1,1,6.907755278982137
8480,neuroimmun,1,1,6.907755278982137
8481,neuromodulatori,1,1,6.907755278982137
8482,neuromuscular,1,1,6.907755278982137
8483,neuronostatin,1,1,6.907755278982137
8484,neuroocular,1,1,6.907755278982137
8485,neuropatholog,1,1,6.907755278982137
8486,neuropeptidey1,1,1,6.907755278982137
8487,neuropharmacolog,1,1,6.907755278982137
8488,neurosci,1,1,6.907755278982137
8489,neurotransmiss,1,1,6.907755278982137
8490,neutralis,1,1,6.907755278982137
8491,nextida,1,1,6.907755278982137
8492,nexu,1,1,6.907755278982137
8493,ng28,1,1,6.907755278982137
8494,nga2,1,1,6.907755278982137
8495,ngf,1,1,6.907755278982137
8496,niacinamid,1,1,6.907755278982137
8497,nic,1,1,6.907755278982137
8498,nice,1,1,6.907755278982137
8499,nicotininc,1,1,6.907755278982137
8500,nightmar,1,1,6.907755278982137
8501,nighttim,1,1,6.907755278982137
8502,nigra,1,1,6.907755278982137
8503,nigrostriat,1,1,6.907755278982137
8504,nitro,1,1,6.907755278982137
8505,nitropyrimidin,1,1,6.907755278982137
8506,nitros,1,1,6.907755278982137
8507,nkx6,1,1,6.907755278982137
8508,nlrc4,1,1,6.907755278982137
8509,nlrp1b,1,1,6.907755278982137
8510,nmda,1,1,6.907755278982137
8511,nmnat2,1,1,6.907755278982137
8512,nmpa,1,1,6.907755278982137
8513,nn1213,1,1,6.907755278982137
8514,nodulari,1,1,6.907755278982137
8515,nonalcohol,1,1,6.907755278982137
8516,noncaus,1,1,6.907755278982137
8517,noncirrhot,1,1,6.907755278982137
8518,nonclass,1,1,6.907755278982137
8519,nonclin,1,1,6.907755278982137
8520,noncompar,1,1,6.907755278982137
8521,nondestruct,1,1,6.907755278982137
8522,nondialysi,1,1,6.907755278982137
8523,nonearli,1,1,6.907755278982137
8524,nonelig,1,1,6.907755278982137
8525,nonemerg,1,1,6.907755278982137
8526,nonenforc,1,1,6.907755278982137
8527,nonesterifi,1,1,6.907755278982137
8528,nonglp,1,1,6.907755278982137
8529,noninfecti,1,1,6.907755278982137
8530,noninform,1,1,6.907755278982137
8531,nonmalefic,1,1,6.907755278982137
8532,nonmetabol,1,1,6.907755278982137
8533,nonmutu,1,1,6.907755278982137
8534,nonnutrit,1,1,6.907755278982137
8535,nonopioid,1,1,6.907755278982137
8536,nonparametr,1,1,6.907755278982137
8537,nonpeptid,1,1,6.907755278982137
8538,nonpharmacolog,1,1,6.907755278982137
8539,nonpsychiatr,1,1,6.907755278982137
8540,nonren,1,1,6.907755278982137
8541,nonspecif,1,1,6.907755278982137
8542,nonstandard,1,1,6.907755278982137
8543,nonsurg,1,1,6.907755278982137
8544,nordicc3m,1,1,6.907755278982137
8545,normo,1,1,6.907755278982137
8546,normoglycemia,1,1,6.907755278982137
8547,normotens,1,1,6.907755278982137
8548,northern,1,1,6.907755278982137
8549,norwai,1,1,6.907755278982137
8550,notherapeut,1,1,6.907755278982137
8551,notorieti,1,1,6.907755278982137
8552,nov,1,1,6.907755278982137
8553,npo,1,1,6.907755278982137
8554,nrem,1,1,6.907755278982137
8555,nt5e,1,1,6.907755278982137
8556,ntcp,1,1,6.907755278982137
8557,nullifi,1,1,6.907755278982137
8558,nush,1,1,6.907755278982137
8559,nutrition,1,1,6.907755278982137
8560,nw,1,1,6.907755278982137
8561,nω,1,1,6.907755278982137
8562,o2k,1,1,6.907755278982137
8563,oac,1,1,6.907755278982137
8564,oat,1,1,6.907755278982137
8565,oatp,1,1,6.907755278982137
8566,oaxaca,1,1,6.907755278982137
8567,obesity1,1,1,6.907755278982137
8568,obesogen,1,1,6.907755278982137
8569,objection,1,1,6.907755278982137
8570,objectivesglucagon,1,1,6.907755278982137
8571,objectivesto,1,1,6.907755278982137
8572,objectiveto,1,1,6.907755278982137
8573,obstacl,1,1,6.907755278982137
8574,obviou,1,1,6.907755278982137
8575,occas,1,1,6.907755278982137
8576,occasion,1,1,6.907755278982137
8577,occupi,1,1,6.907755278982137
8578,oceania,1,1,6.907755278982137
8579,oct1,1,1,6.907755278982137
8580,oct2,1,1,6.907755278982137
8581,oculomotor,1,1,6.907755278982137
8582,oecd,1,1,6.907755278982137
8583,ofcollagen,1,1,6.907755278982137
8584,offic,1,1,6.907755278982137
8585,offload,1,1,6.907755278982137
8586,oh,1,1,6.907755278982137
8587,ohdg,1,1,6.907755278982137
8588,ohio,1,1,6.907755278982137
8589,ojag080,1,1,6.907755278982137
8590,oldest,1,1,6.907755278982137
8591,oleoyl,1,1,6.907755278982137
8592,oligo,1,1,6.907755278982137
8593,omiss,1,1,6.907755278982137
8594,omit,1,1,6.907755278982137
8595,omnibu,1,1,6.907755278982137
8596,omop,1,1,6.907755278982137
8597,oneflorida,1,1,6.907755278982137
8598,onion,1,1,6.907755278982137
8599,onlinemeta,1,1,6.907755278982137
8600,ontario,1,1,6.907755278982137
8601,onto,1,1,6.907755278982137
8602,op,1,1,6.907755278982137
8603,openalex,1,1,6.907755278982137
8604,operationalis,1,1,6.907755278982137
8605,ophiopogon,1,1,6.907755278982137
8606,opiat,1,1,6.907755278982137
8607,opiomelanocortin,1,1,6.907755278982137
8608,opposit,1,1,6.907755278982137
8609,optumlab,1,1,6.907755278982137
8610,orbit,1,1,6.907755278982137
8611,orexin,1,1,6.907755278982137
8612,organellar,1,1,6.907755278982137
8613,organis,1,1,6.907755278982137
8614,orgasm,1,1,6.907755278982137
8615,oro,1,1,6.907755278982137
8616,oroboro,1,1,6.907755278982137
8617,oromucos,1,1,6.907755278982137
8618,oropharyng,1,1,6.907755278982137
8619,orthokeratolog,1,1,6.907755278982137
8620,orthoped,1,1,6.907755278982137
8621,oscil,1,1,6.907755278982137
8622,osmol,1,1,6.907755278982137
8623,osteocyt,1,1,6.907755278982137
8624,osteopenia,1,1,6.907755278982137
8625,osteopontin,1,1,6.907755278982137
8626,otalgia,1,1,6.907755278982137
8627,otolaryngolog,1,1,6.907755278982137
8628,otolog,1,1,6.907755278982137
8629,otoscop,1,1,6.907755278982137
8630,otu,1,1,6.907755278982137
8631,out,1,1,6.907755278982137
8632,outer,1,1,6.907755278982137
8633,outli,1,1,6.907755278982137
8634,outstand,1,1,6.907755278982137
8635,ovariectom,1,1,6.907755278982137
8636,ovatu,1,1,6.907755278982137
8637,overarch,1,1,6.907755278982137
8638,overconsumpt,1,1,6.907755278982137
8639,overdu,1,1,6.907755278982137
8640,overestim,1,1,6.907755278982137
8641,overnutrit,1,1,6.907755278982137
8642,overst,1,1,6.907755278982137
8643,ovulatori,1,1,6.907755278982137
8644,ownership,1,1,6.907755278982137
8645,oxal,1,1,6.907755278982137
8646,oxazol,1,1,6.907755278982137
8647,oxford,1,1,6.907755278982137
8648,oxo,1,1,6.907755278982137
8649,oxyb,1,1,6.907755278982137
8650,ozon,1,1,6.907755278982137
8651,ozymp,1,1,6.907755278982137
8652,p62,1,1,6.907755278982137
8653,page,1,1,6.907755278982137
8654,pah,1,1,6.907755278982137
8655,paid,1,1,6.907755278982137
8656,painless,1,1,6.907755278982137
8657,palliat,1,1,6.907755278982137
8658,palm,1,1,6.907755278982137
8659,palmitoyl,1,1,6.907755278982137
8660,pancrelipas,1,1,6.907755278982137
8661,pancytopenia,1,1,6.907755278982137
8662,pandem,1,1,6.907755278982137
8663,panellist,1,1,6.907755278982137
8664,papilla,1,1,6.907755278982137
8665,parabrachi,1,1,6.907755278982137
8666,paracardiac,1,1,6.907755278982137
8667,paracasei,1,1,6.907755278982137
8668,paracetamol,1,1,6.907755278982137
8669,paragasseri,1,1,6.907755278982137
8670,paramount,1,1,6.907755278982137
8671,parapharyng,1,1,6.907755278982137
8672,parasympathet,1,1,6.907755278982137
8673,parathyroid,1,1,6.907755278982137
8674,parenter,1,1,6.907755278982137
8675,pariti,1,1,6.907755278982137
8676,park7,1,1,6.907755278982137
8677,parkinsonian,1,1,6.907755278982137
8678,paroxetin,1,1,6.907755278982137
8679,parp,1,1,6.907755278982137
8680,parti,1,1,6.907755278982137
8681,partit,1,1,6.907755278982137
8682,partum,1,1,6.907755278982137
8683,patchi,1,1,6.907755278982137
8684,patellar,1,1,6.907755278982137
8685,patenc,1,1,6.907755278982137
8686,pathobiolog,1,1,6.907755278982137
8687,patid,1,1,6.907755278982137
8688,paus,1,1,6.907755278982137
8689,pcgrimag,1,1,6.907755278982137
8690,pd3,1,1,6.907755278982137
8691,pdx1,1,1,6.907755278982137
8692,pearldiv,1,1,6.907755278982137
8693,pef,1,1,6.907755278982137
8694,pegol,1,1,6.907755278982137
8695,pem,1,1,6.907755278982137
8696,pemafibr,1,1,6.907755278982137
8697,pemphigoid,1,1,6.907755278982137
8698,pemphigu,1,1,6.907755278982137
8699,pentos,1,1,6.907755278982137
8700,pentoxifyllin,1,1,6.907755278982137
8701,pepsin,1,1,6.907755278982137
8702,perceptu,1,1,6.907755278982137
8703,pericentr,1,1,6.907755278982137
8704,periconceptu,1,1,6.907755278982137
8705,pericyt,1,1,6.907755278982137
8706,perinat,1,1,6.907755278982137
8707,perinephr,1,1,6.907755278982137
8708,peripapillari,1,1,6.907755278982137
8709,peripartum,1,1,6.907755278982137
8710,periren,1,1,6.907755278982137
8711,peristalt,1,1,6.907755278982137
8712,peritub,1,1,6.907755278982137
8713,perivascular,1,1,6.907755278982137
8714,perman,1,1,6.907755278982137
8715,permit,1,1,6.907755278982137
8716,personnel,1,1,6.907755278982137
8717,pertin,1,1,6.907755278982137
8718,peru,1,1,6.907755278982137
8719,peto,1,1,6.907755278982137
8720,pfc,1,1,6.907755278982137
8721,pfizer,1,1,6.907755278982137
8722,pgf,1,1,6.907755278982137
8723,pharma,1,1,6.907755278982137
8724,pharmaca,1,1,6.907755278982137
8725,pharmacoengin,1,1,6.907755278982137
8726,pharmacogenet,1,1,6.907755278982137
8727,pharmacologicallysubstanti,1,1,6.907755278982137
8728,pharmacomicrobiom,1,1,6.907755278982137
8729,pharmatech,1,1,6.907755278982137
8730,pharmetr,1,1,6.907755278982137
8731,phenoag,1,1,6.907755278982137
8732,phenyl,1,1,6.907755278982137
8733,phenylindol,1,1,6.907755278982137
8734,phenylketonuria,1,1,6.907755278982137
8735,philosoph,1,1,6.907755278982137
8736,phluorin,1,1,6.907755278982137
8737,phospho,1,1,6.907755278982137
8738,phosphocholin,1,1,6.907755278982137
8739,phospholamban,1,1,6.907755278982137
8740,phosphoproteom,1,1,6.907755278982137
8741,phosphoru,1,1,6.907755278982137
8742,photon,1,1,6.907755278982137
8743,phototyp,1,1,6.907755278982137
8744,php,1,1,6.907755278982137
8745,phycocyanin,1,1,6.907755278982137
8746,phytosom,1,1,6.907755278982137
8747,picot,1,1,6.907755278982137
8748,picrosiriu,1,1,6.907755278982137
8749,pictur,1,1,6.907755278982137
8750,pid,1,1,6.907755278982137
8751,pimonidazol,1,1,6.907755278982137
8752,pink1,1,1,6.907755278982137
8753,piracetam,1,1,6.907755278982137
8754,pitfal,1,1,6.907755278982137
8755,pitnet,1,1,6.907755278982137
8756,pitolis,1,1,6.907755278982137
8757,pkcβ,1,1,6.907755278982137
8758,pkd1,1,1,6.907755278982137
8759,placent,1,1,6.907755278982137
8760,plate,1,1,6.907755278982137
8761,plc,1,1,6.907755278982137
8762,pleas,1,1,6.907755278982137
8763,plicat,1,1,6.907755278982137
8764,plump,1,1,6.907755278982137
8765,pluripot,1,1,6.907755278982137
8766,pmaindet2,1,1,6.907755278982137
8767,pneumon,1,1,6.907755278982137
8768,pnpla3,1,1,6.907755278982137
8769,podtrac,1,1,6.907755278982137
8770,poential,1,1,6.907755278982137
8771,poison,1,1,6.907755278982137
8772,poland,1,1,6.907755278982137
8773,policymak,1,1,6.907755278982137
8774,polyagonist,1,1,6.907755278982137
8775,polyamin,1,1,6.907755278982137
8776,polyarthropathi,1,1,6.907755278982137
8777,polydipsia,1,1,6.907755278982137
8778,polyethylen,1,1,6.907755278982137
8779,polygonatum,1,1,6.907755278982137
8780,polyhormon,1,1,6.907755278982137
8781,polylactid,1,1,6.907755278982137
8782,polym,1,1,6.907755278982137
8783,polymeras,1,1,6.907755278982137
8784,polymethyl,1,1,6.907755278982137
8785,polyphagia,1,1,6.907755278982137
8786,polysynapt,1,1,6.907755278982137
8787,pomegran,1,1,6.907755278982137
8788,pop,1,1,6.907755278982137
8789,popc,1,1,6.907755278982137
8790,populac,1,1,6.907755278982137
8791,populationlevel,1,1,6.907755278982137
8792,poros,1,1,6.907755278982137
8793,porphyria,1,1,6.907755278982137
8794,porphyromona,1,1,6.907755278982137
8795,posibil6eskd,1,1,6.907755278982137
8796,postacut,1,1,6.907755278982137
8797,postexert,1,1,6.907755278982137
8798,postmortem,1,1,6.907755278982137
8799,postrema,1,1,6.907755278982137
8800,posttransplant,1,1,6.907755278982137
8801,potentialmolecular,1,1,6.907755278982137
8802,poultri,1,1,6.907755278982137
8803,powerfulli,1,1,6.907755278982137
8804,ppard,1,1,6.907755278982137
8805,ppm,1,1,6.907755278982137
8806,pppm,1,1,6.907755278982137
8807,practition,1,1,6.907755278982137
8808,pramlintid,1,1,6.907755278982137
8809,prazosin,1,1,6.907755278982137
8810,preabsorpt,1,1,6.907755278982137
8811,preadolesc,1,1,6.907755278982137
8812,precoci,1,1,6.907755278982137
8813,prefront,1,1,6.907755278982137
8814,pregnenolon,1,1,6.907755278982137
8815,prejudic,1,1,6.907755278982137
8816,premier,1,1,6.907755278982137
8817,preproglucagon,1,1,6.907755278982137
8818,preregistr,1,1,6.907755278982137
8819,presystem,1,1,6.907755278982137
8820,preventt2,1,1,6.907755278982137
8821,primit,1,1,6.907755278982137
8822,priori,1,1,6.907755278982137
8823,prison,1,1,6.907755278982137
8824,privileg,1,1,6.907755278982137
8825,proband,1,1,6.907755278982137
8826,problemat,1,1,6.907755278982137
8827,probucol,1,1,6.907755278982137
8828,proceed,1,1,6.907755278982137
8829,procur,1,1,6.907755278982137
8830,procyanidin,1,1,6.907755278982137
8831,prodrug,1,1,6.907755278982137
8832,produxion,1,1,6.907755278982137
8833,profess,1,1,6.907755278982137
8834,profit,1,1,6.907755278982137
8835,progesteron,1,1,6.907755278982137
8836,progestogen,1,1,6.907755278982137
8837,programmat,1,1,6.907755278982137
8838,progranulin,1,1,6.907755278982137
8839,prohibit,1,1,6.907755278982137
8840,proinflammatori,1,1,6.907755278982137
8841,prolactin,1,1,6.907755278982137
8842,promotemitophag,1,1,6.907755278982137
8843,promptli,1,1,6.907755278982137
8844,promyelocyt,1,1,6.907755278982137
8845,prong,1,1,6.907755278982137
8846,propel,1,1,6.907755278982137
8847,proposit,1,1,6.907755278982137
8848,proprotein,1,1,6.907755278982137
8849,proquest,1,1,6.907755278982137
8850,proteostat,1,1,6.907755278982137
8851,proteotox,1,1,6.907755278982137
8852,provinc,1,1,6.907755278982137
8853,provoc,1,1,6.907755278982137
8854,prp,1,1,6.907755278982137
8855,prurigo,1,1,6.907755278982137
8856,prurit,1,1,6.907755278982137
8857,pseudonymis,1,1,6.907755278982137
8858,pseudopapilloedema,1,1,6.907755278982137
8859,psg,1,1,6.907755278982137
8860,psychinfo,1,1,6.907755278982137
8861,psychodietet,1,1,6.907755278982137
8862,psychomotor,1,1,6.907755278982137
8863,psychopharmacolog,1,1,6.907755278982137
8864,psychosi,1,1,6.907755278982137
8865,psychotherapi,1,1,6.907755278982137
8866,psycinfo,1,1,6.907755278982137
8867,pth,1,1,6.907755278982137
8868,puget,1,1,6.907755278982137
8869,pull,1,1,6.907755278982137
8870,pullulan,1,1,6.907755278982137
8871,pulsatil,1,1,6.907755278982137
8872,punctur,1,1,6.907755278982137
8873,pupil,1,1,6.907755278982137
8874,purif,1,1,6.907755278982137
8875,purin,1,1,6.907755278982137
8876,purkinj,1,1,6.907755278982137
8877,purport,1,1,6.907755278982137
8878,push,1,1,6.907755278982137
8879,pwt2d,1,1,6.907755278982137
8880,pycard,1,1,6.907755278982137
8881,pyd,1,1,6.907755278982137
8882,pyridoxamin,1,1,6.907755278982137
8883,pyrimidin,1,1,6.907755278982137
8884,q1,1,1,6.907755278982137
8885,q2,1,1,6.907755278982137
8886,q48,1,1,6.907755278982137
8887,q48h,1,1,6.907755278982137
8888,qf,1,1,6.907755278982137
8889,qrt,1,1,6.907755278982137
8890,qst,1,1,6.907755278982137
8891,qt,1,1,6.907755278982137
8892,quadricep,1,1,6.907755278982137
8893,quantum,1,1,6.907755278982137
8894,r000055239,1,1,6.907755278982137
8895,r000055242,1,1,6.907755278982137
8896,r01ag023629,1,1,6.907755278982137
8897,r01hl144483,1,1,6.907755278982137
8898,r01hl146145,1,1,6.907755278982137
8899,r01hl172803,1,1,6.907755278982137
8900,r12,1,1,6.907755278982137
8901,r5,1,1,6.907755278982137
8902,radioact,1,1,6.907755278982137
8903,radiotrac,1,1,6.907755278982137
8904,raman,1,1,6.907755278982137
8905,ran,1,1,6.907755278982137
8906,ranitidin,1,1,6.907755278982137
8907,rarer,1,1,6.907755278982137
8908,rash,1,1,6.907755278982137
8909,raw264,1,1,6.907755278982137
8910,rbd,1,1,6.907755278982137
8911,rcc,1,1,6.907755278982137
8912,reader,1,1,6.907755278982137
8913,realiz,1,1,6.907755278982137
8914,reanalyz,1,1,6.907755278982137
8915,rearrang,1,1,6.907755278982137
8916,reassign,1,1,6.907755278982137
8917,recalcul,1,1,6.907755278982137
8918,reciproc,1,1,6.907755278982137
8919,reclaim,1,1,6.907755278982137
8920,reclassifi,1,1,6.907755278982137
8921,recolon,1,1,6.907755278982137
8922,reconcili,1,1,6.907755278982137
8923,rectal,1,1,6.907755278982137
8924,recycl,1,1,6.907755278982137
8925,reddit,1,1,6.907755278982137
8926,reductionist,1,1,6.907755278982137
8927,refract,1,1,6.907755278982137
8928,refresh,1,1,6.907755278982137
8929,regularli,1,1,6.907755278982137
8930,rehears,1,1,6.907755278982137
8931,reintervent,1,1,6.907755278982137
8932,reintroduc,1,1,6.907755278982137
8933,rejuven,1,1,6.907755278982137
8934,relai,1,1,6.907755278982137
8935,rem,1,1,6.907755278982137
8936,remaind,1,1,6.907755278982137
8937,remedi,1,1,6.907755278982137
8938,remimazolam,1,1,6.907755278982137
8939,remnant,1,1,6.907755278982137
8940,ren,1,1,6.907755278982137
8941,rencofilstat,1,1,6.907755278982137
8942,renji,1,1,6.907755278982137
8943,reorgan,1,1,6.907755278982137
8944,reorient,1,1,6.907755278982137
8945,repaglinid,1,1,6.907755278982137
8946,repeatedli,1,1,6.907755278982137
8947,reperfus,1,1,6.907755278982137
8948,reportedli,1,1,6.907755278982137
8949,repress,1,1,6.907755278982137
8950,repressor,1,1,6.907755278982137
8951,resampl,1,1,6.907755278982137
8952,rescal,1,1,6.907755278982137
8953,resect,1,1,6.907755278982137
8954,resent,1,1,6.907755278982137
8955,reset,1,1,6.907755278982137
8956,resmetiron,1,1,6.907755278982137
8957,respiromet,1,1,6.907755278982137
8958,restabilis,1,1,6.907755278982137
8959,restructur,1,1,6.907755278982137
8960,results608,1,1,6.907755278982137
8961,resultsa,1,1,6.907755278982137
8962,resultsamong,1,1,6.907755278982137
8963,resultsdemonstr,1,1,6.907755278982137
8964,resultsglp,1,1,6.907755278982137
8965,resultshigh,1,1,6.907755278982137
8966,resultsth,1,1,6.907755278982137
8967,resumpt,1,1,6.907755278982137
8968,resurg,1,1,6.907755278982137
8969,retina,1,1,6.907755278982137
8970,retinoid,1,1,6.907755278982137
8971,reuptak,1,1,6.907755278982137
8972,reus,1,1,6.907755278982137
8973,reuteri,1,1,6.907755278982137
8974,revision,1,1,6.907755278982137
8975,revisit,1,1,6.907755278982137
8976,revman,1,1,6.907755278982137
8977,rewind,1,1,6.907755278982137
8978,rewir,1,1,6.907755278982137
8979,rewrit,1,1,6.907755278982137
8980,rezdiffra,1,1,6.907755278982137
8981,rf,1,1,6.907755278982137
8982,rgcvia,1,1,6.907755278982137
8983,rheumat,1,1,6.907755278982137
8984,rheumatoid,1,1,6.907755278982137
8985,rheumatoidarthr,1,1,6.907755278982137
8986,ribonucl,1,1,6.907755278982137
8987,ribonucleotid,1,1,6.907755278982137
8988,ribosid,1,1,6.907755278982137
8989,rifamycin,1,1,6.907755278982137
8990,rife,1,1,6.907755278982137
8991,rip,1,1,6.907755278982137
8992,ripe,1,1,6.907755278982137
8993,ripk3,1,1,6.907755278982137
8994,riski,1,1,6.907755278982137
8995,riyadh,1,1,6.907755278982137
8996,riz,1,1,6.907755278982137
8997,rizatriptan,1,1,6.907755278982137
8998,rob2,1,1,6.907755278982137
8999,rockwood,1,1,6.907755278982137
9000,rodentium,1,1,6.907755278982137
9001,rolipram,1,1,6.907755278982137
9002,romboutsia,1,1,6.907755278982137
9003,roughli,1,1,6.907755278982137
9004,rps6,1,1,6.907755278982137
9005,rs13429709,1,1,6.907755278982137
9006,rs156003,1,1,6.907755278982137
9007,rs17574,1,1,6.907755278982137
9008,rs2235868,1,1,6.907755278982137
9009,rsn,1,1,6.907755278982137
9010,rst25n,1,1,6.907755278982137
9011,ruboxistaurin,1,1,6.907755278982137
9012,ruminococcacea,1,1,6.907755278982137
9013,runtim,1,1,6.907755278982137
9014,rvx,1,1,6.907755278982137
9015,ryanodin,1,1,6.907755278982137
9016,ryr2,1,1,6.907755278982137
9017,r²,1,1,6.907755278982137
9018,s1p,1,1,6.907755278982137
9019,s1p1,1,1,6.907755278982137
9020,s6,1,1,6.907755278982137
9021,sa,1,1,6.907755278982137
9022,saccharolyt,1,1,6.907755278982137
9023,saccharomyc,1,1,6.907755278982137
9024,sacubitril,1,1,6.907755278982137
9025,sad,1,1,6.907755278982137
9026,safeguard,1,1,6.907755278982137
9027,salacia,1,1,6.907755278982137
9028,sale,1,1,6.907755278982137
9029,saligenin,1,1,6.907755278982137
9030,salti,1,1,6.907755278982137
9031,salud,1,1,6.907755278982137
9032,same,1,1,6.907755278982137
9033,sanger,1,1,6.907755278982137
9034,sanghuangporu,1,1,6.907755278982137
9035,sarcolemm,1,1,6.907755278982137
9036,saw,1,1,6.907755278982137
9037,saxenda,1,1,6.907755278982137
9038,sbm,1,1,6.907755278982137
9039,scatter,1,1,6.907755278982137
9040,scaveng,1,1,6.907755278982137
9041,scd,1,1,6.907755278982137
9042,scid,1,1,6.907755278982137
9043,scintigraph,1,1,6.907755278982137
9044,scintigraphi,1,1,6.907755278982137
9045,sciwind,1,1,6.907755278982137
9046,sclerostin,1,1,6.907755278982137
9047,score2,1,1,6.907755278982137
9048,sctr,1,1,6.907755278982137
9049,scx,1,1,6.907755278982137
9050,season,1,1,6.907755278982137
9051,seborrh,1,1,6.907755278982137
9052,secondarili,1,1,6.907755278982137
9053,secretagog,1,1,6.907755278982137
9054,secretom,1,1,6.907755278982137
9055,sector,1,1,6.907755278982137
9056,secukinumab,1,1,6.907755278982137
9057,secular,1,1,6.907755278982137
9058,secur,1,1,6.907755278982137
9059,sediment,1,1,6.907755278982137
9060,seeker,1,1,6.907755278982137
9061,segreg,1,1,6.907755278982137
9062,sell,1,1,6.907755278982137
9063,selonsertib,1,1,6.907755278982137
9064,semiannu,1,1,6.907755278982137
9065,semin,1,1,6.907755278982137
9066,seminifer,1,1,6.907755278982137
9067,senomorph,1,1,6.907755278982137
9068,sensat,1,1,6.907755278982137
9069,sent,1,1,6.907755278982137
9070,sentinel,1,1,6.907755278982137
9071,seoul,1,1,6.907755278982137
9072,ser235,1,1,6.907755278982137
9073,ser236,1,1,6.907755278982137
9074,ser31,1,1,6.907755278982137
9075,ser9,1,1,6.907755278982137
9076,sera,1,1,6.907755278982137
9077,serca2a,1,1,6.907755278982137
9078,serendipit,1,1,6.907755278982137
9079,serotonin,1,1,6.907755278982137
9080,settl,1,1,6.907755278982137
9081,seventeen,1,1,6.907755278982137
9082,sgc,1,1,6.907755278982137
9083,sgl2,1,1,6.907755278982137
9084,sglt1,1,1,6.907755278982137
9085,sh,1,1,6.907755278982137
9086,shannon,1,1,6.907755278982137
9087,shanxi,1,1,6.907755278982137
9088,shaplei,1,1,6.907755278982137
9089,sharehold,1,1,6.907755278982137
9090,sharjah,1,1,6.907755278982137
9091,shemountain,1,1,6.907755278982137
9092,shigella,1,1,6.907755278982137
9093,shipt,1,1,6.907755278982137
9094,shoot,1,1,6.907755278982137
9095,shopper,1,1,6.907755278982137
9096,shore,1,1,6.907755278982137
9097,shortform,1,1,6.907755278982137
9098,shotgun,1,1,6.907755278982137
9099,shoulder,1,1,6.907755278982137
9100,showcas,1,1,6.907755278982137
9101,shrinker,1,1,6.907755278982137
9102,sickest,1,1,6.907755278982137
9103,sickl,1,1,6.907755278982137
9104,sidik,1,1,6.907755278982137
9105,sigma,1,1,6.907755278982137
9106,signifi,1,1,6.907755278982137
9107,singhealth,1,1,6.907755278982137
9108,singleton,1,1,6.907755278982137
9109,sink,1,1,6.907755278982137
9110,sino,1,1,6.907755278982137
9111,sinopulmonari,1,1,6.907755278982137
9112,sinus,1,1,6.907755278982137
9113,sinusoid,1,1,6.907755278982137
9114,siriu,1,1,6.907755278982137
9115,sirt,1,1,6.907755278982137
9116,sirt7,1,1,6.907755278982137
9117,sitosterol,1,1,6.907755278982137
9118,six3,1,1,6.907755278982137
9119,skew,1,1,6.907755278982137
9120,skill,1,1,6.907755278982137
9121,sl,1,1,6.907755278982137
9122,slaughter,1,1,6.907755278982137
9123,slc25a33,1,1,6.907755278982137
9124,slc2a2,1,1,6.907755278982137
9125,slc5a2,1,1,6.907755278982137
9126,slight,1,1,6.907755278982137
9127,slim,1,1,6.907755278982137
9128,slower,1,1,6.907755278982137
9129,smallest,1,1,6.907755278982137
9130,snack,1,1,6.907755278982137
9131,snapshot,1,1,6.907755278982137
9132,sociabl,1,1,6.907755278982137
9133,sociomed,1,1,6.907755278982137
9134,sociopolit,1,1,6.907755278982137
9135,soften,1,1,6.907755278982137
9136,soil,1,1,6.907755278982137
9137,soleu,1,1,6.907755278982137
9138,solitari,1,1,6.907755278982137
9139,solriamfetol,1,1,6.907755278982137
9140,sometim,1,1,6.907755278982137
9141,somnol,1,1,6.907755278982137
9142,soon,1,1,6.907755278982137
9143,sort,1,1,6.907755278982137
9144,sortilin,1,1,6.907755278982137
9145,sost,1,1,6.907755278982137
9146,sox4,1,1,6.907755278982137
9147,soybean,1,1,6.907755278982137
9148,sp,1,1,6.907755278982137
9149,spare,1,1,6.907755278982137
9150,speak,1,1,6.907755278982137
9151,spearman,1,1,6.907755278982137
9152,spectacl,1,1,6.907755278982137
9153,spectrofluorometr,1,1,6.907755278982137
9154,spectrophotometri,1,1,6.907755278982137
9155,spend,1,1,6.907755278982137
9156,spent,1,1,6.907755278982137
9157,spermidin,1,1,6.907755278982137
9158,spheric,1,1,6.907755278982137
9159,spice,1,1,6.907755278982137
9160,spillov,1,1,6.907755278982137
9161,spiro,1,1,6.907755278982137
9162,spirocycl,1,1,6.907755278982137
9163,splenic,1,1,6.907755278982137
9164,spo₂,1,1,6.907755278982137
9165,spss,1,1,6.907755278982137
9166,spur,1,1,6.907755278982137
9167,sputum,1,1,6.907755278982137
9168,srlc,1,1,6.907755278982137
9169,ss,1,1,6.907755278982137
9170,ss2,1,1,6.907755278982137
9171,sstr5,1,1,6.907755278982137
9172,st,1,1,6.907755278982137
9173,st25l,1,1,6.907755278982137
9174,st25n,1,1,6.907755278982137
9175,stabli,1,1,6.907755278982137
9176,stack,1,1,6.907755278982137
9177,staf,1,1,6.907755278982137
9178,stagger,1,1,6.907755278982137
9179,stagnat,1,1,6.907755278982137
9180,stakehold,1,1,6.907755278982137
9181,stalk,1,1,6.907755278982137
9182,star,1,1,6.907755278982137
9183,stat,1,1,6.907755278982137
9184,stata,1,1,6.907755278982137
9185,statewid,1,1,6.907755278982137
9186,statistician,1,1,6.907755278982137
9187,statur,1,1,6.907755278982137
9188,statut,1,1,6.907755278982137
9189,steadili,1,1,6.907755278982137
9190,stearic,1,1,6.907755278982137
9191,steep,1,1,6.907755278982137
9192,steeper,1,1,6.907755278982137
9193,steepli,1,1,6.907755278982137
9194,stenosi,1,1,6.907755278982137
9195,stent,1,1,6.907755278982137
9196,steroidogen,1,1,6.907755278982137
9197,sterol,1,1,6.907755278982137
9198,stimulatin,1,1,6.907755278982137
9199,stock,1,1,6.907755278982137
9200,stool,1,1,6.907755278982137
9201,strategiesfundingth,1,1,6.907755278982137
9202,stratum,1,1,6.907755278982137
9203,striatum,1,1,6.907755278982137
9204,strike,1,1,6.907755278982137
9205,strikingli,1,1,6.907755278982137
9206,stringent,1,1,6.907755278982137
9207,strobe,1,1,6.907755278982137
9208,stzr,1,1,6.907755278982137
9209,subacut,1,1,6.907755278982137
9210,subcellular,1,1,6.907755278982137
9211,subchondr,1,1,6.907755278982137
9212,subcort,1,1,6.907755278982137
9213,subdistribut,1,1,6.907755278982137
9214,subendocardi,1,1,6.907755278982137
9215,submit,1,1,6.907755278982137
9216,subscor,1,1,6.907755278982137
9217,substantia,1,1,6.907755278982137
9218,substitutedphenyl,1,1,6.907755278982137
9219,subvert,1,1,6.907755278982137
9220,succin,1,1,6.907755278982137
9221,suction,1,1,6.907755278982137
9222,sulfoxid,1,1,6.907755278982137
9223,sulodexid,1,1,6.907755278982137
9224,sulphat,1,1,6.907755278982137
9225,sunk,1,1,6.907755278982137
9226,sunroug,1,1,6.907755278982137
9227,supereclipt,1,1,6.907755278982137
9228,superfocu,1,1,6.907755278982137
9229,superlearn,1,1,6.907755278982137
9230,supersed,1,1,6.907755278982137
9231,suppressor,1,1,6.907755278982137
9232,supramolecular,1,1,6.907755278982137
9233,supraphysiolog,1,1,6.907755278982137
9234,sural,1,1,6.907755278982137
9235,swiftli,1,1,6.907755278982137
9236,swiss,1,1,6.907755278982137
9237,sydnei,1,1,6.907755278982137
9238,symbiot,1,1,6.907755278982137
9239,symmetri,1,1,6.907755278982137
9240,sympathomimet,1,1,6.907755278982137
9241,symposium,1,1,6.907755278982137
9242,synchron,1,1,6.907755278982137
9243,syncollin,1,1,6.907755278982137
9244,synonym,1,1,6.907755278982137
9245,syrcl,1,1,6.907755278982137
9246,t3165,1,1,6.907755278982137
9247,ta,1,1,6.907755278982137
9248,tackl,1,1,6.907755278982137
9249,tail,1,1,6.907755278982137
9250,tanlab,1,1,6.907755278982137
9251,tannic,1,1,6.907755278982137
9252,taper,1,1,6.907755278982137
9253,tartrat,1,1,6.907755278982137
9254,taurochol,1,1,6.907755278982137
9255,taurolithochol,1,1,6.907755278982137
9256,taxon,1,1,6.907755278982137
9257,taxonom,1,1,6.907755278982137
9258,taxonomi,1,1,6.907755278982137
9259,tbil,1,1,6.907755278982137
9260,tca,1,1,6.907755278982137
9261,tcf7l2,1,1,6.907755278982137
9262,tcho,1,1,6.907755278982137
9263,tcm,1,1,6.907755278982137
9264,td2m,1,1,6.907755278982137
9265,tdd,1,1,6.907755278982137
9266,te,1,1,6.907755278982137
9267,teach,1,1,6.907755278982137
9268,technetium,1,1,6.907755278982137
9269,teeth,1,1,6.907755278982137
9270,telemonitor,1,1,6.907755278982137
9271,telephon,1,1,6.907755278982137
9272,telopeptid,1,1,6.907755278982137
9273,temporari,1,1,6.907755278982137
9274,temporarili,1,1,6.907755278982137
9275,tendenc,1,1,6.907755278982137
9276,tenogen,1,1,6.907755278982137
9277,tensin,1,1,6.907755278982137
9278,terazosin,1,1,6.907755278982137
9279,terror,1,1,6.907755278982137
9280,tertil,1,1,6.907755278982137
9281,tester,1,1,6.907755278982137
9282,testi,1,1,6.907755278982137
9283,testicular,1,1,6.907755278982137
9284,tetrachlorid,1,1,6.907755278982137
9285,tetracyclin,1,1,6.907755278982137
9286,tetrahydrobiopterin,1,1,6.907755278982137
9287,tetranectin,1,1,6.907755278982137
9288,tezepelumab,1,1,6.907755278982137
9289,tga,1,1,6.907755278982137
9290,tgfb1,1,1,6.907755278982137
9291,tgfβ,1,1,6.907755278982137
9292,th1,1,1,6.907755278982137
9293,th17,1,1,6.907755278982137
9294,th2,1,1,6.907755278982137
9295,thalassaemia,1,1,6.907755278982137
9296,thalassemia,1,1,6.907755278982137
9297,thehangrywoman,1,1,6.907755278982137
9298,thereaft,1,1,6.907755278982137
9299,thereof,1,1,6.907755278982137
9300,thiazolidinedionespiog,1,1,6.907755278982137
9301,thicken,1,1,6.907755278982137
9302,thirst,1,1,6.907755278982137
9303,thorough,1,1,6.907755278982137
9304,threat,1,1,6.907755278982137
9305,threonin,1,1,6.907755278982137
9306,thrombectomi,1,1,6.907755278982137
9307,thrombo,1,1,6.907755278982137
9308,thromboinflammatori,1,1,6.907755278982137
9309,thromboprophylact,1,1,6.907755278982137
9310,thymoquinon,1,1,6.907755278982137
9311,thyrotoxicosi,1,1,6.907755278982137
9312,tibetan,1,1,6.907755278982137
9313,tibial,1,1,6.907755278982137
9314,till,1,1,6.907755278982137
9315,tilt,1,1,6.907755278982137
9316,titl,1,1,6.907755278982137
9317,tm1,1,1,6.907755278982137
9318,tm3,1,1,6.907755278982137
9319,tm4,1,1,6.907755278982137
9320,tm5,1,1,6.907755278982137
9321,tnt,1,1,6.907755278982137
9322,to,1,1,6.907755278982137
9323,tomm20,1,1,6.907755278982137
9324,tonometri,1,1,6.907755278982137
9325,toolbox,1,1,6.907755278982137
9326,toolkit,1,1,6.907755278982137
9327,tooth,1,1,6.907755278982137
9328,toronto,1,1,6.907755278982137
9329,tost,1,1,6.907755278982137
9330,tough,1,1,6.907755278982137
9331,toxinolog,1,1,6.907755278982137
9332,tracer,1,1,6.907755278982137
9333,tractabl,1,1,6.907755278982137
9334,traction,1,1,6.907755278982137
9335,tradeoff,1,1,6.907755278982137
9336,transactiv,1,1,6.907755278982137
9337,transbucc,1,1,6.907755278982137
9338,transcellular,1,1,6.907755278982137
9339,transcrib,1,1,6.907755278982137
9340,transferas,1,1,6.907755278982137
9341,transgen,1,1,6.907755278982137
9342,translocas,1,1,6.907755278982137
9343,transmucos,1,1,6.907755278982137
9344,transposas,1,1,6.907755278982137
9345,transsphenoid,1,1,6.907755278982137
9346,transvers,1,1,6.907755278982137
9347,transwel,1,1,6.907755278982137
9348,trap,1,1,6.907755278982137
9349,trapezoid,1,1,6.907755278982137
9350,treatis,1,1,6.907755278982137
9351,tremend,1,1,6.907755278982137
9352,triall,1,1,6.907755278982137
9353,trifluoromethyl,1,1,6.907755278982137
9354,trigonella,1,1,6.907755278982137
9355,triiodothyronin,1,1,6.907755278982137
9356,trim63,1,1,6.907755278982137
9357,trimethylamin,1,1,6.907755278982137
9358,tripartit,1,1,6.907755278982137
9359,triphosph,1,1,6.907755278982137
9360,triplet,1,1,6.907755278982137
9361,trophic,1,1,6.907755278982137
9362,tropomyosin,1,1,6.907755278982137
9363,trp,1,1,6.907755278982137
9364,trpv1,1,1,6.907755278982137
9365,trust,1,1,6.907755278982137
9366,try,1,1,6.907755278982137
9367,tslp,1,1,6.907755278982137
9368,ttt1,1,1,6.907755278982137
9369,tu,1,1,6.907755278982137
9370,tubuloglomerular,1,1,6.907755278982137
9371,tubuloid,1,1,6.907755278982137
9372,tumorigenesi,1,1,6.907755278982137
9373,tunel,1,1,6.907755278982137
9374,tunnel,1,1,6.907755278982137
9375,turbin,1,1,6.907755278982137
9376,ture,1,1,6.907755278982137
9377,turmer,1,1,6.907755278982137
9378,tv,1,1,6.907755278982137
9379,tyg,1,1,6.907755278982137
9380,tyk2,1,1,6.907755278982137
9381,tympanometri,1,1,6.907755278982137
9382,type2,1,1,6.907755278982137
9383,tyr,1,1,6.907755278982137
9384,tyr202,1,1,6.907755278982137
9385,tyr2052,1,1,6.907755278982137
9386,tyr297asp,1,1,6.907755278982137
9387,tyr315,1,1,6.907755278982137
9388,tβ,1,1,6.907755278982137
9389,u01hl080295,1,1,6.907755278982137
9390,u01hl130114,1,1,6.907755278982137
9391,uae,1,1,6.907755278982137
9392,ucp2,1,1,6.907755278982137
9393,uhmwp,1,1,6.907755278982137
9394,uhplc,1,1,6.907755278982137
9395,ukpd,1,1,6.907755278982137
9396,ultrasonographi,1,1,6.907755278982137
9397,ultraviolet,1,1,6.907755278982137
9398,umbrella,1,1,6.907755278982137
9399,umin000048469,1,1,6.907755278982137
9400,umin000048471,1,1,6.907755278982137
9401,unaccept,1,1,6.907755278982137
9402,unaffect,1,1,6.907755278982137
9403,unafford,1,1,6.907755278982137
9404,unanesthet,1,1,6.907755278982137
9405,unattempt,1,1,6.907755278982137
9406,unbias,1,1,6.907755278982137
9407,uncheck,1,1,6.907755278982137
9408,unconfound,1,1,6.907755278982137
9409,undat,1,1,6.907755278982137
9410,underdevelop,1,1,6.907755278982137
9411,underdocu,1,1,6.907755278982137
9412,underevalu,1,1,6.907755278982137
9413,underlin,1,1,6.907755278982137
9414,undernutrit,1,1,6.907755278982137
9415,underr,1,1,6.907755278982137
9416,understudi,1,1,6.907755278982137
9417,undertak,1,1,6.907755278982137
9418,undertaken,1,1,6.907755278982137
9419,undertr,1,1,6.907755278982137
9420,underus,1,1,6.907755278982137
9421,underutilis,1,1,6.907755278982137
9422,underwat,1,1,6.907755278982137
9423,undetermin,1,1,6.907755278982137
9424,undifferenti,1,1,6.907755278982137
9425,undisclos,1,1,6.907755278982137
9426,undoubtedli,1,1,6.907755278982137
9427,unequ,1,1,6.907755278982137
9428,unexpectedli,1,1,6.907755278982137
9429,unexplain,1,1,6.907755278982137
9430,unfavor,1,1,6.907755278982137
9431,unfavour,1,1,6.907755278982137
9432,unfortun,1,1,6.907755278982137
9433,unfraction,1,1,6.907755278982137
9434,uni,1,1,6.907755278982137
9435,union,1,1,6.907755278982137
9436,unlabel,1,1,6.907755278982137
9437,unless,1,1,6.907755278982137
9438,unliter,1,1,6.907755278982137
9439,unmarri,1,1,6.907755278982137
9440,unoppos,1,1,6.907755278982137
9441,unord,1,1,6.907755278982137
9442,unpeel,1,1,6.907755278982137
9443,unprompt,1,1,6.907755278982137
9444,unravel,1,1,6.907755278982137
9445,unrealist,1,1,6.907755278982137
9446,unrecogn,1,1,6.907755278982137
9447,unrefresh,1,1,6.907755278982137
9448,unrel,1,1,6.907755278982137
9449,unreli,1,1,6.907755278982137
9450,unremark,1,1,6.907755278982137
9451,unremit,1,1,6.907755278982137
9452,unrepl,1,1,6.907755278982137
9453,unreport,1,1,6.907755278982137
9454,unrestrain,1,1,6.907755278982137
9455,unsatisfactori,1,1,6.907755278982137
9456,unsatur,1,1,6.907755278982137
9457,unsettl,1,1,6.907755278982137
9458,unspecifi,1,1,6.907755278982137
9459,unstandard,1,1,6.907755278982137
9460,unsuit,1,1,6.907755278982137
9461,unsupervis,1,1,6.907755278982137
9462,unsustain,1,1,6.907755278982137
9463,unusu,1,1,6.907755278982137
9464,unwel,1,1,6.907755278982137
9465,uptitr,1,1,6.907755278982137
9466,uraem,1,1,6.907755278982137
9467,urat,1,1,6.907755278982137
9468,urgenc,1,1,6.907755278982137
9469,uric,1,1,6.907755278982137
9470,url,1,1,6.907755278982137
9471,ursodeoxychol,1,1,6.907755278982137
9472,urticaria,1,1,6.907755278982137
9473,usefulli,1,1,6.907755278982137
9474,usernam,1,1,6.907755278982137
9475,usp14,1,1,6.907755278982137
9476,uterin,1,1,6.907755278982137
9477,uveiti,1,1,6.907755278982137
9478,v0,1,1,6.907755278982137
9479,v10,1,1,6.907755278982137
9480,vagin,1,1,6.907755278982137
9481,valor,1,1,6.907755278982137
9482,valsartan,1,1,6.907755278982137
9483,various,1,1,6.907755278982137
9484,vasculatur,1,1,6.907755278982137
9485,vasculopathi,1,1,6.907755278982137
9486,vaso,1,1,6.907755278982137
9487,vasomotor,1,1,6.907755278982137
9488,vasopressin,1,1,6.907755278982137
9489,vasoprotect,1,1,6.907755278982137
9490,vasovag,1,1,6.907755278982137
9491,vast,1,1,6.907755278982137
9492,vdac1,1,1,6.907755278982137
9493,vector,1,1,6.907755278982137
9494,vegetarian,1,1,6.907755278982137
9495,veillonella,1,1,6.907755278982137
9496,veloc,1,1,6.907755278982137
9497,vendor,1,1,6.907755278982137
9498,venoven,1,1,6.907755278982137
9499,ventromedi,1,1,6.907755278982137
9500,verasight,1,1,6.907755278982137
9501,verdict,1,1,6.907755278982137
9502,vermi,1,1,6.907755278982137
9503,versus1,1,1,6.907755278982137
9504,vertebroplasti,1,1,6.907755278982137
9505,vertigo,1,1,6.907755278982137
9506,vestibul,1,1,6.907755278982137
9507,vgat,1,1,6.907755278982137
9508,vi,1,1,6.907755278982137
9509,vicadrostat,1,1,6.907755278982137
9510,vicin,1,1,6.907755278982137
9511,villi,1,1,6.907755278982137
9512,villin,1,1,6.907755278982137
9513,violent,1,1,6.907755278982137
9514,vip,1,1,6.907755278982137
9515,virchow,1,1,6.907755278982137
9516,virolog,1,1,6.907755278982137
9517,viru,1,1,6.907755278982137
9518,viscos,1,1,6.907755278982137
9519,visfatin,1,1,6.907755278982137
9520,vitroand,1,1,6.907755278982137
9521,vldl,1,1,6.907755278982137
9522,vmat2,1,1,6.907755278982137
9523,volt,1,1,6.907755278982137
9524,voltag,1,1,6.907755278982137
9525,volumetr,1,1,6.907755278982137
9526,vosview,1,1,6.907755278982137
9527,vta,1,1,6.907755278982137
9528,vtrna2,1,1,6.907755278982137
9529,vulgari,1,1,6.907755278982137
9530,vy,1,1,6.907755278982137
9531,vδ1,1,1,6.907755278982137
9532,vδ2,1,1,6.907755278982137
9533,w237,1,1,6.907755278982137
9534,wald,1,1,6.907755278982137
9535,wanfang,1,1,6.907755278982137
9536,warp,1,1,6.907755278982137
9537,watersh,1,1,6.907755278982137
9538,wave,1,1,6.907755278982137
9539,weakest,1,1,6.907755278982137
9540,weapon,1,1,6.907755278982137
9541,weber,1,1,6.907755278982137
9542,weibul,1,1,6.907755278982137
9543,weigh,1,1,6.907755278982137
9544,weissella,1,1,6.907755278982137
9545,welcom,1,1,6.907755278982137
9546,wellb,1,1,6.907755278982137
9547,wernick,1,1,6.907755278982137
9548,wet,1,1,6.907755278982137
9549,wfs1,1,1,6.907755278982137
9550,whenev,1,1,6.907755278982137
9551,whitnei,1,1,6.907755278982137
9552,wider,1,1,6.907755278982137
9553,widow,1,1,6.907755278982137
9554,wikim51,1,1,6.907755278982137
9555,wilei,1,1,6.907755278982137
9556,wire,1,1,6.907755278982137
9557,wise,1,1,6.907755278982137
9558,wit,1,1,6.907755278982137
9559,withdrawn,1,1,6.907755278982137
9560,withdrew,1,1,6.907755278982137
9561,withhold,1,1,6.907755278982137
9562,word,1,1,6.907755278982137
9563,wore,1,1,6.907755278982137
9564,worker,1,1,6.907755278982137
9565,workload,1,1,6.907755278982137
9566,wp,1,1,6.907755278982137
9567,write,1,1,6.907755278982137
9568,wrvu,1,1,6.907755278982137
9569,wy,1,1,6.907755278982137
9570,xenobiot,1,1,6.907755278982137
9571,xiaoji,1,1,6.907755278982137
9572,xiaok,1,1,6.907755278982137
9573,xiiia,1,1,6.907755278982137
9574,xw003,1,1,6.907755278982137
9575,xylanibact,1,1,6.907755278982137
9576,y2,1,1,6.907755278982137
9577,y240,1,1,6.907755278982137
9578,y2423,1,1,6.907755278982137
9579,y4,1,1,6.907755278982137
9580,y4r,1,1,6.907755278982137
9581,ye,1,1,6.907755278982137
9582,yearli,1,1,6.907755278982137
9583,ykl,1,1,6.907755278982137
9584,yme1l,1,1,6.907755278982137
9585,yohimbin,1,1,6.907755278982137
9586,yorkshir,1,1,6.907755278982137
9587,youden,1,1,6.907755278982137
9588,youtub,1,1,6.907755278982137
9589,yunpi,1,1,6.907755278982137
9590,zealand,1,1,6.907755278982137
9591,zebrafish,1,1,6.907755278982137
9592,zepbound,1,1,6.907755278982137
9593,zhao,1,1,6.907755278982137
9594,zhen,1,1,6.907755278982137
9595,zibotentan,1,1,6.907755278982137
9596,zilebesiran,1,1,6.907755278982137
9597,zo,1,1,6.907755278982137
9598,zone,1,1,6.907755278982137
9599,¹⁷,1,1,6.907755278982137
9600,α4β2,1,1,6.907755278982137
9601,α6β2,1,1,6.907755278982137
9602,δbw,1,1,6.907755278982137
9603,δcpeptide0,1,1,6.907755278982137
9604,δgatp,1,1,6.907755278982137
9605,δgluc0,1,1,6.907755278982137
9606,δglucose0,1,1,6.907755278982137
9607,δisr0,1,1,6.907755278982137
9608,δsmm,1,1,6.907755278982137
9609,ε4,1,1,6.907755278982137
9610,τ²,1,1,6.907755278982137
9611,χ²,1,1,6.907755278982137
9612,ω,1,1,6.907755278982137
9613,⁸,1,1,6.907755278982137
