rank,term,cf,df,idf
1,glp-1,1736,574,0.24108810760202645
2,us,1446,611,0.21395878975744576
3,studi,1262,617,0.2097148359667583
4,patient,1252,461,0.33629907461035186
5,receptor,1223,804,0.0947439512515487
6,agonist,1121,779,0.10846254232743556
7,risk,1075,426,0.3705904008972811
8,weight,1071,408,0.3893398369101201
9,associ,1046,481,0.31785492362616824
10,obes,1040,480,0.31875876262441283
11,effect,1030,537,0.2700257143004444
12,includ,965,578,0.23807216157947098
13,outcom,958,451,0.34582345812203946
14,metabol,941,412,0.38510278396686537
15,diabet,938,544,0.26440110030182007
16,clinic,841,465,0.33254704711004607
17,95,838,254,0.595166283380062
18,therapi,830,422,0.37468754903832613
19,treatment,822,443,0.3535962737769305
20,ci,812,226,0.645891560852599
21,2,769,484,0.3151546383555875
22,ra,760,186,0.7304870557820836
23,glucagon-like,751,695,0.1580151954098861
24,p,748,222,0.6536470255493614
25,peptide-1,691,644,0.19111413264018792
26,diseas,672,343,0.4647058799572295
27,compar,660,336,0.47366072261015596
28,semaglutid,649,228,0.6420651529995463
29,evid,644,371,0.4306260903849541
30,trial,619,322,0.4921441283041691
31,improv,587,361,0.4424927980943421
32,increas,572,366,0.43651891460558934
33,not,572,366,0.43651891460558934
34,type,571,428,0.368556230986828
35,1,566,319,0.49620931694281883
36,remain,561,445,0.35163998901906846
37,loss,555,271,0.5670307091255943
38,reduc,538,368,0.43415218132648237
39,adult,500,284,0.5466816599529624
40,cardiovascular,499,210,0.6777807052660807
41,glp-1ra,490,140,0.853871964321762
42,review,469,331,0.4801720062242813
43,evalu,467,352,0.453457336521869
44,control,465,311,0.5072396109731625
45,assess,463,336,0.47366072261015596
46,reduct,446,248,0.6055483191737837
47,insulin,439,196,0.707743928643524
48,manag,432,280,0.5528419686577808
49,glp-1ras,421,161,0.7931741239681503
50,data,417,296,0.5287082889410615
51,among,414,259,0.5867002359187482
52,inhibitor,414,220,0.6575773191777938
53,potenti,412,309,0.5100415205751654
54,medic,400,208,0.6819366650372384
55,report,399,207,0.6840296545430823
56,group,395,178,0.7495799976911061
57,differ,394,248,0.6055483191737837
58,lower,390,237,0.6252516539898961
59,signific,390,262,0.5816987086802545
60,observ,387,277,0.5575202309355515
61,bodi,379,224,0.6497519816658373
62,chang,379,222,0.6536470255493614
63,event,377,202,0.6946486305533762
64,cohort,374,221,0.6556077263148893
65,year,373,205,0.6882461389442457
66,benefit,368,266,0.575118363368933
67,find,368,326,0.486782399932061
68,hr,368,88,1.0555173278498313
69,tirzepatid,368,137,0.8632794328435932
70,across,362,259,0.5867002359187482
71,signal,348,184,0.7351821769904635
72,model,346,239,0.6216020990518623
73,support,342,271,0.5670307091255943
74,initi,340,195,0.709965388637482
75,identifi,335,256,0.5917600346881504
76,mechan,333,221,0.6556077263148893
77,activ,332,210,0.6777807052660807
78,no,331,242,0.6161846340195687
79,therapeut,331,229,0.6401645176601121
80,glucos,326,155,0.8096683018297085
81,drug,323,186,0.7304870557820836
82,combin,322,155,0.8096683018297085
83,kidnei,317,123,0.9100948885606021
84,show,312,243,0.6143937264016878
85,baselin,310,160,0.7958800173440752
86,health,310,223,0.6516951369518393
87,particip,310,143,0.8446639625349383
88,advers,309,205,0.6882461389442457
89,mg,309,107,0.9706162223147904
90,safeti,306,188,0.7258421507363202
91,suggest,306,255,0.5934598195660448
92,analysi,304,216,0.6655462488490691
93,analys,303,199,0.7011469235902934
94,limit,300,251,0.6003262785189618
95,individu,298,204,0.6903698325741012
96,howev,293,253,0.596879478824182
97,function,289,181,0.7423214251308154
98,target,289,208,0.6819366650372384
99,demonstr,282,249,0.6038006529042637
100,ag,278,188,0.7258421507363202
101,also,276,221,0.6556077263148893
102,vs,273,111,0.9546770212133426
103,strategi,271,209,0.679853713888946
104,emerg,267,219,0.6595558851598817
105,system,267,202,0.6946486305533762
106,pathwai,266,188,0.7258421507363202
107,t2dm,266,102,0.9913998282380825
108,primari,264,202,0.6946486305533762
109,provid,261,224,0.6497519816658373
110,level,260,150,0.8239087409443188
111,respons,258,140,0.853871964321762
112,current,248,195,0.709965388637482
113,ratio,246,196,0.707743928643524
114,significantli,246,178,0.7495799976911061
115,without,245,176,0.7544873321858502
116,efficaci,244,190,0.721246399047171
117,popul,244,184,0.7351821769904635
118,higher,243,158,0.8013429130455774
119,liver,240,96,1.0177287669604316
120,3,238,156,0.8068754016455384
121,bmi,237,110,0.958607314841775
122,n,233,108,0.9665762445130504
123,disord,232,138,0.8601209135987635
124,follow,232,177,0.7520267336381934
125,agent,231,172,0.7644715530924511
126,kg,230,126,0.8996294548824371
127,random,230,164,0.7851561519523022
128,develop,229,176,0.7544873321858502
129,rate,229,163,0.7878123955960422
130,conduct,225,208,0.6819366650372384
131,mass,224,139,0.8569851997459049
132,surgeri,224,99,1.00436480540245
133,cell,223,97,1.0132282657337552
134,chronic,223,182,0.7399286120149252
135,gip,223,114,0.9430951486635274
136,t2d,223,76,1.1191864077192086
137,need,222,199,0.7011469235902934
138,mean,219,142,0.8477116556169435
139,intervent,217,162,0.790484985457369
140,mortal,217,107,0.9706162223147904
141,dose,216,116,0.9355420107730815
142,major,214,170,0.7695510786217261
143,match,214,113,0.9469215565165803
144,week,214,95,1.0222763947111522
145,month,211,103,0.9871627752948278
146,sever,211,158,0.8013429130455774
147,peptid,208,127,0.8961962790440432
148,result,208,174,0.7594507517174003
149,care,207,141,0.8507808873446201
150,oral,206,101,0.9956786262173575
151,versu,202,111,0.9546770212133426
152,complic,200,126,0.8996294548824371
153,receiv,200,134,0.8728952016351924
154,glp-1r,198,60,1.2218487496163564
155,profil,197,144,0.8416375079047503
156,consist,196,165,0.7825160557860937
157,estim,194,134,0.8728952016351924
158,integr,193,154,0.8124792791635369
159,although,192,165,0.7825160557860937
160,user,192,80,1.0969100130080565
161,factor,191,140,0.853871964321762
162,incid,191,106,0.9746941347352298
163,exposur,189,106,0.9746941347352298
164,mechanist,189,136,0.8664610916297825
165,total,189,147,0.8326826652518239
166,score,187,132,0.8794260687941502
167,aim,186,182,0.7399286120149252
168,investig,186,165,0.7825160557860937
169,examin,184,166,0.7798919119599449
170,decreas,183,124,0.906578314837765
171,dual,183,141,0.8507808873446201
172,dysfunct,183,127,0.8961962790440432
173,placebo,183,73,1.136677139879544
174,cardiometabol,182,113,0.9469215565165803
175,pharmacolog,182,133,0.8761483590329142
176,sglt2i,182,47,1.3279021420642825
177,addit,181,143,0.8446639625349383
178,perform,181,155,0.8096683018297085
179,requir,181,150,0.8239087409443188
180,role,181,145,0.8386319977650251
181,establish,180,157,0.8041003475907663
182,indic,179,156,0.8068754016455384
183,long-term,178,129,0.889410289700751
184,dai,177,102,0.9913998282380825
185,mellitu,177,161,0.7931741239681503
186,select,176,139,0.8569851997459049
187,approach,175,149,0.826813731587726
188,substanti,175,150,0.8239087409443188
189,0.001,174,87,1.0604807473813815
190,failur,174,121,0.9172146296835498
191,time,174,122,0.9136401693252517
192,hba1c,173,83,1.080921907623926
193,ckd,172,50,1.3010299956639813
194,hormon,170,92,1.0362121726544447
195,food,168,91,1.0409586076789064
196,regul,166,111,0.9546770212133426
197,within,165,143,0.8446639625349383
198,treat,163,130,0.8860566476931633
199,research,162,139,0.8569851997459049
200,index,161,135,0.8696662315049939
201,highlight,160,152,0.8181564120552274
202,renal,160,85,1.0705810742857074
203,12,158,93,1.0315170514460648
204,modul,158,124,0.906578314837765
205,prescrib,157,90,1.045757490560675
206,retrospect,157,151,0.8210230527068305
207,composit,156,97,1.0132282657337552
208,measur,155,123,0.9100948885606021
209,express,153,75,1.1249387366083
210,glycem,153,110,0.958607314841775
211,progress,153,110,0.958607314841775
212,5,152,94,1.0268721464003012
213,human,152,91,1.0409586076789064
214,test,152,110,0.958607314841775
215,framework,151,115,0.9393021596463883
216,gastrointestin,151,112,0.9507819773298184
217,gener,150,130,0.8860566476931633
218,pancreat,150,62,1.207608310501746
219,condit,149,112,0.9507819773298184
220,heart,149,97,1.0132282657337552
221,direct,148,125,0.9030899869919435
222,liraglutid,148,70,1.1549019599857433
223,particularli,147,135,0.8696662315049939
224,greater,146,109,0.9625735020593764
225,prevent,146,89,1.0506099933550872
226,6,145,87,1.0604807473813815
227,practic,145,95,1.0222763947111522
228,heterogen,144,108,0.9665762445130504
229,bariatr,142,72,1.1426675035687315
230,contribut,142,119,0.9244530386074693
231,m2,142,83,1.080921907623926
232,metformin,142,81,1.0915149811213503
233,adjust,141,94,1.0268721464003012
234,inflamm,141,102,0.9913998282380825
235,follow-up,140,110,0.958607314841775
236,real-world,140,105,0.978810700930062
237,structur,139,90,1.045757490560675
238,base,138,122,0.9136401693252517
239,sensit,138,100,1.0
240,overal,137,115,0.9393021596463883
241,comorbid,136,106,0.9746941347352298
242,lipid,135,86,1.0655015487564323
243,two,135,109,0.9625735020593764
244,independ,134,112,0.9507819773298184
245,masld,134,38,1.4202164033831899
246,secondari,134,113,0.9469215565165803
247,defin,133,114,0.9430951486635274
248,enhanc,133,95,1.0222763947111522
249,hazard,133,88,1.0555173278498313
250,high,133,99,1.00436480540245
251,intak,133,63,1.2006594505464183
252,overweight,133,83,1.080921907623926
253,peopl,133,77,1.1135092748275182
254,search,133,113,0.9469215565165803
255,systemat,133,101,0.9956786262173575
256,impair,132,97,1.0132282657337552
257,low,132,84,1.0757207139381184
258,mice,132,61,1.2146701649892329
259,recent,132,113,0.9469215565165803
260,fat,131,62,1.207608310501746
261,import,131,113,0.9469215565165803
262,secret,130,80,1.0969100130080565
263,central,129,105,0.978810700930062
264,link,129,116,0.9355420107730815
265,protein,129,91,1.0409586076789064
266,cancer,128,38,1.4202164033831899
267,kei,128,116,0.9355420107730815
268,regard,128,103,0.9871627752948278
269,30,127,102,0.9913998282380825
270,hepat,126,70,1.1549019599857433
271,larg,126,108,0.9665762445130504
272,nutrit,126,57,1.2441251443275085
273,10,125,93,1.0315170514460648
274,earli,125,95,1.0222763947111522
275,interv,125,112,0.9507819773298184
276,network,125,102,0.9913998282380825
277,on,125,100,1.0
278,phase,125,75,1.1249387366083
279,resist,125,91,1.0409586076789064
280,wherea,125,108,0.9665762445130504
281,2025,124,114,0.9430951486635274
282,achiev,124,89,1.0506099933550872
283,inflammatori,124,77,1.1135092748275182
284,discontinu,123,75,1.1249387366083
285,rr,123,33,1.4814860601221125
286,4,122,85,1.0705810742857074
287,blood,122,78,1.1079053973095196
288,increasingli,122,117,0.9318141382538383
289,mace,122,40,1.3979400086720377
290,impact,121,107,0.9706162223147904
291,incretin-based,121,74,1.1307682802690238
292,lifestyl,121,79,1.1023729087095586
293,sodium-glucose,121,119,0.9244530386074693
294,present,120,103,0.9871627752948278
295,promis,120,110,0.958607314841775
296,acid,119,73,1.136677139879544
297,prospect,119,108,0.9665762445130504
298,repres,119,112,0.9507819773298184
299,beyond,118,108,0.9665762445130504
300,product,117,67,1.1739251972991736
301,relev,117,102,0.9913998282380825
302,case,116,73,1.136677139879544
303,challeng,116,102,0.9913998282380825
304,class,116,78,1.1079053973095196
305,confid,116,107,0.9706162223147904
306,despit,116,112,0.9507819773298184
307,muscl,116,54,1.2676062401770316
308,statist,116,87,1.0604807473813815
309,suppress,116,89,1.0506099933550872
310,translat,116,94,1.0268721464003012
311,character,115,102,0.9913998282380825
312,gastric,115,58,1.2365720064370627
313,record,115,87,1.0604807473813815
314,syndrom,115,69,1.1611509092627448
315,valid,115,92,1.0362121726544447
316,design,114,97,1.0132282657337552
317,futur,114,104,0.9829666607012196
318,all-cause,113,54,1.2676062401770316
319,odd,113,71,1.1487416512809248
320,recommend,113,60,1.2218487496163564
321,rel,113,93,1.0315170514460648
322,continu,112,95,1.0222763947111522
323,interact,112,82,1.0861861476162833
324,respect,112,89,1.0506099933550872
325,subgroup,111,73,1.136677139879544
326,acut,110,69,1.1611509092627448
327,avail,110,96,1.0177287669604316
328,endpoint,110,81,1.0915149811213503
329,molecular,110,80,1.0969100130080565
330,propens,110,94,1.0268721464003012
331,common,109,99,1.00436480540245
332,male,109,70,1.1549019599857433
333,persist,109,71,1.1487416512809248
334,specif,109,97,1.0132282657337552
335,standard,109,88,1.0555173278498313
336,tissu,109,70,1.1549019599857433
337,toler,109,75,1.1249387366083
338,gut,107,65,1.1870866433571445
339,novel,107,88,1.0555173278498313
340,sglt2,107,61,1.2146701649892329
341,util,107,75,1.1249387366083
342,advanc,106,83,1.080921907623926
343,confirm,106,96,1.0177287669604316
344,fast,106,56,1.2518119729937995
345,femal,106,72,1.1426675035687315
346,pharmacotherapi,106,68,1.1674910872937636
347,proport,106,84,1.0757207139381184
348,protect,106,80,1.0969100130080565
349,biomark,105,71,1.1487416512809248
350,incretin,105,64,1.193820026016113
351,preserv,105,88,1.0555173278498313
352,stress,105,75,1.1249387366083
353,alon,104,71,1.1487416512809248
354,involv,104,96,1.0177287669604316
355,optim,104,84,1.0757207139381184
356,occur,103,83,1.080921907623926
357,period,103,79,1.1023729087095586
358,promot,103,89,1.0506099933550872
359,well,103,95,1.0222763947111522
360,mediat,102,63,1.2006594505464183
361,symptom,102,63,1.2006594505464183
362,intestin,101,46,1.337242168318426
363,qualiti,101,64,1.193820026016113
364,fibrosi,100,43,1.3665315444204134
365,mitochondri,100,44,1.3565473235138126
366,narr,100,86,1.0655015487564323
367,phenotyp,100,74,1.1307682802690238
368,preclin,100,75,1.1249387366083
369,hospit,99,59,1.2291479883578558
370,multipl,99,90,1.045757490560675
371,polypeptid,99,95,1.0222763947111522
372,appetit,98,62,1.207608310501746
373,axi,98,70,1.1549019599857433
374,determin,98,93,1.0315170514460648
375,glucagon,98,53,1.275724130399211
376,insulinotrop,98,94,1.0268721464003012
377,postop,98,39,1.408935392973501
378,access,97,58,1.2365720064370627
379,address,97,85,1.0705810742857074
380,dietari,97,52,1.2839966563652008
381,glucose-dependent,97,94,1.0268721464003012
382,rather,97,79,1.1023729087095586
383,yet,97,95,1.0222763947111522
384,comparison,96,73,1.136677139879544
385,meta-analysis,96,66,1.1804560644581314
386,monitor,96,73,1.136677139879544
387,pubm,96,95,1.0222763947111522
388,behavior,95,53,1.275724130399211
389,concern,95,87,1.0604807473813815
390,reveal,95,83,1.080921907623926
391,diet,94,61,1.2146701649892329
392,energi,94,61,1.2146701649892329
393,offer,94,88,1.0555173278498313
394,pressur,94,52,1.2839966563652008
395,first,93,78,1.1079053973095196
396,three,93,76,1.1191864077192086
397,orforglipron,92,19,1.721246399047171
398,analyz,91,84,1.0757207139381184
399,elev,91,70,1.1549019599857433
400,inform,91,73,1.136677139879544
401,2026,90,82,1.0861861476162833
402,via,90,82,1.0861861476162833
403,approv,89,74,1.1307682802690238
404,burden,89,77,1.1135092748275182
405,discuss,89,77,1.1135092748275182
406,elig,89,69,1.1611509092627448
407,frequent,89,83,1.080921907623926
408,injuri,89,59,1.2291479883578558
409,lead,89,82,1.0861861476162833
410,produc,89,74,1.1307682802690238
411,death,88,56,1.2518119729937995
412,pool,88,50,1.3010299956639813
413,posit,88,71,1.1487416512809248
414,women,88,43,1.3665315444204134
415,adipos,87,65,1.1870866433571445
416,administr,87,72,1.1426675035687315
417,affect,87,78,1.1079053973095196
418,databas,86,75,1.1249387366083
419,global,86,81,1.0915149811213503
420,induc,86,73,1.136677139879544
421,new,86,72,1.1426675035687315
422,predict,86,51,1.2924298239020637
423,rang,86,64,1.193820026016113
424,attenu,85,70,1.1549019599857433
425,complet,85,69,1.1611509092627448
426,median,85,57,1.2441251443275085
427,per,85,56,1.2518119729937995
428,similar,85,69,1.1611509092627448
429,due,84,76,1.1191864077192086
430,marker,84,61,1.2146701649892329
431,sustain,84,72,1.1426675035687315
432,8,83,54,1.2676062401770316
433,alter,83,68,1.1674910872937636
434,g,83,54,1.2676062401770316
435,influenc,83,74,1.1307682802690238
436,adher,82,45,1.3467874862246563
437,antidiabet,82,42,1.3767507096020994
438,causal,82,72,1.1426675035687315
439,implic,82,76,1.1191864077192086
440,oxid,82,58,1.2365720064370627
441,statu,82,62,1.207608310501746
442,biolog,81,60,1.2218487496163564
443,preval,81,73,1.136677139879544
444,propos,81,71,1.1487416512809248
445,cognit,80,28,1.5528419686577808
446,critic,80,70,1.1549019599857433
447,inhibit,80,49,1.3098039199714864
448,24,79,47,1.3279021420642825
449,characterist,79,70,1.1549019599857433
450,concentr,79,51,1.2924298239020637
451,criteria,79,65,1.1870866433571445
452,distinct,79,70,1.1549019599857433
453,e,79,48,1.3187587626244128
454,hf,79,14,1.853871964321762
455,pattern,79,64,1.193820026016113
456,relat,79,72,1.1426675035687315
457,unclear,79,79,1.1023729087095586
458,action,78,66,1.1804560644581314
459,homeostasi,78,60,1.2218487496163564
460,prescript,78,46,1.337242168318426
461,consid,77,74,1.1307682802690238
462,guidelin,77,64,1.193820026016113
463,periop,77,42,1.3767507096020994
464,regress,77,73,1.136677139879544
465,interpret,76,65,1.1870866433571445
466,l,76,33,1.4814860601221125
467,like,76,67,1.1739251972991736
468,literatur,76,67,1.1739251972991736
469,regulatori,76,58,1.2365720064370627
470,screen,76,60,1.2218487496163564
471,2024,75,65,1.1870866433571445
472,adolesc,75,23,1.6382721639824072
473,meaning,75,67,1.1739251972991736
474,randomis,75,51,1.2924298239020637
475,balanc,74,64,1.193820026016113
476,bia,74,55,1.2596373105057561
477,certainti,74,25,1.6020599913279623
478,dulaglutid,74,33,1.4814860601221125
479,explor,74,71,1.1487416512809248
480,physiolog,74,49,1.3098039199714864
481,cost,73,36,1.4436974992327127
482,md,73,23,1.6382721639824072
483,method,73,61,1.2146701649892329
484,plasma,73,49,1.3098039199714864
485,set,73,60,1.2218487496163564
486,stroke,73,33,1.4814860601221125
487,synthes,73,70,1.1549019599857433
488,t1d,73,17,1.7695510786217261
489,undergo,73,44,1.3565473235138126
490,older,72,47,1.3279021420642825
491,paramet,72,61,1.2146701649892329
492,trinetx,72,69,1.1611509092627448
493,underli,72,66,1.1804560644581314
494,consider,71,63,1.2006594505464183
495,declin,71,55,1.2596373105057561
496,egfr,71,31,1.5086383061657274
497,embas,71,71,1.1487416512809248
498,exercis,71,39,1.408935392973501
499,state,71,54,1.2676062401770316
500,comprehens,70,62,1.207608310501746
501,diagnosi,70,55,1.2596373105057561
502,gain,70,52,1.2839966563652008
503,medicin,70,49,1.3098039199714864
504,monotherapi,70,30,1.5228787452803376
505,prior,70,53,1.275724130399211
506,procedur,70,44,1.3565473235138126
507,stage,70,42,1.3767507096020994
508,variabl,70,58,1.2365720064370627
509,caus,69,61,1.2146701649892329
510,driven,69,66,1.1804560644581314
511,eat,69,31,1.5086383061657274
512,primarili,69,64,1.193820026016113
513,public,69,55,1.2596373105057561
514,ad,68,28,1.5528419686577808
515,hfpef,68,19,1.721246399047171
516,vascular,68,41,1.3872161432802645
517,adjunct,67,51,1.2924298239020637
518,barrier,67,48,1.3187587626244128
519,complex,67,62,1.207608310501746
520,compound,67,34,1.4685210829577449
521,dysfunction-associated,67,57,1.2441251443275085
522,remodel,67,48,1.3187587626244128
523,understand,67,59,1.2291479883578558
524,healthcar,66,46,1.337242168318426
525,rct,66,31,1.5086383061657274
526,0,65,24,1.6197887582883939
527,anti-inflammatory,65,53,1.275724130399211
528,cvd,65,19,1.721246399047171
529,modifi,65,50,1.3010299956639813
530,often,65,61,1.2146701649892329
531,physic,65,45,1.3467874862246563
532,pulmonari,65,26,1.585026652029182
533,0.05,64,35,1.4559319556497243
534,af,64,11,1.9586073148417749
535,collect,64,61,1.2146701649892329
536,exist,64,56,1.2518119729937995
537,gap,64,57,1.2441251443275085
538,genet,64,42,1.3767507096020994
539,glucose-lowering,64,48,1.3187587626244128
540,least,64,49,1.3098039199714864
541,rat,64,26,1.585026652029182
542,warrant,64,62,1.207608310501746
543,dipeptidyl,63,58,1.2365720064370627
544,exhibit,63,54,1.2676062401770316
545,longitudin,63,48,1.3187587626244128
546,min,63,33,1.4814860601221125
547,patholog,63,43,1.3665315444204134
548,surgic,63,43,1.3665315444204134
549,context,62,55,1.2596373105057561
550,durat,62,49,1.3098039199714864
551,experi,62,49,1.3098039199714864
552,process,62,50,1.3010299956639813
553,bone,61,26,1.585026652029182
554,depress,61,24,1.6197887582883939
555,expand,61,57,1.2441251443275085
556,formul,61,38,1.4202164033831899
557,microbiota,61,34,1.4685210829577449
558,psychiatr,61,27,1.5686362358410126
559,sex,61,49,1.3098039199714864
560,valu,61,53,1.275724130399211
561,7,60,45,1.3467874862246563
562,electron,60,58,1.2365720064370627
563,mash,60,16,1.7958800173440752
564,option,60,58,1.2365720064370627
565,pain,60,32,1.494850021680094
566,pathophysiolog,60,52,1.2839966563652008
567,subsequ,60,56,1.2518119729937995
568,summar,60,57,1.2441251443275085
569,15,59,50,1.3010299956639813
570,articl,59,48,1.3187587626244128
571,candid,59,50,1.3010299956639813
572,hypertens,59,43,1.3665315444204134
573,lean,59,27,1.5686362358410126
574,obesity-related,59,42,1.3767507096020994
575,point,59,40,1.3979400086720377
576,cholesterol,58,29,1.537602002101044
577,cotransporter-2,58,57,1.2441251443275085
578,dl,58,25,1.6020599913279623
579,dpp4i,58,18,1.744727494896694
580,exploratori,58,46,1.337242168318426
581,ml,58,37,1.431798275933005
582,modif,58,49,1.3098039199714864
583,organ,58,49,1.3098039199714864
584,relationship,58,51,1.2924298239020637
585,scienc,58,56,1.2518119729937995
586,toward,58,54,1.2676062401770316
587,18,57,46,1.337242168318426
588,appear,57,51,1.2924298239020637
589,approxim,57,49,1.3098039199714864
590,cox,57,54,1.2676062401770316
591,delai,57,46,1.337242168318426
592,detect,57,38,1.4202164033831899
593,endocrin,57,38,1.4202164033831899
594,focus,57,56,1.2518119729937995
595,four,57,52,1.2839966563652008
596,robust,57,50,1.3010299956639813
597,sleep,57,29,1.537602002101044
598,stimul,57,41,1.3872161432802645
599,subcutan,57,46,1.337242168318426
600,trajectori,57,35,1.4559319556497243
601,empti,56,35,1.4559319556497243
602,exert,56,53,1.275724130399211
603,found,56,47,1.3279021420642825
604,grow,56,54,1.2676062401770316
605,reflect,56,53,1.275724130399211
606,residu,56,43,1.3665315444204134
607,restor,56,43,1.3665315444204134
608,serum,56,40,1.3979400086720377
609,stabil,56,42,1.3767507096020994
610,9,55,36,1.4436974992327127
611,accord,55,49,1.3098039199714864
612,fatti,55,40,1.3979400086720377
613,favor,55,49,1.3098039199714864
614,preoper,55,31,1.5086383061657274
615,small,55,47,1.3279021420642825
616,therefor,55,54,1.2676062401770316
617,conclus,54,50,1.3010299956639813
618,given,54,50,1.3010299956639813
619,peptidase-4,54,50,1.3010299956639813
620,program,54,40,1.3979400086720377
621,share,54,45,1.3467874862246563
622,suicid,54,13,1.8860566476931633
623,survei,54,31,1.5086383061657274
624,weight-loss,54,38,1.4202164033831899
625,20,53,45,1.3467874862246563
626,50,53,42,1.3767507096020994
627,accumul,53,38,1.4202164033831899
628,c,53,25,1.6020599913279623
629,clinicaltri,53,48,1.3187587626244128
630,describ,53,50,1.3010299956639813
631,dpp-4,53,28,1.5528419686577808
632,extend,53,47,1.3279021420642825
633,inject,53,33,1.4814860601221125
634,meta-analyses,53,44,1.3565473235138126
635,myocardi,53,40,1.3979400086720377
636,shift,53,50,1.3010299956639813
637,shown,53,53,1.275724130399211
638,singl,53,43,1.3665315444204134
639,alcohol,52,17,1.7695510786217261
640,cochran,52,44,1.3565473235138126
641,cotransport,52,51,1.2924298239020637
642,daili,52,37,1.431798275933005
643,endotheli,52,25,1.6020599913279623
644,glycaem,52,37,1.431798275933005
645,immun,52,32,1.494850021680094
646,implement,52,43,1.3665315444204134
647,moder,52,45,1.3467874862246563
648,recurr,52,29,1.537602002101044
649,s,52,38,1.4202164033831899
650,sd,52,29,1.537602002101044
651,supplement,52,31,1.5086383061657274
652,17,51,46,1.337242168318426
653,absolut,51,39,1.408935392973501
654,fraction,51,40,1.3979400086720377
655,gov,51,46,1.337242168318426
656,hypoglycemia,51,20,1.6989700043360187
657,precis,51,46,1.337242168318426
658,routin,51,47,1.3279021420642825
659,steatot,51,47,1.3279021420642825
660,togeth,51,48,1.3187587626244128
661,transform,51,50,1.3010299956639813
662,0.0001,50,28,1.5528419686577808
663,cardiac,50,33,1.4814860601221125
664,complementari,50,45,1.3467874862246563
665,deriv,50,47,1.3279021420642825
666,engag,50,35,1.4559319556497243
667,enrol,50,38,1.4202164033831899
668,incomplet,50,47,1.3279021420642825
669,morbid,50,42,1.3767507096020994
670,peripher,50,36,1.4436974992327127
671,postprandi,50,23,1.6382721639824072
672,vitro,50,37,1.431798275933005
673,web,50,48,1.3187587626244128
674,altern,49,40,1.3979400086720377
675,area,49,42,1.3767507096020994
676,dementia,49,13,1.8860566476931633
677,differenti,49,40,1.3979400086720377
678,help,49,42,1.3767507096020994
679,nation,49,40,1.3979400086720377
680,pair,49,34,1.4685210829577449
681,strong,49,35,1.4559319556497243
682,vari,49,46,1.337242168318426
683,wide,49,47,1.3279021420642825
684,alongsid,48,46,1.337242168318426
685,applic,48,42,1.3767507096020994
686,exclud,48,45,1.3467874862246563
687,less,48,43,1.3665315444204134
688,medlin,48,47,1.3279021420642825
689,met,48,34,1.4685210829577449
690,percentag,48,34,1.4685210829577449
691,rais,48,46,1.337242168318426
692,sulfonylurea,48,30,1.5228787452803376
693,visit,48,26,1.585026652029182
694,asthma,47,8,2.0969100130080562
695,confound,47,43,1.3665315444204134
696,gipr,47,16,1.7958800173440752
697,glp-1-based,47,28,1.5528419686577808
698,infect,47,34,1.4685210829577449
699,januari,47,46,1.337242168318426
700,june,47,46,1.337242168318426
701,multivari,47,38,1.4202164033831899
702,recogn,47,44,1.3565473235138126
703,serv,47,45,1.3467874862246563
704,60,46,31,1.5086383061657274
705,90,46,35,1.4559319556497243
706,brain,46,30,1.5228787452803376
707,demograph,46,42,1.3767507096020994
708,highli,46,41,1.3872161432802645
709,lack,46,44,1.3565473235138126
710,microbi,46,22,1.6575773191777938
711,osa,46,9,2.0457574905606752
712,surviv,46,28,1.5528419686577808
713,uncertain,46,42,1.3767507096020994
714,14,45,38,1.4202164033831899
715,2023,45,39,1.408935392973501
716,antagonist,45,40,1.3979400086720377
717,circul,45,27,1.5686362358410126
718,guid,45,45,1.3467874862246563
719,modest,45,42,1.3767507096020994
720,properti,45,36,1.4436974992327127
721,scopu,45,45,1.3467874862246563
722,term,45,38,1.4202164033831899
723,account,44,41,1.3872161432802645
724,ae,44,16,1.7958800173440752
725,appli,44,41,1.3872161432802645
726,compris,44,44,1.3565473235138126
727,deliveri,44,28,1.5528419686577808
728,depend,44,35,1.4559319556497243
729,experienc,44,39,1.408935392973501
730,healthi,44,36,1.4436974992327127
731,indirect,44,33,1.4814860601221125
732,life,44,35,1.4559319556497243
733,metabolit,44,24,1.6197887582883939
734,notabl,44,43,1.3665315444204134
735,pharmacokinet,44,30,1.5228787452803376
736,regist,44,42,1.3767507096020994
737,releas,44,28,1.5528419686577808
738,sampl,44,39,1.408935392973501
739,sglt-2,44,19,1.721246399047171
740,transcript,44,24,1.6197887582883939
741,triglycerid,44,30,1.5228787452803376
742,underw,44,36,1.4436974992327127
743,volum,44,24,1.6197887582883939
744,accompani,43,40,1.3979400086720377
745,appropri,43,37,1.431798275933005
746,cardioren,43,27,1.5686362358410126
747,cellular,43,32,1.494850021680094
748,collabor,43,37,1.431798275933005
749,decemb,43,39,1.408935392973501
750,diagnos,43,35,1.4559319556497243
751,document,43,29,1.537602002101044
752,drive,43,42,1.3767507096020994
753,dynam,43,36,1.4436974992327127
754,final,43,40,1.3979400086720377
755,glp1-ra,43,11,1.9586073148417749
756,insight,43,40,1.3979400086720377
757,known,43,41,1.3872161432802645
758,publish,43,39,1.408935392973501
759,vivo,43,32,1.494850021680094
760,atrial,42,23,1.6382721639824072
761,experiment,42,36,1.4436974992327127
762,extract,42,40,1.3979400086720377
763,feed,42,18,1.744727494896694
764,hypothesis-generating,42,41,1.3872161432802645
765,incorpor,42,37,1.431798275933005
766,maintain,42,38,1.4202164033831899
767,number,42,41,1.3872161432802645
768,object,42,40,1.3979400086720377
769,restrict,42,34,1.4685210829577449
770,skelet,42,26,1.585026652029182
771,synthesi,42,30,1.5228787452803376
772,tool,42,39,1.408935392973501
773,uacr,42,12,1.9208187539523751
774,weekli,42,35,1.4559319556497243
775,calcul,41,41,1.3872161432802645
776,consumpt,41,27,1.5686362358410126
777,content,41,27,1.5686362358410126
778,disrupt,41,35,1.4559319556497243
779,essenti,41,40,1.3979400086720377
780,excess,41,39,1.408935392973501
781,insuffici,41,39,1.408935392973501
782,live,41,32,1.494850021680094
783,mitig,41,39,1.408935392973501
784,neuron,41,19,1.721246399047171
785,pco,41,10,2.0
786,possibl,41,37,1.431798275933005
787,question,41,39,1.408935392973501
788,transplant,41,22,1.6575773191777938
789,trend,41,40,1.3979400086720377
790,addition,40,39,1.408935392973501
791,agon,40,24,1.6197887582883939
792,background,40,34,1.4685210829577449
793,code,40,28,1.5528419686577808
794,compon,40,36,1.4436974992327127
795,counsel,40,26,1.585026652029182
796,cv,40,10,2.0
797,date,40,34,1.4685210829577449
798,divers,40,38,1.4202164033831899
799,evolv,40,36,1.4436974992327127
800,gene,40,28,1.5528419686577808
801,islet,40,15,1.8239087409443189
802,mainten,40,29,1.537602002101044
803,normal,40,31,1.5086383061657274
804,opioid,40,11,1.9586073148417749
805,pediatr,40,20,1.6989700043360187
806,predominantli,40,35,1.4559319556497243
807,random-effects,40,39,1.408935392973501
808,retatrutid,40,16,1.7958800173440752
809,separ,40,34,1.4685210829577449
810,sglt2is,40,15,1.8239087409443189
811,skin,40,18,1.744727494896694
812,stabl,40,34,1.4685210829577449
813,strength,40,28,1.5528419686577808
814,though,40,38,1.4202164033831899
815,unit,40,35,1.4559319556497243
816,β-cell,40,21,1.6777807052660807
817,100,39,28,1.5528419686577808
818,16,39,32,1.494850021680094
819,25,39,34,1.4685210829577449
820,benefici,39,35,1.4559319556497243
821,consequ,39,35,1.4559319556497243
822,contrast,39,38,1.4202164033831899
823,defici,39,22,1.6575773191777938
824,eject,39,32,1.494850021680094
825,grade,39,28,1.5528419686577808
826,once-weekly,39,27,1.5686362358410126
827,partial,39,33,1.4814860601221125
828,post,39,22,1.6575773191777938
829,rapid,39,35,1.4559319556497243
830,site,39,31,1.5086383061657274
831,stratifi,39,36,1.4436974992327127
832,superior,39,32,1.494850021680094
833,threshold,39,30,1.5228787452803376
834,yield,39,38,1.4202164033831899
835,0.01,38,26,1.585026652029182
836,31,38,36,1.4436974992327127
837,40,38,31,1.5086383061657274
838,b,38,17,1.7695510786217261
839,bind,38,20,1.6989700043360187
840,claim,38,34,1.4685210829577449
841,clinician,38,33,1.4814860601221125
842,converg,38,31,1.5086383061657274
843,coronari,38,20,1.6989700043360187
844,cross-sectional,38,35,1.4559319556497243
845,descript,38,33,1.4814860601221125
846,dpp-4i,38,11,1.9586073148417749
847,dysregul,38,34,1.4685210829577449
848,exenatid,38,24,1.6197887582883939
849,furthermor,38,36,1.4436974992327127
850,high-risk,38,32,1.494850021680094
851,histori,38,26,1.585026652029182
852,hypoglycaemia,38,20,1.6989700043360187
853,interest,38,37,1.431798275933005
854,mani,38,35,1.4559319556497243
855,meal,38,23,1.6382721639824072
856,mmol,38,19,1.721246399047171
857,multidisciplinari,38,35,1.4559319556497243
858,naion,38,9,2.0457574905606752
859,predictor,38,23,1.6382721639824072
860,sema,38,8,2.0969100130080562
861,viscer,38,23,1.6382721639824072
862,1-year,37,18,1.744727494896694
863,11,37,32,1.494850021680094
864,21,37,33,1.4814860601221125
865,36,37,23,1.6382721639824072
866,broader,37,34,1.4685210829577449
867,capac,37,30,1.5228787452803376
868,ckm,37,13,1.8860566476931633
869,commun,37,26,1.585026652029182
870,d,37,23,1.6382721639824072
871,definit,37,33,1.4814860601221125
872,directli,37,33,1.4814860601221125
873,emphas,37,37,1.431798275933005
874,h,37,24,1.6197887582883939
875,i2,37,14,1.853871964321762
876,make,37,25,1.6020599913279623
877,neuropathi,37,21,1.6777807052660807
878,particular,37,36,1.4436974992327127
879,plu,37,26,1.585026652029182
880,rank,37,18,1.744727494896694
881,rare,37,35,1.4559319556497243
882,refer,37,27,1.5686362358410126
883,stratif,37,33,1.4814860601221125
884,u,37,30,1.5228787452803376
885,0.83,36,32,1.494850021680094
886,27,36,32,1.494850021680094
887,90-day,36,16,1.7958800173440752
888,adequ,36,33,1.4814860601221125
889,anim,36,27,1.5686362358410126
890,attent,36,35,1.4559319556497243
891,children,36,12,1.9208187539523751
892,commonli,36,34,1.4685210829577449
893,dkd,36,10,2.0
894,insur,36,22,1.6575773191777938
895,isol,36,25,1.6020599913279623
896,now,36,35,1.4559319556497243
897,obstruct,36,28,1.5528419686577808
898,pd,36,9,2.0457574905606752
899,poorli,36,35,1.4559319556497243
900,prioriti,36,32,1.494850021680094
901,revers,36,29,1.537602002101044
902,urinari,36,23,1.6382721639824072
903,beta,35,9,2.0457574905606752
904,biologi,35,30,1.5228787452803376
905,correl,35,23,1.6382721639824072
906,enabl,35,32,1.494850021680094
907,perspect,35,32,1.494850021680094
908,regimen,35,20,1.6989700043360187
909,seriou,35,32,1.494850021680094
910,therebi,35,32,1.494850021680094
911,transit,35,27,1.5686362358410126
912,understood,35,35,1.4559319556497243
913,uniqu,35,31,1.5086383061657274
914,001,34,19,1.721246399047171
915,1.73,34,23,1.6382721639824072
916,2.4,34,19,1.721246399047171
917,65,34,19,1.721246399047171
918,analog,34,23,1.6382721639824072
919,arteri,34,20,1.6989700043360187
920,assign,34,22,1.6575773191777938
921,becom,34,33,1.4814860601221125
922,cgm,34,11,1.9586073148417749
923,contain,34,28,1.5528419686577808
924,convent,34,27,1.5686362358410126
925,frequenc,34,27,1.5686362358410126
926,ischem,34,22,1.6575773191777938
927,knowledg,34,26,1.585026652029182
928,neuroprotect,34,25,1.6020599913279623
929,regain,34,19,1.721246399047171
930,tripl,34,21,1.6777807052660807
931,white,34,21,1.6777807052660807
932,worsen,34,25,1.6020599913279623
933,35,33,26,1.585026652029182
934,act,33,32,1.494850021680094
935,allevi,33,26,1.585026652029182
936,bioavail,33,22,1.6575773191777938
937,center,33,22,1.6575773191777938
938,chines,33,22,1.6575773191777938
939,decis,33,27,1.5686362358410126
940,dermatolog,33,12,1.9208187539523751
941,domain,33,26,1.585026652029182
942,durabl,33,30,1.5228787452803376
943,explain,33,29,1.537602002101044
944,fibril,33,22,1.6575773191777938
945,focu,33,33,1.4814860601221125
946,growth,33,26,1.585026652029182
947,landscap,33,27,1.5686362358410126
948,neg,33,29,1.537602002101044
949,platform,33,22,1.6575773191777938
950,prefer,33,29,1.537602002101044
951,previous,33,28,1.5528419686577808
952,probabl,33,27,1.5686362358410126
953,revis,33,18,1.744727494896694
954,rise,33,30,1.5228787452803376
955,short-term,33,23,1.6382721639824072
956,six,33,30,1.5228787452803376
957,size,33,32,1.494850021680094
958,underscor,33,33,1.4814860601221125
959,000,32,21,1.6777807052660807
960,2022,32,29,1.537602002101044
961,28,32,30,1.5228787452803376
962,convers,32,26,1.585026652029182
963,coverag,32,16,1.7958800173440752
964,distribut,32,27,1.5686362358410126
965,dm,32,10,2.0
966,featur,32,31,1.5086383061657274
967,intoler,32,19,1.721246399047171
968,larger,32,31,1.5086383061657274
969,macrophag,32,9,2.0457574905606752
970,mb,32,10,2.0
971,men,32,17,1.7695510786217261
972,percent,32,24,1.6197887582883939
973,prespecifi,32,27,1.5686362358410126
974,reaction,32,15,1.8239087409443189
975,reproduct,32,14,1.853871964321762
976,reward,32,20,1.6989700043360187
977,sequenc,32,24,1.6197887582883939
978,side,32,28,1.5528419686577808
979,steatohepat,32,26,1.585026652029182
980,work,32,29,1.537602002101044
981,13,31,26,1.585026652029182
982,along,31,26,1.585026652029182
983,analyt,31,25,1.6020599913279623
984,better,31,30,1.5228787452803376
985,confer,31,31,1.5086383061657274
986,driver,31,30,1.5228787452803376
987,escal,31,23,1.6382721639824072
988,faer,31,13,1.8860566476931633
989,guidanc,31,24,1.6197887582883939
990,hemoglobin,31,30,1.5228787452803376
991,hyperglycemia,31,21,1.6777807052660807
992,incept,31,31,1.5086383061657274
993,infarct,31,26,1.585026652029182
994,mark,31,29,1.537602002101044
995,mous,31,24,1.6197887582883939
996,nois,31,7,2.154901959985743
997,oper,31,20,1.6989700043360187
998,outlin,31,31,1.5086383061657274
999,physician,31,16,1.7958800173440752
1000,respond,31,20,1.6989700043360187
1001,vitamin,31,15,1.8239087409443189
1002,32,30,19,1.721246399047171
1003,basal,30,23,1.6382721639824072
1004,captur,30,26,1.585026652029182
1005,circumfer,30,22,1.6575773191777938
1006,clarifi,30,29,1.537602002101044
1007,conceptu,30,24,1.6197887582883939
1008,diagnost,30,24,1.6197887582883939
1009,dispar,30,11,1.9586073148417749
1010,especi,30,29,1.537602002101044
1011,fewer,30,26,1.585026652029182
1012,five,30,24,1.6197887582883939
1013,glomerular,30,26,1.585026652029182
1014,greatest,30,27,1.5686362358410126
1015,logist,30,29,1.537602002101044
1016,metabolom,30,17,1.7695510786217261
1017,ongo,30,25,1.6020599913279623
1018,pmo,30,6,2.221848749616356
1019,prediabet,30,12,1.9208187539523751
1020,prolong,30,24,1.6197887582883939
1021,reach,30,26,1.585026652029182
1022,steatosi,30,22,1.6575773191777938
1023,variou,30,29,1.537602002101044
1024,0.89,29,24,1.6197887582883939
1025,0.94,29,25,1.6020599913279623
1026,22,29,27,1.5686362358410126
1027,abnorm,29,26,1.585026652029182
1028,aspir,29,14,1.853871964321762
1029,attribut,29,24,1.6197887582883939
1030,basi,29,26,1.585026652029182
1031,camp,29,17,1.7695510786217261
1032,crave,29,17,1.7695510786217261
1033,exendin-4,29,15,1.8239087409443189
1034,famili,29,23,1.6382721639824072
1035,flow,29,21,1.6777807052660807
1036,fractur,29,13,1.8860566476931633
1037,ghrelin,29,13,1.8860566476931633
1038,increment,29,21,1.6777807052660807
1039,led,29,25,1.6020599913279623
1040,methodolog,29,21,1.6777807052660807
1041,million,29,22,1.6575773191777938
1042,minim,29,28,1.5528419686577808
1043,nausea,29,27,1.5686362358410126
1044,polici,29,22,1.6575773191777938
1045,prospero,29,29,1.537602002101044
1046,randomli,29,18,1.744727494896694
1047,rapidli,29,29,1.537602002101044
1048,ror,29,9,2.0457574905606752
1049,safe,29,27,1.5686362358410126
1050,scale,29,26,1.585026652029182
1051,seri,29,17,1.7695510786217261
1052,subject,29,20,1.6989700043360187
1053,tradit,29,26,1.585026652029182
1054,train,29,17,1.7695510786217261
1055,0.97,28,26,1.585026652029182
1056,adapt,28,21,1.6777807052660807
1057,alzheimer's,28,17,1.7695510786217261
1058,anti-obesity,28,18,1.744727494896694
1059,atherosclerot,28,22,1.6575773191777938
1060,best,28,17,1.7695510786217261
1061,contemporari,28,24,1.6197887582883939
1062,curv,28,26,1.585026652029182
1063,dialysi,28,11,1.9586073148417749
1064,evidence-based,28,27,1.5686362358410126
1065,field,28,21,1.6777807052660807
1066,full,28,20,1.6989700043360187
1067,high-fat,28,18,1.744727494896694
1068,inclus,28,26,1.585026652029182
1069,intens,28,25,1.6020599913279623
1070,intern,28,27,1.5686362358410126
1071,invers,28,23,1.6382721639824072
1072,linear,28,26,1.585026652029182
1073,oa,28,6,2.221848749616356
1074,onlin,28,20,1.6989700043360187
1075,optic,28,15,1.8239087409443189
1076,pharmaceut,28,17,1.7695510786217261
1077,rgc,28,4,2.3979400086720375
1078,slow,28,24,1.6197887582883939
1079,success,28,23,1.6382721639824072
1080,take,28,21,1.6777807052660807
1081,unknown,28,28,1.5528419686577808
1082,upregul,28,21,1.6777807052660807
1083,vulner,28,24,1.6197887582883939
1084,worldwid,28,27,1.5686362358410126
1085,0.91,27,25,1.6020599913279623
1086,72,27,16,1.7958800173440752
1087,broad,27,23,1.6382721639824072
1088,coordin,27,24,1.6197887582883939
1089,correspond,27,26,1.585026652029182
1090,disturb,27,24,1.6197887582883939
1091,endogen,27,19,1.721246399047171
1092,exclus,27,26,1.585026652029182
1093,foundat,27,24,1.6197887582883939
1094,fusion,27,11,1.9586073148417749
1095,glp1r,27,13,1.8860566476931633
1096,hair,27,5,2.3010299956639813
1097,hypothesi,27,22,1.6575773191777938
1098,institut,27,19,1.721246399047171
1099,joint,27,19,1.721246399047171
1100,line,27,18,1.744727494896694
1101,mental,27,17,1.7695510786217261
1102,microbiom,27,16,1.7958800173440752
1103,mild,27,22,1.6575773191777938
1104,m²,27,18,1.744727494896694
1105,neural,27,19,1.721246399047171
1106,plai,27,26,1.585026652029182
1107,probiot,27,11,1.9586073148417749
1108,psycholog,27,14,1.853871964321762
1109,qali,27,6,2.221848749616356
1110,rational,27,25,1.6020599913279623
1111,rd,27,8,2.0969100130080562
1112,region,27,22,1.6575773191777938
1113,repair,27,16,1.7958800173440752
1114,social,27,22,1.6575773191777938
1115,sodium,27,21,1.6777807052660807
1116,start,27,22,1.6575773191777938
1117,tempor,27,26,1.585026652029182
1118,thyroid,27,17,1.7695510786217261
1119,tumor,27,15,1.8239087409443189
1120,withdraw,27,17,1.7695510786217261
1121,0.76,26,22,1.6575773191777938
1122,a1c,26,22,1.6575773191777938
1123,acceler,26,23,1.6382721639824072
1124,acdf,26,5,2.3010299956639813
1125,administ,26,24,1.6197887582883939
1126,amylin,26,12,1.9208187539523751
1127,anxieti,26,15,1.8239087409443189
1128,assai,26,20,1.6989700043360187
1129,author,26,21,1.6777807052660807
1130,ca2,26,6,2.221848749616356
1131,cannot,26,26,1.585026652029182
1132,covari,26,24,1.6197887582883939
1133,dedic,26,23,1.6382721639824072
1134,double-blind,26,26,1.585026652029182
1135,downstream,26,23,1.6382721639824072
1136,educ,26,21,1.6777807052660807
1137,emploi,26,24,1.6197887582883939
1138,encompass,26,26,1.585026652029182
1139,filtrat,26,24,1.6197887582883939
1140,fulli,26,25,1.6020599913279623
1141,hhf,26,6,2.221848749616356
1142,imag,26,23,1.6382721639824072
1143,inconsist,26,26,1.585026652029182
1144,infus,26,8,2.0969100130080562
1145,librari,26,25,1.6020599913279623
1146,mainli,26,25,1.6020599913279623
1147,micronutri,26,14,1.853871964321762
1148,neuropsychiatr,26,12,1.9208187539523751
1149,poor,26,26,1.585026652029182
1150,prepar,26,16,1.7958800173440752
1151,quantifi,26,25,1.6020599913279623
1152,recoveri,26,19,1.721246399047171
1153,respiratori,26,19,1.721246399047171
1154,sourc,26,23,1.6382721639824072
1155,0.69,25,24,1.6197887582883939
1156,0.79,25,24,1.6197887582883939
1157,0.87,25,22,1.6575773191777938
1158,19,25,23,1.6382721639824072
1159,75,25,21,1.6777807052660807
1160,80,25,22,1.6575773191777938
1161,albuminuria,25,17,1.7695510786217261
1162,aud,25,6,2.221848749616356
1163,bile,25,17,1.7695510786217261
1164,carcinoma,25,21,1.6777807052660807
1165,cost-effectiveness,25,9,2.0457574905606752
1166,disproportion,25,20,1.6989700043360187
1167,enrich,25,22,1.6575773191777938
1168,epidemiolog,25,22,1.6575773191777938
1169,exacerb,25,14,1.853871964321762
1170,expert,25,15,1.8239087409443189
1171,fda,25,20,1.6989700043360187
1172,gld,25,4,2.3979400086720375
1173,glycat,25,25,1.6020599913279623
1174,hemodynam,25,18,1.744727494896694
1175,highest,25,22,1.6575773191777938
1176,kaplan-meier,25,20,1.6989700043360187
1177,longer,25,24,1.6197887582883939
1178,markedli,25,25,1.6020599913279623
1179,medicar,25,14,1.853871964321762
1180,modern,25,16,1.7958800173440752
1181,nutrient,25,21,1.6777807052660807
1182,power,25,23,1.6382721639824072
1183,preliminari,25,24,1.6197887582883939
1184,presenc,25,19,1.721246399047171
1185,rygb,25,9,2.0457574905606752
1186,spectrum,25,21,1.6777807052660807
1187,thu,25,24,1.6197887582883939
1188,0.88,24,18,1.744727494896694
1189,48,24,17,1.7695510786217261
1190,amino,24,16,1.7958800173440752
1191,asian,24,14,1.853871964321762
1192,close,24,24,1.6197887582883939
1193,coupl,24,17,1.7695510786217261
1194,db,24,6,2.221848749616356
1195,dock,24,16,1.7958800173440752
1196,emphasi,24,24,1.6197887582883939
1197,end,24,23,1.6382721639824072
1198,epitheli,24,15,1.8239087409443189
1199,esg,24,1,3.0
1200,expect,24,22,1.6575773191777938
1201,fail,24,21,1.6777807052660807
1202,feasibl,24,15,1.8239087409443189
1203,hs,24,5,2.3010299956639813
1204,ii,24,21,1.6777807052660807
1205,iii,24,22,1.6575773191777938
1206,mineralocorticoid,24,24,1.6197887582883939
1207,neuroinflamm,24,17,1.7695510786217261
1208,newli,24,18,1.744727494896694
1209,nlrp3,24,18,1.744727494896694
1210,pharmacovigil,24,18,1.744727494896694
1211,pregnanc,24,11,1.9586073148417749
1212,prisma,24,23,1.6382721639824072
1213,pyi,24,15,1.8239087409443189
1214,quantit,24,24,1.6197887582883939
1215,remiss,24,12,1.9208187539523751
1216,replac,24,24,1.6197887582883939
1217,sedat,24,6,2.221848749616356
1218,sg,24,8,2.0969100130080562
1219,smd,24,7,2.154901959985743
1220,statement,24,18,1.744727494896694
1221,uncertainti,24,23,1.6382721639824072
1222,updat,24,18,1.744727494896694
1223,uptak,24,15,1.8239087409443189
1224,visual,24,11,1.9586073148417749
1225,vomit,24,22,1.6575773191777938
1226,waist,24,20,1.6989700043360187
1227,water,24,12,1.9208187539523751
1228,0.74,23,21,1.6777807052660807
1229,0.81,23,21,1.6777807052660807
1230,0.85,23,21,1.6777807052660807
1231,1.5,23,19,1.721246399047171
1232,2021,23,21,1.6777807052660807
1233,26,23,16,1.7958800173440752
1234,accept,23,19,1.721246399047171
1235,airwai,23,14,1.853871964321762
1236,ampk,23,19,1.721246399047171
1237,characteris,23,19,1.721246399047171
1238,colon,23,15,1.8239087409443189
1239,correct,23,16,1.7958800173440752
1240,distinguish,23,21,1.6777807052660807
1241,ecnoglutid,23,4,2.3979400086720375
1242,elucid,23,22,1.6575773191777938
1243,enzym,23,18,1.744727494896694
1244,esgena,23,1,3.0
1245,expenditur,23,17,1.7695510786217261
1246,fmt,23,6,2.221848749616356
1247,free,23,19,1.721246399047171
1248,gdm,23,2,2.6989700043360187
1249,ibd,23,4,2.3979400086720375
1250,long-acting,23,19,1.721246399047171
1251,memori,23,11,1.9586073148417749
1252,mix,23,23,1.6382721639824072
1253,natur,23,19,1.721246399047171
1254,opportun,23,22,1.6575773191777938
1255,paradigm,23,22,1.6575773191777938
1256,part,23,18,1.744727494896694
1257,peak,23,18,1.744727494896694
1258,person,23,20,1.6989700043360187
1259,protocol,23,20,1.6989700043360187
1260,pseudarthrosi,23,7,2.154901959985743
1261,readmiss,23,15,1.8239087409443189
1262,sarcopenia,23,15,1.8239087409443189
1263,simul,23,17,1.7695510786217261
1264,ventricular,23,13,1.8860566476931633
1265,view,23,20,1.6989700043360187
1266,western,23,20,1.6989700043360187
1267,wound,23,15,1.8239087409443189
1268,0.5,22,16,1.7958800173440752
1269,0.70,22,20,1.6989700043360187
1270,0.82,22,18,1.744727494896694
1271,0.90,22,21,1.6777807052660807
1272,0.92,22,20,1.6989700043360187
1273,0.96,22,20,1.6989700043360187
1274,0.98,22,19,1.721246399047171
1275,29,22,22,1.6575773191777938
1276,33,22,16,1.7958800173440752
1277,45,22,18,1.744727494896694
1278,6-month,22,11,1.9586073148417749
1279,70,22,17,1.7695510786217261
1280,aggreg,22,14,1.853871964321762
1281,analogu,22,19,1.721246399047171
1282,ascvd,22,8,2.0969100130080562
1283,bodyweight,22,7,2.154901959985743
1284,carri,22,20,1.6989700043360187
1285,china,22,11,1.9586073148417749
1286,classif,22,16,1.7958800173440752
1287,classifi,22,18,1.744727494896694
1288,cn,22,10,2.0
1289,compet,22,13,1.8860566476931633
1290,concomit,22,21,1.6777807052660807
1291,degrad,22,18,1.744727494896694
1292,depart,22,17,1.7695510786217261
1293,digit,22,10,2.0
1294,disease-modifying,22,19,1.721246399047171
1295,downregul,22,19,1.721246399047171
1296,dyslipidemia,22,21,1.6777807052660807
1297,finerenon,22,11,1.9586073148417749
1298,histolog,22,18,1.744727494896694
1299,inadequ,22,17,1.7695510786217261
1300,iqr,22,10,2.0
1301,knee,22,13,1.8860566476931633
1302,largest,22,18,1.744727494896694
1303,lipoprotein,22,11,1.9586073148417749
1304,lp,22,12,1.9208187539523751
1305,manner,22,20,1.6989700043360187
1306,march,22,22,1.6575773191777938
1307,meet,22,22,1.6575773191777938
1308,metric,22,15,1.8239087409443189
1309,moreov,22,20,1.6989700043360187
1310,motiv,22,9,2.0457574905606752
1311,musculoskelet,22,15,1.8239087409443189
1312,non-users,22,16,1.7958800173440752
1313,obtain,22,21,1.6777807052660807
1314,placebo-controlled,22,22,1.6575773191777938
1315,potent,22,22,1.6575773191777938
1316,questionnair,22,18,1.744727494896694
1317,registri,22,20,1.6989700043360187
1318,repurpos,22,15,1.8239087409443189
1319,reshap,22,21,1.6777807052660807
1320,satieti,22,13,1.8860566476931633
1321,sglt-2i,22,8,2.0969100130080562
1322,switch,22,14,1.853871964321762
1323,systol,22,17,1.7695510786217261
1324,tzp,22,3,2.5228787452803374
1325,0.56,21,21,1.6777807052660807
1326,0.65,21,20,1.6989700043360187
1327,0.72,21,17,1.7695510786217261
1328,0.93,21,20,1.6989700043360187
1329,abund,21,18,1.744727494896694
1330,averag,21,18,1.744727494896694
1331,beneficiari,21,5,2.3010299956639813
1332,beta-cell,21,9,2.0457574905606752
1333,c-peptide,21,13,1.8860566476931633
1334,clear,21,19,1.721246399047171
1335,cluster,21,8,2.0969100130080562
1336,concurr,21,19,1.721246399047171
1337,cover,21,15,1.8239087409443189
1338,crosstalk,21,17,1.7695510786217261
1339,cumul,21,19,1.721246399047171
1340,damag,21,19,1.721246399047171
1341,deliv,21,21,1.6777807052660807
1342,discoveri,21,16,1.7958800173440752
1343,even,21,20,1.6989700043360187
1344,extens,21,19,1.721246399047171
1345,favour,21,20,1.6989700043360187
1346,form,21,17,1.7695510786217261
1347,gcgr,21,6,2.221848749616356
1348,glp-1s,21,6,2.221848749616356
1349,high-dose,21,9,2.0457574905606752
1350,hoc,21,14,1.853871964321762
1351,local,21,17,1.7695510786217261
1352,newer,21,20,1.6989700043360187
1353,off-label,21,14,1.853871964321762
1354,panel,21,14,1.853871964321762
1355,project,21,13,1.8860566476931633
1356,pwh,21,5,2.3010299956639813
1357,r,21,14,1.853871964321762
1358,servic,21,13,1.8860566476931633
1359,small-molecule,21,14,1.853871964321762
1360,substanc,21,16,1.7958800173440752
1361,subtyp,21,15,1.8239087409443189
1362,synergist,21,18,1.744727494896694
1363,synthesis,21,20,1.6989700043360187
1364,thiazolidinedion,21,15,1.8239087409443189
1365,variant,21,11,1.9586073148417749
1366,0.02,20,16,1.7958800173440752
1367,0.1,20,16,1.7958800173440752
1368,0.52,20,18,1.744727494896694
1369,0.73,20,19,1.721246399047171
1370,2020,20,19,1.721246399047171
1371,52,20,14,1.853871964321762
1372,akt,20,16,1.7958800173440752
1373,aom,20,4,2.3979400086720375
1374,arrhythmia,20,8,2.0969100130080562
1375,bioactiv,20,13,1.8860566476931633
1376,cardioprotect,20,14,1.853871964321762
1377,consensu,20,13,1.8860566476931633
1378,cytokin,20,18,1.744727494896694
1379,devic,20,14,1.853871964321762
1380,digest,20,11,1.9586073148417749
1381,emul,20,17,1.7695510786217261
1382,epigenet,20,13,1.8860566476931633
1383,fi,20,2,2.6989700043360187
1384,glp1-ras,20,8,2.0969100130080562
1385,hospitalis,20,10,2.0
1386,innov,20,14,1.853871964321762
1387,kinas,20,17,1.7695510786217261
1388,neurodegen,20,14,1.853871964321762
1389,osteoarthr,20,17,1.7695510786217261
1390,ovari,20,15,1.8239087409443189
1391,ph,20,5,2.3010299956639813
1392,plausibl,20,17,1.7695510786217261
1393,repeat,20,20,1.6989700043360187
1394,resourc,20,17,1.7695510786217261
1395,simultan,20,17,1.7695510786217261
1396,0.57,19,19,1.721246399047171
1397,0.67,19,18,1.744727494896694
1398,0.77,19,19,1.721246399047171
1399,absenc,19,18,1.744727494896694
1400,advantag,19,19,1.721246399047171
1401,aesthet,19,6,2.221848749616356
1402,amelior,19,16,1.7958800173440752
1403,anterior,19,16,1.7958800173440752
1404,apnea,19,18,1.744727494896694
1405,argu,19,18,1.744727494896694
1406,arthroplasti,19,15,1.8239087409443189
1407,attend,19,7,2.154901959985743
1408,awar,19,15,1.8239087409443189
1409,cerebrovascular,19,13,1.8860566476931633
1410,coexist,19,19,1.721246399047171
1411,core,19,17,1.7695510786217261
1412,decad,19,19,1.721246399047171
1413,dpn,19,3,2.5228787452803374
1414,econom,19,10,2.0
1415,eight,19,19,1.721246399047171
1416,endoscopi,19,6,2.221848749616356
1417,er,19,6,2.221848749616356
1418,face,19,19,1.721246399047171
1419,facilit,19,18,1.744727494896694
1420,gastrectomi,19,14,1.853871964321762
1421,govern,19,19,1.721246399047171
1422,hcc,19,8,2.0969100130080562
1423,hold,19,13,1.8860566476931633
1424,http,19,17,1.7695510786217261
1425,inhibitori,19,18,1.744727494896694
1426,juli,19,18,1.744727494896694
1427,laboratori,19,18,1.744727494896694
1428,leptin,19,14,1.853871964321762
1429,long,19,18,1.744727494896694
1430,low-grade,19,19,1.721246399047171
1431,map,19,19,1.721246399047171
1432,media,19,13,1.8860566476931633
1433,mm,19,10,2.0
1434,molecul,19,14,1.853871964321762
1435,move,19,18,1.744727494896694
1436,nearli,19,18,1.744727494896694
1437,new-user,19,18,1.744727494896694
1438,non-diabetic,19,13,1.8860566476931633
1439,origin,19,18,1.744727494896694
1440,oud,19,6,2.221848749616356
1441,oxygen,19,12,1.9208187539523751
1442,pk,19,8,2.0969100130080562
1443,reactiv,19,18,1.744727494896694
1444,reprogram,19,17,1.7695510786217261
1445,retain,19,19,1.721246399047171
1446,socioeconom,19,12,1.9208187539523751
1447,transient,19,16,1.7958800173440752
1448,tubular,19,6,2.221848749616356
1449,unchang,19,18,1.744727494896694
1450,variat,19,17,1.7695510786217261
1451,0.4,18,16,1.7958800173440752
1452,0.53,18,16,1.7958800173440752
1453,0.75,18,17,1.7695510786217261
1454,0.95,18,17,1.7695510786217261
1455,46,18,17,1.7695510786217261
1456,ai,18,6,2.221848749616356
1457,antipsychot,18,7,2.154901959985743
1458,around,18,17,1.7695510786217261
1459,attempt,18,11,1.9586073148417749
1460,auc,18,11,1.9586073148417749
1461,ax,18,12,1.9208187539523751
1462,ba,18,3,2.5228787452803374
1463,behaviour,18,14,1.853871964321762
1464,bowel,18,8,2.0969100130080562
1465,breast,18,9,2.0457574905606752
1466,calcium,18,17,1.7695510786217261
1467,cervic,18,7,2.154901959985743
1468,concept,18,17,1.7695510786217261
1469,cp,18,3,2.5228787452803374
1470,creat,18,17,1.7695510786217261
1471,crp,18,7,2.154901959985743
1472,domin,18,18,1.744727494896694
1473,ed,18,9,2.0457574905606752
1474,enteroendocrin,18,14,1.853871964321762
1475,equit,18,14,1.853871964321762
1476,equival,18,12,1.9208187539523751
1477,expos,18,14,1.853871964321762
1478,fecal,18,12,1.9208187539523751
1479,fold,18,13,1.8860566476931633
1480,glargin,18,8,2.0969100130080562
1481,hscrp,18,4,2.3979400086720375
1482,hypothes,18,18,1.744727494896694
1483,icosema,18,3,2.5228787452803374
1484,issu,18,18,1.744727494896694
1485,learn,18,13,1.8860566476931633
1486,lung,18,8,2.0969100130080562
1487,magnitud,18,17,1.7695510786217261
1488,main,18,18,1.744727494896694
1489,mi,18,5,2.3010299956639813
1490,mrna,18,13,1.8860566476931633
1491,next-generation,18,16,1.7958800173440752
1492,numer,18,17,1.7695510786217261
1493,overlap,18,12,1.9208187539523751
1494,pharmaci,18,8,2.0969100130080562
1495,phosphoryl,18,15,1.8239087409443189
1496,polysaccharid,18,7,2.154901959985743
1497,price,18,6,2.221848749616356
1498,retent,18,15,1.8239087409443189
1499,retinopathi,18,9,2.0457574905606752
1500,senesc,18,9,2.0457574905606752
1501,similarli,18,17,1.7695510786217261
1502,sleev,18,15,1.8239087409443189
1503,smi,18,3,2.5228787452803374
1504,solid,18,10,2.0
1505,survodutid,18,5,2.3010299956639813
1506,tka,18,4,2.3979400086720375
1507,transport,18,16,1.7958800173440752
1508,trigger,18,15,1.8239087409443189
1509,window,18,14,1.853871964321762
1510,0.60,17,17,1.7695510786217261
1511,0.86,17,16,1.7958800173440752
1512,1.00,17,15,1.8239087409443189
1513,2019,17,10,2.0
1514,23,17,14,1.853871964321762
1515,3.0,17,12,1.9208187539523751
1516,47,17,16,1.7958800173440752
1517,63,17,17,1.7695510786217261
1518,add-on,17,12,1.9208187539523751
1519,age-related,17,14,1.853871964321762
1520,august,17,17,1.7695510786217261
1521,biliari,17,4,2.3979400086720375
1522,categori,17,14,1.853871964321762
1523,circuit,17,11,1.9586073148417749
1524,cirrhosi,17,14,1.853871964321762
1525,consum,17,11,1.9586073148417749
1526,contributor,17,16,1.7958800173440752
1527,count,17,8,2.0969100130080562
1528,crossov,17,16,1.7958800173440752
1529,cycl,17,16,1.7958800173440752
1530,detail,17,16,1.7958800173440752
1531,diet-induced,17,15,1.8239087409443189
1532,dr,17,4,2.3979400086720375
1533,dysphagia,17,7,2.154901959985743
1534,empagliflozin,17,7,2.154901959985743
1535,endoscop,17,12,1.9208187539523751
1536,equat,17,10,2.0
1537,ethic,17,8,2.0969100130080562
1538,fluid,17,10,2.0
1539,format,17,14,1.853871964321762
1540,gi,17,9,2.0457574905606752
1541,goal,17,12,1.9208187539523751
1542,hepatocellular,17,16,1.7958800173440752
1543,hip,17,12,1.9208187539523751
1544,il-6,17,13,1.8860566476931633
1545,imbal,17,15,1.8239087409443189
1546,immunometabol,17,12,1.9208187539523751
1547,littl,17,17,1.7695510786217261
1548,lost,17,13,1.8860566476931633
1549,mazdutid,17,5,2.3010299956639813
1550,medicaid,17,6,2.221848749616356
1551,neurolog,17,13,1.8860566476931633
1552,past,17,17,1.7695510786217261
1553,pathogenesi,17,17,1.7695510786217261
1554,percept,17,12,1.9208187539523751
1555,pharmacodynam,17,14,1.853871964321762
1556,pivot,17,15,1.8239087409443189
1557,pka,17,10,2.0
1558,plan,17,13,1.8860566476931633
1559,pro-inflammatory,17,15,1.8239087409443189
1560,programm,17,11,1.9586073148417749
1561,recognit,17,15,1.8239087409443189
1562,reflux,17,10,2.0
1563,reliabl,17,12,1.9208187539523751
1564,satisfact,17,7,2.154901959985743
1565,score-matched,17,15,1.8239087409443189
1566,sirt1,17,11,1.9586073148417749
1567,statin,17,13,1.8860566476931633
1568,stiff,17,11,1.9586073148417749
1569,strongli,17,17,1.7695510786217261
1570,venou,17,8,2.0969100130080562
1571,washout,17,12,1.9208187539523751
1572,yy,17,13,1.8860566476931633
1573,0.3,16,13,1.8860566476931633
1574,0.45,16,14,1.853871964321762
1575,0.54,16,15,1.8239087409443189
1576,0.84,16,14,1.853871964321762
1577,1.0,16,14,1.853871964321762
1578,1.7,16,14,1.853871964321762
1579,2.5,16,10,2.0
1580,34,16,10,2.0
1581,37,16,13,1.8860566476931633
1582,41,16,13,1.8860566476931633
1583,42,16,16,1.7958800173440752
1584,54,16,14,1.853871964321762
1585,abca1,16,3,2.5228787452803374
1586,adenocarcinoma,16,5,2.3010299956639813
1587,afford,16,12,1.9208187539523751
1588,annual,16,11,1.9586073148417749
1589,bidirect,16,15,1.8239087409443189
1590,cascad,16,15,1.8239087409443189
1591,cessat,16,12,1.9208187539523751
1592,controversi,16,14,1.853871964321762
1593,decision-making,16,15,1.8239087409443189
1594,diastol,16,13,1.8860566476931633
1595,dimens,16,13,1.8860566476931633
1596,dpp4is,16,7,2.154901959985743
1597,ensur,16,15,1.8239087409443189
1598,era,16,13,1.8860566476931633
1599,esophag,16,4,2.3979400086720375
1600,ferroptosi,16,5,2.3010299956639813
1601,glp1ra,16,5,2.3010299956639813
1602,haemoglobin,16,14,1.853871964321762
1603,homa-ir,16,9,2.0457574905606752
1604,identif,16,14,1.853871964321762
1605,importantli,16,16,1.7958800173440752
1606,introduc,16,15,1.8239087409443189
1607,magnet,16,16,1.7958800173440752
1608,malign,16,12,1.9208187539523751
1609,nad,16,7,2.154901959985743
1610,nervou,16,16,1.7958800173440752
1611,nine,16,16,1.7958800173440752
1612,nt-probnp,16,7,2.154901959985743
1613,octob,16,14,1.853871964321762
1614,ocular,16,7,2.154901959985743
1615,onset,16,13,1.8860566476931633
1616,order,16,11,1.9586073148417749
1617,osteoporosi,16,7,2.154901959985743
1618,parallel,16,16,1.7958800173440752
1619,pioglitazon,16,9,2.0457574905606752
1620,place,16,16,1.7958800173440752
1621,polycyst,16,13,1.8860566476931633
1622,pose,16,16,1.7958800173440752
1623,pr,16,2,2.6989700043360187
1624,previou,16,15,1.8239087409443189
1625,rebound,16,4,2.3979400086720375
1626,recipi,16,8,2.0969100130080562
1627,relaps,16,13,1.8860566476931633
1628,resmetirom,16,10,2.0
1629,scientif,16,14,1.853871964321762
1630,second,16,15,1.8239087409443189
1631,seven,16,16,1.7958800173440752
1632,short,16,16,1.7958800173440752
1633,still,16,16,1.7958800173440752
1634,strongest,16,16,1.7958800173440752
1635,suboptim,16,15,1.8239087409443189
1636,summari,16,15,1.8239087409443189
1637,surgeon,16,6,2.221848749616356
1638,surveil,16,16,1.7958800173440752
1639,techniqu,16,14,1.853871964321762
1640,uk,16,14,1.853871964321762
1641,univers,16,15,1.8239087409443189
1642,upper,16,11,1.9586073148417749
1643,weight-related,16,15,1.8239087409443189
1644,0.04,15,12,1.9208187539523751
1645,0.47,15,15,1.8239087409443189
1646,0.50,15,14,1.853871964321762
1647,0.55,15,14,1.853871964321762
1648,0.59,15,15,1.8239087409443189
1649,0.61,15,15,1.8239087409443189
1650,0.7,15,13,1.8860566476931633
1651,0.78,15,14,1.853871964321762
1652,05,15,9,2.0457574905606752
1653,1.8,15,14,1.853871964321762
1654,1000,15,8,2.0969100130080562
1655,120,15,11,1.9586073148417749
1656,43,15,14,1.853871964321762
1657,49,15,14,1.853871964321762
1658,abil,15,15,1.8239087409443189
1659,admiss,15,7,2.154901959985743
1660,ahi,15,4,2.3979400086720375
1661,ahr,15,5,2.3010299956639813
1662,anthropometr,15,11,1.9586073148417749
1663,april,15,15,1.8239087409443189
1664,bacteri,15,6,2.221848749616356
1665,black,15,5,2.3010299956639813
1666,bypass,15,13,1.8860566476931633
1667,cardiovascular-kidney-metabolic,15,12,1.9208187539523751
1668,certain,15,14,1.853871964321762
1669,crc,15,2,2.6989700043360187
1670,crucial,15,15,1.8239087409443189
1671,cyclic,15,9,2.0457574905606752
1672,discharg,15,6,2.221848749616356
1673,evok,15,5,2.3010299956639813
1674,februari,15,15,1.8239087409443189
1675,ferment,15,6,2.221848749616356
1676,fundament,15,15,1.8239087409443189
1677,googl,15,15,1.8239087409443189
1678,gut-brain,15,9,2.0457574905606752
1679,hidraden,15,12,1.9208187539523751
1680,hispan,15,6,2.221848749616356
1681,hypoglycem,15,11,1.9586073148417749
1682,hypothalam,15,11,1.9586073148417749
1683,ib,15,2,2.6989700043360187
1684,inpati,15,9,2.0457574905606752
1685,intensif,15,8,2.0969100130080562
1686,interview,15,6,2.221848749616356
1687,irr,15,5,2.3010299956639813
1688,ketoacidosi,15,11,1.9586073148417749
1689,landmark,15,12,1.9208187539523751
1690,large-scale,15,14,1.853871964321762
1691,later,15,12,1.9208187539523751
1692,ld,15,1,3.0
1693,list,15,13,1.8860566476931633
1694,materi,15,15,1.8239087409443189
1695,nationwid,15,15,1.8239087409443189
1696,nf-κb,15,11,1.9586073148417749
1697,note,15,15,1.8239087409443189
1698,pathogen,15,11,1.9586073148417749
1699,patient-reported,15,8,2.0969100130080562
1700,permeabl,15,10,2.0
1701,phentermin,15,8,2.0969100130080562
1702,postmenopaus,15,6,2.221848749616356
1703,priorit,15,13,1.8860566476931633
1704,problem,15,12,1.9208187539523751
1705,profession,15,13,1.8860566476931633
1706,psychosoci,15,11,1.9586073148417749
1707,regardless,15,11,1.9586073148417749
1708,reson,15,14,1.853871964321762
1709,right,15,7,2.154901959985743
1710,rigor,15,15,1.8239087409443189
1711,scenario,15,8,2.0969100130080562
1712,seek,15,12,1.9208187539523751
1713,sex-specific,15,8,2.0969100130080562
1714,si,15,3,2.5228787452803374
1715,suppurativa,15,12,1.9208187539523751
1716,surround,15,13,1.8860566476931633
1717,tablet,15,6,2.221848749616356
1718,tailor,15,14,1.853871964321762
1719,technolog,15,11,1.9586073148417749
1720,thrombosi,15,11,1.9586073148417749
1721,tnf-α,15,12,1.9208187539523751
1722,upf,15,2,2.6989700043360187
1723,upstream,15,14,1.853871964321762
1724,woman,15,14,1.853871964321762
1725,0.00001,14,4,2.3979400086720375
1726,0.58,14,14,1.853871964321762
1727,0.62,14,11,1.9586073148417749
1728,0.66,14,13,1.8860566476931633
1729,1.31,14,13,1.8860566476931633
1730,1.4,14,13,1.8860566476931633
1731,44,14,13,1.8860566476931633
1732,67,14,11,1.9586073148417749
1733,abdomin,14,8,2.0969100130080562
1734,absorpt,14,11,1.9586073148417749
1735,adopt,14,14,1.853871964321762
1736,advic,14,2,2.6989700043360187
1737,amplifi,14,13,1.8860566476931633
1738,anoth,14,12,1.9208187539523751
1739,apprais,14,14,1.853871964321762
1740,between-group,14,11,1.9586073148417749
1741,billion,14,8,2.0969100130080562
1742,categor,14,13,1.8860566476931633
1743,caution,14,12,1.9208187539523751
1744,cautious,14,14,1.853871964321762
1745,cavi,14,2,2.6989700043360187
1746,commerci,14,14,1.853871964321762
1747,constitut,14,13,1.8860566476931633
1748,constrain,14,14,1.853871964321762
1749,cornerston,14,14,1.853871964321762
1750,cost-effective,14,8,2.0969100130080562
1751,da,14,3,2.5228787452803374
1752,demand,14,13,1.8860566476931633
1753,deterior,14,12,1.9208187539523751
1754,diverg,14,13,1.8860566476931633
1755,dose-dependent,14,12,1.9208187539523751
1756,ea,14,2,2.6989700043360187
1757,ehr,14,7,2.154901959985743
1758,environment,14,9,2.0457574905606752
1759,extern,14,10,2.0
1760,facial,14,6,2.221848749616356
1761,fda-approved,14,9,2.0457574905606752
1762,feder,14,12,1.9208187539523751
1763,formal,14,13,1.8860566476931633
1764,fragment,14,13,1.8860566476931633
1765,frailti,14,7,2.154901959985743
1766,harm,14,13,1.8860566476931633
1767,high-quality,14,13,1.8860566476931633
1768,hippocamp,14,6,2.221848749616356
1769,ident,14,10,2.0
1770,inflammasom,14,13,1.8860566476931633
1771,intermitt,14,9,2.0457574905606752
1772,liquid,14,12,1.9208187539523751
1773,load,14,11,1.9586073148417749
1774,manifest,14,13,1.8860566476931633
1775,menopaus,14,7,2.154901959985743
1776,microvascular,14,11,1.9586073148417749
1777,modestli,14,14,1.853871964321762
1778,mol,14,9,2.0457574905606752
1779,mr,14,4,2.3979400086720375
1780,multicentr,14,14,1.853871964321762
1781,multimorbid,14,12,1.9208187539523751
1782,net,14,10,2.0
1783,neurohormon,14,8,2.0969100130080562
1784,obesity-associated,14,12,1.9208187539523751
1785,occurr,14,11,1.9586073148417749
1786,outpati,14,11,1.9586073148417749
1787,output,14,14,1.853871964321762
1788,ovarian,14,11,1.9586073148417749
1789,paediatr,14,4,2.3979400086720375
1790,partli,14,14,1.853871964321762
1791,polar,14,6,2.221848749616356
1792,principl,14,13,1.8860566476931633
1793,pronounc,14,13,1.8860566476931633
1794,ration,14,13,1.8860566476931633
1795,recruit,14,14,1.853871964321762
1796,resolut,14,12,1.9208187539523751
1797,rodent,14,11,1.9586073148417749
1798,salivari,14,4,2.3979400086720375
1799,scfa,14,10,2.0
1800,scholar,14,14,1.853871964321762
1801,sens,14,9,2.0457574905606752
1802,signatur,14,13,1.8860566476931633
1803,speci,14,13,1.8860566476931633
1804,sr,14,2,2.6989700043360187
1805,stigma,14,9,2.0457574905606752
1806,symptomat,14,12,1.9208187539523751
1807,testosteron,14,5,2.3010299956639813
1808,tha,14,4,2.3979400086720375
1809,theoret,14,12,1.9208187539523751
1810,thromboembol,14,11,1.9586073148417749
1811,throughout,14,14,1.853871964321762
1812,virtual,14,6,2.221848749616356
1813,young,14,9,2.0457574905606752
1814,younger,14,11,1.9586073148417749
1815,0.002,13,11,1.9586073148417749
1816,0.34,13,13,1.8860566476931633
1817,0.44,13,13,1.8860566476931633
1818,0.46,13,11,1.9586073148417749
1819,0.6,13,9,2.0457574905606752
1820,0.68,13,13,1.8860566476931633
1821,0.99,13,11,1.9586073148417749
1822,1.09,13,8,2.0969100130080562
1823,1.14,13,12,1.9208187539523751
1824,1.16,13,11,1.9586073148417749
1825,12-month,13,12,1.9208187539523751
1826,180,13,11,1.9586073148417749
1827,2010,13,12,1.9208187539523751
1828,2016,13,12,1.9208187539523751
1829,2018,13,11,1.9586073148417749
1830,30-day,13,9,2.0457574905606752
1831,365,13,7,2.154901959985743
1832,5.7,13,11,1.9586073148417749
1833,61,13,13,1.8860566476931633
1834,64,13,12,1.9208187539523751
1835,68,13,12,1.9208187539523751
1836,ablat,13,7,2.154901959985743
1837,adjuv,13,7,2.154901959985743
1838,align,13,13,1.8860566476931633
1839,alreadi,13,12,1.9208187539523751
1840,alt,13,7,2.154901959985743
1841,antagon,13,9,2.0457574905606752
1842,apoptosi,13,12,1.9208187539523751
1843,aris,13,12,1.9208187539523751
1844,arthriti,13,7,2.154901959985743
1845,augment,13,12,1.9208187539523751
1846,bacteria,13,10,2.0
1847,bc,13,2,2.6989700043360187
1848,bipolar,13,6,2.221848749616356
1849,blockad,13,9,2.0457574905606752
1850,c3m,13,1,3.0
1851,choic,13,11,1.9586073148417749
1852,clearanc,13,9,2.0457574905606752
1853,cm,13,6,2.221848749616356
1854,cours,13,11,1.9586073148417749
1855,deficit,13,12,1.9208187539523751
1856,deposit,13,12,1.9208187539523751
1857,duct,13,2,2.6989700043360187
1858,dysbiosi,13,10,2.0
1859,ebmt,13,1,3.0
1860,elect,13,9,2.0457574905606752
1861,environ,13,13,1.8860566476931633
1862,european,13,10,2.0
1863,ex,13,6,2.221848749616356
1864,foot,13,3,2.5228787452803374
1865,forc,13,7,2.154901959985743
1866,gerd,13,6,2.221848749616356
1867,glp-1a,13,4,2.3979400086720375
1868,heal,13,10,2.0
1869,hiv,13,6,2.221848749616356
1870,hour,13,6,2.221848749616356
1871,icer,13,5,2.3010299956639813
1872,ideat,13,7,2.154901959985743
1873,il-1β,13,11,1.9586073148417749
1874,interconnect,13,13,1.8860566476931633
1875,intraven,13,8,2.0969100130080562
1876,i²,13,8,2.0969100130080562
1877,label,13,8,2.0969100130080562
1878,ligand,13,11,1.9586073148417749
1879,lncrna,13,2,2.6989700043360187
1880,maximum,13,11,1.9586073148417749
1881,mlf,13,1,3.0
1882,mood,13,7,2.154901959985743
1883,morpholog,13,10,2.0
1884,multicent,13,13,1.8860566476931633
1885,nerv,13,11,1.9586073148417749
1886,new-onset,13,9,2.0457574905606752
1887,nm,13,9,2.0457574905606752
1888,non-glp-1,13,10,2.0
1889,once-daily,13,10,2.0
1890,ophthalm,13,10,2.0
1891,overview,13,13,1.8860566476931633
1892,pairwis,13,9,2.0457574905606752
1893,perceiv,13,6,2.221848749616356
1894,pi,13,3,2.5228787452803374
1895,pi3k,13,11,1.9586073148417749
1896,prognost,13,7,2.154901959985743
1897,prompt,13,13,1.8860566476931633
1898,prr,13,5,2.3010299956639813
1899,psoriasi,13,9,2.0457574905606752
1900,race,13,12,1.9208187539523751
1901,reason,13,10,2.0
1902,renoprotect,13,11,1.9586073148417749
1903,resolv,13,12,1.9208187539523751
1904,retin,13,8,2.0969100130080562
1905,seen,13,13,1.8860566476931633
1906,sequenti,13,12,1.9208187539523751
1907,shape,13,13,1.8860566476931633
1908,sitagliptin,13,5,2.3010299956639813
1909,smoke,13,8,2.0969100130080562
1910,stem,13,10,2.0
1911,stronger,13,13,1.8860566476931633
1912,subset,13,12,1.9208187539523751
1913,successfulli,13,13,1.8860566476931633
1914,synthet,13,9,2.0457574905606752
1915,toxic,13,13,1.8860566476931633
1916,trait,13,8,2.0969100130080562
1917,ultim,13,13,1.8860566476931633
1918,wc,13,3,2.5228787452803374
1919,widespread,13,13,1.8860566476931633
1920,z,13,4,2.3979400086720375
1921,0.37,12,11,1.9586073148417749
1922,0.48,12,10,2.0
1923,0.63,12,12,1.9208187539523751
1924,0.71,12,10,2.0
1925,0.8,12,9,2.0457574905606752
1926,1.04,12,12,1.9208187539523751
1927,1.19,12,11,1.9586073148417749
1928,1.2,12,12,1.9208187539523751
1929,10-year,12,7,2.154901959985743
1930,12-week,12,9,2.0457574905606752
1931,2-year,12,9,2.0457574905606752
1932,2.0,12,11,1.9586073148417749
1933,2.1,12,11,1.9586073148417749
1934,200,12,10,2.0
1935,2013,12,10,2.0
1936,4.0,12,12,1.9208187539523751
1937,66,12,12,1.9208187539523751
1938,79,12,10,2.0
1939,academ,12,11,1.9586073148417749
1940,accur,12,11,1.9586073148417749
1941,adipocyt,12,7,2.154901959985743
1942,adiponectin,12,8,2.0969100130080562
1943,algorithm,12,12,1.9208187539523751
1944,alloc,12,7,2.154901959985743
1945,alpha,12,2,2.6989700043360187
1946,astrocyt,12,7,2.154901959985743
1947,attract,12,10,2.0
1948,biochem,12,11,1.9586073148417749
1949,blot,12,12,1.9208187539523751
1950,brca1,12,1,3.0
1951,bw,12,3,2.5228787452803374
1952,calor,12,11,1.9586073148417749
1953,capabl,12,12,1.9208187539523751
1954,carbohydr,12,6,2.221848749616356
1955,cardiomyocyt,12,6,2.221848749616356
1956,centr,12,10,2.0
1957,chemic,12,10,2.0
1958,co-transporter,12,12,1.9208187539523751
1959,construct,12,8,2.0969100130080562
1960,contact,12,8,2.0969100130080562
1961,continuum,12,11,1.9586073148417749
1962,countri,12,11,1.9586073148417749
1963,cue,12,8,2.0969100130080562
1964,cultur,12,8,2.0969100130080562
1965,diminish,12,12,1.9208187539523751
1966,divid,12,12,1.9208187539523751
1967,dme,12,3,2.5228787452803374
1968,dna,12,11,1.9586073148417749
1969,dopaminerg,12,6,2.221848749616356
1970,earlier,12,12,1.9208187539523751
1971,elderli,12,8,2.0969100130080562
1972,elicit,12,10,2.0
1973,emot,12,7,2.154901959985743
1974,enrolle,12,3,2.5228787452803374
1975,erectil,12,5,2.3010299956639813
1976,error,12,9,2.0457574905606752
1977,fxr,12,3,2.5228787452803374
1978,gallbladd,12,5,2.3010299956639813
1979,glycemia,12,7,2.154901959985743
1980,hallmark,12,9,2.0457574905606752
1981,histor,12,11,1.9586073148417749
1982,host,12,10,2.0
1983,icd-10,12,10,2.0
1984,ill,12,9,2.0457574905606752
1985,induct,12,10,2.0
1986,intracellular,12,12,1.9208187539523751
1987,ion,12,6,2.221848749616356
1988,iron,12,9,2.0457574905606752
1989,japanes,12,7,2.154901959985743
1990,journal,12,8,2.0969100130080562
1991,l-cells,12,7,2.154901959985743
1992,languag,12,8,2.0969100130080562
1993,ldl,12,8,2.0969100130080562
1994,leav,12,10,2.0
1995,lowest,12,10,2.0
1996,m,12,10,2.0
1997,manufactur,12,9,2.0457574905606752
1998,matrix,12,9,2.0457574905606752
1999,maxim,12,11,1.9586073148417749
2000,mendelian,12,11,1.9586073148417749
2001,meta-regression,12,9,2.0457574905606752
2002,metald,12,1,3.0
2003,mmhg,12,8,2.0969100130080562
2004,motil,12,10,2.0
2005,mtor,12,9,2.0457574905606752
2006,multimod,12,11,1.9586073148417749
2007,name,12,7,2.154901959985743
2008,natriuret,12,9,2.0457574905606752
2009,neoplasm,12,5,2.3010299956639813
2010,next,12,9,2.0457574905606752
2011,novemb,12,12,1.9208187539523751
2012,oncolog,12,10,2.0
2013,ozemp,12,8,2.0969100130080562
2014,p-value,12,3,2.5228787452803374
2015,pancrea,12,8,2.0969100130080562
2016,patient's,12,9,2.0457574905606752
2017,pbh,12,3,2.5228787452803374
2018,pce,12,1,3.0
2019,phytochem,12,7,2.154901959985743
2020,pleiotrop,12,11,1.9586073148417749
2021,precipit,12,7,2.154901959985743
2022,predomin,12,11,1.9586073148417749
2023,privat,12,9,2.0457574905606752
2024,psm,12,8,2.0969100130080562
2025,pyroptosi,12,6,2.221848749616356
2026,qualit,12,11,1.9586073148417749
2027,queri,12,12,1.9208187539523751
2028,recognis,12,10,2.0
2029,resid,12,6,2.221848749616356
2030,roux-en-y,12,11,1.9586073148417749
2031,septemb,12,11,1.9586073148417749
2032,sign,12,7,2.154901959985743
2033,span,12,12,1.9208187539523751
2034,spatial,12,12,1.9208187539523751
2035,spinal,12,5,2.3010299956639813
2036,strengthen,12,12,1.9208187539523751
2037,substrat,12,11,1.9586073148417749
2038,suscept,12,10,2.0
2039,t,12,8,2.0969100130080562
2040,ten,12,11,1.9586073148417749
2041,tgr5,12,7,2.154901959985743
2042,topiram,12,6,2.221848749616356
2043,tract,12,12,1.9208187539523751
2044,twl,12,3,2.5228787452803374
2045,unadjust,12,8,2.0969100130080562
2046,untreat,12,9,2.0457574905606752
2047,utilis,12,10,2.0
2048,workflow,12,5,2.3010299956639813
2049,y,12,11,1.9586073148417749
2050,α-cell,12,2,2.6989700043360187
2051,0.03,11,11,1.9586073148417749
2052,0.06,11,9,2.0457574905606752
2053,0.11,11,7,2.154901959985743
2054,0.12,11,11,1.9586073148417749
2055,0.27,11,10,2.0
2056,0.35,11,11,1.9586073148417749
2057,0.36,11,10,2.0
2058,0.42,11,10,2.0
2059,0.64,11,11,1.9586073148417749
2060,0.80,11,10,2.0
2061,1.03,11,8,2.0969100130080562
2062,1.05,11,11,1.9586073148417749
2063,1.06,11,10,2.0
2064,1.10,11,11,1.9586073148417749
2065,2.3,11,11,1.9586073148417749
2066,2017,11,10,2.0
2067,5.8,11,10,2.0
2068,57,11,10,2.0
2069,6.0,11,7,2.154901959985743
2070,76,11,10,2.0
2071,81,11,9,2.0457574905606752
2072,85,11,10,2.0
2073,absent,11,10,2.0
2074,acm,11,3,2.5228787452803374
2075,active-comparator,11,11,1.9586073148417749
2076,adipokin,11,9,2.0457574905606752
2077,allow,11,11,1.9586073148417749
2078,american,11,10,2.0
2079,anti-diabetic,11,9,2.0457574905606752
2080,appar,11,9,2.0457574905606752
2081,atherosclerosi,11,10,2.0
2082,autophagi,11,8,2.0969100130080562
2083,avers,11,5,2.3010299956639813
2084,benchmark,11,9,2.0457574905606752
2085,build,11,10,2.0
2086,call,11,10,2.0
2087,complement,11,11,1.9586073148417749
2088,conflict,11,11,1.9586073148417749
2089,conserv,11,10,2.0
2090,corticosteroid,11,7,2.154901959985743
2091,decompens,11,6,2.221848749616356
2092,defect,11,9,2.0457574905606752
2093,degener,11,10,2.0
2094,densiti,11,10,2.0
2095,disc,11,5,2.3010299956639813
2096,dispens,11,10,2.0
2097,dpp4,11,7,2.154901959985743
2098,drug-induced,11,9,2.0457574905606752
2099,egd,11,4,2.3979400086720375
2100,encount,11,9,2.0457574905606752
2101,endocrinolog,11,9,2.0457574905606752
2102,episod,11,9,2.0457574905606752
2103,estimand,11,7,2.154901959985743
2104,extracellular,11,10,2.0
2105,gastrocnemiu,11,2,2.6989700043360187
2106,gcg,11,4,2.3979400086720375
2107,glp1ras,11,5,2.3010299956639813
2108,head-to-head,11,9,2.0457574905606752
2109,hemodialysi,11,4,2.3979400086720375
2110,idiopath,11,7,2.154901959985743
2111,intend,11,11,1.9586073148417749
2112,ischaem,11,6,2.221848749616356
2113,iv,11,6,2.221848749616356
2114,left,11,9,2.0457574905606752
2115,macronutri,11,7,2.154901959985743
2116,made,11,10,2.0
2117,market,11,10,2.0
2118,mobil,11,7,2.154901959985743
2119,nephrectomi,11,3,2.5228787452803374
2120,neuroendocrin,11,9,2.0457574905606752
2121,neutral,11,10,2.0
2122,non-invasive,11,10,2.0
2123,non-significant,11,9,2.0457574905606752
2124,nondiabet,11,7,2.154901959985743
2125,nonus,11,10,2.0
2126,novo,11,11,1.9586073148417749
2127,nsmra,11,4,2.3979400086720375
2128,nuclear,11,10,2.0
2129,ogtt,11,7,2.154901959985743
2130,other,11,11,1.9586073148417749
2131,parkinson's,11,9,2.0457574905606752
2132,periprosthet,11,6,2.221848749616356
2133,plastic,11,9,2.0457574905606752
2134,possess,11,11,1.9586073148417749
2135,pragmat,11,8,2.0969100130080562
2136,pre,11,6,2.221848749616356
2137,prolifer,11,8,2.0969100130080562
2138,purpos,11,11,1.9586073148417749
2139,q,11,5,2.3010299956639813
2140,quercetin,11,5,2.3010299956639813
2141,rasi,11,2,2.6989700043360187
2142,registr,11,11,1.9586073148417749
2143,reli,11,11,1.9586073148417749
2144,reoper,11,7,2.154901959985743
2145,replic,11,10,2.0
2146,rescu,11,7,2.154901959985743
2147,rna,11,7,2.154901959985743
2148,sarcopen,11,9,2.0457574905606752
2149,satiat,11,5,2.3010299956639813
2150,self-reported,11,7,2.154901959985743
2151,short-chain,11,11,1.9586073148417749
2152,single-center,11,11,1.9586073148417749
2153,standardis,11,11,1.9586073148417749
2154,substitut,11,8,2.0969100130080562
2155,sugar,11,5,2.3010299956639813
2156,surrog,11,11,1.9586073148417749
2157,taken,11,11,1.9586073148417749
2158,teae,11,4,2.3979400086720375
2159,turnov,11,5,2.3010299956639813
2160,typic,11,11,1.9586073148417749
2161,ulcer,11,4,2.3979400086720375
2162,uncommon,11,11,1.9586073148417749
2163,uniform,11,11,1.9586073148417749
2164,unresolv,11,10,2.0
2165,wors,11,9,2.0457574905606752
2166,zenagamtid,11,3,2.5228787452803374
2167,β,11,7,2.154901959985743
2168,μm,11,8,2.0969100130080562
2169,0.003,10,9,2.0457574905606752
2170,0.25,10,10,2.0
2171,0.40,10,8,2.0969100130080562
2172,0.43,10,9,2.0457574905606752
2173,0.49,10,10,2.0
2174,0.51,10,10,2.0
2175,01,10,7,2.154901959985743
2176,1.02,10,10,2.0
2177,1.07,10,9,2.0457574905606752
2178,1.12,10,10,2.0
2179,1.15,10,8,2.0969100130080562
2180,1.18,10,10,2.0
2181,1.26,10,10,2.0
2182,1.30,10,9,2.0457574905606752
2183,1.45,10,9,2.0457574905606752
2184,14-day,10,6,2.221848749616356
2185,17.2,10,7,2.154901959985743
2186,2.7,10,7,2.154901959985743
2187,2014,10,8,2.0969100130080562
2188,3.6,10,7,2.154901959985743
2189,38,10,9,2.0457574905606752
2190,5-year,10,9,2.0457574905606752
2191,5.4,10,8,2.0969100130080562
2192,5.5,10,7,2.154901959985743
2193,55,10,10,2.0
2194,58,10,9,2.0457574905606752
2195,82,10,10,2.0
2196,acsl4,10,3,2.5228787452803374
2197,addict,10,7,2.154901959985743
2198,adequaci,10,8,2.0969100130080562
2199,ali,10,2,2.6989700043360187
2200,amput,10,4,2.3979400086720375
2201,anesthesia,10,7,2.154901959985743
2202,antibiot,10,7,2.154901959985743
2203,antiobes,10,7,2.154901959985743
2204,antioxid,10,10,2.0
2205,ast,10,6,2.221848749616356
2206,avoid,10,7,2.154901959985743
2207,bioenerget,10,9,2.0457574905606752
2208,biopsi,10,9,2.0457574905606752
2209,breath,10,6,2.221848749616356
2210,budget,10,4,2.3979400086720375
2211,cannabi,10,2,2.6989700043360187
2212,cardio-kidney-metabolic,10,7,2.154901959985743
2213,cc,10,1,3.0
2214,chain,10,9,2.0457574905606752
2215,classic,10,10,2.0
2216,compart,10,7,2.154901959985743
2217,compens,10,4,2.3979400086720375
2218,conform,10,8,2.0969100130080562
2219,constitu,10,6,2.221848749616356
2220,creatinin,10,7,2.154901959985743
2221,dapagliflozin,10,4,2.3979400086720375
2222,dd01,10,1,3.0
2223,deep,10,10,2.0
2224,degre,10,10,2.0
2225,deplet,10,10,2.0
2226,difficult,10,10,2.0
2227,digoxin,10,2,2.6989700043360187
2228,direction,10,8,2.0969100130080562
2229,disabl,10,10,2.0
2230,drink,10,3,2.5228787452803374
2231,edema,10,8,2.0969100130080562
2232,engin,10,10,2.0
2233,english-language,10,10,2.0
2234,explan,10,10,2.0
2235,fall,10,9,2.0457574905606752
2236,fed,10,10,2.0
2237,fgf21,10,6,2.221848749616356
2238,fib-4,10,3,2.5228787452803374
2239,fiber,10,7,2.154901959985743
2240,fibrot,10,9,2.0457574905606752
2241,glp1,10,8,2.0969100130080562
2242,half,10,9,2.0457574905606752
2243,half-life,10,8,2.0969100130080562
2244,hfref,10,3,2.5228787452803374
2245,hsf1,10,2,2.6989700043360187
2246,hunger,10,9,2.0457574905606752
2247,icodec,10,4,2.3979400086720375
2248,infer,10,10,2.0
2249,instruct,10,7,2.154901959985743
2250,interquartil,10,6,2.221848749616356
2251,ischemia,10,4,2.3979400086720375
2252,last,10,10,2.0
2253,ldl-c,10,7,2.154901959985743
2254,length,10,8,2.0969100130080562
2255,lifespan,10,8,2.0969100130080562
2256,lipotox,10,8,2.0969100130080562
2257,low-dose,10,6,2.221848749616356
2258,lumbar,10,3,2.5228787452803374
2259,man,10,9,2.0457574905606752
2260,member,10,9,2.0457574905606752
2261,membran,10,10,2.0
2262,mra,10,3,2.5228787452803374
2263,multifactori,10,10,2.0
2264,mutat,10,4,2.3979400086720375
2265,necrosi,10,9,2.0457574905606752
2266,nephrolog,10,6,2.221848749616356
2267,nmol,10,6,2.221848749616356
2268,null,10,9,2.0457574905606752
2269,obesity-labeled,10,1,3.0
2270,om,10,2,2.6989700043360187
2271,open-label,10,10,2.0
2272,paper,10,10,2.0
2273,payer,10,6,2.221848749616356
2274,pemf,10,1,3.0
2275,penetr,10,8,2.0969100130080562
2276,perfus,10,8,2.0969100130080562
2277,pg,10,6,2.221848749616356
2278,population-based,10,10,2.0
2279,potenc,10,9,2.0457574905606752
2280,pparα,10,2,2.6989700043360187
2281,preced,10,10,2.0
2282,princip,10,10,2.0
2283,prognosi,10,8,2.0969100130080562
2284,proteom,10,5,2.3010299956639813
2285,pw,10,3,2.5228787452803374
2286,reassur,10,9,2.0457574905606752
2287,refin,10,10,2.0
2288,reimburs,10,7,2.154901959985743
2289,rhythm,10,5,2.3010299956639813
2290,rout,10,8,2.0969100130080562
2291,rvo,10,2,2.6989700043360187
2292,salt,10,5,2.3010299956639813
2293,sem,10,2,2.6989700043360187
2294,sglt2-i,10,1,3.0
2295,shortag,10,8,2.0969100130080562
2296,soul,10,5,2.3010299956639813
2297,spine,10,4,2.3979400086720375
2298,sucra,10,4,2.3979400086720375
2299,suspect,10,7,2.154901959985743
2300,tendon,10,3,2.5228787452803374
2301,testabl,10,10,2.0
2302,treatment-emergent,10,8,2.0969100130080562
2303,ubt251,10,1,3.0
2304,uncontrol,10,9,2.0457574905606752
2305,unifi,10,10,2.0
2306,urgent,10,10,2.0
2307,varianc,10,8,2.0969100130080562
2308,vein,10,10,2.0
2309,vigil,10,8,2.0969100130080562
2310,www,10,10,2.0
2311,0.007,9,9,2.0457574905606752
2312,0.021,9,8,2.0969100130080562
2313,0.13,9,9,2.0457574905606752
2314,0.14,9,8,2.0969100130080562
2315,0.2,9,8,2.0969100130080562
2316,0.21,9,7,2.154901959985743
2317,0.22,9,9,2.0457574905606752
2318,0.33,9,9,2.0457574905606752
2319,1.01,9,8,2.0969100130080562
2320,1.17,9,9,2.0457574905606752
2321,1.21,9,8,2.0969100130080562
2322,1.28,9,7,2.154901959985743
2323,1.3,9,7,2.154901959985743
2324,1.55,9,9,2.0457574905606752
2325,1.6,9,9,2.0457574905606752
2326,1.63,9,8,2.0969100130080562
2327,2.2,9,9,2.0457574905606752
2328,2.6,9,9,2.0457574905606752
2329,2.8,9,9,2.0457574905606752
2330,2015,9,9,2.0457574905606752
2331,4.3,9,9,2.0457574905606752
2332,4.7,9,8,2.0969100130080562
2333,51,9,7,2.154901959985743
2334,59,9,8,2.0969100130080562
2335,7.2,9,7,2.154901959985743
2336,73,9,9,2.0457574905606752
2337,83,9,9,2.0457574905606752
2338,84,9,6,2.221848749616356
2339,9.0,9,7,2.154901959985743
2340,ac,9,7,2.154901959985743
2341,add,9,6,2.221848749616356
2342,adhes,9,3,2.5228787452803374
2343,affin,9,8,2.0969100130080562
2344,agenc,9,9,2.0457574905606752
2345,agreement,9,7,2.154901959985743
2346,alopecia,9,4,2.3979400086720375
2347,amd,9,2,2.6989700043360187
2348,amylin-based,9,3,2.5228787452803374
2349,anemia,9,5,2.3010299956639813
2350,antidepress,9,4,2.3979400086720375
2351,antihyperglycem,9,4,2.3979400086720375
2352,atrophi,9,6,2.221848749616356
2353,attitud,9,4,2.3979400086720375
2354,autom,9,5,2.3010299956639813
2355,bayesian,9,9,2.0457574905606752
2356,berberin,9,5,2.3010299956639813
2357,biogenesi,9,6,2.221848749616356
2358,bip,9,3,2.5228787452803374
2359,blind,9,6,2.221848749616356
2360,bm,9,1,3.0
2361,buprenorphin,9,3,2.5228787452803374
2362,c-reactive,9,9,2.0457574905606752
2363,cagrisema,9,5,2.3010299956639813
2364,canon,9,7,2.154901959985743
2365,carbon,9,3,2.5228787452803374
2366,carcinogen,9,2,2.6989700043360187
2367,cecal,9,5,2.3010299956639813
2368,cgmp-aa,9,1,3.0
2369,checklist,9,7,2.154901959985743
2370,citat,9,7,2.154901959985743
2371,ckmd,9,1,3.0
2372,co-administration,9,8,2.0969100130080562
2373,compromis,9,9,2.0457574905606752
2374,comput,9,8,2.0969100130080562
2375,contraind,9,6,2.221848749616356
2376,cordycepin,9,3,2.5228787452803374
2377,credibl,9,5,2.3010299956639813
2378,cvi,9,1,3.0
2379,dataset,9,9,2.0457574905606752
2380,development,9,5,2.3010299956639813
2381,draw,9,9,2.0457574905606752
2382,editori,9,9,2.0457574905606752
2383,effici,9,8,2.0969100130080562
2384,eg,9,3,2.5228787452803374
2385,electrostat,9,3,2.5228787452803374
2386,encourag,9,9,2.0457574905606752
2387,end-stage,9,9,2.0457574905606752
2388,enter,9,6,2.221848749616356
2389,etd,9,3,2.5228787452803374
2390,eustachian,9,3,2.5228787452803374
2391,exceed,9,9,2.0457574905606752
2392,expans,9,9,2.0457574905606752
2393,extent,9,9,2.0457574905606752
2394,fair,9,6,2.221848749616356
2395,fatigu,9,6,2.221848749616356
2396,fill,9,9,2.0457574905606752
2397,film,9,2,2.6989700043360187
2398,first-line,9,9,2.0457574905606752
2399,fpg,9,4,2.3979400086720375
2400,generaliz,9,9,2.0457574905606752
2401,geroprotect,9,4,2.3979400086720375
2402,gestat,9,8,2.0969100130080562
2403,gland,9,4,2.3979400086720375
2404,glar,9,1,3.0
2405,glial,9,7,2.154901959985743
2406,glutag,9,4,2.3979400086720375
2407,glycaemia,9,5,2.3010299956639813
2408,handl,9,8,2.0969100130080562
2409,hdl-c,9,6,2.221848749616356
2410,headach,9,5,2.3010299956639813
2411,hfd,9,5,2.3010299956639813
2412,hff,9,2,2.6989700043360187
2413,hub,9,7,2.154901959985743
2414,hypogonad,9,2,2.6989700043360187
2415,implant,9,7,2.154901959985743
2416,instabl,9,8,2.0969100130080562
2417,instrument,9,7,2.154901959985743
2418,intermedi,9,6,2.221848749616356
2419,interplai,9,9,2.0457574905606752
2420,intersect,9,9,2.0457574905606752
2421,intracrani,9,6,2.221848749616356
2422,ipmn,9,1,3.0
2423,item,9,9,2.0457574905606752
2424,japan,9,5,2.3010299956639813
2425,knockdown,9,8,2.0969100130080562
2426,lactat,9,9,2.0457574905606752
2427,leverag,9,9,2.0457574905606752
2428,liabil,9,5,2.3010299956639813
2429,likelihood,9,9,2.0457574905606752
2430,liver-related,9,9,2.0457574905606752
2431,longer-term,9,9,2.0457574905606752
2432,lose,9,8,2.0969100130080562
2433,lysat,9,2,2.6989700043360187
2434,matur,9,8,2.0969100130080562
2435,mention,9,5,2.3010299956639813
2436,miss,9,9,2.0457574905606752
2437,monocyt,9,4,2.3979400086720375
2438,ms,9,5,2.3010299956639813
2439,muciniphila,9,5,2.3010299956639813
2440,mucos,9,6,2.221848749616356
2441,multi-omics,9,9,2.0457574905606752
2442,na,9,3,2.5228787452803374
2443,nafld,9,5,2.3010299956639813
2444,navig,9,9,2.0457574905606752
2445,neuropath,9,4,2.3979400086720375
2446,nitric,9,9,2.0457574905606752
2447,non-peptide,9,9,2.0457574905606752
2448,np,9,2,2.6989700043360187
2449,optimis,9,9,2.0457574905606752
2450,outsid,9,8,2.0969100130080562
2451,overcom,9,9,2.0457574905606752
2452,overdos,9,6,2.221848749616356
2453,ovid,9,7,2.154901959985743
2454,ow,9,8,2.0969100130080562
2455,pad,9,2,2.6989700043360187
2456,paradox,9,8,2.0969100130080562
2457,pdac,9,2,2.6989700043360187
2458,peptidas,9,9,2.0457574905606752
2459,peroxid,9,7,2.154901959985743
2460,pji,9,3,2.5228787452803374
2461,pneumonia,9,7,2.154901959985743
2462,population-level,9,9,2.0457574905606752
2463,pre-existing,9,8,2.0969100130080562
2464,preferenti,9,7,2.154901959985743
2465,prehabilit,9,4,2.3979400086720375
2466,preload,9,2,2.6989700043360187
2467,prematur,9,9,2.0457574905606752
2468,promin,9,8,2.0969100130080562
2469,pyrin,9,7,2.154901959985743
2470,pyy3-36,9,1,3.0
2471,redox,9,9,2.0457574905606752
2472,referr,9,7,2.154901959985743
2473,regener,9,8,2.0969100130080562
2474,renin-angiotensin,9,9,2.0457574905606752
2475,reproduc,9,9,2.0457574905606752
2476,rest,9,9,2.0457574905606752
2477,reticulum,9,8,2.0969100130080562
2478,salin,9,9,2.0457574905606752
2479,saudi,9,5,2.3010299956639813
2480,secretagogu,9,3,2.5228787452803374
2481,secretori,9,9,2.0457574905606752
2482,sexual,9,4,2.3979400086720375
2483,sgk2,9,1,3.0
2484,simpl,9,9,2.0457574905606752
2485,sole,9,9,2.0457574905606752
2486,sst,9,1,3.0
2487,stc-1,9,7,2.154901959985743
2488,stepwis,9,9,2.0457574905606752
2489,sting,9,3,2.5228787452803374
2490,sulfat,9,3,2.5228787452803374
2491,supplementari,9,8,2.0969100130080562
2492,suppli,9,9,2.0457574905606752
2493,surfac,9,8,2.0969100130080562
2494,survivor,9,4,2.3979400086720375
2495,tast,9,2,2.6989700043360187
2496,tg,9,5,2.3010299956639813
2497,tja,9,3,2.5228787452803374
2498,treatment-related,9,9,2.0457574905606752
2499,tube,9,3,2.5228787452803374
2500,u100,9,1,3.0
2501,unmet,9,9,2.0457574905606752
2502,version,9,9,2.0457574905606752
2503,0.009,8,8,2.0969100130080562
2504,0.09,8,8,2.0969100130080562
2505,0.15,8,7,2.154901959985743
2506,0.19,8,7,2.154901959985743
2507,0.30,8,7,2.154901959985743
2508,0.38,8,8,2.0969100130080562
2509,0001,8,4,2.3979400086720375
2510,1.1,8,8,2.0969100130080562
2511,1.23,8,8,2.0969100130080562
2512,1.24,8,7,2.154901959985743
2513,1.27,8,8,2.0969100130080562
2514,1.39,8,8,2.0969100130080562
2515,1.84,8,8,2.0969100130080562
2516,1.96,8,7,2.154901959985743
2517,13.4,8,8,2.0969100130080562
2518,14-3-3-ζ,8,1,3.0
2519,3-point,8,6,2.221848749616356
2520,3.5,8,8,2.0969100130080562
2521,3.9,8,8,2.0969100130080562
2522,39,8,8,2.0969100130080562
2523,4.9,8,8,2.0969100130080562
2524,53,8,8,2.0969100130080562
2525,6.8,8,7,2.154901959985743
2526,6.9,8,8,2.0969100130080562
2527,7.5,8,7,2.154901959985743
2528,71,8,7,2.154901959985743
2529,88,8,7,2.154901959985743
2530,96,8,5,2.3010299956639813
2531,97,8,7,2.154901959985743
2532,aad,8,1,3.0
2533,aberr,8,8,2.0969100130080562
2534,abolish,8,7,2.154901959985743
2535,aid,8,5,2.3010299956639813
2536,albumin,8,7,2.154901959985743
2537,albumin-to-creatinine,8,8,2.0969100130080562
2538,aminotransferas,8,5,2.3010299956639813
2539,aor,8,3,2.5228787452803374
2540,architectur,8,7,2.154901959985743
2541,arm,8,6,2.221848749616356
2542,asia,8,5,2.3010299956639813
2543,aspect,8,6,2.221848749616356
2544,avenu,8,8,2.0969100130080562
2545,avexitid,8,1,3.0
2546,begin,8,8,2.0969100130080562
2547,bleed,8,4,2.3979400086720375
2548,body-weight,8,7,2.154901959985743
2549,bofanglutid,8,2,2.6989700043360187
2550,bp,8,3,2.5228787452803374
2551,breakthrough,8,7,2.154901959985743
2552,bupropion,8,5,2.3010299956639813
2553,c57bl,8,8,2.0969100130080562
2554,caregiv,8,1,3.0
2555,cathet,8,4,2.3979400086720375
2556,channel,8,6,2.221848749616356
2557,chromatin,8,6,2.221848749616356
2558,chromatographi,8,2,2.6989700043360187
2559,collagen,8,8,2.0969100130080562
2560,collaps,8,7,2.154901959985743
2561,compat,8,6,2.221848749616356
2562,consent,8,5,2.3010299956639813
2563,constip,8,6,2.221848749616356
2564,contour,8,4,2.3979400086720375
2565,cutan,8,5,2.3010299956639813
2566,d001,8,1,3.0
2567,debat,8,7,2.154901959985743
2568,delin,8,8,2.0969100130080562
2569,dermatologist,8,5,2.3010299956639813
2570,deviat,8,6,2.221848749616356
2571,discours,8,6,2.221848749616356
2572,displai,8,8,2.0969100130080562
2573,dissoci,8,8,2.0969100130080562
2574,diuret,8,6,2.221848749616356
2575,dka,8,4,2.3979400086720375
2576,dvt,8,2,2.6989700043360187
2577,dyrk1a,8,1,3.0
2578,eec,8,1,3.0
2579,elimin,8,8,2.0969100130080562
2580,eloralintid,8,4,2.3979400086720375
2581,endoplasm,8,7,2.154901959985743
2582,eno,8,4,2.3979400086720375
2583,ethnic,8,7,2.154901959985743
2584,ex-4,8,1,3.0
2585,exchang,8,5,2.3010299956639813
2586,excret,8,5,2.3010299956639813
2587,excurs,8,5,2.3010299956639813
2588,fat-free,8,5,2.3010299956639813
2589,fc,8,2,2.6989700043360187
2590,fertil,8,6,2.221848749616356
2591,fibroblast,8,8,2.0969100130080562
2592,fixed-ratio,8,6,2.221848749616356
2593,flexibl,8,8,2.0969100130080562
2594,flux,8,8,2.0969100130080562
2595,footprint,8,2,2.6989700043360187
2596,frequentist,8,8,2.0969100130080562
2597,gbt,8,1,3.0
2598,gh,8,2,2.6989700043360187
2599,gila,8,1,3.0
2600,glp-1-ras,8,1,3.0
2601,gm2824,8,1,3.0
2602,good,8,8,2.0969100130080562
2603,homeostat,8,8,2.0969100130080562
2604,hyperglycaemia,8,8,2.0969100130080562
2605,hyperphagia,8,4,2.3979400086720375
2606,hypoxia,8,2,2.6989700043360187
2607,ibt,8,1,3.0
2608,igf-1,8,4,2.3979400086720375
2609,iih,8,2,2.6989700043360187
2610,illustr,8,8,2.0969100130080562
2611,immunomodulatori,8,8,2.0969100130080562
2612,imped,8,7,2.154901959985743
2613,injection-site,8,4,2.3979400086720375
2614,input,8,7,2.154901959985743
2615,instrip,8,1,3.0
2616,iptw,8,4,2.3979400086720375
2617,irrespect,8,6,2.221848749616356
2618,isorhamnetin,8,1,3.0
2619,keyword,8,7,2.154901959985743
2620,laparoscop,8,6,2.221848749616356
2621,late,8,8,2.0969100130080562
2622,lipedema,8,1,3.0
2623,lipopolysaccharid,8,8,2.0969100130080562
2624,lixisenatid,8,6,2.221848749616356
2625,loop,8,8,2.0969100130080562
2626,loxenatid,8,1,3.0
2627,m1,8,3,2.5228787452803374
2628,mdd,8,2,2.6989700043360187
2629,minut,8,6,2.221848749616356
2630,mixed-effects,8,7,2.154901959985743
2631,monster,8,1,3.0
2632,mrc,8,1,3.0
2633,murin,8,8,2.0969100130080562
2634,ne,8,1,3.0
2635,necessari,8,8,2.0969100130080562
2636,neuropeptid,8,6,2.221848749616356
2637,nicotinamid,8,5,2.3010299956639813
2638,non-alcoholic,8,7,2.154901959985743
2639,non-insulin,8,4,2.3979400086720375
2640,non-steroidal,8,8,2.0969100130080562
2641,nonarterit,8,8,2.0969100130080562
2642,nonsteroid,8,8,2.0969100130080562
2643,nor,8,7,2.154901959985743
2644,noteworthi,8,8,2.0969100130080562
2645,nrf2,8,8,2.0969100130080562
2646,ns,8,4,2.3979400086720375
2647,oil,8,5,2.3010299956639813
2648,one-year,8,7,2.154901959985743
2649,open,8,8,2.0969100130080562
2650,overload,8,7,2.154901959985743
2651,peer-reviewed,8,6,2.221848749616356
2652,peroxisom,8,7,2.154901959985743
2653,pet,8,3,2.5228787452803374
2654,pn,8,2,2.6989700043360187
2655,poisson,8,8,2.0969100130080562
2656,polyendocrin,8,7,2.154901959985743
2657,pre-surgery,8,2,2.6989700043360187
2658,precursor,8,8,2.0969100130080562
2659,probabilist,8,7,2.154901959985743
2660,progenitor,8,3,2.5228787452803374
2661,proinsulin,8,1,3.0
2662,proliferator-activated,8,8,2.0969100130080562
2663,propensity-score,8,8,2.0969100130080562
2664,proven,8,8,2.0969100130080562
2665,puls,8,6,2.221848749616356
2666,pwo,8,1,3.0
2667,quality-adjusted,8,5,2.3010299956639813
2668,regen,8,6,2.221848749616356
2669,regular,8,7,2.154901959985743
2670,renin-angiotensin-aldosterone,8,8,2.0969100130080562
2671,retriev,8,8,2.0969100130080562
2672,ribupatid,8,1,3.0
2673,rosuvastatin,8,2,2.6989700043360187
2674,rwe,8,3,2.5228787452803374
2675,rybelsu,8,5,2.3010299956639813
2676,scaffold,8,7,2.154901959985743
2677,scalabl,8,7,2.154901959985743
2678,schizophrenia,8,5,2.3010299956639813
2679,sensor,8,7,2.154901959985743
2680,shorter,8,6,2.221848749616356
2681,silenc,8,6,2.221848749616356
2682,smaller,8,8,2.0969100130080562
2683,smooth,8,3,2.5228787452803374
2684,societi,8,7,2.154901959985743
2685,sociodemograph,8,6,2.221848749616356
2686,spars,8,8,2.0969100130080562
2687,special,8,8,2.0969100130080562
2688,spontan,8,8,2.0969100130080562
2689,stai,8,6,2.221848749616356
2690,step,8,8,2.0969100130080562
2691,stevia,8,1,3.0
2692,stimuli,8,5,2.3010299956639813
2693,su,8,3,2.5228787452803374
2694,summit,8,5,2.3010299956639813
2695,t1dm,8,2,2.6989700043360187
2696,taxa,8,6,2.221848749616356
2697,team,8,7,2.154901959985743
2698,thermogenesi,8,5,2.3010299956639813
2699,thrombot,8,2,2.6989700043360187
2700,time-to-event,8,8,2.0969100130080562
2701,tissue-specific,8,7,2.154901959985743
2702,titrat,8,7,2.154901959985743
2703,topic,8,6,2.221848749616356
2704,track,8,8,2.0969100130080562
2705,traffick,8,6,2.221848749616356
2706,ultrasound,8,5,2.3010299956639813
2707,unproven,8,8,2.0969100130080562
2708,urin,8,6,2.221848749616356
2709,usual,8,6,2.221848749616356
2710,verifi,8,7,2.154901959985743
2711,viabl,8,6,2.221848749616356
2712,video,8,2,2.6989700043360187
2713,vision,8,3,2.5228787452803374
2714,vital,8,6,2.221848749616356
2715,wai,8,7,2.154901959985743
2716,wilac,8,1,3.0
2717,ypxjf,8,1,3.0
2718,α-glucosidase,8,7,2.154901959985743
2719,β-cells,8,7,2.154901959985743
2720,β-glucan,8,1,3.0
2721,0.005,7,7,2.154901959985743
2722,0.08,7,7,2.154901959985743
2723,0.10,7,7,2.154901959985743
2724,0.17,7,7,2.154901959985743
2725,0.31,7,7,2.154901959985743
2726,0.32,7,7,2.154901959985743
2727,0.39,7,7,2.154901959985743
2728,0.41,7,7,2.154901959985743
2729,0.9,7,5,2.3010299956639813
2730,1-3,7,5,2.3010299956639813
2731,1.22,7,7,2.154901959985743
2732,1.42,7,7,2.154901959985743
2733,1.56,7,5,2.3010299956639813
2734,1.57,7,7,2.154901959985743
2735,1.65,7,7,2.154901959985743
2736,1.69,7,7,2.154901959985743
2737,1.71,7,7,2.154901959985743
2738,1.91,7,7,2.154901959985743
2739,10.0,7,7,2.154901959985743
2740,10.5,7,6,2.221848749616356
2741,12.2,7,7,2.154901959985743
2742,155383,7,1,3.0
2743,2.20,7,7,2.154901959985743
2744,2.37,7,5,2.3010299956639813
2745,3-year,7,5,2.3010299956639813
2746,3.1,7,7,2.154901959985743
2747,3.2,7,7,2.154901959985743
2748,4.2,7,7,2.154901959985743
2749,56,7,7,2.154901959985743
2750,6.2,7,7,2.154901959985743
2751,6.3,7,7,2.154901959985743
2752,6.5,7,7,2.154901959985743
2753,7.0,7,6,2.221848749616356
2754,7.8,7,7,2.154901959985743
2755,77,7,7,2.154901959985743
2756,8.5,7,7,2.154901959985743
2757,91,7,7,2.154901959985743
2758,92,7,6,2.221848749616356
2759,98,7,7,2.154901959985743
2760,a8g,7,1,3.0
2761,abstract,7,7,2.154901959985743
2762,accuraci,7,6,2.221848749616356
2763,adpn,7,1,3.0
2764,aggrav,7,7,2.154901959985743
2765,akkermansia,7,5,2.3010299956639813
2766,almost,7,7,2.154901959985743
2767,androgen,7,5,2.3010299956639813
2768,angiotensin,7,7,2.154901959985743
2769,anorexia,7,5,2.3010299956639813
2770,anorexigen,7,5,2.3010299956639813
2771,antipsychotic-induced,7,4,2.3979400086720375
2772,apc,7,1,3.0
2773,arabia,7,4,2.3979400086720375
2774,ard,7,2,2.6989700043360187
2775,assist,7,6,2.221848749616356
2776,at-risk,7,5,2.3010299956639813
2777,atherogen,7,6,2.221848749616356
2778,autonom,7,7,2.154901959985743
2779,bbb,7,2,2.6989700043360187
2780,bdnf,7,3,2.5228787452803374
2781,began,7,6,2.221848749616356
2782,bgm0504,7,1,3.0
2783,bias,7,6,2.221848749616356
2784,bilibili,7,1,3.0
2785,blood-brain,7,7,2.154901959985743
2786,bmd,7,3,2.5228787452803374
2787,br,7,1,3.0
2788,bridg,7,7,2.154901959985743
2789,calibr,7,4,2.3979400086720375
2790,calori,7,2,2.6989700043360187
2791,cardiomyopathi,7,6,2.221848749616356
2792,cer,7,1,3.0
2793,ci-aki,7,1,3.0
2794,co-agonists,7,4,2.3979400086720375
2795,colonoscopi,7,4,2.3979400086720375
2796,come,7,6,2.221848749616356
2797,compel,7,7,2.154901959985743
2798,conclud,7,7,2.154901959985743
2799,connect,7,7,2.154901959985743
2800,consecut,7,7,2.154901959985743
2801,consult,7,6,2.221848749616356
2802,contextu,7,7,2.154901959985743
2803,contracept,7,6,2.221848749616356
2804,corrobor,7,7,2.154901959985743
2805,cortic,7,6,2.221848749616356
2806,counteract,7,7,2.154901959985743
2807,crd,7,6,2.221848749616356
2808,crisi,7,7,2.154901959985743
2809,criterion,7,6,2.221848749616356
2810,ctni,7,1,3.0
2811,curcumin,7,4,2.3979400086720375
2812,cvot,7,5,2.3010299956639813
2813,danish,7,5,2.3010299956639813
2814,de,7,6,2.221848749616356
2815,delta,7,2,2.6989700043360187
2816,disease-specific,7,7,2.154901959985743
2817,dose-response,7,5,2.3010299956639813
2818,dul,7,1,3.0
2819,dyslipidaemia,7,7,2.154901959985743
2820,ectop,7,6,2.221848749616356
2821,effort,7,7,2.154901959985743
2822,embol,7,7,2.154901959985743
2823,emiss,7,5,2.3010299956639813
2824,endometri,7,5,2.3010299956639813
2825,endors,7,7,2.154901959985743
2826,equal,7,6,2.221848749616356
2827,everi,7,7,2.154901959985743
2828,evolut,7,7,2.154901959985743
2829,exact,7,7,2.154901959985743
2830,excel,7,7,2.154901959985743
2831,except,7,7,2.154901959985743
2832,extended-release,7,3,2.5228787452803374
2833,ey,7,6,2.221848749616356
2834,factor-α,7,7,2.154901959985743
2835,fisetin,7,3,2.5228787452803374
2836,flutter,7,3,2.5228787452803374
2837,ft3,7,1,3.0
2838,fusion-related,7,2,2.6989700043360187
2839,glaucoma,7,2,2.6989700043360187
2840,glp,7,6,2.221848749616356
2841,glp-1ra-based,7,2,2.6989700043360187
2842,glucocorticoid,7,5,2.3010299956639813
2843,glucose-stimulated,7,6,2.221848749616356
2844,gradient,7,6,2.221848749616356
2845,graft,7,4,2.3979400086720375
2846,gut-liver,7,6,2.221848749616356
2847,harmin,7,1,3.0
2848,heart-failure,7,3,2.5228787452803374
2849,height,7,7,2.154901959985743
2850,herein,7,7,2.154901959985743
2851,holist,7,7,2.154901959985743
2852,hydrocodon,7,1,3.0
2853,hydrophob,7,5,2.3010299956639813
2854,hypothet,7,5,2.3010299956639813
2855,ia,7,1,3.0
2856,ic,7,3,2.5228787452803374
2857,iec-ppara,7,1,3.0
2858,iex,7,1,3.0
2859,iglarlixi,7,2,2.6989700043360187
2860,il-22,7,1,3.0
2861,ileu,7,2,2.6989700043360187
2862,in-depth,7,7,2.154901959985743
2863,inconclus,7,7,2.154901959985743
2864,india,7,4,2.3979400086720375
2865,indirectli,7,7,2.154901959985743
2866,infrastructur,7,6,2.221848749616356
2867,ingest,7,6,2.221848749616356
2868,intensifi,7,5,2.3010299956639813
2869,interindividu,7,7,2.154901959985743
2870,interrupt,7,6,2.221848749616356
2871,intrapancreat,7,2,2.6989700043360187
2872,introduct,7,7,2.154901959985743
2873,invas,7,6,2.221848749616356
2874,ird,7,1,3.0
2875,jader,7,3,2.5228787452803374
2876,junction,7,3,2.5228787452803374
2877,justifi,7,7,2.154901959985743
2878,lactobacillu,7,6,2.221848749616356
2879,lai,7,4,2.3979400086720375
2880,layer,7,6,2.221848749616356
2881,leucin,7,1,3.0
2882,lipid-lowering,7,6,2.221848749616356
2883,liraglutide's,7,2,2.6989700043360187
2884,loosen,7,5,2.3010299956639813
2885,low-density,7,7,2.154901959985743
2886,lupeol,7,1,3.0
2887,macular,7,7,2.154901959985743
2888,maladapt,7,7,2.154901959985743
2889,malnutrit,7,5,2.3010299956639813
2890,malo,7,2,2.6989700043360187
2891,mandat,7,2,2.6989700043360187
2892,marketscan,7,5,2.3010299956639813
2893,max,7,4,2.3979400086720375
2894,melanoma,7,3,2.5228787452803374
2895,microenviron,7,7,2.154901959985743
2896,microscopi,7,5,2.3010299956639813
2897,migrain,7,1,3.0
2898,miner,7,6,2.221848749616356
2899,multi-organ,7,6,2.221848749616356
2900,multi-target,7,5,2.3010299956639813
2901,multidimension,7,6,2.221848749616356
2902,multifacet,7,7,2.154901959985743
2903,myeloid,7,2,2.6989700043360187
2904,naltrexon,7,5,2.3010299956639813
2905,necessit,7,7,2.154901959985743
2906,neurodegener,7,5,2.3010299956639813
2907,ng,7,4,2.3979400086720375
2908,nma,7,3,2.5228787452803374
2909,nnt,7,2,2.6989700043360187
2910,none,7,7,2.154901959985743
2911,nonfat,7,4,2.3979400086720375
2912,noninvas,7,4,2.3979400086720375
2913,nordisk,7,7,2.154901959985743
2914,nst,7,1,3.0
2915,nt,7,1,3.0
2916,ocn,7,2,2.6989700043360187
2917,outperform,7,6,2.221848749616356
2918,overexpress,7,6,2.221848749616356
2919,oxytocin,7,1,3.0
2920,papilledema,7,2,2.6989700043360187
2921,particl,7,6,2.221848749616356
2922,patent,7,4,2.3979400086720375
2923,pe,7,2,2.6989700043360187
2924,pectin,7,1,3.0
2925,peg,7,2,2.6989700043360187
2926,pend,7,7,2.154901959985743
2927,person-years,7,5,2.3010299956639813
2928,pharmacoepidemiolog,7,3,2.5228787452803374
2929,phenomenon,7,6,2.221848749616356
2930,pomj,7,1,3.0
2931,poorer,7,5,2.3010299956639813
2932,post-ea,7,1,3.0
2933,post-marketing,7,7,2.154901959985743
2934,postpartum,7,2,2.6989700043360187
2935,pp,7,2,2.6989700043360187
2936,ppar,7,6,2.221848749616356
2937,prebiot,7,6,2.221848749616356
2938,preconcept,7,5,2.3010299956639813
2939,procedure-specific,7,4,2.3979400086720375
2940,proxi,7,5,2.3010299956639813
2941,qualifi,7,6,2.221848749616356
2942,quarter,7,4,2.3979400086720375
2943,raa,7,6,2.221848749616356
2944,raasi,7,1,3.0
2945,rapamycin,7,7,2.154901959985743
2946,reinforc,7,7,2.154901959985743
2947,relianc,7,7,2.154901959985743
2948,sc,7,2,2.6989700043360187
2949,scopolamin,7,1,3.0
2950,second-line,7,5,2.3010299956639813
2951,segment,7,6,2.221848749616356
2952,sepsi,7,5,2.3010299956639813
2953,serial,7,7,2.154901959985743
2954,session,7,3,2.5228787452803374
2955,sglt-2is,7,2,2.6989700043360187
2956,sinc,7,7,2.154901959985743
2957,single-level,7,1,3.0
2958,sma,7,1,3.0
2959,solut,7,5,2.3010299956639813
2960,spectroscopi,7,5,2.3010299956639813
2961,ssi,7,2,2.6989700043360187
2962,sstr2,7,1,3.0
2963,stachyos,7,1,3.0
2964,stain,7,7,2.154901959985743
2965,steril,7,6,2.221848749616356
2966,storag,7,5,2.3010299956639813
2967,strain,7,5,2.3010299956639813
2968,subclin,7,5,2.3010299956639813
2969,sublingu,7,2,2.6989700043360187
2970,sud,7,2,2.6989700043360187
2971,suffici,7,6,2.221848749616356
2972,suitabl,7,6,2.221848749616356
2973,synthas,7,6,2.221848749616356
2974,tau,7,4,2.3979400086720375
2975,tb,7,2,2.6989700043360187
2976,themat,7,6,2.221848749616356
2977,third,7,7,2.154901959985743
2978,top,7,6,2.221848749616356
2979,toxicolog,7,5,2.3010299956639813
2980,tramadol,7,1,3.0
2981,transfer,7,7,2.154901959985743
2982,twelv,7,7,2.154901959985743
2983,unavail,7,7,2.154901959985743
2984,uncoupl,7,5,2.3010299956639813
2985,uncov,7,5,2.3010299956639813
2986,usa,7,6,2.221848749616356
2987,valuabl,7,7,2.154901959985743
2988,venom,7,1,3.0
2989,vertebr,7,2,2.6989700043360187
2990,viabil,7,7,2.154901959985743
2991,well-established,7,7,2.154901959985743
2992,wl,7,1,3.0
2993,world,7,7,2.154901959985743
2994,yr,7,2,2.6989700043360187
2995,μg,7,4,2.3979400086720375
2996,0.07,6,5,2.3010299956639813
2997,0.16,6,6,2.221848749616356
2998,0.18,6,6,2.221848749616356
2999,0.20,6,6,2.221848749616356
3000,0.23,6,6,2.221848749616356
3001,0.24,6,6,2.221848749616356
3002,0.26,6,6,2.221848749616356
3003,0.28,6,6,2.221848749616356
3004,0.29,6,6,2.221848749616356
3005,02,6,5,2.3010299956639813
3006,1.08,6,6,2.221848749616356
3007,1.11,6,5,2.3010299956639813
3008,1.29,6,6,2.221848749616356
3009,1.32,6,6,2.221848749616356
3010,1.38,6,6,2.221848749616356
3011,1.41,6,6,2.221848749616356
3012,1.43,6,5,2.3010299956639813
3013,1.52,6,6,2.221848749616356
3014,1.58,6,5,2.3010299956639813
3015,1.79,6,6,2.221848749616356
3016,10.6,6,6,2.221848749616356
3017,11.2,6,5,2.3010299956639813
3018,112,6,6,2.221848749616356
3019,118,6,6,2.221848749616356
3020,12-18,6,2,2.6989700043360187
3021,12.4,6,6,2.221848749616356
3022,142,6,6,2.221848749616356
3023,168,6,5,2.3010299956639813
3024,2.03,6,6,2.221848749616356
3025,2.9,6,6,2.221848749616356
3026,3-6,6,3,2.5228787452803374
3027,3.44,6,6,2.221848749616356
3028,3b,6,6,2.221848749616356
3029,4.5,6,6,2.221848749616356
3030,48-week,6,1,3.0
3031,5.6,6,6,2.221848749616356
3032,500,6,6,2.221848749616356
3033,6.1,6,6,2.221848749616356
3034,78,6,6,2.221848749616356
3035,8.0,6,6,2.221848749616356
3036,8.1,6,6,2.221848749616356
3037,94,6,4,2.3979400086720375
3038,a1,6,3,2.5228787452803374
3039,adipogen,6,2,2.6989700043360187
3040,aerob,6,5,2.3010299956639813
3041,aibd,6,1,3.0
3042,aki,6,2,2.6989700043360187
3043,ambulatori,6,3,2.5228787452803374
3044,amount,6,6,2.221848749616356
3045,anesthet,6,5,2.3010299956639813
3046,antiretrovir,6,4,2.3979400086720375
3047,apnoea,6,5,2.3010299956639813
3048,apolipoprotein,6,4,2.3979400086720375
3049,appoint,6,3,2.5228787452803374
3050,aqueou,6,5,2.3010299956639813
3051,artifici,6,6,2.221848749616356
3052,asx,6,1,3.0
3053,atp,6,5,2.3010299956639813
3054,attain-1,6,2,2.6989700043360187
3055,autoantibodi,6,3,2.5228787452803374
3056,autoimmun,6,6,2.221848749616356
3057,aβ,6,4,2.3979400086720375
3058,bb,6,2,2.6989700043360187
3059,bbi,6,1,3.0
3060,beverag,6,2,2.6989700043360187
3061,bing,6,3,2.5228787452803374
3062,bioelectr,6,6,2.221848749616356
3063,blunt,6,5,2.3010299956639813
3064,bnp,6,2,2.6989700043360187
3065,body-composition,6,5,2.3010299956639813
3066,bone-brain,6,1,3.0
3067,bootstrap,6,3,2.5228787452803374
3068,brand,6,4,2.3979400086720375
3069,breve,6,1,3.0
3070,broadli,6,6,2.221848749616356
3071,bsh,6,2,2.6989700043360187
3072,caco-2,6,6,2.221848749616356
3073,carefulli,6,6,2.221848749616356
3074,carvacrol,6,1,3.0
3075,case-control,6,6,2.221848749616356
3076,cell-specific,6,3,2.5228787452803374
3077,censor,6,4,2.3979400086720375
3078,child,6,4,2.3979400086720375
3079,childhood,6,5,2.3010299956639813
3080,cholecyst,6,5,2.3010299956639813
3081,cim,6,1,3.0
3082,class-wide,6,5,2.3010299956639813
3083,cli,6,2,2.6989700043360187
3084,co-transporter-2,6,6,2.221848749616356
3085,colorect,6,5,2.3010299956639813
3086,compani,6,4,2.3979400086720375
3087,concord,6,6,2.221848749616356
3088,constraint,6,5,2.3010299956639813
3089,context-dependent,6,6,2.221848749616356
3090,contract,6,3,2.5228787452803374
3091,ct130,6,1,3.0
3092,cuff,6,3,2.5228787452803374
3093,de-identified,6,6,2.221848749616356
3094,degen,6,2,2.6989700043360187
3095,delphi,6,4,2.3979400086720375
3096,depot,6,3,2.5228787452803374
3097,dexamethason,6,2,2.6989700043360187
3098,diabetes-labeled,6,1,3.0
3099,dio,6,5,2.3010299956639813
3100,discrimin,6,5,2.3010299956639813
3101,distress,6,5,2.3010299956639813
3102,donor,6,2,2.6989700043360187
3103,douyin,6,1,3.0
3104,dramat,6,6,2.221848749616356
3105,drawn,6,6,2.221848749616356
3106,drg,6,1,3.0
3107,drug-related,6,5,2.3010299956639813
3108,early-stage,6,5,2.3010299956639813
3109,effluvium,6,3,2.5228787452803374
3110,egger's,6,4,2.3979400086720375
3111,elastographi,6,5,2.3010299956639813
3112,electrolyt,6,6,2.221848749616356
3113,eleven,6,6,2.221848749616356
3114,elisa,6,6,2.221848749616356
3115,enkephalin,6,1,3.0
3116,entir,6,6,2.221848749616356
3117,enzymat,6,6,2.221848749616356
3118,epidem,6,6,2.221848749616356
3119,erk,6,4,2.3979400086720375
3120,estrogen,6,3,2.5228787452803374
3121,exampl,6,5,2.3010299956639813
3122,expiratori,6,3,2.5228787452803374
3123,explicit,6,5,2.3010299956639813
3124,explicitli,6,6,2.221848749616356
3125,extrem,6,6,2.221848749616356
3126,fate,6,4,2.3979400086720375
3127,ff,6,1,3.0
3128,fixed-dose,6,4,2.3979400086720375
3129,flavonoid,6,4,2.3979400086720375
3130,fluctuat,6,6,2.221848749616356
3131,foxa1,6,1,3.0
3132,frame,6,6,2.221848749616356
3133,fsh,6,3,2.5228787452803374
3134,fund,6,5,2.3010299956639813
3135,gastroesophag,6,6,2.221848749616356
3136,gastroparesi,6,4,2.3979400086720375
3137,generalis,6,6,2.221848749616356
3138,geograph,6,5,2.3010299956639813
3139,geometr,6,5,2.3010299956639813
3140,german,6,3,2.5228787452803374
3141,gpr119,6,3,2.5228787452803374
3142,gpr43,6,1,3.0
3143,gr,6,1,3.0
3144,green,6,4,2.3979400086720375
3145,gt,6,1,3.0
3146,gynaecolog,6,1,3.0
3147,gynecolog,6,4,2.3979400086720375
3148,habit,6,4,2.3979400086720375
3149,haematolog,6,4,2.3979400086720375
3150,haemodynam,6,4,2.3979400086720375
3151,hap,6,1,3.0
3152,hedon,6,4,2.3979400086720375
3153,hierarch,6,6,2.221848749616356
3154,high-sensitivity,6,6,2.221848749616356
3155,ho,6,2,2.6989700043360187
3156,hs-crp,6,3,2.5228787452803374
3157,hundr,6,5,2.3010299956639813
3158,hypox,6,3,2.5228787452803374
3159,i1088,6,1,3.0
3160,iarc,6,1,3.0
3161,immunoblot,6,5,2.3010299956639813
3162,imput,6,3,2.5228787452803374
3163,inadvert,6,5,2.3010299956639813
3164,infecti,6,5,2.3010299956639813
3165,inflammag,6,3,2.5228787452803374
3166,innat,6,5,2.3010299956639813
3167,insulin-independent,6,4,2.3979400086720375
3168,intention-to-treat,6,6,2.221848749616356
3169,intrins,6,6,2.221848749616356
3170,inulin,6,2,2.6989700043360187
3171,ir,6,4,2.3979400086720375
3172,jumpstart,6,1,3.0
3173,kc,6,1,3.0
3174,kcal,6,5,2.3010299956639813
3175,lb,6,3,2.5228787452803374
3176,limb,6,4,2.3979400086720375
3177,linagliptin,6,2,2.6989700043360187
3178,ln,6,3,2.5228787452803374
3179,lrr,6,2,2.6989700043360187
3180,lt,6,2,2.6989700043360187
3181,lvad,6,1,3.0
3182,mafld,6,3,2.5228787452803374
3183,mala,6,1,3.0
3184,malform,6,3,2.5228787452803374
3185,march5,6,1,3.0
3186,markov,6,6,2.221848749616356
3187,mask,6,6,2.221848749616356
3188,matric,6,5,2.3010299956639813
3189,matsuda,6,2,2.6989700043360187
3190,mda,6,4,2.3979400086720375
3191,mdi,6,1,3.0
3192,methyl,6,6,2.221848749616356
3193,microgli,6,5,2.3010299956639813
3194,mmtt,6,2,2.6989700043360187
3195,modal,6,6,2.221848749616356
3196,monthli,6,5,2.3010299956639813
3197,mostli,6,6,2.221848749616356
3198,mtc,6,2,2.6989700043360187
3199,multi-agonist,6,4,2.3979400086720375
3200,mv,6,1,3.0
3201,nadir,6,3,2.5228787452803374
3202,nanoemuls,6,2,2.6989700043360187
3203,nanoparticl,6,4,2.3979400086720375
3204,narrow,6,6,2.221848749616356
3205,neck,6,2,2.6989700043360187
3206,neither,6,5,2.3010299956639813
3207,neuroimag,6,5,2.3010299956639813
3208,neurovascular,6,4,2.3979400086720375
3209,nevertheless,6,6,2.221848749616356
3210,nmsc,6,1,3.0
3211,non-arteritic,6,4,2.3979400086720375
3212,nonrandom,6,4,2.3979400086720375
3213,nvamd,6,1,3.0
3214,nvamd-c,6,1,3.0
3215,nvamd-cp,6,1,3.0
3216,occup,6,4,2.3979400086720375
3217,one-third,6,6,2.221848749616356
3218,organ-specific,6,6,2.221848749616356
3219,os,6,2,2.6989700043360187
3220,panoptosi,6,1,3.0
3221,pcp,6,2,2.6989700043360187
3222,periodont,6,1,3.0
3223,permeat,6,4,2.3979400086720375
3224,phenotype-based,6,4,2.3979400086720375
3225,pipelin,6,6,2.221848749616356
3226,platelet,6,2,2.6989700043360187
3227,pm,6,4,2.3979400086720375
3228,popular,6,6,2.221848749616356
3229,post-bariatric,6,5,2.3010299956639813
3230,post-cessation,6,3,2.5228787452803374
3231,post-vaccination,6,1,3.0
3232,potassium,6,6,2.221848749616356
3233,pparγ,6,4,2.3979400086720375
3234,ppha,6,1,3.0
3235,prandial,6,3,2.5228787452803374
3236,pre-operative,6,4,2.3979400086720375
3237,preclud,6,6,2.221848749616356
3238,prioritis,6,6,2.221848749616356
3239,prolif,6,6,2.221848749616356
3240,proof,6,6,2.221848749616356
3241,proteasom,6,3,2.5228787452803374
3242,pump,6,3,2.5228787452803374
3243,q4,6,2,2.6989700043360187
3244,read,6,4,2.3979400086720375
3245,recombin,6,3,2.5228787452803374
3246,regurgit,6,1,3.0
3247,reserv,6,5,2.3010299956639813
3248,respir,6,3,2.5228787452803374
3249,revascular,6,5,2.3010299956639813
3250,revolution,6,6,2.221848749616356
3251,rgv,6,1,3.0
3252,rheumatolog,6,2,2.6989700043360187
3253,rich,6,6,2.221848749616356
3254,rna-seq,6,5,2.3010299956639813
3255,roadmap,6,6,2.221848749616356
3256,rob,6,6,2.221848749616356
3257,robins-i,6,6,2.221848749616356
3258,rose,6,6,2.221848749616356
3259,rotat,6,3,2.5228787452803374
3260,rwg,6,1,3.0
3261,schedul,6,6,2.221848749616356
3262,scope,6,5,2.3010299956639813
3263,sed,6,2,2.6989700043360187
3264,self-medication,6,2,2.6989700043360187
3265,senolyt,6,6,2.221848749616356
3266,sgt-m,6,1,3.0
3267,smg,6,1,3.0
3268,solubl,6,5,2.3010299956639813
3269,sought,6,6,2.221848749616356
3270,south,6,5,2.3010299956639813
3271,spectrometri,6,5,2.3010299956639813
3272,squamou,6,2,2.6989700043360187
3273,standard-dose,6,1,3.0
3274,steroid,6,2,2.6989700043360187
3275,strata,6,5,2.3010299956639813
3276,sub-group,6,2,2.6989700043360187
3277,suffer,6,5,2.3010299956639813
3278,suicide-related,6,2,2.6989700043360187
3279,summaris,6,6,2.221848749616356
3280,synergi,6,5,2.3010299956639813
3281,taiwan,6,3,2.5228787452803374
3282,tbi,6,1,3.0
3283,telogen,6,3,2.5228787452803374
3284,termin,6,5,2.3010299956639813
3285,terminolog,6,5,2.3010299956639813
3286,tertiari,6,6,2.221848749616356
3287,theori,6,5,2.3010299956639813
3288,thiamin,6,4,2.3979400086720375
3289,thought,6,5,2.3010299956639813
3290,tight,6,2,2.6989700043360187
3291,time-dependent,6,5,2.3010299956639813
3292,timepoint,6,4,2.3979400086720375
3293,tirzepatide's,6,5,2.3010299956639813
3294,toxin,6,5,2.3010299956639813
3295,transcriptom,6,5,2.3010299956639813
3296,transpar,6,6,2.221848749616356
3297,trial-level,6,2,2.6989700043360187
3298,tsa,6,2,2.6989700043360187
3299,tumour,6,4,2.3979400086720375
3300,two-week,6,1,3.0
3301,tzd,6,3,2.5228787452803374
3302,ubiquitin,6,2,2.6989700043360187
3303,uc,6,1,3.0
3304,udca,6,1,3.0
3305,underexplor,6,6,2.221848749616356
3306,underpin,6,6,2.221848749616356
3307,underrepres,6,6,2.221848749616356
3308,unexpos,6,5,2.3010299956639813
3309,univari,6,5,2.3010299956639813
3310,unlik,6,6,2.221848749616356
3311,unregul,6,6,2.221848749616356
3312,vagal,6,4,2.3979400086720375
3313,veteran,6,3,2.5228787452803374
3314,warn,6,5,2.3010299956639813
3315,wat,6,2,2.6989700043360187
3316,weight-management,6,5,2.3010299956639813
3317,wk,6,5,2.3010299956639813
3318,wmd,6,1,3.0
3319,ybx1,6,1,3.0
3320,γδ,6,1,3.0
3321,η2p,6,1,3.0
3322,0.0002,5,5,2.3010299956639813
3323,0.004,5,5,2.3010299956639813
3324,0.006,5,5,2.3010299956639813
3325,0.008,5,5,2.3010299956639813
3326,0.012,5,5,2.3010299956639813
3327,0.014,5,5,2.3010299956639813
3328,0.016,5,4,2.3979400086720375
3329,0.022,5,5,2.3010299956639813
3330,0.023,5,5,2.3010299956639813
3331,0.026,5,5,2.3010299956639813
3332,0.034,5,5,2.3010299956639813
3333,0.040,5,5,2.3010299956639813
3334,031,5,4,2.3979400086720375
3335,04,5,4,2.3979400086720375
3336,1.33,5,5,2.3010299956639813
3337,1.37,5,5,2.3010299956639813
3338,1.40,5,5,2.3010299956639813
3339,1.46,5,5,2.3010299956639813
3340,1.53,5,5,2.3010299956639813
3341,1.89,5,5,2.3010299956639813
3342,1.9,5,5,2.3010299956639813
3343,1.98,5,5,2.3010299956639813
3344,10.4,5,5,2.3010299956639813
3345,10.7,5,5,2.3010299956639813
3346,10.8,5,5,2.3010299956639813
3347,104,5,4,2.3979400086720375
3348,106,5,5,2.3010299956639813
3349,107,5,5,2.3010299956639813
3350,109,5,5,2.3010299956639813
3351,11.1,5,5,2.3010299956639813
3352,11.4,5,4,2.3979400086720375
3353,11.8,5,5,2.3010299956639813
3354,113,5,5,2.3010299956639813
3355,114,5,5,2.3010299956639813
3356,119,5,5,2.3010299956639813
3357,12.3,5,5,2.3010299956639813
3358,123,5,5,2.3010299956639813
3359,132,5,4,2.3979400086720375
3360,135,5,3,2.5228787452803374
3361,140,5,5,2.3010299956639813
3362,143,5,5,2.3010299956639813
3363,151,5,5,2.3010299956639813
3364,16.0,5,5,2.3010299956639813
3365,18-month,5,3,2.5228787452803374
3366,182.5,5,1,3.0
3367,196,5,5,2.3010299956639813
3368,1b,5,4,2.3979400086720375
3369,2-ha,5,1,3.0
3370,2.39,5,5,2.3010299956639813
3371,2.67,5,3,2.5228787452803374
3372,200-mg,5,1,3.0
3373,2006,5,4,2.3979400086720375
3374,242,5,4,2.3979400086720375
3375,2557,5,1,3.0
3376,299,5,4,2.3979400086720375
3377,3.4,5,5,2.3010299956639813
3378,3.52,5,5,2.3010299956639813
3379,3.8,5,5,2.3010299956639813
3380,300,5,5,2.3010299956639813
3381,32.6,5,5,2.3010299956639813
3382,34.9,5,5,2.3010299956639813
3383,380,5,2,2.6989700043360187
3384,395,5,2,2.6989700043360187
3385,3a,5,2,2.6989700043360187
3386,4.1,5,5,2.3010299956639813
3387,5.9,5,4,2.3979400086720375
3388,5b,5,1,3.0
3389,6.7,5,5,2.3010299956639813
3390,62,5,5,2.3010299956639813
3391,69,5,5,2.3010299956639813
3392,6j,5,5,2.3010299956639813
3393,7.1,5,5,2.3010299956639813
3394,7.3,5,5,2.3010299956639813
3395,7.6,5,5,2.3010299956639813
3396,7.7,5,4,2.3979400086720375
3397,8.7,5,5,2.3010299956639813
3398,8.9,5,5,2.3010299956639813
3399,86,5,5,2.3010299956639813
3400,9.3,5,5,2.3010299956639813
3401,9.4,5,5,2.3010299956639813
3402,9.8,5,4,2.3979400086720375
3403,93,5,5,2.3010299956639813
3404,abl,5,5,2.3010299956639813
3405,absorb,5,4,2.3979400086720375
3406,accordingli,5,5,2.3010299956639813
3407,adenosin,5,5,2.3010299956639813
3408,adm,5,3,2.5228787452803374
3409,adverse-event,5,5,2.3010299956639813
3410,aga,5,2,2.6989700043360187
3411,alzheim,5,2,2.6989700043360187
3412,am,5,2,2.6989700043360187
3413,amplif,5,5,2.3010299956639813
3414,anaesthesia,5,1,3.0
3415,anchor,5,5,2.3010299956639813
3416,anonym,5,5,2.3010299956639813
3417,aortic,5,2,2.6989700043360187
3418,appreci,5,4,2.3979400086720375
3419,arthroscop,5,2,2.6989700043360187
3420,asept,5,4,2.3979400086720375
3421,assumpt,5,5,2.3010299956639813
3422,axial,5,2,2.6989700043360187
3423,base-case,5,3,2.5228787452803374
3424,basic,5,5,2.3010299956639813
3425,bca,5,1,3.0
3426,between-class,5,1,3.0
3427,biomarker-guided,5,4,2.3979400086720375
3428,birth,5,5,2.3010299956639813
3429,blackcurr,5,1,3.0
3430,blocker,5,5,2.3010299956639813
3431,bolu,5,4,2.3979400086720375
3432,boundari,5,3,2.5228787452803374
3433,bpm,5,2,2.6989700043360187
3434,butyr,5,3,2.5228787452803374
3435,ca,5,1,3.0
3436,ca7s,5,1,3.0
3437,cabg,5,1,3.0
3438,calendar,5,4,2.3979400086720375
3439,calorimetri,5,3,2.5228787452803374
3440,canada,5,3,2.5228787452803374
3441,capryl,5,5,2.3010299956639813
3442,capsul,5,3,2.5228787452803374
3443,cardiolog,5,4,2.3979400086720375
3444,cartilag,5,4,2.3979400086720375
3445,cation,5,3,2.5228787452803374
3446,cautiou,5,5,2.3010299956639813
3447,cerebellar,5,1,3.0
3448,charg,5,2,2.6989700043360187
3449,chi-square,5,5,2.3010299956639813
3450,ci95,5,1,3.0
3451,circadian,5,5,2.3010299956639813
3452,circuitri,5,5,2.3010299956639813
3453,citi,5,5,2.3010299956639813
3454,ckd-specific,5,4,2.3979400086720375
3455,cmd,5,1,3.0
3456,co-occurrence,5,5,2.3010299956639813
3457,coliti,5,3,2.5228787452803374
3458,commentari,5,4,2.3979400086720375
3459,companion,5,3,2.5228787452803374
3460,compensatori,5,5,2.3010299956639813
3461,competit,5,5,2.3010299956639813
3462,complianc,5,5,2.3010299956639813
3463,cortex,5,4,2.3979400086720375
3464,counterpart,5,5,2.3010299956639813
3465,cpap,5,2,2.6989700043360187
3466,cyclosporin,5,2,2.6989700043360187
3467,daytim,5,4,2.3979400086720375
3468,de-intensification,5,1,3.0
3469,dedupl,5,5,2.3010299956639813
3470,deeper,5,5,2.3010299956639813
3471,deidentifi,5,5,2.3010299956639813
3472,diarrhoea,5,5,2.3010299956639813
3473,dichotom,5,5,2.3010299956639813
3474,dietitian,5,4,2.3979400086720375
3475,diffus,5,5,2.3010299956639813
3476,dilat,5,4,2.3979400086720375
3477,distanc,5,3,2.5228787452803374
3478,dmadd,5,1,3.0
3479,dopamin,5,4,2.3979400086720375
3480,effector,5,5,2.3010299956639813
3481,ela-lys12,5,1,3.0
3482,element,5,5,2.3010299956639813
3483,elong,5,1,3.0
3484,ema,5,4,2.3979400086720375
3485,embed,5,5,2.3010299956639813
3486,empir,5,4,2.3979400086720375
3487,entiti,5,5,2.3010299956639813
3488,entri,5,4,2.3979400086720375
3489,eoss,5,1,3.0
3490,epicardi,5,4,2.3979400086720375
3491,epilepsi,5,1,3.0
3492,etiolog,5,5,2.3010299956639813
3493,evidenc,5,5,2.3010299956639813
3494,evt,5,1,3.0
3495,export,5,3,2.5228787452803374
3496,extrapol,5,4,2.3979400086720375
3497,f2-f3,5,4,2.3979400086720375
3498,far,5,5,2.3010299956639813
3499,faster,5,3,2.5228787452803374
3500,fentanyl,5,1,3.0
3501,fetal,5,3,2.5228787452803374
3502,fev1,5,1,3.0
3503,financi,5,5,2.3010299956639813
3504,finger,5,2,2.6989700043360187
3505,fixed-effects,5,5,2.3010299956639813
3506,fm,5,2,2.6989700043360187
3507,follicl,5,2,2.6989700043360187
3508,food-related,5,3,2.5228787452803374
3509,frail,5,3,2.5228787452803374
3510,frontier,5,4,2.3979400086720375
3511,funnel,5,4,2.3979400086720375
3512,gallston,5,3,2.5228787452803374
3513,gamma,5,4,2.3979400086720375
3514,genit,5,5,2.3010299956639813
3515,genome-wide,5,4,2.3979400086720375
3516,gk,5,2,2.6989700043360187
3517,glp-1rs,5,4,2.3979400086720375
3518,glycolyt,5,2,2.6989700043360187
3519,glycosid,5,4,2.3979400086720375
3520,go,5,4,2.3979400086720375
3521,gonad,5,2,2.6989700043360187
3522,granul,5,2,2.6989700043360187
3523,great,5,5,2.3010299956639813
3524,ground,5,4,2.3979400086720375
3525,gynecologist,5,2,2.6989700043360187
3526,hard,5,5,2.3010299956639813
3527,harmonis,5,5,2.3010299956639813
3528,hb8,5,1,3.0
3529,hblt,5,1,3.0
3530,healthier,5,3,2.5228787452803374
3531,heavi,5,3,2.5228787452803374
3532,heighten,5,5,2.3010299956639813
3533,hematolog,5,3,2.5228787452803374
3534,hemorrhag,5,4,2.3979400086720375
3535,hepatotox,5,2,2.6989700043360187
3536,hfd-fed,5,2,2.6989700043360187
3537,hg,5,4,2.3979400086720375
3538,hgp,5,1,3.0
3539,histopatholog,5,5,2.3010299956639813
3540,home,5,2,2.6989700043360187
3541,horizon,5,5,2.3010299956639813
3542,hsp,5,1,3.0
3543,hybrid,5,5,2.3010299956639813
3544,hypersensit,5,3,2.5228787452803374
3545,id,5,3,2.5228787452803374
3546,idegasp,5,1,3.0
3547,ifn-γ,5,2,2.6989700043360187
3548,iglarreduc,5,1,3.0
3549,imm,5,1,3.0
3550,immedi,5,4,2.3979400086720375
3551,immunolog,5,4,2.3979400086720375
3552,immunosuppress,5,5,2.3010299956639813
3553,inappropri,5,2,2.6989700043360187
3554,incretin-related,5,5,2.3010299956639813
3555,individualis,5,5,2.3010299956639813
3556,inequ,5,5,2.3010299956639813
3557,infiltr,5,4,2.3979400086720375
3558,insecur,5,2,2.6989700043360187
3559,instead,5,5,2.3010299956639813
3560,insulin-deficient,5,2,2.6989700043360187
3561,interfac,5,4,2.3979400086720375
3562,interleukin,5,3,2.5228787452803374
3563,interrog,5,5,2.3010299956639813
3564,intraop,5,2,2.6989700043360187
3565,ip,5,2,2.6989700043360187
3566,irisin,5,2,2.6989700043360187
3567,irrevers,5,4,2.3979400086720375
3568,iu,5,4,2.3979400086720375
3569,kansa,5,5,2.3010299956639813
3570,kidneyintelx,5,1,3.0
3571,kinet,5,4,2.3979400086720375
3572,kpdm,5,1,3.0
3573,latest,5,5,2.3010299956639813
3574,leader,5,5,2.3010299956639813
3575,libitum,5,4,2.3979400086720375
3576,life-threatening,5,5,2.3010299956639813
3577,lifelong,5,5,2.3010299956639813
3578,linkag,5,5,2.3010299956639813
3579,lor,5,1,3.0
3580,low-protein,5,1,3.0
3581,lumin,5,4,2.3979400086720375
3582,lv,5,2,2.6989700043360187
3583,machin,5,4,2.3979400086720375
3584,mainland,5,3,2.5228787452803374
3585,mam,5,1,3.0
3586,mammalian,5,4,2.3979400086720375
3587,manipul,5,5,2.3010299956639813
3588,manual,5,5,2.3010299956639813
3589,massiliensi,5,1,3.0
3590,mcf,5,1,3.0
3591,mci,5,3,2.5228787452803374
3592,meaningfulli,5,4,2.3979400086720375
3593,medium,5,5,2.3010299956639813
3594,melanocortin-4,5,2,2.6989700043360187
3595,membership,5,3,2.5228787452803374
3596,mere,5,5,2.3010299956639813
3597,metabolic-bariatric,5,1,3.0
3598,midazolam,5,2,2.6989700043360187
3599,misinform,5,4,2.3979400086720375
3600,mitochondria,5,4,2.3979400086720375
3601,mixed-meal,5,5,2.3010299956639813
3602,moderate-to-severe,5,3,2.5228787452803374
3603,modi,5,1,3.0
3604,monograph,5,2,2.6989700043360187
3605,monophosph,5,5,2.3010299956639813
3606,motor,5,4,2.3979400086720375
3607,mri,5,4,2.3979400086720375
3608,mtdna,5,4,2.3979400086720375
3609,mucoadhes,5,2,2.6989700043360187
3610,muct,5,1,3.0
3611,multi-level,5,2,2.6989700043360187
3612,multi-receptor,5,5,2.3010299956639813
3613,multiom,5,3,2.5228787452803374
3614,nasal,5,1,3.0
3615,nativ,5,3,2.5228787452803374
3616,necessarili,5,5,2.3010299956639813
3617,nen,5,1,3.0
3618,neovascular,5,4,2.3979400086720375
3619,neuroplast,5,3,2.5228787452803374
3620,never,5,4,2.3979400086720375
3621,newcastle-ottawa,5,5,2.3010299956639813
3622,nh,5,3,2.5228787452803374
3623,nicotin,5,3,2.5228787452803374
3624,nod-like,5,4,2.3979400086720375
3625,non-glp-1ra,5,5,2.3010299956639813
3626,non-glp-1ras,5,3,2.5228787452803374
3627,non-inferiority,5,3,2.5228787452803374
3628,non-obese,5,3,2.5228787452803374
3629,north,5,5,2.3010299956639813
3630,nuclei,5,2,2.6989700043360187
3631,nud,5,1,3.0
3632,nutraceut,5,3,2.5228787452803374
3633,oao,5,1,3.0
3634,oatp1b,5,1,3.0
3635,obstetr,5,3,2.5228787452803374
3636,obstetrician-gynecologists,5,2,2.6989700043360187
3637,ojp,5,1,3.0
3638,on-treatment,5,4,2.3979400086720375
3639,one-to-one,5,5,2.3010299956639813
3640,org,5,5,2.3010299956639813
3641,orlistat,5,5,2.3010299956639813
3642,orofaci,5,1,3.0
3643,orthopaed,5,3,2.5228787452803374
3644,osteolysi,5,1,3.0
3645,osteoporot,5,2,2.6989700043360187
3646,overt,5,4,2.3979400086720375
3647,ox,5,1,3.0
3648,oxycodon,5,1,3.0
3649,p1np,5,2,2.6989700043360187
3650,pap,5,2,2.6989700043360187
3651,parallel-group,5,5,2.3010299956639813
3652,pasteur,5,1,3.0
3653,patient-centered,5,5,2.3010299956639813
3654,patient-level,5,4,2.3979400086720375
3655,pci,5,2,2.6989700043360187
3656,peptide-based,5,5,2.3010299956639813
3657,peri-operative,5,2,2.6989700043360187
3658,permut,5,3,2.5228787452803374
3659,photo,5,1,3.0
3660,plant,5,5,2.3010299956639813
3661,plateau,5,5,2.3010299956639813
3662,player,5,4,2.3979400086720375
3663,plot,5,4,2.3979400086720375
3664,po,5,1,3.0
3665,podocyt,5,1,3.0
3666,post-mbs,5,2,2.6989700043360187
3667,post-treatment,5,5,2.3010299956639813
3668,postmarket,5,3,2.5228787452803374
3669,postvir,5,1,3.0
3670,pound,5,3,2.5228787452803374
3671,ppg,5,2,2.6989700043360187
3672,pr-a,5,1,3.0
3673,pre-clinical,5,4,2.3979400086720375
3674,pre-surgical,5,2,2.6989700043360187
3675,predefin,5,5,2.3010299956639813
3676,predispos,5,5,2.3010299956639813
3677,proactiv,5,5,2.3010299956639813
3678,propensity-matched,5,5,2.3010299956639813
3679,proxim,5,5,2.3010299956639813
3680,ps,5,5,2.3010299956639813
3681,psoriat,5,3,2.5228787452803374
3682,psud,5,1,3.0
3683,pyruv,5,4,2.3979400086720375
3684,quality-of-life,5,4,2.3979400086720375
3685,ra-based,5,4,2.3979400086720375
3686,racial,5,4,2.3979400086720375
3687,radic,5,3,2.5228787452803374
3688,readout,5,5,2.3010299956639813
3689,real-time,5,5,2.3010299956639813
3690,reconstruct,5,4,2.3979400086720375
3691,redefin,5,5,2.3010299956639813
3692,referenc,5,4,2.3979400086720375
3693,refractori,5,4,2.3979400086720375
3694,renew,5,5,2.3010299956639813
3695,resorpt,5,3,2.5228787452803374
3696,restraint,5,2,2.6989700043360187
3697,return,5,5,2.3010299956639813
3698,reward-related,5,4,2.3979400086720375
3699,root,5,4,2.3979400086720375
3700,rp,5,1,3.0
3701,rule,5,5,2.3010299956639813
3702,sag,5,2,2.6989700043360187
3703,sasp,5,3,2.5228787452803374
3704,scan,5,2,2.6989700043360187
3705,se,5,5,2.3010299956639813
3706,section,5,5,2.3010299956639813
3707,self-injury,5,1,3.0
3708,semen,5,2,2.6989700043360187
3709,senescence-associated,5,5,2.3010299956639813
3710,sick,5,2,2.6989700043360187
3711,slightli,5,4,2.3979400086720375
3712,slope,5,4,2.3979400086720375
3713,space,5,4,2.3979400086720375
3714,spanish,5,4,2.3979400086720375
3715,spc,5,1,3.0
3716,specialist,5,5,2.3010299956639813
3717,sphinganin,5,1,3.0
3718,ssd,5,1,3.0
3719,st26-pf-f1,5,1,3.0
3720,strateg,5,4,2.3979400086720375
3721,streptozotocin-induced,5,1,3.0
3722,sucros,5,3,2.5228787452803374
3723,surmount-1,5,3,2.5228787452803374
3724,survodutide's,5,1,3.0
3725,sweet,5,4,2.3979400086720375
3726,synapt,5,5,2.3010299956639813
3727,t-tests,5,5,2.3010299956639813
3728,tend,5,3,2.5228787452803374
3729,tern-601,5,1,3.0
3730,therapeutic-dose,5,2,2.6989700043360187
3731,thymol,5,1,3.0
3732,tia,5,1,3.0
3733,tier,5,5,2.3010299956639813
3734,trabecular,5,2,2.6989700043360187
3735,trace,5,4,2.3979400086720375
3736,triple-therapy,5,1,3.0
3737,tuberculosi,5,2,2.6989700043360187
3738,two-sample,5,5,2.3010299956639813
3739,two-step,5,4,2.3979400086720375
3740,type-2,5,4,2.3979400086720375
3741,underestim,5,5,2.3010299956639813
3742,unexplor,5,5,2.3010299956639813
3743,unfold,5,4,2.3979400086720375
3744,v,5,5,2.3010299956639813
3745,vaccin,5,2,2.6989700043360187
3746,vehicl,5,4,2.3979400086720375
3747,viciou,5,5,2.3010299956639813
3748,vso,5,1,3.0
3749,wait,5,3,2.5228787452803374
3750,wegovi,5,5,2.3010299956639813
3751,weight-lowering,5,4,2.3979400086720375
3752,well-being,5,4,2.3979400086720375
3753,whole-body,5,4,2.3979400086720375
3754,wild-type,5,5,2.3010299956639813
3755,willingness-to-pay,5,4,2.3979400086720375
3756,within-group,5,3,2.5228787452803374
3757,workshop,5,3,2.5228787452803374
3758,wt,5,2,2.6989700043360187
3759,x,5,4,2.3979400086720375
3760,york,5,5,2.3010299956639813
3761,zero,5,5,2.3010299956639813
3762,zfp423,5,1,3.0
3763,γglupal,5,1,3.0
3764,δbfm,5,1,3.0
3765,0.0,4,4,2.3979400086720375
3766,0.013,4,4,2.3979400086720375
3767,0.015,4,4,2.3979400086720375
3768,0.017,4,4,2.3979400086720375
3769,0.024,4,4,2.3979400086720375
3770,0.044,4,2,2.6989700043360187
3771,0.311,4,2,2.6989700043360187
3772,0.514,4,4,2.3979400086720375
3773,00,4,3,2.5228787452803374
3774,004,4,4,2.3979400086720375
3775,1.13,4,4,2.3979400086720375
3776,1.20,4,3,2.5228787452803374
3777,1.34,4,4,2.3979400086720375
3778,1.44,4,4,2.3979400086720375
3779,1.47,4,4,2.3979400086720375
3780,1.49,4,4,2.3979400086720375
3781,1.51,4,3,2.5228787452803374
3782,1.54,4,4,2.3979400086720375
3783,1.59,4,4,2.3979400086720375
3784,1.62,4,4,2.3979400086720375
3785,1.64,4,4,2.3979400086720375
3786,1.67,4,4,2.3979400086720375
3787,1.68,4,3,2.5228787452803374
3788,1.76,4,4,2.3979400086720375
3789,1.80,4,4,2.3979400086720375
3790,1.83,4,4,2.3979400086720375
3791,1.85,4,3,2.5228787452803374
3792,1.88,4,4,2.3979400086720375
3793,1.97,4,4,2.3979400086720375
3794,10.9,4,4,2.3979400086720375
3795,101,4,4,2.3979400086720375
3796,11.3,4,4,2.3979400086720375
3797,115,4,4,2.3979400086720375
3798,12.6,4,4,2.3979400086720375
3799,122,4,3,2.5228787452803374
3800,13.0,4,4,2.3979400086720375
3801,13.9,4,4,2.3979400086720375
3802,139,4,4,2.3979400086720375
3803,14.0,4,3,2.5228787452803374
3804,14.8,4,4,2.3979400086720375
3805,141,4,4,2.3979400086720375
3806,145,4,4,2.3979400086720375
3807,15.5,4,4,2.3979400086720375
3808,150,4,3,2.5228787452803374
3809,155,4,3,2.5228787452803374
3810,16.3,4,4,2.3979400086720375
3811,16.5,4,4,2.3979400086720375
3812,16.8,4,4,2.3979400086720375
3813,161,4,3,2.5228787452803374
3814,169,4,4,2.3979400086720375
3815,184,4,2,2.6989700043360187
3816,185,4,4,2.3979400086720375
3817,195,4,2,2.6989700043360187
3818,198,4,3,2.5228787452803374
3819,199,4,4,2.3979400086720375
3820,2-hydroxybenzoyl,4,4,2.3979400086720375
3821,2-years,4,1,3.0
3822,2.02,4,4,2.3979400086720375
3823,2.05,4,4,2.3979400086720375
3824,2.06,4,4,2.3979400086720375
3825,2.34,4,4,2.3979400086720375
3826,2.45,4,4,2.3979400086720375
3827,2.76,4,4,2.3979400086720375
3828,2.81,4,4,2.3979400086720375
3829,20.7,4,4,2.3979400086720375
3830,2000,4,4,2.3979400086720375
3831,2012,4,4,2.3979400086720375
3832,209,4,4,2.3979400086720375
3833,213,4,4,2.3979400086720375
3834,216,4,4,2.3979400086720375
3835,23.6,4,4,2.3979400086720375
3836,243,4,4,2.3979400086720375
3837,250,4,4,2.3979400086720375
3838,256,4,4,2.3979400086720375
3839,260,4,4,2.3979400086720375
3840,27.0,4,4,2.3979400086720375
3841,292,4,4,2.3979400086720375
3842,2b,4,3,2.5228787452803374
3843,3.3,4,3,2.5228787452803374
3844,3.83,4,4,2.3979400086720375
3845,3.85,4,4,2.3979400086720375
3846,3.98,4,4,2.3979400086720375
3847,310,4,4,2.3979400086720375
3848,319,4,2,2.6989700043360187
3849,325,4,1,3.0
3850,35.2,4,3,2.5228787452803374
3851,35.7,4,4,2.3979400086720375
3852,39.1,4,4,2.3979400086720375
3853,4-point,4,2,2.6989700043360187
3854,4.6,4,4,2.3979400086720375
3855,400,4,1,3.0
3856,423,4,4,2.3979400086720375
3857,44.0,4,4,2.3979400086720375
3858,580,4,1,3.0
3859,6.4,4,4,2.3979400086720375
3860,6.6,4,4,2.3979400086720375
3861,7.4,4,4,2.3979400086720375
3862,7.9,4,4,2.3979400086720375
3863,786,4,3,2.5228787452803374
3864,8-wk,4,2,2.6989700043360187
3865,8.2,4,4,2.3979400086720375
3866,8.4,4,4,2.3979400086720375
3867,832,4,4,2.3979400086720375
3868,87,4,4,2.3979400086720375
3869,89,4,4,2.3979400086720375
3870,9.1,4,4,2.3979400086720375
3871,9.5,4,4,2.3979400086720375
3872,9.7,4,4,2.3979400086720375
3873,9.9,4,4,2.3979400086720375
3874,accommod,4,4,2.3979400086720375
3875,acet,4,4,2.3979400086720375
3876,adjac,4,4,2.3979400086720375
3877,admit,4,4,2.3979400086720375
3878,advis,4,3,2.5228787452803374
3879,affer,4,2,2.6989700043360187
3880,agenda,4,4,2.3979400086720375
3881,agent-specific,4,4,2.3979400086720375
3882,aggress,4,4,2.3979400086720375
3883,agi,4,2,2.6989700043360187
3884,ago,4,4,2.3979400086720375
3885,aha,4,2,2.6989700043360187
3886,al,4,4,2.3979400086720375
3887,alcohol-associated,4,2,2.6989700043360187
3888,alex,4,1,3.0
3889,america,4,2,2.6989700043360187
3890,amp-activated,4,4,2.3979400086720375
3891,amyloid,4,2,2.6989700043360187
3892,angiographi,4,2,2.6989700043360187
3893,antibodi,4,4,2.3979400086720375
3894,anticanc,4,1,3.0
3895,anticip,4,4,2.3979400086720375
3896,antihyperglycaem,4,2,2.6989700043360187
3897,antihypertens,4,2,2.6989700043360187
3898,antinocicept,4,3,2.5228787452803374
3899,antipsychotic-treated,4,2,2.6989700043360187
3900,appetite-related,4,4,2.3979400086720375
3901,apr,4,1,3.0
3902,armamentarium,4,4,2.3979400086720375
3903,ask,4,4,2.3979400086720375
3904,aso,4,2,2.6989700043360187
3905,assum,4,4,2.3979400086720375
3906,asv,4,1,3.0
3907,asymmetr,4,4,2.3979400086720375
3908,atcc,4,1,3.0
3909,attain,4,4,2.3979400086720375
3910,attain-2,4,1,3.0
3911,attrit,4,4,2.3979400086720375
3912,auc0,4,2,2.6989700043360187
3913,aural,4,2,2.6989700043360187
3914,autonomi,4,4,2.3979400086720375
3915,await,4,4,2.3979400086720375
3916,barrett's,4,1,3.0
3917,basal-bolus,4,4,2.3979400086720375
3918,bd,4,1,3.0
3919,believ,4,4,2.3979400086720375
3920,benign,4,2,2.6989700043360187
3921,benjamini-hochberg,4,4,2.3979400086720375
3922,bibliometr,4,1,3.0
3923,bilater,4,4,2.3979400086720375
3924,bioassai,4,2,2.6989700043360187
3925,biobank,4,3,2.5228787452803374
3926,biopsychosoci,4,2,2.6989700043360187
3927,biweekli,4,1,3.0
3928,block,4,3,2.5228787452803374
3929,bo,4,1,3.0
3930,borderlin,4,3,2.5228787452803374
3931,bound,4,3,2.5228787452803374
3932,box,4,4,2.3979400086720375
3933,brainstem,4,2,2.6989700043360187
3934,broaden,4,4,2.3979400086720375
3935,bs,4,1,3.0
3936,cagrilintid,4,3,2.5228787452803374
3937,cancer-related,4,2,2.6989700043360187
3938,cardio-oncology,4,1,3.0
3939,cargo,4,2,2.6989700043360187
3940,catabol,4,3,2.5228787452803374
3941,causat,4,2,2.6989700043360187
3942,cause-specific,4,4,2.3979400086720375
3943,cd14,4,1,3.0
3944,cerebr,4,4,2.3979400086720375
3945,cgm-derived,4,4,2.3979400086720375
3946,chapter,4,3,2.5228787452803374
3947,charcot,4,1,3.0
3948,chart,4,4,2.3979400086720375
3949,checkpoint,4,3,2.5228787452803374
3950,cholecystokinin,4,4,2.3979400086720375
3951,cholelithiasi,4,3,2.5228787452803374
3952,clearer,4,4,2.3979400086720375
3953,clearli,4,4,2.3979400086720375
3954,clostridia,4,1,3.0
3955,clozapin,4,1,3.0
3956,co,4,3,2.5228787452803374
3957,co-culture,4,4,2.3979400086720375
3958,co-secreted,4,3,2.5228787452803374
3959,co-treatment,4,3,2.5228787452803374
3960,coacerv,4,1,3.0
3961,coach,4,3,2.5228787452803374
3962,coagonist,4,2,2.6989700043360187
3963,coher,4,4,2.3979400086720375
3964,coi,4,1,3.0
3965,com,4,4,2.3979400086720375
3966,comfort,4,3,2.5228787452803374
3967,commit,4,3,2.5228787452803374
3968,committe,4,3,2.5228787452803374
3969,confin,4,4,2.3979400086720375
3970,conjunct,4,3,2.5228787452803374
3971,consolid,4,4,2.3979400086720375
3972,conven,4,4,2.3979400086720375
3973,convert,4,4,2.3979400086720375
3974,coprimari,4,2,2.6989700043360187
3975,cosmet,4,4,2.3979400086720375
3976,cosmo,4,3,2.5228787452803374
3977,counterregulatori,4,3,2.5228787452803374
3978,covid-19,4,2,2.6989700043360187
3979,cp-i,4,1,3.0
3980,creb,4,3,2.5228787452803374
3981,cri,4,1,3.0
3982,ctr,4,1,3.0
3983,ctx,4,2,2.6989700043360187
3984,culmin,4,4,2.3979400086720375
3985,cyclas,4,4,2.3979400086720375
3986,cyp3a4,4,2,2.6989700043360187
3987,cytosol,4,4,2.3979400086720375
3988,danuglipron,4,3,2.5228787452803374
3989,dca,4,1,3.0
3990,dce,4,1,3.0
3991,dcm,4,1,3.0
3992,declamp,4,1,3.0
3993,default,4,4,2.3979400086720375
3994,dehisc,4,4,2.3979400086720375
3995,dens,4,4,2.3979400086720375
3996,dental,4,2,2.6989700043360187
3997,desert,4,1,3.0
3998,destabil,4,4,2.3979400086720375
3999,determinist,4,4,2.3979400086720375
4000,diabetes-related,4,4,2.3979400086720375
4001,diarrhea,4,3,2.5228787452803374
4002,dilemma,4,1,3.0
4003,dili,4,1,3.0
4004,disadvantag,4,4,2.3979400086720375
4005,discectomi,4,4,2.3979400086720375
4006,discrep,4,4,2.3979400086720375
4007,dissect,4,4,2.3979400086720375
4008,dmn,4,1,3.0
4009,domain-containing,4,3,2.5228787452803374
4010,domest,4,3,2.5228787452803374
4011,dose-dependently,4,4,2.3979400086720375
4012,doubl,4,4,2.3979400086720375
4013,downward,4,4,2.3979400086720375
4014,drug-specific,4,4,2.3979400086720375
4015,drug-target,4,4,2.3979400086720375
4016,dtw,4,1,3.0
4017,dual-therapy,4,1,3.0
4018,ductal,4,3,2.5228787452803374
4019,duoden,4,4,2.3979400086720375
4020,dysautonomia,4,1,3.0
4021,ec50,4,3,2.5228787452803374
4022,ecolog,4,4,2.3979400086720375
4023,ecosystem,4,3,2.5228787452803374
4024,edd,4,1,3.0
4025,efflux,4,4,2.3979400086720375
4026,efpeglenatid,4,1,3.0
4027,egr,4,1,3.0
4028,electr,4,3,2.5228787452803374
4029,eli,4,4,2.3979400086720375
4030,encapsul,4,2,2.6989700043360187
4031,encod,4,4,2.3979400086720375
4032,end-diastolic,4,3,2.5228787452803374
4033,endothelin,4,4,2.3979400086720375
4034,energet,4,4,2.3979400086720375
4035,english,4,4,2.3979400086720375
4036,ensembl,4,2,2.6989700043360187
4037,epithelium,4,4,2.3979400086720375
4038,eq-5d-5l,4,2,2.6989700043360187
4039,equiti,4,4,2.3979400086720375
4040,eqw,4,1,3.0
4041,erythritol,4,1,3.0
4042,ester,4,2,2.6989700043360187
4043,et,4,4,2.3979400086720375
4044,eta,4,1,3.0
4045,etr,4,1,3.0
4046,eventu,4,4,2.3979400086720375
4047,exce,4,4,2.3979400086720375
4048,exercise-induced,4,3,2.5228787452803374
4049,exit,4,1,3.0
4050,exscel,4,2,2.6989700043360187
4051,extensor,4,1,3.0
4052,fear,4,4,2.3979400086720375
4053,feedback,4,4,2.3979400086720375
4054,ferritin,4,2,2.6989700043360187
4055,ferroptosis-related,4,2,2.6989700043360187
4056,fibrillari,4,3,2.5228787452803374
4057,fibroscan,4,2,2.6989700043360187
4058,fibrosis-4,4,4,2.3979400086720375
4059,file,4,4,2.3979400086720375
4060,fit,4,4,2.3979400086720375
4061,fix,4,4,2.3979400086720375
4062,fluoresc,4,4,2.3979400086720375
4063,g-protein-coupled,4,4,2.3979400086720375
4064,g168s,4,1,3.0
4065,gastroenterolog,4,2,2.6989700043360187
4066,gc,4,3,2.5228787452803374
4067,gender,4,4,2.3979400086720375
4068,genotyp,4,4,2.3979400086720375
4069,give,4,4,2.3979400086720375
4070,glipizid,4,2,2.6989700043360187
4071,glp-1-fc,4,2,2.6989700043360187
4072,glp-1-related,4,2,2.6989700043360187
4073,glp-1ra-associated,4,4,2.3979400086720375
4074,glutam,4,2,2.6989700043360187
4075,glycolipid,4,2,2.6989700043360187
4076,gm,4,3,2.5228787452803374
4077,gonadotropin,4,4,2.3979400086720375
4078,gpcr,4,2,2.6989700043360187
4079,gpcrvp,4,1,3.0
4080,gpx4,4,4,2.3979400086720375
4081,guarante,4,3,2.5228787452803374
4082,guideline-directed,4,3,2.5228787452803374
4083,guideline-recommended,4,3,2.5228787452803374
4084,gut-derived,4,4,2.3979400086720375
4085,gut-lung,4,1,3.0
4086,had,4,1,3.0
4087,handgrip,4,2,2.6989700043360187
4088,harmon,4,4,2.3979400086720375
4089,hcp,4,1,3.0
4090,hdl,4,4,2.3979400086720375
4091,hdm1002,4,1,3.0
4092,health-related,4,3,2.5228787452803374
4093,healthspan,4,2,2.6989700043360187
4094,heart-kidney,4,1,3.0
4095,hen,4,1,3.0
4096,hepatocyt,4,4,2.3979400086720375
4097,hepatolog,4,3,2.5228787452803374
4098,hepg2,4,3,2.5228787452803374
4099,heterozyg,4,4,2.3979400086720375
4100,high-density,4,4,2.3979400086720375
4101,high-upf,4,1,3.0
4102,hippocampu,4,4,2.3979400086720375
4103,hpc,4,1,3.0
4104,hygien,4,1,3.0
4105,hyperinsulinemia,4,3,2.5228787452803374
4106,hyperlipidemia,4,4,2.3979400086720375
4107,hypertriglyceridemia,4,4,2.3979400086720375
4108,hypertrophi,4,4,2.3979400086720375
4109,hypogloss,4,3,2.5228787452803374
4110,hypothalamic-pituitary-adrenal,4,4,2.3979400086720375
4111,hypothalamu,4,3,2.5228787452803374
4112,iauc,4,3,2.5228787452803374
4113,ideal,4,4,2.3979400086720375
4114,iglar,4,2,2.6989700043360187
4115,iglartitr,4,1,3.0
4116,il1b,4,2,2.6989700043360187
4117,immort,4,4,2.3979400086720375
4118,immune-mediated,4,4,2.3979400086720375
4119,immune-metabolic,4,3,2.5228787452803374
4120,immunohistochemistri,4,4,2.3979400086720375
4121,immunoreact,4,2,2.6989700043360187
4122,impli,4,4,2.3979400086720375
4123,imprecis,4,4,2.3979400086720375
4124,incom,4,2,2.6989700043360187
4125,incub,4,3,2.5228787452803374
4126,inf,4,1,3.0
4127,ingredi,4,3,2.5228787452803374
4128,inotrop,4,2,2.6989700043360187
4129,insulin-like,4,4,2.3979400086720375
4130,intact,4,4,2.3979400086720375
4131,intellig,4,4,2.3979400086720375
4132,intercept,4,4,2.3979400086720375
4133,interdisciplinari,4,4,2.3979400086720375
4134,interleukin-6,4,4,2.3979400086720375
4135,interrel,4,4,2.3979400086720375
4136,intertwin,4,4,2.3979400086720375
4137,intric,4,4,2.3979400086720375
4138,inverse-variance,4,3,2.5228787452803374
4139,invest,4,4,2.3979400086720375
4140,ipfd,4,1,3.0
4141,justic,4,4,2.3979400086720375
4142,k,4,3,2.5228787452803374
4143,kccq,4,3,2.5228787452803374
4144,kd,4,2,2.6989700043360187
4145,ketosi,4,3,2.5228787452803374
4146,kidney-protective,4,3,2.5228787452803374
4147,krt,4,1,3.0
4148,latter,4,4,2.3979400086720375
4149,lca,4,1,3.0
4150,leaf,4,2,2.6989700043360187
4151,levodopa,4,2,2.6989700043360187
4152,lie,4,4,2.3979400086720375
4153,light,4,4,2.3979400086720375
4154,likewis,4,4,2.3979400086720375
4155,lilli,4,4,2.3979400086720375
4156,lineag,4,3,2.5228787452803374
4157,lipas,4,4,2.3979400086720375
4158,lira,4,1,3.0
4159,lispro,4,1,3.0
4160,lizard,4,1,3.0
4161,lo,4,2,2.6989700043360187
4162,lobe,4,2,2.6989700043360187
4163,loci,4,2,2.6989700043360187
4164,log-rank,4,3,2.5228787452803374
4165,long-chain,4,4,2.3979400086720375
4166,low-carbohydrate,4,1,3.0
4167,lps-induced,4,3,2.5228787452803374
4168,lsg,4,2,2.6989700043360187
4169,lsm,4,1,3.0
4170,lymphoma,4,1,3.0
4171,lys1972,4,1,3.0
4172,m6a,4,1,3.0
4173,ma,4,1,3.0
4174,margin,4,4,2.3979400086720375
4175,marrow,4,4,2.3979400086720375
4176,matern,4,2,2.6989700043360187
4177,maze,4,2,2.6989700043360187
4178,mcp-1,4,2,2.6989700043360187
4179,meanwhil,4,4,2.3979400086720375
4180,medullari,4,4,2.3979400086720375
4181,mesolimb,4,4,2.3979400086720375
4182,messeng,4,3,2.5228787452803374
4183,meter,4,4,2.3979400086720375
4184,microbiota-bile,4,2,2.6989700043360187
4185,microdos,4,1,3.0
4186,militari,4,2,2.6989700043360187
4187,mimet,4,3,2.5228787452803374
4188,minimum,4,4,2.3979400086720375
4189,mixtur,4,3,2.5228787452803374
4190,mmp,4,1,3.0
4191,mo,4,2,2.6989700043360187
4192,model-based,4,3,2.5228787452803374
4193,moment,4,3,2.5228787452803374
4194,mono,4,4,2.3979400086720375
4195,morri,4,2,2.6989700043360187
4196,mount,4,4,2.3979400086720375
4197,mouth,4,3,2.5228787452803374
4198,mrt,4,1,3.0
4199,mstn,4,2,2.6989700043360187
4200,mtorc1,4,2,2.6989700043360187
4201,mucu,4,2,2.6989700043360187
4202,mulberri,4,2,2.6989700043360187
4203,multin,4,4,2.3979400086720375
4204,multisystem,4,4,2.3979400086720375
4205,muscle-related,4,2,2.6989700043360187
4206,muscle-to-fat,4,2,2.6989700043360187
4207,myotub,4,3,2.5228787452803374
4208,n-acetylcysteine,4,3,2.5228787452803374
4209,n-terminal,4,4,2.3979400086720375
4210,naranjo,4,4,2.3979400086720375
4211,nci-h716,4,4,2.3979400086720375
4212,near,4,4,2.3979400086720375
4213,nephropathi,4,4,2.3979400086720375
4214,nephroprotect,4,4,2.3979400086720375
4215,neuroarthropathi,4,1,3.0
4216,neurobiolog,4,4,2.3979400086720375
4217,neurod1,4,1,3.0
4218,nmr,4,3,2.5228787452803374
4219,node,4,4,2.3979400086720375
4220,nodul,4,4,2.3979400086720375
4221,nomin,4,3,2.5228787452803374
4222,non-cgm,4,1,3.0
4223,non-randomized,4,4,2.3979400086720375
4224,nonetheless,4,4,2.3979400086720375
4225,noninsulin,4,3,2.5228787452803374
4226,nonlinear,4,3,2.5228787452803374
4227,nonobes,4,2,2.6989700043360187
4228,nonscar,4,1,3.0
4229,npy,4,3,2.5228787452803374
4230,npy4,4,1,3.0
4231,nyha,4,3,2.5228787452803374
4232,oblig,4,3,2.5228787452803374
4233,oedema,4,2,2.6989700043360187
4234,oesophagu,4,1,3.0
4235,offset,4,2,2.6989700043360187
4236,old,4,4,2.3979400086720375
4237,operation,4,4,2.3979400086720375
4238,oppos,4,4,2.3979400086720375
4239,or,4,4,2.3979400086720375
4240,orchestr,4,4,2.3979400086720375
4241,organel,4,2,2.6989700043360187
4242,organoid,4,3,2.5228787452803374
4243,osteogen,4,4,2.3979400086720375
4244,ovul,4,3,2.5228787452803374
4245,oxpho,4,2,2.6989700043360187
4246,p65,4,2,2.6989700043360187
4247,pa,4,1,3.0
4248,pace,4,2,2.6989700043360187
4249,packag,4,4,2.3979400086720375
4250,padj,4,1,3.0
4251,parent,4,4,2.3979400086720375
4252,passiv,4,3,2.5228787452803374
4253,patern,4,3,2.5228787452803374
4254,patul,4,3,2.5228787452803374
4255,peer,4,3,2.5228787452803374
4256,pentosu,4,1,3.0
4257,periconcept,4,1,3.0
4258,personalis,4,3,2.5228787452803374
4259,pf,4,2,2.6989700043360187
4260,pgc-1α,4,2,2.6989700043360187
4261,pharmacist,4,2,2.6989700043360187
4262,pharmacogenom,4,3,2.5228787452803374
4263,phenotype-driven,4,4,2.3979400086720375
4264,phenotype-guided,4,3,2.5228787452803374
4265,pillar,4,4,2.3979400086720375
4266,pilot,4,4,2.3979400086720375
4267,piog,4,1,3.0
4268,plant-based,4,4,2.3979400086720375
4269,plasminogen,4,3,2.5228787452803374
4270,plumeria,4,1,3.0
4271,portal,4,3,2.5228787452803374
4272,post-hoc,4,3,2.5228787452803374
4273,post-translational,4,4,2.3979400086720375
4274,post-transplant,4,3,2.5228787452803374
4275,postbariatr,4,4,2.3979400086720375
4276,postcess,4,2,2.6989700043360187
4277,posterior,4,3,2.5228787452803374
4278,prerequisit,4,3,2.5228787452803374
4279,pretreat,4,4,2.3979400086720375
4280,primary-study,4,1,3.0
4281,primary-suspect,4,2,2.6989700043360187
4282,pro,4,4,2.3979400086720375
4283,profoundli,4,4,2.3979400086720375
4284,propag,4,4,2.3979400086720375
4285,propensity-score-matched,4,3,2.5228787452803374
4286,propion,4,4,2.3979400086720375
4287,proteas,4,1,3.0
4288,protein-coupled,4,4,2.3979400086720375
4289,proteolyt,4,3,2.5228787452803374
4290,proteostasi,4,4,2.3979400086720375
4291,pt-simd,4,1,3.0
4292,puberti,4,3,2.5228787452803374
4293,pullei,4,1,3.0
4294,pure,4,4,2.3979400086720375
4295,qd,4,1,3.0
4296,quarterli,4,3,2.5228787452803374
4297,quinidin,4,1,3.0
4298,random-effect,4,4,2.3979400086720375
4299,rcr,4,1,3.0
4300,re-rupture,4,1,3.0
4301,readi,4,4,2.3979400086720375
4302,readili,4,4,2.3979400086720375
4303,recapitul,4,4,2.3979400086720375
4304,receptor-level,4,3,2.5228787452803374
4305,reclassif,4,2,2.6989700043360187
4306,recur,4,3,2.5228787452803374
4307,refeed,4,1,3.0
4308,reject,4,3,2.5228787452803374
4309,remov,4,4,2.3979400086720375
4310,repetit,4,2,2.6989700043360187
4311,represent,4,3,2.5228787452803374
4312,retear,4,2,2.6989700043360187
4313,rhi,4,1,3.0
4314,riiβ-knockout,4,1,3.0
4315,risk-benefit,4,4,2.3979400086720375
4316,risk-factor,4,3,2.5228787452803374
4317,risk-of-bias,4,3,2.5228787452803374
4318,rn,4,2,2.6989700043360187
4319,ro,4,4,2.3979400086720375
4320,rorr,4,1,3.0
4321,rubra,4,1,3.0
4322,run-in,4,3,2.5228787452803374
4323,salivariu,4,1,3.0
4324,satur,4,3,2.5228787452803374
4325,scarc,4,4,2.3979400086720375
4326,sciencedirect,4,4,2.3979400086720375
4327,sdb,4,1,3.0
4328,secretin,4,1,3.0
4329,sedd,4,1,3.0
4330,self-controlled,4,2,2.6989700043360187
4331,semaglutide's,4,4,2.3979400086720375
4332,semaglutide-induced,4,4,2.3979400086720375
4333,semaglutide-treated,4,3,2.5228787452803374
4334,ser2448,4,1,3.0
4335,setmelanotid,4,2,2.6989700043360187
4336,sex-dependent,4,2,2.6989700043360187
4337,sexual-function,4,2,2.6989700043360187
4338,sf-1,4,1,3.0
4339,sga,4,1,3.0
4340,shed,4,4,2.3979400086720375
4341,short-acting,4,4,2.3979400086720375
4342,shorten,4,4,2.3979400086720375
4343,shr,4,1,3.0
4344,simplif,4,1,3.0
4345,simvastatin,4,1,3.0
4346,single-arm,4,4,2.3979400086720375
4347,situat,4,3,2.5228787452803374
4348,sixteen,4,4,2.3979400086720375
4349,sleep-disordered,4,2,2.6989700043360187
4350,sleep-related,4,3,2.5228787452803374
4351,sln,4,2,2.6989700043360187
4352,sm-2,4,1,3.0
4353,smbg,4,2,2.6989700043360187
4354,snac,4,4,2.3979400086720375
4355,snp,4,2,2.6989700043360187
4356,soc,4,1,3.0
4357,soft-tissue,4,1,3.0
4358,somatostatin,4,3,2.5228787452803374
4359,specifi,4,4,2.3979400086720375
4360,spectroscop,4,4,2.3979400086720375
4361,spike,4,3,2.5228787452803374
4362,spp,4,3,2.5228787452803374
4363,sprague-dawley,4,4,2.3979400086720375
4364,squar,4,4,2.3979400086720375
4365,sstr3,4,1,3.0
4366,st25,4,1,3.0
4367,staff,4,4,2.3979400086720375
4368,stat3,4,1,3.0
4369,state-dependent,4,3,2.5228787452803374
4370,static,4,3,2.5228787452803374
4371,stomach,4,4,2.3979400086720375
4372,stress-induced,4,2,2.6989700043360187
4373,strict,4,4,2.3979400086720375
4374,stromal,4,3,2.5228787452803374
4375,structure-activity,4,4,2.3979400086720375
4376,struggl,4,3,2.5228787452803374
4377,study-defined,4,1,3.0
4378,study-specific,4,3,2.5228787452803374
4379,subpopul,4,4,2.3979400086720375
4380,sweeten,4,2,2.6989700043360187
4381,swell,4,4,2.3979400086720375
4382,symmetr,4,3,2.5228787452803374
4383,sympathet,4,4,2.3979400086720375
4384,tachycardia,4,2,2.6989700043360187
4385,tamoxifen,4,2,2.6989700043360187
4386,tension,4,3,2.5228787452803374
4387,tetrahydrocurcumin,4,1,3.0
4388,thick,4,3,2.5228787452803374
4389,thin,4,2,2.6989700043360187
4390,time-to-onset,4,3,2.5228787452803374
4391,tobacco,4,4,2.3979400086720375
4392,tomographi,4,4,2.3979400086720375
4393,tradition,4,4,2.3979400086720375
4394,transmiss,4,4,2.3979400086720375
4395,traumat,4,2,2.6989700043360187
4396,treatment-resistant,4,3,2.5228787452803374
4397,tree-based,4,1,3.0
4398,treg,4,1,3.0
4399,triag,4,3,2.5228787452803374
4400,true,4,4,2.3979400086720375
4401,turn,4,4,2.3979400086720375
4402,twenti,4,4,2.3979400086720375
4403,twenty-three,4,4,2.3979400086720375
4404,ug,4,1,3.0
4405,uln,4,1,3.0
4406,under-recognized,4,4,2.3979400086720375
4407,underappreci,4,4,2.3979400086720375
4408,underserv,4,3,2.5228787452803374
4409,undescrib,4,2,2.6989700043360187
4410,unhealthi,4,4,2.3979400086720375
4411,unimolecular,4,4,2.3979400086720375
4412,unload,4,2,2.6989700043360187
4413,unpreced,4,4,2.3979400086720375
4414,urem,4,4,2.3979400086720375
4415,usag,4,2,2.6989700043360187
4416,v20,4,1,3.0
4417,va,4,3,2.5228787452803374
4418,varieti,4,4,2.3979400086720375
4419,vesicl,4,4,2.3979400086720375
4420,vildagliptin,4,1,3.0
4421,visibl,4,4,2.3979400086720375
4422,voluntari,4,4,2.3979400086720375
4423,vrce,4,1,3.0
4424,vv,4,1,3.0
4425,warehous,4,4,2.3979400086720375
4426,weak,4,4,2.3979400086720375
4427,weight-independent,4,4,2.3979400086720375
4428,well-tolerated,4,4,2.3979400086720375
4429,whole,4,3,2.5228787452803374
4430,wnt5a,4,1,3.0
4431,workforc,4,2,2.6989700043360187
4432,wss,4,1,3.0
4433,xa1416,4,1,3.0
4434,zinc,4,4,2.3979400086720375
4435,α-synuclein,4,3,2.5228787452803374
4436,β-catenin,4,3,2.5228787452803374
4437,β-d-fructofuranosyl,4,1,3.0
4438,δ,4,4,2.3979400086720375
4439,δasm,4,1,3.0
4440,0-1,3,3,2.5228787452803374
4441,0.019,3,3,2.5228787452803374
4442,0.027,3,3,2.5228787452803374
4443,0.032,3,3,2.5228787452803374
4444,0.037,3,3,2.5228787452803374
4445,0.039,3,3,2.5228787452803374
4446,0.041,3,3,2.5228787452803374
4447,0.043,3,3,2.5228787452803374
4448,0.210,3,1,3.0
4449,0.211,3,1,3.0
4450,0.310,3,1,3.0
4451,0.702,3,3,2.5228787452803374
4452,025,3,3,2.5228787452803374
4453,038,3,3,2.5228787452803374
4454,052,3,3,2.5228787452803374
4455,065,3,2,2.6989700043360187
4456,07,3,3,2.5228787452803374
4457,071,3,2,2.6989700043360187
4458,1-2,3,3,2.5228787452803374
4459,1-h,3,1,3.0
4460,1.25,3,3,2.5228787452803374
4461,1.36,3,3,2.5228787452803374
4462,1.48,3,3,2.5228787452803374
4463,1.50,3,3,2.5228787452803374
4464,1.61,3,3,2.5228787452803374
4465,1.81,3,3,2.5228787452803374
4466,1.87,3,3,2.5228787452803374
4467,1.94,3,3,2.5228787452803374
4468,10.1,3,3,2.5228787452803374
4469,10.70,3,3,2.5228787452803374
4470,100-200,3,1,3.0
4471,108,3,3,2.5228787452803374
4472,11.0,3,3,2.5228787452803374
4473,11.6,3,3,2.5228787452803374
4474,11.9,3,3,2.5228787452803374
4475,110,3,3,2.5228787452803374
4476,12-mg,3,1,3.0
4477,12.0,3,3,2.5228787452803374
4478,129,3,3,2.5228787452803374
4479,13.1,3,3,2.5228787452803374
4480,13.2,3,3,2.5228787452803374
4481,13.3,3,3,2.5228787452803374
4482,133,3,3,2.5228787452803374
4483,134,3,1,3.0
4484,137,3,3,2.5228787452803374
4485,14.1,3,3,2.5228787452803374
4486,14.2,3,3,2.5228787452803374
4487,14.4,3,3,2.5228787452803374
4488,14.6,3,3,2.5228787452803374
4489,1404-0002,3,1,3.0
4490,1404-0036,3,1,3.0
4491,148,3,3,2.5228787452803374
4492,149,3,3,2.5228787452803374
4493,15.3,3,3,2.5228787452803374
4494,157,3,3,2.5228787452803374
4495,158,3,3,2.5228787452803374
4496,16.1,3,3,2.5228787452803374
4497,16.2,3,3,2.5228787452803374
4498,17.5,3,3,2.5228787452803374
4499,172,3,3,2.5228787452803374
4500,18.9,3,3,2.5228787452803374
4501,19.3,3,3,2.5228787452803374
4502,19.6,3,3,2.5228787452803374
4503,191,3,2,2.6989700043360187
4504,197,3,3,2.5228787452803374
4505,1a,3,2,2.6989700043360187
4506,2-point,3,1,3.0
4507,2.16,3,3,2.5228787452803374
4508,2.17,3,2,2.6989700043360187
4509,2.21,3,3,2.5228787452803374
4510,2.23,3,3,2.5228787452803374
4511,2.33,3,3,2.5228787452803374
4512,2.50,3,3,2.5228787452803374
4513,2.51,3,3,2.5228787452803374
4514,2.64,3,3,2.5228787452803374
4515,2.75,3,3,2.5228787452803374
4516,2.88,3,2,2.6989700043360187
4517,20.0,3,3,2.5228787452803374
4518,20.3,3,3,2.5228787452803374
4519,2018-2024,3,3,2.5228787452803374
4520,2030,3,3,2.5228787452803374
4521,21.7,3,3,2.5228787452803374
4522,21.9,3,3,2.5228787452803374
4523,210,3,2,2.6989700043360187
4524,22.1,3,3,2.5228787452803374
4525,22.7,3,3,2.5228787452803374
4526,22.9,3,3,2.5228787452803374
4527,220,3,3,2.5228787452803374
4528,227,3,3,2.5228787452803374
4529,229,3,3,2.5228787452803374
4530,23.2,3,3,2.5228787452803374
4531,23.4,3,3,2.5228787452803374
4532,23.9,3,3,2.5228787452803374
4533,231,3,3,2.5228787452803374
4534,233,3,3,2.5228787452803374
4535,24-hour,3,3,2.5228787452803374
4536,24-week,3,2,2.6989700043360187
4537,24.8,3,3,2.5228787452803374
4538,24.9,3,3,2.5228787452803374
4539,245,3,3,2.5228787452803374
4540,25.2,3,3,2.5228787452803374
4541,25.8,3,3,2.5228787452803374
4542,26.3,3,3,2.5228787452803374
4543,26.8,3,3,2.5228787452803374
4544,263,3,3,2.5228787452803374
4545,27.1,3,3,2.5228787452803374
4546,270,3,3,2.5228787452803374
4547,273,3,3,2.5228787452803374
4548,28.3,3,3,2.5228787452803374
4549,286,3,3,2.5228787452803374
4550,29.9,3,3,2.5228787452803374
4551,291,3,2,2.6989700043360187
4552,3-5,3,2,2.6989700043360187
4553,3-month,3,3,2.5228787452803374
4554,3.01,3,3,2.5228787452803374
4555,3.43,3,3,2.5228787452803374
4556,322,3,3,2.5228787452803374
4557,33.5,3,3,2.5228787452803374
4558,34.0,3,1,3.0
4559,34.5,3,3,2.5228787452803374
4560,342,3,3,2.5228787452803374
4561,35.1,3,3,2.5228787452803374
4562,35.9,3,3,2.5228787452803374
4563,36-mg,3,1,3.0
4564,39.8,3,3,2.5228787452803374
4565,39.9,3,3,2.5228787452803374
4566,391,3,3,2.5228787452803374
4567,3t3-l1,3,2,2.6989700043360187
4568,4.17,3,3,2.5228787452803374
4569,4.28,3,3,2.5228787452803374
4570,4.4,3,3,2.5228787452803374
4571,4.8,3,3,2.5228787452803374
4572,4.97,3,3,2.5228787452803374
4573,40.6,3,3,2.5228787452803374
4574,411,3,3,2.5228787452803374
4575,42.8,3,3,2.5228787452803374
4576,44.8,3,2,2.6989700043360187
4577,442,3,3,2.5228787452803374
4578,47.1,3,3,2.5228787452803374
4579,48.6,3,3,2.5228787452803374
4580,49.2,3,3,2.5228787452803374
4581,5-hiaa,3,1,3.0
4582,5-point,3,2,2.6989700043360187
4583,5.0,3,3,2.5228787452803374
4584,5.1,3,3,2.5228787452803374
4585,5.2,3,3,2.5228787452803374
4586,5.3,3,3,2.5228787452803374
4587,5.90,3,3,2.5228787452803374
4588,50.6,3,3,2.5228787452803374
4589,52.2,3,3,2.5228787452803374
4590,53.0,3,3,2.5228787452803374
4591,53.7,3,3,2.5228787452803374
4592,544,3,2,2.6989700043360187
4593,546,3,3,2.5228787452803374
4594,572,3,3,2.5228787452803374
4595,589,3,3,2.5228787452803374
4596,6-12,3,2,2.6989700043360187
4597,6.04,3,2,2.6989700043360187
4598,6.33,3,3,2.5228787452803374
4599,60.9,3,3,2.5228787452803374
4600,604,3,3,2.5228787452803374
4601,623,3,3,2.5228787452803374
4602,63.9,3,3,2.5228787452803374
4603,67.2,3,3,2.5228787452803374
4604,672,3,3,2.5228787452803374
4605,68.4,3,2,2.6989700043360187
4606,68.9,3,3,2.5228787452803374
4607,7-day,3,2,2.6989700043360187
4608,71.9,3,3,2.5228787452803374
4609,717,3,3,2.5228787452803374
4610,72.4,3,3,2.5228787452803374
4611,73.3,3,3,2.5228787452803374
4612,74,3,3,2.5228787452803374
4613,78.4,3,3,2.5228787452803374
4614,8.3,3,3,2.5228787452803374
4615,8.6,3,2,2.6989700043360187
4616,80.00,3,2,2.6989700043360187
4617,853,3,3,2.5228787452803374
4618,9.6,3,3,2.5228787452803374
4619,9.72,3,3,2.5228787452803374
4620,90.4,3,3,2.5228787452803374
4621,932,3,3,2.5228787452803374
4622,953,3,3,2.5228787452803374
4623,962,3,2,2.6989700043360187
4624,abstin,3,2,2.6989700043360187
4625,academia,3,3,2.5228787452803374
4626,acarbos,3,3,2.5228787452803374
4627,ach,3,1,3.0
4628,acquisit,3,3,2.5228787452803374
4629,acr,3,2,2.6989700043360187
4630,acromegali,3,1,3.0
4631,acyl-coa,3,3,2.5228787452803374
4632,adenin,3,3,2.5228787452803374
4633,adjud,3,3,2.5228787452803374
4634,admet,3,2,2.6989700043360187
4635,administration-approved,3,3,2.5228787452803374
4636,adpkd,3,1,3.0
4637,adren,3,1,3.0
4638,advent,3,3,2.5228787452803374
4639,advoc,3,3,2.5228787452803374
4640,aetiolog,3,2,2.6989700043360187
4641,age-associated,3,2,2.6989700043360187
4642,agre,3,3,2.5228787452803374
4643,aion,3,1,3.0
4644,akk,3,1,3.0
4645,aldosteron,3,3,2.5228787452803374
4646,alpha-synuclein,3,1,3.0
4647,alphamissens,3,1,3.0
4648,amp,3,2,2.6989700043360187
4649,amplitud,3,3,2.5228787452803374
4650,amplitude-o,3,2,2.6989700043360187
4651,amycretin,3,2,2.6989700043360187
4652,amylin-immunoreactive,3,1,3.0
4653,anabol,3,3,2.5228787452803374
4654,anaemia,3,3,2.5228787452803374
4655,anatom,3,3,2.5228787452803374
4656,anecdot,3,3,2.5228787452803374
4657,anion,3,2,2.6989700043360187
4658,annot,3,2,2.6989700043360187
4659,anthocyanin,3,3,2.5228787452803374
4660,anti-fibrotic,3,3,2.5228787452803374
4661,anti-tb,3,1,3.0
4662,antiarrhythm,3,2,2.6989700043360187
4663,antipsychotic-associated,3,3,2.5228787452803374
4664,antiseizur,3,1,3.0
4665,antithrombot,3,3,2.5228787452803374
4666,ap,3,1,3.0
4667,apelin,3,1,3.0
4668,apglp1r,3,1,3.0
4669,apnea-hypopnea,3,3,2.5228787452803374
4670,apo,3,3,2.5228787452803374
4671,app,3,1,3.0
4672,arous,3,3,2.5228787452803374
4673,arrhythm,3,2,2.6989700043360187
4674,ascit,3,1,3.0
4675,asia's,3,1,3.0
4676,aspart,3,3,2.5228787452803374
4677,asr,3,1,3.0
4678,assembl,3,2,2.6989700043360187
4679,astrocyte-neuron,3,2,2.6989700043360187
4680,asymptomat,3,3,2.5228787452803374
4681,athlet,3,1,3.0
4682,atr,3,1,3.0
4683,atyp,3,3,2.5228787452803374
4684,auc0-t,3,2,2.6989700043360187
4685,australia,3,2,2.6989700043360187
4686,authorit,3,3,2.5228787452803374
4687,autophag,3,3,2.5228787452803374
4688,b-type,3,3,2.5228787452803374
4689,b12,3,3,2.5228787452803374
4690,bacteroid,3,3,2.5228787452803374
4691,bacteroidet,3,3,2.5228787452803374
4692,beat,3,2,2.6989700043360187
4693,bed,3,3,2.5228787452803374
4694,belief,3,3,2.5228787452803374
4695,benefic,3,3,2.5228787452803374
4696,benefit-risk,3,2,2.6989700043360187
4697,beta-cells,3,3,2.5228787452803374
4698,beta-oxidation,3,2,2.6989700043360187
4699,bfi,3,1,3.0
4700,bhe,3,1,3.0
4701,bia-estimated,3,2,2.6989700043360187
4702,bid,3,1,3.0
4703,bifidobacterium,3,3,2.5228787452803374
4704,bifunct,3,1,3.0
4705,bilirubin,3,2,2.6989700043360187
4706,binari,3,3,2.5228787452803374
4707,binomi,3,3,2.5228787452803374
4708,bioequival,3,2,2.6989700043360187
4709,biopsy-confirmed,3,3,2.5228787452803374
4710,biosynthesi,3,3,2.5228787452803374
4711,bitter,3,1,3.0
4712,blm,3,1,3.0
4713,bloat,3,1,3.0
4714,brigg,3,3,2.5228787452803374
4715,brown,3,3,2.5228787452803374
4716,buccal,3,1,3.0
4717,burn,3,1,3.0
4718,c2c12,3,2,2.6989700043360187
4719,calcitonin,3,2,2.6989700043360187
4720,cam,3,1,3.0
4721,came,3,3,2.5228787452803374
4722,cancer-specific,3,3,2.5228787452803374
4723,candidaci,3,2,2.6989700043360187
4724,cannabinoid,3,3,2.5228787452803374
4725,cap,3,2,2.6989700043360187
4726,carbamazepin,3,1,3.0
4727,carbohydrate-last,3,1,3.0
4728,carcinogenesi,3,2,2.6989700043360187
4729,card,3,2,2.6989700043360187
4730,cardio-renal,3,3,2.5228787452803374
4731,cardiomem,3,1,3.0
4732,cardiovascular-related,3,2,2.6989700043360187
4733,carrier,3,3,2.5228787452803374
4734,case-product,3,1,3.0
4735,catechin,3,2,2.6989700043360187
4736,cck,3,3,2.5228787452803374
4737,cd206,3,3,2.5228787452803374
4738,cd25,3,1,3.0
4739,cell-based,3,1,3.0
4740,cerebellum,3,1,3.0
4741,cf,3,1,3.0
4742,cf-1b03,3,1,3.0
4743,cfrd,3,1,3.0
4744,cgas-sting,3,2,2.6989700043360187
4745,chaperon,3,2,2.6989700043360187
4746,chemosensori,3,1,3.0
4747,chick,3,1,3.0
4748,china's,3,3,2.5228787452803374
4749,cho,3,2,2.6989700043360187
4750,cholang,3,2,2.6989700043360187
4751,cholinerg,3,2,2.6989700043360187
4752,chop,3,3,2.5228787452803374
4753,chromatograph,3,3,2.5228787452803374
4754,cinahl,3,3,2.5228787452803374
4755,cite,3,3,2.5228787452803374
4756,citrat,3,3,2.5228787452803374
4757,clarithromycin,3,1,3.0
4758,clariti,3,3,2.5228787452803374
4759,clinically-eligible,3,1,3.0
4760,closer,3,3,2.5228787452803374
4761,clostridium,3,3,2.5228787452803374
4762,cm-1a02,3,1,3.0
4763,cmax,3,2,2.6989700043360187
4764,cny,3,1,3.0
4765,co-agonist,3,3,2.5228787452803374
4766,co-occur,3,3,2.5228787452803374
4767,co-primary,3,3,2.5228787452803374
4768,coadministr,3,2,2.6989700043360187
4769,coe,3,1,3.0
4770,cola,3,1,3.0
4771,cold,3,1,3.0
4772,colic,3,1,3.0
4773,colocalis,3,1,3.0
4774,combat,3,3,2.5228787452803374
4775,component025,3,1,3.0
4776,computer-generated,3,3,2.5228787452803374
4777,con,3,2,2.6989700043360187
4778,concentration-time,3,3,2.5228787452803374
4779,confoc,3,2,2.6989700043360187
4780,confront,3,3,2.5228787452803374
4781,consummatori,3,2,2.6989700043360187
4782,cordycep,3,2,2.6989700043360187
4783,correctli,3,3,2.5228787452803374
4784,counterfeit,3,2,2.6989700043360187
4785,countermeasur,3,2,2.6989700043360187
4786,counterregul,3,1,3.0
4787,cox-2,3,3,2.5228787452803374
4788,creatin,3,1,3.0
4789,cross-disease,3,3,2.5228787452803374
4790,csm,3,1,3.0
4791,cyclophilin,3,1,3.0
4792,cystic,3,3,2.5228787452803374
4793,cytometri,3,3,2.5228787452803374
4794,d3ga,3,1,3.0
4795,dampen,3,3,2.5228787452803374
4796,dd,3,1,3.0
4797,deacetyl,3,2,2.6989700043360187
4798,debilit,3,3,2.5228787452803374
4799,decarboxylase-65,3,1,3.0
4800,decomposit,3,3,2.5228787452803374
4801,defens,3,3,2.5228787452803374
4802,delet,3,3,2.5228787452803374
4803,demyelin,3,3,2.5228787452803374
4804,depth,3,3,2.5228787452803374
4805,dermal,3,3,2.5228787452803374
4806,dermat,3,2,2.6989700043360187
4807,desir,3,3,2.5228787452803374
4808,desulfurican,3,1,3.0
4809,diabetes-associated,3,2,2.6989700043360187
4810,diabetes-specific,3,3,2.5228787452803374
4811,did-irr,3,1,3.0
4812,difference-in-differences,3,2,2.6989700043360187
4813,difficulti,3,3,2.5228787452803374
4814,dinucleotid,3,3,2.5228787452803374
4815,disciplin,3,3,2.5228787452803374
4816,disclosur,3,2,2.6989700043360187
4817,disease-relevant,3,2,2.6989700043360187
4818,disloc,3,2,2.6989700043360187
4819,distens,3,1,3.0
4820,diuresi,3,2,2.6989700043360187
4821,diurnal,3,2,2.6989700043360187
4822,dmf,3,1,3.0
4823,docus,3,2,2.6989700043360187
4824,dor,3,1,3.0
4825,double-edged,3,2,2.6989700043360187
4826,dpp-iv,3,2,2.6989700043360187
4827,droplet,3,3,2.5228787452803374
4828,dul-bip,3,1,3.0
4829,dul-neo,3,1,3.0
4830,dutch,3,2,2.6989700043360187
4831,dysglycaemia,3,3,2.5228787452803374
4832,e3,3,2,2.6989700043360187
4833,eae,3,1,3.0
4834,ear,3,1,3.0
4835,early-onset,3,3,2.5228787452803374
4836,early-phase,3,3,2.5228787452803374
4837,easo,3,1,3.0
4838,echocardiographi,3,3,2.5228787452803374
4839,ecm,3,1,3.0
4840,ect,3,1,3.0
4841,ela,3,1,3.0
4842,electrophysiolog,3,3,2.5228787452803374
4843,elus,3,3,2.5228787452803374
4844,emphasis,3,3,2.5228787452803374
4845,endometrioid,3,1,3.0
4846,endur,3,2,2.6989700043360187
4847,engagement-weight-loss,3,1,3.0
4848,eosinophil,3,3,2.5228787452803374
4849,erythrocyt,3,3,2.5228787452803374
4850,erythroid,3,3,2.5228787452803374
4851,esa,3,1,3.0
4852,eskd,3,1,3.0
4853,esophagogastroduodenoscopi,3,3,2.5228787452803374
4854,estradiol,3,3,2.5228787452803374
4855,ethyl,3,3,2.5228787452803374
4856,eu,3,3,2.5228787452803374
4857,eudract,3,2,2.6989700043360187
4858,ev,3,1,3.0
4859,everydai,3,3,2.5228787452803374
4860,ewom,3,1,3.0
4861,execut,3,3,2.5228787452803374
4862,exemplifi,3,3,2.5228787452803374
4863,exercise-associated,3,1,3.0
4864,exhal,3,2,2.6989700043360187
4865,exogen,3,3,2.5228787452803374
4866,explanatori,3,3,2.5228787452803374
4867,extrahepat,3,3,2.5228787452803374
4868,factor-1,3,3,2.5228787452803374
4869,factori,3,2,2.6989700043360187
4870,fals,3,3,2.5228787452803374
4871,false-discovery-rate,3,2,2.6989700043360187
4872,falsifi,3,2,2.6989700043360187
4873,fdr,3,3,2.5228787452803374
4874,fea,3,1,3.0
4875,fece,3,3,2.5228787452803374
4876,fee-for-service,3,3,2.5228787452803374
4877,ffml,3,1,3.0
4878,fibrogenesi,3,2,2.6989700043360187
4879,finngen,3,2,2.6989700043360187
4880,firm,3,3,2.5228787452803374
4881,firmicut,3,3,2.5228787452803374
4882,first-time,3,2,2.6989700043360187
4883,fixed-calorie,3,1,3.0
4884,fmt's,3,1,3.0
4885,fnq,3,1,3.0
4886,folat,3,3,2.5228787452803374
4887,follicular,3,3,2.5228787452803374
4888,former,3,3,2.5228787452803374
4889,formerli,3,3,2.5228787452803374
4890,formula,3,2,2.6989700043360187
4891,forward,3,3,2.5228787452803374
4892,foundayo,3,2,2.6989700043360187
4893,four-way,3,1,3.0
4894,free-energy,3,2,2.6989700043360187
4895,ft,3,1,3.0
4896,fulfil,3,3,2.5228787452803374
4897,full-text,3,3,2.5228787452803374
4898,ga,3,2,2.6989700043360187
4899,galactomannan,3,1,3.0
4900,ganglion,3,3,2.5228787452803374
4901,gather,3,3,2.5228787452803374
4902,gavag,3,3,2.5228787452803374
4903,gdn,3,1,3.0
4904,genitourinari,3,2,2.6989700043360187
4905,geometri,3,2,2.6989700043360187
4906,gerotherapeut,3,3,2.5228787452803374
4907,gfap,3,1,3.0
4908,gi-aes,3,1,3.0
4909,gip-glp-1,3,1,3.0
4910,gksset,3,1,3.0
4911,glicentin,3,1,3.0
4912,glp-1-mediated,3,3,2.5228787452803374
4913,glp-1-positive,3,3,2.5228787452803374
4914,glp-1r-mediated,3,3,2.5228787452803374
4915,glp-naive,3,1,3.0
4916,glpa,3,1,3.0
4917,glucagon-based,3,2,2.6989700043360187
4918,glucoregulatori,3,1,3.0
4919,glycogen,3,1,3.0
4920,gpcr-specific,3,1,3.0
4921,grant,3,3,2.5228787452803374
4922,granulocyt,3,2,2.6989700043360187
4923,grave,3,1,3.0
4924,greenhous,3,2,2.6989700043360187
4925,groceri,3,1,3.0
4926,gsh,3,3,2.5228787452803374
4927,gsk-3β,3,1,3.0
4928,gut-adipose,3,2,2.6989700043360187
4929,gut-joint,3,1,3.0
4930,gut-pancreatic,3,1,3.0
4931,gut-targeted,3,3,2.5228787452803374
4932,h9c2,3,1,3.0
4933,halt,3,3,2.5228787452803374
4934,hamster,3,2,2.6989700043360187
4935,hand,3,3,2.5228787452803374
4936,hba1c-enhanced,3,1,3.0
4937,hcu,3,1,3.0
4938,head,3,2,2.6989700043360187
4939,headlin,3,3,2.5228787452803374
4940,hear,3,2,2.6989700043360187
4941,hemoglobinopathi,3,1,3.0
4942,henc,3,3,2.5228787452803374
4943,hepatokin,3,1,3.0
4944,hepatoprotect,3,3,2.5228787452803374
4945,hf-related,3,3,2.5228787452803374
4946,hif-1,3,1,3.0
4947,high-glucose,3,3,2.5228787452803374
4948,high-resolution,3,3,2.5228787452803374
4949,high-throughput,3,3,2.5228787452803374
4950,hispidin-enriched,3,1,3.0
4951,hiv-specific,3,3,2.5228787452803374
4952,hksj,3,1,3.0
4953,hl,3,1,3.0
4954,homa-β,3,2,2.6989700043360187
4955,homolog,3,3,2.5228787452803374
4956,hop,3,2,2.6989700043360187
4957,hordeola,3,1,3.0
4958,hormone-based,3,1,3.0
4959,hpa,3,3,2.5228787452803374
4960,hrm,3,2,2.6989700043360187
4961,hrsa,3,1,3.0
4962,hspa5,3,2,2.6989700043360187
4963,humeana,3,1,3.0
4964,hy's,3,1,3.0
4965,hydrat,3,3,2.5228787452803374
4966,hydrogen,3,2,2.6989700043360187
4967,hyperaminoacidemia,3,1,3.0
4968,hyperfiltr,3,3,2.5228787452803374
4969,hyperglycaem,3,1,3.0
4970,hyperglycem,3,3,2.5228787452803374
4971,hyperkalaemia,3,2,2.6989700043360187
4972,hypoglycaem,3,3,2.5228787452803374
4973,hypotens,3,3,2.5228787452803374
4974,hypoxemia,3,2,2.6989700043360187
4975,hz,3,2,2.6989700043360187
4976,icd-10-cm,3,3,2.5228787452803374
4977,ic₅₀,3,2,2.6989700043360187
4978,iddm,3,1,3.0
4979,iib,3,1,3.0
4980,iiht,3,1,3.0
4981,il-10,3,3,2.5228787452803374
4982,ileal,3,3,2.5228787452803374
4983,ill-health,3,1,3.0
4984,illicit,3,2,2.6989700043360187
4985,immune-cell,3,3,2.5228787452803374
4986,immunofluoresc,3,3,2.5228787452803374
4987,immunogen,3,3,2.5228787452803374
4988,immunoprecipit,3,3,2.5228787452803374
4989,immunosenesc,3,3,2.5228787452803374
4990,imper,3,3,2.5228787452803374
4991,impos,3,3,2.5228787452803374
4992,incarcer,3,1,3.0
4993,inde,3,3,2.5228787452803374
4994,indian,3,2,2.6989700043360187
4995,inelig,3,2,2.6989700043360187
4996,inertia,3,3,2.5228787452803374
4997,infertil,3,3,2.5228787452803374
4998,influenti,3,2,2.6989700043360187
4999,inher,3,3,2.5228787452803374
5000,inherit,3,3,2.5228787452803374
5001,ino,3,3,2.5228787452803374
5002,insr,3,3,2.5228787452803374
5003,insti,3,1,3.0
5004,insulin-dependent,3,3,2.5228787452803374
5005,insulin-induced,3,2,2.6989700043360187
5006,insulin-positive,3,2,2.6989700043360187
5007,insulin-resistant,3,3,2.5228787452803374
5008,int-777,3,1,3.0
5009,interchang,3,3,2.5228787452803374
5010,interferon-γ,3,3,2.5228787452803374
5011,interorgan,3,2,2.6989700043360187
5012,interstiti,3,3,2.5228787452803374
5013,intestinali,3,1,3.0
5014,intrathec,3,1,3.0
5015,invit,3,3,2.5228787452803374
5016,isocalor,3,2,2.6989700043360187
5017,jak,3,3,2.5228787452803374
5018,jakmip3,3,1,3.0
5019,janu,3,3,2.5228787452803374
5020,japan's,3,1,3.0
5021,jnk,3,2,2.6989700043360187
5022,joanna,3,3,2.5228787452803374
5023,k58,3,1,3.0
5024,kccq-oss,3,1,3.0
5025,kdigo,3,1,3.0
5026,keton,3,3,2.5228787452803374
5027,kfre,3,2,2.6989700043360187
5028,kidney-specific,3,3,2.5228787452803374
5029,kilogram,3,3,2.5228787452803374
5030,ko,3,1,3.0
5031,korean,3,3,2.5228787452803374
5032,kruskal-wallis,3,2,2.6989700043360187
5033,l-1,3,1,3.0
5034,l-cell,3,2,2.6989700043360187
5035,lab,3,3,2.5228787452803374
5036,lactic,3,3,2.5228787452803374
5037,lacticaseibacillu,3,2,2.6989700043360187
5038,late-stage,3,3,2.5228787452803374
5039,latent,3,3,2.5228787452803374
5040,latino,3,2,2.6989700043360187
5041,law,3,1,3.0
5042,laxiti,3,2,2.6989700043360187
5043,lbm,3,1,3.0
5044,lc-ms,3,3,2.5228787452803374
5045,lcfa,3,1,3.0
5046,ld-il2,3,1,3.0
5047,ldl-cholesterol,3,2,2.6989700043360187
5048,lean-mass,3,3,2.5228787452803374
5049,least-squares,3,3,2.5228787452803374
5050,leg,3,2,2.6989700043360187
5051,legaci,3,3,2.5228787452803374
5052,legal,3,3,2.5228787452803374
5053,leukemia,3,2,2.6989700043360187
5054,lh,3,1,3.0
5055,lhvgat,3,1,3.0
5056,life-years,3,2,2.6989700043360187
5057,lifestyle-related,3,3,2.5228787452803374
5058,lifetim,3,3,2.5228787452803374
5059,ligas,3,2,2.6989700043360187
5060,liraglutide-mediated,3,2,2.6989700043360187
5061,liver-specific,3,3,2.5228787452803374
5062,lklkll,3,1,3.0
5063,logic,3,3,2.5228787452803374
5064,look,3,3,2.5228787452803374
5065,loss-associated,3,2,2.6989700043360187
5066,low-certainty,3,3,2.5228787452803374
5067,lps-stimulated,3,2,2.6989700043360187
5068,lvef,3,3,2.5228787452803374
5069,m1-like,3,1,3.0
5070,macc,3,1,3.0
5071,macrovascular,3,3,2.5228787452803374
5072,mad,3,1,3.0
5073,magnesium,3,3,2.5228787452803374
5074,malabsorpt,3,3,2.5228787452803374
5075,malondialdehyd,3,3,2.5228787452803374
5076,manuscript,3,2,2.6989700043360187
5077,marrow-derived,3,3,2.5228787452803374
5078,massiv,3,2,2.6989700043360187
5079,mc4r,3,1,3.0
5080,mcfa,3,1,3.0
5081,mcid,3,2,2.6989700043360187
5082,meddra,3,3,2.5228787452803374
5083,medication-use,3,1,3.0
5084,meglitinid,3,1,3.0
5085,melatonin,3,3,2.5228787452803374
5086,mer,3,3,2.5228787452803374
5087,meta-inflammation,3,2,2.6989700043360187
5088,metabolic-inflammatory,3,3,2.5228787452803374
5089,methacryl,3,3,2.5228787452803374
5090,methadon,3,3,2.5228787452803374
5091,mfr,3,1,3.0
5092,mi-defined,3,1,3.0
5093,microalg,3,1,3.0
5094,microbiome-based,3,3,2.5228787452803374
5095,microbiota-ba,3,1,3.0
5096,microfluid,3,2,2.6989700043360187
5097,middl,3,2,2.6989700043360187
5098,mild-to-moderate,3,3,2.5228787452803374
5099,milligram,3,3,2.5228787452803374
5100,mimic,3,3,2.5228787452803374
5101,mini-review,3,3,2.5228787452803374
5102,minor,3,3,2.5228787452803374
5103,misclassif,3,3,2.5228787452803374
5104,mislead,3,2,2.6989700043360187
5105,mme,3,1,3.0
5106,mmse,3,1,3.0
5107,mode,3,3,2.5228787452803374
5108,moderate-to-advanced,3,2,2.6989700043360187
5109,molar,3,2,2.6989700043360187
5110,monkei,3,2,2.6989700043360187
5111,morusin,3,1,3.0
5112,motility-related,3,1,3.0
5113,mtro,3,3,2.5228787452803374
5114,multi-agonists,3,3,2.5228787452803374
5115,multi-timescale,3,1,3.0
5116,multiagonist,3,2,2.6989700043360187
5117,mutant,3,2,2.6989700043360187
5118,n-3,3,1,3.0
5119,natriuresi,3,3,2.5228787452803374
5120,nco,3,1,3.0
5121,nct04184622,3,1,3.0
5122,nct04657003,3,1,3.0
5123,ne150,3,1,3.0
5124,needl,3,1,3.0
5125,neonat,3,3,2.5228787452803374
5126,nephrolithiasi,3,2,2.6989700043360187
5127,nervosa,3,3,2.5228787452803374
5128,neurodevelopment,3,3,2.5228787452803374
5129,neuroinflammatori,3,3,2.5228787452803374
5130,neuromodul,3,1,3.0
5131,neurophysiolog,3,3,2.5228787452803374
5132,neurotransmitt,3,3,2.5228787452803374
5133,neurotroph,3,3,2.5228787452803374
5134,never-users,3,1,3.0
5135,next-meal,3,1,3.0
5136,nich,3,2,2.6989700043360187
5137,nihss,3,1,3.0
5138,nineteen,3,3,2.5228787452803374
5139,nitida,3,1,3.0
5140,nlr,3,1,3.0
5141,nocturn,3,2,2.6989700043360187
5142,non-bariatric,3,1,3.0
5143,non-communicable,3,1,3.0
5144,non-ers,3,1,3.0
5145,non-initiation,3,2,2.6989700043360187
5146,non-initiators,3,1,3.0
5147,non-japan,3,1,3.0
5148,non-masld,3,1,3.0
5149,non-pharmacological,3,3,2.5228787452803374
5150,nonexud,3,1,3.0
5151,nonsignific,3,3,2.5228787452803374
5152,normalis,3,3,2.5228787452803374
5153,normoglycaem,3,1,3.0
5154,ntsglp1r,3,1,3.0
5155,nucleu,3,3,2.5228787452803374
5156,nutri-obedigithum,3,1,3.0
5157,nutritionist,3,2,2.6989700043360187
5158,nvtdr,3,1,3.0
5159,nvu,3,1,3.0
5160,ob,3,2,2.6989700043360187
5161,ob-ckd,3,1,3.0
5162,obesity-nonrelated,3,1,3.0
5163,obscur,3,3,2.5228787452803374
5164,oc,3,1,3.0
5165,octt,3,1,3.0
5166,oesophag,3,1,3.0
5167,olanzapin,3,1,3.0
5168,olfactori,3,2,2.6989700043360187
5169,omm,3,1,3.0
5170,onward,3,3,2.5228787452803374
5171,opinion,3,3,2.5228787452803374
5172,orexigen,3,3,2.5228787452803374
5173,orthogon,3,2,2.6989700043360187
5174,osteoclastogenesi,3,2,2.6989700043360187
5175,osteomyel,3,1,3.0
5176,p-gp,3,1,3.0
5177,pai-1,3,2,2.6989700043360187
5178,palmitate-induced,3,1,3.0
5179,parametr,3,3,2.5228787452803374
5180,participant-level,3,2,2.6989700043360187
5181,pasc,3,1,3.0
5182,pasireotide-induced,3,1,3.0
5183,pass,3,2,2.6989700043360187
5184,pauciti,3,3,2.5228787452803374
5185,pb,3,2,2.6989700043360187
5186,pc,3,1,3.0
5187,pc1,3,1,3.0
5188,pcp-j-1,3,1,3.0
5189,pcr,3,3,2.5228787452803374
5190,pcsk1,3,2,2.6989700043360187
5191,pdc,3,2,2.6989700043360187
5192,percutan,3,3,2.5228787452803374
5193,periprocedur,3,2,2.6989700043360187
5194,perpetr,3,1,3.0
5195,perturb,3,3,2.5228787452803374
5196,pervas,3,3,2.5228787452803374
5197,pharmacotherapeut,3,3,2.5228787452803374
5198,pharyng,3,3,2.5228787452803374
5199,phq-9,3,1,3.0
5200,physicochem,3,3,2.5228787452803374
5201,pi3k-akt,3,1,3.0
5202,pioneer,3,3,2.5228787452803374
5203,pituitari,3,2,2.6989700043360187
5204,pl,3,1,3.0
5205,plaqu,3,3,2.5228787452803374
5206,pmca4,3,1,3.0
5207,pmol,3,2,2.6989700043360187
5208,polypharmaci,3,3,2.5228787452803374
5209,polyphenol,3,3,2.5228787452803374
5210,pomc,3,1,3.0
5211,post-operative,3,2,2.6989700043360187
5212,postbiot,3,2,2.6989700043360187
5213,postur,3,2,2.6989700043360187
5214,ppara,3,2,2.6989700043360187
5215,pparg,3,3,2.5228787452803374
5216,pr's,3,1,3.0
5217,pre-intervention,3,1,3.0
5218,pre-use,3,1,3.0
5219,precondit,3,2,2.6989700043360187
5220,predisposit,3,3,2.5228787452803374
5221,preexist,3,2,2.6989700043360187
5222,pregnancy-related,3,3,2.5228787452803374
5223,pregnant,3,3,2.5228787452803374
5224,preoccup,3,3,2.5228787452803374
5225,preprint,3,3,2.5228787452803374
5226,preprocedur,3,1,3.0
5227,preregist,3,3,2.5228787452803374
5228,press,3,3,2.5228787452803374
5229,primat,3,3,2.5228787452803374
5230,prime,3,3,2.5228787452803374
5231,product-specific,3,2,2.6989700043360187
5232,profound,3,3,2.5228787452803374
5233,prom,3,1,3.0
5234,proof-of-concept,3,3,2.5228787452803374
5235,proportion,3,3,2.5228787452803374
5236,prothrombot,3,3,2.5228787452803374
5237,provis,3,3,2.5228787452803374
5238,ps-matched,3,2,2.6989700043360187
5239,psychiatri,3,3,2.5228787452803374
5240,psychopatholog,3,2,2.6989700043360187
5241,psychostimul,3,2,2.6989700043360187
5242,psychot,3,3,2.5228787452803374
5243,psychotrop,3,2,2.6989700043360187
5244,ptc,3,1,3.0
5245,pten,3,3,2.5228787452803374
5246,pulmonary-function,3,1,3.0
5247,purchas,3,3,2.5228787452803374
5248,puriti,3,3,2.5228787452803374
5249,put,3,3,2.5228787452803374
5250,pwcf,3,1,3.0
5251,qmdr,3,1,3.0
5252,quantif,3,3,2.5228787452803374
5253,quantiti,3,3,2.5228787452803374
5254,quartil,3,3,2.5228787452803374
5255,r2,3,3,2.5228787452803374
5256,ra-associated,3,2,2.6989700043360187
5257,recal,3,3,2.5228787452803374
5258,receptor-mediated,3,2,2.6989700043360187
5259,receptor-β,3,3,2.5228787452803374
5260,recov,3,1,3.0
5261,red,3,2,2.6989700043360187
5262,redistribut,3,2,2.6989700043360187
5263,reduced-calorie,3,3,2.5228787452803374
5264,reference-list,3,2,2.6989700043360187
5265,reflex,3,3,2.5228787452803374
5266,refram,3,3,2.5228787452803374
5267,relax,3,2,2.6989700043360187
5268,remark,3,3,2.5228787452803374
5269,renin-angiotensin-system,3,3,2.5228787452803374
5270,reposit,3,3,2.5228787452803374
5271,repuls,3,1,3.0
5272,request,3,3,2.5228787452803374
5273,revert,3,2,2.6989700043360187
5274,riddl,3,1,3.0
5275,rif,3,1,3.0
5276,riiβ-ablated,3,1,3.0
5277,risen,3,3,2.5228787452803374
5278,roscohumeanol,3,1,3.0
5279,rpea,3,1,3.0
5280,rs,3,1,3.0
5281,rumin,3,1,3.0
5282,rural-urban,3,1,3.0
5283,rw,3,1,3.0
5284,rwd,3,2,2.6989700043360187
5285,safety-related,3,3,2.5228787452803374
5286,sal,3,1,3.0
5287,salienc,3,3,2.5228787452803374
5288,salvag,3,2,2.6989700043360187
5289,sar,3,2,2.6989700043360187
5290,sclerosi,3,2,2.6989700043360187
5291,see,3,3,2.5228787452803374
5292,seem,3,3,2.5228787452803374
5293,seizur,3,1,3.0
5294,self-devaluation,3,1,3.0
5295,self-harm,3,1,3.0
5296,self-stigma,3,2,2.6989700043360187
5297,semaglutide-associated,3,3,2.5228787452803374
5298,senior,3,3,2.5228787452803374
5299,sep-pyy,3,1,3.0
5300,sequela,3,3,2.5228787452803374
5301,seroma,3,2,2.6989700043360187
5302,seros,3,1,3.0
5303,sham,3,3,2.5228787452803374
5304,sharpli,3,3,2.5228787452803374
5305,shbg,3,1,3.0
5306,shock,3,2,2.6989700043360187
5307,shortli,3,3,2.5228787452803374
5308,silico,3,3,2.5228787452803374
5309,silo,3,3,2.5228787452803374
5310,single-cell,3,3,2.5228787452803374
5311,single-centre,3,3,2.5228787452803374
5312,single-dose,3,3,2.5228787452803374
5313,sirna,3,3,2.5228787452803374
5314,situ,3,3,2.5228787452803374
5315,sld,3,1,3.0
5316,sleepi,3,2,2.6989700043360187
5317,sm-1,3,1,3.0
5318,smad,3,3,2.5228787452803374
5319,societ,3,3,2.5228787452803374
5320,spain,3,2,2.6989700043360187
5321,spironolacton,3,3,2.5228787452803374
5322,sponsor,3,3,2.5228787452803374
5323,sred,3,1,3.0
5324,st2,3,1,3.0
5325,stabilis,3,3,2.5228787452803374
5326,standalon,3,3,2.5228787452803374
5327,stapl,3,1,3.0
5328,std,3,1,3.0
5329,steady-state,3,3,2.5228787452803374
5330,step-hfpef,3,2,2.6989700043360187
5331,stone,3,1,3.0
5332,store,3,2,2.6989700043360187
5333,streptozotocin,3,3,2.5228787452803374
5334,stress-related,3,3,2.5228787452803374
5335,subcohort,3,1,3.0
5336,substudi,3,3,2.5228787452803374
5337,sucralos,3,1,3.0
5338,sudden,3,3,2.5228787452803374
5339,sulphonylurea,3,2,2.6989700043360187
5340,supervis,3,3,2.5228787452803374
5341,surmount-osa,3,3,2.5228787452803374
5342,swedish,3,2,2.6989700043360187
5343,swim,3,3,2.5228787452803374
5344,swine,3,1,3.0
5345,sword,3,1,3.0
5346,synbiot,3,3,2.5228787452803374
5347,syncop,3,2,2.6989700043360187
5348,t-cell,3,3,2.5228787452803374
5349,t2-low,3,1,3.0
5350,tabl,3,3,2.5228787452803374
5351,tac,3,1,3.0
5352,tc,3,3,2.5228787452803374
5353,tcdca,3,1,3.0
5354,tdt-induced,3,1,3.0
5355,tea,3,2,2.6989700043360187
5356,telehealth,3,2,2.6989700043360187
5357,telemedicin,3,2,2.6989700043360187
5358,templat,3,3,2.5228787452803374
5359,text,3,2,2.6989700043360187
5360,tf-5,3,1,3.0
5361,thermal,3,3,2.5228787452803374
5362,thermodynam,3,3,2.5228787452803374
5363,thp-1,3,3,2.5228787452803374
5364,tiktok,3,2,2.6989700043360187
5365,time-varying,3,2,2.6989700043360187
5366,tirzepatide-specific,3,2,2.6989700043360187
5367,tlr4,3,2,2.6989700043360187
5368,tnf,3,3,2.5228787452803374
5369,tolvaptan,3,1,3.0
5370,tone,3,3,2.5228787452803374
5371,transaminas,3,3,2.5228787452803374
5372,transderm,3,1,3.0
5373,transduc,3,3,2.5228787452803374
5374,treewa,3,1,3.0
5375,treg-associated,3,1,3.0
5376,tri,3,3,2.5228787452803374
5377,trunk,3,3,2.5228787452803374
5378,tryptophan,3,3,2.5228787452803374
5379,trz,3,1,3.0
5380,tt,3,1,3.0
5381,tudca,3,1,3.0
5382,twa,3,1,3.0
5383,twice,3,3,2.5228787452803374
5384,two-thirds,3,3,2.5228787452803374
5385,undermin,3,3,2.5228787452803374
5386,underpow,3,3,2.5228787452803374
5387,underrecogn,3,3,2.5228787452803374
5388,underwai,3,3,2.5228787452803374
5389,underweight,3,3,2.5228787452803374
5390,uneven,3,3,2.5228787452803374
5391,unexpect,3,3,2.5228787452803374
5392,unidentifi,3,3,2.5228787452803374
5393,uniformli,3,3,2.5228787452803374
5394,unilater,3,2,2.6989700043360187
5395,unmeasur,3,3,2.5228787452803374
5396,unstructur,3,1,3.0
5397,upward,3,2,2.6989700043360187
5398,v1,3,2,2.6989700043360187
5399,v2,3,2,2.6989700043360187
5400,v30,3,1,3.0
5401,value-based,3,3,2.5228787452803374
5402,var,3,1,3.0
5403,veget,3,2,2.6989700043360187
5404,venom-derived,3,2,2.6989700043360187
5405,verif,3,2,2.6989700043360187
5406,vessel,3,1,3.0
5407,viewpoint,3,3,2.5228787452803374
5408,viral,3,2,2.6989700043360187
5409,volunt,3,3,2.5228787452803374
5410,vte,3,2,2.6989700043360187
5411,waist-to-hip,3,2,2.6989700043360187
5412,walk,3,3,2.5228787452803374
5413,wast,3,3,2.5228787452803374
5414,weaker,3,3,2.5228787452803374
5415,weakli,3,3,2.5228787452803374
5416,wearabl,3,1,3.0
5417,weight-dependent,3,3,2.5228787452803374
5418,weight-loss-independent,3,2,2.6989700043360187
5419,well-balanced,3,3,2.5228787452803374
5420,well-documented,3,3,2.5228787452803374
5421,wg,3,1,3.0
5422,wherebi,3,3,2.5228787452803374
5423,whf,3,1,3.0
5424,whilst,3,2,2.6989700043360187
5425,wilcoxon,3,3,2.5228787452803374
5426,wistar,3,3,2.5228787452803374
5427,wnt,3,2,2.6989700043360187
5428,woe,3,1,3.0
5429,written,3,3,2.5228787452803374
5430,wssq,3,1,3.0
5431,wtp,3,2,2.6989700043360187
5432,y297d,3,1,3.0
5433,ziltivekimab,3,3,2.5228787452803374
5434,α-cells,3,2,2.6989700043360187
5435,β-arrestin,3,3,2.5228787452803374
5436,δlnuacr,3,1,3.0
5437,0-100,2,2,2.6989700043360187
5438,0-120min,2,1,3.0
5439,0-5,2,2,2.6989700043360187
5440,0-iii,2,1,3.0
5441,0.00,2,1,3.0
5442,0.000,2,1,3.0
5443,0.0003,2,2,2.6989700043360187
5444,0.0006,2,2,2.6989700043360187
5445,0.0007,2,2,2.6989700043360187
5446,0.0014,2,2,2.6989700043360187
5447,0.0016,2,2,2.6989700043360187
5448,0.010,2,2,2.6989700043360187
5449,0.011,2,2,2.6989700043360187
5450,0.018,2,2,2.6989700043360187
5451,0.020,2,2,2.6989700043360187
5452,0.028,2,2,2.6989700043360187
5453,0.030,2,2,2.6989700043360187
5454,0.031,2,2,2.6989700043360187
5455,0.0342,2,2,2.6989700043360187
5456,0.035,2,2,2.6989700043360187
5457,0.045,2,2,2.6989700043360187
5458,0.046,2,2,2.6989700043360187
5459,0.049,2,2,2.6989700043360187
5460,0.056,2,1,3.0
5461,0.078,2,1,3.0
5462,0.118,2,2,2.6989700043360187
5463,0.149,2,2,2.6989700043360187
5464,0.161,2,2,2.6989700043360187
5465,0.164,2,2,2.6989700043360187
5466,0.259,2,2,2.6989700043360187
5467,0.263,2,2,2.6989700043360187
5468,0.328,2,2,2.6989700043360187
5469,0.374,2,2,2.6989700043360187
5470,0.397,2,2,2.6989700043360187
5471,0.398,2,2,2.6989700043360187
5472,0.401,2,2,2.6989700043360187
5473,0.424,2,2,2.6989700043360187
5474,0.445,2,2,2.6989700043360187
5475,0.453,2,2,2.6989700043360187
5476,0.459,2,2,2.6989700043360187
5477,0.488,2,2,2.6989700043360187
5478,0.508,2,2,2.6989700043360187
5479,0.563,2,2,2.6989700043360187
5480,0.564,2,2,2.6989700043360187
5481,0.570,2,2,2.6989700043360187
5482,0.608,2,2,2.6989700043360187
5483,0.638,2,2,2.6989700043360187
5484,0.640,2,2,2.6989700043360187
5485,0.655,2,2,2.6989700043360187
5486,0.663,2,2,2.6989700043360187
5487,0.686,2,2,2.6989700043360187
5488,0.693,2,2,2.6989700043360187
5489,0.701,2,2,2.6989700043360187
5490,0.708,2,2,2.6989700043360187
5491,0.722,2,2,2.6989700043360187
5492,0.772,2,2,2.6989700043360187
5493,0.775,2,2,2.6989700043360187
5494,0.776,2,2,2.6989700043360187
5495,0.796,2,1,3.0
5496,0.825,2,2,2.6989700043360187
5497,0.862,2,2,2.6989700043360187
5498,0.866,2,2,2.6989700043360187
5499,0.896,2,2,2.6989700043360187
5500,0.919,2,2,2.6989700043360187
5501,0.932,2,2,2.6989700043360187
5502,0.933,2,2,2.6989700043360187
5503,0.978,2,2,2.6989700043360187
5504,00266,2,2,2.6989700043360187
5505,009,2,2,2.6989700043360187
5506,013,2,2,2.6989700043360187
5507,016,2,2,2.6989700043360187
5508,026,2,2,2.6989700043360187
5509,03,2,2,2.6989700043360187
5510,033,2,2,2.6989700043360187
5511,076,2,2,2.6989700043360187
5512,08,2,2,2.6989700043360187
5513,09,2,2,2.6989700043360187
5514,1-30,2,1,3.0
5515,1-hour,2,1,3.0
5516,1-receptor,2,1,3.0
5517,1.001,2,2,2.6989700043360187
5518,1.052,2,2,2.6989700043360187
5519,1.106,2,2,2.6989700043360187
5520,1.170,2,2,2.6989700043360187
5521,1.35,2,2,2.6989700043360187
5522,1.60,2,2,2.6989700043360187
5523,1.66,2,2,2.6989700043360187
5524,1.678,2,2,2.6989700043360187
5525,1.74,2,2,2.6989700043360187
5526,1.75,2,2,2.6989700043360187
5527,1.77,2,2,2.6989700043360187
5528,1.82,2,2,2.6989700043360187
5529,1.90,2,2,2.6989700043360187
5530,1.92,2,2,2.6989700043360187
5531,1.99,2,2,2.6989700043360187
5532,10-18,2,2,2.6989700043360187
5533,10-20,2,1,3.0
5534,10.1007,2,2,2.6989700043360187
5535,10.50,2,2,2.6989700043360187
5536,10.68,2,2,2.6989700043360187
5537,100-mg,2,1,3.0
5538,102,2,2,2.6989700043360187
5539,105,2,2,2.6989700043360187
5540,1095,2,2,2.6989700043360187
5541,11.5,2,2,2.6989700043360187
5542,111,2,2,2.6989700043360187
5543,116,2,2,2.6989700043360187
5544,12.1,2,2,2.6989700043360187
5545,12.52,2,2,2.6989700043360187
5546,12.8,2,2,2.6989700043360187
5547,12.9,2,2,2.6989700043360187
5548,121,2,2,2.6989700043360187
5549,13.6,2,2,2.6989700043360187
5550,13.8,2,2,2.6989700043360187
5551,130,2,2,2.6989700043360187
5552,1348,2,1,3.0
5553,136,2,2,2.6989700043360187
5554,138,2,2,2.6989700043360187
5555,13co2,2,1,3.0
5556,14.3,2,2,2.6989700043360187
5557,14.5,2,2,2.6989700043360187
5558,140-199,2,2,2.6989700043360187
5559,147,2,2,2.6989700043360187
5560,15-fold,2,2,2.6989700043360187
5561,15.1,2,2,2.6989700043360187
5562,15.4,2,2,2.6989700043360187
5563,15.6,2,2,2.6989700043360187
5564,15.7,2,2,2.6989700043360187
5565,15.8,2,2,2.6989700043360187
5566,152,2,2,2.6989700043360187
5567,154,2,2,2.6989700043360187
5568,159,2,2,2.6989700043360187
5569,15q11,2,1,3.0
5570,16-triol,2,1,3.0
5571,16.30,2,2,2.6989700043360187
5572,16.4,2,2,2.6989700043360187
5573,16.6,2,2,2.6989700043360187
5574,16.7,2,2,2.6989700043360187
5575,16.9,2,2,2.6989700043360187
5576,160,2,2,2.6989700043360187
5577,165,2,2,2.6989700043360187
5578,166,2,2,2.6989700043360187
5579,167,2,2,2.6989700043360187
5580,16s,2,2,2.6989700043360187
5581,17.0,2,2,2.6989700043360187
5582,17.3,2,2,2.6989700043360187
5583,17.6,2,2,2.6989700043360187
5584,17.9,2,2,2.6989700043360187
5585,170,2,2,2.6989700043360187
5586,177,2,2,2.6989700043360187
5587,179,2,2,2.6989700043360187
5588,18-64,2,2,2.6989700043360187
5589,18-65,2,2,2.6989700043360187
5590,18.0,2,2,2.6989700043360187
5591,18.3,2,2,2.6989700043360187
5592,18.5,2,2,2.6989700043360187
5593,18.6,2,2,2.6989700043360187
5594,18.8,2,2,2.6989700043360187
5595,181,2,2,2.6989700043360187
5596,183,2,2,2.6989700043360187
5597,19.0,2,2,2.6989700043360187
5598,19.4,2,2,2.6989700043360187
5599,19.5,2,2,2.6989700043360187
5600,19.7,2,2,2.6989700043360187
5601,19.8,2,2,2.6989700043360187
5602,190,2,2,2.6989700043360187
5603,193,2,2,2.6989700043360187
5604,1h-magnetic,2,2,2.6989700043360187
5605,1r,2,1,3.0
5606,2-17,2,2,2.6989700043360187
5607,2-2c,2,1,3.0
5608,2-q13,2,1,3.0
5609,2-related,2,2,2.6989700043360187
5610,2.11,2,2,2.6989700043360187
5611,2.12,2,2,2.6989700043360187
5612,2.13,2,2,2.6989700043360187
5613,2.19,2,2,2.6989700043360187
5614,2.22,2,2,2.6989700043360187
5615,2.26,2,2,2.6989700043360187
5616,2.32,2,2,2.6989700043360187
5617,2.36,2,2,2.6989700043360187
5618,2.38,2,1,3.0
5619,2.44,2,2,2.6989700043360187
5620,2.46,2,2,2.6989700043360187
5621,2.53,2,2,2.6989700043360187
5622,2.62,2,2,2.6989700043360187
5623,2.70,2,2,2.6989700043360187
5624,2.79,2,2,2.6989700043360187
5625,2.86,2,2,2.6989700043360187
5626,2.89,2,2,2.6989700043360187
5627,2.99,2,2,2.6989700043360187
5628,20.1,2,2,2.6989700043360187
5629,20.2,2,2,2.6989700043360187
5630,20.4,2,2,2.6989700043360187
5631,2007-2020,2,1,3.0
5632,2008-2021,2,2,2.6989700043360187
5633,2009,2,2,2.6989700043360187
5634,2009-2022,2,1,3.0
5635,2015-2024,2,2,2.6989700043360187
5636,202,2,2,2.6989700043360187
5637,2022-2024,2,2,2.6989700043360187
5638,2024-5,2,1,3.0
5639,206,2,2,2.6989700043360187
5640,208,2,2,2.6989700043360187
5641,21.8,2,2,2.6989700043360187
5642,211,2,2,2.6989700043360187
5643,212,2,2,2.6989700043360187
5644,214,2,2,2.6989700043360187
5645,218,2,2,2.6989700043360187
5646,22.0,2,2,2.6989700043360187
5647,22.6,2,2,2.6989700043360187
5648,226,2,2,2.6989700043360187
5649,23.8,2,2,2.6989700043360187
5650,230,2,2,2.6989700043360187
5651,232,2,2,2.6989700043360187
5652,237,2,2,2.6989700043360187
5653,24-hr,2,1,3.0
5654,24.3,2,2,2.6989700043360187
5655,240,2,2,2.6989700043360187
5656,241,2,2,2.6989700043360187
5657,246,2,2,2.6989700043360187
5658,247,2,2,2.6989700043360187
5659,25.4,2,2,2.6989700043360187
5660,251,2,2,2.6989700043360187
5661,254,2,2,2.6989700043360187
5662,255,2,2,2.6989700043360187
5663,259,2,2,2.6989700043360187
5664,26-week,2,1,3.0
5665,26.1,2,2,2.6989700043360187
5666,26.2,2,2,2.6989700043360187
5667,26.5,2,2,2.6989700043360187
5668,261,2,2,2.6989700043360187
5669,265,2,2,2.6989700043360187
5670,266,2,2,2.6989700043360187
5671,267,2,2,2.6989700043360187
5672,27.7,2,2,2.6989700043360187
5673,272,2,2,2.6989700043360187
5674,279,2,2,2.6989700043360187
5675,28.7,2,2,2.6989700043360187
5676,29.1,2,2,2.6989700043360187
5677,29.3,2,2,2.6989700043360187
5678,29.6,2,2,2.6989700043360187
5679,294,2,2,2.6989700043360187
5680,297,2,2,2.6989700043360187
5681,2a,2,2,2.6989700043360187
5682,2hpg,2,1,3.0
5683,3-10,2,1,3.0
5684,3-30,2,1,3.0
5685,3-4,2,2,2.6989700043360187
5686,3-6-h,2,1,3.0
5687,3-fold,2,1,3.0
5688,3-mg,2,1,3.0
5689,3-months,2,1,3.0
5690,3.00,2,2,2.6989700043360187
5691,3.03,2,2,2.6989700043360187
5692,3.05,2,2,2.6989700043360187
5693,3.09,2,2,2.6989700043360187
5694,3.11,2,2,2.6989700043360187
5695,3.14,2,2,2.6989700043360187
5696,3.15,2,2,2.6989700043360187
5697,3.32,2,2,2.6989700043360187
5698,3.7,2,2,2.6989700043360187
5699,3.74,2,2,2.6989700043360187
5700,3.86,2,2,2.6989700043360187
5701,3.92,2,2,2.6989700043360187
5702,3.97,2,2,2.6989700043360187
5703,30.3,2,2,2.6989700043360187
5704,30.8,2,2,2.6989700043360187
5705,309,2,2,2.6989700043360187
5706,31.6,2,2,2.6989700043360187
5707,31.9,2,2,2.6989700043360187
5708,315,2,2,2.6989700043360187
5709,31st,2,2,2.6989700043360187
5710,32.3,2,2,2.6989700043360187
5711,32.4,2,2,2.6989700043360187
5712,320,2,2,2.6989700043360187
5713,3270,2,1,3.0
5714,328,2,2,2.6989700043360187
5715,33.1,2,2,2.6989700043360187
5716,33.2,2,2,2.6989700043360187
5717,34.8,2,2,2.6989700043360187
5718,3468,2,1,3.0
5719,349,2,2,2.6989700043360187
5720,351,2,2,2.6989700043360187
5721,36.0,2,2,2.6989700043360187
5722,36.1,2,2,2.6989700043360187
5723,366,2,2,2.6989700043360187
5724,37-year-old,2,2,2.6989700043360187
5725,37.5,2,2,2.6989700043360187
5726,375,2,2,2.6989700043360187
5727,38.2,2,2,2.6989700043360187
5728,381,2,2,2.6989700043360187
5729,385,2,2,2.6989700043360187
5730,388,2,1,3.0
5731,39.45,2,2,2.6989700043360187
5732,39.6,2,2,2.6989700043360187
5733,393,2,2,2.6989700043360187
5734,3c,2,1,3.0
5735,3r,2,1,3.0
5736,4-7,2,2,2.6989700043360187
5737,4-dichlorophenyl,2,1,3.0
5738,4-hne,2,2,2.6989700043360187
5739,4-year,2,1,3.0
5740,4.01,2,2,2.6989700043360187
5741,4.14,2,2,2.6989700043360187
5742,4.16,2,2,2.6989700043360187
5743,4.26,2,1,3.0
5744,4.44,2,2,2.6989700043360187
5745,4.56,2,2,2.6989700043360187
5746,4.75,2,2,2.6989700043360187
5747,4.76,2,2,2.6989700043360187
5748,4.88,2,2,2.6989700043360187
5749,4.91,2,2,2.6989700043360187
5750,40-week,2,2,2.6989700043360187
5751,40.1,2,2,2.6989700043360187
5752,401,2,2,2.6989700043360187
5753,404,2,2,2.6989700043360187
5754,407,2,2,2.6989700043360187
5755,408,2,2,2.6989700043360187
5756,409,2,2,2.6989700043360187
5757,41.1,2,2,2.6989700043360187
5758,4117,2,1,3.0
5759,412,2,2,2.6989700043360187
5760,415,2,2,2.6989700043360187
5761,419,2,2,2.6989700043360187
5762,42-year-old,2,2,2.6989700043360187
5763,42.0,2,2,2.6989700043360187
5764,42.3,2,2,2.6989700043360187
5765,42.6,2,2,2.6989700043360187
5766,42.9,2,2,2.6989700043360187
5767,428,2,2,2.6989700043360187
5768,43.5,2,2,2.6989700043360187
5769,430,2,1,3.0
5770,44.2,2,2,2.6989700043360187
5771,44.5,2,2,2.6989700043360187
5772,44.9,2,2,2.6989700043360187
5773,440,2,2,2.6989700043360187
5774,446,2,2,2.6989700043360187
5775,45.8,2,2,2.6989700043360187
5776,450,2,2,2.6989700043360187
5777,46.3,2,2,2.6989700043360187
5778,46.6,2,2,2.6989700043360187
5779,46.9,2,2,2.6989700043360187
5780,471-21-02,2,1,3.0
5781,48-72,2,1,3.0
5782,48-year-old,2,2,2.6989700043360187
5783,480,2,2,2.6989700043360187
5784,485,2,2,2.6989700043360187
5785,49.7,2,2,2.6989700043360187
5786,49.8,2,2,2.6989700043360187
5787,49.9,2,2,2.6989700043360187
5788,497,2,1,3.0
5789,5-15,2,2,2.6989700043360187
5790,5-it,2,1,3.0
5791,5-triazine,2,1,3.0
5792,5.00,2,2,2.6989700043360187
5793,5.23,2,2,2.6989700043360187
5794,5.27,2,2,2.6989700043360187
5795,5.31,2,1,3.0
5796,5.43,2,2,2.6989700043360187
5797,5.51,2,2,2.6989700043360187
5798,5.85,2,2,2.6989700043360187
5799,50-year-old,2,2,2.6989700043360187
5800,50.3,2,2,2.6989700043360187
5801,505,2,2,2.6989700043360187
5802,51.7,2,2,2.6989700043360187
5803,52.4,2,2,2.6989700043360187
5804,52.7,2,2,2.6989700043360187
5805,52.8,2,2,2.6989700043360187
5806,528,2,2,2.6989700043360187
5807,53.3,2,2,2.6989700043360187
5808,53.5,2,2,2.6989700043360187
5809,53.9,2,2,2.6989700043360187
5810,54.1,2,2,2.6989700043360187
5811,54.8,2,2,2.6989700043360187
5812,540,2,1,3.0
5813,55.2,2,2,2.6989700043360187
5814,555,2,2,2.6989700043360187
5815,56.0,2,2,2.6989700043360187
5816,56.8,2,2,2.6989700043360187
5817,567,2,2,2.6989700043360187
5818,568,2,2,2.6989700043360187
5819,57.1,2,2,2.6989700043360187
5820,58-year-old,2,2,2.6989700043360187
5821,58.0,2,2,2.6989700043360187
5822,583,2,2,2.6989700043360187
5823,584,2,2,2.6989700043360187
5824,59-year-old,2,2,2.6989700043360187
5825,59.3,2,2,2.6989700043360187
5826,6-10,2,2,2.6989700043360187
5827,6-min,2,2,2.6989700043360187
5828,6.49,2,2,2.6989700043360187
5829,6.56,2,2,2.6989700043360187
5830,60.0,2,2,2.6989700043360187
5831,60.6,2,2,2.6989700043360187
5832,600,2,2,2.6989700043360187
5833,609,2,2,2.6989700043360187
5834,610,2,2,2.6989700043360187
5835,611,2,2,2.6989700043360187
5836,613,2,2,2.6989700043360187
5837,62.0,2,2,2.6989700043360187
5838,62.1,2,2,2.6989700043360187
5839,62.6,2,2,2.6989700043360187
5840,62.8,2,2,2.6989700043360187
5841,63.3,2,2,2.6989700043360187
5842,63.5,2,2,2.6989700043360187
5843,630,2,2,2.6989700043360187
5844,639,2,2,2.6989700043360187
5845,650,2,2,2.6989700043360187
5846,653,2,2,2.6989700043360187
5847,66.1,2,2,2.6989700043360187
5848,66.7,2,2,2.6989700043360187
5849,67.1,2,2,2.6989700043360187
5850,693,2,2,2.6989700043360187
5851,694,2,2,2.6989700043360187
5852,7-36,2,2,2.6989700043360187
5853,7-point,2,2,2.6989700043360187
5854,7.37,2,2,2.6989700043360187
5855,7.88,2,2,2.6989700043360187
5856,70-180,2,2,2.6989700043360187
5857,704,2,2,2.6989700043360187
5858,71.3,2,2,2.6989700043360187
5859,71.4,2,2,2.6989700043360187
5860,712,2,2,2.6989700043360187
5861,720,2,1,3.0
5862,7218,2,1,3.0
5863,725,2,2,2.6989700043360187
5864,733,2,2,2.6989700043360187
5865,740,2,2,2.6989700043360187
5866,75.6,2,1,3.0
5867,750,2,2,2.6989700043360187
5868,76.1,2,2,2.6989700043360187
5869,760,2,2,2.6989700043360187
5870,79.5,2,2,2.6989700043360187
5871,8-11,2,1,3.0
5872,8-6,2,1,3.0
5873,8-hr,2,1,3.0
5874,8-week,2,2,2.6989700043360187
5875,8.8,2,2,2.6989700043360187
5876,8.96,2,2,2.6989700043360187
5877,80.6,2,2,2.6989700043360187
5878,800,2,2,2.6989700043360187
5879,807,2,2,2.6989700043360187
5880,816,2,2,2.6989700043360187
5881,82.1,2,2,2.6989700043360187
5882,826,2,1,3.0
5883,830,2,2,2.6989700043360187
5884,84.2,2,2,2.6989700043360187
5885,844,2,2,2.6989700043360187
5886,85.2,2,2,2.6989700043360187
5887,85.5,2,2,2.6989700043360187
5888,852,2,2,2.6989700043360187
5889,87.3,2,2,2.6989700043360187
5890,874,2,2,2.6989700043360187
5891,882,2,2,2.6989700043360187
5892,89.5,2,2,2.6989700043360187
5893,899,2,2,2.6989700043360187
5894,9-39,2,2,2.6989700043360187
5895,90.0,2,2,2.6989700043360187
5896,929,2,1,3.0
5897,934,2,2,2.6989700043360187
5898,94.7,2,2,2.6989700043360187
5899,948,2,2,2.6989700043360187
5900,95th,2,2,2.6989700043360187
5901,96.7,2,2,2.6989700043360187
5902,97.3,2,2,2.6989700043360187
5903,97.9,2,2,2.6989700043360187
5904,980,2,1,3.0
5905,987,2,2,2.6989700043360187
5906,988,2,2,2.6989700043360187
5907,993,2,2,2.6989700043360187
5908,a2g,2,1,3.0
5909,a316t,2,1,3.0
5910,abbrevi,2,2,2.6989700043360187
5911,abcd,2,1,3.0
5912,abdominoplasti,2,1,3.0
5913,abort,2,1,3.0
5914,abrog,2,2,2.6989700043360187
5915,abrupt,2,1,3.0
5916,absorptiometri,2,2,2.6989700043360187
5917,acanthosi,2,2,2.6989700043360187
5918,accura,2,1,3.0
5919,acetonitril,2,2,2.6989700043360187
5920,achil,2,1,3.0
5921,acidosi,2,2,2.6989700043360187
5922,acknowledg,2,2,2.6989700043360187
5923,acn,2,2,2.6989700043360187
5924,acrylamido,2,1,3.0
5925,actual,2,2,2.6989700043360187
5926,acuiti,2,1,3.0
5927,acvr2a,2,1,3.0
5928,acyl,2,2,2.6989700043360187
5929,addictive-substance,2,1,3.0
5930,adenoma,2,1,3.0
5931,adipocyte-derived,2,2,2.6989700043360187
5932,adipor1,2,1,3.0
5933,adipose-tissue,2,2,2.6989700043360187
5934,adiposity-related,2,2,2.6989700043360187
5935,adj-p,2,1,3.0
5936,adjust-t1d,2,1,3.0
5937,advisori,2,1,3.0
5938,aerodigest,2,1,3.0
5939,affair,2,2,2.6989700043360187
5940,agb,2,2,2.6989700043360187
5941,age-rage,2,2,2.6989700043360187
5942,age-specific,2,2,2.6989700043360187
5943,age-stratified,2,2,2.6989700043360187
5944,aging-related,2,2,2.6989700043360187
5945,agonist-based,2,2,2.6989700043360187
5946,agonists-have,2,2,2.6989700043360187
5947,agrp,2,2,2.6989700043360187
5948,airway-intrinsic,2,1,3.0
5949,ala,2,1,3.0
5950,alanin,2,2,2.6989700043360187
5951,alaska,2,1,3.0
5952,albeit,2,2,2.6989700043360187
5953,alcohol-related,2,1,3.0
5954,ald,2,1,3.0
5955,aliv,2,2,2.6989700043360187
5956,alkaloid,2,2,2.6989700043360187
5957,allograft,2,1,3.0
5958,alloster,2,2,2.6989700043360187
5959,alpha-glucosidase,2,2,2.6989700043360187
5960,alveolar,2,2,2.6989700043360187
5961,alwai,2,2,2.6989700043360187
5962,ambigu,2,2,2.6989700043360187
5963,ambroxol,2,1,3.0
5964,amg133,2,2,2.6989700043360187
5965,amstar,2,2,2.6989700043360187
5966,amstar-2,2,1,3.0
5967,amy1r,2,1,3.0
5968,amylas,2,1,3.0
5969,amylin-like,2,1,3.0
5970,amyloid-β,2,2,2.6989700043360187
5971,anaerovorax,2,1,3.0
5972,analges,2,2,2.6989700043360187
5973,anaphylaxi,2,1,3.0
5974,ancova,2,1,3.0
5975,anesthesiologist,2,2,2.6989700043360187
5976,angel,2,1,3.0
5977,angiogenesi,2,2,2.6989700043360187
5978,anhedonia-like,2,1,3.0
5979,ankl,2,1,3.0
5980,announc,2,1,3.0
5981,annualis,2,1,3.0
5982,anti-atherosclerotic,2,2,2.6989700043360187
5983,anti-kindling,2,1,3.0
5984,anti-senescence,2,2,2.6989700043360187
5985,antibiotic-induced,2,1,3.0
5986,antiepilept,2,2,2.6989700043360187
5987,antifibrot,2,2,2.6989700043360187
5988,antiglycem,2,1,3.0
5989,antineoplast,2,2,2.6989700043360187
5990,antipsychotic-related,2,2,2.6989700043360187
5991,antisens,2,2,2.6989700043360187
5992,antitumor,2,2,2.6989700043360187
5993,apart,2,2,2.6989700043360187
5994,apj,2,1,3.0
5995,apob,2,1,3.0
5996,apoptot,2,2,2.6989700043360187
5997,appetite-regulating,2,2,2.6989700043360187
5998,aqp4,2,1,3.0
5999,aquaporin,2,1,3.0
6000,areata,2,1,3.0
6001,arginas,2,1,3.0
6002,argument,2,2,2.6989700043360187
6003,aromat,2,2,2.6989700043360187
6004,arr,2,1,3.0
6005,arrest,2,2,2.6989700043360187
6006,arthrodesi,2,1,3.0
6007,aryl,2,2,2.6989700043360187
6008,as-yet,2,2,2.6989700043360187
6009,asbt,2,2,2.6989700043360187
6010,ascend,2,1,3.0
6011,asia-pacific,2,2,2.6989700043360187
6012,ask1,2,2,2.6989700043360187
6013,asn,2,1,3.0
6014,aspiration-related,2,2,2.6989700043360187
6015,aspirin,2,1,3.0
6016,asq,2,1,3.0
6017,assessor,2,2,2.6989700043360187
6018,atf6,2,2,2.6989700043360187
6019,atherothrombot,2,2,2.6989700043360187
6020,atop,2,1,3.0
6021,atorvastatin,2,1,3.0
6022,atp-binding,2,2,2.6989700043360187
6023,atpas,2,2,2.6989700043360187
6024,attach,2,2,2.6989700043360187
6025,attack,2,2,2.6989700043360187
6026,attitudin,2,1,3.0
6027,auc0-120,2,1,3.0
6028,author-proposed,2,1,3.0
6029,autophoni,2,2,2.6989700043360187
6030,aviitam,2,1,3.0
6031,awai,2,2,2.6989700043360187
6032,awaken,2,1,3.0
6033,b-cell-directed,2,1,3.0
6034,b6,2,2,2.6989700043360187
6035,backbon,2,2,2.6989700043360187
6036,bacteriom,2,1,3.0
6037,balloon,2,2,2.6989700043360187
6038,band,2,2,2.6989700043360187
6039,bardoxolon,2,2,2.6989700043360187
6040,baseline-subtracted,2,2,2.6989700043360187
6041,bax,2,1,3.0
6042,bay,2,2,2.6989700043360187
6043,bcl-2,2,1,3.0
6044,bcrp,2,1,3.0
6045,bdnf-related,2,1,3.0
6046,becam,2,1,3.0
6047,beig,2,1,3.0
6048,berri,2,1,3.0
6049,best-characterized,2,2,2.6989700043360187
6050,between-study,2,2,2.6989700043360187
6051,bidirection,2,2,2.6989700043360187
6052,biguanid,2,2,2.6989700043360187
6053,biocompat,2,2,2.6989700043360187
6054,bioelectromagnet,2,1,3.0
6055,bioinspir,2,1,3.0
6056,biomechan,2,2,2.6989700043360187
6057,biomimet,2,1,3.0
6058,biophys,2,2,2.6989700043360187
6059,biopro,2,1,3.0
6060,biosensor,2,1,3.0
6061,biosimilar,2,2,2.6989700043360187
6062,biotransform,2,2,2.6989700043360187
6063,bladder,2,2,2.6989700043360187
6064,bleomycin,2,2,2.6989700043360187
6065,blephar,2,1,3.0
6066,bliss,2,1,3.0
6067,bmc,2,1,3.0
6068,bmdm,2,2,2.6989700043360187
6069,bmsc,2,1,3.0
6070,board,2,2,2.6989700043360187
6071,body-mass,2,2,2.6989700043360187
6072,bone-derived,2,2,2.6989700043360187
6073,bone-specific,2,1,3.0
6074,bonferroni,2,2,2.6989700043360187
6075,boost,2,2,2.6989700043360187
6076,bpa,2,1,3.0
6077,bradyarrhythmia,2,1,3.0
6078,brain-derived,2,2,2.6989700043360187
6079,brazil,2,1,3.0
6080,bread,2,1,3.0
6081,breakdown,2,2,2.6989700043360187
6082,breakfast,2,2,2.6989700043360187
6083,breakpoint,2,1,3.0
6084,briefli,2,2,2.6989700043360187
6085,brigham,2,2,2.6989700043360187
6086,broiler,2,1,3.0
6087,bruis,2,1,3.0
6088,bv2,2,1,3.0
6089,c-cell,2,2,2.6989700043360187
6090,c-terminal,2,2,2.6989700043360187
6091,cac,2,1,3.0
6092,cachexia,2,2,2.6989700043360187
6093,cagrilintide-semaglutide,2,2,2.6989700043360187
6094,calcif,2,2,2.6989700043360187
6095,calinski-harabasz,2,1,3.0
6096,camkiv,2,2,2.6989700043360187
6097,camkk,2,2,2.6989700043360187
6098,canagliflozin,2,1,3.0
6099,carbohydrate-first,2,1,3.0
6100,carboxylas,2,2,2.6989700043360187
6101,cardio-ankle,2,2,2.6989700043360187
6102,cardio-kidney,2,1,3.0
6103,cardio-metabolic,2,2,2.6989700043360187
6104,cardio-renal-metabolic,2,2,2.6989700043360187
6105,cardiohepatic-metabolic,2,1,3.0
6106,cardiologist,2,2,2.6989700043360187
6107,cardiorespiratori,2,2,2.6989700043360187
6108,cardiovers,2,2,2.6989700043360187
6109,carolina,2,1,3.0
6110,carotid,2,2,2.6989700043360187
6111,casp3,2,1,3.0
6112,cassett,2,2,2.6989700043360187
6113,catalogu,2,2,2.6989700043360187
6114,catalyt,2,2,2.6989700043360187
6115,categoris,2,2,2.6989700043360187
6116,cav1-β-catenin,2,1,3.0
6117,cc-401,2,1,3.0
6118,cca,2,1,3.0
6119,cci,2,1,3.0
6120,ccm,2,1,3.0
6121,cd163,2,2,2.6989700043360187
6122,cell-derived,2,2,2.6989700043360187
6123,cell-mediated,2,1,3.0
6124,center6,2,1,3.0
6125,cgi,2,1,3.0
6126,cgi-open-bin,2,1,3.0
6127,chalazia,2,1,3.0
6128,chase,2,1,3.0
6129,cha₂ds₂-vasc,2,1,3.0
6130,cheer,2,2,2.6989700043360187
6131,chemesthesi,2,1,3.0
6132,chemistri,2,1,3.0
6133,chemoprevent,2,2,2.6989700043360187
6134,children's,2,1,3.0
6135,cholecystectomi,2,2,2.6989700043360187
6136,choledocholithiasi,2,2,2.6989700043360187
6137,cholestat,2,2,2.6989700043360187
6138,choroid,2,1,3.0
6139,chose,2,1,3.0
6140,chow,2,2,2.6989700043360187
6141,chromosom,2,2,2.6989700043360187
6142,cia,2,1,3.0
6143,cis-expression,2,2,2.6989700043360187
6144,clalit,2,2,2.6989700043360187
6145,class-specific,2,2,2.6989700043360187
6146,cliff,2,1,3.0
6147,clinician-administered,2,1,3.0
6148,clinician-rated,2,1,3.0
6149,clinician-supervised,2,1,3.0
6150,clonogen,2,1,3.0
6151,co-administered,2,2,2.6989700043360187
6152,co-morbid,2,1,3.0
6153,co-occurring,2,1,3.0
6154,cochran-armitage,2,2,2.6989700043360187
6155,cohen's,2,1,3.0
6156,col4a1,2,1,3.0
6157,colchicin,2,2,2.6989700043360187
6158,colony-forming,2,2,2.6989700043360187
6159,column,2,2,2.6989700043360187
6160,commend,2,2,2.6989700043360187
6161,comment,2,2,2.6989700043360187
6162,community-level,2,2,2.6989700043360187
6163,compkt,2,1,3.0
6164,complementar,2,2,2.6989700043360187
6165,compos,2,2,2.6989700043360187
6166,compress,2,2,2.6989700043360187
6167,concentration-dependent,2,2,2.6989700043360187
6168,condition,2,1,3.0
6169,congenit,2,2,2.6989700043360187
6170,congest,2,2,2.6989700043360187
6171,conjug,2,2,2.6989700043360187
6172,consensus-based,2,2,2.6989700043360187
6173,consequenti,2,2,2.6989700043360187
6174,consortium,2,2,2.6989700043360187
6175,constant,2,2,2.6989700043360187
6176,constel,2,1,3.0
6177,contractil,2,2,2.6989700043360187
6178,contrast-induced,2,2,2.6989700043360187
6179,contributori,2,2,2.6989700043360187
6180,conveni,2,2,2.6989700043360187
6181,copd,2,1,3.0
6182,copi,2,1,3.0
6183,corneal,2,1,3.0
6184,cost-utility,2,1,3.0
6185,costli,2,2,2.6989700043360187
6186,counter,2,2,2.6989700043360187
6187,cox-1,2,1,3.0
6188,cpap-restricted,2,1,3.0
6189,cprd,2,2,2.6989700043360187
6190,crd420251150683,2,1,3.0
6191,crd420261327235,2,1,3.0
6192,crd420261354386,2,1,3.0
6193,cross,2,2,2.6989700043360187
6194,cross-clinic,2,1,3.0
6195,cross-cultural,2,2,2.6989700043360187
6196,cross-study,2,2,2.6989700043360187
6197,cross-talk,2,2,2.6989700043360187
6198,crosslink,2,2,2.6989700043360187
6199,crude,2,1,3.0
6200,crypt,2,2,2.6989700043360187
6201,csf,2,1,3.0
6202,css,2,1,3.0
6203,ctla4,2,1,3.0
6204,ctri,2,1,3.0
6205,cue-induced,2,2,2.6989700043360187
6206,cue-reactivity,2,1,3.0
6207,cultiv,2,1,3.0
6208,cultivar,2,1,3.0
6209,cum,2,1,3.0
6210,cycloheximid,2,1,3.0
6211,cynomolgu,2,1,3.0
6212,cyp2d6,2,2,2.6989700043360187
6213,cyp3a,2,1,3.0
6214,cytocompat,2,1,3.0
6215,d-ser18-semaglutide,2,1,3.0
6216,da-based,2,1,3.0
6217,daergic,2,1,3.0
6218,dairi,2,1,3.0
6219,damp,2,1,3.0
6220,dasatinib,2,2,2.6989700043360187
6221,data-driven,2,2,2.6989700043360187
6222,davies-bouldin,2,1,3.0
6223,dd01-dn-02,2,1,3.0
6224,ddi,2,1,3.0
6225,de-novo,2,1,3.0
6226,debri,2,1,3.0
6227,dechalleng,2,2,2.6989700043360187
6228,declar,2,2,2.6989700043360187
6229,decongest,2,2,2.6989700043360187
6230,deconstruct,2,2,2.6989700043360187
6231,deficiency-related,2,1,3.0
6232,degludec,2,2,2.6989700043360187
6233,dehydr,2,2,2.6989700043360187
6234,dehydrogenas,2,2,2.6989700043360187
6235,dementia-related,2,1,3.0
6236,denmark,2,2,2.6989700043360187
6237,denomin,2,2,2.6989700043360187
6238,deploy,2,2,2.6989700043360187
6239,depriv,2,1,3.0
6240,derang,2,2,2.6989700043360187
6241,dermatos,2,1,3.0
6242,designretrospect,2,2,2.6989700043360187
6243,destruct,2,2,2.6989700043360187
6244,desulfovibrio,2,2,2.6989700043360187
6245,device-guided,2,1,3.0
6246,dft,2,1,3.0
6247,diabetic-only,2,1,3.0
6248,diabetologist,2,2,2.6989700043360187
6249,dian,2,1,3.0
6250,diarylheptanoid,2,1,3.0
6251,dictat,2,2,2.6989700043360187
6252,didn't,2,1,3.0
6253,diet-sensitive,2,1,3.0
6254,dietcamb,2,1,3.0
6255,dietet,2,1,3.0
6256,difficil,2,1,3.0
6257,dimethylarginin,2,2,2.6989700043360187
6258,dipol,2,1,3.0
6259,direct-to-consumer,2,2,2.6989700043360187
6260,discern,2,1,3.0
6261,disciplinari,2,2,2.6989700043360187
6262,disclos,2,2,2.6989700043360187
6263,discord,2,2,2.6989700043360187
6264,discount,2,2,2.6989700043360187
6265,disease-modification,2,2,2.6989700043360187
6266,disease-trajectory,2,1,3.0
6267,dispos,2,2,2.6989700043360187
6268,disposit,2,2,2.6989700043360187
6269,disput,2,2,2.6989700043360187
6270,dissemin,2,2,2.6989700043360187
6271,distal,2,2,2.6989700043360187
6272,diterpenoid,2,1,3.0
6273,dls-conditioned,2,1,3.0
6274,dod,2,1,3.0
6275,doi,2,2,2.6989700043360187
6276,done,2,2,2.6989700043360187
6277,donor-specific,2,2,2.6989700043360187
6278,dosag,2,2,2.6989700043360187
6279,dose-escalation,2,2,2.6989700043360187
6280,dose-reduced,2,1,3.0
6281,dose-related,2,2,2.6989700043360187
6282,dose-titrated,2,1,3.0
6283,dotap,2,1,3.0
6284,double-masked,2,1,3.0
6285,doubli,2,1,3.0
6286,doxycyclin,2,1,3.0
6287,dp,2,1,3.0
6288,drain,2,2,2.6989700043360187
6289,drp1,2,1,3.0
6290,drug-associated,2,1,3.0
6291,drug-based,2,1,3.0
6292,drug-biomarker,2,1,3.0
6293,drug-drug,2,2,2.6989700043360187
6294,drug-free,2,2,2.6989700043360187
6295,drug-seeking,2,2,2.6989700043360187
6296,druggabl,2,2,2.6989700043360187
6297,dsn,2,1,3.0
6298,dtsqc,2,1,3.0
6299,dual-agonist,2,2,2.6989700043360187
6300,dual-energy,2,2,2.6989700043360187
6301,dual-incretin,2,2,2.6989700043360187
6302,dual-luciferase,2,2,2.6989700043360187
6303,dual-targeting,2,2,2.6989700043360187
6304,dupilumab,2,1,3.0
6305,duplic,2,2,2.6989700043360187
6306,dxa,2,1,3.0
6307,dysesthesia,2,2,2.6989700043360187
6308,dysglycemia,2,2,2.6989700043360187
6309,dysplasia,2,2,2.6989700043360187
6310,e-selectin,2,1,3.0
6311,e-values,2,1,3.0
6312,e11,2,2,2.6989700043360187
6313,earliest,2,2,2.6989700043360187
6314,easi,2,2,2.6989700043360187
6315,east,2,2,2.6989700043360187
6316,ebgm,2,2,2.6989700043360187
6317,ecd,2,2,2.6989700043360187
6318,ecg,2,2,2.6989700043360187
6319,edit,2,2,2.6989700043360187
6320,ee,2,1,3.0
6321,eel,2,1,3.0
6322,egcg,2,1,3.0
6323,egfr-stratified,2,1,3.0
6324,egr1,2,1,3.0
6325,eif2α,2,2,2.6989700043360187
6326,eighteen,2,2,2.6989700043360187
6327,elabor,2,2,2.6989700043360187
6328,elast,2,1,3.0
6329,electroacupunctur,2,2,2.6989700043360187
6330,enact,2,2,2.6989700043360187
6331,encephalopathi,2,2,2.6989700043360187
6332,end-organ,2,2,2.6989700043360187
6333,endobariatr,2,2,2.6989700043360187
6334,endocrine-related,2,1,3.0
6335,endocrinologist,2,2,2.6989700043360187
6336,endometriosi,2,1,3.0
6337,endoscopist,2,2,2.6989700043360187
6338,endothelin-1,2,2,2.6989700043360187
6339,endothelium,2,1,3.0
6340,endotoxemia,2,2,2.6989700043360187
6341,endotyp,2,2,2.6989700043360187
6342,enjoy,2,1,3.0
6343,enterocyt,2,2,2.6989700043360187
6344,enzyme-linked,2,2,2.6989700043360187
6345,eosin,2,2,2.6989700043360187
6346,epic,2,2,2.6989700043360187
6347,epigallocatechin,2,2,2.6989700043360187
6348,epigastr,2,2,2.6989700043360187
6349,epigenom,2,2,2.6989700043360187
6350,epitranscriptom,2,2,2.6989700043360187
6351,equilibrium,2,2,2.6989700043360187
6352,er-proteostasis,2,1,3.0
6353,ertugliflozin,2,1,3.0
6354,erythropoietin,2,1,3.0
6355,escap,2,2,2.6989700043360187
6356,esrd,2,2,2.6989700043360187
6357,essenc,2,2,2.6989700043360187
6358,eudravigil,2,2,2.6989700043360187
6359,euglycemia,2,1,3.0
6360,europ,2,2,2.6989700043360187
6361,european-ancestry,2,1,3.0
6362,evenli,2,2,2.6989700043360187
6363,ever,2,2,2.6989700043360187
6364,evogliptin,2,1,3.0
6365,evt-treated,2,1,3.0
6366,ex4,2,1,3.0
6367,exactli,2,2,2.6989700043360187
6368,exendin,2,2,2.6989700043360187
6369,exercise-responsive,2,1,3.0
6370,exhaust,2,2,2.6989700043360187
6371,exocytosi,2,2,2.6989700043360187
6372,extrapyramid,2,1,3.0
6373,eyelid,2,1,3.0
6374,f,2,2,2.6989700043360187
6375,f10,2,1,3.0
6376,factor-1α,2,2,2.6989700043360187
6377,faecalibaculum,2,2,2.6989700043360187
6378,familiar,2,2,2.6989700043360187
6379,family-based,2,2,2.6989700043360187
6380,family-centered,2,2,2.6989700043360187
6381,farnesoid,2,2,2.6989700043360187
6382,fasting-state,2,1,3.0
6383,fat-predominant,2,2,2.6989700043360187
6384,fat-soluble,2,1,3.0
6385,fatal,2,2,2.6989700043360187
6386,fe2,2,2,2.6989700043360187
6387,feb,2,2,2.6989700043360187
6388,feel,2,2,2.6989700043360187
6389,fell,2,2,2.6989700043360187
6390,felt,2,1,3.0
6391,fenofibr,2,1,3.0
6392,ferroptot,2,2,2.6989700043360187
6393,ffar2,2,2,2.6989700043360187
6394,ffar3,2,2,2.6989700043360187
6395,fga,2,1,3.0
6396,fgf,2,2,2.6989700043360187
6397,fgf19,2,1,3.0
6398,fiber-rich,2,2,2.6989700043360187
6399,fibr,2,2,2.6989700043360187
6400,fibrat,2,2,2.6989700043360187
6401,fibrinolyt,2,1,3.0
6402,fibrogen,2,1,3.0
6403,fidel,2,2,2.6989700043360187
6404,fifteen,2,2,2.6989700043360187
6405,fifti,2,2,2.6989700043360187
6406,fighting-2,2,1,3.0
6407,filter,2,1,3.0
6408,fine-gray,2,2,2.6989700043360187
6409,fingerprint,2,1,3.0
6410,finland,2,2,2.6989700043360187
6411,finnish,2,2,2.6989700043360187
6412,first-in-class,2,2,2.6989700043360187
6413,first-pass,2,2,2.6989700043360187
6414,fish,2,1,3.0
6415,fisher's,2,2,2.6989700043360187
6416,fission,2,1,3.0
6417,five-year,2,2,2.6989700043360187
6418,fixed-choice,2,1,3.0
6419,fixed-effect,2,2,2.6989700043360187
6420,flag,2,2,2.6989700043360187
6421,flap,2,1,3.0
6422,flare,2,1,3.0
6423,flavor,2,1,3.0
6424,fmoc-spps,2,1,3.0
6425,foenum-graecum,2,1,3.0
6426,follicle-stimulating,2,2,2.6989700043360187
6427,food-based,2,2,2.6989700043360187
6428,footbal,2,1,3.0
6429,forest,2,2,2.6989700043360187
6430,formulation-specific,2,2,2.6989700043360187
6431,forty-one,2,2,2.6989700043360187
6432,forty-two,2,2,2.6989700043360187
6433,foster,2,2,2.6989700043360187
6434,four-axis,2,2,2.6989700043360187
6435,four-method,2,1,3.0
6436,fourth,2,2,2.6989700043360187
6437,fourth-line,2,1,3.0
6438,fqhc,2,1,3.0
6439,fr,2,1,3.0
6440,framingham,2,1,3.0
6441,fraudul,2,1,3.0
6442,frc,2,1,3.0
6443,freeli,2,1,3.0
6444,frontotempor,2,1,3.0
6445,fructos,2,2,2.6989700043360187
6446,fructosamin,2,1,3.0
6447,fruit,2,2,2.6989700043360187
6448,fsg,2,1,3.0
6449,full-dose,2,1,3.0
6450,fundopl,2,1,3.0
6451,fuse,2,2,2.6989700043360187
6452,fw,2,1,3.0
6453,fxiiia,2,1,3.0
6454,g2,2,2,2.6989700043360187
6455,galectin-3,2,1,3.0
6456,gallat,2,2,2.6989700043360187
6457,garner,2,2,2.6989700043360187
6458,gasdermin,2,2,2.6989700043360187
6459,gastrointestinal-related,2,2,2.6989700043360187
6460,gate,2,2,2.6989700043360187
6461,gba,2,1,3.0
6462,gbsa,2,1,3.0
6463,gcg-positive,2,1,3.0
6464,gdf15,2,1,3.0
6465,gdmt,2,1,3.0
6466,ged,2,1,3.0
6467,gemigliptin,2,1,3.0
6468,genera,2,2,2.6989700043360187
6469,genotype-tissue,2,2,2.6989700043360187
6470,genu,2,2,2.6989700043360187
6471,genuin,2,2,2.6989700043360187
6472,geographi,2,1,3.0
6473,germani,2,2,2.6989700043360187
6474,germlin,2,1,3.0
6475,gfap-positive,2,1,3.0
6476,ghr,2,1,3.0
6477,github,2,1,3.0
6478,glk,2,1,3.0
6479,glp-1-associated,2,2,2.6989700043360187
6480,glp-1-degrading,2,2,2.6989700043360187
6481,glp-1-induced,2,2,2.6989700043360187
6482,glp-1-ra,2,1,3.0
6483,glp-1-specific,2,2,2.6989700043360187
6484,glp-1as,2,2,2.6989700043360187
6485,glp-1r-dependent,2,2,2.6989700043360187
6486,glp-1rtanycytekd,2,1,3.0
6487,glucagon-immunopositive,2,1,3.0
6488,gluconeogenesi,2,2,2.6989700043360187
6489,glucose-regulating,2,2,2.6989700043360187
6490,glut2,2,2,2.6989700043360187
6491,glutamaterg,2,1,3.0
6492,glutathion,2,2,2.6989700043360187
6493,glycosyl,2,2,2.6989700043360187
6494,gnf4877,2,1,3.0
6495,goc,2,1,3.0
6496,gold,2,2,2.6989700043360187
6497,good-quality,2,2,2.6989700043360187
6498,goto-kakizaki,2,2,2.6989700043360187
6499,gout,2,1,3.0
6500,gpr107,2,1,3.0
6501,grab,2,1,3.0
6502,grain,2,2,2.6989700043360187
6503,grape,2,1,3.0
6504,greedi,2,2,2.6989700043360187
6505,grei,2,2,2.6989700043360187
6506,grew,2,2,2.6989700043360187
6507,guanyl,2,2,2.6989700043360187
6508,guinea-pig,2,1,3.0
6509,gut-hormone,2,2,2.6989700043360187
6510,göttingen,2,1,3.0
6511,h-bond,2,1,3.0
6512,h2s,2,1,3.0
6513,har,2,2,2.6989700043360187
6514,harvest,2,2,2.6989700043360187
6515,heat,2,1,3.0
6516,heavili,2,2,2.6989700043360187
6517,hei-2015,2,1,3.0
6518,heloderma,2,1,3.0
6519,hematoxylin,2,2,2.6989700043360187
6520,hemoglobin-a1c,2,2,2.6989700043360187
6521,hemostat,2,1,3.0
6522,herb,2,2,2.6989700043360187
6523,hereaft,2,2,2.6989700043360187
6524,heterodimer,2,1,3.0
6525,heterozygos,2,1,3.0
6526,hfd-induced,2,1,3.0
6527,hfs-ii,2,1,3.0
6528,hierarchi,2,2,2.6989700043360187
6529,high-cost,2,2,2.6989700043360187
6530,high-fat-diet-induced,2,2,2.6989700043360187
6531,high-impact,2,2,2.6989700043360187
6532,higher-dose,2,1,3.0
6533,higher-risk,2,2,2.6989700043360187
6534,hinder,2,2,2.6989700043360187
6535,histomorphometri,2,1,3.0
6536,hl-1,2,1,3.0
6537,hmw,2,1,3.0
6538,homo-lumo,2,1,3.0
6539,hormonal-phenotype,2,1,3.0
6540,hous,2,2,2.6989700043360187
6541,hsa,2,1,3.0
6542,htrf,2,1,3.0
6543,hungri,2,1,3.0
6544,hv,2,1,3.0
6545,hydrolas,2,2,2.6989700043360187
6546,hypercholesterolemia,2,2,2.6989700043360187
6547,hyperglucagonemia,2,1,3.0
6548,hypersecret,2,2,2.6989700043360187
6549,hypoglycemia-related,2,1,3.0
6550,hypoman,2,1,3.0
6551,hypothesis,2,2,2.6989700043360187
6552,hypotonia,2,1,3.0
6553,hypoxia-driven,2,1,3.0
6554,hypoxia-suppressive,2,1,3.0
6555,i-squared,2,2,2.6989700043360187
6556,iatrogen,2,2,2.6989700043360187
6557,ibs-c,2,1,3.0
6558,ibs-d,2,1,3.0
6559,icam-1,2,1,3.0
6560,icd,2,2,2.6989700043360187
6561,ich,2,1,3.0
6562,ichd,2,1,3.0
6563,ie,2,2,2.6989700043360187
6564,igg4,2,2,2.6989700043360187
6565,il1-beta,2,1,3.0
6566,il18,2,1,3.0
6567,il2ra,2,1,3.0
6568,il6,2,1,3.0
6569,ild,2,1,3.0
6570,ileum,2,2,2.6989700043360187
6571,ili,2,1,3.0
6572,immune-inflammatory,2,2,2.6989700043360187
6573,immunoglobulin,2,2,2.6989700043360187
6574,immunopatholog,2,2,2.6989700043360187
6575,immunoposit,2,1,3.0
6576,immunosorb,2,2,2.6989700043360187
6577,impot,2,1,3.0
6578,impress,2,2,2.6989700043360187
6579,inabl,2,1,3.0
6580,inaccess,2,2,2.6989700043360187
6581,inaccur,2,2,2.6989700043360187
6582,inadequaci,2,1,3.0
6583,incorrect,2,2,2.6989700043360187
6584,incretin-induced,2,1,3.0
6585,indi,2,1,3.0
6586,indigest,2,1,3.0
6587,industri,2,2,2.6989700043360187
6588,inert,2,1,3.0
6589,inferenti,2,2,2.6989700043360187
6590,inferior,2,2,2.6989700043360187
6591,infin,2,2,2.6989700043360187
6592,inflammation-mediated,2,2,2.6989700043360187
6593,influx,2,2,2.6989700043360187
6594,infrequ,2,2,2.6989700043360187
6595,inhibitor-1,2,2,2.6989700043360187
6596,inovalon,2,2,2.6989700043360187
6597,insomnia,2,1,3.0
6598,instanc,2,2,2.6989700043360187
6599,insulin-based,2,2,2.6989700043360187
6600,insulin-granule,2,2,2.6989700043360187
6601,insulin-related,2,2,2.6989700043360187
6602,insulin-responsive,2,2,2.6989700043360187
6603,insurance-related,2,2,2.6989700043360187
6604,intent,2,2,2.6989700043360187
6605,inter-organ,2,2,2.6989700043360187
6606,interdepend,2,2,2.6989700043360187
6607,interfer,2,2,2.6989700043360187
6608,interleukin-17,2,1,3.0
6609,interprofession,2,1,3.0
6610,intervertebr,2,1,3.0
6611,intl-abca1,2,1,3.0
6612,intragastr,2,2,2.6989700043360187
6613,intrahepat,2,2,2.6989700043360187
6614,intramuscular,2,1,3.0
6615,intranas,2,2,2.6989700043360187
6616,intraperiton,2,2,2.6989700043360187
6617,intraren,2,2,2.6989700043360187
6618,intrauterin,2,1,3.0
6619,intrus,2,2,2.6989700043360187
6620,ion-exchange,2,1,3.0
6621,ipsilater,2,1,3.0
6622,ipw,2,1,3.0
6623,iqvia,2,2,2.6989700043360187
6624,iridoid,2,1,3.0
6625,irrit,2,2,2.6989700043360187
6626,irs-1,2,2,2.6989700043360187
6627,isotop,2,2,2.6989700043360187
6628,isr,2,1,3.0
6629,italian,2,2,2.6989700043360187
6630,jama,2,1,3.0
6631,jointli,2,2,2.6989700043360187
6632,journei,2,2,2.6989700043360187
6633,jp,2,1,3.0
6634,justif,2,2,2.6989700043360187
6635,k48-linked,2,1,3.0
6636,kap,2,1,3.0
6637,katp,2,1,3.0
6638,kccq-css,2,2,2.6989700043360187
6639,kda,2,2,2.6989700043360187
6640,keratinocyt,2,2,2.6989700043360187
6641,ketamin,2,1,3.0
6642,ketogen,2,1,3.0
6643,ketonaemia,2,1,3.0
6644,ketosis-prone,2,2,2.6989700043360187
6645,kg-1,2,2,2.6989700043360187
6646,kidney-related,2,1,3.0
6647,kingdom,2,2,2.6989700043360187
6648,knock-in,2,2,2.6989700043360187
6649,kynurenin,2,1,3.0
6650,la,2,1,3.0
6651,labdan,2,1,3.0
6652,laboratory-based,2,2,2.6989700043360187
6653,lachnoclostridium,2,2,2.6989700043360187
6654,lachnospiracea,2,2,2.6989700043360187
6655,lactobacillacea,2,2,2.6989700043360187
6656,lanifibranor,2,2,2.6989700043360187
6657,lastli,2,2,2.6989700043360187
6658,latenc,2,2,2.6989700043360187
6659,laterality-verified,2,1,3.0
6660,latin,2,2,2.6989700043360187
6661,launch,2,2,2.6989700043360187
6662,lc-hrms,2,1,3.0
6663,ldh,2,2,2.6989700043360187
6664,leave-one-out,2,1,3.0
6665,left-sided,2,1,3.0
6666,legisl,2,2,2.6989700043360187
6667,len,2,2,2.6989700043360187
6668,lesion,2,1,3.0
6669,lessen,2,2,2.6989700043360187
6670,lesson,2,2,2.6989700043360187
6671,letrozol,2,2,2.6989700043360187
6672,letter,2,2,2.6989700043360187
6673,leu32,2,1,3.0
6674,leucettin,2,1,3.0
6675,lewi,2,1,3.0
6676,li,2,2,2.6989700043360187
6677,lifestyle-based,2,2,2.6989700043360187
6678,lift,2,2,2.6989700043360187
6679,ligilactobacillu,2,2,2.6989700043360187
6680,linezolid,2,1,3.0
6681,linol,2,2,2.6989700043360187
6682,lipid-based,2,2,2.6989700043360187
6683,lipid-related,2,2,2.6989700043360187
6684,lipidom,2,1,3.0
6685,lipogen,2,2,2.6989700043360187
6686,lipogenesi,2,2,2.6989700043360187
6687,lipohypertrophi,2,1,3.0
6688,lipoprotein-cholesterol,2,2,2.6989700043360187
6689,litterm,2,2,2.6989700043360187
6690,lmic,2,1,3.0
6691,locomotor,2,2,2.6989700043360187
6692,log,2,2,2.6989700043360187
6693,longer-acting,2,2,2.6989700043360187
6694,longstand,2,2,2.6989700043360187
6695,low-fat,2,2,2.6989700043360187
6696,low-risk,2,2,2.6989700043360187
6697,low-to-moderate,2,2,2.6989700043360187
6698,lower-extremity,2,1,3.0
6699,lower-limb,2,2,2.6989700043360187
6700,lrrk2,2,1,3.0
6701,luciferas,2,2,2.6989700043360187
6702,lumen,2,2,2.6989700043360187
6703,lynch,2,1,3.0
6704,m4,2,1,3.0
6705,mainstai,2,2,2.6989700043360187
6706,malais,2,2,2.6989700043360187
6707,malnourish,2,2,2.6989700043360187
6708,mandatori,2,2,2.6989700043360187
6709,manic,2,1,3.0
6710,manufacturer-reported,2,1,3.0
6711,marri,2,2,2.6989700043360187
6712,mayo,2,1,3.0
6713,mechanism-based,2,2,2.6989700043360187
6714,medication-related,2,2,2.6989700043360187
6715,medication-safety,2,2,2.6989700043360187
6716,meibomian,2,1,3.0
6717,menopause-specific,2,1,3.0
6718,mental-health,2,1,3.0
6719,metabolic-associated,2,2,2.6989700043360187
6720,metabolic-proteinopathy,2,1,3.0
6721,metabolism-related,2,2,2.6989700043360187
6722,metabolite-sensing,2,2,2.6989700043360187
6723,metagenom,2,2,2.6989700043360187
6724,metformin-treated,2,1,3.0
6725,methodsth,2,2,2.6989700043360187
6726,methodsw,2,2,2.6989700043360187
6727,mexico,2,1,3.0
6728,micel,2,1,3.0
6729,michigan,2,1,3.0
6730,micro,2,2,2.6989700043360187
6731,micro-ct,2,2,2.6989700043360187
6732,microb,2,1,3.0
6733,microbiome-derived,2,2,2.6989700043360187
6734,microbiome-targeted,2,2,2.6989700043360187
6735,microbiota-associated,2,2,2.6989700043360187
6736,microbiota-colonized,2,1,3.0
6737,microbiota-derived,2,2,2.6989700043360187
6738,microbiota-targeted,2,2,2.6989700043360187
6739,microdomain,2,2,2.6989700043360187
6740,microglia,2,2,2.6989700043360187
6741,microrna,2,2,2.6989700043360187
6742,mid-term,2,2,2.6989700043360187
6743,middle-aged,2,2,2.6989700043360187
6744,middle-income,2,2,2.6989700043360187
6745,mileston,2,2,2.6989700043360187
6746,milieu,2,2,2.6989700043360187
6747,milt,2,1,3.0
6748,min6-derived,2,1,3.0
6749,mind,2,1,3.0
6750,mini,2,2,2.6989700043360187
6751,minipig,2,1,3.0
6752,mir-214-3p,2,1,3.0
6753,misfold,2,2,2.6989700043360187
6754,mismatch,2,2,2.6989700043360187
6755,missens,2,2,2.6989700043360187
6756,mitophagi,2,2,2.6989700043360187
6757,mitoro,2,1,3.0
6758,mk-626,2,1,3.0
6759,ml-1,2,1,3.0
6760,mm-pbsa,2,1,3.0
6761,mmp-1,2,1,3.0
6762,mmrm,2,1,3.0
6763,mna,2,1,3.0
6764,moderate-to-high,2,2,2.6989700043360187
6765,monoaminerg,2,2,2.6989700043360187
6766,monoclon,2,2,2.6989700043360187
6767,monoglobu,2,1,3.0
6768,monolay,2,2,2.6989700043360187
6769,mononuclear,2,1,3.0
6770,mononucleotid,2,2,2.6989700043360187
6771,moos,2,2,2.6989700043360187
6772,motivation,2,1,3.0
6773,movement,2,1,3.0
6774,mp3,2,1,3.0
6775,mtp-mtorc1i,2,1,3.0
6776,mucin,2,2,2.6989700043360187
6777,multi-ethnic,2,2,2.6989700043360187
6778,multi-faceted,2,1,3.0
6779,multi-mechanistic,2,2,2.6989700043360187
6780,multi-modal,2,2,2.6989700043360187
6781,multi-species,2,1,3.0
6782,multi-stage,2,2,2.6989700043360187
6783,multi-strain,2,1,3.0
6784,multi-system,2,2,2.6989700043360187
6785,multicompon,2,2,2.6989700043360187
6786,multidos,2,2,2.6989700043360187
6787,multifunct,2,1,3.0
6788,multilevel,2,2,2.6989700043360187
6789,multiorgan,2,2,2.6989700043360187
6790,multiple-ascending-dose,2,2,2.6989700043360187
6791,multiplex,2,2,2.6989700043360187
6792,multipol,2,1,3.0
6793,multival,2,2,2.6989700043360187
6794,multiyear,2,2,2.6989700043360187
6795,muscle-gut,2,1,3.0
6796,mussel-inspired,2,1,3.0
6797,myeloma,2,1,3.0
6798,myocyt,2,2,2.6989700043360187
6799,myopia-control,2,1,3.0
6800,myriad,2,2,2.6989700043360187
6801,nacl,2,1,3.0
6802,nano-phytomedicine,2,1,3.0
6803,naturalist,2,1,3.0
6804,naïve,2,2,2.6989700043360187
6805,nct02496611,2,1,3.0
6806,nct03574597,2,2,2.6989700043360187
6807,nct05869903,2,2,2.6989700043360187
6808,nct05872620,2,2,2.6989700043360187
6809,nct06283641,2,2,2.6989700043360187
6810,nct07611201,2,1,3.0
6811,nd,2,1,3.0
6812,ndev,2,1,3.0
6813,ndna,2,1,3.0
6814,near-complete,2,2,2.6989700043360187
6815,near-normoglycemic,2,1,3.0
6816,nearest-neighbor,2,2,2.6989700043360187
6817,necess,2,2,2.6989700043360187
6818,nefa,2,2,2.6989700043360187
6819,neglig,2,2,2.6989700043360187
6820,neoplasia,2,1,3.0
6821,neoplast,2,2,2.6989700043360187
6822,neurobehavior,2,2,2.6989700043360187
6823,neurocardiac,2,2,2.6989700043360187
6824,neurocognit,2,2,2.6989700043360187
6825,neurogenesi,2,2,2.6989700043360187
6826,neurogli,2,2,2.6989700043360187
6827,neuroglia,2,1,3.0
6828,neurohumor,2,2,2.6989700043360187
6829,neuropsycholog,2,2,2.6989700043360187
6830,neurotox,2,2,2.6989700043360187
6831,neutrophil,2,2,2.6989700043360187
6832,neutrophil-to-lymphocyte,2,1,3.0
6833,nhe1,2,2,2.6989700043360187
6834,niddm,2,1,3.0
6835,night,2,2,2.6989700043360187
6836,nigrican,2,2,2.6989700043360187
6837,nigrum,2,1,3.0
6838,nissen,2,1,3.0
6839,nitrogen,2,2,2.6989700043360187
6840,nnh,2,1,3.0
6841,nocicept,2,2,2.6989700043360187
6842,nod,2,2,2.6989700043360187
6843,nomenclatur,2,2,2.6989700043360187
6844,non-cirrhotic,2,2,2.6989700043360187
6845,non-clinical,2,2,2.6989700043360187
6846,non-dialysis-dependent,2,2,2.6989700043360187
6847,non-english,2,2,2.6989700043360187
6848,non-glp,2,1,3.0
6849,non-governmental,2,1,3.0
6850,non-immunologic,2,1,3.0
6851,non-inflammatory,2,1,3.0
6852,non-injectable,2,2,2.6989700043360187
6853,non-maleficence,2,2,2.6989700043360187
6854,non-obstructive,2,2,2.6989700043360187
6855,non-pmos,2,1,3.0
6856,non-renal,2,2,2.6989700043360187
6857,non-response,2,2,2.6989700043360187
6858,non-serious,2,2,2.6989700043360187
6859,non-traditional,2,2,2.6989700043360187
6860,non-use,2,1,3.0
6861,nonadher,2,2,2.6989700043360187
6862,noncod,2,2,2.6989700043360187
6863,nonhuman,2,2,2.6989700043360187
6864,nonintens,2,1,3.0
6865,nonrespons,2,2,2.6989700043360187
6866,norm,2,2,2.6989700043360187
6867,normal-dose,2,1,3.0
6868,normoglycaemia,2,1,3.0
6869,northeast,2,2,2.6989700043360187
6870,northwestern,2,1,3.0
6871,noxiou,2,1,3.0
6872,npy4r,2,1,3.0
6873,nrti,2,1,3.0
6874,nss,2,1,3.0
6875,nuanc,2,2,2.6989700043360187
6876,nucleosid,2,2,2.6989700043360187
6877,nurs,2,2,2.6989700043360187
6878,nutrient-sensing,2,2,2.6989700043360187
6879,oad,2,1,3.0
6880,oagb,2,1,3.0
6881,obesity's,2,2,2.6989700043360187
6882,obesity-care,2,2,2.6989700043360187
6883,obesity-induced,2,2,2.6989700043360187
6884,occludin,2,2,2.6989700043360187
6885,occlus,2,2,2.6989700043360187
6886,ocn-expressing,2,1,3.0
6887,ocp,2,1,3.0
6888,odt,2,1,3.0
6889,oili,2,1,3.0
6890,oligom,2,2,2.6989700043360187
6891,oligomer,2,1,3.0
6892,oligonucleotid,2,2,2.6989700043360187
6893,oliv,2,2,2.6989700043360187
6894,om-naïve,2,1,3.0
6895,omega-3,2,2,2.6989700043360187
6896,ondansetron,2,1,3.0
6897,one-carbon,2,2,2.6989700043360187
6898,one-quarter,2,2,2.6989700043360187
6899,one-through,2,1,3.0
6900,one-way,2,1,3.0
6901,oniglt,2,1,3.0
6902,ontolog,2,2,2.6989700043360187
6903,open-ended,2,2,2.6989700043360187
6904,optum,2,2,2.6989700043360187
6905,oral-cecal,2,1,3.0
6906,orc,2,1,3.0
6907,ordin,2,2,2.6989700043360187
6908,orf,2,1,3.0
6909,orientation-dependent,2,1,3.0
6910,orthostat,2,1,3.0
6911,osa-related,2,2,2.6989700043360187
6912,oscillibact,2,2,2.6989700043360187
6913,osteocalcin,2,2,2.6989700043360187
6914,osteoclast,2,1,3.0
6915,osteolyt,2,1,3.0
6916,otherwis,2,2,2.6989700043360187
6917,otolaryngologist,2,2,2.6989700043360187
6918,out-of-pocket,2,2,2.6989700043360187
6919,outcome-specific,2,2,2.6989700043360187
6920,overactiv,2,2,2.6989700043360187
6921,overfeed,2,2,2.6989700043360187
6922,overproduct,2,2,2.6989700043360187
6923,p-glycoprotein,2,2,2.6989700043360187
6924,p-glycoprotein-mediated,2,2,2.6989700043360187
6925,p-selectin,2,1,3.0
6926,palat,2,2,2.6989700043360187
6927,pallor,2,2,2.6989700043360187
6928,palpit,2,1,3.0
6929,pan-peroxisome,2,2,2.6989700043360187
6930,pan-ppar,2,2,2.6989700043360187
6931,pancreatobiliari,2,2,2.6989700043360187
6932,panelist,2,1,3.0
6933,panniculectomi,2,1,3.0
6934,papillari,2,2,2.6989700043360187
6935,paracrin,2,1,3.0
6936,parasomnia,2,1,3.0
6937,partner,2,2,2.6989700043360187
6938,pasireotid,2,1,3.0
6939,path,2,2,2.6989700043360187
6940,pathobiont,2,1,3.0
6941,pathway-specific,2,2,2.6989700043360187
6942,patient-oriented,2,1,3.0
6943,patient-specific,2,2,2.6989700043360187
6944,pave,2,2,2.6989700043360187
6945,payment,2,2,2.6989700043360187
6946,pbmc,2,1,3.0
6947,pcf,2,1,3.0
6948,pch,2,1,3.0
6949,pcsk9,2,2,2.6989700043360187
6950,pediatrician,2,2,2.6989700043360187
6951,pelvic,2,2,2.6989700043360187
6952,pen,2,2,2.6989700043360187
6953,penk,2,1,3.0
6954,percentil,2,2,2.6989700043360187
6955,peri,2,1,3.0
6956,perifus,2,2,2.6989700043360187
6957,periton,2,2,2.6989700043360187
6958,perm,2,1,3.0
6959,permiss,2,1,3.0
6960,peror,2,1,3.0
6961,perpetu,2,2,2.6989700043360187
6962,person-year,2,2,2.6989700043360187
6963,petd,2,1,3.0
6964,petrelintid,2,2,2.6989700043360187
6965,pharmacist-led,2,1,3.0
6966,pharmacoequ,2,1,3.0
6967,pharmacophor,2,1,3.0
6968,pharmacosimilar,2,1,3.0
6969,phenol,2,2,2.6989700043360187
6970,phenomena,2,2,2.6989700043360187
6971,phenotype-aware,2,2,2.6989700043360187
6972,phenotype-specific,2,2,2.6989700043360187
6973,phenotype-stratified,2,2,2.6989700043360187
6974,phosphat,2,2,2.6989700043360187
6975,phosphatas,2,2,2.6989700043360187
6976,phosphodiesteras,2,2,2.6989700043360187
6977,phospholipid,2,2,2.6989700043360187
6978,phylogenet,2,2,2.6989700043360187
6979,pid8-10,2,1,3.0
6980,pill,2,2,2.6989700043360187
6981,pku,2,1,3.0
6982,placebo-subtracted,2,1,3.0
6983,placement,2,2,2.6989700043360187
6984,plga,2,2,2.6989700043360187
6985,plumierid,2,1,3.0
6986,pocket,2,2,2.6989700043360187
6987,pocu,2,2,2.6989700043360187
6988,podcast,2,1,3.0
6989,poli,2,2,2.6989700043360187
6990,pollock,2,1,3.0
6991,polymorph,2,2,2.6989700043360187
6992,polyunsatur,2,2,2.6989700043360187
6993,polyuria,2,2,2.6989700043360187
6994,portion,2,2,2.6989700043360187
6995,portosystem,2,1,3.0
6996,positive-control,2,2,2.6989700043360187
6997,positron,2,2,2.6989700043360187
6998,post-ablation,2,1,3.0
6999,post-discontinuation,2,1,3.0
7000,post-dose,2,1,3.0
7001,post-exercise,2,1,3.0
7002,post-ogtt,2,1,3.0
7003,postdialysi,2,1,3.0
7004,postdialyt,2,1,3.0
7005,ppka,2,1,3.0
7006,ppo,2,1,3.0
7007,prader-willi,2,2,2.6989700043360187
7008,pre-assessment,2,1,3.0
7009,pre-registered,2,2,2.6989700043360187
7010,pre-stroke,2,1,3.0
7011,pre-treatment,2,2,2.6989700043360187
7012,preadipocyt,2,1,3.0
7013,precaut,2,2,2.6989700043360187
7014,predialysi,2,2,2.6989700043360187
7015,preeclampsia,2,1,3.0
7016,premenopaus,2,2,2.6989700043360187
7017,presum,2,2,2.6989700043360187
7018,preterm,2,2,2.6989700043360187
7019,prevail,2,2,2.6989700043360187
7020,prevalence-based,2,2,2.6989700043360187
7021,prevotella,2,1,3.0
7022,prior-authorization,2,1,3.0
7023,prisma-compliant,2,2,2.6989700043360187
7024,probe,2,2,2.6989700043360187
7025,procollagen,2,2,2.6989700043360187
7026,profibrot,2,2,2.6989700043360187
7027,proglucagon,2,2,2.6989700043360187
7028,promis-10,2,1,3.0
7029,propac,2,1,3.0
7030,propano,2,1,3.0
7031,propeptid,2,2,2.6989700043360187
7032,propofol,2,2,2.6989700043360187
7033,proprietari,2,2,2.6989700043360187
7034,prostat,2,2,2.6989700043360187
7035,proteobacteria,2,2,2.6989700043360187
7036,proteolysi,2,1,3.0
7037,prototyp,2,2,2.6989700043360187
7038,prove,2,2,2.6989700043360187
7039,pruritu,2,2,2.6989700043360187
7040,psa,2,1,3.0
7041,psd,2,1,3.0
7042,pseudo-islets,2,1,3.0
7043,pseudocyst,2,1,3.0
7044,pso,2,1,3.0
7045,psychedel,2,1,3.0
7046,psychometr,2,1,3.0
7047,ptau217,2,1,3.0
7048,pubert,2,2,2.6989700043360187
7049,publicli,2,2,2.6989700043360187
7050,pufa,2,1,3.0
7051,pul,2,1,3.0
7052,pursu,2,2,2.6989700043360187
7053,pv,2,1,3.0
7054,pwv,2,1,3.0
7055,pxr,2,1,3.0
7056,q3,2,2,2.6989700043360187
7057,qol,2,1,3.0
7058,quasi-experimental,2,2,2.6989700043360187
7059,quit,2,2,2.6989700043360187
7060,quot,2,1,3.0
7061,r1,2,1,3.0
7062,r131q,2,1,3.0
7063,radiolog,2,1,3.0
7064,ram,2,1,3.0
7065,rand,2,1,3.0
7066,randomised-controlled,2,2,2.6989700043360187
7067,randomized-controlled,2,2,2.6989700043360187
7068,rank-sum,2,2,2.6989700043360187
7069,raw,2,2,2.6989700043360187
7070,rc,2,1,3.0
7071,rdw,2,1,3.0
7072,re-escalation,2,2,2.6989700043360187
7073,reachabl,2,1,3.0
7074,reassess,2,2,2.6989700043360187
7075,receipt,2,2,2.6989700043360187
7076,receptor-compatible,2,2,2.6989700043360187
7077,receptor-network,2,1,3.0
7078,rechalleng,2,1,3.0
7079,recomposit,2,1,3.0
7080,reconcil,2,2,2.6989700043360187
7081,reconfigur,2,2,2.6989700043360187
7082,recptno,2,1,3.0
7083,redirect,2,2,2.6989700043360187
7084,redock,2,1,3.0
7085,ree,2,1,3.0
7086,refil,2,2,2.6989700043360187
7087,reform,2,1,3.0
7088,refut,2,2,2.6989700043360187
7089,rehabilit,2,2,2.6989700043360187
7090,reinstat,2,2,2.6989700043360187
7091,reintroduct,2,1,3.0
7092,reliev,2,2,2.6989700043360187
7093,remot,2,2,2.6989700043360187
7094,renal-protective,2,2,2.6989700043360187
7095,repertoir,2,2,2.6989700043360187
7096,replenish,2,2,2.6989700043360187
7097,reproductive-age,2,2,2.6989700043360187
7098,reproductive-aged,2,2,2.6989700043360187
7099,resembl,2,2,2.6989700043360187
7100,resili,2,2,2.6989700043360187
7101,respirometri,2,2,2.6989700043360187
7102,restart,2,1,3.0
7103,resveratrol,2,2,2.6989700043360187
7104,retail,2,1,3.0
7105,reticulata,2,1,3.0
7106,retir,2,1,3.0
7107,revel,2,1,3.0
7108,rever,2,1,3.0
7109,reversed-phase,2,2,2.6989700043360187
7110,revolutionis,2,2,2.6989700043360187
7111,rfr,2,1,3.0
7112,rhamnosu,2,2,2.6989700043360187
7113,rhinoplasti,2,1,3.0
7114,rhr,2,1,3.0
7115,rhytidectomi,2,1,3.0
7116,ribe,2,1,3.0
7117,riiβ,2,1,3.0
7118,ring,2,2,2.6989700043360187
7119,risk-adapted,2,2,2.6989700043360187
7120,risk-prediction,2,1,3.0
7121,risk-set,2,1,3.0
7122,risk-stratification,2,1,3.0
7123,risk-stratified,2,2,2.6989700043360187
7124,rituximab,2,1,3.0
7125,rival,2,2,2.6989700043360187
7126,rld,2,1,3.0
7127,rmsd,2,2,2.6989700043360187
7128,rnascop,2,2,2.6989700043360187
7129,rnfl,2,1,3.0
7130,robustli,2,2,2.6989700043360187
7131,room,2,2,2.6989700043360187
7132,roscoea,2,1,3.0
7133,roseburia,2,2,2.6989700043360187
7134,round,2,1,3.0
7135,rplc,2,1,3.0
7136,rrna,2,2,2.6989700043360187
7137,rrr,2,1,3.0
7138,rt,2,1,3.0
7139,rt-pcr,2,2,2.6989700043360187
7140,rt-qpcr,2,2,2.6989700043360187
7141,run,2,2,2.6989700043360187
7142,rural,2,2,2.6989700043360187
7143,s1,2,2,2.6989700043360187
7144,s1b,2,1,3.0
7145,saba,2,1,3.0
7146,sachet,2,1,3.0
7147,safer,2,2,2.6989700043360187
7148,said,2,1,3.0
7149,salient,2,2,2.6989700043360187
7150,san,2,1,3.0
7151,sanghuang,2,1,3.0
7152,sanra,2,2,2.6989700043360187
7153,sarcoplasm,2,1,3.0
7154,sax,2,2,2.6989700043360187
7155,saxagliptin,2,1,3.0
7156,sbp,2,2,2.6989700043360187
7157,scheme,2,2,2.6989700043360187
7158,schizophrenia-spectrum,2,2,2.6989700043360187
7159,school,2,2,2.6989700043360187
7160,sct,2,1,3.0
7161,scwat,2,1,3.0
7162,sdb-related,2,1,3.0
7163,sdh-a,2,1,3.0
7164,second-generation,2,2,2.6989700043360187
7165,sedentari,2,1,3.0
7166,seemingli,2,2,2.6989700043360187
7167,seer,2,1,3.0
7168,self-administered,2,2,2.6989700043360187
7169,self-administration,2,2,2.6989700043360187
7170,self-identified,2,1,3.0
7171,self-monitoring,2,2,2.6989700043360187
7172,self-perpetuating,2,2,2.6989700043360187
7173,self-report,2,2,2.6989700043360187
7174,semaglutide-derived,2,1,3.0
7175,semaglutide-specific,2,1,3.0
7176,semi-structured,2,2,2.6989700043360187
7177,seminar,2,2,2.6989700043360187
7178,semistructur,2,1,3.0
7179,sensori,2,2,2.6989700043360187
7180,sentiment,2,2,2.6989700043360187
7181,sep,2,1,3.0
7182,sepsis-associated,2,2,2.6989700043360187
7183,sept,2,2,2.6989700043360187
7184,septic,2,1,3.0
7185,ser473,2,1,3.0
7186,serin,2,2,2.6989700043360187
7187,serious,2,1,3.0
7188,set-point,2,1,3.0
7189,sex-adjusted,2,2,2.6989700043360187
7190,sex-matched,2,2,2.6989700043360187
7191,sex-stratified,2,2,2.6989700043360187
7192,sharp,2,2,2.6989700043360187
7193,sheep,2,1,3.0
7194,shi,2,1,3.0
7195,shp,2,2,2.6989700043360187
7196,shrna,2,2,2.6989700043360187
7197,shuttl,2,2,2.6989700043360187
7198,side-effects,2,2,2.6989700043360187
7199,signal-regulating,2,2,2.6989700043360187
7200,signalling-based,2,1,3.0
7201,silent,2,2,2.6989700043360187
7202,silhouett,2,1,3.0
7203,simpli,2,2,2.6989700043360187
7204,singh,2,1,3.0
7205,sinu,2,2,2.6989700043360187
7206,sirtuin,2,2,2.6989700043360187
7207,sit,2,2,2.6989700043360187
7208,sit-to-stand,2,1,3.0
7209,site-specific,2,2,2.6989700043360187
7210,skeletal-muscle,2,2,2.6989700043360187
7211,sleep-wake,2,1,3.0
7212,slot-die,2,1,3.0
7213,smoker,2,2,2.6989700043360187
7214,sn,2,2,2.6989700043360187
7215,sofa,2,1,3.0
7216,sold,2,1,3.0
7217,soli-d,2,1,3.0
7218,solid-phase,2,2,2.6989700043360187
7219,solv,2,2,2.6989700043360187
7220,sound,2,2,2.6989700043360187
7221,southwestern,2,1,3.0
7222,spark,2,2,2.6989700043360187
7223,specialti,2,1,3.0
7224,specialty-based,2,1,3.0
7225,specul,2,2,2.6989700043360187
7226,speed,2,2,2.6989700043360187
7227,sperm,2,2,2.6989700043360187
7228,sphingolipid,2,1,3.0
7229,spline,2,2,2.6989700043360187
7230,spong,2,1,3.0
7231,springer,2,2,2.6989700043360187
7232,sq22536,2,1,3.0
7233,srebp-1c,2,2,2.6989700043360187
7234,srivastav,2,1,3.0
7235,srm,2,1,3.0
7236,sta,2,1,3.0
7237,starch,2,2,2.6989700043360187
7238,state-level,2,2,2.6989700043360187
7239,station,2,1,3.0
7240,statutori,2,2,2.6989700043360187
7241,steviol,2,1,3.0
7242,stewardship,2,2,2.6989700043360187
7243,stigmat,2,1,3.0
7244,stockholm,2,2,2.6989700043360187
7245,stop,2,2,2.6989700043360187
7246,streamlin,2,2,2.6989700043360187
7247,stressor,2,2,2.6989700043360187
7248,strictli,2,2,2.6989700043360187
7249,strictur,2,1,3.0
7250,structure-function,2,2,2.6989700043360187
7251,student's,2,1,3.0
7252,stz,2,2,2.6989700043360187
7253,sub,2,1,3.0
7254,subclass,2,1,3.0
7255,subscal,2,1,3.0
7256,subsidi,2,1,3.0
7257,substance-related,2,2,2.6989700043360187
7258,subunit,2,2,2.6989700043360187
7259,sult2a1,2,1,3.0
7260,summit-like,2,1,3.0
7261,supernat,2,1,3.0
7262,suprathreshold,2,1,3.0
7263,surg,2,2,2.6989700043360187
7264,surgery-specific,2,2,2.6989700043360187
7265,surmount,2,2,2.6989700043360187
7266,surmount-2,2,1,3.0
7267,surpass,2,2,2.6989700043360187
7268,surrogate-marker,2,1,3.0
7269,survey-observable,2,1,3.0
7270,survivorship,2,1,3.0
7271,suspectum,2,1,3.0
7272,suspens,2,1,3.0
7273,swallow,2,1,3.0
7274,sweden,2,2,2.6989700043360187
7275,synaps,2,2,2.6989700043360187
7276,syncyti,2,1,3.0
7277,synopsi,2,2,2.6989700043360187
7278,synovi,2,1,3.0
7279,synthetas,2,2,2.6989700043360187
7280,system-level,2,2,2.6989700043360187
7281,système,2,2,2.6989700043360187
7282,t-test,2,1,3.0
7283,t1d-specific,2,1,3.0
7284,t2,2,2,2.6989700043360187
7285,t2d-ckd,2,1,3.0
7286,t2dm-related,2,1,3.0
7287,tab,2,1,3.0
7288,tag,2,2,2.6989700043360187
7289,taiwanes,2,2,2.6989700043360187
7290,takeda,2,2,2.6989700043360187
7291,tamoxifen-associated,2,1,3.0
7292,tangl,2,2,2.6989700043360187
7293,tanycyte-mediated,2,1,3.0
7294,target-based,2,1,3.0
7295,target-mediated,2,1,3.0
7296,target-trial,2,2,2.6989700043360187
7297,taurin,2,2,2.6989700043360187
7298,technic,2,2,2.6989700043360187
7299,technician,2,1,3.0
7300,ten-fold,2,2,2.6989700043360187
7301,tendinopathi,2,1,3.0
7302,tenfold,2,1,3.0
7303,teratogen,2,2,2.6989700043360187
7304,textur,2,2,2.6989700043360187
7305,tf,2,1,3.0
7306,tgf-β,2,2,2.6989700043360187
7307,th,2,2,2.6989700043360187
7308,theme,2,2,2.6989700043360187
7309,theoriz,2,2,2.6989700043360187
7310,therapy-related,2,2,2.6989700043360187
7311,thermogen,2,2,2.6989700043360187
7312,thermorespons,2,1,3.0
7313,thigh,2,1,3.0
7314,thirteen,2,2,2.6989700043360187
7315,thirty-eight,2,2,2.6989700043360187
7316,thorac,2,1,3.0
7317,thoracolumbar,2,1,3.0
7318,thr-β,2,2,2.6989700043360187
7319,three-arm,2,2,2.6989700043360187
7320,three-dimensional,2,2,2.6989700043360187
7321,three-point,2,2,2.6989700043360187
7322,thromboinflamm,2,1,3.0
7323,thrβ,2,2,2.6989700043360187
7324,ti,2,2,2.6989700043360187
7325,tightli,2,2,2.6989700043360187
7326,time-aligned,2,1,3.0
7327,time-updated,2,2,2.6989700043360187
7328,tip,2,2,2.6989700043360187
7329,tir,2,1,3.0
7330,tirzepatide-treated,2,1,3.0
7331,tjr,2,1,3.0
7332,tlr4-nlrp3,2,1,3.0
7333,toc,2,1,3.0
7334,toll-like,2,2,2.6989700043360187
7335,tongu,2,2,2.6989700043360187
7336,took,2,2,2.6989700043360187
7337,topolog,2,2,2.6989700043360187
7338,total-asian,2,1,3.0
7339,transferrin,2,1,3.0
7340,transloc,2,2,2.6989700043360187
7341,transporter-mediated,2,2,2.6989700043360187
7342,treadmil,2,2,2.6989700043360187
7343,treat-to-target,2,2,2.6989700043360187
7344,treatment-associated,2,2,2.6989700043360187
7345,treatment-naïve,2,2,2.6989700043360187
7346,treatment-regimen,2,1,3.0
7347,trem2,2,2,2.6989700043360187
7348,triad,2,2,2.6989700043360187
7349,trial-defined,2,1,3.0
7350,triangl,2,2,2.6989700043360187
7351,triangul,2,2,2.6989700043360187
7352,triglyceride-rich,2,1,3.0
7353,trimest,2,1,3.0
7354,triumph,2,2,2.6989700043360187
7355,troponin,2,2,2.6989700043360187
7356,trough,2,2,2.6989700043360187
7357,trt,2,1,3.0
7358,truli,2,2,2.6989700043360187
7359,tubul,2,2,2.6989700043360187
7360,tubulointerstiti,2,2,2.6989700043360187
7361,tumor-bearing,2,1,3.0
7362,tumorigen,2,2,2.6989700043360187
7363,tune,2,2,2.6989700043360187
7364,twelve-month,2,1,3.0
7365,twenty-eight,2,2,2.6989700043360187
7366,twenty-one,2,2,2.6989700043360187
7367,twenty-six,2,2,2.6989700043360187
7368,two-hour,2,2,2.6989700043360187
7369,ultra-processed,2,2,2.6989700043360187
7370,ultrashort-acting,2,1,3.0
7371,ultrastructur,2,2,2.6989700043360187
7372,umin,2,1,3.0
7373,unaddress,2,2,2.6989700043360187
7374,unansw,2,2,2.6989700043360187
7375,uncharacter,2,2,2.6989700043360187
7376,unclassifi,2,2,2.6989700043360187
7377,uncomfort,2,1,3.0
7378,unconfirm,2,2,2.6989700043360187
7379,undefin,2,2,2.6989700043360187
7380,underdiagnos,2,2,2.6989700043360187
7381,undergon,2,2,2.6989700043360187
7382,underrepresent,2,1,3.0
7383,underutil,2,2,2.6989700043360187
7384,unemploi,2,1,3.0
7385,unfamiliar,2,2,2.6989700043360187
7386,unimpair,2,2,2.6989700043360187
7387,uninform,2,1,3.0
7388,unintend,2,2,2.6989700043360187
7389,unnecessari,2,2,2.6989700043360187
7390,unplan,2,2,2.6989700043360187
7391,unsuccess,2,2,2.6989700043360187
7392,untarget,2,2,2.6989700043360187
7393,untest,2,2,2.6989700043360187
7394,unveil,2,2,2.6989700043360187
7395,unwant,2,2,2.6989700043360187
7396,upcom,2,2,2.6989700043360187
7397,upfront,2,1,3.0
7398,upper-airway,2,1,3.0
7399,upr,2,2,2.6989700043360187
7400,urea,2,2,2.6989700043360187
7401,uremia,2,2,2.6989700043360187
7402,urokinas,2,1,3.0
7403,usabl,2,2,2.6989700043360187
7404,use-related,2,2,2.6989700043360187
7405,uuo,2,1,3.0
7406,v-0219,2,1,3.0
7407,vagu,2,2,2.6989700043360187
7408,vat,2,1,3.0
7409,vcam-1,2,1,3.0
7410,vial,2,2,2.6989700043360187
7411,vibration-controlled,2,2,2.6989700043360187
7412,victim-drug,2,1,3.0
7413,vignett,2,2,2.6989700043360187
7414,villu,2,2,2.6989700043360187
7415,vina,2,2,2.6989700043360187
7416,vo2,2,1,3.0
7417,voic,2,1,3.0
7418,vpt,2,1,3.0
7419,vr,2,1,3.0
7420,vtdr,2,1,3.0
7421,w,2,1,3.0
7422,want,2,1,3.0
7423,water-based,2,1,3.0
7424,we,2,1,3.0
7425,weaken,2,2,2.6989700043360187
7426,wear,2,1,3.0
7427,web-based,2,2,2.6989700043360187
7428,websit,2,2,2.6989700043360187
7429,week-1,2,1,3.0
7430,weight-based,2,2,2.6989700043360187
7431,weight-bearing,2,2,2.6989700043360187
7432,welch's,2,2,2.6989700043360187
7433,well-controlled,2,2,2.6989700043360187
7434,well-designed,2,2,2.6989700043360187
7435,widen,2,2,2.6989700043360187
7436,within-class,2,2,2.6989700043360187
7437,within-individual,2,1,3.0
7438,within-participant,2,1,3.0
7439,within-patient,2,1,3.0
7440,within-plan,2,1,3.0
7441,womac,2,2,2.6989700043360187
7442,women's,2,2,2.6989700043360187
7443,wrinkl,2,1,3.0
7444,wsph,2,1,3.0
7445,x-ray,2,2,2.6989700043360187
7446,xanthoma,2,1,3.0
7447,xbp1,2,1,3.0
7448,y-2,2,1,3.0
7449,z-score,2,2,2.6989700043360187
7450,zeu,2,1,3.0
7451,å,2,1,3.0
7452,α,2,2,2.6989700043360187
7453,β-cell-related,2,2,2.6989700043360187
7454,δcavi,2,1,3.0
7455,δfib-4,2,1,3.0
7456,ζ-potential,2,1,3.0
7457,μmol,2,1,3.0
7458,χ2,2,2,2.6989700043360187
7459,0-11,1,1,3.0
7460,0-120,1,1,3.0
7461,0-180,1,1,3.0
7462,0-2,1,1,3.0
7463,0-30,1,1,3.0
7464,0-4,1,1,3.0
7465,0-45,1,1,3.0
7466,0-60,1,1,3.0
7467,0-90,1,1,3.0
7468,0.00002,1,1,3.0
7469,0.0004,1,1,3.0
7470,0.0005,1,1,3.0
7471,0.0008,1,1,3.0
7472,0.0012,1,1,3.0
7473,0.0015,1,1,3.0
7474,0.0024,1,1,3.0
7475,0.0025,1,1,3.0
7476,0.0027,1,1,3.0
7477,0.0030,1,1,3.0
7478,0.0032,1,1,3.0
7479,0.0039,1,1,3.0
7480,0.0043,1,1,3.0
7481,0.0050,1,1,3.0
7482,0.0055,1,1,3.0
7483,0.0066,1,1,3.0
7484,0.0067,1,1,3.0
7485,0.0078,1,1,3.0
7486,0.0082,1,1,3.0
7487,0.0084,1,1,3.0
7488,0.0085,1,1,3.0
7489,0.0086,1,1,3.0
7490,0.0087,1,1,3.0
7491,0.0095,1,1,3.0
7492,0.0140,1,1,3.0
7493,0.0148,1,1,3.0
7494,0.0178,1,1,3.0
7495,0.0196,1,1,3.0
7496,0.025,1,1,3.0
7497,0.0266,1,1,3.0
7498,0.0275,1,1,3.0
7499,0.029,1,1,3.0
7500,0.0306,1,1,3.0
7501,0.0347,1,1,3.0
7502,0.0356,1,1,3.0
7503,0.036,1,1,3.0
7504,0.0397,1,1,3.0
7505,0.0421,1,1,3.0
7506,0.0436,1,1,3.0
7507,0.0439,1,1,3.0
7508,0.047,1,1,3.0
7509,0.0498,1,1,3.0
7510,0.054,1,1,3.0
7511,0.057,1,1,3.0
7512,0.059,1,1,3.0
7513,0.062,1,1,3.0
7514,0.0622,1,1,3.0
7515,0.064,1,1,3.0
7516,0.065,1,1,3.0
7517,0.067,1,1,3.0
7518,0.071,1,1,3.0
7519,0.072,1,1,3.0
7520,0.073,1,1,3.0
7521,0.076,1,1,3.0
7522,0.084,1,1,3.0
7523,0.087,1,1,3.0
7524,0.089,1,1,3.0
7525,0.094,1,1,3.0
7526,0.100,1,1,3.0
7527,0.102,1,1,3.0
7528,0.1049,1,1,3.0
7529,0.105,1,1,3.0
7530,0.119,1,1,3.0
7531,0.123,1,1,3.0
7532,0.128,1,1,3.0
7533,0.138,1,1,3.0
7534,0.141,1,1,3.0
7535,0.145,1,1,3.0
7536,0.148,1,1,3.0
7537,0.165,1,1,3.0
7538,0.167,1,1,3.0
7539,0.172,1,1,3.0
7540,0.1725,1,1,3.0
7541,0.1753,1,1,3.0
7542,0.202,1,1,3.0
7543,0.212,1,1,3.0
7544,0.216,1,1,3.0
7545,0.219,1,1,3.0
7546,0.234,1,1,3.0
7547,0.235,1,1,3.0
7548,0.236,1,1,3.0
7549,0.238,1,1,3.0
7550,0.247,1,1,3.0
7551,0.255,1,1,3.0
7552,0.266,1,1,3.0
7553,0.277,1,1,3.0
7554,0.281,1,1,3.0
7555,0.288,1,1,3.0
7556,0.289,1,1,3.0
7557,0.290,1,1,3.0
7558,0.295,1,1,3.0
7559,0.296,1,1,3.0
7560,0.297,1,1,3.0
7561,0.301,1,1,3.0
7562,0.302,1,1,3.0
7563,0.303,1,1,3.0
7564,0.304,1,1,3.0
7565,0.306,1,1,3.0
7566,0.309,1,1,3.0
7567,0.317,1,1,3.0
7568,0.320,1,1,3.0
7569,0.323,1,1,3.0
7570,0.327,1,1,3.0
7571,0.334,1,1,3.0
7572,0.339,1,1,3.0
7573,0.350,1,1,3.0
7574,0.357,1,1,3.0
7575,0.359,1,1,3.0
7576,0.363,1,1,3.0
7577,0.364,1,1,3.0
7578,0.367,1,1,3.0
7579,0.371,1,1,3.0
7580,0.379,1,1,3.0
7581,0.381,1,1,3.0
7582,0.382,1,1,3.0
7583,0.383,1,1,3.0
7584,0.391,1,1,3.0
7585,0.395,1,1,3.0
7586,0.403,1,1,3.0
7587,0.404,1,1,3.0
7588,0.405,1,1,3.0
7589,0.406,1,1,3.0
7590,0.408,1,1,3.0
7591,0.409,1,1,3.0
7592,0.413,1,1,3.0
7593,0.414,1,1,3.0
7594,0.417,1,1,3.0
7595,0.418,1,1,3.0
7596,0.426,1,1,3.0
7597,0.428,1,1,3.0
7598,0.429,1,1,3.0
7599,0.430,1,1,3.0
7600,0.433,1,1,3.0
7601,0.434,1,1,3.0
7602,0.435,1,1,3.0
7603,0.438,1,1,3.0
7604,0.439,1,1,3.0
7605,0.463,1,1,3.0
7606,0.465,1,1,3.0
7607,0.467,1,1,3.0
7608,0.469,1,1,3.0
7609,0.489,1,1,3.0
7610,0.498,1,1,3.0
7611,0.500,1,1,3.0
7612,0.502,1,1,3.0
7613,0.506,1,1,3.0
7614,0.507,1,1,3.0
7615,0.509,1,1,3.0
7616,0.511,1,1,3.0
7617,0.522,1,1,3.0
7618,0.5237,1,1,3.0
7619,0.524,1,1,3.0
7620,0.525,1,1,3.0
7621,0.528,1,1,3.0
7622,0.530,1,1,3.0
7623,0.534,1,1,3.0
7624,0.535,1,1,3.0
7625,0.538,1,1,3.0
7626,0.541,1,1,3.0
7627,0.543,1,1,3.0
7628,0.547,1,1,3.0
7629,0.556,1,1,3.0
7630,0.557,1,1,3.0
7631,0.559,1,1,3.0
7632,0.574,1,1,3.0
7633,0.575,1,1,3.0
7634,0.576,1,1,3.0
7635,0.578,1,1,3.0
7636,0.580,1,1,3.0
7637,0.585,1,1,3.0
7638,0.586,1,1,3.0
7639,0.591,1,1,3.0
7640,0.593,1,1,3.0
7641,0.597,1,1,3.0
7642,0.602,1,1,3.0
7643,0.605,1,1,3.0
7644,0.613,1,1,3.0
7645,0.626,1,1,3.0
7646,0.628,1,1,3.0
7647,0.629,1,1,3.0
7648,0.630,1,1,3.0
7649,0.632,1,1,3.0
7650,0.634,1,1,3.0
7651,0.6365,1,1,3.0
7652,0.637,1,1,3.0
7653,0.642,1,1,3.0
7654,0.646,1,1,3.0
7655,0.649,1,1,3.0
7656,0.650,1,1,3.0
7657,0.659,1,1,3.0
7658,0.661,1,1,3.0
7659,0.665,1,1,3.0
7660,0.6659,1,1,3.0
7661,0.672,1,1,3.0
7662,0.674,1,1,3.0
7663,0.675,1,1,3.0
7664,0.688,1,1,3.0
7665,0.690,1,1,3.0
7666,0.691,1,1,3.0
7667,0.694,1,1,3.0
7668,0.696,1,1,3.0
7669,0.697,1,1,3.0
7670,0.703,1,1,3.0
7671,0.707,1,1,3.0
7672,0.709,1,1,3.0
7673,0.712,1,1,3.0
7674,0.714,1,1,3.0
7675,0.715,1,1,3.0
7676,0.716,1,1,3.0
7677,0.718,1,1,3.0
7678,0.721,1,1,3.0
7679,0.723,1,1,3.0
7680,0.729,1,1,3.0
7681,0.731,1,1,3.0
7682,0.733,1,1,3.0
7683,0.736,1,1,3.0
7684,0.737,1,1,3.0
7685,0.740,1,1,3.0
7686,0.747,1,1,3.0
7687,0.749,1,1,3.0
7688,0.755,1,1,3.0
7689,0.765,1,1,3.0
7690,0.766,1,1,3.0
7691,0.7692,1,1,3.0
7692,0.770,1,1,3.0
7693,0.771,1,1,3.0
7694,0.774,1,1,3.0
7695,0.777,1,1,3.0
7696,0.781,1,1,3.0
7697,0.782,1,1,3.0
7698,0.7852,1,1,3.0
7699,0.786,1,1,3.0
7700,0.788,1,1,3.0
7701,0.795,1,1,3.0
7702,0.799,1,1,3.0
7703,0.803,1,1,3.0
7704,0.808,1,1,3.0
7705,0.810,1,1,3.0
7706,0.811,1,1,3.0
7707,0.813,1,1,3.0
7708,0.815,1,1,3.0
7709,0.820,1,1,3.0
7710,0.821,1,1,3.0
7711,0.8217,1,1,3.0
7712,0.822,1,1,3.0
7713,0.824,1,1,3.0
7714,0.829,1,1,3.0
7715,0.832,1,1,3.0
7716,0.835,1,1,3.0
7717,0.836,1,1,3.0
7718,0.838,1,1,3.0
7719,0.843,1,1,3.0
7720,0.845,1,1,3.0
7721,0.853,1,1,3.0
7722,0.855,1,1,3.0
7723,0.8598,1,1,3.0
7724,0.863,1,1,3.0
7725,0.867,1,1,3.0
7726,0.871,1,1,3.0
7727,0.8715,1,1,3.0
7728,0.879,1,1,3.0
7729,0.881,1,1,3.0
7730,0.887,1,1,3.0
7731,0.890,1,1,3.0
7732,0.8929,1,1,3.0
7733,0.893,1,1,3.0
7734,0.901,1,1,3.0
7735,0.902,1,1,3.0
7736,0.907,1,1,3.0
7737,0.908,1,1,3.0
7738,0.911,1,1,3.0
7739,0.912,1,1,3.0
7740,0.915,1,1,3.0
7741,0.916,1,1,3.0
7742,0.922,1,1,3.0
7743,0.924,1,1,3.0
7744,0.928,1,1,3.0
7745,0.9327,1,1,3.0
7746,0.934,1,1,3.0
7747,0.936,1,1,3.0
7748,0.940,1,1,3.0
7749,0.943,1,1,3.0
7750,0.950,1,1,3.0
7751,0.960,1,1,3.0
7752,0.961,1,1,3.0
7753,0.969,1,1,3.0
7754,0.979,1,1,3.0
7755,0.984,1,1,3.0
7756,0.987,1,1,3.0
7757,0.993,1,1,3.0
7758,0.995,1,1,3.0
7759,0.996,1,1,3.0
7760,0.997,1,1,3.0
7761,0.9981,1,1,3.0
7762,00-00,1,1,3.0
7763,00-08,1,1,3.0
7764,00-20,1,1,3.0
7765,000-000,1,1,3.0
7766,0014,1,1,3.0
7767,002,1,1,3.0
7768,0024,1,1,3.0
7769,002500.5,1,1,3.0
7770,0026,1,1,3.0
7771,0037,1,1,3.0
7772,005.8,1,1,3.0
7773,007,1,1,3.0
7774,0079,1,1,3.0
7775,008,1,1,3.0
7776,010,1,1,3.0
7777,011,1,1,3.0
7778,0118,1,1,3.0
7779,014,1,1,3.0
7780,015,1,1,3.0
7781,017,1,1,3.0
7782,021,1,1,3.0
7783,023,1,1,3.0
7784,027,1,1,3.0
7785,029,1,1,3.0
7786,034,1,1,3.0
7787,035,1,1,3.0
7788,037,1,1,3.0
7789,039,1,1,3.0
7790,041,1,1,3.0
7791,042,1,1,3.0
7792,047,1,1,3.0
7793,0474,1,1,3.0
7794,059,1,1,3.0
7795,06,1,1,3.0
7796,062,1,1,3.0
7797,064,1,1,3.0
7798,066,1,1,3.0
7799,074,1,1,3.0
7800,082,1,1,3.0
7801,085,1,1,3.0
7802,085487,1,1,3.0
7803,086,1,1,3.0
7804,094.3,1,1,3.0
7805,095,1,1,3.0
7806,096,1,1,3.0
7807,097,1,1,3.0
7808,1-10,1,1,3.0
7809,1-37,1,1,3.0
7810,1-4,1,1,3.0
7811,1-42,1,1,3.0
7812,1-5,1,1,3.0
7813,1-6,1,1,3.0
7814,1-7,1,1,3.0
7815,1-9,1,1,3.0
7816,1-based,1,1,3.0
7817,1-carbon,1,1,3.0
7818,1-month,1,1,3.0
7819,1-palmitoyl-2-oleoyl-sn-glycero-3-phosphocholine,1,1,3.0
7820,1-time,1,1,3.0
7821,1-unit,1,1,3.0
7822,1-week,1,1,3.0
7823,1-wk,1,1,3.0
7824,1.000,1,1,3.0
7825,1.002,1,1,3.0
7826,1.010,1,1,3.0
7827,1.012,1,1,3.0
7828,1.014,1,1,3.0
7829,1.019,1,1,3.0
7830,1.025,1,1,3.0
7831,1.029,1,1,3.0
7832,1.033,1,1,3.0
7833,1.039,1,1,3.0
7834,1.045,1,1,3.0
7835,1.046,1,1,3.0
7836,1.054,1,1,3.0
7837,1.061,1,1,3.0
7838,1.069,1,1,3.0
7839,1.073,1,1,3.0
7840,1.080,1,1,3.0
7841,1.095,1,1,3.0
7842,1.1.2,1,1,3.0
7843,1.104,1,1,3.0
7844,1.109,1,1,3.0
7845,1.111,1,1,3.0
7846,1.115,1,1,3.0
7847,1.122,1,1,3.0
7848,1.129,1,1,3.0
7849,1.176,1,1,3.0
7850,1.177,1,1,3.0
7851,1.186,1,1,3.0
7852,1.204,1,1,3.0
7853,1.214,1,1,3.0
7854,1.215,1,1,3.0
7855,1.241,1,1,3.0
7856,1.251,1,1,3.0
7857,1.276,1,1,3.0
7858,1.286,1,1,3.0
7859,1.291,1,1,3.0
7860,1.297,1,1,3.0
7861,1.304,1,1,3.0
7862,1.305,1,1,3.0
7863,1.329,1,1,3.0
7864,1.332,1,1,3.0
7865,1.349,1,1,3.0
7866,1.367,1,1,3.0
7867,1.393,1,1,3.0
7868,1.421,1,1,3.0
7869,1.434,1,1,3.0
7870,1.450,1,1,3.0
7871,1.462,1,1,3.0
7872,1.491,1,1,3.0
7873,1.538,1,1,3.0
7874,1.556,1,1,3.0
7875,1.562,1,1,3.0
7876,1.612,1,1,3.0
7877,1.632,1,1,3.0
7878,1.646,1,1,3.0
7879,1.662,1,1,3.0
7880,1.70,1,1,3.0
7881,1.710,1,1,3.0
7882,1.72,1,1,3.0
7883,1.726,1,1,3.0
7884,1.801,1,1,3.0
7885,1.816,1,1,3.0
7886,1.86,1,1,3.0
7887,1.928,1,1,3.0
7888,1.93,1,1,3.0
7889,1.933,1,1,3.0
7890,1.993,1,1,3.0
7891,10-13,1,1,3.0
7892,10-14,1,1,3.0
7893,10-16,1,1,3.0
7894,10-17,1,1,3.0
7895,10-19,1,1,3.0
7896,10-30,1,1,3.0
7897,10-4,1,1,3.0
7898,10-40,1,1,3.0
7899,10-56,1,1,3.0
7900,10-fold,1,1,3.0
7901,10-week,1,1,3.0
7902,10.01,1,1,3.0
7903,10.05,1,1,3.0
7904,10.06,1,1,3.0
7905,10.10,1,1,3.0
7906,10.1093,1,1,3.0
7907,10.18,1,1,3.0
7908,10.2,1,1,3.0
7909,10.3,1,1,3.0
7910,10.30,1,1,3.0
7911,10.41,1,1,3.0
7912,10.61,1,1,3.0
7913,10.66,1,1,3.0
7914,10.722,1,1,3.0
7915,10.80,1,1,3.0
7916,10.82,1,1,3.0
7917,10.84,1,1,3.0
7918,10.88,1,1,3.0
7919,10.89,1,1,3.0
7920,100-125,1,1,3.0
7921,100-139,1,1,3.0
7922,100.0,1,1,3.0
7923,100.6,1,1,3.0
7924,10000,1,1,3.0
7925,1001,1,1,3.0
7926,1007,1,1,3.0
7927,1009,1,1,3.0
7928,100ug,1,1,3.0
7929,1010,1,1,3.0
7930,1014,1,1,3.0
7931,1019,1,1,3.0
7932,102.6,1,1,3.0
7933,1028,1,1,3.0
7934,103,1,1,3.0
7935,103.53,1,1,3.0
7936,103.58,1,1,3.0
7937,103.76,1,1,3.0
7938,1033,1,1,3.0
7939,1034,1,1,3.0
7940,104.09,1,1,3.0
7941,104.15,1,1,3.0
7942,105.90,1,1,3.0
7943,1056,1,1,3.0
7944,106.01,1,1,3.0
7945,106.87,1,1,3.0
7946,1068,1,1,3.0
7947,107.552,1,1,3.0
7948,108.8,1,1,3.0
7949,1087,1,1,3.0
7950,10th,1,1,3.0
7951,10⁹,1,1,3.0
7952,11-13,1,1,3.0
7953,11-14,1,1,3.0
7954,11-year-old,1,1,3.0
7955,11.05,1,1,3.0
7956,11.06,1,1,3.0
7957,11.14,1,1,3.0
7958,11.24,1,1,3.0
7959,11.31,1,1,3.0
7960,11.39,1,1,3.0
7961,11.53,1,1,3.0
7962,11.63,1,1,3.0
7963,11.69,1,1,3.0
7964,11.72,1,1,3.0
7965,11.74,1,1,3.0
7966,11.82,1,1,3.0
7967,11.89,1,1,3.0
7968,111.03,1,1,3.0
7969,111.3,1,1,3.0
7970,112.15,1,1,3.0
7971,112.37,1,1,3.0
7972,112.47,1,1,3.0
7973,1125,1,1,3.0
7974,1129,1,1,3.0
7975,113.7,1,1,3.0
7976,1134,1,1,3.0
7977,1139,1,1,3.0
7978,1143,1,1,3.0
7979,1148,1,1,3.0
7980,115.14,1,1,3.0
7981,1164,1,1,3.0
7982,117,1,1,3.0
7983,117.18,1,1,3.0
7984,118.4,1,1,3.0
7985,1183,1,1,3.0
7986,119.7,1,1,3.0
7987,11cp-17b,1,1,3.0
7988,11cp-17n,1,1,3.0
7989,11cp-19n,1,1,3.0
7990,12-14,1,1,3.0
7991,12-17,1,1,3.0
7992,12-19,1,1,3.0
7993,12-20,1,1,3.0
7994,12-21,1,1,3.0
7995,12-24,1,1,3.0
7996,12-42,1,1,3.0
7997,12-diene-14,1,1,3.0
7998,12-wk,1,1,3.0
7999,12.01,1,1,3.0
8000,12.30,1,1,3.0
8001,12.33,1,1,3.0
8002,12.68,1,1,3.0
8003,12.7,1,1,3.0
8004,12.71,1,1,3.0
8005,120-160,1,1,3.0
8006,120-minutes,1,1,3.0
8007,1203,1,1,3.0
8008,121.9,1,1,3.0
8009,1220,1,1,3.0
8010,1226,1,1,3.0
8011,1229,1,1,3.0
8012,123.9,1,1,3.0
8013,1230,1,1,3.0
8014,124,1,1,3.0
8015,124.92,1,1,3.0
8016,125.00,1,1,3.0
8017,126,1,1,3.0
8018,126.08,1,1,3.0
8019,1261,1,1,3.0
8020,1262,1,1,3.0
8021,1265,1,1,3.0
8022,127,1,1,3.0
8023,128,1,1,3.0
8024,128.3,1,1,3.0
8025,129.17,1,1,3.0
8026,12c,1,1,3.0
8027,12z,1,1,3.0
8028,13-17,1,1,3.0
8029,13-20,1,1,3.0
8030,13-21,1,1,3.0
8031,13-24,1,1,3.0
8032,13.10,1,1,3.0
8033,13.22,1,1,3.0
8034,13.42,1,1,3.0
8035,13.46,1,1,3.0
8036,13.48,1,1,3.0
8037,13.5,1,1,3.0
8038,13.51,1,1,3.0
8039,13.55,1,1,3.0
8040,13.56,1,1,3.0
8041,13.69,1,1,3.0
8042,13.7,1,1,3.0
8043,13.97,1,1,3.0
8044,131,1,1,3.0
8045,1320,1,1,3.0
8046,1327,1,1,3.0
8047,1332,1,1,3.0
8048,134.4,1,1,3.0
8049,1345,1,1,3.0
8050,135.52,1,1,3.0
8051,1363,1,1,3.0
8052,1368,1,1,3.0
8053,1373,1,1,3.0
8054,13c,1,1,3.0
8055,13c-labeled,1,1,3.0
8056,13c-mannitol,1,1,3.0
8057,14-20,1,1,3.0
8058,14-week,1,1,3.0
8059,14.11,1,1,3.0
8060,14.12,1,1,3.0
8061,14.22,1,1,3.0
8062,14.38,1,1,3.0
8063,14.41,1,1,3.0
8064,14.7,1,1,3.0
8065,14.84,1,1,3.0
8066,14.85,1,1,3.0
8067,14.91,1,1,3.0
8068,1402,1,1,3.0
8069,1407,1,1,3.0
8070,1416,1,1,3.0
8071,1419,1,1,3.0
8072,142.95,1,1,3.0
8073,1422,1,1,3.0
8074,143.1,1,1,3.0
8075,1434,1,1,3.0
8076,144.4,1,1,3.0
8077,1441,1,1,3.0
8078,1444,1,1,3.0
8079,14542,1,1,3.0
8080,146,1,1,3.0
8081,14r,1,1,3.0
8082,15-21,1,1,3.0
8083,15-25,1,1,3.0
8084,15-37,1,1,3.0
8085,15.22,1,1,3.0
8086,15.32,1,1,3.0
8087,15.56,1,1,3.0
8088,15.59,1,1,3.0
8089,15.9,1,1,3.0
8090,15.97,1,1,3.0
8091,1500,1,1,3.0
8092,152.54,1,1,3.0
8093,153,1,1,3.0
8094,1547,1,1,3.0
8095,155383's,1,1,3.0
8096,156,1,1,3.0
8097,1567,1,1,3.0
8098,15843,1,1,3.0
8099,15902,1,1,3.0
8100,16-23,1,1,3.0
8101,16-week,1,1,3.0
8102,16-year-old,1,1,3.0
8103,16.07,1,1,3.0
8104,16.10,1,1,3.0
8105,16.88,1,1,3.0
8106,16.91,1,1,3.0
8107,1613,1,1,3.0
8108,163,1,1,3.0
8109,164,1,1,3.0
8110,16460,1,1,3.0
8111,1658,1,1,3.0
8112,17-39,1,1,3.0
8113,17-cell,1,1,3.0
8114,17-years,1,1,3.0
8115,17.1,1,1,3.0
8116,17.18,1,1,3.0
8117,17.21,1,1,3.0
8118,17.32,1,1,3.0
8119,17.4,1,1,3.0
8120,17.8,1,1,3.0
8121,17.90,1,1,3.0
8122,17.98,1,1,3.0
8123,1705,1,1,3.0
8124,171,1,1,3.0
8125,174,1,1,3.0
8126,176,1,1,3.0
8127,1762,1,1,3.0
8128,1775,1,1,3.0
8129,1797,1,1,3.0
8130,18-21years,1,1,3.0
8131,18-57,1,1,3.0
8132,18-70,1,1,3.0
8133,18-75,1,1,3.0
8134,18-79,1,1,3.0
8135,18-80,1,1,3.0
8136,18-89,1,1,3.0
8137,18.00,1,1,3.0
8138,18.04,1,1,3.0
8139,18.1,1,1,3.0
8140,18.16,1,1,3.0
8141,18.33,1,1,3.0
8142,18.4,1,1,3.0
8143,18.60,1,1,3.0
8144,18.72,1,1,3.0
8145,180-day,1,1,3.0
8146,1816,1,1,3.0
8147,1819,1,1,3.0
8148,182,1,1,3.0
8149,1822,1,1,3.0
8150,1844,1,1,3.0
8151,185.0,1,1,3.0
8152,1850,1,1,3.0
8153,186,1,1,3.0
8154,187,1,1,3.0
8155,1876,1,1,3.0
8156,188,1,1,3.0
8157,188.9,1,1,3.0
8158,1883,1,1,3.0
8159,189,1,1,3.0
8160,19-21,1,1,3.0
8161,19-64,1,1,3.0
8162,19.1,1,1,3.0
8163,19.2,1,1,3.0
8164,19.28,1,1,3.0
8165,19.32,1,1,3.0
8166,19.92,1,1,3.0
8167,192,1,1,3.0
8168,1960s,1,1,3.0
8169,1969,1,1,3.0
8170,1971,1,1,3.0
8171,1971-2024,1,1,3.0
8172,1991,1,1,3.0
8173,1995,1,1,3.0
8174,1995-2024,1,1,3.0
8175,1998-2021,1,1,3.0
8176,1999-2024,1,1,3.0
8177,1b3,1,1,3.0
8178,1d,1,1,3.0
8179,1st,1,1,3.0
8180,2-115,1,1,3.0
8181,2-12,1,1,3.0
8182,2-14,1,1,3.0
8183,2-3,1,1,3.0
8184,2-8,1,1,3.0
8185,2-h,1,1,3.0
8186,2-ha-treated,1,1,3.0
8187,2-hour,1,1,3.0
8188,2-hydroxybenzyl,1,1,3.0
8189,2-low,1,1,3.0
8190,2-week,1,1,3.0
8191,2.00,1,1,3.0
8192,2.039,1,1,3.0
8193,2.04,1,1,3.0
8194,2.07,1,1,3.0
8195,2.08,1,1,3.0
8196,2.10,1,1,3.0
8197,2.118,1,1,3.0
8198,2.145,1,1,3.0
8199,2.147,1,1,3.0
8200,2.181,1,1,3.0
8201,2.195,1,1,3.0
8202,2.27,1,1,3.0
8203,2.28,1,1,3.0
8204,2.29,1,1,3.0
8205,2.30,1,1,3.0
8206,2.307,1,1,3.0
8207,2.35,1,1,3.0
8208,2.368,1,1,3.0
8209,2.40,1,1,3.0
8210,2.41,1,1,3.0
8211,2.42,1,1,3.0
8212,2.47,1,1,3.0
8213,2.49,1,1,3.0
8214,2.54,1,1,3.0
8215,2.55,1,1,3.0
8216,2.568,1,1,3.0
8217,2.61,1,1,3.0
8218,2.617,1,1,3.0
8219,2.63,1,1,3.0
8220,2.65,1,1,3.0
8221,2.66,1,1,3.0
8222,2.69,1,1,3.0
8223,2.71,1,1,3.0
8224,2.73,1,1,3.0
8225,2.74,1,1,3.0
8226,2.80,1,1,3.0
8227,2.827,1,1,3.0
8228,2.83,1,1,3.0
8229,2.84,1,1,3.0
8230,2.85,1,1,3.0
8231,2.87,1,1,3.0
8232,2.91,1,1,3.0
8233,2.93,1,1,3.0
8234,2.94,1,1,3.0
8235,2.95,1,1,3.0
8236,2.96,1,1,3.0
8237,20-40,1,1,3.0
8238,20-41,1,1,3.0
8239,20-60,1,1,3.0
8240,20-60ml,1,1,3.0
8241,20-minute,1,1,3.0
8242,20-month-old,1,1,3.0
8243,20-pound,1,1,3.0
8244,20.05,1,1,3.0
8245,20.39,1,1,3.0
8246,20.8,1,1,3.0
8247,2001,1,1,3.0
8248,2002-2012,1,1,3.0
8249,2003-2023,1,1,3.0
8250,2005,1,1,3.0
8251,2005-2020,1,1,3.0
8252,2005-2024,1,1,3.0
8253,2005-2026,1,1,3.0
8254,2005q2,1,1,3.0
8255,2006-2021,1,1,3.0
8256,2006-2025,1,1,3.0
8257,2007-2019,1,1,3.0
8258,2007-2023,1,1,3.0
8259,2009-2019,1,1,3.0
8260,201,1,1,3.0
8261,201.7,1,1,3.0
8262,2010-2024,1,1,3.0
8263,2010-2025,1,1,3.0
8264,2011-2014,1,1,3.0
8265,2011-2018,1,1,3.0
8266,2011-2021,1,1,3.0
8267,2013-2020,1,1,3.0
8268,2013-2021,1,1,3.0
8269,2014-2020,1,1,3.0
8270,2014-2024,1,1,3.0
8271,2014-2025,1,1,3.0
8272,2014-july,1,1,3.0
8273,2015-2025,1,1,3.0
8274,2016-2020,1,1,3.0
8275,2016-2024,1,1,3.0
8276,2016-2025,1,1,3.0
8277,2017-2019,1,1,3.0
8278,2017-2022,1,1,3.0
8279,2017-2025,1,1,3.0
8280,2017-december,1,1,3.0
8281,2018-11,1,1,3.0
8282,2018-2022,1,1,3.0
8283,2018-2025,1,1,3.0
8284,2018q1-2025q4,1,1,3.0
8285,2019-000781-38,1,1,3.0
8286,2019-002390-60,1,1,3.0
8287,2020-002479-37,1,1,3.0
8288,2020-2025,1,1,3.0
8289,2021-12,1,1,3.0
8290,2021-2023,1,1,3.0
8291,2021-2025,1,1,3.0
8292,2021q1,1,1,3.0
8293,2022-2023,1,1,3.0
8294,2022-june,1,1,3.0
8295,2022-q4,1,1,3.0
8296,2024-2026,1,1,3.0
8297,2024-2029,1,1,3.0
8298,2024-august,1,1,3.0
8299,2024-december,1,1,3.0
8300,2024-february,1,1,3.0
8301,2024-january,1,1,3.0
8302,2024-october,1,1,3.0
8303,2024q2,1,1,3.0
8304,2025-2026,1,1,3.0
8305,2025-2029,1,1,3.0
8306,2026q1,1,1,3.0
8307,203,1,1,3.0
8308,2031,1,1,3.0
8309,204,1,1,3.0
8310,205,1,1,3.0
8311,2050,1,1,3.0
8312,207,1,1,3.0
8313,20s,1,1,3.0
8314,21.1,1,1,3.0
8315,21.2,1,1,3.0
8316,21.4,1,1,3.0
8317,21.56,1,1,3.0
8318,21.59,1,1,3.0
8319,21.6,1,1,3.0
8320,21.67,1,1,3.0
8321,21.69,1,1,3.0
8322,21.82,1,1,3.0
8323,21.88,1,1,3.0
8324,2102.0,1,1,3.0
8325,217,1,1,3.0
8326,2182,1,1,3.0
8327,22-member,1,1,3.0
8328,22.10,1,1,3.0
8329,22.2,1,1,3.0
8330,22.3,1,1,3.0
8331,22.4,1,1,3.0
8332,22.54,1,1,3.0
8333,22.70,1,1,3.0
8334,222,1,1,3.0
8335,2225,1,1,3.0
8336,224,1,1,3.0
8337,225,1,1,3.0
8338,22551,1,1,3.0
8339,2267,1,1,3.0
8340,2270,1,1,3.0
8341,2286,1,1,3.0
8342,2292,1,1,3.0
8343,23.0,1,1,3.0
8344,23.1,1,1,3.0
8345,23.3,1,1,3.0
8346,23.42,1,1,3.0
8347,23.5,1,1,3.0
8348,23.65,1,1,3.0
8349,23.89,1,1,3.0
8350,2329,1,1,3.0
8351,234,1,1,3.0
8352,2345,1,1,3.0
8353,235,1,1,3.0
8354,2357,1,1,3.0
8355,236,1,1,3.0
8356,2384,1,1,3.0
8357,239,1,1,3.0
8358,24-35,1,1,3.0
8359,24-36-month,1,1,3.0
8360,24-h,1,1,3.0
8361,24-month,1,1,3.0
8362,24.1,1,1,3.0
8363,24.2,1,1,3.0
8364,24.33,1,1,3.0
8365,24.34,1,1,3.0
8366,24.4,1,1,3.0
8367,24.5,1,1,3.0
8368,24.63,1,1,3.0
8369,24.7,1,1,3.0
8370,244,1,1,3.0
8371,2470,1,1,3.0
8372,248,1,1,3.0
8373,25-29,1,1,3.0
8374,25-44,1,1,3.0
8375,25-50,1,1,3.0
8376,25-65,1,1,3.0
8377,25-year,1,1,3.0
8378,25.0,1,1,3.0
8379,25.06,1,1,3.0
8380,25.3,1,1,3.0
8381,25.5,1,1,3.0
8382,25.60,1,1,3.0
8383,25.7,1,1,3.0
8384,25.76,1,1,3.0
8385,25.78,1,1,3.0
8386,25.87,1,1,3.0
8387,25.9,1,1,3.0
8388,2508,1,1,3.0
8389,252,1,1,3.0
8390,253,1,1,3.0
8391,254.47,1,1,3.0
8392,258,1,1,3.0
8393,26-35,1,1,3.0
8394,26-82,1,1,3.0
8395,26-91,1,1,3.0
8396,26.14,1,1,3.0
8397,26.4,1,1,3.0
8398,26.50,1,1,3.0
8399,26.7,1,1,3.0
8400,26.78,1,1,3.0
8401,26.81,1,1,3.0
8402,26.83,1,1,3.0
8403,2685,1,1,3.0
8404,27-57,1,1,3.0
8405,27-week,1,1,3.0
8406,27.2,1,1,3.0
8407,27.4,1,1,3.0
8408,27.47,1,1,3.0
8409,27.5,1,1,3.0
8410,27.6,1,1,3.0
8411,27.79,1,1,3.0
8412,27.84,1,1,3.0
8413,2719,1,1,3.0
8414,277,1,1,3.0
8415,2776,1,1,3.0
8416,2778,1,1,3.0
8417,2784,1,1,3.0
8418,2792,1,1,3.0
8419,28-38,1,1,3.0
8420,28-day,1,1,3.0
8421,28-week,1,1,3.0
8422,28.4,1,1,3.0
8423,28.8,1,1,3.0
8424,28.9,1,1,3.0
8425,28.94,1,1,3.0
8426,281,1,1,3.0
8427,28180.67,1,1,3.0
8428,285,1,1,3.0
8429,2852,1,1,3.0
8430,2859,1,1,3.0
8431,287,1,1,3.0
8432,287.3,1,1,3.0
8433,288,1,1,3.0
8434,28804,1,1,3.0
8435,288408,1,1,3.0
8436,2898,1,1,3.0
8437,29.2,1,1,3.0
8438,29.4,1,1,3.0
8439,29.59,1,1,3.0
8440,29.7,1,1,3.0
8441,290,1,1,3.0
8442,2906,1,1,3.0
8443,293,1,1,3.0
8444,296,1,1,3.0
8445,2990,1,1,3.0
8446,2d,1,1,3.0
8447,3-21,1,1,3.0
8448,3-36,1,1,3.0
8449,3-52,1,1,3.0
8450,3-8,1,1,3.0
8451,3-day,1,1,3.0
8452,3-hydroxy-1,1,1,3.0
8453,3-induced,1,1,3.0
8454,3-level,1,1,3.0
8455,3-ma,1,1,3.0
8456,3-methyladenine,1,1,3.0
8457,3-of-4,1,1,3.0
8458,3.02,1,1,3.0
8459,3.064,1,1,3.0
8460,3.10,1,1,3.0
8461,3.12,1,1,3.0
8462,3.145,1,1,3.0
8463,3.152,1,1,3.0
8464,3.17,1,1,3.0
8465,3.208,1,1,3.0
8466,3.24,1,1,3.0
8467,3.25,1,1,3.0
8468,3.27,1,1,3.0
8469,3.35,1,1,3.0
8470,3.353,1,1,3.0
8471,3.36,1,1,3.0
8472,3.37,1,1,3.0
8473,3.371,1,1,3.0
8474,3.42,1,1,3.0
8475,3.46,1,1,3.0
8476,3.489,1,1,3.0
8477,3.49,1,1,3.0
8478,3.50,1,1,3.0
8479,3.51,1,1,3.0
8480,3.539,1,1,3.0
8481,3.56,1,1,3.0
8482,3.577,1,1,3.0
8483,3.60,1,1,3.0
8484,3.638,1,1,3.0
8485,3.64,1,1,3.0
8486,3.66,1,1,3.0
8487,3.67,1,1,3.0
8488,3.672,1,1,3.0
8489,3.68,1,1,3.0
8490,3.70,1,1,3.0
8491,3.73,1,1,3.0
8492,3.76,1,1,3.0
8493,3.77,1,1,3.0
8494,3.79,1,1,3.0
8495,3.810,1,1,3.0
8496,3.87,1,1,3.0
8497,3.88,1,1,3.0
8498,3.90,1,1,3.0
8499,3.91,1,1,3.0
8500,3.93,1,1,3.0
8501,3.95,1,1,3.0
8502,30-34,1,1,3.0
8503,30-39,1,1,3.0
8504,30-40,1,1,3.0
8505,30-50,1,1,3.0
8506,30-55,1,1,3.0
8507,30-60,1,1,3.0
8508,30-item,1,1,3.0
8509,30-minute,1,1,3.0
8510,30-question,1,1,3.0
8511,30-week,1,1,3.0
8512,30-year,1,1,3.0
8513,30.55,1,1,3.0
8514,30.7,1,1,3.0
8515,30.9,1,1,3.0
8516,302,1,1,3.0
8517,303,1,1,3.0
8518,304,1,1,3.0
8519,305,1,1,3.0
8520,3059,1,1,3.0
8521,307,1,1,3.0
8522,31-365,1,1,3.0
8523,31-item,1,1,3.0
8524,31-year-old,1,1,3.0
8525,31.0,1,1,3.0
8526,31.2,1,1,3.0
8527,31.4,1,1,3.0
8528,31.5,1,1,3.0
8529,31.7,1,1,3.0
8530,31.8,1,1,3.0
8531,310-fold,1,1,3.0
8532,311,1,1,3.0
8533,3115,1,1,3.0
8534,3125,1,1,3.0
8535,318,1,1,3.0
8536,3196,1,1,3.0
8537,32-62,1,1,3.0
8538,32-week,1,1,3.0
8539,32.0,1,1,3.0
8540,32.1,1,1,3.0
8541,32.2,1,1,3.0
8542,32.22,1,1,3.0
8543,32.41,1,1,3.0
8544,32.7,1,1,3.0
8545,3215,1,1,3.0
8546,323,1,1,3.0
8547,326,1,1,3.0
8548,327,1,1,3.0
8549,3284,1,1,3.0
8550,329,1,1,3.0
8551,33-42,1,1,3.0
8552,33.0,1,1,3.0
8553,33.27,1,1,3.0
8554,33.30,1,1,3.0
8555,33.32,1,1,3.0
8556,33.4,1,1,3.0
8557,33.6,1,1,3.0
8558,33.8,1,1,3.0
8559,33.9,1,1,3.0
8560,330,1,1,3.0
8561,3310,1,1,3.0
8562,3313,1,1,3.0
8563,3316,1,1,3.0
8564,332,1,1,3.0
8565,333,1,1,3.0
8566,3333,1,1,3.0
8567,334,1,1,3.0
8568,335,1,1,3.0
8569,336,1,1,3.0
8570,3363,1,1,3.0
8571,337,1,1,3.0
8572,338,1,1,3.0
8573,339,1,1,3.0
8574,34.1,1,1,3.0
8575,34.12,1,1,3.0
8576,34.4,1,1,3.0
8577,34.7,1,1,3.0
8578,34.94,1,1,3.0
8579,343,1,1,3.0
8580,3438,1,1,3.0
8581,344,1,1,3.0
8582,3459,1,1,3.0
8583,346,1,1,3.0
8584,3460,1,1,3.0
8585,347,1,1,3.0
8586,3492,1,1,3.0
8587,35-50,1,1,3.0
8588,35.0,1,1,3.0
8589,35.05,1,1,3.0
8590,35.27,1,1,3.0
8591,35.3,1,1,3.0
8592,35.6,1,1,3.0
8593,35.8,1,1,3.0
8594,350,1,1,3.0
8595,352,1,1,3.0
8596,353,1,1,3.0
8597,354,1,1,3.0
8598,36-week,1,1,3.0
8599,36.2,1,1,3.0
8600,36.42,1,1,3.0
8601,361,1,1,3.0
8602,362,1,1,3.0
8603,3629,1,1,3.0
8604,365-day,1,1,3.0
8605,366-730,1,1,3.0
8606,368,1,1,3.0
8607,3689,1,1,3.0
8608,369,1,1,3.0
8609,37.0,1,1,3.0
8610,37.2,1,1,3.0
8611,37.3,1,1,3.0
8612,37.4,1,1,3.0
8613,37.6,1,1,3.0
8614,37.7,1,1,3.0
8615,37.8,1,1,3.0
8616,37.9,1,1,3.0
8617,3747,1,1,3.0
8618,378,1,1,3.0
8619,379,1,1,3.0
8620,3791,1,1,3.0
8621,38.14,1,1,3.0
8622,38.6,1,1,3.0
8623,38.8,1,1,3.0
8624,38.9,1,1,3.0
8625,382,1,1,3.0
8626,3823,1,1,3.0
8627,383,1,1,3.0
8628,383.1,1,1,3.0
8629,3835,1,1,3.0
8630,384,1,1,3.0
8631,38406,1,1,3.0
8632,387,1,1,3.0
8633,389,1,1,3.0
8634,39-49,1,1,3.0
8635,39-year-old,1,1,3.0
8636,39.0,1,1,3.0
8637,39.2,1,1,3.0
8638,39.3,1,1,3.0
8639,39.38,1,1,3.0
8640,39.46,1,1,3.0
8641,39.85,1,1,3.0
8642,3928,1,1,3.0
8643,394,1,1,3.0
8644,396,1,1,3.0
8645,397,1,1,3.0
8646,3971,1,1,3.0
8647,3980.76,1,1,3.0
8648,399,1,1,3.0
8649,3b-ii,1,1,3.0
8650,3c5t,1,1,3.0
8651,3d-transit,1,1,3.0
8652,3s,1,1,3.0
8653,3β,1,1,3.0
8654,4-235,1,1,3.0
8655,4-5,1,1,3.0
8656,4-89,1,1,3.0
8657,4-cmtb,1,1,3.0
8658,4-cyano,1,1,3.0
8659,4-fold,1,1,3.0
8660,4-hydroxyphenyl,1,1,3.0
8661,4-like,1,1,3.0
8662,4-mediated,1,1,3.0
8663,4-methylsulfonyl,1,1,3.0
8664,4-months,1,1,3.0
8665,4-part,1,1,3.0
8666,4-substitutedphenyl,1,1,3.0
8667,4-trifluoromethyl,1,1,3.0
8668,4-week,1,1,3.0
8669,4.00,1,1,3.0
8670,4.11,1,1,3.0
8671,4.12,1,1,3.0
8672,4.13,1,1,3.0
8673,4.144,1,1,3.0
8674,4.174,1,1,3.0
8675,4.21,1,1,3.0
8676,4.24,1,1,3.0
8677,4.25,1,1,3.0
8678,4.27,1,1,3.0
8679,4.29,1,1,3.0
8680,4.30,1,1,3.0
8681,4.31,1,1,3.0
8682,4.33,1,1,3.0
8683,4.36,1,1,3.0
8684,4.37,1,1,3.0
8685,4.4.1,1,1,3.0
8686,4.40,1,1,3.0
8687,4.48,1,1,3.0
8688,4.5.0,1,1,3.0
8689,4.51,1,1,3.0
8690,4.519,1,1,3.0
8691,4.57,1,1,3.0
8692,4.6.0,1,1,3.0
8693,4.618,1,1,3.0
8694,4.62,1,1,3.0
8695,4.63,1,1,3.0
8696,4.64,1,1,3.0
8697,4.65,1,1,3.0
8698,4.70,1,1,3.0
8699,4.71,1,1,3.0
8700,4.73,1,1,3.0
8701,4.74,1,1,3.0
8702,4.79,1,1,3.0
8703,4.83,1,1,3.0
8704,4.94,1,1,3.0
8705,4.99,1,1,3.0
8706,40-69,1,1,3.0
8707,40-mediated,1,1,3.0
8708,40-year,1,1,3.0
8709,40-year-old,1,1,3.0
8710,40.0,1,1,3.0
8711,40.4,1,1,3.0
8712,40.5,1,1,3.0
8713,40.7,1,1,3.0
8714,40.8,1,1,3.0
8715,40.9,1,1,3.0
8716,40.90,1,1,3.0
8717,40.95,1,1,3.0
8718,402,1,1,3.0
8719,403,1,1,3.0
8720,40349,1,1,3.0
8721,4043,1,1,3.0
8722,405,1,1,3.0
8723,4066,1,1,3.0
8724,4076,1,1,3.0
8725,41-year-old,1,1,3.0
8726,41.23,1,1,3.0
8727,41.3,1,1,3.0
8728,41.5,1,1,3.0
8729,41.7,1,1,3.0
8730,41.9,1,1,3.0
8731,410,1,1,3.0
8732,4113,1,1,3.0
8733,4120,1,1,3.0
8734,413,1,1,3.0
8735,4153,1,1,3.0
8736,416,1,1,3.0
8737,417,1,1,3.0
8738,4170,1,1,3.0
8739,4181,1,1,3.0
8740,42-47,1,1,3.0
8741,42.1,1,1,3.0
8742,42.4,1,1,3.0
8743,42.5,1,1,3.0
8744,420,1,1,3.0
8745,420m,1,1,3.0
8746,42423,1,1,3.0
8747,429,1,1,3.0
8748,43-93,1,1,3.0
8749,43-glp-1,1,1,3.0
8750,43.1,1,1,3.0
8751,43.26,1,1,3.0
8752,43.3,1,1,3.0
8753,43.8,1,1,3.0
8754,43.9,1,1,3.0
8755,4300,1,1,3.0
8756,434,1,1,3.0
8757,435,1,1,3.0
8758,4361,1,1,3.0
8759,4365,1,1,3.0
8760,438,1,1,3.0
8761,439,1,1,3.0
8762,44-year-old,1,1,3.0
8763,443,1,1,3.0
8764,445,1,1,3.0
8765,4450,1,1,3.0
8766,448,1,1,3.0
8767,4491,1,1,3.0
8768,45-55,1,1,3.0
8769,45-62,1,1,3.0
8770,45-day,1,1,3.0
8771,45-t3165,1,1,3.0
8772,45-year-old,1,1,3.0
8773,45.08,1,1,3.0
8774,45.1,1,1,3.0
8775,45.5,1,1,3.0
8776,45.7,1,1,3.0
8777,45.86,1,1,3.0
8778,45.9,1,1,3.0
8779,451,1,1,3.0
8780,455,1,1,3.0
8781,4555,1,1,3.0
8782,4557,1,1,3.0
8783,458.8,1,1,3.0
8784,46-101,1,1,3.0
8785,46.0,1,1,3.0
8786,46.1,1,1,3.0
8787,46.4,1,1,3.0
8788,46.7,1,1,3.0
8789,4620,1,1,3.0
8790,464,1,1,3.0
8791,465.40,1,1,3.0
8792,468,1,1,3.0
8793,46h-bond-mediated,1,1,3.0
8794,47-58,1,1,3.0
8795,47.2,1,1,3.0
8796,47.3,1,1,3.0
8797,47.7,1,1,3.0
8798,47.9,1,1,3.0
8799,470,1,1,3.0
8800,471,1,1,3.0
8801,473,1,1,3.0
8802,474,1,1,3.0
8803,4768,1,1,3.0
8804,4769,1,1,3.0
8805,4773,1,1,3.0
8806,478,1,1,3.0
8807,478-540,1,1,3.0
8808,479,1,1,3.0
8809,48.0,1,1,3.0
8810,48.1,1,1,3.0
8811,48.3,1,1,3.0
8812,48.4,1,1,3.0
8813,48.5,1,1,3.0
8814,48.50,1,1,3.0
8815,48.9,1,1,3.0
8816,484,1,1,3.0
8817,4872,1,1,3.0
8818,488,1,1,3.0
8819,4890,1,1,3.0
8820,49.0,1,1,3.0
8821,49.4,1,1,3.0
8822,491,1,1,3.0
8823,492,1,1,3.0
8824,4920,1,1,3.0
8825,493,1,1,3.0
8826,495,1,1,3.0
8827,496,1,1,3.0
8828,4a,1,1,3.0
8829,4d-dia,1,1,3.0
8830,5-19,1,1,3.0
8831,5-20,1,1,3.0
8832,5-47,1,1,3.0
8833,5-86,1,1,3.0
8834,5-92,1,1,3.0
8835,5-anhydroglucitol,1,1,3.0
8836,5-dimension,1,1,3.0
8837,5-fold,1,1,3.0
8838,5-ht,1,1,3.0
8839,5-ht2a,1,1,3.0
8840,5-ht3,1,1,3.0
8841,5-hydroxyindoleacetic,1,1,3.0
8842,5-hydroxytryptamine,1,1,3.0
8843,5-item,1,1,3.0
8844,5-level,1,1,3.0
8845,5-nitropyrimidine,1,1,3.0
8846,5-oxo-eicosatetraenoic,1,1,3.0
8847,5-spiro,1,1,3.0
8848,5-years,1,1,3.0
8849,5.03,1,1,3.0
8850,5.039,1,1,3.0
8851,5.04,1,1,3.0
8852,5.05,1,1,3.0
8853,5.08,1,1,3.0
8854,5.14,1,1,3.0
8855,5.15,1,1,3.0
8856,5.19,1,1,3.0
8857,5.24,1,1,3.0
8858,5.36,1,1,3.0
8859,5.60,1,1,3.0
8860,5.62,1,1,3.0
8861,5.63,1,1,3.0
8862,5.69,1,1,3.0
8863,5.74,1,1,3.0
8864,5.75,1,1,3.0
8865,5.77,1,1,3.0
8866,5.83,1,1,3.0
8867,5.86,1,1,3.0
8868,5.87,1,1,3.0
8869,5.91,1,1,3.0
8870,5.93,1,1,3.0
8871,5.94,1,1,3.0
8872,5.95,1,1,3.0
8873,5.97,1,1,3.0
8874,50-64,1,1,3.0
8875,50-68,1,1,3.0
8876,50.0,1,1,3.0
8877,50.1,1,1,3.0
8878,50.2,1,1,3.0
8879,50.7,1,1,3.0
8880,50.89,1,1,3.0
8881,50.9,1,1,3.0
8882,5032,1,1,3.0
8883,509,1,1,3.0
8884,51-68,1,1,3.0
8885,51.1,1,1,3.0
8886,51.9,1,1,3.0
8887,512,1,1,3.0
8888,513,1,1,3.0
8889,518,1,1,3.0
8890,52-67,1,1,3.0
8891,52-77,1,1,3.0
8892,52-week,1,1,3.0
8893,52.0,1,1,3.0
8894,52.1,1,1,3.0
8895,52.23,1,1,3.0
8896,52.6,1,1,3.0
8897,52.9,1,1,3.0
8898,520,1,1,3.0
8899,520-715,1,1,3.0
8900,5200,1,1,3.0
8901,522,1,1,3.0
8902,5221,1,1,3.0
8903,524,1,1,3.0
8904,525,1,1,3.0
8905,5275,1,1,3.0
8906,529,1,1,3.0
8907,53-86,1,1,3.0
8908,53.1,1,1,3.0
8909,53.8,1,1,3.0
8910,531,1,1,3.0
8911,532,1,1,3.0
8912,534,1,1,3.0
8913,536,1,1,3.0
8914,539,1,1,3.0
8915,53b,1,1,3.0
8916,54.3,1,1,3.0
8917,54.6,1,1,3.0
8918,54.7,1,1,3.0
8919,540-540,1,1,3.0
8920,541,1,1,3.0
8921,543,1,1,3.0
8922,5432,1,1,3.0
8923,545,1,1,3.0
8924,547,1,1,3.0
8925,549,1,1,3.0
8926,55-72,1,1,3.0
8927,55-95,1,1,3.0
8928,55.3,1,1,3.0
8929,55.6,1,1,3.0
8930,553,1,1,3.0
8931,5532,1,1,3.0
8932,554,1,1,3.0
8933,55619,1,1,3.0
8934,56.5,1,1,3.0
8935,56.77,1,1,3.0
8936,5608,1,1,3.0
8937,5613,1,1,3.0
8938,562,1,1,3.0
8939,5624,1,1,3.0
8940,564,1,1,3.0
8941,566,1,1,3.0
8942,567-trial,1,1,3.0
8943,5673,1,1,3.0
8944,5674,1,1,3.0
8945,5675,1,1,3.0
8946,5699,1,1,3.0
8947,57-year-old,1,1,3.0
8948,57.2,1,1,3.0
8949,57.7,1,1,3.0
8950,57.8,1,1,3.0
8951,57.95,1,1,3.0
8952,573,1,1,3.0
8953,573.4,1,1,3.0
8954,574,1,1,3.0
8955,5762,1,1,3.0
8956,58.1,1,1,3.0
8957,58.4,1,1,3.0
8958,58.6,1,1,3.0
8959,58.9,1,1,3.0
8960,582,1,1,3.0
8961,5827,1,1,3.0
8962,586,1,1,3.0
8963,5863,1,1,3.0
8964,587,1,1,3.0
8965,5871,1,1,3.0
8966,5876,1,1,3.0
8967,589f,1,1,3.0
8968,59.0,1,1,3.0
8969,59.2,1,1,3.0
8970,59.4,1,1,3.0
8971,59.5,1,1,3.0
8972,59.7,1,1,3.0
8973,593,1,1,3.0
8974,596,1,1,3.0
8975,5th-percentile,1,1,3.0
8976,6-14,1,1,3.0
8977,6-21,1,1,3.0
8978,6-7,1,1,3.0
8979,6-8,1,1,3.0
8980,6-diamidino-2-phenylindole,1,1,3.0
8981,6-fold,1,1,3.0
8982,6-months,1,1,3.0
8983,6-week,1,1,3.0
8984,6.01,1,1,3.0
8985,6.07,1,1,3.0
8986,6.09,1,1,3.0
8987,6.10,1,1,3.0
8988,6.11,1,1,3.0
8989,6.12,1,1,3.0
8990,6.28,1,1,3.0
8991,6.29,1,1,3.0
8992,6.32,1,1,3.0
8993,6.38,1,1,3.0
8994,6.407,1,1,3.0
8995,6.45,1,1,3.0
8996,6.47,1,1,3.0
8997,6.48,1,1,3.0
8998,6.64,1,1,3.0
8999,6.65,1,1,3.0
9000,6.66,1,1,3.0
9001,6.690,1,1,3.0
9002,6.71,1,1,3.0
9003,6.74,1,1,3.0
9004,6.75,1,1,3.0
9005,6.79,1,1,3.0
9006,6.82,1,1,3.0
9007,6.85,1,1,3.0
9008,6.93,1,1,3.0
9009,6.95,1,1,3.0
9010,6.98,1,1,3.0
9011,60-70,1,1,3.0
9012,60-98,1,1,3.0
9013,60-minute,1,1,3.0
9014,60.2,1,1,3.0
9015,60.47,1,1,3.0
9016,60.5,1,1,3.0
9017,60.7,1,1,3.0
9018,60.8,1,1,3.0
9019,6018,1,1,3.0
9020,602,1,1,3.0
9021,605,1,1,3.0
9022,607,1,1,3.0
9023,61.0,1,1,3.0
9024,61.2,1,1,3.0
9025,61.3,1,1,3.0
9026,61.5,1,1,3.0
9027,61.6,1,1,3.0
9028,612,1,1,3.0
9029,614,1,1,3.0
9030,616,1,1,3.0
9031,62.2,1,1,3.0
9032,62.3,1,1,3.0
9033,62.30,1,1,3.0
9034,62.5,1,1,3.0
9035,628,1,1,3.0
9036,629,1,1,3.0
9037,63-week-old,1,1,3.0
9038,63-y-or-older-age,1,1,3.0
9039,63.0,1,1,3.0
9040,63.2,1,1,3.0
9041,6300,1,1,3.0
9042,64-year-old,1,1,3.0
9043,64.3,1,1,3.0
9044,64.7,1,1,3.0
9045,64.8,1,1,3.0
9046,64.9,1,1,3.0
9047,642,1,1,3.0
9048,648,1,1,3.0
9049,6482,1,1,3.0
9050,65-74,1,1,3.0
9051,65-fold,1,1,3.0
9052,65-yr-old,1,1,3.0
9053,65.00,1,1,3.0
9054,65.06,1,1,3.0
9055,65.2,1,1,3.0
9056,65.5,1,1,3.0
9057,65.6,1,1,3.0
9058,65.8,1,1,3.0
9059,65.9,1,1,3.0
9060,6515,1,1,3.0
9061,654,1,1,3.0
9062,657,1,1,3.0
9063,658,1,1,3.0
9064,66.2,1,1,3.0
9065,660,1,1,3.0
9066,662,1,1,3.0
9067,664,1,1,3.0
9068,664.4,1,1,3.0
9069,665,1,1,3.0
9070,666,1,1,3.0
9071,668,1,1,3.0
9072,67-76,1,1,3.0
9073,67.4,1,1,3.0
9074,67.5,1,1,3.0
9075,670,1,1,3.0
9076,670.0,1,1,3.0
9077,6748,1,1,3.0
9078,678,1,1,3.0
9079,679,1,1,3.0
9080,68.2,1,1,3.0
9081,68.5,1,1,3.0
9082,682,1,1,3.0
9083,684,1,1,3.0
9084,685,1,1,3.0
9085,6887,1,1,3.0
9086,69-0,1,1,3.0
9087,69.1,1,1,3.0
9088,69.4,1,1,3.0
9089,69.5,1,1,3.0
9090,690.5,1,1,3.0
9091,691,1,1,3.0
9092,692,1,1,3.0
9093,6920,1,1,3.0
9094,6953,1,1,3.0
9095,698,1,1,3.0
9096,699,1,1,3.0
9097,6e-hepten-5-one,1,1,3.0
9098,6n,1,1,3.0
9099,6x19,1,1,3.0
9100,7-10,1,1,3.0
9101,7-13,1,1,3.0
9102,7-14,1,1,3.0
9103,7-18,1,1,3.0
9104,7-30,1,1,3.0
9105,7-37,1,1,3.0
9106,7-8,1,1,3.0
9107,7-87,1,1,3.0
9108,7-bis,1,1,3.0
9109,7-item,1,1,3.0
9110,7-month-old,1,1,3.0
9111,7.00,1,1,3.0
9112,7.03,1,1,3.0
9113,7.06,1,1,3.0
9114,7.19,1,1,3.0
9115,7.21,1,1,3.0
9116,7.22,1,1,3.0
9117,7.26,1,1,3.0
9118,7.27,1,1,3.0
9119,7.30,1,1,3.0
9120,7.34,1,1,3.0
9121,7.384,1,1,3.0
9122,7.39,1,1,3.0
9123,7.44,1,1,3.0
9124,7.46,1,1,3.0
9125,7.49,1,1,3.0
9126,7.54,1,1,3.0
9127,7.56,1,1,3.0
9128,7.58,1,1,3.0
9129,7.59,1,1,3.0
9130,7.64,1,1,3.0
9131,7.73,1,1,3.0
9132,7.74,1,1,3.0
9133,7.802,1,1,3.0
9134,7.84,1,1,3.0
9135,7.85,1,1,3.0
9136,7.91,1,1,3.0
9137,7.92,1,1,3.0
9138,7.95,1,1,3.0
9139,7.99,1,1,3.0
9140,70-100,1,1,3.0
9141,70-90,1,1,3.0
9142,70-year,1,1,3.0
9143,70.3,1,1,3.0
9144,70.5,1,1,3.0
9145,70.7,1,1,3.0
9146,701.4,1,1,3.0
9147,7015,1,1,3.0
9148,702,1,1,3.0
9149,705,1,1,3.0
9150,71-year-old,1,1,3.0
9151,71.0,1,1,3.0
9152,71.1,1,1,3.0
9153,71.5,1,1,3.0
9154,71.8,1,1,3.0
9155,7151,1,1,3.0
9156,716,1,1,3.0
9157,72-week,1,1,3.0
9158,72.1,1,1,3.0
9159,72.11,1,1,3.0
9160,72.3,1,1,3.0
9161,72.30,1,1,3.0
9162,72.5,1,1,3.0
9163,72.6,1,1,3.0
9164,72.8,1,1,3.0
9165,7214,1,1,3.0
9166,722,1,1,3.0
9167,7249,1,1,3.0
9168,73-year-old,1,1,3.0
9169,73.04,1,1,3.0
9170,73.4,1,1,3.0
9171,732,1,1,3.0
9172,734,1,1,3.0
9173,737,1,1,3.0
9174,7389,1,1,3.0
9175,74.3,1,1,3.0
9176,74.5,1,1,3.0
9177,74.6,1,1,3.0
9178,744,1,1,3.0
9179,746,1,1,3.0
9180,747,1,1,3.0
9181,748,1,1,3.0
9182,748.6,1,1,3.0
9183,749,1,1,3.0
9184,7491,1,1,3.0
9185,75-90,1,1,3.0
9186,75.0,1,1,3.0
9187,75.00,1,1,3.0
9188,75.4,1,1,3.0
9189,75.5,1,1,3.0
9190,75.9,1,1,3.0
9191,752,1,1,3.0
9192,757,1,1,3.0
9193,75n92021d00006,1,1,3.0
9194,76-100,1,1,3.0
9195,76.0,1,1,3.0
9196,76.2,1,1,3.0
9197,76.5,1,1,3.0
9198,76.7,1,1,3.0
9199,76.70,1,1,3.0
9200,76.8,1,1,3.0
9201,76.88,1,1,3.0
9202,76.9,1,1,3.0
9203,764,1,1,3.0
9204,768,1,1,3.0
9205,77-0,1,1,3.0
9206,77-102,1,1,3.0
9207,77.0,1,1,3.0
9208,77.1,1,1,3.0
9209,77.2,1,1,3.0
9210,77.6,1,1,3.0
9211,77.7,1,1,3.0
9212,77.8,1,1,3.0
9213,770,1,1,3.0
9214,772,1,1,3.0
9215,774,1,1,3.0
9216,775,1,1,3.0
9217,78-90,1,1,3.0
9218,78.2,1,1,3.0
9219,78.5,1,1,3.0
9220,78.6,1,1,3.0
9221,78.8,1,1,3.0
9222,780,1,1,3.0
9223,785,1,1,3.0
9224,787,1,1,3.0
9225,79-86,1,1,3.0
9226,79-year-old,1,1,3.0
9227,79.0,1,1,3.0
9228,79.3,1,1,3.0
9229,79.8,1,1,3.0
9230,791,1,1,3.0
9231,797,1,1,3.0
9232,799,1,1,3.0
9233,7cfn,1,1,3.0
9234,7xtq,1,1,3.0
9235,8-10,1,1,3.0
9236,8-13,1,1,3.0
9237,8-52,1,1,3.0
9238,8-71,1,1,3.0
9239,8-ohdg,1,1,3.0
9240,8.02,1,1,3.0
9241,8.06,1,1,3.0
9242,8.27,1,1,3.0
9243,8.29,1,1,3.0
9244,8.30,1,1,3.0
9245,8.31,1,1,3.0
9246,8.36,1,1,3.0
9247,8.51,1,1,3.0
9248,8.52,1,1,3.0
9249,8.54,1,1,3.0
9250,8.58,1,1,3.0
9251,8.61,1,1,3.0
9252,8.63,1,1,3.0
9253,8.64,1,1,3.0
9254,8.651,1,1,3.0
9255,8.67,1,1,3.0
9256,8.73,1,1,3.0
9257,8.85,1,1,3.0
9258,8.88,1,1,3.0
9259,8.95,1,1,3.0
9260,8.97,1,1,3.0
9261,80.3,1,1,3.0
9262,80.5,1,1,3.0
9263,80.60,1,1,3.0
9264,80.9,1,1,3.0
9265,803,1,1,3.0
9266,8039,1,1,3.0
9267,804.86,1,1,3.0
9268,808,1,1,3.0
9269,809,1,1,3.0
9270,81.6,1,1,3.0
9271,81.76,1,1,3.0
9272,81.9,1,1,3.0
9273,811,1,1,3.0
9274,812,1,1,3.0
9275,8176,1,1,3.0
9276,819,1,1,3.0
9277,82-year-old,1,1,3.0
9278,82.0,1,1,3.0
9279,82.61,1,1,3.0
9280,82.7,1,1,3.0
9281,82058.77,1,1,3.0
9282,822,1,1,3.0
9283,825,1,1,3.0
9284,827,1,1,3.0
9285,828,1,1,3.0
9286,83.0,1,1,3.0
9287,83.093,1,1,3.0
9288,83.1,1,1,3.0
9289,83.48,1,1,3.0
9290,83.7,1,1,3.0
9291,83.9,1,1,3.0
9292,831,1,1,3.0
9293,833,1,1,3.0
9294,8349,1,1,3.0
9295,84.3,1,1,3.0
9296,84.4,1,1,3.0
9297,84.6,1,1,3.0
9298,842,1,1,3.0
9299,846,1,1,3.0
9300,849,1,1,3.0
9301,85.00,1,1,3.0
9302,85.3,1,1,3.0
9303,85.55,1,1,3.0
9304,851,1,1,3.0
9305,857,1,1,3.0
9306,86.0,1,1,3.0
9307,86.7,1,1,3.0
9308,86.88,1,1,3.0
9309,860,1,1,3.0
9310,861,1,1,3.0
9311,8610,1,1,3.0
9312,864,1,1,3.0
9313,8682,1,1,3.0
9314,87-item,1,1,3.0
9315,87.2,1,1,3.0
9316,87.53,1,1,3.0
9317,87.6,1,1,3.0
9318,87.7,1,1,3.0
9319,873,1,1,3.0
9320,877,1,1,3.0
9321,878,1,1,3.0
9322,88.0,1,1,3.0
9323,88.4,1,1,3.0
9324,88.5,1,1,3.0
9325,881,1,1,3.0
9326,881.9,1,1,3.0
9327,883,1,1,3.0
9328,885,1,1,3.0
9329,889t,1,1,3.0
9330,89.4,1,1,3.0
9331,89.7,1,1,3.0
9332,89.8,1,1,3.0
9333,89.9,1,1,3.0
9334,892,1,1,3.0
9335,8969,1,1,3.0
9336,898,1,1,3.0
9337,9-12,1,1,3.0
9338,9-36,1,1,3.0
9339,9-5,1,1,3.0
9340,9-site,1,1,3.0
9341,9.0.107,1,1,3.0
9342,9.04,1,1,3.0
9343,9.11,1,1,3.0
9344,9.12,1,1,3.0
9345,9.22,1,1,3.0
9346,9.27,1,1,3.0
9347,9.28,1,1,3.0
9348,9.35,1,1,3.0
9349,9.44,1,1,3.0
9350,9.57,1,1,3.0
9351,9.59,1,1,3.0
9352,9.66,1,1,3.0
9353,9.71,1,1,3.0
9354,9.85,1,1,3.0
9355,9.86,1,1,3.0
9356,9.91,1,1,3.0
9357,9.92,1,1,3.0
9358,9.98,1,1,3.0
9359,90.1,1,1,3.0
9360,90.58,1,1,3.0
9361,90.6,1,1,3.0
9362,90.9,1,1,3.0
9363,902,1,1,3.0
9364,907,1,1,3.0
9365,909,1,1,3.0
9366,91.0,1,1,3.0
9367,91.3,1,1,3.0
9368,91.42,1,1,3.0
9369,91.7,1,1,3.0
9370,91.9,1,1,3.0
9371,911,1,1,3.0
9372,915,1,1,3.0
9373,917,1,1,3.0
9374,918,1,1,3.0
9375,919,1,1,3.0
9376,92.4,1,1,3.0
9377,92.9,1,1,3.0
9378,921,1,1,3.0
9379,9222,1,1,3.0
9380,93.1,1,1,3.0
9381,93.5,1,1,3.0
9382,930,1,1,3.0
9383,931,1,1,3.0
9384,9327,1,1,3.0
9385,94.0,1,1,3.0
9386,94.1,1,1,3.0
9387,94.2,1,1,3.0
9388,94.3,1,1,3.0
9389,94.4,1,1,3.0
9390,94.5,1,1,3.0
9391,94.534,1,1,3.0
9392,94.6,1,1,3.0
9393,94.9,1,1,3.0
9394,941,1,1,3.0
9395,9493,1,1,3.0
9396,95.0,1,1,3.0
9397,95.1,1,1,3.0
9398,95.20,1,1,3.0
9399,95.32,1,1,3.0
9400,95.35,1,1,3.0
9401,95.4,1,1,3.0
9402,95.5,1,1,3.0
9403,95.6,1,1,3.0
9404,952,1,1,3.0
9405,955,1,1,3.0
9406,9556,1,1,3.0
9407,9585,1,1,3.0
9408,96.4,1,1,3.0
9409,96.40,1,1,3.0
9410,96.6,1,1,3.0
9411,960,1,1,3.0
9412,965,1,1,3.0
9413,966,1,1,3.0
9414,97.7,1,1,3.0
9415,970,1,1,3.0
9416,971,1,1,3.0
9417,973,1,1,3.0
9418,975,1,1,3.0
9419,977,1,1,3.0
9420,9795,1,1,3.0
9421,98.5,1,1,3.0
9422,98.80,1,1,3.0
9423,984,1,1,3.0
9424,986,1,1,3.0
9425,99,1,1,3.0
9426,99.0,1,1,3.0
9427,99.5,1,1,3.0
9428,99.55,1,1,3.0
9429,99.6,1,1,3.0
9430,99.64,1,1,3.0
9431,99.66,1,1,3.0
9432,99.7,1,1,3.0
9433,99.8,1,1,3.0
9434,99.80,1,1,3.0
9435,99.9,1,1,3.0
9436,99.92,1,1,3.0
9437,990,1,1,3.0
9438,9939,1,1,3.0
9439,995,1,1,3.0
9440,997,1,1,3.0
9441,999,1,1,3.0
9442,9993,1,1,3.0
9443,9gyo,1,1,3.0
9444,a-a,1,1,3.0
9445,a-i,1,1,3.0
9446,a-induced,1,1,3.0
9447,a2,1,1,3.0
9448,a316t5,1,1,3.0
9449,aalen-johansen,1,1,3.0
9450,aasld,1,1,3.0
9451,abandon,1,1,3.0
9452,abbv-295,1,1,3.0
9453,abca1-dependent,1,1,3.0
9454,abca1-targeted,1,1,3.0
9455,abcg1-dependent,1,1,3.0
9456,abom,1,1,3.0
9457,abom-certified,1,1,3.0
9458,abscess,1,1,3.0
9459,abus,1,1,3.0
9460,acc,1,1,3.0
9461,accredit,1,1,3.0
9462,accumben,1,1,3.0
9463,ace-inhibitors,1,1,3.0
9464,acetatifactor,1,1,3.0
9465,acetyl-coenzyme,1,1,3.0
9466,acetylcholin,1,1,3.0
9467,acetylcholine-cacl₂,1,1,3.0
9468,acetylcholinesteras,1,1,3.0
9469,achieve-j,1,1,3.0
9470,acid-7-sulfate,1,1,3.0
9471,acid-fermenting,1,1,3.0
9472,acid-gated,1,1,3.0
9473,acid-induced,1,1,3.0
9474,acid-monoglycerides,1,1,3.0
9475,acid-producing,1,1,3.0
9476,acid-sequencing,1,1,3.0
9477,acidophilu,1,1,3.0
9478,acp5,1,1,3.0
9479,acquaint,1,1,3.0
9480,acquir,1,1,3.0
9481,acquiti,1,1,3.0
9482,activatespparg,1,1,3.0
9483,activation-resulted,1,1,3.0
9484,active-duty,1,1,3.0
9485,active-patient,1,1,3.0
9486,active-substance,1,1,3.0
9487,active-treatment,1,1,3.0
9488,activin,1,1,3.0
9489,activity-dependent,1,1,3.0
9490,actrn12625001011471,1,1,3.0
9491,acutalibact,1,1,3.0
9492,acvr2a-targeted,1,1,3.0
9493,ad-pd,1,1,3.0
9494,ad-related,1,1,3.0
9495,ada,1,1,3.0
9496,adalimumab,1,1,3.0
9497,addictive-like,1,1,3.0
9498,adduct,1,1,3.0
9499,adeno-associated,1,1,3.0
9500,adenocarcinoma-specific,1,1,3.0
9501,adenoviru,1,1,3.0
9502,adenyl,1,1,3.0
9503,adenylyl,1,1,3.0
9504,adipogenesi,1,1,3.0
9505,adiporen,1,1,3.0
9506,adipose-derived,1,1,3.0
9507,adipose-directed,1,1,3.0
9508,adiposity-centered,1,1,3.0
9509,adiposity-driven,1,1,3.0
9510,adiposopath,1,1,3.0
9511,adiposopathi,1,1,3.0
9512,adjusted-hr-only,1,1,3.0
9513,adma,1,1,3.0
9514,adma-lowering,1,1,3.0
9515,administration-cleared,1,1,3.0
9516,adminstr,1,1,3.0
9517,adpn-neutralizing,1,1,3.0
9518,adrenerg,1,1,3.0
9519,adrenocorticotrop,1,1,3.0
9520,adult-based,1,1,3.0
9521,adult-onset,1,1,3.0
9522,adulthood,1,1,3.0
9523,adverse-drug-reaction,1,1,3.0
9524,adverse-effect,1,1,3.0
9525,advocaci,1,1,3.0
9526,aersmin,1,1,3.0
9527,af-related,1,1,3.0
9528,affirm,1,1,3.0
9529,aforement,1,1,3.0
9530,africa,1,1,3.0
9531,afterward,1,1,3.0
9532,age-at-diagnosis,1,1,3.0
9533,age-dependent,1,1,3.0
9534,age-matched,1,1,3.0
9535,ageing-associated,1,1,3.0
9536,agent-level,1,1,3.0
9537,agentic-friendly,1,1,3.0
9538,agents-resmetirom,1,1,3.0
9539,agglom,1,1,3.0
9540,aggregation-prone,1,1,3.0
9541,aglycon,1,1,3.0
9542,agonism-antagonism,1,1,3.0
9543,agonist-bound,1,1,3.0
9544,agouti-related,1,1,3.0
9545,agranulocytosi,1,1,3.0
9546,ahead,1,1,3.0
9547,ai-assisted,1,1,3.0
9548,ai-based,1,1,3.0
9549,ai-enabled,1,1,3.0
9550,ai-guided,1,1,3.0
9551,ai-specific,1,1,3.0
9552,aifa,1,1,3.0
9553,aim2,1,1,3.0
9554,ain,1,1,3.0
9555,airway-relevant,1,1,3.0
9556,ak,1,1,3.0
9557,akaik,1,1,3.0
9558,aki-free,1,1,3.0
9559,akk-derived,1,1,3.0
9560,akt-ampk-ppar,1,1,3.0
9561,akt-mtor,1,1,3.0
9562,alan,1,1,3.0
9563,alba,1,1,3.0
9564,albiglutid,1,1,3.0
9565,albino,1,1,3.0
9566,albumen,1,1,3.0
9567,albumin-binding,1,1,3.0
9568,albuminur,1,1,3.0
9569,alcohol-induced,1,1,3.0
9570,alik,1,1,3.0
9571,alistip,1,1,3.0
9572,alkbh5,1,1,3.0
9573,all-atom,1,1,3.0
9574,all-in-one,1,1,3.0
9575,allerg,1,1,3.0
9576,alli,1,1,3.0
9577,allodynia,1,1,3.0
9578,alloprevotella,1,1,3.0
9579,alogliptin,1,1,3.0
9580,alpha-lipoic,1,1,3.0
9581,alpinia,1,1,3.0
9582,altitudin,1,1,3.0
9583,altogeth,1,1,3.0
9584,alum,1,1,3.0
9585,aluminum,1,1,3.0
9586,ambient,1,1,3.0
9587,ambiti,1,1,3.0
9588,ameroid,1,1,3.0
9589,amid,1,1,3.0
9590,amino-acid,1,1,3.0
9591,amino-terminal,1,1,3.0
9592,ampk-dependent,1,1,3.0
9593,ampk-independent,1,1,3.0
9594,ampkα,1,1,3.0
9595,amplicon,1,1,3.0
9596,amylin-linked,1,1,3.0
9597,amyloid-targeting,1,1,3.0
9598,amyloidogen,1,1,3.0
9599,anaesthet,1,1,3.0
9600,anaesthetist,1,1,3.0
9601,analgesia,1,1,3.0
9602,analog-based,1,1,3.0
9603,anatomi,1,1,3.0
9604,ancestri,1,1,3.0
9605,anchor-validation,1,1,3.0
9606,andreduc,1,1,3.0
9607,androgenet,1,1,3.0
9608,anesthesiolog,1,1,3.0
9609,aneurysm,1,1,3.0
9610,angiotensin-converting,1,1,3.0
9611,angptl3,1,1,3.0
9612,anguilla,1,1,3.0
9613,anhedonia,1,1,3.0
9614,animal-derived,1,1,3.0
9615,animal-to-human,1,1,3.0
9616,anisotrop,1,1,3.0
9617,annul,1,1,3.0
9618,annum,1,1,3.0
9619,anomali,1,1,3.0
9620,anonymis,1,1,3.0
9621,anorect,1,1,3.0
9622,anova,1,1,3.0
9623,anp,1,1,3.0
9624,answer,1,1,3.0
9625,anthocyanin-containing,1,1,3.0
9626,anthracyclin,1,1,3.0
9627,anti-acvr2a,1,1,3.0
9628,anti-addictive,1,1,3.0
9629,anti-amylin,1,1,3.0
9630,anti-androgens,1,1,3.0
9631,anti-arrhythmic,1,1,3.0
9632,anti-basement,1,1,3.0
9633,anti-ferroptosis,1,1,3.0
9634,anti-ferroptotic,1,1,3.0
9635,anti-hyperglycemic,1,1,3.0
9636,anti-hypertensive,1,1,3.0
9637,anti-inflammation,1,1,3.0
9638,anti-kickback,1,1,3.0
9639,anti-nociceptive,1,1,3.0
9640,anti-obesogenic,1,1,3.0
9641,anti-oxidative,1,1,3.0
9642,anti-pulmonary,1,1,3.0
9643,anti-stigma,1,1,3.0
9644,anti-tslp,1,1,3.0
9645,antiag,1,1,3.0
9646,antiandrogen,1,1,3.0
9647,antiapoptot,1,1,3.0
9648,antiatherosclerot,1,1,3.0
9649,antibody-positive,1,1,3.0
9650,anticoagul,1,1,3.0
9651,antidementia,1,1,3.0
9652,antidiuret,1,1,3.0
9653,antiepileptogenesi,1,1,3.0
9654,antigrav,1,1,3.0
9655,antiinflammatori,1,1,3.0
9656,antimicrobi,1,1,3.0
9657,antimigrain,1,1,3.0
9658,antimycin,1,1,3.0
9659,antiparkinsonian,1,1,3.0
9660,antiplatelet,1,1,3.0
9661,antithyroid,1,1,3.0
9662,anxiety-related,1,1,3.0
9663,anzctr,1,1,3.0
9664,apelin-related,1,1,3.0
9665,aphasia,1,1,3.0
9666,apic,1,1,3.0
9667,apigenin,1,1,3.0
9668,apnea-specific,1,1,3.0
9669,apoc-iii,1,1,3.0
9670,apoptosis-associated,1,1,3.0
9671,apoptosis-resistant,1,1,3.0
9672,appendicular,1,1,3.0
9673,appendix,1,1,3.0
9674,appl,1,1,3.0
9675,apprehens,1,1,3.0
9676,approach-avoidance,1,1,3.0
9677,approaches-highlight,1,1,3.0
9678,appropriately-selected,1,1,3.0
9679,approximately22,1,1,3.0
9680,apremilast,1,1,3.0
9681,aquaporin-4,1,1,3.0
9682,arabinoxylan,1,1,3.0
9683,arbor,1,1,3.0
9684,arcuat,1,1,3.0
9685,arg1,1,1,3.0
9686,argon,1,1,3.0
9687,ari,1,1,3.0
9688,arisen,1,1,3.0
9689,arksei,1,1,3.0
9690,arm-specific,1,1,3.0
9691,arni,1,1,3.0
9692,aronchick,1,1,3.0
9693,arrai,1,1,3.0
9694,arrang,1,1,3.0
9695,art,1,1,3.0
9696,arterit,1,1,3.0
9697,arthropathi,1,1,3.0
9698,artichok,1,1,3.0
9699,articul,1,1,3.0
9700,articular,1,1,3.0
9701,as-treated,1,1,3.0
9702,asa24,1,1,3.0
9703,asan,1,1,3.0
9704,asc,1,1,3.0
9705,ascertain,1,1,3.0
9706,ascvd-specific,1,1,3.0
9707,asjof,1,1,3.0
9708,asn-online,1,1,3.0
9709,asn0000001061,1,1,3.0
9710,aspro-pd,1,1,3.0
9711,assay's,1,1,3.0
9712,assessor-blinded,1,1,3.0
9713,assisted-reproduction,1,1,3.0
9714,assur,1,1,3.0
9715,astaxanthin,1,1,3.0
9716,asthma-related,1,1,3.0
9717,astrocyte-autonomous,1,1,3.0
9718,astrocyte-derived,1,1,3.0
9719,astrocyte-enriched,1,1,3.0
9720,astrocyte-specific,1,1,3.0
9721,astrocyte-to-neuron,1,1,3.0
9722,astrocytopathi,1,1,3.0
9723,astrogli,1,1,3.0
9724,astronaut,1,1,3.0
9725,asx's,1,1,3.0
9726,at1r,1,1,3.0
9727,atc-a10,1,1,3.0
9728,atc-coded,1,1,3.0
9729,atf4,1,1,3.0
9730,atla,1,1,3.0
9731,atonia,1,1,3.0
9732,atp-linked,1,1,3.0
9733,atraumat,1,1,3.0
9734,atrium,1,1,3.0
9735,atrogen,1,1,3.0
9736,atypica-mediated,1,1,3.0
9737,audit-c,1,1,3.0
9738,auditori,1,1,3.0
9739,aug,1,1,3.0
9740,aurum,1,1,3.0
9741,australia's,1,1,3.0
9742,australian,1,1,3.0
9743,author's,1,1,3.0
9744,author-developed,1,1,3.0
9745,authorship,1,1,3.0
9746,autodock,1,1,3.0
9747,autofluoresc,1,1,3.0
9748,autophagosom,1,1,3.0
9749,autophagy-lysosomal,1,1,3.0
9750,autophagy-related,1,1,3.0
9751,autosom,1,1,3.0
9752,avalanch,1,1,3.0
9753,avenciguat,1,1,3.0
9754,axis-are,1,1,3.0
9755,axis-time-restricted,1,1,3.0
9756,axon,1,1,3.0
9757,ayushman,1,1,3.0
9758,azd6234,1,1,3.0
9759,aβ-pet,1,1,3.0
9760,aβ40,1,1,3.0
9761,aβ42,1,1,3.0
9762,b-a,1,1,3.0
9763,b-expressing,1,1,3.0
9764,b100-containing,1,1,3.0
9765,b2,1,1,3.0
9766,b48-containing,1,1,3.0
9767,ba-fxr,1,1,3.0
9768,ba-transforming,1,1,3.0
9769,back,1,1,3.0
9770,background-by-challenge,1,1,3.0
9771,backgroundadult,1,1,3.0
9772,backgroundlimit,1,1,3.0
9773,backup,1,1,3.0
9774,backward,1,1,3.0
9775,bacteriome-virome,1,1,3.0
9776,bacteroidacea,1,1,3.0
9777,balanced-looking,1,1,3.0
9778,balf,1,1,3.0
9779,bar,1,1,3.0
9780,bardet-biedl,1,1,3.0
9781,bariatric-surgery,1,1,3.0
9782,baricitinib,1,1,3.0
9783,baron-kenny,1,1,3.0
9784,barrier-protective,1,1,3.0
9785,baseline-measurements,1,1,3.0
9786,batch,1,1,3.0
9787,baxdrostat,1,1,3.0
9788,bbb-penetrant,1,1,3.0
9789,bbs10,1,1,3.0
9790,bbs10-likely,1,1,3.0
9791,bcpnn,1,1,3.0
9792,bdnf-defined,1,1,3.0
9793,bdnf-sensitive,1,1,3.0
9794,bdnf-trkb,1,1,3.0
9795,be-informed,1,1,3.0
9796,bear,1,1,3.0
9797,beauchamp,1,1,3.0
9798,beforehand,1,1,3.0
9799,begg's,1,1,3.0
9800,beh,1,1,3.0
9801,behav,1,1,3.0
9802,behavior-ending,1,1,3.0
9803,behavioral-scale,1,1,3.0
9804,behind,1,1,3.0
9805,bempedo,1,1,3.0
9806,bend,1,1,3.0
9807,benefit-harm,1,1,3.0
9808,benefit-stratification,1,1,3.0
9809,benzoat,1,1,3.0
9810,benzoyl,1,1,3.0
9811,berberi,1,1,3.0
9812,besid,1,1,3.0
9813,best-studied,1,1,3.0
9814,bestm,1,1,3.0
9815,beta-agonist,1,1,3.0
9816,beta-aminopropionitrile,1,1,3.0
9817,beta-blockers,1,1,3.0
9818,beta-hydroxybutyrate,1,1,3.0
9819,beta-lactam,1,1,3.0
9820,better-preserved,1,1,3.0
9821,between-condition,1,1,3.0
9822,between-drug,1,1,3.0
9823,between-participant,1,1,3.0
9824,between-subgroup,1,1,3.0
9825,bh2,1,1,3.0
9826,bh4,1,1,3.0
9827,bharat,1,1,3.0
9828,bhbe,1,1,3.0
9829,bias-effect,1,1,3.0
9830,bibliograph,1,1,3.0
9831,bibliographi,1,1,3.0
9832,bibliometrix,1,1,3.0
9833,bihor,1,1,3.0
9834,biib122,1,1,3.0
9835,bilay,1,1,3.0
9836,bile-tolerant,1,1,3.0
9837,biliary-related,1,1,3.0
9838,bilibili's,1,1,3.0
9839,biliopancreat,1,1,3.0
9840,bill,1,1,3.0
9841,billion-dollar,1,1,3.0
9842,bimekizumab,1,1,3.0
9843,bimonthli,1,1,3.0
9844,binge-eating,1,1,3.0
9845,binomial-normal,1,1,3.0
9846,bio-factories,1,1,3.0
9847,bioaccumul,1,1,3.0
9848,biodistribut,1,1,3.0
9849,bioethic,1,1,3.0
9850,biofilm,1,1,3.0
9851,biology-guided,1,1,3.0
9852,biomarker-based,1,1,3.0
9853,biomarker-defined,1,1,3.0
9854,biomarker-driven,1,1,3.0
9855,biomed,1,1,3.0
9856,biopharmaceut,1,1,3.0
9857,biopsy-proven,1,1,3.0
9858,bioresourc,1,1,3.0
9859,biosaf,1,1,3.0
9860,bioscienc,1,1,3.0
9861,bisdemethoxycurcumin,1,1,3.0
9862,bispebjerg,1,1,3.0
9863,bistabl,1,1,3.0
9864,bisulfit,1,1,3.0
9865,bival,1,1,3.0
9866,bivari,1,1,3.0
9867,bl,1,1,3.0
9868,black-box,1,1,3.0
9869,blank,1,1,3.0
9870,blanket,1,1,3.0
9871,blautia,1,1,3.0
9872,blend,1,1,3.0
9873,blister,1,1,3.0
9874,blockbust,1,1,3.0
9875,blood-based,1,1,3.0
9876,blood-pressure,1,1,3.0
9877,blood-pressure-centred,1,1,3.0
9878,blur,1,1,3.0
9879,bmi-centric,1,1,3.0
9880,bmi-matched,1,1,3.0
9881,bmi-mediated,1,1,3.0
9882,bmj,1,1,3.0
9883,board-approved,1,1,3.0
9884,board-certified,1,1,3.0
9885,body-contouring,1,1,3.0
9886,boehring,1,1,3.0
9887,boltz-2,1,1,3.0
9888,bond,1,1,3.0
9889,bone-modulating,1,1,3.0
9890,bone-related,1,1,3.0
9891,bonferroni-corrected,1,1,3.0
9892,boolean,1,1,3.0
9893,booster,1,1,3.0
9894,boston,1,1,3.0
9895,bothersom,1,1,3.0
9896,bottleneck,1,1,3.0
9897,botulinum,1,1,3.0
9898,bradford,1,1,3.0
9899,brain's,1,1,3.0
9900,brain-enrichment,1,1,3.0
9901,brain-liver,1,1,3.0
9902,brain-selective,1,1,3.0
9903,brake,1,1,3.0
9904,branch,1,1,3.0
9905,branched-chain,1,1,3.0
9906,brdu,1,1,3.0
9907,breadth,1,1,3.0
9908,break,1,1,3.0
9909,breastfeed,1,1,3.0
9910,breastfeeding-compatible,1,1,3.0
9911,bred,1,1,3.0
9912,brief,1,1,3.0
9913,bright,1,1,3.0
9914,bring,1,1,3.0
9915,bring-up,1,1,3.0
9916,british,1,1,3.0
9917,broad-criterion,1,1,3.0
9918,broad-spectrum,1,1,3.0
9919,bronchial,1,1,3.0
9920,bronchoalveolar,1,1,3.0
9921,bsep,1,1,3.0
9922,budgetari,1,1,3.0
9923,buffer,1,1,3.0
9924,built,1,1,3.0
9925,built-in,1,1,3.0
9926,bulimia,1,1,3.0
9927,bulk,1,1,3.0
9928,bulki,1,1,3.0
9929,bullou,1,1,3.0
9930,burdensom,1,1,3.0
9931,burst,1,1,3.0
9932,butyricum,1,1,3.0
9933,bv,1,1,3.0
9934,by-products,1,1,3.0
9935,bydureon,1,1,3.0
9936,byproduct,1,1,3.0
9937,bystand,1,1,3.0
9938,c-176,1,1,3.0
9939,c-h,1,1,3.0
9940,c-iii,1,1,3.0
9941,c-jnk,1,1,3.0
9942,c-β,1,1,3.0
9943,c18,1,1,3.0
9944,c25,1,1,3.0
9945,c64,1,1,3.0
9946,c65,1,1,3.0
9947,ca19-9,1,1,3.0
9948,cadenc,1,1,3.0
9949,cadro,1,1,3.0
9950,caecicola,1,1,3.0
9951,caffein,1,1,3.0
9952,cag-ppara,1,1,3.0
9953,cairo,1,1,3.0
9954,cajal,1,1,3.0
9955,calcifi,1,1,3.0
9956,calcium-sensing,1,1,3.0
9957,calf,1,1,3.0
9958,calip,1,1,3.0
9959,caller,1,1,3.0
9960,calorie-controlled,1,1,3.0
9961,calprotectin,1,1,3.0
9962,calvari,1,1,3.0
9963,camkii,1,1,3.0
9964,camp-centered,1,1,3.0
9965,camp-dependent,1,1,3.0
9966,camp-response,1,1,3.0
9967,canadensi,1,1,3.0
9968,canakinumab,1,1,3.0
9969,cancer's,1,1,3.0
9970,cancer-naïve,1,1,3.0
9971,cancer-treatment,1,1,3.0
9972,candidate-population,1,1,3.0
9973,candidates-marks,1,1,3.0
9974,cannabidiol,1,1,3.0
9975,capillar,1,1,3.0
9976,capillari,1,1,3.0
9977,capit,1,1,3.0
9978,capita,1,1,3.0
9979,capnographi,1,1,3.0
9980,capsaicin,1,1,3.0
9981,car-t,1,1,3.0
9982,carbohydrate-digesting,1,1,3.0
9983,carbohydrate-fermentative,1,1,3.0
9984,carbohydrate-fermenting,1,1,3.0
9985,carbohydrate-insulin,1,1,3.0
9986,carbohydrate-rich,1,1,3.0
9987,carbohydrate-with-fat,1,1,3.0
9988,carbohydrate-with-fibre,1,1,3.0
9989,carboxy-terminal,1,1,3.0
9990,carboxyl,1,1,3.0
9991,carcass,1,1,3.0
9992,cardam,1,1,3.0
9993,cardio-renal-hepatic,1,1,3.0
9994,cardio-reno-hepato-metabolic,1,1,3.0
9995,cardiohepatoren,1,1,3.0
9996,cardiokidnei,1,1,3.0
9997,cardiolink-15,1,1,3.0
9998,cardiolipin,1,1,3.0
9999,cardiorenal-fibrotic,1,1,3.0
10000,cardiorenal-risk,1,1,3.0
10001,cardiorenometabol,1,1,3.0
10002,cardiorenoprotect,1,1,3.0
10003,cardiotox,1,1,3.0
10004,cardiovascular-metabolic,1,1,3.0
10005,cardiovascular-outcome,1,1,3.0
10006,cardiovascular-renal,1,1,3.0
10007,cardiovascular-specific,1,1,3.0
10008,care's,1,1,3.0
10009,cargo-aware,1,1,3.0
10010,cargo-specific,1,1,3.0
10011,cariogen,1,1,3.0
10012,carlo,1,1,3.0
10013,carnitin,1,1,3.0
10014,carrierfamili,1,1,3.0
10015,cart,1,1,3.0
10016,case-based,1,1,3.0
10017,casein,1,1,3.0
10018,cast,1,1,3.0
10019,cat,1,1,3.0
10020,catalas,1,1,3.0
10021,catalyz,1,1,3.0
10022,cataract,1,1,3.0
10023,catechol,1,1,3.0
10024,categories-amyloid,1,1,3.0
10025,catheterization-confirmed,1,1,3.0
10026,cause-effect,1,1,3.0
10027,cautionari,1,1,3.0
10028,caveola,1,1,3.0
10029,caveolin-1-β-catenin,1,1,3.0
10030,ca²,1,1,3.0
10031,cb1r,1,1,3.0
10032,cbm,1,1,3.0
10033,ccaat,1,1,3.0
10034,ccr2,1,1,3.0
10035,cd11b,1,1,3.0
10036,cd38,1,1,3.0
10037,cd39,1,1,3.0
10038,cd4,1,1,3.0
10039,cd68,1,1,3.0
10040,cd73,1,1,3.0
10041,cd8,1,1,3.0
10042,cd80,1,1,3.0
10043,cd86,1,1,3.0
10044,cdca,1,1,3.0
10045,cdyn,1,1,3.0
10046,cea,1,1,3.0
10047,cebq,1,1,3.0
10048,cect,1,1,3.0
10049,cell's,1,1,3.0
10050,cell-death,1,1,3.0
10051,cell-intrinsic,1,1,3.0
10052,cell-type-specific,1,1,3.0
10053,cellul,1,1,3.0
10054,cellulose-based,1,1,3.0
10055,center's,1,1,3.0
10056,center-specific,1,1,3.0
10057,centerpiec,1,1,3.0
10058,central-peripheral,1,1,3.0
10059,cephal,1,1,3.0
10060,cephalic-phase,1,1,3.0
10061,ceramid,1,1,3.0
10062,ceramide-associated,1,1,3.0
10063,cerebrospin,1,1,3.0
10064,cerevisia,1,1,3.0
10065,certif,1,1,3.0
10066,certolizumab,1,1,3.0
10067,cesarean,1,1,3.0
10068,cessation-provide,1,1,3.0
10069,cetyl,1,1,3.0
10070,cf-related,1,1,3.0
10071,cfar,1,1,3.0
10072,cftr,1,1,3.0
10073,cfu,1,1,3.0
10074,cga,1,1,3.0
10075,cgas-sting-driven,1,1,3.0
10076,cgm-based,1,1,3.0
10077,cgm-naïve,1,1,3.0
10078,cgmp,1,1,3.0
10079,chalcogrammu,1,1,3.0
10080,champion,1,1,3.0
10081,change-mediated,1,1,3.0
10082,charlson,1,1,3.0
10083,che,1,1,3.0
10084,check,1,1,3.0
10085,cheek,1,1,3.0
10086,chelat,1,1,3.0
10087,chemoattract,1,1,3.0
10088,chemosens,1,1,3.0
10089,chemosensit,1,1,3.0
10090,cheung,1,1,3.0
10091,chew,1,1,3.0
10092,chi,1,1,3.0
10093,chi-squared,1,1,3.0
10094,chicori,1,1,3.0
10095,chictr,1,1,3.0
10096,chictr2500111569,1,1,3.0
10097,chictr2600116148,1,1,3.0
10098,chictr2600123803,1,1,3.0
10099,chiglitazar,1,1,3.0
10100,child's,1,1,3.0
10101,childbear,1,1,3.0
10102,childhood-onset,1,1,3.0
10103,childress,1,1,3.0
10104,chinensi,1,1,3.0
10105,chip-qpcr,1,1,3.0
10106,chitosan,1,1,3.0
10107,chlorhexidin,1,1,3.0
10108,chlorid,1,1,3.0
10109,chlorpromazin,1,1,3.0
10110,cho-4bgd-derived,1,1,3.0
10111,cho-s-derived,1,1,3.0
10112,cholangiopancreatographi,1,1,3.0
10113,cholecalciferol,1,1,3.0
10114,cholestasi,1,1,3.0
10115,cholic,1,1,3.0
10116,chondrocyt,1,1,3.0
10117,chondroprotect,1,1,3.0
10118,choos,1,1,3.0
10119,chop-associated,1,1,3.0
10120,chorion,1,1,3.0
10121,chosen,1,1,3.0
10122,chow-fed,1,1,3.0
10123,chrebp,1,1,3.0
10124,christensenella,1,1,3.0
10125,chromatography-high-resolution,1,1,3.0
10126,chromatography-mass,1,1,3.0
10127,chromatography-tandem,1,1,3.0
10128,chromium,1,1,3.0
10129,chronic-care,1,1,3.0
10130,chronif,1,1,3.0
10131,cicatrici,1,1,3.0
10132,cigarett,1,1,3.0
10133,ciliopathi,1,1,3.0
10134,cinema,1,1,3.0
10135,cinnamon,1,1,3.0
10136,circuit-based,1,1,3.0
10137,circumflex,1,1,3.0
10138,circumventricular,1,1,3.0
10139,cirrhot,1,1,3.0
10140,cis-eqtl,1,1,3.0
10141,cis-mendelian,1,1,3.0
10142,cisplatin,1,1,3.0
10143,citespac,1,1,3.0
10144,citizen,1,1,3.0
10145,ckd-adapted,1,1,3.0
10146,ckd-cohort,1,1,3.0
10147,ckd-epi,1,1,3.0
10148,ckd-free,1,1,3.0
10149,ckd-management,1,1,3.0
10150,ckd-related,1,1,3.0
10151,ckd-relevant,1,1,3.0
10152,ckd-restricted,1,1,3.0
10153,ckd-trajectories,1,1,3.0
10154,ckd-treatment,1,1,3.0
10155,ckm-related,1,1,3.0
10156,ckms-related,1,1,3.0
10157,cl,1,1,3.0
10158,clad,1,1,3.0
10159,clamp,1,1,3.0
10160,clarif,1,1,3.0
10161,clariv,1,1,3.0
10162,class-level,1,1,3.0
10163,classes-including,1,1,3.0
10164,classes-insulin,1,1,3.0
10165,clathrin,1,1,3.0
10166,clathrin-mediated,1,1,3.0
10167,claudin-5,1,1,3.0
10168,clazakizumab,1,1,3.0
10169,clean,1,1,3.0
10170,clearest,1,1,3.0
10171,cleav,1,1,3.0
10172,cleavag,1,1,3.0
10173,click,1,1,3.0
10174,climat,1,1,3.0
10175,clindamycin,1,1,3.0
10176,clinformat,1,1,3.0
10177,clinical-eligibility,1,1,3.0
10178,clinical-risk,1,1,3.0
10179,clinical-utility,1,1,3.0
10180,clinicaltrialsregist,1,1,3.0
10181,clinician-led,1,1,3.0
10182,clinician-recorded,1,1,3.0
10183,clinico-laboratory,1,1,3.0
10184,clinicopatholog,1,1,3.0
10185,clock,1,1,3.0
10186,clomiphen,1,1,3.0
10187,clonal,1,1,3.0
10188,clonazepam,1,1,3.0
10189,clone,1,1,3.0
10190,closest,1,1,3.0
10191,clostridiacea,1,1,3.0
10192,clozapine-associated,1,1,3.0
10193,clp,1,1,3.0
10194,clpph,1,1,3.0
10195,clpph's,1,1,3.0
10196,cm2,1,1,3.0
10197,cmr,1,1,3.0
10198,cnki,1,1,3.0
10199,cns-specific,1,1,3.0
10200,co-activation,1,1,3.0
10201,co-creation,1,1,3.0
10202,co-existence,1,1,3.0
10203,co-existing,1,1,3.0
10204,co-exposure,1,1,3.0
10205,co-expressed,1,1,3.0
10206,co-expression,1,1,3.0
10207,co-folding,1,1,3.0
10208,co-formulated,1,1,3.0
10209,co-immunoprecipitation,1,1,3.0
10210,co-ingestion,1,1,3.0
10211,co-led,1,1,3.0
10212,co-management,1,1,3.0
10213,co-morbidities,1,1,3.0
10214,co-opt,1,1,3.0
10215,co-opting,1,1,3.0
10216,co-pathology,1,1,3.0
10217,co-prevalence,1,1,3.0
10218,co-segregation,1,1,3.0
10219,co-targeting,1,1,3.0
10220,co-therapeutic,1,1,3.0
10221,co-therapies,1,1,3.0
10222,co-therapy,1,1,3.0
10223,co-use,1,1,3.0
10224,co-variation,1,1,3.0
10225,co2e,1,1,3.0
10226,coactivator-1-alpha,1,1,3.0
10227,coactivator-1α,1,1,3.0
10228,coagul,1,1,3.0
10229,coagulopathi,1,1,3.0
10230,coat,1,1,3.0
10231,coder,1,1,3.0
10232,coeffici,1,1,3.0
10233,coenzym,1,1,3.0
10234,coercion,1,1,3.0
10235,cognitive-computational,1,1,3.0
10236,cohes,1,1,3.0
10237,cohort's,1,1,3.0
10238,cohorts-studies,1,1,3.0
10239,coincid,1,1,3.0
10240,col1a1,1,1,3.0
10241,cold-chain,1,1,3.0
10242,collagen-induced,1,1,3.0
10243,collat,1,1,3.0
10244,colleagu,1,1,3.0
10245,colleg,1,1,3.0
10246,collinsella,1,1,3.0
10247,colloid,1,1,3.0
10248,coloc,1,1,3.0
10249,colony-stimulating,1,1,3.0
10250,columbia,1,1,3.0
10251,coma,1,1,3.0
10252,combination-therapy,1,1,3.0
10253,combinatori,1,1,3.0
10254,combined-use,1,1,3.0
10255,comisa,1,1,3.0
10256,commens,1,1,3.0
10257,commiss,1,1,3.0
10258,common-soil,1,1,3.0
10259,communication-driven,1,1,3.0
10260,comorbidity-based,1,1,3.0
10261,comorbidity-focused,1,1,3.0
10262,comorbidity-guided,1,1,3.0
10263,comorbidity-were,1,1,3.0
10264,company-reported,1,1,3.0
10265,comparator-specific,1,1,3.0
10266,comparator-treated,1,1,3.0
10267,compartment,1,1,3.0
10268,compass-31,1,1,3.0
10269,compendium,1,1,3.0
10270,compil,1,1,3.0
10271,complementarili,1,1,3.0
10272,complete-case,1,1,3.0
10273,compli,1,1,3.0
10274,composite-outcome,1,1,3.0
10275,composition-guided,1,1,3.0
10276,compounded-product,1,1,3.0
10277,computatıonal,1,1,3.0
10278,computer,1,1,3.0
10279,conceal,1,1,3.0
10280,concentration-dependently,1,1,3.0
10281,conceptualis,1,1,3.0
10282,concis,1,1,3.0
10283,conclusionextern,1,1,3.0
10284,conclusionglp-1,1,1,3.0
10285,conclusionin,1,1,3.0
10286,conclusionperiop,1,1,3.0
10287,conclusionspharmacovigil,1,1,3.0
10288,conclusionsth,1,1,3.0
10289,conference-level,1,1,3.0
10290,confersuperior,1,1,3.0
10291,confirmatori,1,1,3.0
10292,conformation,1,1,3.0
10293,confus,1,1,3.0
10294,confusa,1,1,3.0
10295,congen,1,1,3.0
10296,congress,1,1,3.0
10297,consensus-defined,1,1,3.0
10298,consistent-transformation,1,1,3.0
10299,consort,1,1,3.0
10300,consortia,1,1,3.0
10301,conspir,1,1,3.0
10302,constant-temperature,1,1,3.0
10303,constrictor,1,1,3.0
10304,consumer-driven,1,1,3.0
10305,contempl,1,1,3.0
10306,contest,1,1,3.0
10307,context-adapted,1,1,3.0
10308,context-sensitive,1,1,3.0
10309,context-specific,1,1,3.0
10310,conting,1,1,3.0
10311,continuity-of-care,1,1,3.0
10312,contradict,1,1,3.0
10313,contralater,1,1,3.0
10314,contransporter-2,1,1,3.0
10315,contrast-based,1,1,3.0
10316,contrast-enhanced,1,1,3.0
10317,control2-5,1,1,3.0
10318,convergence-and,1,1,3.0
10319,convertas,1,1,3.0
10320,cooper,1,1,3.0
10321,copai,1,1,3.0
10322,cope,1,1,3.0
10323,copenhagen,1,1,3.0
10324,coproporphyrin-i,1,1,3.0
10325,copti,1,1,3.0
10326,coq10,1,1,3.0
10327,cor,1,1,3.0
10328,cord,1,1,3.0
10329,coronaviru,1,1,3.0
10330,corpor,1,1,3.0
10331,corticosteron,1,1,3.0
10332,cortisol-mediated,1,1,3.0
10333,cost-benefit,1,1,3.0
10334,cost-consuming,1,1,3.0
10335,cost-efficacy,1,1,3.0
10336,cotransporter-1,1,1,3.0
10337,cough,1,1,3.0
10338,coulomb,1,1,3.0
10339,council,1,1,3.0
10340,counter-regulatory,1,1,3.0
10341,counterbal,1,1,3.0
10342,counterbalanc,1,1,3.0
10343,counti,1,1,3.0
10344,country's,1,1,3.0
10345,cox-proportional,1,1,3.0
10346,co₂e,1,1,3.0
10347,cpap-intolerant,1,1,3.0
10348,cpg,1,1,3.0
10349,cpt,1,1,3.0
10350,cpt1,1,1,3.0
10351,cradle-to-gate,1,1,3.0
10352,craniopharyngioma,1,1,3.0
10353,crate,1,1,3.0
10354,crd42023473875,1,1,3.0
10355,crd42024505558,1,1,3.0
10356,crd420251024082,1,1,3.0
10357,crd420251034652,1,1,3.0
10358,crd420251074381,1,1,3.0
10359,crd420251077729,1,1,3.0
10360,crd420251079970,1,1,3.0
10361,crd420251110220,1,1,3.0
10362,crd420251130232,1,1,3.0
10363,crd420251139475,1,1,3.0
10364,crd420251149266,1,1,3.0
10365,crd420251155026,1,1,3.0
10366,crd420251162316,1,1,3.0
10367,crd420251176164,1,1,3.0
10368,crd420251183938,1,1,3.0
10369,crd420251231137,1,1,3.0
10370,crd420251270326,1,1,3.0
10371,crd42025644064,1,1,3.0
10372,crd42025645378,1,1,3.0
10373,crd420261279841,1,1,3.0
10374,crd420261320374,1,1,3.0
10375,crd420261320840,1,1,3.0
10376,crd420261321430,1,1,3.0
10377,crd420261352699,1,1,3.0
10378,crd420261354941,1,1,3.0
10379,crd420261360886,1,1,3.0
10380,crd420261385854,1,1,3.0
10381,crd420261414637,1,1,3.0
10382,creb-driven,1,1,3.0
10383,credenc,1,1,3.0
10384,crispatu,1,1,3.0
10385,crispr,1,1,3.0
10386,critical-care,1,1,3.0
10387,critiqu,1,1,3.0
10388,cross-disorder,1,1,3.0
10389,cross-feeding-propionate,1,1,3.0
10390,cross-intervention,1,1,3.0
10391,cross-national,1,1,3.0
10392,cross-organ,1,1,3.0
10393,cross-over,1,1,3.0
10394,cross-system,1,1,3.0
10395,cross-verification,1,1,3.0
10396,crossbr,1,1,3.0
10397,crush,1,1,3.0
10398,crv431,1,1,3.0
10399,crystal,1,1,3.0
10400,csa,1,1,3.0
10401,ctn,1,1,3.0
10402,ctr20233198,1,1,3.0
10403,cubic,1,1,3.0
10404,cue-elicited,1,1,3.0
10405,cug,1,1,3.0
10406,culprit,1,1,3.0
10407,cuprizon,1,1,3.0
10408,curated-module,1,1,3.0
10409,curcumin-encapsulating,1,1,3.0
10410,curcumin-glucuronide,1,1,3.0
10411,curcumin-sulfate,1,1,3.0
10412,curcumin-tgr5-glp-1,1,1,3.0
10413,current-mediated,1,1,3.0
10414,curriculum,1,1,3.0
10415,custom,1,1,3.0
10416,cut,1,1,3.0
10417,cut-off,1,1,3.0
10418,cut-offs,1,1,3.0
10419,cutoff,1,1,3.0
10420,cwe,1,1,3.0
10421,cxcr4,1,1,3.0
10422,cy,1,1,3.0
10423,cyanocobalamin,1,1,3.0
10424,cyclin,1,1,3.0
10425,cycliz,1,1,3.0
10426,cyp,1,1,3.0
10427,cyp2c9,1,1,3.0
10428,cyp7a1,1,1,3.0
10429,cyrtonema,1,1,3.0
10430,cyst,1,1,3.0
10431,cystatin,1,1,3.0
10432,cytoarchitectur,1,1,3.0
10433,cytokeratin-18-associated,1,1,3.0
10434,cytoplasm,1,1,3.0
10435,cytoprotect,1,1,3.0
10436,cytotox,1,1,3.0
10437,d-amino,1,1,3.0
10438,d-fructose,1,1,3.0
10439,d-mediated,1,1,3.0
10440,d-¹,1,1,3.0
10441,d1,1,1,3.0
10442,d3,1,1,3.0
10443,da-modulating,1,1,3.0
10444,da-related,1,1,3.0
10445,damage-associated,1,1,3.0
10446,dapa-ckd,1,1,3.0
10447,dapagliflozin-associated,1,1,3.0
10448,dapi,1,1,3.0
10449,daprodustat,1,1,3.0
10450,data-dependent,1,1,3.0
10451,data-mining,1,1,3.0
10452,datalink,1,1,3.0
10453,day-of-surgery,1,1,3.0
10454,day-to-day,1,1,3.0
10455,dc-ren,1,1,3.0
10456,dcct,1,1,3.0
10457,ddp-4i,1,1,3.0
10458,de-contextualization,1,1,3.0
10459,de-intensification-related,1,1,3.0
10460,de-risking,1,1,3.0
10461,deactiv,1,1,3.0
10462,deceler,1,1,3.0
10463,decision-analytic,1,1,3.0
10464,decision-curve,1,1,3.0
10465,decision-support,1,1,3.0
10466,decod,1,1,3.0
10467,decompos,1,1,3.0
10468,decompression-and-fusion,1,1,3.0
10469,deconjug,1,1,3.0
10470,decor,1,1,3.0
10471,decoupl,1,1,3.0
10472,dedoos,1,1,3.0
10473,deem,1,1,3.0
10474,defenc,1,1,3.0
10475,defend,1,1,3.0
10476,defocu,1,1,3.0
10477,dehydroepiandrosteron,1,1,3.0
10478,deintensif,1,1,3.0
10479,deleg,1,1,3.0
10480,deleted-case,1,1,3.0
10481,deliber,1,1,3.0
10482,delivery-related,1,1,3.0
10483,delivery-short-chain,1,1,3.0
10484,deloc,1,1,3.0
10485,delphinidin-3-o-galactoside,1,1,3.0
10486,demand-driven,1,1,3.0
10487,demethoxycurcumin,1,1,3.0
10488,demethylas,1,1,3.0
10489,demográfica,1,1,3.0
10490,demot,1,1,3.0
10491,denatur,1,1,3.0
10492,denifanstat,1,1,3.0
10493,deoxycalyxin,1,1,3.0
10494,deoxyribonucl,1,1,3.0
10495,deploi,1,1,3.0
10496,deployment-oriented,1,1,3.0
10497,depolar,1,1,3.0
10498,depot-specific,1,1,3.0
10499,deprivation-further,1,1,3.0
10500,dermatosi,1,1,3.0
10501,dermi,1,1,3.0
10502,dersimonian-laird,1,1,3.0
10503,desatur,1,1,3.0
10504,desc,1,1,3.0
10505,descend,1,1,3.0
10506,descriptor,1,1,3.0
10507,desensitization-a,1,1,3.0
10508,deserv,1,1,3.0
10509,desicc,1,1,3.0
10510,desulfuricans-h2s-r,1,1,3.0
10511,detent,1,1,3.0
10512,detriment,1,1,3.0
10513,devast,1,1,3.0
10514,device-based,1,1,3.0
10515,device-derived,1,1,3.0
10516,device-related,1,1,3.0
10517,dexa,1,1,3.0
10518,dexcom,1,1,3.0
10519,dextran,1,1,3.0
10520,dextromethorphan,1,1,3.0
10521,dextros,1,1,3.0
10522,df,1,1,3.0
10523,dfa,1,1,3.0
10524,dhea,1,1,3.0
10525,dhea-induced,1,1,3.0
10526,di,1,1,3.0
10527,diabetes-cancer,1,1,3.0
10528,diabetes-like,1,1,3.0
10529,diabetes-only,1,1,3.0
10530,diabetes-technologies,1,1,3.0
10531,diabetogen,1,1,3.0
10532,diabetolog,1,1,3.0
10533,diabetologia-2026,1,1,3.0
10534,diadema,1,1,3.0
10535,dialys,1,1,3.0
10536,dialysis-free,1,1,3.0
10537,dialyz,1,1,3.0
10538,dian-tu,1,1,3.0
10539,diap,1,1,3.0
10540,diaphoresi,1,1,3.0
10541,diari,1,1,3.0
10542,diarylheptanoid-chalcone,1,1,3.0
10543,die,1,1,3.0
10544,diet-alone,1,1,3.0
10545,diet-arm,1,1,3.0
10546,diet-dependent,1,1,3.0
10547,diet-driven,1,1,3.0
10548,diet-epigenome,1,1,3.0
10549,diet-fed,1,1,3.0
10550,diet-microbiome-host,1,1,3.0
10551,diet-plus-exercise,1,1,3.0
10552,diet-quality-adjusted,1,1,3.0
10553,diet-related,1,1,3.0
10554,difference-in-difference,1,1,3.0
10555,difluoroacet,1,1,3.0
10556,digital-care,1,1,3.0
10557,digital-feature,1,1,3.0
10558,digitally-delivered,1,1,3.0
10559,dihydrotestosteron,1,1,3.0
10560,dilut,1,1,3.0
10561,dilute-and-shoot,1,1,3.0
10562,dim,1,1,3.0
10563,dimension,1,1,3.0
10564,dimer,1,1,3.0
10565,dimethyl,1,1,3.0
10566,dimethylformamid,1,1,3.0
10567,dimorph,1,1,3.0
10568,dip,1,1,3.0
10569,dipeptidyl-peptidase-4,1,1,3.0
10570,diploma,1,1,3.0
10571,dipole-dipole,1,1,3.0
10572,directori,1,1,3.0
10573,disagr,1,1,3.0
10574,disagre,1,1,3.0
10575,disambigu,1,1,3.0
10576,disappear,1,1,3.0
10577,discomfort,1,1,3.0
10578,discourag,1,1,3.0
10579,discov,1,1,3.0
10580,discrete-choice,1,1,3.0
10581,disease-agnostic,1,1,3.0
10582,disease-free,1,1,3.0
10583,disease-increases,1,1,3.0
10584,disease-interception,1,1,3.0
10585,disease-stage,1,1,3.0
10586,diseases6,1,1,3.0
10587,disentangl,1,1,3.0
10588,disintegr,1,1,3.0
10589,disordersand,1,1,3.0
10590,disruptor,1,1,3.0
10591,dissolv,1,1,3.0
10592,distort,1,1,3.0
10593,district,1,1,3.0
10594,disulfide-bridge,1,1,3.0
10595,disulfide-rich,1,1,3.0
10596,dithiothreitol,1,1,3.0
10597,dive,1,1,3.0
10598,divert,1,1,3.0
10599,divis,1,1,3.0
10600,divorc,1,1,3.0
10601,dizzi,1,1,3.0
10602,dj-1,1,1,3.0
10603,dlqi,1,1,3.0
10604,dls-specific,1,1,3.0
10605,dm-related,1,1,3.0
10606,dmd,1,1,3.0
10607,dmn-mediated,1,1,3.0
10608,dmso,1,1,3.0
10609,dmxaa,1,1,3.0
10610,dna-methylation,1,1,3.0
10611,dnl,1,1,3.0
10612,dodecyl,1,1,3.0
10613,domain-containing-3,1,1,3.0
10614,dominantli,1,1,3.0
10615,donepezil,1,1,3.0
10616,donor-conditioned,1,1,3.0
10617,donor-derived,1,1,3.0
10618,dorper,1,1,3.0
10619,dorsal,1,1,3.0
10620,dorsi,1,1,3.0
10621,dose-driven,1,1,3.0
10622,dose-escalated,1,1,3.0
10623,dose-exposure,1,1,3.0
10624,dose-finding,1,1,3.0
10625,dose-intensity,1,1,3.0
10626,dose-limiting,1,1,3.0
10627,dose-time,1,1,3.0
10628,dotap-mediated,1,1,3.0
10629,double-blinded,1,1,3.0
10630,double-counting,1,1,3.0
10631,double-crossover,1,1,3.0
10632,double-digit,1,1,3.0
10633,double-eged,1,1,3.0
10634,double-hit,1,1,3.0
10635,down-titrate,1,1,3.0
10636,dpard,1,1,3.0
10637,dpn-related,1,1,3.0
10638,draft,1,1,3.0
10639,drank,1,1,3.0
10640,dream-enactment,1,1,3.0
10641,drift,1,1,3.0
10642,dronabinol,1,1,3.0
10643,drop-off,1,1,3.0
10644,dropout,1,1,3.0
10645,drove,1,1,3.0
10646,drug's,1,1,3.0
10647,drug-class-specific,1,1,3.0
10648,drug-development,1,1,3.0
10649,drug-device,1,1,3.0
10650,drug-mediated,1,1,3.0
10651,drug-responsive,1,1,3.0
10652,drug-taking,1,1,3.0
10653,drummond,1,1,3.0
10654,dry,1,1,3.0
10655,dsc,1,1,3.0
10656,dsmi,1,1,3.0
10657,dss,1,1,3.0
10658,dss-induced,1,1,3.0
10659,dt,1,1,3.0
10660,dtt,1,1,3.0
10661,dtt-responsive,1,1,3.0
10662,dual-endpoint,1,1,3.0
10663,dual-layer,1,1,3.0
10664,dual-pathway,1,1,3.0
10665,dual-target,1,1,3.0
10666,dual-transporter-targeted,1,1,3.0
10667,dualiti,1,1,3.0
10668,dulaglutide-induced,1,1,3.0
10669,dump,1,1,3.0
10670,dunedinpac,1,1,3.0
10671,duodenum,1,1,3.0
10672,dwat,1,1,3.0
10673,dxa-based,1,1,3.0
10674,dynamics-ranging,1,1,3.0
10675,dynamics-the,1,1,3.0
10676,dynamin-related,1,1,3.0
10677,dynasti,1,1,3.0
10678,dysarthria,1,1,3.0
10679,dysbiosis-directed,1,1,3.0
10680,dysfunction-adma,1,1,3.0
10681,dysfunction-such,1,1,3.0
10682,dysfunctionassoci,1,1,3.0
10683,dysglycem,1,1,3.0
10684,dyslipidaem,1,1,3.0
10685,dysmotil,1,1,3.0
10686,dyspepsia,1,1,3.0
10687,dysphonia,1,1,3.0
10688,dyspnoea,1,1,3.0
10689,e-value,1,1,3.0
10690,e10,1,1,3.0
10691,earlier-generation,1,1,3.0
10692,early-access,1,1,3.0
10693,early-life,1,1,3.0
10694,eas,1,1,3.0
10695,easier,1,1,3.0
10696,easo-efad-ecpo,1,1,3.0
10697,eastern,1,1,3.0
10698,eat-derived,1,1,3.0
10699,eating-related,1,1,3.0
10700,eb05,1,1,3.0
10701,ebm,1,1,3.0
10702,ebmt-alone,1,1,3.0
10703,ebpα,1,1,3.0
10704,ebsco,1,1,3.0
10705,echocardiograph,1,1,3.0
10706,echomri,1,1,3.0
10707,ecim,1,1,3.0
10708,economi,1,1,3.0
10709,eczema,1,1,3.0
10710,edibl,1,1,3.0
10711,editor,1,1,3.0
10712,edmonton,1,1,3.0
10713,edss,1,1,3.0
10714,edv,1,1,3.0
10715,eef1a1,1,1,3.0
10716,eeg,1,1,3.0
10717,effer,1,1,3.0
10718,efficacy-effectiveness,1,1,3.0
10719,efficacyof,1,1,3.0
10720,effort-based,1,1,3.0
10721,efpeglenatide's,1,1,3.0
10722,efruxifermin,1,1,3.0
10723,egfp,1,1,3.0
10724,egfp-labelled,1,1,3.0
10725,egg,1,1,3.0
10726,eggshel,1,1,3.0
10727,egr1-mediated,1,1,3.0
10728,egypt,1,1,3.0
10729,ehr-based,1,1,3.0
10730,ei,1,1,3.0
10731,eicosatrieno,1,1,3.0
10732,eight-month,1,1,3.0
10733,eighty-three,1,1,3.0
10734,elastograph,1,1,3.0
10735,electrocardiographi,1,1,3.0
10736,electrolyte-dependent,1,1,3.0
10737,electromagnet,1,1,3.0
10738,electrophoresi,1,1,3.0
10739,electrospin,1,1,3.0
10740,electrospun,1,1,3.0
10741,elegantli,1,1,3.0
10742,element-binding,1,1,3.0
10743,elixhaus,1,1,3.0
10744,ellagitannin,1,1,3.0
10745,eloralintide's,1,1,3.0
10746,elsevi,1,1,3.0
10747,elusive-realised,1,1,3.0
10748,elut,1,1,3.0
10749,embryon,1,1,3.0
10750,emesi,1,1,3.0
10751,emp,1,1,3.0
10752,empa-kidney,1,1,3.0
10753,emperor-preserved,1,1,3.0
10754,empty-vector,1,1,3.0
10755,emr,1,1,3.0
10756,emuls,1,1,3.0
10757,en,1,1,3.0
10758,enc,1,1,3.0
10759,encephalomyel,1,1,3.0
10760,enchid,1,1,3.0
10761,encuesta,1,1,3.0
10762,end-feet,1,1,3.0
10763,end-of-study,1,1,3.0
10764,end-product,1,1,3.0
10765,endocannabinoid,1,1,3.0
10766,endocrine-like,1,1,3.0
10767,endocrine-metabolic,1,1,3.0
10768,endocrine-metabolic-gut-brain,1,1,3.0
10769,endocrinopathi,1,1,3.0
10770,endocyt,1,1,3.0
10771,endocytosi,1,1,3.0
10772,endometrium,1,1,3.0
10773,endopat,1,1,3.0
10774,endoscopist's,1,1,3.0
10775,endosomal-mitochondrial,1,1,3.0
10776,endothelial-astrocyte,1,1,3.0
10777,endothelial-derived,1,1,3.0
10778,endothelial-stabilising,1,1,3.0
10779,endotoxin,1,1,3.0
10780,endovascular,1,1,3.0
10781,energy-intake,1,1,3.0
10782,enforc,1,1,3.0
10783,engagement-persistence,1,1,3.0
10784,engend,1,1,3.0
10785,england,1,1,3.0
10786,enhancer-binding,1,1,3.0
10787,enquir,1,1,3.0
10788,ensmust00000155383,1,1,3.0
10789,ensu,1,1,3.0
10790,entail,1,1,3.0
10791,enteroendocrine-like,1,1,3.0
10792,enterohepat,1,1,3.0
10793,enteropancreat,1,1,3.0
10794,enterpris,1,1,3.0
10795,entitl,1,1,3.0
10796,entpd1,1,1,3.0
10797,entpd3,1,1,3.0
10798,entrench,1,1,3.0
10799,epic's,1,1,3.0
10800,epistemoniko,1,1,3.0
10801,eplerenon,1,1,3.0
10802,eqtlgen,1,1,3.0
10803,eras,1,1,3.0
10804,erk-dependent,1,1,3.0
10805,erk-mediated,1,1,3.0
10806,erk1,1,1,3.0
10807,eruct,1,1,3.0
10808,erupt,1,1,3.0
10809,erythema,1,1,3.0
10810,erythropoiesis-stimulating,1,1,3.0
10811,esada,1,1,3.0
10812,esophagectomi,1,1,3.0
10813,esposur,1,1,3.0
10814,esr1-associated,1,1,3.0
10815,essai,1,1,3.0
10816,esterif,1,1,3.0
10817,estrogen-driven,1,1,3.0
10818,etc,1,1,3.0
10819,etco₂,1,1,3.0
10820,ethanol,1,1,3.0
10821,ether,1,1,3.0
10822,ethics-approved,1,1,3.0
10823,ethnopharmacolog,1,1,3.0
10824,ethylen,1,1,3.0
10825,etiology-specific,1,1,3.0
10826,eubiosi,1,1,3.0
10827,eudka,1,1,3.0
10828,euglycaem,1,1,3.0
10829,euglycem,1,1,3.0
10830,eugonad,1,1,3.0
10831,europepmc,1,1,3.0
10832,euroqol,1,1,3.0
10833,eus-guided,1,1,3.0
10834,euthyroid,1,1,3.0
10835,evad,1,1,3.0
10836,evaluation-to,1,1,3.0
10837,evas,1,1,3.0
10838,event-free,1,1,3.0
10839,events-remains,1,1,3.0
10840,ever-evolving,1,1,3.0
10841,ever-use,1,1,3.0
10842,evidence-from,1,1,3.0
10843,evidence-gap,1,1,3.0
10844,evidence-informed,1,1,3.0
10845,evidentiari,1,1,3.0
10846,exagger,1,1,3.0
10847,exceedingli,1,1,3.0
10848,exchange-based,1,1,3.0
10849,excipi,1,1,3.0
10850,excit,1,1,3.0
10851,exenatide-pd3,1,1,3.0
10852,exendin-4-functionalized,1,1,3.0
10853,exendin-based,1,1,3.0
10854,exendin-linker-apelin,1,1,3.0
10855,exendin9-39,1,1,3.0
10856,exercise-based,1,1,3.0
10857,exercise-only,1,1,3.0
10858,exocrin,1,1,3.0
10859,exom,1,1,3.0
10860,exosom,1,1,3.0
10861,expert-driven,1,1,3.0
10862,expertis,1,1,3.0
10863,expiri,1,1,3.0
10864,exponenti,1,1,3.0
10865,exposure-induced,1,1,3.0
10866,exposure-injury-structure-function,1,1,3.0
10867,exquisit,1,1,3.0
10868,extant,1,1,3.0
10869,extended-interval,1,1,3.0
10870,extension-phase,1,1,3.0
10871,external-consistency,1,1,3.0
10872,extra,1,1,3.0
10873,extracutan,1,1,3.0
10874,extraordinari,1,1,3.0
10875,extrins,1,1,3.0
10876,extrus,1,1,3.0
10877,ezetimib,1,1,3.0
10878,f-box,1,1,3.0
10879,f12,1,1,3.0
10880,fabric,1,1,3.0
10881,facet,1,1,3.0
10882,fact,1,1,3.0
10883,factor-κb,1,1,3.0
10884,fad,1,1,3.0
10885,faecalibacterium,1,1,3.0
10886,faecalicatena,1,1,3.0
10887,faecousia,1,1,3.0
10888,faers-based,1,1,3.0
10889,failure-type,1,1,3.0
10890,fair-to-good,1,1,3.0
10891,false-positive,1,1,3.0
10892,family-level,1,1,3.0
10893,far-reaching,1,1,3.0
10894,fasciculin,1,1,3.0
10895,fashion,1,1,3.0
10896,fasn,1,1,3.0
10897,fast-acting,1,1,3.0
10898,fasting-mimetic,1,1,3.0
10899,fat-intensity,1,1,3.0
10900,fatherhood,1,1,3.0
10901,fatty-acid,1,1,3.0
10902,favorable-profile,1,1,3.0
10903,fbg,1,1,3.0
10904,fbxo32,1,1,3.0
10905,fc-fusion,1,1,3.0
10906,fd,1,1,3.0
10907,fda-reported,1,1,3.0
10908,fdr-positive,1,1,3.0
10909,fdr-significant,1,1,3.0
10910,febril,1,1,3.0
10911,fed-batch,1,1,3.0
10912,fedrat,1,1,3.0
10913,female-identifying,1,1,3.0
10914,feno,1,1,3.0
10915,ffa,1,1,3.0
10916,ffar4,1,1,3.0
10917,ffl,1,1,3.0
10918,fg,1,1,3.0
10919,fgf-21,1,1,3.0
10920,fgf15,1,1,3.0
10921,fgf23,1,1,3.0
10922,fh,1,1,3.0
10923,fh-related,1,1,3.0
10924,fibroscan-ast,1,1,3.0
10925,field's,1,1,3.0
10926,fifty-five,1,1,3.0
10927,fig,1,1,3.0
10928,figur,1,1,3.0
10929,filamin,1,1,3.0
10930,filler-like,1,1,3.0
10931,final-titer,1,1,3.0
10932,fine,1,1,3.0
10933,fine-one,1,1,3.0
10934,fine-stratification,1,1,3.0
10935,finit,1,1,3.0
10936,fire,1,1,3.0
10937,first-degree,1,1,3.0
10938,first-ever,1,1,3.0
10939,first-generation,1,1,3.0
10940,first-in-human,1,1,3.0
10941,first-recorded,1,1,3.0
10942,first-user,1,1,3.0
10943,fischer,1,1,3.0
10944,fisher,1,1,3.0
10945,fitbit,1,1,3.0
10946,fitzpatrick,1,1,3.0
10947,five-fold,1,1,3.0
10948,five-state,1,1,3.0
10949,fixed-timepoint,1,1,3.0
10950,flat,1,1,3.0
10951,flavonol,1,1,3.0
10952,flavor-flavor,1,1,3.0
10953,flavor-nutrient,1,1,3.0
10954,flexneri,1,1,3.0
10955,flight,1,1,3.0
10956,flight-associated,1,1,3.0
10957,flora,1,1,3.0
10958,flow-mediated,1,1,3.0
10959,flow-nmr,1,1,3.0
10960,flu,1,1,3.0
10961,fmd,1,1,3.0
10962,fmoc-based,1,1,3.0
10963,fmoc-protected,1,1,3.0
10964,fnl,1,1,3.0
10965,focal,1,1,3.0
10966,folate-dependent,1,1,3.0
10967,folklor,1,1,3.0
10968,folliculogenesi,1,1,3.0
10969,fondaparinux,1,1,3.0
10970,food-associated,1,1,3.0
10971,food-cue,1,1,3.0
10972,food-derived,1,1,3.0
10973,food-level,1,1,3.0
10974,food-seeking,1,1,3.0
10975,foodborn,1,1,3.0
10976,footnot,1,1,3.0
10977,ford,1,1,3.0
10978,forefront,1,1,3.0
10979,forestal,1,1,3.0
10980,forkhead,1,1,3.0
10981,formid,1,1,3.0
10982,formulari,1,1,3.0
10983,forti,1,1,3.0
10984,fortun,1,1,3.0
10985,forty-eight,1,1,3.0
10986,forty-four,1,1,3.0
10987,forty-three,1,1,3.0
10988,four-cluster,1,1,3.0
10989,four-principle,1,1,3.0
10990,fourier-transform,1,1,3.0
10991,fourteen,1,1,3.0
10992,foxa1-mediated,1,1,3.0
10993,foxo1,1,1,3.0
10994,foxo3a,1,1,3.0
10995,foxp3,1,1,3.0
10996,fracture-centred,1,1,3.0
10997,fragil,1,1,3.0
10998,frailty-related,1,1,3.0
10999,framework-from,1,1,3.0
11000,framework-the,1,1,3.0
11001,free-testosterone,1,1,3.0
11002,free-text,1,1,3.0
11003,french,1,1,3.0
11004,freseniu,1,1,3.0
11005,front,1,1,3.0
11006,front-loaded,1,1,3.0
11007,frontrunn,1,1,3.0
11008,fsp1,1,1,3.0
11009,ftir,1,1,3.0
11010,fuel,1,1,3.0
11011,full-agonist,1,1,3.0
11012,full-scan,1,1,3.0
11013,function-centered,1,1,3.0
11014,function-related,1,1,3.0
11015,funder,1,1,3.0
11016,fungu,1,1,3.0
11017,fusion-specific,1,1,3.0
11018,fusion-which,1,1,3.0
11019,futil,1,1,3.0
11020,fxr-modulating,1,1,3.0
11021,fxr-tgr5-glp-1,1,1,3.0
11022,g-formula,1,1,3.0
11023,g-protein,1,1,3.0
11024,g-protein-biased,1,1,3.0
11025,g1-g3b,1,1,3.0
11026,g6,1,1,3.0
11027,gabaerg,1,1,3.0
11028,gadu,1,1,3.0
11029,gallol-mediated,1,1,3.0
11030,gamma-glutamyl,1,1,3.0
11031,ganglia,1,1,3.0
11032,garlic,1,1,3.0
11033,gasseri,1,1,3.0
11034,gastric-emptying,1,1,3.0
11035,gastro-oesophageal,1,1,3.0
11036,gastroplasti,1,1,3.0
11037,gastroscopi,1,1,3.0
11038,gastrostomi,1,1,3.0
11039,gata6-dependent,1,1,3.0
11040,gate-keeping,1,1,3.0
11041,gaunt,1,1,3.0
11042,gave,1,1,3.0
11043,gc-innervating,1,1,3.0
11044,gcase,1,1,3.0
11045,gcgr-deficient,1,1,3.0
11046,gcr,1,1,3.0
11047,gcst90691839,1,1,3.0
11048,gcst90691840,1,1,3.0
11049,gcst90691841,1,1,3.0
11050,gdc,1,1,3.0
11051,gdf-15,1,1,3.0
11052,gdp,1,1,3.0
11053,gene-related,1,1,3.0
11054,genital-safety,1,1,3.0
11055,genom,1,1,3.0
11056,genotox,1,1,3.0
11057,gentamicin,1,1,3.0
11058,geometry-cargo,1,1,3.0
11059,gerd-related,1,1,3.0
11060,geriatr,1,1,3.0
11061,germin,1,1,3.0
11062,geroprotector,1,1,3.0
11063,gerosci,1,1,3.0
11064,gfp,1,1,3.0
11065,gfr,1,1,3.0
11066,gh-resistant,1,1,3.0
11067,ghba1c,1,1,3.0
11068,gi-ae,1,1,3.0
11069,gi-related,1,1,3.0
11070,gip-based,1,1,3.0
11071,gip-positive,1,1,3.0
11072,gipra,1,1,3.0
11073,girl,1,1,3.0
11074,gksset's,1,1,3.0
11075,glass,1,1,3.0
11076,glean,1,1,3.0
11077,glia,1,1,3.0
11078,gliflozin,1,1,3.0
11079,glimins-class,1,1,3.0
11080,glinid,1,1,3.0
11081,gliptin,1,1,3.0
11082,gln221,1,1,3.0
11083,global-regional,1,1,3.0
11084,globe,1,1,3.0
11085,globular,1,1,3.0
11086,globulin,1,1,3.0
11087,glomerulomegali,1,1,3.0
11088,glomerulonephr,1,1,3.0
11089,glomerulopathi,1,1,3.0
11090,glomerulosclerosi,1,1,3.0
11091,glp-1's,1,1,3.0
11092,glp-1-consistent,1,1,3.0
11093,glp-1-dependent,1,1,3.0
11094,glp-1-gip,1,1,3.0
11095,glp-1-insulin,1,1,3.0
11096,glp-1-metformin,1,1,3.0
11097,glp-1-producing,1,1,3.0
11098,glp-1-receptor,1,1,3.0
11099,glp-1-secreting,1,1,3.0
11100,glp-1-sglt2i,1,1,3.0
11101,glp-1-sulfonylurea,1,1,3.0
11102,glp-1-treatment,1,1,3.0
11103,glp-1a-exposed,1,1,3.0
11104,glp-1r-ampk,1,1,3.0
11105,glp-1r-based,1,1,3.0
11106,glp-1r-engaging,1,1,3.0
11107,glp-1r-related,1,1,3.0
11108,glp-1r-targeting,1,1,3.0
11109,glp-1ra's,1,1,3.0
11110,glp-1ra-exposed,1,1,3.0
11111,glp-1ra-induced,1,1,3.0
11112,glp-1ra-related,1,1,3.0
11113,glp-1ra-supported,1,1,3.0
11114,glp-1rats,1,1,3.0
11115,glp-based,1,1,3.0
11116,glp1-gip,1,1,3.0
11117,glp1a,1,1,3.0
11118,glp1r-deficient,1,1,3.0
11119,glp1ra-dependent,1,1,3.0
11120,glp1ra-mediated,1,1,3.0
11121,glpg0974,1,1,3.0
11122,glucagon-1,1,1,3.0
11123,glucagon-immunoreactive,1,1,3.0
11124,glucagon-induced,1,1,3.0
11125,glucagon-like-peptide-1,1,1,3.0
11126,glucocorticoid-regulated,1,1,3.0
11127,glucogalactomannan,1,1,3.0
11128,glucokinas,1,1,3.0
11129,glucolipid,1,1,3.0
11130,glucolipotox,1,1,3.0
11131,glucosamin,1,1,3.0
11132,glucose-centric,1,1,3.0
11133,glucose-independent,1,1,3.0
11134,glucose-mediated,1,1,3.0
11135,glucose-related,1,1,3.0
11136,glucose-sensitive,1,1,3.0
11137,glucose-stabilising,1,1,3.0
11138,glucotox,1,1,3.0
11139,gluredia,1,1,3.0
11140,glut-4,1,1,3.0
11141,glut4,1,1,3.0
11142,glutathione-related,1,1,3.0
11143,glycaemia-lowering,1,1,3.0
11144,glycemia-based,1,1,3.0
11145,glycemia-only,1,1,3.0
11146,glycin,1,1,3.0
11147,glycodeoxychol,1,1,3.0
11148,glycol,1,1,3.0
11149,glycolysi,1,1,3.0
11150,glycolysis-related,1,1,3.0
11151,glycomacropeptid,1,1,3.0
11152,glymphat,1,1,3.0
11153,gm-derived,1,1,3.0
11154,gm-glp-1,1,1,3.0
11155,gmh,1,1,3.0
11156,gmr,1,1,3.0
11157,gnina,1,1,3.0
11158,gnrh,1,1,3.0
11159,goe,1,1,3.0
11160,golgi,1,1,3.0
11161,gone,1,1,3.0
11162,government,1,1,3.0
11163,govnct04652479,1,1,3.0
11164,gpcr-tailored,1,1,3.0
11165,gph,1,1,3.0
11166,gpr120,1,1,3.0
11167,gprotein-coupled,1,1,3.0
11168,gr-7,1,1,3.0
11169,gra,1,1,3.0
11170,gradual,1,1,3.0
11171,graft-related,1,1,3.0
11172,gram,1,1,3.0
11173,granular,1,1,3.0
11174,granulomat,1,1,3.0
11175,graph,1,1,3.0
11176,graphic,1,1,3.0
11177,grappa,1,1,3.0
11178,gravit,1,1,3.0
11179,grip,1,1,3.0
11180,gross,1,1,3.0
11181,groundwork,1,1,3.0
11182,group's,1,1,3.0
11183,group-associated,1,1,3.0
11184,group-based,1,1,3.0
11185,group-specific,1,1,3.0
11186,grown,1,1,3.0
11187,grp78,1,1,3.0
11188,gs-coupled,1,1,3.0
11189,gsdmd,1,1,3.0
11190,gsk,1,1,3.0
11191,gsk3β,1,1,3.0
11192,guanidinium,1,1,3.0
11193,guanosin,1,1,3.0
11194,guardian,1,1,3.0
11195,guardrail,1,1,3.0
11196,guideline-based,1,1,3.0
11197,guild,1,1,3.0
11198,gut-barrier-mediated,1,1,3.0
11199,gut-centered,1,1,3.0
11200,gut-directed,1,1,3.0
11201,gut-endocrine,1,1,3.0
11202,gut-liver-kidney,1,1,3.0
11203,gut-on-a-chip,1,1,3.0
11204,gut-pancreas,1,1,3.0
11205,gut-related,1,1,3.0
11206,gut-restricted,1,1,3.0
11207,gut-secreted,1,1,3.0
11208,gut-skin,1,1,3.0
11209,gwa,1,1,3.0
11210,gα,1,1,3.0
11211,gαs,1,1,3.0
11212,gαs-related,1,1,3.0
11213,h2o2,1,1,3.0
11214,habitu,1,1,3.0
11215,haemolysi,1,1,3.0
11216,half-lives,1,1,3.0
11217,hallucin,1,1,3.0
11218,halv,1,1,3.0
11219,hand-searched,1,1,3.0
11220,hand-searches,1,1,3.0
11221,hangzhou,1,1,3.0
11222,haptoglobin,1,1,3.0
11223,harmine-pka-dyrk1a,1,1,3.0
11224,harmoni,1,1,3.0
11225,hart-et-al,1,1,3.0
11226,hartung-knapp-sidik-jonkman,1,1,3.0
11227,has-bled,1,1,3.0
11228,haugh,1,1,3.0
11229,hazard-ratio,1,1,3.0
11230,hbond-n93,1,1,3.0
11231,hbond-y240,1,1,3.0
11232,hcmec,1,1,3.0
11233,hcu-free,1,1,3.0
11234,hdl-cholesterol,1,1,3.0
11235,hdlc,1,1,3.0
11236,health-10,1,1,3.0
11237,health-data,1,1,3.0
11238,health-including,1,1,3.0
11239,health-record,1,1,3.0
11240,health-system,1,1,3.0
11241,healthcare's,1,1,3.0
11242,healthcare-related,1,1,3.0
11243,heart-derived,1,1,3.0
11244,heart-liver,1,1,3.0
11245,heavier,1,1,3.0
11246,heavy-drinking,1,1,3.0
11247,hec50,1,1,3.0
11248,hedonic-reward,1,1,3.0
11249,hei,1,1,3.0
11250,hei-2020,1,1,3.0
11251,held,1,1,3.0
11252,held-out,1,1,3.0
11253,helic,1,1,3.0
11254,helio,1,1,3.0
11255,helper,1,1,3.0
11256,helsinki,1,1,3.0
11257,hematoma,1,1,3.0
11258,hemiparesi,1,1,3.0
11259,hemiplegia,1,1,3.0
11260,hemodiafiltr,1,1,3.0
11261,hemolysis-driven,1,1,3.0
11262,hemostasi,1,1,3.0
11263,henri,1,1,3.0
11264,heparin,1,1,3.0
11265,hepatobiliari,1,1,3.0
11266,herb-drug,1,1,3.0
11267,hernia,1,1,3.0
11268,herringbon,1,1,3.0
11269,hesit,1,1,3.0
11270,hexamer-to-heptamer,1,1,3.0
11271,hexapeptid,1,1,3.0
11272,hfc,1,1,3.0
11273,hfd-associated,1,1,3.0
11274,hfd-treated,1,1,3.0
11275,hfl,1,1,3.0
11276,hfpef-obesity,1,1,3.0
11277,hfpef-specific,1,1,3.0
11278,hglp-1r,1,1,3.0
11279,hhsn268200800007c,1,1,3.0
11280,hhsn268201200036c,1,1,3.0
11281,hhsn268201800001c,1,1,3.0
11282,hiapp,1,1,3.0
11283,hidden,1,1,3.0
11284,hif-1-mediated,1,1,3.0
11285,high-adiposity,1,1,3.0
11286,high-affinity,1,1,3.0
11287,high-ascvd-risk,1,1,3.0
11288,high-bioavailability,1,1,3.0
11289,high-carbohydrate,1,1,3.0
11290,high-certainty,1,1,3.0
11291,high-cholesterol,1,1,3.0
11292,high-energy,1,1,3.0
11293,high-exposure,1,1,3.0
11294,high-fat-fed,1,1,3.0
11295,high-fructose,1,1,3.0
11296,high-glycemic,1,1,3.0
11297,high-grade,1,1,3.0
11298,high-income,1,1,3.0
11299,high-intensity,1,1,3.0
11300,high-level,1,1,3.0
11301,high-magnitude,1,1,3.0
11302,high-molecular-weight,1,1,3.0
11303,high-performance,1,1,3.0
11304,high-pressure,1,1,3.0
11305,high-responder,1,1,3.0
11306,high-volume,1,1,3.0
11307,highdefinit,1,1,3.0
11308,higher-or,1,1,3.0
11309,higher-order,1,1,3.0
11310,higher-ranking,1,1,3.0
11311,highest-risk,1,1,3.0
11312,hill,1,1,3.0
11313,hindbrain,1,1,3.0
11314,hip-specific,1,1,3.0
11315,hirsut,1,1,3.0
11316,hispidin,1,1,3.0
11317,histology-assessed,1,1,3.0
11318,histology-based,1,1,3.0
11319,histon,1,1,3.0
11320,hitherto,1,1,3.0
11321,hiv-reservoir,1,1,3.0
11322,hk-2,1,1,3.0
11323,hk2,1,1,3.0
11324,hn001,1,1,3.0
11325,hn019,1,1,3.0
11326,hodgkin,1,1,3.0
11327,hodgkin's,1,1,3.0
11328,hollow,1,1,3.0
11329,homa-b,1,1,3.0
11330,homa-based,1,1,3.0
11331,homa-s,1,1,3.0
11332,homeostasis-homeostatic,1,1,3.0
11333,homeostasis-related,1,1,3.0
11334,homogen,1,1,3.0
11335,hoo,1,1,3.0
11336,hop-based,1,1,3.0
11337,hope,1,1,3.0
11338,hormone-receptor,1,1,3.0
11339,hormone-related,1,1,3.0
11340,hormone-targeting,1,1,3.0
11341,hospital-based,1,1,3.0
11342,hospital-defined,1,1,3.0
11343,host-cell,1,1,3.0
11344,host-derived,1,1,3.0
11345,host-microbiome,1,1,3.0
11346,hotspot,1,1,3.0
11347,household,1,1,3.0
11348,housekeep,1,1,3.0
11349,hp,1,1,3.0
11350,hp-nmr,1,1,3.0
11351,hplc-ms,1,1,3.0
11352,hr-range,1,1,3.0
11353,hresim,1,1,3.0
11354,hrs9531,1,1,3.0
11355,hs-diabetes,1,1,3.0
11356,hs-tnt,1,1,3.0
11357,ht-29,1,1,3.0
11358,ht-29-mtx-e12,1,1,3.0
11359,hu,1,1,3.0
11360,hua,1,1,3.0
11361,huadong,1,1,3.0
11362,huising-lab,1,1,3.0
11363,human-derived,1,1,3.0
11364,human-exposure,1,1,3.0
11365,human-guided,1,1,3.0
11366,human-irrelevant,1,1,3.0
11367,human-level,1,1,3.0
11368,humor,1,1,3.0
11369,humour,1,1,3.0
11370,hurlei,1,1,3.0
11371,hybrid-care,1,1,3.0
11372,hybrid-treated,1,1,3.0
11373,hyd-f96,1,1,3.0
11374,hyd-l71,1,1,3.0
11375,hyd-w237,1,1,3.0
11376,hydrasti,1,1,3.0
11377,hydrocarbon,1,1,3.0
11378,hydrogen-bond,1,1,3.0
11379,hydrolysi,1,1,3.0
11380,hydrophil,1,1,3.0
11381,hydrostat,1,1,3.0
11382,hydroxi,1,1,3.0
11383,hydroxid,1,1,3.0
11384,hydroxylas,1,1,3.0
11385,hyper-immunogenic,1,1,3.0
11386,hyper-responsiveness,1,1,3.0
11387,hyperact,1,1,3.0
11388,hyperaem,1,1,3.0
11389,hyperalgesia,1,1,3.0
11390,hyperandrogen,1,1,3.0
11391,hypercholesterolaemia,1,1,3.0
11392,hyperemia,1,1,3.0
11393,hyperglycaemia-driven,1,1,3.0
11394,hyperglycemia-driven,1,1,3.0
11395,hyperglycemia-induced,1,1,3.0
11396,hyperglycemic-obesity,1,1,3.0
11397,hyperglycolysi,1,1,3.0
11398,hyperhidrosi,1,1,3.0
11399,hyperkalemia,1,1,3.0
11400,hyperkeratot,1,1,3.0
11401,hypermethyl,1,1,3.0
11402,hypermetrop,1,1,3.0
11403,hyperoxaluria,1,1,3.0
11404,hyperphosphoryl,1,1,3.0
11405,hyperpigment,1,1,3.0
11406,hyperreact,1,1,3.0
11407,hypersomnol,1,1,3.0
11408,hypertension-related,1,1,3.0
11409,hyperthyroid,1,1,3.0
11410,hypertriglyceridemia-induced,1,1,3.0
11411,hypertroph,1,1,3.0
11412,hypholomin,1,1,3.0
11413,hypnopomp,1,1,3.0
11414,hypocalor,1,1,3.0
11415,hypoglycaemia-related,1,1,3.0
11416,hypolipidem,1,1,3.0
11417,hypomotil,1,1,3.0
11418,hypothalamus-centered,1,1,3.0
11419,hypothalamus-pituitary-testis,1,1,3.0
11420,hypoxia-induced,1,1,3.0
11421,hypoxia-inducible,1,1,3.0
11422,hölscher,1,1,3.0
11423,i1088-mediated,1,1,3.0
11424,iapp,1,1,3.0
11425,iauc-30-180,1,1,3.0
11426,iauc0-180min,1,1,3.0
11427,iauc0-60min,1,1,3.0
11428,iba1-or,1,1,3.0
11429,ibd-related,1,1,3.0
11430,ibogain,1,1,3.0
11431,ibot,1,1,3.0
11432,ibs-related,1,1,3.0
11433,ic025,1,1,3.0
11434,ic50,1,1,3.0
11435,icd-9,1,1,3.0
11436,icd-coded,1,1,3.0
11437,ice-induced,1,1,3.0
11438,iceland,1,1,3.0
11439,icosap,1,1,3.0
11440,ide's,1,1,3.0
11441,ide-mediated,1,1,3.0
11442,ideglira,1,1,3.0
11443,identity-enhancing,1,1,3.0
11444,identity-related,1,1,3.0
11445,iec,1,1,3.0
11446,ietsi,1,1,3.0
11447,ifcc,1,1,3.0
11448,ignor,1,1,3.0
11449,ii-induced,1,1,3.0
11450,iia,1,1,3.0
11451,iii-iv,1,1,3.0
11452,ikk,1,1,3.0
11453,ikzf2,1,1,3.0
11454,il,1,1,3.0
11455,il-17,1,1,3.0
11456,il-22-induced,1,1,3.0
11457,il-33,1,1,3.0
11458,illeg,1,1,3.0
11459,illumin,1,1,3.0
11460,illumina,1,1,3.0
11461,imaging-confirmed,1,1,3.0
11462,imaging-proton,1,1,3.0
11463,imbalanc,1,1,3.0
11464,immobil,1,1,3.0
11465,immortalis,1,1,3.0
11466,immune-tumor,1,1,3.0
11467,immune-vascular,1,1,3.0
11468,immunoassai,1,1,3.0
11469,immunocytochemistri,1,1,3.0
11470,immunomodul,1,1,3.0
11471,immunoprevent,1,1,3.0
11472,immunostain,1,1,3.0
11473,impairment-even,1,1,3.0
11474,impend,1,1,3.0
11475,imperfectli,1,1,3.0
11476,implementation-oriented,1,1,3.0
11477,importanceobes,1,1,3.0
11478,imprint,1,1,3.0
11479,impur,1,1,3.0
11480,in-application,1,1,3.0
11481,in-center,1,1,3.0
11482,in-flight,1,1,3.0
11483,in-hospital,1,1,3.0
11484,in-house,1,1,3.0
11485,in-person,1,1,3.0
11486,in-silico,1,1,3.0
11487,inaccuraci,1,1,3.0
11488,inact,1,1,3.0
11489,inactiv,1,1,3.0
11490,inaugur,1,1,3.0
11491,inbody720,1,1,3.0
11492,inborn,1,1,3.0
11493,incent,1,1,3.0
11494,incident,1,1,3.0
11495,incident-treatment,1,1,3.0
11496,incontin,1,1,3.0
11497,incretin-associated,1,1,3.0
11498,incretin-joint,1,1,3.0
11499,incur,1,1,3.0
11500,indefinit,1,1,3.0
11501,indetermin,1,1,3.0
11502,index-2,1,1,3.0
11503,index-2025,1,1,3.0
11504,index-defined,1,1,3.0
11505,index-derived,1,1,3.0
11506,index-independent,1,1,3.0
11507,india's,1,1,3.0
11508,indicatethat,1,1,3.0
11509,indigen,1,1,3.0
11510,indispens,1,1,3.0
11511,individual's,1,1,3.0
11512,individual-level,1,1,3.0
11513,individuals-exposing,1,1,3.0
11514,industry-affiliated,1,1,3.0
11515,ineffect,1,1,3.0
11516,inequit,1,1,3.0
11517,infanc,1,1,3.0
11518,infantil,1,1,3.0
11519,infection-related,1,1,3.0
11520,inflam,1,1,3.0
11521,inflammaging-centered,1,1,3.0
11522,inflammaging-the,1,1,3.0
11523,inflammasome-directed,1,1,3.0
11524,inflammation-driven,1,1,3.0
11525,inflammation-guided,1,1,3.0
11526,inflammation-induced,1,1,3.0
11527,inflammation-targeted,1,1,3.0
11528,inflammatory-metabolic,1,1,3.0
11529,inflect,1,1,3.0
11530,infliximab,1,1,3.0
11531,infodem,1,1,3.0
11532,informat,1,1,3.0
11533,infrar,1,1,3.0
11534,ingelheim,1,1,3.0
11535,inhibitors-show,1,1,3.0
11536,initial-insult,1,1,3.0
11537,injection-experienced,1,1,3.0
11538,injection-naïve,1,1,3.0
11539,injury-induced,1,1,3.0
11540,inoscavin,1,1,3.0
11541,inquir,1,1,3.0
11542,inquiri,1,1,3.0
11543,insensit,1,1,3.0
11544,insert,1,1,3.0
11545,instagram,1,1,3.0
11546,instantan,1,1,3.0
11547,institutet,1,1,3.0
11548,institution's,1,1,3.0
11549,insulin-degrading,1,1,3.0
11550,insulin-exclusive,1,1,3.0
11551,insulin-glucagon-glp-1,1,1,3.0
11552,insulin-inclusive,1,1,3.0
11553,insulin-modulating,1,1,3.0
11554,insulin-naive,1,1,3.0
11555,insulin-resistance,1,1,3.0
11556,insulin-sensitivity-targeting,1,1,3.0
11557,insulin-stimulating,1,1,3.0
11558,insulinaem,1,1,3.0
11559,insulinem,1,1,3.0
11560,insulinogen,1,1,3.0
11561,insurance-reimbursed,1,1,3.0
11562,integ,1,1,3.0
11563,integras,1,1,3.0
11564,intellectu,1,1,3.0
11565,intelligence-enabled,1,1,3.0
11566,intent-to-treat,1,1,3.0
11567,inter-assay,1,1,3.0
11568,inter-needle,1,1,3.0
11569,inter-relationships,1,1,3.0
11570,inter-reviewer,1,1,3.0
11571,inter-set,1,1,3.0
11572,interactom,1,1,3.0
11573,intercellular,1,1,3.0
11574,intercohort,1,1,3.0
11575,interconvers,1,1,3.0
11576,intercurr,1,1,3.0
11577,interestingli,1,1,3.0
11578,interf,1,1,3.0
11579,interim,1,1,3.0
11580,interkeratinocyt,1,1,3.0
11581,interleukin-1,1,1,3.0
11582,interleukin-10,1,1,3.0
11583,interleukin-1β,1,1,3.0
11584,interleukin-2,1,1,3.0
11585,interleukin-22,1,1,3.0
11586,interleukin-directed,1,1,3.0
11587,interleukin18,1,1,3.0
11588,interlobular,1,1,3.0
11589,interlock,1,1,3.0
11590,intermediari,1,1,3.0
11591,intermediate-term,1,1,3.0
11592,interspeci,1,1,3.0
11593,intertrigin,1,1,3.0
11594,interven,1,1,3.0
11595,intervention-comparator,1,1,3.0
11596,intervention-related,1,1,3.0
11597,interventions-senolytics,1,1,3.0
11598,intestinal-derived,1,1,3.0
11599,intestinal-related,1,1,3.0
11600,intestinalis-butyrate,1,1,3.0
11601,intestine-liver-pancreas,1,1,3.0
11602,intim,1,1,3.0
11603,intima-media,1,1,3.0
11604,intodiseas,1,1,3.0
11605,intra-class,1,1,3.0
11606,intra-islet,1,1,3.0
11607,intracerebr,1,1,3.0
11608,intract,1,1,3.0
11609,intradialyt,1,1,3.0
11610,intraduct,1,1,3.0
11611,intraglomerular,1,1,3.0
11612,intraindividu,1,1,3.0
11613,intrainsular,1,1,3.0
11614,intraocular,1,1,3.0
11615,intrathorac,1,1,3.0
11616,introductiondiabet,1,1,3.0
11617,intub,1,1,3.0
11618,intuit,1,1,3.0
11619,inund,1,1,3.0
11620,invalu,1,1,3.0
11621,inventori,1,1,3.0
11622,inventory-iii,1,1,3.0
11623,inverse-probability-of-censoring-weights,1,1,3.0
11624,investor,1,1,3.0
11625,ionic,1,1,3.0
11626,ipgtt,1,1,3.0
11627,iptw-weighted,1,1,3.0
11628,irb-approved,1,1,3.0
11629,irbesartan,1,1,3.0
11630,ireland,1,1,3.0
11631,irf3,1,1,3.0
11632,iri,1,1,3.0
11633,iron-deficiency,1,1,3.0
11634,iron-dependent,1,1,3.0
11635,iron-mediated,1,1,3.0
11636,irregular,1,1,3.0
11637,ischaemia,1,1,3.0
11638,ischemia-reperfusion,1,1,3.0
11639,isoform,1,1,3.0
11640,isoquinolin,1,1,3.0
11641,isorhamnetin's,1,1,3.0
11642,isra,1,1,3.0
11643,it-themselves,1,1,3.0
11644,itacon,1,1,3.0
11645,itali,1,1,3.0
11646,itch,1,1,3.0
11647,item-level,1,1,3.0
11648,iter,1,1,3.0
11649,iu1,1,1,3.0
11650,ivw,1,1,3.0
11651,j,1,1,3.0
11652,jadad,1,1,3.0
11653,jan,1,1,3.0
11654,japan-driven,1,1,3.0
11655,japonica,1,1,3.0
11656,japonicu,1,1,3.0
11657,jasn,1,1,3.0
11658,jbi,1,1,3.0
11659,jeddah,1,1,3.0
11660,jejun,1,1,3.0
11661,jejunum,1,1,3.0
11662,jerusalem,1,1,3.0
11663,jiang,1,1,3.0
11664,jingfen,1,1,3.0
11665,jnj-64565111,1,1,3.0
11666,johnsonii,1,1,3.0
11667,joint-related,1,1,3.0
11668,jq1,1,1,3.0
11669,jr,1,1,3.0
11670,judgment,1,1,3.0
11671,juic,1,1,3.0
11672,k-prototypes,1,1,3.0
11673,kameda,1,1,3.0
11674,kaplan,1,1,3.0
11675,kaplan-meier-derived,1,1,3.0
11676,kappa,1,1,3.0
11677,kappa-b,1,1,3.0
11678,karelia,1,1,3.0
11679,karolinska,1,1,3.0
11680,katsumadai,1,1,3.0
11681,kd-induced,1,1,3.0
11682,kdigo-harmonised,1,1,3.0
11683,keap1,1,1,3.0
11684,keep,1,1,3.0
11685,kefir,1,1,3.0
11686,kept,1,1,3.0
11687,keto,1,1,3.0
11688,ketogenesi,1,1,3.0
11689,kfre-risk,1,1,3.0
11690,kgco₂e,1,1,3.0
11691,kickstart,1,1,3.0
11692,kidney-derived,1,1,3.0
11693,kidney-failure,1,1,3.0
11694,kidney-focused,1,1,3.0
11695,kidney-microvascular,1,1,3.0
11696,kidney-on-a-chip,1,1,3.0
11697,kidney-outcome,1,1,3.0
11698,kidney-protection,1,1,3.0
11699,kidney-risk,1,1,3.0
11700,kidney-volume,1,1,3.0
11701,kim-1,1,1,3.0
11702,kimchi,1,1,3.0
11703,kinase-1,1,1,3.0
11704,kit,1,1,3.0
11705,klotho,1,1,3.0
11706,km,1,1,3.0
11707,knockout,1,1,3.0
11708,know,1,1,3.0
11709,knowledge-practice,1,1,3.0
11710,komodo,1,1,3.0
11711,korea,1,1,3.0
11712,korsakoff,1,1,3.0
11713,kpa,1,1,3.0
11714,ksa,1,1,3.0
11715,kynuren,1,1,3.0
11716,kynurenine-induced,1,1,3.0
11717,kyoto,1,1,3.0
11718,kyphoplasti,1,1,3.0
11719,l-glutamine,1,1,3.0
11720,l-name,1,1,3.0
11721,l-type,1,1,3.0
11722,l-¹,1,1,3.0
11723,l260f,1,1,3.0
11724,l260f3,1,1,3.0
11725,laacf,1,1,3.0
11726,labda-8,1,1,3.0
11727,labil,1,1,3.0
11728,labor,1,1,3.0
11729,labor-intensive,1,1,3.0
11730,laboratory-assessed,1,1,3.0
11731,labyrinth,1,1,3.0
11732,lactam,1,1,3.0
11733,lactate-associated,1,1,3.0
11734,lactate-mediated,1,1,3.0
11735,lactate-microbial,1,1,3.0
11736,lacti,1,1,3.0
11737,lactic-co-glycolic,1,1,3.0
11738,lactiplantibacillu,1,1,3.0
11739,lag,1,1,3.0
11740,lag-period,1,1,3.0
11741,lamina,1,1,3.0
11742,lamp,1,1,3.0
11743,lancast,1,1,3.0
11744,landscape-including,1,1,3.0
11745,laryngologist,1,1,3.0
11746,last-dose,1,1,3.0
11747,late-laying,1,1,3.0
11748,late-phase,1,1,3.0
11749,latest-case-version,1,1,3.0
11750,lauric,1,1,3.0
11751,lautropia,1,1,3.0
11752,lavag,1,1,3.0
11753,lc3b-ii,1,1,3.0
11754,lcr86,1,1,3.0
11755,ld-mediated,1,1,3.0
11756,ldlr,1,1,3.0
11757,ldlr-dependent,1,1,3.0
11758,leak,1,1,3.0
11759,leakag,1,1,3.0
11760,leaki,1,1,3.0
11761,leave-out,1,1,3.0
11762,lecanemab,1,1,3.0
11763,lee,1,1,3.0
11764,left-ventricular,1,1,3.0
11765,legum,1,1,3.0
11766,length-of-stay,1,1,3.0
11767,lens,1,1,3.0
11768,lentivirus-mediated,1,1,3.0
11769,leptogranulimona,1,1,3.0
11770,less-than-desired,1,1,3.0
11771,lesser,1,1,3.0
11772,lethal,1,1,3.0
11773,leucine-rich-containing,1,1,3.0
11774,leukocyt,1,1,3.0
11775,leumit,1,1,3.0
11776,leuprorelin,1,1,3.0
11777,lever,1,1,3.0
11778,lexisnexi,1,1,3.0
11779,lfc,1,1,3.0
11780,lfd,1,1,3.0
11781,licens,1,1,3.0
11782,life-course,1,1,3.0
11783,life-saving,1,1,3.0
11784,lifecours,1,1,3.0
11785,lifestyle-focused,1,1,3.0
11786,ligat,1,1,3.0
11787,lighter,1,1,3.0
11788,lighthous,1,1,3.0
11789,like-peptide,1,1,3.0
11790,lilac,1,1,3.0
11791,limb-related,1,1,3.0
11792,limb-threatening,1,1,3.0
11793,limbic,1,1,3.0
11794,limosilactobacillu,1,1,3.0
11795,line-derived,1,1,3.0
11796,lineage-related,1,1,3.0
11797,lineage-stabilizing,1,1,3.0
11798,linearli,1,1,3.0
11799,linker,1,1,3.0
11800,lipemia,1,1,3.0
11801,lipid-buffering,1,1,3.0
11802,lipid-driven,1,1,3.0
11803,lipid-induced,1,1,3.0
11804,lipid-mediated,1,1,3.0
11805,lipid-poor,1,1,3.0
11806,lipid-sensing,1,1,3.0
11807,lipid-sensing-dependent,1,1,3.0
11808,lipid-stressed,1,1,3.0
11809,lipidaemia,1,1,3.0
11810,lipoabdominoplasti,1,1,3.0
11811,lipodystrophi,1,1,3.0
11812,lipolysi,1,1,3.0
11813,lipophagi,1,1,3.0
11814,lipophil,1,1,3.0
11815,liposom,1,1,3.0
11816,liquid-only,1,1,3.0
11817,lira-pretreated,1,1,3.0
11818,liraglutide-and,1,1,3.0
11819,liraglutide-associated,1,1,3.0
11820,liraglutide-concentrated,1,1,3.0
11821,liraglutide-related,1,1,3.0
11822,literaci,1,1,3.0
11823,lithogen,1,1,3.0
11824,live-birth,1,1,3.0
11825,liver-associated,1,1,3.0
11826,liver-centric,1,1,3.0
11827,liver-directed,1,1,3.0
11828,liver-pancreas,1,1,3.0
11829,liver-secreted,1,1,3.0
11830,liver-targeted,1,1,3.0
11831,livertox,1,1,3.0
11832,lixi,1,1,3.0
11833,lixipark,1,1,3.0
11834,lm,1,1,3.0
11835,lnuacr,1,1,3.0
11836,locoregion,1,1,3.0
11837,locu,1,1,3.0
11838,lod,1,1,3.0
11839,log2,1,1,3.0
11840,logit,1,1,3.0
11841,lombardi,1,1,3.0
11842,long-duration,1,1,3.0
11843,long-lasting,1,1,3.0
11844,long-overdue,1,1,3.0
11845,long-standing,1,1,3.0
11846,longev,1,1,3.0
11847,longevity-promoting,1,1,3.0
11848,longissimu,1,1,3.0
11849,look-alikes,1,1,3.0
11850,look-back,1,1,3.0
11851,loq,1,1,3.0
11852,lorcaserin,1,1,3.0
11853,lorundrostat,1,1,3.0
11854,loss-affects,1,1,3.0
11855,loss-focused,1,1,3.0
11856,loss-matched,1,1,3.0
11857,loss-of-function,1,1,3.0
11858,loss-oriented,1,1,3.0
11859,low-burden,1,1,3.0
11860,low-caloric,1,1,3.0
11861,low-cost,1,1,3.0
11862,low-engagement,1,1,3.0
11863,low-income,1,1,3.0
11864,low-intensity,1,1,3.0
11865,low-oligomeric,1,1,3.0
11866,low-polyphenol,1,1,3.0
11867,low-responder,1,1,3.0
11868,low-upf,1,1,3.0
11869,lower-burden,1,1,3.0
11870,lower-cost,1,1,3.0
11871,lower-dose,1,1,3.0
11872,lower-risk,1,1,3.0
11873,lower-than-expected,1,1,3.0
11874,lower-threshold,1,1,3.0
11875,lpc-37,1,1,3.0
11876,lr08,1,1,3.0
11877,lra05,1,1,3.0
11878,ltd,1,1,3.0
11879,luma,1,1,3.0
11880,lung-function,1,1,3.0
11881,lutein,1,1,3.0
11882,lux,1,1,3.0
11883,lvad-era,1,1,3.0
11884,lvad-specific,1,1,3.0
11885,lvedp,1,1,3.0
11886,lxr,1,1,3.0
11887,ly2189265,1,1,3.0
11888,ly3437943,1,1,3.0
11889,lymphat,1,1,3.0
11890,lymphoid,1,1,3.0
11891,lysosom,1,1,3.0
11892,m-2,1,1,3.0
11893,m0,1,1,3.0
11894,m2-associated,1,1,3.0
11895,machine-learning,1,1,3.0
11896,machine-learning-assisted,1,1,3.0
11897,machineri,1,1,3.0
11898,macrocycl,1,1,3.0
11899,macrogenom,1,1,3.0
11900,macrolid,1,1,3.0
11901,macromolecul,1,1,3.0
11902,maestro-nash,1,1,3.0
11903,mafa,1,1,3.0
11904,mafb,1,1,3.0
11905,mage,1,1,3.0
11906,majority-minority,1,1,3.0
11907,malefic,1,1,3.0
11908,malignancy-first,1,1,3.0
11909,maltase-glucoamylase,1,1,3.0
11910,mam-associated,1,1,3.0
11911,mam-dependent,1,1,3.0
11912,mam-regulated,1,1,3.0
11913,mandarin,1,1,3.0
11914,mandibular,1,1,3.0
11915,mann-whitney,1,1,3.0
11916,mannitol,1,1,3.0
11917,manometri,1,1,3.0
11918,mantel-haenszel,1,1,3.0
11919,manufacturer-funded,1,1,3.0
11920,manufacturer-recommended,1,1,3.0
11921,mao,1,1,3.0
11922,mapk,1,1,3.0
11923,mapk3,1,1,3.0
11924,march5-dependent,1,1,3.0
11925,marin,1,1,3.0
11926,marit,1,1,3.0
11927,marketplac,1,1,3.0
11928,mart,1,1,3.0
11929,mash-related,1,1,3.0
11930,massachusett,1,1,3.0
11931,master,1,1,3.0
11932,masteri,1,1,3.0
11933,matched-cohort,1,1,3.0
11934,mate,1,1,3.0
11935,mate1,1,1,3.0
11936,materia,1,1,3.0
11937,mathemat,1,1,3.0
11938,maturity-onset,1,1,3.0
11939,maxillofaci,1,1,3.0
11940,maximum-dose,1,1,3.0
11941,mcmaster,1,1,3.0
11942,mdc,1,1,3.0
11943,mean-field,1,1,3.0
11944,meat,1,1,3.0
11945,mechanics-dissolution,1,1,3.0
11946,mechanism-aligned,1,1,3.0
11947,mechanism-guided,1,1,3.0
11948,mechanism-informed,1,1,3.0
11949,mechanism-oriented,1,1,3.0
11950,mechanisms-including,1,1,3.0
11951,mechanisms-such,1,1,3.0
11952,mechanisms-trem2,1,1,3.0
11953,mechanometabol,1,1,3.0
11954,med,1,1,3.0
11955,medfine-rwd,1,1,3.0
11956,media's,1,1,3.0
11957,medial,1,1,3.0
11958,medica,1,1,3.0
11959,medication's,1,1,3.0
11960,medication-acquisition,1,1,3.0
11961,medication-date,1,1,3.0
11962,medication-defined,1,1,3.0
11963,medication-field,1,1,3.0
11964,medication-level,1,1,3.0
11965,medication-specific,1,1,3.0
11966,medicoleg,1,1,3.0
11967,medicu,1,1,3.0
11968,mediterranean,1,1,3.0
11969,medium-chain,1,1,3.0
11970,megestrol,1,1,3.0
11971,meier,1,1,3.0
11972,mek,1,1,3.0
11973,mek1,1,1,3.0
11974,melanocortin,1,1,3.0
11975,meld,1,1,3.0
11976,member-level,1,1,3.0
11977,memory-related,1,1,3.0
11978,menarch,1,1,3.0
11979,menopause-stratified,1,1,3.0
11980,menoyoung,1,1,3.0
11981,menu,1,1,3.0
11982,mep,1,1,3.0
11983,merip-qpcr,1,1,3.0
11984,mesenchym,1,1,3.0
11985,mesenter,1,1,3.0
11986,mesh,1,1,3.0
11987,met-233i,1,1,3.0
11988,meta,1,1,3.0
11989,meta-analytical,1,1,3.0
11990,meta-analyze,1,1,3.0
11991,meta-analyzed,1,1,3.0
11992,meta-epidemiological,1,1,3.0
11993,metabolic-cardiac,1,1,3.0
11994,metabolic-health,1,1,3.0
11995,metabolic-regulating,1,1,3.0
11996,metabolic-targeted,1,1,3.0
11997,metabolism-improving,1,1,3.0
11998,metabolism-oriented,1,1,3.0
11999,metabolism-regulatory,1,1,3.0
12000,metabolism-specific,1,1,3.0
12001,metabolite-intermediate,1,1,3.0
12002,metabolites-succinate,1,1,3.0
12003,metalloproteinas,1,1,3.0
12004,metalloproteinase-1,1,1,3.0
12005,metformin's,1,1,3.0
12006,metformin-associated,1,1,3.0
12007,metformin-improve,1,1,3.0
12008,metformin-only,1,1,3.0
12009,methanol,1,1,3.0
12010,method-specific,1,1,3.0
12011,methodsa,1,1,3.0
12012,methodsin,1,1,3.0
12013,methotrex,1,1,3.0
12014,methylglyoxal-induced,1,1,3.0
12015,methylprednisolon,1,1,3.0
12016,methyltransferas,1,1,3.0
12017,mets-z-bmi-score,1,1,3.0
12018,mettl14,1,1,3.0
12019,mettl14-dependent,1,1,3.0
12020,mettl14-driven,1,1,3.0
12021,mga,1,1,3.0
12022,mgb,1,1,3.0
12023,mgh,1,1,3.0
12024,mgp,1,1,3.0
12025,mice-a,1,1,3.0
12026,micelle-like,1,1,3.0
12027,michigand,1,1,3.0
12028,micro-computed,1,1,3.0
12029,microbe-metabolite,1,1,3.0
12030,microbiolog,1,1,3.0
12031,microbiome-associated,1,1,3.0
12032,microbiome-directed,1,1,3.0
12033,microbiome-metabolome,1,1,3.0
12034,microbiota-based,1,1,3.0
12035,microbiota-centered,1,1,3.0
12036,microbiota-dependent,1,1,3.0
12037,microbiota-enteroendocrine,1,1,3.0
12038,microbiota-gut-astrocyte,1,1,3.0
12039,microbiota-incretin,1,1,3.0
12040,microbiota-mediated,1,1,3.0
12041,microbiota-metabolite,1,1,3.0
12042,microbiota-preserving,1,1,3.0
12043,microchip,1,1,3.0
12044,microcirculatori,1,1,3.0
12045,microenvironment,1,1,3.0
12046,microfluidic-assisted,1,1,3.0
12047,micrograv,1,1,3.0
12048,micromachin,1,1,3.0
12049,microneedl,1,1,3.0
12050,micronucleu,1,1,3.0
12051,microorgan,1,1,3.0
12052,microparticl,1,1,3.0
12053,microsom,1,1,3.0
12054,microvasculatur,1,1,3.0
12055,mid,1,1,3.0
12056,mid-30s,1,1,3.0
12057,mid-epigastric,1,1,3.0
12058,midwestern,1,1,3.0
12059,mifepriston,1,1,3.0
12060,migraine-specific,1,1,3.0
12061,milder,1,1,3.0
12062,mildli,1,1,3.0
12063,mimick,1,1,3.0
12064,mine,1,1,3.0
12065,ming,1,1,3.0
12066,mini-mental,1,1,3.0
12067,minireview,1,1,3.0
12068,minoxidil,1,1,3.0
12069,minu,1,1,3.0
12070,mir-138-5p,1,1,3.0
12071,mir-33a,1,1,3.0
12072,mirag,1,1,3.0
12073,mirna,1,1,3.0
12074,mirror,1,1,3.0
12075,mirrors-but,1,1,3.0
12076,misalign,1,1,3.0
12077,misdifferenti,1,1,3.0
12078,mishandl,1,1,3.0
12079,misjudg,1,1,3.0
12080,missing-at-random,1,1,3.0
12081,mississippi,1,1,3.0
12082,misunderstood,1,1,3.0
12083,mito-met,1,1,3.0
12084,mito-q10,1,1,3.0
12085,mitochondria-associated,1,1,3.0
12086,mitochondria-directed,1,1,3.0
12087,mitochondria-targeted,1,1,3.0
12088,mitochondrial-targeted,1,1,3.0
12089,mitoq,1,1,3.0
12090,miu,1,1,3.0
12091,mixed-data,1,1,3.0
12092,mixed-methods,1,1,3.0
12093,mk-626-induced,1,1,3.0
12094,ml-derived,1,1,3.0
12095,mm-gbsa,1,1,3.0
12096,mmp-3,1,1,3.0
12097,mmp-9,1,1,3.0
12098,mmp9,1,1,3.0
12099,mn,1,1,3.0
12100,mn-c-800-800,1,1,3.0
12101,mn-t-1000-800,1,1,3.0
12102,mnemon,1,1,3.0
12103,moca,1,1,3.0
12104,modafinil,1,1,3.0
12105,model-dependent,1,1,3.0
12106,model-derived,1,1,3.0
12107,moderate-intensity,1,1,3.0
12108,moderate-severe,1,1,3.0
12109,modulatori,1,1,3.0
12110,modulators-for,1,1,3.0
12111,modulators-myostatin,1,1,3.0
12112,mody6,1,1,3.0
12113,moieti,1,1,3.0
12114,molecularli,1,1,3.0
12115,molybdate-mediated,1,1,3.0
12116,monetari,1,1,3.0
12117,mono-agonist,1,1,3.0
12118,monoagonist,1,1,3.0
12119,monocrotalin,1,1,3.0
12120,monodispers,1,1,3.0
12121,monoglycerid,1,1,3.0
12122,monomer,1,1,3.0
12123,monopole-dipole,1,1,3.0
12124,monopole-monopole,1,1,3.0
12125,monosaccharid,1,1,3.0
12126,monosodium,1,1,3.0
12127,monoton,1,1,3.0
12128,mont,1,1,3.0
12129,montreal,1,1,3.0
12130,morbidli,1,1,3.0
12131,more-clinical-benefits,1,1,3.0
12132,morphin,1,1,3.0
12133,morphogenesi,1,1,3.0
12134,moru,1,1,3.0
12135,mossi,1,1,3.0
12136,most-visited,1,1,3.0
12137,motif,1,1,3.0
12138,motivation-reliably,1,1,3.0
12139,mounjaro,1,1,3.0
12140,mrc1,1,1,3.0
12141,mri-pdff,1,1,3.0
12142,mri-proton,1,1,3.0
12143,msu,1,1,3.0
12144,mt,1,1,3.0
12145,mtd,1,1,3.0
12146,mtdna-cgas-sting-related,1,1,3.0
12147,mtiwnjmx,1,1,3.0
12148,mu,1,1,3.0
12149,mu-opioid,1,1,3.0
12150,mucin-associated,1,1,3.0
12151,mucodiffus,1,1,3.0
12152,mucosa,1,1,3.0
12153,multi,1,1,3.0
12154,multi-arm,1,1,3.0
12155,multi-biomarker,1,1,3.0
12156,multi-center,1,1,3.0
12157,multi-compartment,1,1,3.0
12158,multi-component,1,1,3.0
12159,multi-database,1,1,3.0
12160,multi-domain,1,1,3.0
12161,multi-institutional,1,1,3.0
12162,multi-item,1,1,3.0
12163,multi-layered,1,1,3.0
12164,multi-pronged,1,1,3.0
12165,multi-protein,1,1,3.0
12166,multi-setting,1,1,3.0
12167,multi-site,1,1,3.0
12168,multi-source,1,1,3.0
12169,multi-state,1,1,3.0
12170,multi-targeted,1,1,3.0
12171,multi-tiered,1,1,3.0
12172,multicellular,1,1,3.0
12173,multidirect,1,1,3.0
12174,multidrug,1,1,3.0
12175,multifactor,1,1,3.0
12176,multifrequ,1,1,3.0
12177,multihormon,1,1,3.0
12178,multiinstitut,1,1,3.0
12179,multiparametr,1,1,3.0
12180,multiple-ascending,1,1,3.0
12181,multiple-imputation,1,1,3.0
12182,multisocieti,1,1,3.0
12183,multistakehold,1,1,3.0
12184,multistep,1,1,3.0
12185,multitissu,1,1,3.0
12186,multivariable-adjusted,1,1,3.0
12187,murf1,1,1,3.0
12188,muri,1,1,3.0
12189,muribaculacea,1,1,3.0
12190,muscle-conscious,1,1,3.0
12191,muscle-derived,1,1,3.0
12192,muscle-preservation,1,1,3.0
12193,muscle-preserving,1,1,3.0
12194,muscle-targeted,1,1,3.0
12195,muscle-vulnerability,1,1,3.0
12196,muscular,1,1,3.0
12197,musculatur,1,1,3.0
12198,mutagenesi,1,1,3.0
12199,mutation-induced,1,1,3.0
12200,mute,1,1,3.0
12201,mw,1,1,3.0
12202,myalgic,1,1,3.0
12203,myelocyt,1,1,3.0
12204,myeloid-associated,1,1,3.0
12205,myoblast,1,1,3.0
12206,myocardium,1,1,3.0
12207,myograph,1,1,3.0
12208,myokin,1,1,3.0
12209,myokine-enteroendocrine-substrate,1,1,3.0
12210,myopathi,1,1,3.0
12211,myostatin,1,1,3.0
12212,myosteatosi,1,1,3.0
12213,myricetin,1,1,3.0
12214,n-acryloxysuccinimide,1,1,3.0
12215,n-dodecyl-β-d-maltoside-based,1,1,3.0
12216,n-isopropylacrylamide-co,1,1,3.0
12217,n-methyl-d-aspartate,1,1,3.0
12218,n-oxide,1,1,3.0
12219,n01hc55222,1,1,3.0
12220,n01hc85079,1,1,3.0
12221,n01hc85080,1,1,3.0
12222,n01hc85081,1,1,3.0
12223,n01hc85082,1,1,3.0
12224,n01hc85083,1,1,3.0
12225,n01hc85086,1,1,3.0
12226,n6-methyladenosine,1,1,3.0
12227,na-driven,1,1,3.0
12228,nac,1,1,3.0
12229,nail,1,1,3.0
12230,naldemedin,1,1,3.0
12231,naltrexone-bupropion,1,1,3.0
12232,nano-encapsulated,1,1,3.0
12233,nanoassembl,1,1,3.0
12234,nanoassembly-based,1,1,3.0
12235,nanocarri,1,1,3.0
12236,nanofiber-based,1,1,3.0
12237,nanomedicin,1,1,3.0
12238,nanomicel,1,1,3.0
12239,nanomicellar,1,1,3.0
12240,nanoparticle-based,1,1,3.0
12241,nanoparticle-enhanced,1,1,3.0
12242,nanostructur,1,1,3.0
12243,nanotechnology-based,1,1,3.0
12244,nanotoxicolog,1,1,3.0
12245,narcom,1,1,3.0
12246,narrat,1,1,3.0
12247,narrative-context,1,1,3.0
12248,narrow-spectrum,1,1,3.0
12249,nascent,1,1,3.0
12250,nature's,1,1,3.0
12251,nauseat,1,1,3.0
12252,navajo,1,1,3.0
12253,ncep,1,1,3.0
12254,ncfm,1,1,3.0
12255,nct03899402,1,1,3.0
12256,nct04019197,1,1,3.0
12257,nct04153929,1,1,3.0
12258,nct04591782,1,1,3.0
12259,nct04667377,1,1,3.0
12260,nct05013229,1,1,3.0
12261,nct05114018,1,1,3.0
12262,nct05152277,1,1,3.0
12263,nct05199948,1,1,3.0
12264,nct05259033,1,1,3.0
12265,nct05287906,1,1,3.0
12266,nct05352815,1,1,3.0
12267,nct05412004,1,1,3.0
12268,nct05646706,1,1,3.0
12269,nct05813912,1,1,3.0
12270,nct06010004,1,1,3.0
12271,nct06041217,1,1,3.0
12272,nct06066515,1,1,3.0
12273,nct06113146,1,1,3.0
12274,nct06124807,1,1,3.0
12275,nct06162715,1,1,3.0
12276,nct06269107,1,1,3.0
12277,nct06365385,1,1,3.0
12278,nct06410924,1,1,3.0
12279,nct06467604,1,1,3.0
12280,nct06559527,1,1,3.0
12281,nct06770621,1,1,3.0
12282,nct06789263,1,1,3.0
12283,nct06854952,1,1,3.0
12284,nct06973681,1,1,3.0
12285,nct07013409,1,1,3.0
12286,nct07014709,1,1,3.0
12287,nct07370922,1,1,3.0
12288,ndash,1,1,3.0
12289,ndev-associated,1,1,3.0
12290,ndkd,1,1,3.0
12291,near-term,1,1,3.0
12292,nearest,1,1,3.0
12293,necroptosi,1,1,3.0
12294,nedd4l,1,1,3.0
12295,nedd4l-dependent,1,1,3.0
12296,nedd4l-mediated,1,1,3.0
12297,needle-free,1,1,3.0
12298,nefa-induced,1,1,3.0
12299,negat,1,1,3.0
12300,neglect,1,1,3.0
12301,neighbor,1,1,3.0
12302,nemolizumab,1,1,3.0
12303,neoadjuv,1,1,3.0
12304,neoantigen-based,1,1,3.0
12305,nephrologist,1,1,3.0
12306,nephron,1,1,3.0
12307,nephrot,1,1,3.0
12308,nephrotox,1,1,3.0
12309,neprilysin,1,1,3.0
12310,network-level,1,1,3.0
12311,network-wide,1,1,3.0
12312,neun-positive,1,1,3.0
12313,neurali,1,1,3.0
12314,neuro-gastroenterological,1,1,3.0
12315,neuro-icu,1,1,3.0
12316,neuro-immune,1,1,3.0
12317,neuro-metabolic,1,1,3.0
12318,neuroanatom,1,1,3.0
12319,neuroblu,1,1,3.0
12320,neurochem,1,1,3.0
12321,neurod1-y297d,1,1,3.0
12322,neurodifferenti,1,1,3.0
12323,neuroendocrine-appetite-mental,1,1,3.0
12324,neuroendocrine-metabolic,1,1,3.0
12325,neurofibrillari,1,1,3.0
12326,neurogen,1,1,3.0
12327,neurogenin,1,1,3.0
12328,neuroglycopen,1,1,3.0
12329,neurohypophysi,1,1,3.0
12330,neuroimmun,1,1,3.0
12331,neuromodulatori,1,1,3.0
12332,neuromuscular,1,1,3.0
12333,neuron-centered,1,1,3.0
12334,neuron-centric,1,1,3.0
12335,neuron-derived,1,1,3.0
12336,neuronostatin,1,1,3.0
12337,neuroocular,1,1,3.0
12338,neuropatholog,1,1,3.0
12339,neuropathy-related,1,1,3.0
12340,neuropeptidey1,1,1,3.0
12341,neuropharmacolog,1,1,3.0
12342,neurosci,1,1,3.0
12343,neurotoxicity-associated,1,1,3.0
12344,neurotransmiss,1,1,3.0
12345,neurovascular-protective,1,1,3.0
12346,neutral-lipid,1,1,3.0
12347,neutralis,1,1,3.0
12348,neutrophil-net,1,1,3.0
12349,new-users,1,1,3.0
12350,nextida,1,1,3.0
12351,nexu,1,1,3.0
12352,nf-κb-mediated,1,1,3.0
12353,ng28,1,1,3.0
12354,nga2-cur,1,1,3.0
12355,ngf,1,1,3.0
12356,niacinamid,1,1,3.0
12357,nic,1,1,3.0
12358,nice,1,1,3.0
12359,nicotine-mediated,1,1,3.0
12360,nicotininc,1,1,3.0
12361,nightmar,1,1,3.0
12362,nighttim,1,1,3.0
12363,nigra,1,1,3.0
12364,nigrostriat,1,1,3.0
12365,ninety-day,1,1,3.0
12366,ninety-two,1,1,3.0
12367,nitros,1,1,3.0
12368,nkx6,1,1,3.0
12369,nlrc4,1,1,3.0
12370,nlrp1b,1,1,3.0
12371,nlrp3-il-1β,1,1,3.0
12372,nmda,1,1,3.0
12373,nmnat2,1,1,3.0
12374,nmpa,1,1,3.0
12375,nn1213,1,1,3.0
12376,no-centered,1,1,3.0
12377,no-intervention,1,1,3.0
12378,no-restoring,1,1,3.0
12379,nod-scid,1,1,3.0
12380,node-splitting,1,1,3.0
12381,nodes-the,1,1,3.0
12382,nodulari,1,1,3.0
12383,non,1,1,3.0
12384,non-12-oh,1,1,3.0
12385,non-adherence,1,1,3.0
12386,non-amyloid,1,1,3.0
12387,non-asians,1,1,3.0
12388,non-athletic,1,1,3.0
12389,non-autonomous,1,1,3.0
12390,non-aversive,1,1,3.0
12391,non-breakfast,1,1,3.0
12392,non-caloric,1,1,3.0
12393,non-ckd,1,1,3.0
12394,non-compartmental,1,1,3.0
12395,non-cp,1,1,3.0
12396,non-dimerizing,1,1,3.0
12397,non-disordered,1,1,3.0
12398,non-endocrine,1,1,3.0
12399,non-er,1,1,3.0
12400,non-escalation,1,1,3.0
12401,non-exclusive,1,1,3.0
12402,non-fatal,1,1,3.0
12403,non-fda-approved,1,1,3.0
12404,non-glycemic,1,1,3.0
12405,non-hdl,1,1,3.0
12406,non-hdl-c,1,1,3.0
12407,non-hispanic,1,1,3.0
12408,non-hodgkin,1,1,3.0
12409,non-hodgkin's,1,1,3.0
12410,non-hormonal,1,1,3.0
12411,non-human,1,1,3.0
12412,non-inferior,1,1,3.0
12413,non-ischemic,1,1,3.0
12414,non-lean,1,1,3.0
12415,non-melanoma,1,1,3.0
12416,non-metformin,1,1,3.0
12417,non-missing,1,1,3.0
12418,non-motor,1,1,3.0
12419,non-mutually,1,1,3.0
12420,non-natural,1,1,3.0
12421,non-neoplastic,1,1,3.0
12422,non-omics,1,1,3.0
12423,non-overlapping,1,1,3.0
12424,non-parametric,1,1,3.0
12425,non-pharmaceutical,1,1,3.0
12426,non-prescribed,1,1,3.0
12427,non-psychiatric,1,1,3.0
12428,non-pws,1,1,3.0
12429,non-randomised,1,1,3.0
12430,non-response-commonly,1,1,3.0
12431,non-significantly,1,1,3.0
12432,non-smi,1,1,3.0
12433,non-specialist,1,1,3.0
12434,non-starch,1,1,3.0
12435,non-stigmatizing,1,1,3.0
12436,non-stroke,1,1,3.0
12437,non-surgical,1,1,3.0
12438,non-sympathomimetic,1,1,3.0
12439,non-t2,1,1,3.0
12440,non-targeted,1,1,3.0
12441,non-testers,1,1,3.0
12442,non-tirzepatide,1,1,3.0
12443,non-treatment,1,1,3.0
12444,non-user,1,1,3.0
12445,non-validated,1,1,3.0
12446,non-vision-threatening,1,1,3.0
12447,non-weight-bearing,1,1,3.0
12448,non-white,1,1,3.0
12449,nonalcohol,1,1,3.0
12450,noncaus,1,1,3.0
12451,noncirrhot,1,1,3.0
12452,nonclass,1,1,3.0
12453,nonclin,1,1,3.0
12454,noncompar,1,1,3.0
12455,nondestruct,1,1,3.0
12456,nondialysi,1,1,3.0
12457,nonearli,1,1,3.0
12458,nonelig,1,1,3.0
12459,nonemerg,1,1,3.0
12460,nonenforc,1,1,3.0
12461,nonesterifi,1,1,3.0
12462,nonglp-1ra,1,1,3.0
12463,noninfecti,1,1,3.0
12464,noninform,1,1,3.0
12465,nonmalefic,1,1,3.0
12466,nonmetabol,1,1,3.0
12467,nonmutu,1,1,3.0
12468,nonnutrit,1,1,3.0
12469,nonopioid,1,1,3.0
12470,nonparametr,1,1,3.0
12471,nonpeptid,1,1,3.0
12472,nonpharmacolog,1,1,3.0
12473,nonpsychiatr,1,1,3.0
12474,nonren,1,1,3.0
12475,nonspecif,1,1,3.0
12476,nonstandard,1,1,3.0
12477,nonsurg,1,1,3.0
12478,nordicc3m,1,1,3.0
12479,normal-weight,1,1,3.0
12480,normo,1,1,3.0
12481,normoglycem,1,1,3.0
12482,normoglycemia,1,1,3.0
12483,normotens,1,1,3.0
12484,northern,1,1,3.0
12485,norwai,1,1,3.0
12486,not-for-profit,1,1,3.0
12487,notherapeut,1,1,3.0
12488,notorieti,1,1,3.0
12489,nov,1,1,3.0
12490,npo,1,1,3.0
12491,npy-2,1,1,3.0
12492,npy-2r,1,1,3.0
12493,nrem,1,1,3.0
12494,nrf2-independent,1,1,3.0
12495,nrf2-nf-κb,1,1,3.0
12496,nst-gpr107,1,1,3.0
12497,nt5e,1,1,3.0
12498,ntcp,1,1,3.0
12499,nucleotid,1,1,3.0
12500,nucleotide-binding,1,1,3.0
12501,nullifi,1,1,3.0
12502,nurse-led,1,1,3.0
12503,nush,1,1,3.0
12504,nutri-specific,1,1,3.0
12505,nutrient-dense,1,1,3.0
12506,nutrient-driven,1,1,3.0
12507,nutrient-rich,1,1,3.0
12508,nutrient-stimulated,1,1,3.0
12509,nutrient-stimulating,1,1,3.0
12510,nutrition,1,1,3.0
12511,nutrition-focused,1,1,3.0
12512,nutrition-specific,1,1,3.0
12513,nw,1,1,3.0
12514,nω-nitro-l-arginine,1,1,3.0
12515,o,1,1,3.0
12516,o'malley,1,1,3.0
12517,o-6,1,1,3.0
12518,o2k-respirometer,1,1,3.0
12519,oa-obesity,1,1,3.0
12520,oa-related,1,1,3.0
12521,oat,1,1,3.0
12522,oatp,1,1,3.0
12523,oaxaca-blinder,1,1,3.0
12524,obedigithum,1,1,3.0
12525,obesity-based,1,1,3.0
12526,obesity-driven,1,1,3.0
12527,obesity-fuels,1,1,3.0
12528,obesity-treatment,1,1,3.0
12529,obesity1,1,1,3.0
12530,objection,1,1,3.0
12531,objectivesglucagon-like,1,1,3.0
12532,objectivesto,1,1,3.0
12533,objectiveto,1,1,3.0
12534,observations-pre-treatment,1,1,3.0
12535,obstacl,1,1,3.0
12536,obstetrician,1,1,3.0
12537,obviou,1,1,3.0
12538,occas,1,1,3.0
12539,occasion,1,1,3.0
12540,occupi,1,1,3.0
12541,oceania,1,1,3.0
12542,ocn-gpr158-mediated,1,1,3.0
12543,oct1,1,1,3.0
12544,oct2,1,1,3.0
12545,october-november,1,1,3.0
12546,oculomotor,1,1,3.0
12547,oecd,1,1,3.0
12548,of-neuropsychiatric,1,1,3.0
12549,ofcollagen-induced,1,1,3.0
12550,off-target,1,1,3.0
12551,offic,1,1,3.0
12552,offload,1,1,3.0
12553,ogtt-derived,1,1,3.0
12554,ohio,1,1,3.0
12555,ojag080,1,1,3.0
12556,olanzapine-treated,1,1,3.0
12557,oldest,1,1,3.0
12558,oligo,1,1,3.0
12559,om-experienced,1,1,3.0
12560,oma,1,1,3.0
12561,omiss,1,1,3.0
12562,omit,1,1,3.0
12563,omnibu,1,1,3.0
12564,omop,1,1,3.0
12565,one-anastomosis,1,1,3.0
12566,one-day-old,1,1,3.0
12567,one-half,1,1,3.0
12568,one-page,1,1,3.0
12569,one-sided,1,1,3.0
12570,one-size-fits-all,1,1,3.0
12571,one-week,1,1,3.0
12572,oneflorida,1,1,3.0
12573,ongoing-trial,1,1,3.0
12574,onion,1,1,3.0
12575,online-purchased,1,1,3.0
12576,onlinemeta,1,1,3.0
12577,ontario,1,1,3.0
12578,onto,1,1,3.0
12579,open-access,1,1,3.0
12580,open-heart,1,1,3.0
12581,openalex,1,1,3.0
12582,operationalis,1,1,3.0
12583,ophiopogon,1,1,3.0
12584,opiat,1,1,3.0
12585,opioid-negative,1,1,3.0
12586,opioid-related,1,1,3.0
12587,opioid-seeking,1,1,3.0
12588,opposit,1,1,3.0
12589,optum's,1,1,3.0
12590,optumlab,1,1,3.0
12591,orbit,1,1,3.0
12592,order-level,1,1,3.0
12593,orexin,1,1,3.0
12594,orforglipron's,1,1,3.0
12595,orforglipron-like,1,1,3.0
12596,orforglipron-treated,1,1,3.0
12597,organ-by-organ,1,1,3.0
12598,organ-level,1,1,3.0
12599,organ-like,1,1,3.0
12600,organellar,1,1,3.0
12601,organis,1,1,3.0
12602,orgasm,1,1,3.0
12603,orient,1,1,3.0
12604,oro-sensory,1,1,3.0
12605,oroboro,1,1,3.0
12606,oromucos,1,1,3.0
12607,oropharyng,1,1,3.0
12608,orthokeratolog,1,1,3.0
12609,orthoped,1,1,3.0
12610,osa-driven,1,1,3.0
12611,oscillations-and,1,1,3.0
12612,osmol,1,1,3.0
12613,osteoblast,1,1,3.0
12614,osteoblast-like,1,1,3.0
12615,osteocyte-derived,1,1,3.0
12616,osteopenia,1,1,3.0
12617,osteopontin,1,1,3.0
12618,otalgia,1,1,3.0
12619,otolaryngolog,1,1,3.0
12620,otolog,1,1,3.0
12621,otoscop,1,1,3.0
12622,otu,1,1,3.0
12623,oud-related,1,1,3.0
12624,outcome-level,1,1,3.0
12625,outcome-stratified,1,1,3.0
12626,outcomes-including,1,1,3.0
12627,outer,1,1,3.0
12628,outli,1,1,3.0
12629,outstand,1,1,3.0
12630,ovarian-centric,1,1,3.0
12631,ovariectom,1,1,3.0
12632,ovatu,1,1,3.0
12633,over-time,1,1,3.0
12634,overarch,1,1,3.0
12635,overconsumpt,1,1,3.0
12636,overestim,1,1,3.0
12637,overlap-informed,1,1,3.0
12638,overnutrition-induced,1,1,3.0
12639,overst,1,1,3.0
12640,ovulatori,1,1,3.0
12641,ownership,1,1,3.0
12642,oxal,1,1,3.0
12643,oxazole-containing,1,1,3.0
12644,oxford-royal,1,1,3.0
12645,oxphos-regulating,1,1,3.0
12646,oxyb,1,1,3.0
12647,oxygen-stress,1,1,3.0
12648,ozon,1,1,3.0
12649,ozymp,1,1,3.0
12650,p-akt308,1,1,3.0
12651,p-akt473,1,1,3.0
12652,p-gsk-3β,1,1,3.0
12653,p-mtor,1,1,3.0
12654,p-pi3k,1,1,3.0
12655,p-s6,1,1,3.0
12656,p-scores,1,1,3.0
12657,p-trend,1,1,3.0
12658,p-values,1,1,3.0
12659,p62,1,1,3.0
12660,pah,1,1,3.0
12661,pai,1,1,3.0
12662,paid,1,1,3.0
12663,painless,1,1,3.0
12664,pair-fed,1,1,3.0
12665,paired-end,1,1,3.0
12666,palliat,1,1,3.0
12667,palm,1,1,3.0
12668,palmitate-based,1,1,3.0
12669,pan-tissue,1,1,3.0
12670,pancreas-liver,1,1,3.0
12671,pancreatitis-directed,1,1,3.0
12672,pancreatitis-related,1,1,3.0
12673,pancrelipas,1,1,3.0
12674,pancytopenia,1,1,3.0
12675,pandem,1,1,3.0
12676,panellist,1,1,3.0
12677,papilla,1,1,3.0
12678,parabrachi,1,1,3.0
12679,paracardiac,1,1,3.0
12680,paracasei,1,1,3.0
12681,paracetamol,1,1,3.0
12682,paragasseri,1,1,3.0
12683,parallel-arm,1,1,3.0
12684,paramount,1,1,3.0
12685,parapharyng,1,1,3.0
12686,parasympathet,1,1,3.0
12687,parathyroid,1,1,3.0
12688,parent-reported,1,1,3.0
12689,parenter,1,1,3.0
12690,pariti,1,1,3.0
12691,park7,1,1,3.0
12692,parkinsonian,1,1,3.0
12693,paroxetin,1,1,3.0
12694,parp,1,1,3.0
12695,parti,1,1,3.0
12696,participant's,1,1,3.0
12697,particle-induced,1,1,3.0
12698,partit,1,1,3.0
12699,patch,1,1,3.0
12700,patch-clamp,1,1,3.0
12701,patchi,1,1,3.0
12702,patellar,1,1,3.0
12703,patenc,1,1,3.0
12704,paternal-exposure,1,1,3.0
12705,pathobiolog,1,1,3.0
12706,pathogen-associated,1,1,3.0
12707,pathogen-specific,1,1,3.0
12708,pathway-associated,1,1,3.0
12709,pathway-inhibition,1,1,3.0
12710,pathways-including,1,1,3.0
12711,pathways-to,1,1,3.0
12712,patid,1,1,3.0
12713,patient-administered,1,1,3.0
12714,patient-centred,1,1,3.0
12715,patient-centric,1,1,3.0
12716,patient-derived,1,1,3.0
12717,patient-friendly,1,1,3.0
12718,patient-informed,1,1,3.0
12719,patient-related,1,1,3.0
12720,patient-years,1,1,3.0
12721,paus,1,1,3.0
12722,pbsa,1,1,3.0
12723,pbsa-based,1,1,3.0
12724,pcgrimag,1,1,3.0
12725,pci-related,1,1,3.0
12726,pcsk9-mediated,1,1,3.0
12727,pd-related,1,1,3.0
12728,pdff,1,1,3.0
12729,pdx1,1,1,3.0
12730,pearldiv,1,1,3.0
12731,pediatric-versus-adult,1,1,3.0
12732,pef,1,1,3.0
12733,pegol,1,1,3.0
12734,pem,1,1,3.0
12735,pemafibr,1,1,3.0
12736,pemphigoid,1,1,3.0
12737,pemphigu,1,1,3.0
12738,pentos,1,1,3.0
12739,pentoxifyllin,1,1,3.0
12740,people's,1,1,3.0
12741,pepsin,1,1,3.0
12742,peptide-1-based,1,1,3.0
12743,peptide-1-immunoreactive,1,1,3.0
12744,per-patient,1,1,3.0
12745,per-person-per-month,1,1,3.0
12746,per-protocol,1,1,3.0
12747,per-tablet,1,1,3.0
12748,perceptu,1,1,3.0
12749,peri-endoscopic,1,1,3.0
12750,peri-implant,1,1,3.0
12751,pericentr,1,1,3.0
12752,periconceptu,1,1,3.0
12753,pericyt,1,1,3.0
12754,perinat,1,1,3.0
12755,perinephr,1,1,3.0
12756,periodontitis-associated,1,1,3.0
12757,periods-are,1,1,3.0
12758,peripapillari,1,1,3.0
12759,peripartum,1,1,3.0
12760,periren,1,1,3.0
12761,peristalt,1,1,3.0
12762,peritub,1,1,3.0
12763,perivascular,1,1,3.0
12764,perman,1,1,3.0
12765,permit,1,1,3.0
12766,peroxide-induced,1,1,3.0
12767,persistent-use,1,1,3.0
12768,persistent-user,1,1,3.0
12769,personnel,1,1,3.0
12770,pertin,1,1,3.0
12771,peru,1,1,3.0
12772,peto,1,1,3.0
12773,pfc,1,1,3.0
12774,pfizer,1,1,3.0
12775,pgf,1,1,3.0
12776,ph-gradients,1,1,3.0
12777,pharma-driven,1,1,3.0
12778,pharmaca,1,1,3.0
12779,pharmacist-integrated,1,1,3.0
12780,pharmacoengin,1,1,3.0
12781,pharmacogenet,1,1,3.0
12782,pharmacologicallysubstanti,1,1,3.0
12783,pharmacomicrobiom,1,1,3.0
12784,pharmacotherapies-including,1,1,3.0
12785,pharmacotherapy-and,1,1,3.0
12786,pharmacotherapy-related,1,1,3.0
12787,pharmatech,1,1,3.0
12788,pharmetr,1,1,3.0
12789,phase-specific,1,1,3.0
12790,phenoag,1,1,3.0
12791,phenotype-by-time,1,1,3.0
12792,phenotype-informed,1,1,3.0
12793,phenotype-proteome,1,1,3.0
12794,phenotypes-to,1,1,3.0
12795,phentermine-topiramate,1,1,3.0
12796,phenyl,1,1,3.0
12797,phenylketonuria,1,1,3.0
12798,philosoph,1,1,3.0
12799,phluorin,1,1,3.0
12800,phosphate-buffered,1,1,3.0
12801,phosphate-citrate,1,1,3.0
12802,phospho-eif2α,1,1,3.0
12803,phospholamban,1,1,3.0
12804,phosphoproteom,1,1,3.0
12805,phosphoru,1,1,3.0
12806,phosphorylation-dependent,1,1,3.0
12807,phosphorylation-effects,1,1,3.0
12808,photo-coded,1,1,3.0
12809,phototyp,1,1,3.0
12810,php,1,1,3.0
12811,phycocyanin,1,1,3.0
12812,phylum,1,1,3.0
12813,phylum-level,1,1,3.0
12814,physician's,1,1,3.0
12815,physician-led,1,1,3.0
12816,physician-reported,1,1,3.0
12817,physiology-based,1,1,3.0
12818,phytosom,1,1,3.0
12819,picot,1,1,3.0
12820,picrosiriu,1,1,3.0
12821,pictur,1,1,3.0
12822,pid,1,1,3.0
12823,pid1,1,1,3.0
12824,pid1-3,1,1,3.0
12825,pimonidazol,1,1,3.0
12826,pink1,1,1,3.0
12827,piracetam,1,1,3.0
12828,pitfal,1,1,3.0
12829,pitnet,1,1,3.0
12830,pitolis,1,1,3.0
12831,pkcβ,1,1,3.0
12832,pkd1,1,1,3.0
12833,placebo-adjusted,1,1,3.0
12834,placebo-corrected,1,1,3.0
12835,placebo-group,1,1,3.0
12836,placent,1,1,3.0
12837,plan-level,1,1,3.0
12838,plans-data,1,1,3.0
12839,plaque-stabilizing,1,1,3.0
12840,plate,1,1,3.0
12841,plc-gq-ca2,1,1,3.0
12842,pleas,1,1,3.0
12843,plicat,1,1,3.0
12844,plump,1,1,3.0
12845,pluripot,1,1,3.0
12846,pmaindet2,1,1,3.0
12847,pneumon,1,1,3.0
12848,pnpho,1,1,3.0
12849,pnpla3,1,1,3.0
12850,podocyte-intrinsic,1,1,3.0
12851,podocyte-specific,1,1,3.0
12852,podtrac,1,1,3.0
12853,poential,1,1,3.0
12854,point-of-care,1,1,3.0
12855,point-of-service,1,1,3.0
12856,poison,1,1,3.0
12857,poisson-boltzmann,1,1,3.0
12858,poland,1,1,3.0
12859,policymak,1,1,3.0
12860,polish,1,1,3.0
12861,polish-speaking,1,1,3.0
12862,polyagonist,1,1,3.0
12863,polyamine-based,1,1,3.0
12864,polyarthropathi,1,1,3.0
12865,polydipsia,1,1,3.0
12866,polyethylen,1,1,3.0
12867,polygonatum,1,1,3.0
12868,polyhormon,1,1,3.0
12869,polylactid,1,1,3.0
12870,polym,1,1,3.0
12871,polymethyl,1,1,3.0
12872,polypeptide-based,1,1,3.0
12873,polypeptide-gip,1,1,3.0
12874,polypeptide-y4,1,1,3.0
12875,polyphagia,1,1,3.0
12876,polysynapt,1,1,3.0
12877,pomegran,1,1,3.0
12878,poor-quality,1,1,3.0
12879,pop,1,1,3.0
12880,popc,1,1,3.0
12881,populac,1,1,3.0
12882,populationlevel,1,1,3.0
12883,poros,1,1,3.0
12884,porphyria,1,1,3.0
12885,porphyromona,1,1,3.0
12886,portal-insulin-determined,1,1,3.0
12887,posibil6eskd,1,1,3.0
12888,positive-feedback,1,1,3.0
12889,post-2014,1,1,3.0
12890,post-2021,1,1,3.0
12891,post-2022,1,1,3.0
12892,post-atr,1,1,3.0
12893,post-biotics,1,1,3.0
12894,post-deployment,1,1,3.0
12895,post-detection,1,1,3.0
12896,post-ebmt,1,1,3.0
12897,post-endoscopy,1,1,3.0
12898,post-incretin,1,1,3.0
12899,post-index,1,1,3.0
12900,post-injury,1,1,3.0
12901,post-insult,1,1,3.0
12902,post-meal,1,1,3.0
12903,post-menopausal,1,1,3.0
12904,post-menopause,1,1,3.0
12905,post-metabolic,1,1,3.0
12906,post-mortem,1,1,3.0
12907,post-partum,1,1,3.0
12908,post-pci,1,1,3.0
12909,post-randomization,1,1,3.0
12910,post-series,1,1,3.0
12911,post-stroke,1,1,3.0
12912,post-surgical,1,1,3.0
12913,post-test,1,1,3.0
12914,post-transcriptional,1,1,3.0
12915,post-traumatic,1,1,3.0
12916,post-washout,1,1,3.0
12917,post-withdrawal,1,1,3.0
12918,postacut,1,1,3.0
12919,postbiotic-mediated,1,1,3.0
12920,postexert,1,1,3.0
12921,postmortem,1,1,3.0
12922,postrema,1,1,3.0
12923,posttransplant,1,1,3.0
12924,potentialmolecular,1,1,3.0
12925,poultri,1,1,3.0
12926,powerfulli,1,1,3.0
12927,pp-y4r,1,1,3.0
12928,ppar-α-dependent,1,1,3.0
12929,ppar-γ,1,1,3.0
12930,ppard,1,1,3.0
12931,pparα-autophagy,1,1,3.0
12932,ppm,1,1,3.0
12933,pppm,1,1,3.0
12934,practition,1,1,3.0
12935,pragmatic-priority,1,1,3.0
12936,pramlintid,1,1,3.0
12937,prazosin,1,1,3.0
12938,pre-adipocytes,1,1,3.0
12939,pre-analytical,1,1,3.0
12940,pre-and,1,1,3.0
12941,pre-appointment,1,1,3.0
12942,pre-capillary,1,1,3.0
12943,pre-ckd,1,1,3.0
12944,pre-defined,1,1,3.0
12945,pre-diabetes,1,1,3.0
12946,pre-dna,1,1,3.0
12947,pre-feeding,1,1,3.0
12948,pre-index,1,1,3.0
12949,pre-kidney,1,1,3.0
12950,pre-mbs,1,1,3.0
12951,pre-onset,1,1,3.0
12952,pre-procedural,1,1,3.0
12953,pre-trained,1,1,3.0
12954,preabsorpt,1,1,3.0
12955,preadolesc,1,1,3.0
12956,preb,1,1,3.0
12957,preb-dependent,1,1,3.0
12958,precision-based,1,1,3.0
12959,precision-guided,1,1,3.0
12960,precision-medicine,1,1,3.0
12961,preclinical-to-clinical,1,1,3.0
12962,precoci,1,1,3.0
12963,prediabetes-with,1,1,3.0
12964,prefront,1,1,3.0
12965,pregnenolon,1,1,3.0
12966,prejudic,1,1,3.0
12967,premier,1,1,3.0
12968,preproglucagon,1,1,3.0
12969,preregistr,1,1,3.0
12970,prescription-months,1,1,3.0
12971,prescription-record,1,1,3.0
12972,prescription-recorded,1,1,3.0
12973,pressure-overload,1,1,3.0
12974,presystem,1,1,3.0
12975,prevent's,1,1,3.0
12976,preventt2,1,1,3.0
12977,price-reduction,1,1,3.0
12978,primit,1,1,3.0
12979,priori,1,1,3.0
12980,prisma-guided,1,1,3.0
12981,prisma-scr,1,1,3.0
12982,prisma-scr-based,1,1,3.0
12983,prison,1,1,3.0
12984,privileg,1,1,3.0
12985,pro-b-type,1,1,3.0
12986,pro-opiomelanocortin,1,1,3.0
12987,pro-seizure,1,1,3.0
12988,pro-thrombotic,1,1,3.0
12989,proband,1,1,3.0
12990,probiotic-modulated,1,1,3.0
12991,problemat,1,1,3.0
12992,probucol,1,1,3.0
12993,proceed,1,1,3.0
12994,processing-speed,1,1,3.0
12995,procur,1,1,3.0
12996,procyanidin,1,1,3.0
12997,prodrug,1,1,3.0
12998,product-level,1,1,3.0
12999,product-quality,1,1,3.0
13000,produxion,1,1,3.0
13001,profess,1,1,3.0
13002,profile-particularly,1,1,3.0
13003,progenitor-associated,1,1,3.0
13004,progesteron,1,1,3.0
13005,progestogen-only,1,1,3.0
13006,programmat,1,1,3.0
13007,progranulin,1,1,3.0
13008,progression-free,1,1,3.0
13009,proinflammatori,1,1,3.0
13010,proinsulin-to-c-peptide,1,1,3.0
13011,prolactin,1,1,3.0
13012,prolonged-feeding,1,1,3.0
13013,promi,1,1,3.0
13014,promotemitophag,1,1,3.0
13015,promptli,1,1,3.0
13016,promyelocyt,1,1,3.0
13017,propel,1,1,3.0
13018,proposit,1,1,3.0
13019,proprotein,1,1,3.0
13020,proquest,1,1,3.0
13021,prospero-registered,1,1,3.0
13022,protein's,1,1,3.0
13023,protein-1,1,1,3.0
13024,protein-folding,1,1,3.0
13025,protein-ligand,1,1,3.0
13026,protein-mediated,1,1,3.0
13027,proteinopathi,1,1,3.0
13028,proteostat,1,1,3.0
13029,proteotox,1,1,3.0
13030,protocol-directed,1,1,3.0
13031,protocol-driven,1,1,3.0
13032,protocol-prohibited,1,1,3.0
13033,proton,1,1,3.0
13034,provider-facing,1,1,3.0
13035,provider-reported,1,1,3.0
13036,provinc,1,1,3.0
13037,provoc,1,1,3.0
13038,prp,1,1,3.0
13039,prune,1,1,3.0
13040,pruning-plasticity-metabolic,1,1,3.0
13041,prurigo,1,1,3.0
13042,prurit,1,1,3.0
13043,ps-stable,1,1,3.0
13044,ps-stratification,1,1,3.0
13045,pseudo-germ-free,1,1,3.0
13046,pseudonymis,1,1,3.0
13047,pseudopapilloedema-related,1,1,3.0
13048,psg,1,1,3.0
13049,psychinfo,1,1,3.0
13050,psychodietet,1,1,3.0
13051,psychomotor,1,1,3.0
13052,psychopharmacolog,1,1,3.0
13053,psychosi,1,1,3.0
13054,psychotherapi,1,1,3.0
13055,psycinfo,1,1,3.0
13056,pt-class,1,1,3.0
13057,pth,1,1,3.0
13058,public's,1,1,3.0
13059,public-facing,1,1,3.0
13060,puget,1,1,3.0
13061,pul-ma,1,1,3.0
13062,pull-down,1,1,3.0
13063,pullulan-methacrylate,1,1,3.0
13064,pulsatil,1,1,3.0
13065,punctur,1,1,3.0
13066,pupil,1,1,3.0
13067,purif,1,1,3.0
13068,purin,1,1,3.0
13069,purkinj,1,1,3.0
13070,purport,1,1,3.0
13071,push,1,1,3.0
13072,pws-associated,1,1,3.0
13073,pws-related,1,1,3.0
13074,pwt2d,1,1,3.0
13075,pycard,1,1,3.0
13076,pyd,1,1,3.0
13077,pyridoxamin,1,1,3.0
13078,pyrimidin,1,1,3.0
13079,pyroptosis-related,1,1,3.0
13080,q1-q4,1,1,3.0
13081,q10,1,1,3.0
13082,q2,1,1,3.0
13083,q3-2025,1,1,3.0
13084,q48-72h,1,1,3.0
13085,q48h,1,1,3.0
13086,qf,1,1,3.0
13087,qpcr,1,1,3.0
13088,qrt-pcr,1,1,3.0
13089,qst,1,1,3.0
13090,qt,1,1,3.0
13091,quadricep,1,1,3.0
13092,quality-control,1,1,3.0
13093,quantum,1,1,3.0
13094,quasi-irreversible,1,1,3.0
13095,questionnaire-9,1,1,3.0
13096,questionnaire-clinical,1,1,3.0
13097,r-dna,1,1,3.0
13098,r000055239,1,1,3.0
13099,r000055242,1,1,3.0
13100,r01ag023629,1,1,3.0
13101,r01hl144483,1,1,3.0
13102,r01hl146145,1,1,3.0
13103,r01hl172803,1,1,3.0
13104,r12,1,1,3.0
13105,r5,1,1,3.0
13106,radioact,1,1,3.0
13107,radiotrac,1,1,3.0
13108,raman,1,1,3.0
13109,ran,1,1,3.0
13110,random-parameters,1,1,3.0
13111,randomized-trial,1,1,3.0
13112,ranitidin,1,1,3.0
13113,rankl-dependent,1,1,3.0
13114,rankl-driven,1,1,3.0
13115,rare-event,1,1,3.0
13116,rarer,1,1,3.0
13117,ras-exemplified,1,1,3.0
13118,rash,1,1,3.0
13119,rate-limiting,1,1,3.0
13120,ratio-to-baseline,1,1,3.0
13121,raw264,1,1,3.0
13122,rbd,1,1,3.0
13123,rcc,1,1,3.0
13124,rct-level,1,1,3.0
13125,re-development,1,1,3.0
13126,re-emerged,1,1,3.0
13127,re-emergence,1,1,3.0
13128,re-energised,1,1,3.0
13129,re-engage,1,1,3.0
13130,re-evaluated,1,1,3.0
13131,re-evaluation,1,1,3.0
13132,re-examine,1,1,3.0
13133,re-initiation,1,1,3.0
13134,re-injury,1,1,3.0
13135,re-sensitization,1,1,3.0
13136,re-titration,1,1,3.0
13137,reader,1,1,3.0
13138,real,1,1,3.0
13139,real-life,1,1,3.0
13140,realis,1,1,3.0
13141,realiz,1,1,3.0
13142,reanalyz,1,1,3.0
13143,rearrang,1,1,3.0
13144,reassign,1,1,3.0
13145,recalcul,1,1,3.0
13146,receptor-agonist,1,1,3.0
13147,receptor-beta,1,1,3.0
13148,receptor-centric,1,1,3.0
13149,receptor-dependent,1,1,3.0
13150,receptor-expressing,1,1,3.0
13151,receptor-expression,1,1,3.0
13152,receptor-glp-1,1,1,3.0
13153,receptor-neprilysin,1,1,3.0
13154,receptor-positive,1,1,3.0
13155,receptor-potentiated,1,1,3.0
13156,receptor-primed,1,1,3.0
13157,receptor-related,1,1,3.0
13158,receptor-specific,1,1,3.0
13159,receptor-β-arrestin,1,1,3.0
13160,receptor-γ,1,1,3.0
13161,receptors-1,1,1,3.0
13162,reciproc,1,1,3.0
13163,reclaim,1,1,3.0
13164,reclassifi,1,1,3.0
13165,recolon,1,1,3.0
13166,recombinant-origin,1,1,3.0
13167,reconcili,1,1,3.0
13168,rectal,1,1,3.0
13169,recurrence-free,1,1,3.0
13170,recycl,1,1,3.0
13171,reddit,1,1,3.0
13172,reduced-ef,1,1,3.0
13173,reduced-frequency,1,1,3.0
13174,reduced-intensity,1,1,3.0
13175,reductionist,1,1,3.0
13176,refract,1,1,3.0
13177,refresh,1,1,3.0
13178,region-dependent,1,1,3.0
13179,region-selective,1,1,3.0
13180,register-based,1,1,3.0
13181,registry-india,1,1,3.0
13182,regularli,1,1,3.0
13183,regulator-specific,1,1,3.0
13184,rehears,1,1,3.0
13185,reintervent,1,1,3.0
13186,reintroduc,1,1,3.0
13187,rejuven,1,1,3.0
13188,relai,1,1,3.0
13189,relapse-like,1,1,3.0
13190,relative-effect,1,1,3.0
13191,rem,1,1,3.0
13192,remaind,1,1,3.0
13193,remedi,1,1,3.0
13194,remimazolam,1,1,3.0
13195,remnant,1,1,3.0
13196,remote-care,1,1,3.0
13197,renal-cell,1,1,3.0
13198,renal-impairment,1,1,3.0
13199,renal-transplant,1,1,3.0
13200,rencofilstat,1,1,3.0
13201,renji,1,1,3.0
13202,reno-protective,1,1,3.0
13203,reorgan,1,1,3.0
13204,reorient,1,1,3.0
13205,repaglinid,1,1,3.0
13206,repair-hypoxic,1,1,3.0
13207,repeat-binding,1,1,3.0
13208,repeat-tested,1,1,3.0
13209,repeated-dose,1,1,3.0
13210,repeated-measures,1,1,3.0
13211,repeatedli,1,1,3.0
13212,reportedli,1,1,3.0
13213,repress,1,1,3.0
13214,repressor,1,1,3.0
13215,reproductive-endocrine,1,1,3.0
13216,repurposing-remains,1,1,3.0
13217,resampl,1,1,3.0
13218,rescal,1,1,3.0
13219,resect,1,1,3.0
13220,resent,1,1,3.0
13221,reservoir,1,1,3.0
13222,reset,1,1,3.0
13223,resistance-based,1,1,3.0
13224,resistin,1,1,3.0
13225,resistin-tlr4,1,1,3.0
13226,resmetiron,1,1,3.0
13227,resonance-based,1,1,3.0
13228,response-prediction,1,1,3.0
13229,responses-a,1,1,3.0
13230,restabilis,1,1,3.0
13231,resting-state,1,1,3.0
13232,restoration-also,1,1,3.0
13233,restructur,1,1,3.0
13234,results608,1,1,3.0
13235,resultsa,1,1,3.0
13236,resultsamong,1,1,3.0
13237,resultsdemonstr,1,1,3.0
13238,resultsglp-1,1,1,3.0
13239,resultshigh,1,1,3.0
13240,resultsth,1,1,3.0
13241,resumpt,1,1,3.0
13242,resurg,1,1,3.0
13243,retatrutide-treated,1,1,3.0
13244,reticulum-mitochondria,1,1,3.0
13245,retina,1,1,3.0
13246,retinoid,1,1,3.0
13247,retinopathy-related,1,1,3.0
13248,reuptak,1,1,3.0
13249,reus,1,1,3.0
13250,reuteri,1,1,3.0
13251,revision,1,1,3.0
13252,revision-were,1,1,3.0
13253,revisit,1,1,3.0
13254,revman,1,1,3.0
13255,reward-deficiency,1,1,3.0
13256,reward-driven,1,1,3.0
13257,reward-processing,1,1,3.0
13258,rewind,1,1,3.0
13259,rewir,1,1,3.0
13260,rewrit,1,1,3.0
13261,rezdiffra,1,1,3.0
13262,rf,1,1,3.0
13263,rgcvia,1,1,3.0
13264,rheumat,1,1,3.0
13265,rheumatoid,1,1,3.0
13266,rheumatoidarthr,1,1,3.0
13267,ribonucl,1,1,3.0
13268,ribonucleotid,1,1,3.0
13269,ribosid,1,1,3.0
13270,rifamycin,1,1,3.0
13271,rife,1,1,3.0
13272,rip,1,1,3.0
13273,ripe,1,1,3.0
13274,ripk3,1,1,3.0
13275,risk-based,1,1,3.0
13276,risk-enhancing,1,1,3.0
13277,risk-mitigation,1,1,3.0
13278,risk-modifying,1,1,3.0
13279,risk-reduction,1,1,3.0
13280,riski,1,1,3.0
13281,riyadh,1,1,3.0
13282,riz,1,1,3.0
13283,rizatriptan,1,1,3.0
13284,rna-based,1,1,3.0
13285,rna-mediated,1,1,3.0
13286,rob-2,1,1,3.0
13287,rob2,1,1,3.0
13288,robin,1,1,3.0
13289,rockwood,1,1,3.0
13290,rodentium,1,1,3.0
13291,rolipram,1,1,3.0
13292,romboutsia,1,1,3.0
13293,root-mean-square,1,1,3.0
13294,ror-ranked,1,1,3.0
13295,roseburia-to-desulfovibrio,1,1,3.0
13296,roughli,1,1,3.0
13297,routine-care,1,1,3.0
13298,royal,1,1,3.0
13299,rps6,1,1,3.0
13300,rs13429709,1,1,3.0
13301,rs156003,1,1,3.0
13302,rs17574,1,1,3.0
13303,rs2235868,1,1,3.0
13304,rsn,1,1,3.0
13305,rst25n,1,1,3.0
13306,ruboxistaurin,1,1,3.0
13307,ruminococcacea,1,1,3.0
13308,runtim,1,1,3.0
13309,ruptur,1,1,3.0
13310,rvx-208,1,1,3.0
13311,rwe's,1,1,3.0
13312,ryanodin,1,1,3.0
13313,ryr2,1,1,3.0
13314,r²,1,1,3.0
13315,s1p,1,1,3.0
13316,s1p1,1,1,3.0
13317,s40200-026-02000-8,1,1,3.0
13318,s40200-026-02089-x,1,1,3.0
13319,sa,1,1,3.0
13320,saccharolyt,1,1,3.0
13321,saccharomyc,1,1,3.0
13322,sacubitril,1,1,3.0
13323,sad,1,1,3.0
13324,safeguard,1,1,3.0
13325,safety-constrained,1,1,3.0
13326,safety-focused,1,1,3.0
13327,safety-oriented,1,1,3.0
13328,salacia,1,1,3.0
13329,sale,1,1,3.0
13330,saligenin,1,1,3.0
13331,saline-treated,1,1,3.0
13332,salt-gradient,1,1,3.0
13333,salti,1,1,3.0
13334,salud,1,1,3.0
13335,same,1,1,3.0
13336,same-day,1,1,3.0
13337,sanger,1,1,3.0
13338,sanghuangporu,1,1,3.0
13339,sarcolemm,1,1,3.0
13340,sarcopenia-related,1,1,3.0
13341,sars-cov-2,1,1,3.0
13342,sasp-derived,1,1,3.0
13343,satiety-related,1,1,3.0
13344,save,1,1,3.0
13345,saw,1,1,3.0
13346,saxenda,1,1,3.0
13347,sbm,1,1,3.0
13348,scale-2,1,1,3.0
13349,scale-up,1,1,3.0
13350,scatter,1,1,3.0
13351,scaveng,1,1,3.0
13352,scd,1,1,3.0
13353,scenario-based,1,1,3.0
13354,scfa-gpcr-metabolic,1,1,3.0
13355,scfa-gpr41,1,1,3.0
13356,scfa-mediated,1,1,3.0
13357,scfa-producing,1,1,3.0
13358,scfas-gpr43,1,1,3.0
13359,scfas-gpr43-pyy,1,1,3.0
13360,scintigraph,1,1,3.0
13361,scintigraphi,1,1,3.0
13362,sciwind,1,1,3.0
13363,sclerostin,1,1,3.0
13364,scope-of-practice,1,1,3.0
13365,scopus-based,1,1,3.0
13366,score-adjusted,1,1,3.0
13367,score-based,1,1,3.0
13368,score-defined,1,1,3.0
13369,score-matching,1,1,3.0
13370,score-weighted,1,1,3.0
13371,score-weighting,1,1,3.0
13372,score2-op,1,1,3.0
13373,sctr,1,1,3.0
13374,scx,1,1,3.0
13375,sea,1,1,3.0
13376,sea-treated,1,1,3.0
13377,season,1,1,3.0
13378,seborrh,1,1,3.0
13379,second-degree,1,1,3.0
13380,second-order,1,1,3.0
13381,secondarili,1,1,3.0
13382,secondary-suspect,1,1,3.0
13383,secondary-suspect-driven,1,1,3.0
13384,secretagog,1,1,3.0
13385,secretin-stimulated,1,1,3.0
13386,secretion-sensitivity,1,1,3.0
13387,secretom,1,1,3.0
13388,sector,1,1,3.0
13389,secukinumab,1,1,3.0
13390,secular,1,1,3.0
13391,secur,1,1,3.0
13392,sedation-analgesia,1,1,3.0
13393,sedation-related,1,1,3.0
13394,sediment,1,1,3.0
13395,seeker,1,1,3.0
13396,segment-specific,1,1,3.0
13397,select-like,1,1,3.0
13398,selective-reporting,1,1,3.0
13399,self-administering,1,1,3.0
13400,self-administrating,1,1,3.0
13401,self-assembly,1,1,3.0
13402,self-assessments,1,1,3.0
13403,self-association,1,1,3.0
13404,self-control,1,1,3.0
13405,self-efficacy,1,1,3.0
13406,self-emulsifying,1,1,3.0
13407,self-injury-related,1,1,3.0
13408,self-management,1,1,3.0
13409,self-measured,1,1,3.0
13410,self-monitored,1,1,3.0
13411,self-nanoemulsifying,1,1,3.0
13412,self-regulation,1,1,3.0
13413,self-reinforcing,1,1,3.0
13414,self-sustaining,1,1,3.0
13415,sell,1,1,3.0
13416,selonsertib,1,1,3.0
13417,sema-specific,1,1,3.0
13418,sema-vr,1,1,3.0
13419,semaglutide-concentrated,1,1,3.0
13420,semaglutide-containing,1,1,3.0
13421,semaglutide-dominant,1,1,3.0
13422,semaglutide-for,1,1,3.0
13423,semaglutide-like,1,1,3.0
13424,semaglutide-loaded,1,1,3.0
13425,semaglutide-mediated,1,1,3.0
13426,semaglutide-naion,1,1,3.0
13427,semaglutide-regulated,1,1,3.0
13428,semaglutide-related,1,1,3.0
13429,semi-irreversible,1,1,3.0
13430,semi-quantitative,1,1,3.0
13431,semiannu,1,1,3.0
13432,semin,1,1,3.0
13433,seminifer,1,1,3.0
13434,senescence-directed,1,1,3.0
13435,senomorph,1,1,3.0
13436,sensat,1,1,3.0
13437,sent,1,1,3.0
13438,sentinel,1,1,3.0
13439,seoul,1,1,3.0
13440,sepsis-induced,1,1,3.0
13441,ser235,1,1,3.0
13442,ser236,1,1,3.0
13443,ser31,1,1,3.0
13444,ser9,1,1,3.0
13445,sera,1,1,3.0
13446,serca2a,1,1,3.0
13447,serendipit,1,1,3.0
13448,serotonin,1,1,3.0
13449,serum-transfer,1,1,3.0
13450,set's,1,1,3.0
13451,set-doc,1,1,3.0
13452,settl,1,1,3.0
13453,seven-mold,1,1,3.0
13454,seventeen,1,1,3.0
13455,seventy-one,1,1,3.0
13456,seventy-two,1,1,3.0
13457,several-fold,1,1,3.0
13458,sex-hormone,1,1,3.0
13459,sex-inclusive,1,1,3.0
13460,sf,1,1,3.0
13461,sf-36,1,1,3.0
13462,sg-can,1,1,3.0
13463,sgc,1,1,3.0
13464,sgk2-acsl4,1,1,3.0
13465,sgl2,1,1,3.0
13466,sglt,1,1,3.0
13467,sglt-1,1,1,3.0
13468,sglt-inhibitors,1,1,3.0
13469,sglt1,1,1,3.0
13470,sglt2i's,1,1,3.0
13471,sh,1,1,3.0
13472,sham-control,1,1,3.0
13473,shannon,1,1,3.0
13474,shanxi,1,1,3.0
13475,shaplei,1,1,3.0
13476,shareholder-driven,1,1,3.0
13477,sharjah,1,1,3.0
13478,shemountain,1,1,3.0
13479,shi-zhen,1,1,3.0
13480,shigella,1,1,3.0
13481,shipt,1,1,3.0
13482,shopper,1,1,3.0
13483,shore,1,1,3.0
13484,short-chain-fatty-acid-producing,1,1,3.0
13485,short-lived,1,1,3.0
13486,short-video,1,1,3.0
13487,shortform,1,1,3.0
13488,shotgun,1,1,3.0
13489,shoulder,1,1,3.0
13490,showcas,1,1,3.0
13491,shrinker,1,1,3.0
13492,sick-day,1,1,3.0
13493,sickest,1,1,3.0
13494,sickl,1,1,3.0
13495,sigma,1,1,3.0
13496,signal-prioritisation,1,1,3.0
13497,signaling-as,1,1,3.0
13498,signaling-intestinal,1,1,3.0
13499,signatures-rest,1,1,3.0
13500,signifi,1,1,3.0
13501,singhealth,1,1,3.0
13502,single-agent,1,1,3.0
13503,single-analyte,1,1,3.0
13504,single-ascending,1,1,3.0
13505,single-ascending-dose,1,1,3.0
13506,single-cohort,1,1,3.0
13507,single-event,1,1,3.0
13508,single-institution,1,1,3.0
13509,single-nuclei,1,1,3.0
13510,single-nucleotide,1,1,3.0
13511,single-nucleus,1,1,3.0
13512,single-sequence,1,1,3.0
13513,single-substance,1,1,3.0
13514,single-target,1,1,3.0
13515,single-vision,1,1,3.0
13516,singleton,1,1,3.0
13517,sink,1,1,3.0
13518,sino-american,1,1,3.0
13519,sinopulmonari,1,1,3.0
13520,sinus,1,1,3.0
13521,sinusoid,1,1,3.0
13522,siriu,1,1,3.0
13523,sirna-mediated,1,1,3.0
13524,sirt,1,1,3.0
13525,sirt1-foxo3a-nrf2,1,1,3.0
13526,sirt7,1,1,3.0
13527,site-directed,1,1,3.0
13528,site-related,1,1,3.0
13529,sitosterol,1,1,3.0
13530,six-cluster,1,1,3.0
13531,six-membered,1,1,3.0
13532,six-month,1,1,3.0
13533,six3,1,1,3.0
13534,sixti,1,1,3.0
13535,sixty-five,1,1,3.0
13536,sixty-two,1,1,3.0
13537,skew,1,1,3.0
13538,skill,1,1,3.0
13539,skin-penetration,1,1,3.0
13540,skin-related,1,1,3.0
13541,sl,1,1,3.0
13542,slaughter,1,1,3.0
13543,slc2a2,1,1,3.0
13544,slc5a2,1,1,3.0
13545,sleep-directed,1,1,3.0
13546,slight,1,1,3.0
13547,slim,1,1,3.0
13548,slower,1,1,3.0
13549,sm,1,1,3.0
13550,small-study,1,1,3.0
13551,smallest,1,1,3.0
13552,smg-pnpho,1,1,3.0
13553,smooth-muscle,1,1,3.0
13554,snack,1,1,3.0
13555,snapshot,1,1,3.0
13556,so-called,1,1,3.0
13557,sociabl,1,1,3.0
13558,sociomed,1,1,3.0
13559,sociopolit,1,1,3.0
13560,sodium-dependent,1,1,3.0
13561,sodium-hydrogen,1,1,3.0
13562,soften,1,1,3.0
13563,softwar,1,1,3.0
13564,software-supported,1,1,3.0
13565,soleu,1,1,3.0
13566,solid-meal,1,1,3.0
13567,solid-state,1,1,3.0
13568,solitari,1,1,3.0
13569,solriamfetol,1,1,3.0
13570,solute-driven,1,1,3.0
13571,solution-state,1,1,3.0
13572,solvent,1,1,3.0
13573,solvent-poses,1,1,3.0
13574,somatostatin-ss2,1,1,3.0
13575,sometim,1,1,3.0
13576,somnol,1,1,3.0
13577,soon,1,1,3.0
13578,sort,1,1,3.0
13579,sortilin,1,1,3.0
13580,sost,1,1,3.0
13581,soul-like,1,1,3.0
13582,source-specific,1,1,3.0
13583,sox4,1,1,3.0
13584,soybean,1,1,3.0
13585,sp,1,1,3.0
13586,spare,1,1,3.0
13587,spark-cvd,1,1,3.0
13588,spc-focused,1,1,3.0
13589,spc-specific,1,1,3.0
13590,spearman's,1,1,3.0
13591,specialist-confirmation,1,1,3.0
13592,species-specific,1,1,3.0
13593,spectacl,1,1,3.0
13594,spectrofluorometr,1,1,3.0
13595,spectrophotometri,1,1,3.0
13596,spend,1,1,3.0
13597,spent,1,1,3.0
13598,spermidin,1,1,3.0
13599,spheric,1,1,3.0
13600,spice,1,1,3.0
13601,spillov,1,1,3.0
13602,spirocycl,1,1,3.0
13603,splenic,1,1,3.0
13604,splice,1,1,3.0
13605,split,1,1,3.0
13606,spontaneous-reporting,1,1,3.0
13607,spo₂,1,1,3.0
13608,spss,1,1,3.0
13609,spur,1,1,3.0
13610,sputum,1,1,3.0
13611,srebp-2,1,1,3.0
13612,srlc,1,1,3.0
13613,ss-31,1,1,3.0
13614,sstr5,1,1,3.0
13615,st-segment,1,1,3.0
13616,st25l,1,1,3.0
13617,st25n,1,1,3.0
13618,stability-indicating,1,1,3.0
13619,stability-testing,1,1,3.0
13620,stabli,1,1,3.0
13621,staf,1,1,3.0
13622,stage-based,1,1,3.0
13623,stage-dependent,1,1,3.0
13624,stagger,1,1,3.0
13625,stagnat,1,1,3.0
13626,stakehold,1,1,3.0
13627,stalk,1,1,3.0
13628,stand,1,1,3.0
13629,stand-alone,1,1,3.0
13630,standards-of-care,1,1,3.0
13631,star,1,1,3.0
13632,starvat,1,1,3.0
13633,starvation-related,1,1,3.0
13634,stat,1,1,3.0
13635,stata,1,1,3.0
13636,state-of-the-art,1,1,3.0
13637,state-transition,1,1,3.0
13638,statewid,1,1,3.0
13639,statistician,1,1,3.0
13640,statur,1,1,3.0
13641,statut,1,1,3.0
13642,steadili,1,1,3.0
13643,stearic,1,1,3.0
13644,steep,1,1,3.0
13645,steeper,1,1,3.0
13646,steepli,1,1,3.0
13647,stenosis-centered,1,1,3.0
13648,stent-associated,1,1,3.0
13649,steroidogen,1,1,3.0
13650,sterol,1,1,3.0
13651,stigma-informed,1,1,3.0
13652,stigma-reducing,1,1,3.0
13653,still-preclinical,1,1,3.0
13654,stimulatin,1,1,3.0
13655,sting-associated,1,1,3.0
13656,sting-related,1,1,3.0
13657,stock-outs,1,1,3.0
13658,stool,1,1,3.0
13659,strand,1,1,3.0
13660,strand-specific,1,1,3.0
13661,strategies-are,1,1,3.0
13662,strategies-including,1,1,3.0
13663,strategiesfundingth,1,1,3.0
13664,stratum,1,1,3.0
13665,strength-focused,1,1,3.0
13666,stress-response,1,1,3.0
13667,stress-survival-associated,1,1,3.0
13668,striatum,1,1,3.0
13669,strike,1,1,3.0
13670,strikingli,1,1,3.0
13671,stringent,1,1,3.0
13672,strobe,1,1,3.0
13673,stroke-related,1,1,3.0
13674,stroke-specific,1,1,3.0
13675,structure-based,1,1,3.0
13676,structure-guided,1,1,3.0
13677,study-arm,1,1,3.0
13678,study-arm-level,1,1,3.0
13679,study-level,1,1,3.0
13680,stz-induced,1,1,3.0
13681,stzr,1,1,3.0
13682,sub-analyses,1,1,3.0
13683,sub-statements,1,1,3.0
13684,subacut,1,1,3.0
13685,subcellular,1,1,3.0
13686,subchondr,1,1,3.0
13687,subcort,1,1,3.0
13688,subcutaneous-equivalent,1,1,3.0
13689,subdistribut,1,1,3.0
13690,subendocardi,1,1,3.0
13691,subgroup-specific,1,1,3.0
13692,submit,1,1,3.0
13693,subscor,1,1,3.0
13694,substantia,1,1,3.0
13695,substrate-1,1,1,3.0
13696,substrates-an,1,1,3.0
13697,subvert,1,1,3.0
13698,suction,1,1,3.0
13699,sud-related,1,1,3.0
13700,suicidal-ideation,1,1,3.0
13701,suicide-screening,1,1,3.0
13702,sulfoxid,1,1,3.0
13703,sulodexid,1,1,3.0
13704,sulphat,1,1,3.0
13705,sum,1,1,3.0
13706,sunk-cost,1,1,3.0
13707,sunroug,1,1,3.0
13708,supereclipt,1,1,3.0
13709,superfocu,1,1,3.0
13710,superlearn,1,1,3.0
13711,supersed,1,1,3.0
13712,supplement-drug,1,1,3.0
13713,suppressor,1,1,3.0
13714,supramolecular,1,1,3.0
13715,supraphysiolog,1,1,3.0
13716,sural,1,1,3.0
13717,surgery-induced,1,1,3.0
13718,surgery-particularly,1,1,3.0
13719,surgical-site-infection,1,1,3.0
13720,surpass-cvot,1,1,3.0
13721,survey-weighted,1,1,3.0
13722,sustain-6,1,1,3.0
13723,sustained-release,1,1,3.0
13724,swiftli,1,1,3.0
13725,swiss,1,1,3.0
13726,sydnei,1,1,3.0
13727,symbiot,1,1,3.0
13728,symmetri,1,1,3.0
13729,symposium,1,1,3.0
13730,symptom-based,1,1,3.0
13731,symptoms-is,1,1,3.0
13732,synaptic-points,1,1,3.0
13733,synchronize-1,1,1,3.0
13734,syncollin,1,1,3.0
13735,synonym,1,1,3.0
13736,syrcl,1,1,3.0
13737,system-based,1,1,3.0
13738,t-cho,1,1,3.0
13739,t-tubule-associated,1,1,3.0
13740,t1d-onset,1,1,3.0
13741,t1d-phenotype,1,1,3.0
13742,t2d-like,1,1,3.0
13743,t2d-only,1,1,3.0
13744,t2d-related,1,1,3.0
13745,ta,1,1,3.0
13746,tackl,1,1,3.0
13747,tail-cuff,1,1,3.0
13748,tandem,1,1,3.0
13749,tanlab,1,1,3.0
13750,tannic,1,1,3.0
13751,tanycyt,1,1,3.0
13752,tanycyte-specific,1,1,3.0
13753,taper,1,1,3.0
13754,target-engagement,1,1,3.0
13755,target-specific,1,1,3.0
13756,tartrat,1,1,3.0
13757,task,1,1,3.0
13758,task-based,1,1,3.0
13759,task-dependent,1,1,3.0
13760,tau-positive,1,1,3.0
13761,taurochol,1,1,3.0
13762,taurolithochol,1,1,3.0
13763,taxon,1,1,3.0
13764,taxonom,1,1,3.0
13765,taxonomi,1,1,3.0
13766,tbil,1,1,3.0
13767,tca,1,1,3.0
13768,tcf7l2,1,1,3.0
13769,tcho,1,1,3.0
13770,tcm,1,1,3.0
13771,td2m,1,1,3.0
13772,tdd,1,1,3.0
13773,tdt,1,1,3.0
13774,te,1,1,3.0
13775,teach,1,1,3.0
13776,technetium-99,1,1,3.0
13777,teeth,1,1,3.0
13778,telehealth-only,1,1,3.0
13779,telemedicine-based,1,1,3.0
13780,telemonitor,1,1,3.0
13781,telephon,1,1,3.0
13782,telopeptid,1,1,3.0
13783,temperatur,1,1,3.0
13784,temperature-shift,1,1,3.0
13785,temporari,1,1,3.0
13786,temporarili,1,1,3.0
13787,tendenc,1,1,3.0
13788,tendon-directed,1,1,3.0
13789,tendon-specific,1,1,3.0
13790,tenogen,1,1,3.0
13791,tensin,1,1,3.0
13792,terazosin,1,1,3.0
13793,terror,1,1,3.0
13794,tertil,1,1,3.0
13795,test-based,1,1,3.0
13796,testicular,1,1,3.0
13797,tetrachlorid,1,1,3.0
13798,tetracyclin,1,1,3.0
13799,tetrahydrobiopterin-dihydrobiopterin,1,1,3.0
13800,tetranectin,1,1,3.0
13801,tezepelumab,1,1,3.0
13802,tga,1,1,3.0
13803,tgf-β-linked,1,1,3.0
13804,tgfb1,1,1,3.0
13805,tgfβ,1,1,3.0
13806,tgr5-gs,1,1,3.0
13807,th1,1,1,3.0
13808,th17,1,1,3.0
13809,th2,1,1,3.0
13810,thehangrywoman,1,1,3.0
13811,theory-based,1,1,3.0
13812,therapies-including,1,1,3.0
13813,therapies-sodium-glucose,1,1,3.0
13814,thereaft,1,1,3.0
13815,thereof,1,1,3.0
13816,thiazid,1,1,3.0
13817,thiazide-type,1,1,3.0
13818,thiazolidinedionespiog,1,1,3.0
13819,thicken,1,1,3.0
13820,thirst,1,1,3.0
13821,thirty-one,1,1,3.0
13822,thirty-seven,1,1,3.0
13823,thirty-six,1,1,3.0
13824,thirty-three,1,1,3.0
13825,thorough,1,1,3.0
13826,threat,1,1,3.0
13827,three-factor,1,1,3.0
13828,three-hour,1,1,3.0
13829,three-layer,1,1,3.0
13830,three-period,1,1,3.0
13831,three-replicate,1,1,3.0
13832,three-tier,1,1,3.0
13833,three-year,1,1,3.0
13834,threonin,1,1,3.0
13835,threshold-based,1,1,3.0
13836,threshold-excess,1,1,3.0
13837,thrice,1,1,3.0
13838,thrice-daily,1,1,3.0
13839,thrice-weekly,1,1,3.0
13840,thrombectomi,1,1,3.0
13841,thrombo-inflammatory,1,1,3.0
13842,thromboinflammatori,1,1,3.0
13843,thromboprophylact,1,1,3.0
13844,thymoquinon,1,1,3.0
13845,thyroid-hormone,1,1,3.0
13846,thyroid-stimulating,1,1,3.0
13847,thyrotoxicosi,1,1,3.0
13848,tibetan,1,1,3.0
13849,tibial,1,1,3.0
13850,till,1,1,3.0
13851,tilt,1,1,3.0
13852,time-horizon,1,1,3.0
13853,time-in-range,1,1,3.0
13854,time-matched,1,1,3.0
13855,time-response,1,1,3.0
13856,time-restricted,1,1,3.0
13857,time-series,1,1,3.0
13858,time-to-initiation,1,1,3.0
13859,time-to-peak,1,1,3.0
13860,timing-dependent,1,1,3.0
13861,tirzepatide-mediated,1,1,3.0
13862,tissue-based,1,1,3.0
13863,tissue-dependent,1,1,3.0
13864,tissue-level,1,1,3.0
13865,tissue-resident,1,1,3.0
13866,titer,1,1,3.0
13867,titl,1,1,3.0
13868,tm1,1,1,3.0
13869,tm3,1,1,3.0
13870,tm4,1,1,3.0
13871,tm5,1,1,3.0
13872,tobacco-related,1,1,3.0
13873,tomm20,1,1,3.0
13874,tonometri,1,1,3.0
13875,toolbox,1,1,3.0
13876,toolkit,1,1,3.0
13877,tooth,1,1,3.0
13878,top-down,1,1,3.0
13879,top-ranked,1,1,3.0
13880,toronto,1,1,3.0
13881,tos-oma-oac,1,1,3.0
13882,tost,1,1,3.0
13883,tough,1,1,3.0
13884,toxin-induced,1,1,3.0
13885,toxinolog,1,1,3.0
13886,tracer,1,1,3.0
13887,tractabl,1,1,3.0
13888,traction,1,1,3.0
13889,trade-off,1,1,3.0
13890,trade-offs,1,1,3.0
13891,tradeoff,1,1,3.0
13892,training-induced,1,1,3.0
13893,trans-ancestry,1,1,3.0
13894,trans-signaling,1,1,3.0
13895,transactiv,1,1,3.0
13896,transbucc,1,1,3.0
13897,transcellular,1,1,3.0
13898,transcrib,1,1,3.0
13899,transcriptas,1,1,3.0
13900,transcriptase-polymerase,1,1,3.0
13901,transcriptome-wide,1,1,3.0
13902,transferas,1,1,3.0
13903,transfus,1,1,3.0
13904,transfusion-dependent,1,1,3.0
13905,transgen,1,1,3.0
13906,translocas,1,1,3.0
13907,transmucos,1,1,3.0
13908,transplant-enabling,1,1,3.0
13909,transplant-related,1,1,3.0
13910,transplantation-positioning,1,1,3.0
13911,transposase-accessible,1,1,3.0
13912,transsphenoid,1,1,3.0
13913,transverse-colon,1,1,3.0
13914,transwel,1,1,3.0
13915,trap,1,1,3.0
13916,trapezoidal-stack,1,1,3.0
13917,treatis,1,1,3.0
13918,treatment-aligned,1,1,3.0
13919,treatment-assignment,1,1,3.0
13920,treatment-by-subgroup,1,1,3.0
13921,treatment-class,1,1,3.0
13922,treatment-eligible,1,1,3.0
13923,treatment-exposed,1,1,3.0
13924,treatment-intensification,1,1,3.0
13925,treatment-interaction,1,1,3.0
13926,treatment-limiting,1,1,3.0
13927,treatment-persistence,1,1,3.0
13928,treatment-refractory,1,1,3.0
13929,treatment-response,1,1,3.0
13930,treatment-responsive,1,1,3.0
13931,treatment-seeking,1,1,3.0
13932,treatment-stratified,1,1,3.0
13933,tree-structured,1,1,3.0
13934,tremend,1,1,3.0
13935,tri-buffer,1,1,3.0
13936,trial's,1,1,3.0
13937,trial-design,1,1,3.0
13938,trial-to-practice,1,1,3.0
13939,triall,1,1,3.0
13940,trigonella,1,1,3.0
13941,triiodothyronin,1,1,3.0
13942,trim,1,1,3.0
13943,trim-and-fill,1,1,3.0
13944,trim63,1,1,3.0
13945,trimethylamin,1,1,3.0
13946,trinetx's,1,1,3.0
13947,tripartit,1,1,3.0
13948,triphosph,1,1,3.0
13949,triple-agonist,1,1,3.0
13950,triplet,1,1,3.0
13951,trkb,1,1,3.0
13952,trophic,1,1,3.0
13953,tropomyosin,1,1,3.0
13954,trp,1,1,3.0
13955,trpv1,1,1,3.0
13956,trust,1,1,3.0
13957,try,1,1,3.0
13958,tsh,1,1,3.0
13959,tsh-producing,1,1,3.0
13960,ttt1,1,1,3.0
13961,tubular-glomerular,1,1,3.0
13962,tubuloglomerular,1,1,3.0
13963,tubuloid,1,1,3.0
13964,tumor-related,1,1,3.0
13965,tumorigenesi,1,1,3.0
13966,tunel,1,1,3.0
13967,tunnel,1,1,3.0
13968,turbin,1,1,3.0
13969,turing's,1,1,3.0
13970,turmer,1,1,3.0
13971,tv,1,1,3.0
13972,twenty-five,1,1,3.0
13973,twenty-four,1,1,3.0
13974,twenty-nine,1,1,3.0
13975,twenty-two,1,1,3.0
13976,twice-daily,1,1,3.0
13977,two-agent,1,1,3.0
13978,two-arm,1,1,3.0
13979,two-armed,1,1,3.0
13980,two-formulation,1,1,3.0
13981,two-photon,1,1,3.0
13982,two-round,1,1,3.0
13983,two-sided,1,1,3.0
13984,two-year,1,1,3.0
13985,tyg,1,1,3.0
13986,tyk2,1,1,3.0
13987,tympanometri,1,1,3.0
13988,type-1,1,1,3.0
13989,type2,1,1,3.0
13990,tyr,1,1,3.0
13991,tyr202,1,1,3.0
13992,tyr2052,1,1,3.0
13993,tyr297asp,1,1,3.0
13994,tyr315,1,1,3.0
13995,tyrosin,1,1,3.0
13996,tyrosine-regulated,1,1,3.0
13997,tyrosine-tyrosine,1,1,3.0
13998,tβ-mca,1,1,3.0
13999,u-937,1,1,3.0
14000,u01hl080295,1,1,3.0
14001,u01hl130114,1,1,3.0
14002,uae-based,1,1,3.0
14003,ubiquitin-proteasome,1,1,3.0
14004,ucp2,1,1,3.0
14005,uhmwp,1,1,3.0
14006,uhplc-ms,1,1,3.0
14007,uk-based,1,1,3.0
14008,ukpd,1,1,3.0
14009,ultra-high-molecular-weight,1,1,3.0
14010,ultrasonographi,1,1,3.0
14011,ultraviolet-visible,1,1,3.0
14012,umbrella,1,1,3.0
14013,umin000048469,1,1,3.0
14014,umin000048471,1,1,3.0
14015,unaccept,1,1,3.0
14016,unaffect,1,1,3.0
14017,unafford,1,1,3.0
14018,unanesthet,1,1,3.0
14019,unattempt,1,1,3.0
14020,unbias,1,1,3.0
14021,uncheck,1,1,3.0
14022,unconfound,1,1,3.0
14023,undat,1,1,3.0
14024,under-appreciated,1,1,3.0
14025,under-described,1,1,3.0
14026,under-explored,1,1,3.0
14027,under-investigated,1,1,3.0
14028,under-prescribing,1,1,3.0
14029,under-representation,1,1,3.0
14030,under-tested,1,1,3.0
14031,underdevelop,1,1,3.0
14032,underdocu,1,1,3.0
14033,underevalu,1,1,3.0
14034,underlin,1,1,3.0
14035,undernutrit,1,1,3.0
14036,underr,1,1,3.0
14037,understudi,1,1,3.0
14038,undertak,1,1,3.0
14039,undertaken,1,1,3.0
14040,undertr,1,1,3.0
14041,underus,1,1,3.0
14042,underutilis,1,1,3.0
14043,underwat,1,1,3.0
14044,undetermin,1,1,3.0
14045,undifferenti,1,1,3.0
14046,undisclos,1,1,3.0
14047,undoubtedli,1,1,3.0
14048,unequ,1,1,3.0
14049,unexpectedli,1,1,3.0
14050,unexplain,1,1,3.0
14051,unfavor,1,1,3.0
14052,unfavour,1,1,3.0
14053,unfortun,1,1,3.0
14054,unfraction,1,1,3.0
14055,uni,1,1,3.0
14056,union,1,1,3.0
14057,unlabel,1,1,3.0
14058,unless,1,1,3.0
14059,unliter,1,1,3.0
14060,unmarri,1,1,3.0
14061,unoppos,1,1,3.0
14062,unord,1,1,3.0
14063,unpeel,1,1,3.0
14064,unprompt,1,1,3.0
14065,unravel,1,1,3.0
14066,unrealist,1,1,3.0
14067,unrecogn,1,1,3.0
14068,unrefresh,1,1,3.0
14069,unrel,1,1,3.0
14070,unreli,1,1,3.0
14071,unremark,1,1,3.0
14072,unremit,1,1,3.0
14073,unrepl,1,1,3.0
14074,unreport,1,1,3.0
14075,unrestrain,1,1,3.0
14076,unsatisfactori,1,1,3.0
14077,unsatur,1,1,3.0
14078,unsettl,1,1,3.0
14079,unspecifi,1,1,3.0
14080,unstandard,1,1,3.0
14081,unsuit,1,1,3.0
14082,unsupervis,1,1,3.0
14083,unsustain,1,1,3.0
14084,unusu,1,1,3.0
14085,unwel,1,1,3.0
14086,up-regulate,1,1,3.0
14087,up-regulated,1,1,3.0
14088,up-titrate,1,1,3.0
14089,up-to-date,1,1,3.0
14090,upper-gastrointestinal,1,1,3.0
14091,upper-middle-income,1,1,3.0
14092,uptitr,1,1,3.0
14093,uraem,1,1,3.0
14094,urat,1,1,3.0
14095,urban,1,1,3.0
14096,urgenc,1,1,3.0
14097,uric,1,1,3.0
14098,url,1,1,3.0
14099,ursodeoxychol,1,1,3.0
14100,urticaria,1,1,3.0
14101,use-process,1,1,3.0
14102,usefulli,1,1,3.0
14103,usernam,1,1,3.0
14104,usp14,1,1,3.0
14105,uterin,1,1,3.0
14106,utilisation-context,1,1,3.0
14107,uveiti,1,1,3.0
14108,v-shape,1,1,3.0
14109,v0,1,1,3.0
14110,v10,1,1,3.0
14111,v2-receptor,1,1,3.0
14112,vagin,1,1,3.0
14113,valor,1,1,3.0
14114,valsartan,1,1,3.0
14115,value-effects,1,1,3.0
14116,value-scaled,1,1,3.0
14117,variant-dependent,1,1,3.0
14118,variant-effect,1,1,3.0
14119,various,1,1,3.0
14120,vasculatur,1,1,3.0
14121,vasculopathi,1,1,3.0
14122,vaso-protective,1,1,3.0
14123,vasomotor,1,1,3.0
14124,vasopressin,1,1,3.0
14125,vasoprotect,1,1,3.0
14126,vasovag,1,1,3.0
14127,vast,1,1,3.0
14128,vdac1,1,1,3.0
14129,vegetarian,1,1,3.0
14130,vehicle-treated,1,1,3.0
14131,veillonella,1,1,3.0
14132,veloc,1,1,3.0
14133,vendor,1,1,3.0
14134,venoven,1,1,3.0
14135,ventromedi,1,1,3.0
14136,verasight's,1,1,3.0
14137,verdict,1,1,3.0
14138,vermi,1,1,3.0
14139,versus1,1,1,3.0
14140,vertebroplasti,1,1,3.0
14141,vertigo,1,1,3.0
14142,vestibul,1,1,3.0
14143,vgat-expressing,1,1,3.0
14144,vi,1,1,3.0
14145,vibrat,1,1,3.0
14146,vicadrostat,1,1,3.0
14147,vicin,1,1,3.0
14148,video-eeg,1,1,3.0
14149,villi,1,1,3.0
14150,villin-creert2,1,1,3.0
14151,violent,1,1,3.0
14152,vip,1,1,3.0
14153,virchow,1,1,3.0
14154,virolog,1,1,3.0
14155,virom,1,1,3.0
14156,virus-mediated,1,1,3.0
14157,viscos,1,1,3.0
14158,visfatin,1,1,3.0
14159,vision-threatening,1,1,3.0
14160,vitroand,1,1,3.0
14161,vldl-c,1,1,3.0
14162,vmat2,1,1,3.0
14163,volt,1,1,3.0
14164,voltage-gated,1,1,3.0
14165,volume-depletion,1,1,3.0
14166,volumes-as,1,1,3.0
14167,volumetr,1,1,3.0
14168,vosview,1,1,3.0
14169,vta-centered,1,1,3.0
14170,vtrna2-1,1,1,3.0
14171,vulgari,1,1,3.0
14172,vy,1,1,3.0
14173,vδ1,1,1,3.0
14174,vδ2,1,1,3.0
14175,waist-to-height,1,1,3.0
14176,wait-to-fail,1,1,3.0
14177,wald,1,1,3.0
14178,wanfang,1,1,3.0
14179,warp,1,1,3.0
14180,watersh,1,1,3.0
14181,wave,1,1,3.0
14182,wd,1,1,3.0
14183,wd-fed,1,1,3.0
14184,weakest,1,1,3.0
14185,weapon,1,1,3.0
14186,wear-particle,1,1,3.0
14187,weber-effect,1,1,3.0
14188,weibul,1,1,3.0
14189,weigh,1,1,3.0
14190,weight-centred,1,1,3.0
14191,weight-change,1,1,3.0
14192,weight-focused,1,1,3.0
14193,weight-gain,1,1,3.0
14194,weight-loss-induced,1,1,3.0
14195,weight-loss-related,1,1,3.0
14196,weight-mediated,1,1,3.0
14197,weight-modifying,1,1,3.0
14198,weight-modulating,1,1,3.0
14199,weight-neutral,1,1,3.0
14200,weight-of-evidence,1,1,3.0
14201,weight-stigma,1,1,3.0
14202,weight-trajectory,1,1,3.0
14203,weissella,1,1,3.0
14204,welcom,1,1,3.0
14205,well-based,1,1,3.0
14206,well-defined,1,1,3.0
14207,well-known,1,1,3.0
14208,well-recognized,1,1,3.0
14209,well-studied,1,1,3.0
14210,well-treated,1,1,3.0
14211,wellb,1,1,3.0
14212,wernicke's,1,1,3.0
14213,wet,1,1,3.0
14214,wfs1,1,1,3.0
14215,whenev,1,1,3.0
14216,who's,1,1,3.0
14217,whole-cell,1,1,3.0
14218,whole-kidney,1,1,3.0
14219,wider,1,1,3.0
14220,widow,1,1,3.0
14221,wikim51,1,1,3.0
14222,wilei,1,1,3.0
14223,willing,1,1,3.0
14224,wire,1,1,3.0
14225,wise,1,1,3.0
14226,wit,1,1,3.0
14227,withdrawal-related,1,1,3.0
14228,withdrawn,1,1,3.0
14229,withdrew,1,1,3.0
14230,withhold,1,1,3.0
14231,within-trial,1,1,3.0
14232,women-specific,1,1,3.0
14233,word-of-mouth,1,1,3.0
14234,wore,1,1,3.0
14235,worker,1,1,3.0
14236,workflow-oriented,1,1,3.0
14237,workload,1,1,3.0
14238,wound-healing,1,1,3.0
14239,wp,1,1,3.0
14240,wrinkle-modulating,1,1,3.0
14241,write,1,1,3.0
14242,wrvu,1,1,3.0
14243,wy-14643,1,1,3.0
14244,xbp1-splicing,1,1,3.0
14245,xenobiot,1,1,3.0
14246,xiaoji,1,1,3.0
14247,xiaok,1,1,3.0
14248,xiiia,1,1,3.0
14249,xw003,1,1,3.0
14250,xylanibact,1,1,3.0
14251,y-maze,1,1,3.0
14252,y2,1,1,3.0
14253,y2423,1,1,3.0
14254,ye,1,1,3.0
14255,year-over-year,1,1,3.0
14256,yearli,1,1,3.0
14257,ykl-40,1,1,3.0
14258,yme1l-slc25a33,1,1,3.0
14259,yohimbin,1,1,3.0
14260,yorkshir,1,1,3.0
14261,youden,1,1,3.0
14262,young-onset,1,1,3.0
14263,youtub,1,1,3.0
14264,ypxjf's,1,1,3.0
14265,yunpi,1,1,3.0
14266,zealand,1,1,3.0
14267,zebrafish,1,1,3.0
14268,zepbound,1,1,3.0
14269,zhao,1,1,3.0
14270,zibotentan,1,1,3.0
14271,zilebesiran,1,1,3.0
14272,zo-1,1,1,3.0
14273,zone,1,1,3.0
14274,¹⁷,1,1,3.0
14275,α-2,1,1,3.0
14276,α-amylase,1,1,3.0
14277,α-cell-derived,1,1,3.0
14278,α4β2,1,1,3.0
14279,α6β2,1,1,3.0
14280,β-arrestin-dependent,1,1,3.0
14281,β-arrestin-mediated,1,1,3.0
14282,β-catenin-independent,1,1,3.0
14283,β-cell-protective,1,1,3.0
14284,β-cell-specific,1,1,3.0
14285,β-cell-supportive,1,1,3.0
14286,β-klotho,1,1,3.0
14287,β-lip,1,1,3.0
14288,β-thalassaemia,1,1,3.0
14289,β-thalassemia,1,1,3.0
14290,γ,1,1,3.0
14291,δ-opioid,1,1,3.0
14292,δbw,1,1,3.0
14293,δcpeptide0-120,1,1,3.0
14294,δgatp,1,1,3.0
14295,δgluc0-120,1,1,3.0
14296,δglucose0-120,1,1,3.0
14297,δisr0-120,1,1,3.0
14298,δsmm,1,1,3.0
14299,ε4,1,1,3.0
14300,κ,1,1,3.0
14301,κ-opioid,1,1,3.0
14302,τ²,1,1,3.0
14303,χ²,1,1,3.0
14304,ω,1,1,3.0
14305,⁸,1,1,3.0
