rank,term,cf,df,idf
1,and,10586,997,0.0013048416883442802
2,the,6144,977,0.01010543628122691
3,of,5807,972,0.012333735073725415
4,in,4864,961,0.017276612331454597
5,with,4126,915,0.03857890593355177
6,to,3567,942,0.025949097207122625
7,a,3105,919,0.03668448861388872
8,for,2255,860,0.0655015487564323
9,were,1867,569,0.24488773360492883
10,was,1713,590,0.2291479883578558
11,glp-1,1222,441,0.35556141053216145
12,this,1222,749,0.12551818230053355
13,or,1181,550,0.2596373105057561
14,is,1150,618,0.2090115249111842
15,receptor,1150,786,0.10457745396059212
16,as,1110,580,0.2365720064370627
17,on,1049,581,0.23582386760966928
18,by,1019,561,0.2510371387438386
19,patients,948,375,0.4259687322722811
20,weight,939,362,0.4412914294668343
21,that,926,514,0.28903688100472424
22,risk,824,370,0.431798275933005
23,metabolic,775,357,0.44733178388780676
24,we,775,477,0.3214816209598861
25,=,770,205,0.6882461389442457
26,from,770,485,0.31425826139773627
27,associated,768,426,0.3705904008972811
28,are,750,481,0.31785492362616824
29,glucagon-like,737,687,0.16304326294044957
30,these,719,512,0.2907300390241692
31,peptide-1,675,630,0.20065945054641826
32,95%,657,198,0.7033348097384688
33,2,656,456,0.34103515733556505
34,clinical,654,401,0.3968556273798177
35,agonists,644,520,0.28399665636520083
36,at,636,338,0.47108329972234525
37,obesity,627,337,0.47237009912866135
38,diabetes,625,449,0.3477536589966768
39,treatment,616,370,0.431798275933005
40,not,564,362,0.4412914294668343
41,evidence,555,346,0.46092390120722343
42,may,545,356,0.44855000202712486
43,an,539,393,0.4056074496245733
44,study,534,374,0.42712839779951983
45,type,533,408,0.3893398369101201
46,using,531,357,0.44733178388780676
47,use,529,285,0.5451551399914898
48,effects,498,318,0.4975728800155673
49,semaglutide,488,179,0.7471469690201068
50,outcomes,481,296,0.5287082889410615
51,cardiovascular,479,204,0.6903698325741012
52,p,475,151,0.8210230527068305
53,between,457,317,0.4989407377822485
54,but,453,354,0.4509967379742122
55,including,447,345,0.46218090492672587
56,be,441,298,0.5257837359237447
57,have,435,332,0.47886191629596375
58,studies,433,271,0.5670307091255943
59,disease,425,267,0.5734887386354247
60,among,413,258,0.5883802940367698
61,their,408,306,0.51427857351842
62,after,403,247,0.6073030467403343
63,adults,400,240,0.619788758288394
64,glp-1ra,389,126,0.8996294548824371
65,compared,386,243,0.6143937264016878
66,loss,373,212,0.6736641390712486
67,insulin,364,175,0.7569619513137056
68,across,361,259,0.5867002359187482
69,body,358,207,0.6840296545430823
70,lower,353,208,0.6819366650372384
71,potential,352,274,0.5622494371796121
72,therapy,350,195,0.709965388637482
73,significant,349,240,0.619788758288394
74,review,348,280,0.5528419686577808
75,ra,340,115,0.9393021596463883
76,ci,339,108,0.9665762445130504
77,data,338,257,0.5900668766687055
78,reduced,328,242,0.6161846340195687
79,increased,325,232,0.6345120151091004
80,while,323,265,0.5767541260631922
81,no,318,236,0.6270879970298935
82,findings,316,293,0.5331323796458906
83,<,314,135,0.8696662315049939
84,included,311,225,0.6478174818886375
85,through,311,238,0.623423042943488
86,adverse,307,204,0.6903698325741012
87,has,303,253,0.596879478824182
88,kidney,302,120,0.9208187539523752
89,therapeutic,294,210,0.6777807052660807
90,trials,292,189,0.7235381958267558
91,"however,",285,246,0.6090648928966209
92,baseline,281,149,0.826813731587726
93,glucose,279,142,0.8477116556169435
94,than,276,209,0.679853713888946
95,also,273,219,0.6595558851598817
96,remains,273,249,0.6038006529042637
97,tirzepatide,273,106,0.9746941347352298
98,which,266,208,0.6819366650372384
99,health,261,191,0.7189666327522725
100,primary,260,201,0.6968039425795111
101,both,254,210,0.6777807052660807
102,1,253,181,0.7423214251308154
103,management,249,178,0.7495799976911061
104,safety,249,158,0.8013429130455774
105,used,248,199,0.7011469235902934
106,its,246,185,0.7328282715969862
107,significantly,242,175,0.7569619513137056
108,without,241,174,0.7594507517174003
109,agonist,239,194,0.712198270069774
110,therapies,235,165,0.7825160557860937
111,participants,234,118,0.9281179926938746
112,higher,232,156,0.8068754016455384
113,cohort,231,166,0.7798919119599449
114,most,231,188,0.7258421507363202
115,liver,226,90,1.045757490560675
116,showed,225,176,0.7544873321858502
117,analysis,224,172,0.7644715530924511
118,during,222,148,0.8297382846050426
119,reduction,222,150,0.8239087409443188
120,glp-1ras,221,105,0.978810700930062
121,inhibitors,221,135,0.8696662315049939
122,all,216,170,0.7695510786217261
123,further,212,199,0.7011469235902934
124,chronic,211,171,0.7670038896078462
125,events,210,136,0.8664610916297825
126,other,206,167,0.7772835288524167
127,conducted,204,189,0.7235381958267558
128,remain,203,188,0.7258421507363202
129,versus,202,111,0.9546770212133426
130,major,201,159,0.7986028756795486
131,current,196,164,0.7851561519523022
132,changes,195,140,0.853871964321762
133,analyses,194,146,0.8356471442155629
134,more,194,162,0.790484985457369
135,such,192,157,0.8041003475907663
136,although,190,163,0.7878123955960422
137,assessed,190,160,0.7958800173440752
138,drug,190,130,0.8860566476931633
139,should,188,136,0.8664610916297825
140,been,187,167,0.7772835288524167
141,oral,186,91,1.0409586076789064
142,observed,184,152,0.8181564120552274
143,mass,182,130,0.8860566476931633
144,efficacy,181,144,0.8416375079047503
145,improved,181,151,0.8210230527068305
146,cardiometabolic,180,112,0.9507819773298184
147,"ci,",180,53,1.275724130399211
148,outcome,180,145,0.8386319977650251
149,over,180,146,0.8356471442155629
150,who,178,134,0.8728952016351924
151,dual,175,138,0.8601209135987635
152,long-term,175,128,0.8927900303521317
153,"obesity,",174,151,0.8210230527068305
154,effect,173,132,0.8794260687941502
155,randomized,173,124,0.906578314837765
156,total,173,139,0.8569851997459049
157,had,172,119,0.9244530386074693
158,ras,171,82,1.0861861476162833
159,demonstrated,169,151,0.8210230527068305
160,mean,169,115,0.9393021596463883
161,peptide,169,117,0.9318141382538383
162,differences,168,130,0.8860566476931633
163,evaluated,168,147,0.8326826652518239
164,benefits,167,139,0.8569851997459049
165,association,166,120,0.9208187539523752
166,support,166,145,0.8386319977650251
167,mechanisms,165,135,0.8696662315049939
168,whether,165,142,0.8477116556169435
169,within,165,143,0.8446639625349383
170,(p,164,67,1.1739251972991736
171,outcomes.,164,138,0.8601209135987635
172,(glp-1,163,160,0.7958800173440752
173,individuals,163,107,0.9706162223147904
174,combination,162,85,1.0705810742857074
175,it,162,129,0.889410289700751
176,vs,162,58,1.2365720064370627
177,(hr,159,44,1.3565473235138126
178,control,159,122,0.9136401693252517
179,into,159,139,0.8569851997459049
180,ci:,156,46,1.337242168318426
181,reported,154,112,0.9507819773298184
182,trial,153,110,0.958607314841775
183,emerging,151,139,0.8569851997459049
184,users,151,70,1.1549019599857433
185,patient,150,118,0.9281179926938746
186,reductions,150,117,0.9318141382538383
187,following,149,111,0.9546770212133426
188,mellitus,149,141,0.8507808873446201
189,(glp-1),148,146,0.8356471442155629
190,glycemic,148,106,0.9746941347352298
191,role,147,119,0.9244530386074693
192,clinically,146,121,0.9172146296835498
193,bmi,145,73,1.136677139879544
194,identified,145,127,0.8961962790440432
195,renal,145,74,1.1307682802690238
196,retrospective,145,139,0.8569851997459049
197,greater,144,107,0.9706162223147904
198,particularly,144,134,0.8728952016351924
199,gastrointestinal,143,106,0.9746941347352298
200,can,141,116,0.9355420107730815
201,evaluate,141,136,0.8664610916297825
202,food,140,80,1.0969100130080565
203,heart,140,92,1.0362121726544447
204,mechanistic,140,104,0.9829666607012196
205,bariatric,139,70,1.1549019599857433
206,signaling,139,83,1.080921907623926
207,±,138,38,1.4202164033831899
208,(n,137,65,1.1870866433571445
209,improve,137,122,0.9136401693252517
210,real-world,137,102,0.9913998282380825
211,limited,136,121,0.9172146296835498
212,observational,136,102,0.9913998282380825
213,those,135,102,0.9913998282380825
214,glp-1r,134,45,1.3467874862246563
215,substantial,134,120,0.9208187539523752
216,group,133,80,1.0969100130080565
217,agents,132,109,0.9625735020593764
218,controlled,132,109,0.9625735020593764
219,mortality,132,81,1.0915149811213503
220,people,132,76,1.1191864077192086
221,secondary,131,111,0.9546770212133426
222,systemic,131,102,0.9913998282380825
223,two,131,108,0.9665762445130504
224,obesity.,130,113,0.9469215565165803
225,suggest,130,120,0.9208187539523752
226,human,129,83,1.080921907623926
227,strategies,129,110,0.958607314841775
228,exposure,128,79,1.1023729087095586
229,failure,128,95,1.0222763947111522
230,research,128,114,0.9430951486635274
231,surgery,128,66,1.1804560644581314
232,years,128,93,1.0315170514460648
233,key,127,115,0.9393021596463883
234,medications,127,88,1.0555173278498313
235,whereas,125,108,0.9665762445130504
236,medication,124,76,1.1191864077192086
237,reduce,124,104,0.9829666607012196
238,change,123,74,1.1307682802690238
239,early,123,94,1.0268721464003012
240,increasingly,122,117,0.9318141382538383
241,high,121,93,1.0315170514460648
242,index,121,109,0.9625735020593764
243,levels,120,77,1.1135092748275182
244,one,120,95,1.0222763947111522
245,ratio,120,103,0.9871627752948278
246,sodium-glucose,120,118,0.9281179926938746
247,incretin-based,119,73,1.136677139879544
248,performed,119,108,0.9665762445130504
249,score,119,98,1.0087739243075051
250,sglt2i,119,41,1.3872161432802645
251,(glp-1ras),118,118,0.9281179926938746
252,3,118,91,1.0409586076789064
253,beyond,118,108,0.9665762445130504
254,blood,117,75,1.1249387366083
255,lipid,117,73,1.136677139879544
256,regarding,117,96,1.0177287669604316
257,despite,116,112,0.9507819773298184
258,months,116,74,1.1307682802690238
259,aimed,115,113,0.9469215565165803
260,fat,115,56,1.2518119729937995
261,hepatic,115,65,1.1870866433571445
262,incidence,115,74,1.1307682802690238
263,low,114,72,1.1426675035687315
264,all-cause,113,54,1.2676062401770316
265,gastric,113,57,1.2441251443275085
266,decreased,112,85,1.0705810742857074
267,lifestyle,112,75,1.1249387366083
268,there,112,79,1.1023729087095586
269,"agonists,",111,97,1.0132282657337552
270,central,111,92,1.0362121726544447
271,confidence,111,104,0.9829666607012196
272,consistent,111,97,1.0132282657337552
273,identify,111,102,0.9913998282380825
274,initiation,111,68,1.1674910872937636
275,pharmacological,111,84,1.0757207139381184
276,care,110,79,1.1023729087095586
277,future,110,101,0.9956786262173575
278,vs.,110,54,1.2676062401770316
279,12,109,65,1.1870866433571445
280,based,109,95,1.0222763947111522
281,"outcomes,",109,89,1.0506099933550872
282,propensity,109,93,1.0315170514460648
283,results,109,98,1.0087739243075051
284,inflammatory,108,65,1.1870866433571445
285,phase,108,70,1.1549019599857433
286,placebo,108,59,1.2291479883578558
287,mg,107,39,1.408935392973501
288,treated,107,85,1.0705810742857074
289,direct,106,93,1.0315170514460648
290,molecular,106,77,1.1135092748275182
291,"diabetes,",105,90,1.045757490560675
292,dose,105,70,1.1549019599857433
293,models,105,95,1.0222763947111522
294,overweight,105,66,1.1804560644581314
295,"semaglutide,",105,84,1.0757207139381184
296,≥,105,66,1.1804560644581314
297,benefit,104,81,1.0915149811213503
298,gut,104,63,1.2006594505464183
299,only,104,93,1.0315170514460648
300,pancreatic,104,48,1.3187587626244128
301,when,104,92,1.0362121726544447
302,acute,103,67,1.1739251972991736
303,novel,103,85,1.0705810742857074
304,diabetes.,102,85,1.0705810742857074
305,expression,102,54,1.2676062401770316
306,model,102,80,1.0969100130080565
307,did,101,86,1.0655015487564323
308,framework,101,83,1.080921907623926
309,impact,101,90,1.045757490560675
310,recent,101,89,1.0506099933550872
311,cell,100,60,1.2218487496163564
312,each,100,88,1.0555173278498313
313,our,100,78,1.1079053973095196
314,"studies,",100,72,1.1426675035687315
315,well,100,92,1.0362121726544447
316,mitochondrial,99,43,1.3665315444204134
317,muscle,99,47,1.3279021420642825
318,needed,99,96,1.0177287669604316
319,sensitivity,99,72,1.1426675035687315
320,insulinotropic,98,94,1.0268721464003012
321,provide,98,91,1.0409586076789064
322,systematic,98,77,1.1135092748275182
323,time,98,73,1.136677139879544
324,effective,97,86,1.0655015487564323
325,established,97,87,1.0604807473813815
326,function,97,72,1.1426675035687315
327,improvements,97,76,1.1191864077192086
328,t2dm,97,60,1.2218487496163564
329,-,96,31,1.5086383061657274
330,additional,96,77,1.1135092748275182
331,development,96,81,1.0915149811213503
332,dietary,96,51,1.2924298239020637
333,hba1c,96,58,1.2365720064370627
334,"inhibitors,",96,69,1.1611509092627448
335,incretin,95,62,1.207608310501746
336,prospective,95,91,1.0409586076789064
337,t2d,95,54,1.2676062401770316
338,how,94,78,1.1079053973095196
339,increasing,94,87,1.0604807473813815
340,liraglutide,94,52,1.2839966563652008
341,multiple,94,86,1.0655015487564323
342,pathways,94,80,1.0969100130080565
343,protein,94,65,1.1870866433571445
344,rather,94,77,1.1135092748275182
345,receiving,94,62,1.207608310501746
346,target,94,79,1.1023729087095586
347,combined,93,71,1.1487416512809248
348,estimated,93,77,1.1135092748275182
349,increase,93,78,1.1079053973095196
350,intestinal,93,44,1.3565473235138126
351,ras),93,92,1.0362121726544447
352,rate,93,73,1.136677139879544
353,under,93,78,1.1079053973095196
354,(95%,92,48,1.3187587626244128
355,common,92,83,1.080921907623926
356,risks,92,62,1.207608310501746
357,ckd,91,38,1.4202164033831899
358,diabetic,91,62,1.207608310501746
359,ratios,91,84,1.0757207139381184
360,available,90,78,1.1079053973095196
361,dysfunction,90,74,1.1307682802690238
362,three,90,75,1.1249387366083
363,via,90,82,1.0861861476162833
364,yet,90,88,1.0555173278498313
365,assess,89,83,1.080921907623926
366,included.,89,82,1.0861861476162833
367,interventions,89,72,1.1426675035687315
368,follow-up,88,76,1.1191864077192086
369,need,88,84,1.0757207139381184
370,postoperative,88,35,1.4559319556497243
371,promising,88,84,1.0757207139381184
372,reporting,88,50,1.3010299956639813
373,"loss,",87,69,1.1611509092627448
374,narrative,87,77,1.1135092748275182
375,nutritional,87,39,1.408935392973501
376,preclinical,87,66,1.1804560644581314
377,prescribed,87,66,1.1804560644581314
378,provides,87,83,1.080921907623926
379,before,86,74,1.1307682802690238
380,difference,86,67,1.1739251972991736
381,odds,86,62,1.207608310501746
382,overall,86,72,1.1426675035687315
383,rates,86,67,1.1739251972991736
384,relative,86,70,1.1549019599857433
385,will,86,53,1.275724130399211
386,cancer,85,27,1.5686362358410126
387,drugs,85,61,1.2146701649892329
388,energy,85,57,1.2441251443275085
389,fasting,85,48,1.3187587626244128
390,matched,85,61,1.2146701649892329
391,per,85,56,1.2518119729937995
392,"disease,",84,67,1.1739251972991736
393,due,84,76,1.1191864077192086
394,first,84,70,1.1549019599857433
395,responses,84,57,1.2441251443275085
396,risk.,83,72,1.1426675035687315
397,6,82,57,1.2441251443275085
398,metformin,82,46,1.337242168318426
399,antidiabetic,81,42,1.3767507096020994
400,hazard,81,64,1.193820026016113
401,loss.,81,69,1.1611509092627448
402,mice,81,44,1.3565473235138126
403,polypeptide,81,77,1.1135092748275182
404,age,80,72,1.1426675035687315
405,functional,80,65,1.1870866433571445
406,independent,80,73,1.136677139879544
407,several,80,75,1.1249387366083
408,therapy.,80,71,1.1487416512809248
409,glucose-dependent,79,78,1.1079053973095196
410,relevant,79,72,1.1426675035687315
411,sglt2,79,46,1.337242168318426
412,"trials,",79,65,1.1870866433571445
413,days,78,52,1.2839966563652008
414,effects.,78,74,1.1307682802690238
415,quality,78,52,1.2839966563652008
416,disorder,77,57,1.2441251443275085
417,intake,77,40,1.3979400086720377
418,suggests,77,71,1.1487416512809248
419,system,77,69,1.1611509092627448
420,(or,76,29,1.537602002101044
421,acid,76,50,1.3010299956639813
422,case,76,52,1.2839966563652008
423,important,76,70,1.1549019599857433
424,meta-analysis,76,57,1.2441251443275085
425,response,76,50,1.3010299956639813
426,associations,75,59,1.2291479883578558
427,cognitive,75,26,1.585026652029182
428,new,75,62,1.207608310501746
429,perioperative,75,41,1.3872161432802645
430,strategy,75,68,1.1674910872937636
431,week,75,36,1.4436974992327127
432,assessment,74,65,1.1870866433571445
433,complications,74,48,1.3187587626244128
434,factors,74,57,1.2441251443275085
435,global,74,69,1.1611509092627448
436,network,74,58,1.2365720064370627
437,regulatory,74,57,1.2441251443275085
438,severe,74,53,1.275724130399211
439,"weight,",74,59,1.2291479883578558
440,cells,73,45,1.3467874862246563
441,similar,73,61,1.2146701649892329
442,appetite,72,49,1.3098039199714864
443,elevated,72,58,1.2365720064370627
444,improvement,72,55,1.2596373105057561
445,meaningful,72,65,1.1870866433571445
446,obese,72,39,1.408935392973501
447,pooled,72,45,1.3467874862246563
448,they,72,60,1.2218487496163564
449,followed,71,68,1.1674910872937636
450,orforglipron,71,18,1.744727494896694
451,"patients,",71,62,1.207608310501746
452,secretion,71,50,1.3010299956639813
453,statistically,71,58,1.2365720064370627
454,undergoing,71,43,1.3665315444204134
455,prior,70,53,1.275724130399211
456,received,70,55,1.2596373105057561
457,administration,69,59,1.2291479883578558
458,matching,69,60,1.2218487496163564
459,medical,69,53,1.275724130399211
460,primarily,69,64,1.193820026016113
461,targeting,69,61,1.2146701649892329
462,could,68,61,1.2146701649892329
463,defined,68,60,1.2218487496163564
464,diet,68,47,1.3279021420642825
465,glucagon,68,39,1.408935392973501
466,heterogeneity,68,55,1.2596373105057561
467,limited.,68,68,1.1674910872937636
468,related,68,62,1.207608310501746
469,approaches,67,60,1.2218487496163564
470,because,67,53,1.275724130399211
471,composite,67,38,1.4202164033831899
472,driven,67,64,1.193820026016113
473,dysfunction-associated,67,57,1.2441251443275085
474,groups,67,57,1.2441251443275085
475,hormone,67,49,1.3098039199714864
476,older,67,44,1.3565473235138126
477,plasma,67,47,1.3279021420642825
478,syndrome,67,47,1.3279021420642825
479,tissue,67,50,1.3010299956639813
480,comparative,66,53,1.275724130399211
481,distinct,66,59,1.2291479883578558
482,"effects,",66,58,1.2365720064370627
483,literature,66,59,1.2291479883578558
484,progression,66,45,1.3467874862246563
485,5,65,44,1.3565473235138126
486,healthcare,65,45,1.3467874862246563
487,profile,65,59,1.2291479883578558
488,remained,65,60,1.2218487496163564
489,"study,",65,59,1.2291479883578558
490,supporting,65,60,1.2218487496163564
491,trinetx,65,62,1.207608310501746
492,underlying,65,60,1.2218487496163564
493,characterized,64,62,1.207608310501746
494,disease.,64,61,1.2146701649892329
495,glucose-lowering,64,48,1.3187587626244128
496,integrated,64,58,1.2365720064370627
497,least,64,49,1.3098039199714864
498,management.,64,61,1.2146701649892329
499,physical,64,44,1.3565473235138126
500,searched,64,64,1.193820026016113
501,weeks,64,45,1.3467874862246563
502,aged,63,55,1.2596373105057561
503,concerns,63,58,1.2365720064370627
504,"inflammation,",63,56,1.2518119729937995
505,adjusted,62,52,1.2839966563652008
506,analyzed,62,58,1.2365720064370627
507,approach,62,57,1.2441251443275085
508,dipeptidyl,62,57,1.2441251443275085
509,examined,62,57,1.2441251443275085
510,initiated,62,52,1.2839966563652008
511,masld,62,24,1.6197887582883939
512,often,62,58,1.2365720064370627
513,patients.,62,57,1.2441251443275085
514,pulmonary,62,24,1.6197887582883939
515,revealed,62,53,1.275724130399211
516,specific,62,56,1.2518119729937995
517,vascular,62,36,1.4436974992327127
518,30,61,55,1.2596373105057561
519,activation,61,46,1.337242168318426
520,compare,61,59,1.2291479883578558
521,include,61,52,1.2839966563652008
522,large,61,54,1.2676062401770316
523,male,61,42,1.3767507096020994
524,regression,61,57,1.2441251443275085
525,selected,61,55,1.2596373105057561
526,"treatment,",61,55,1.2596373105057561
527,demonstrate,60,57,1.2441251443275085
528,gip,60,27,1.5686362358410126
529,subgroup,60,46,1.337242168318426
530,surgical,60,42,1.3767507096020994
531,women,60,26,1.585026652029182
532,largely,59,55,1.2596373105057561
533,leading,59,58,1.2365720064370627
534,lean,59,27,1.5686362358410126
535,suggesting,59,57,1.2441251443275085
536,translational,59,51,1.2924298239020637
537,(t2dm),58,57,1.2441251443275085
538,4,58,46,1.337242168318426
539,about,58,48,1.3187587626244128
540,active,58,53,1.275724130399211
541,approved,58,49,1.3098039199714864
542,comprehensive,58,53,1.275724130399211
543,cotransporter-2,58,57,1.2441251443275085
544,developed,58,53,1.275724130399211
545,electronic,58,56,1.2518119729937995
546,factor,58,50,1.3010299956639813
547,inhibitor,58,38,1.4202164033831899
548,obesity-related,58,41,1.3872161432802645
549,prescribing,58,30,1.5228787452803376
550,psychiatric,58,27,1.5686362358410126
551,"therapies,",58,52,1.2839966563652008
552,treatment.,58,52,1.2839966563652008
553,unclear.,58,58,1.2365720064370627
554,"age,",57,49,1.3098039199714864
555,bone,57,25,1.6020599913279623
556,contribute,57,51,1.2924298239020637
557,"dysfunction,",57,50,1.3010299956639813
558,eligible,57,48,1.3187587626244128
559,four,57,52,1.2839966563652008
560,highlight,57,57,1.2441251443275085
561,impaired,57,50,1.3010299956639813
562,initiating,57,46,1.337242168318426
563,longitudinal,57,44,1.3565473235138126
564,median,57,41,1.3872161432802645
565,monitoring,57,47,1.3279021420642825
566,oxidative,57,43,1.3665315444204134
567,structural,57,39,1.408935392973501
568,treatments,57,47,1.3279021420642825
569,0.001).,56,45,1.3467874862246563
570,access,56,36,1.4436974992327127
571,activity,56,48,1.3187587626244128
572,cox,56,53,1.275724130399211
573,enhanced,56,50,1.3010299956639813
574,growing,56,54,1.2676062401770316
575,population,56,48,1.3187587626244128
576,randomised,56,41,1.3872161432802645
577,reducing,56,50,1.3010299956639813
578,resistance,56,43,1.3665315444204134
579,studies.,56,53,1.275724130399211
580,and/or,55,37,1.431798275933005
581,anti-inflammatory,55,43,1.3665315444204134
582,burden,55,52,1.2839966563652008
583,exploratory,55,45,1.3467874862246563
584,fatty,55,40,1.3979400086720377
585,frequently,55,54,1.2676062401770316
586,incident,55,31,1.5086383061657274
587,linked,55,50,1.3010299956639813
588,mace,55,29,1.537602002101044
589,practice,55,39,1.408935392973501
590,up,55,50,1.3010299956639813
591,adipose,54,41,1.3872161432802645
592,approximately,54,46,1.337242168318426
593,certainty,54,22,1.6575773191777938
594,composition,54,35,1.4559319556497243
595,different,54,48,1.3187587626244128
596,discontinuation,54,42,1.3767507096020994
597,disorders,54,45,1.3467874862246563
598,"embase,",54,54,1.2676062401770316
599,emerged,54,54,1.2676062401770316
600,given,54,50,1.3010299956639813
601,individual,54,52,1.2839966563652008
602,peptidase-4,54,50,1.3010299956639813
603,populations,54,49,1.3098039199714864
604,sustained,54,49,1.3098039199714864
605,adolescents,53,18,1.744727494896694
606,bias,53,40,1.3979400086720377
607,biological,53,42,1.3767507096020994
608,fibrosis,53,23,1.6382721639824072
609,hf,53,13,1.8860566476931633
610,involving,53,52,1.2839966563652008
611,mechanism,53,41,1.3872161432802645
612,microbiota,53,33,1.4814860601221125
613,myocardial,53,40,1.3979400086720377
614,present,53,51,1.2924298239020637
615,pressure,53,33,1.4814860601221125
616,"pubmed,",53,53,1.275724130399211
617,search,53,45,1.3467874862246563
618,serum,53,39,1.408935392973501
619,signals,53,33,1.4814860601221125
620,subcutaneous,53,43,1.3665315444204134
621,+,52,18,1.744727494896694
622,achieved,52,40,1.3979400086720377
623,any,52,47,1.3279021420642825
624,cotransporter,52,51,1.2924298239020637
625,critical,52,48,1.3187587626244128
626,dulaglutide,52,20,1.6989700043360187
627,found,52,44,1.3565473235138126
628,influence,52,48,1.3187587626244128
629,residual,52,39,1.408935392973501
630,show,52,50,1.3010299956639813
631,"therapy,",52,44,1.3565473235138126
632,"tirzepatide,",52,47,1.3279021420642825
633,"(hr,",51,13,1.8860566476931633
634,24,51,31,1.5086383061657274
635,against,51,45,1.3467874862246563
636,alone,51,41,1.3872161432802645
637,effectiveness,51,39,1.408935392973501
638,endocrine,51,33,1.4814860601221125
639,endothelial,51,24,1.6197887582883939
640,exercise,51,29,1.537602002101044
641,highlights,51,51,1.2924298239020637
642,improving,51,48,1.3187587626244128
643,intervention,51,44,1.3565473235138126
644,markers,51,40,1.3979400086720377
645,reports,51,36,1.4436974992327127
646,shown,51,51,1.2924298239020637
647,single,51,42,1.3767507096020994
648,sleep,51,28,1.5528419686577808
649,steatotic,51,47,1.3279021420642825
650,stress,51,44,1.3565473235138126
651,"use,",51,42,1.3767507096020994
652,weight-loss,51,37,1.431798275933005
653,address,50,46,1.337242168318426
654,cardiac,50,33,1.4814860601221125
655,cochrane,50,42,1.3767507096020994
656,confirmed,50,46,1.337242168318426
657,consistently,50,47,1.3279021420642825
658,event,50,39,1.408935392973501
659,generally,50,47,1.3279021420642825
660,glycaemic,50,36,1.4436974992327127
661,group.,50,40,1.3979400086720377
662,inflammation,50,43,1.3665315444204134
663,interval,50,48,1.3187587626244128
664,"management,",50,49,1.3098039199714864
665,modulation,50,43,1.3665315444204134
666,occurred,50,41,1.3872161432802645
667,population.,50,47,1.3279021420642825
668,targeted,50,44,1.3565473235138126
669,"years,",50,47,1.3279021420642825
670,1:1,49,47,1.3279021420642825
671,absolute,49,37,1.431798275933005
672,"agonist,",49,47,1.3279021420642825
673,currently,49,43,1.3665315444204134
674,diagnosis,49,43,1.3665315444204134
675,evaluating,49,46,1.337242168318426
676,intervals,49,47,1.3279021420642825
677,investigated,49,48,1.3187587626244128
678,"mg,",49,16,1.7958800173440752
679,models.,49,49,1.3098039199714864
680,peripheral,49,36,1.4436974992327127
681,postprandial,49,22,1.6575773191777938
682,preoperative,49,28,1.5528419686577808
683,prevention,49,35,1.4559319556497243
684,regulation,49,42,1.3767507096020994
685,standard,49,37,1.431798275933005
686,understanding,49,43,1.3665315444204134
687,use.,49,46,1.337242168318426
688,web,49,48,1.3187587626244128
689,[95%,48,25,1.6020599913279623
690,according,48,43,1.3665315444204134
691,adherence,48,31,1.5086383061657274
692,af,48,10,2.0
693,alongside,48,46,1.337242168318426
694,causal,48,44,1.3565473235138126
695,complementary,48,44,1.3565473235138126
696,daily,48,34,1.4685210829577449
697,determine,48,48,1.3187587626244128
698,eating,48,24,1.6197887582883939
699,establish,48,45,1.3467874862246563
700,independently,48,44,1.3565473235138126
701,kg/m2,48,31,1.5086383061657274
702,less,48,43,1.3665315444204134
703,"liraglutide,",48,37,1.431798275933005
704,"metformin,",48,41,1.3872161432802645
705,n,48,27,1.5686362358410126
706,require,48,46,1.337242168318426
707,structured,48,37,1.431798275933005
708,supports,48,46,1.337242168318426
709,toward,48,44,1.3565473235138126
710,alcohol,47,16,1.7958800173440752
711,biomarkers,47,41,1.3872161432802645
712,cohorts,47,43,1.3665315444204134
713,"control,",47,46,1.337242168318426
714,"events,",47,40,1.3979400086720377
715,hr,47,22,1.6575773191777938
716,implications,47,44,1.3565473235138126
717,injury,47,39,1.408935392973501
718,"overall,",47,46,1.337242168318426
719,pathway,47,39,1.408935392973501
720,"pathways,",47,44,1.3565473235138126
721,pharmacotherapy,47,36,1.4436974992327127
722,proportion,47,35,1.4559319556497243
723,represent,47,46,1.337242168318426
724,"stress,",47,38,1.4202164033831899
725,symptoms,47,36,1.4436974992327127
726,2025.,46,44,1.3565473235138126
727,axis,46,36,1.4436974992327127
728,care.,46,44,1.3565473235138126
729,cholesterol,46,23,1.6382721639824072
730,discuss,46,40,1.3979400086720377
731,do,46,43,1.3665315444204134
732,does,46,41,1.3872161432802645
733,female,46,33,1.4814860601221125
734,glp-1-based,46,27,1.5686362358410126
735,highly,46,41,1.3872161432802645
736,metabolism,46,38,1.4202164033831899
737,physiological,46,31,1.5086383061657274
738,potentially,46,43,1.3665315444204134
739,small,46,39,1.408935392973501
740,targets,46,36,1.4436974992327127
741,trials.,46,43,1.3665315444204134
742,(t2d),45,45,1.3467874862246563
743,>,45,32,1.494850021680094
744,design,45,41,1.3872161432802645
745,evidence.,45,25,1.6020599913279623
746,genetic,45,35,1.4559319556497243
747,hormones,45,27,1.5686362358410126
748,june,45,44,1.3565473235138126
749,"metabolism,",45,39,1.408935392973501
750,microbial,45,22,1.6575773191777938
751,national,45,38,1.4202164033831899
752,percentage,45,32,1.494850021680094
753,produced,45,42,1.3767507096020994
754,proportional,45,44,1.3565473235138126
755,report,45,38,1.4202164033831899
756,routine,45,41,1.3872161432802645
757,some,45,42,1.3767507096020994
758,challenges,44,40,1.3979400086720377
759,considered,44,42,1.3767507096020994
760,death,44,30,1.5228787452803376
761,examine,44,43,1.3665315444204134
762,"function,",44,38,1.4202164033831899
763,healthy,44,36,1.4436974992327127
764,january,44,43,1.3665315444204134
765,likely,44,40,1.3979400086720377
766,moderate,44,37,1.431798275933005
767,preserved,44,42,1.3767507096020994
768,protective,44,40,1.3979400086720377
769,"risk,",44,40,1.3979400086720377
770,"surgery,",44,39,1.408935392973501
771,underwent,44,36,1.4436974992327127
772,widely,44,43,1.3665315444204134
773,year,44,32,1.494850021680094
774,attenuated,43,40,1.3979400086720377
775,conditions,43,38,1.4202164033831899
776,control.,43,39,1.408935392973501
777,endpoint,43,35,1.4559319556497243
778,evaluation,43,38,1.4202164033831899
779,interpreted,43,42,1.3767507096020994
780,known,43,41,1.3872161432802645
781,level,43,32,1.494850021680094
782,"matching,",43,40,1.3979400086720377
783,"mortality,",43,33,1.4814860601221125
784,represents,43,41,1.3872161432802645
785,required,43,40,1.3979400086720377
786,"resistance,",43,38,1.4202164033831899
787,respectively.,43,38,1.4202164033831899
788,survey,43,28,1.5528419686577808
789,where,43,39,1.408935392973501
790,(mean,42,35,1.4559319556497243
791,(rr,42,13,1.8860566476931633
792,agents.,42,38,1.4202164033831899
793,asthma,42,7,2.154901959985743
794,atrial,42,23,1.6382721639824072
795,cardiorenal,42,26,1.585026652029182
796,complex,42,39,1.408935392973501
797,database,42,38,1.4202164033831899
798,december,42,38,1.4202164033831899
799,examines,42,42,1.3767507096020994
800,existing,42,36,1.4436974992327127
801,heterogeneous,42,40,1.3979400086720377
802,highlighting,42,41,1.3872161432802645
803,increases,42,39,1.408935392973501
804,measured,42,40,1.3979400086720377
805,multivariable,42,33,1.4814860601221125
806,populations.,42,40,1.3979400086720377
807,positive,42,35,1.4559319556497243
808,skeletal,42,26,1.585026652029182
809,stroke,42,18,1.744727494896694
810,surgery.,42,32,1.494850021680094
811,us,42,41,1.3872161432802645
812,10,41,30,1.5228787452803376
813,"analysis,",41,37,1.431798275933005
814,comparable,41,35,1.4559319556497243
815,"data,",41,36,1.4436974992327127
816,either,41,41,1.3872161432802645
817,estimate,41,37,1.431798275933005
818,events.,41,33,1.4814860601221125
819,immune,41,28,1.5528419686577808
820,"insulin,",41,36,1.4436974992327127
821,interactions,41,35,1.4559319556497243
822,"metabolic,",41,35,1.4559319556497243
823,offer,41,41,1.3872161432802645
824,patterns,41,36,1.4436974992327127
825,prescription,41,28,1.5528419686577808
826,prevent,41,27,1.5686362358410126
827,stage,41,23,1.6382721639824072
828,"1,",40,36,1.4436974992327127
829,advances,40,36,1.4436974992327127
830,alternative,40,31,1.5086383061657274
831,class,40,32,1.494850021680094
832,classes,40,32,1.494850021680094
833,"efficacy,",40,37,1.431798275933005
834,egfr,40,22,1.6575773191777938
835,exhibited,40,32,1.494850021680094
836,help,40,36,1.4436974992327127
837,importance,40,39,1.408935392973501
838,modest,40,38,1.4202164033831899
839,pediatric,40,20,1.6989700043360187
840,prevalence,40,36,1.4436974992327127
841,published,40,38,1.4202164033831899
842,random-effects,40,39,1.408935392973501
843,robust,40,37,1.431798275933005
844,scores,40,30,1.5228787452803376
845,shared,40,35,1.4559319556497243
846,test,40,31,1.5086383061657274
847,though,40,38,1.4202164033831899
848,β-cell,40,21,1.6777807052660807
849,adult,39,35,1.4559319556497243
850,advanced,39,33,1.4814860601221125
851,cellular,39,28,1.5528419686577808
852,"complications,",39,30,1.5228787452803376
853,criteria,39,32,1.494850021680094
854,differ,39,37,1.431798275933005
855,disorders.,39,32,1.494850021680094
856,ejection,39,32,1.494850021680094
857,favorable,39,34,1.4685210829577449
858,groups.,39,34,1.4685210829577449
859,pathways.,39,36,1.4436974992327127
860,persistent,39,28,1.5528419686577808
861,predominantly,39,34,1.4685210829577449
862,recognized,39,38,1.4202164033831899
863,"signaling,",39,37,1.431798275933005
864,standardized,39,33,1.4814860601221125
865,"activity,",38,33,1.4814860601221125
866,analyses.,38,34,1.4685210829577449
867,cause,38,38,1.4202164033831899
868,circulating,38,23,1.6382721639824072
869,continued,38,30,1.5228787452803376
870,coronary,38,20,1.6989700043360187
871,"furthermore,",38,36,1.4436974992327127
872,high-risk,38,32,1.494850021680094
873,incompletely,38,37,1.431798275933005
874,induced,38,34,1.4685210829577449
875,many,38,35,1.4559319556497243
876,met,38,32,1.494850021680094
877,optimal,38,31,1.5086383061657274
878,propose,38,37,1.431798275933005
879,ra),38,37,1.431798275933005
880,rcts,38,27,1.5686362358410126
881,receptors,38,24,1.6197887582883939
882,skin,38,18,1.744727494896694
883,status,38,31,1.5086383061657274
884,years.,38,33,1.4814860601221125
885,(glp-1r),37,37,1.431798275933005
886,2025,37,36,1.4436974992327127
887,balance,37,32,1.494850021680094
888,comparing,37,36,1.4436974992327127
889,concentrations,37,23,1.6382721639824072
890,cross-sectional,37,34,1.4685210829577449
891,directly,37,33,1.4814860601221125
892,investigate,37,36,1.4436974992327127
893,"levels,",37,30,1.5228787452803376
894,meta-analyses,37,33,1.4814860601221125
895,monotherapy,37,23,1.6382721639824072
896,multidisciplinary,37,34,1.4685210829577449
897,opioid,37,11,1.9586073148417749
898,period.,37,33,1.4814860601221125
899,plus,37,26,1.585026652029182
900,range,37,28,1.5528419686577808
901,therapies.,37,36,1.4436974992327127
902,visceral,37,22,1.6575773191777938
903,"0.001),",36,23,1.6382721639824072
904,accompanied,36,34,1.4685210829577449
905,addition,36,33,1.4814860601221125
906,"agents,",36,32,1.494850021680094
907,aims,36,35,1.4559319556497243
908,analysis.,36,33,1.4814860601221125
909,being,36,34,1.4685210829577449
910,beneficial,36,32,1.494850021680094
911,commonly,36,34,1.4685210829577449
912,comparisons,36,32,1.494850021680094
913,controls,36,29,1.537602002101044
914,delivery,36,27,1.5686362358410126
915,diagnosed,36,30,1.5228787452803376
916,diseases,36,26,1.585026652029182
917,experimental,36,32,1.494850021680094
918,explore,36,35,1.4559319556497243
919,"group,",36,25,1.6020599913279623
920,"here,",36,35,1.4559319556497243
921,homeostasis,36,30,1.5228787452803376
922,hospitalization,36,21,1.6777807052660807
923,managing,36,34,1.4685210829577449
924,mechanisms.,36,32,1.494850021680094
925,once-weekly,36,26,1.585026652029182
926,period,36,32,1.494850021680094
927,"placebo,",36,27,1.5686362358410126
928,poorly,36,35,1.4559319556497243
929,profiles,36,32,1.494850021680094
930,relationship,36,33,1.4814860601221125
931,"safety,",36,35,1.4559319556497243
932,stable,36,30,1.5228787452803376
933,strong,36,34,1.4685210829577449
934,subsequent,36,33,1.4814860601221125
935,suggested,36,31,1.5086383061657274
936,t2dm.,36,29,1.537602002101044
937,transformed,36,36,1.4436974992327127
938,uncertain.,36,34,1.4685210829577449
939,urinary,36,23,1.6382721639824072
940,utilization,36,21,1.6777807052660807
941,validated,36,33,1.4814860601221125
942,vitro,36,28,1.5528419686577808
943,90-day,35,16,1.7958800173440752
944,biomarker,35,27,1.5686362358410126
945,broader,35,33,1.4814860601221125
946,candidate,35,30,1.5228787452803376
947,characteristics,35,32,1.494850021680094
948,data.,35,34,1.4685210829577449
949,decrease,35,28,1.5528419686577808
950,dementia,35,10,2.0
951,dpp-4,35,21,1.6777807052660807
952,endpoints,35,29,1.537602002101044
953,estimates,35,21,1.6777807052660807
954,exert,35,33,1.4814860601221125
955,experienced,35,31,1.5086383061657274
956,hazards,35,29,1.537602002101044
957,hypoglycemia,35,14,1.853871964321762
958,indirect,35,28,1.5528419686577808
959,levels.,35,34,1.4685210829577449
960,linking,35,34,1.4685210829577449
961,months.,35,28,1.5528419686577808
962,parameters,35,31,1.5086383061657274
963,promote,35,34,1.4685210829577449
964,records,35,33,1.4814860601221125
965,reviews,35,27,1.5686362358410126
966,serious,35,32,1.494850021680094
967,strategies.,35,30,1.5228787452803376
968,study.,35,34,1.4685210829577449
969,substantially,35,33,1.4814860601221125
970,systematically,35,35,1.4559319556497243
971,thereby,35,32,1.494850021680094
972,tolerance,35,28,1.5528419686577808
973,very,35,16,1.7958800173440752
974,(all,34,26,1.585026652029182
975,"analyses,",34,30,1.5228787452803376
976,benefits.,34,33,1.4814860601221125
977,brain,34,24,1.6197887582883939
978,"care,",34,31,1.5086383061657274
979,completed,34,30,1.5228787452803376
980,complications.,34,29,1.537602002101044
981,conventional,34,27,1.5686362358410126
982,dpp4i,34,16,1.7958800173440752
983,duration,34,26,1.585026652029182
984,gip/glp-1,34,30,1.5228787452803376
985,interest,34,33,1.4814860601221125
986,mortality.,34,29,1.537602002101044
987,now,34,33,1.4814860601221125
988,particular,34,33,1.4814860601221125
989,production,34,20,1.6989700043360187
990,providing,34,32,1.494850021680094
991,public,34,29,1.537602002101044
992,recorded,34,20,1.6989700043360187
993,t1d,34,16,1.7958800173440752
994,1-year,33,17,1.7695510786217261
995,2024.,33,30,1.5228787452803376
996,2026.,33,33,1.4814860601221125
997,altered,33,32,1.494850021680094
998,beta,33,8,2.0969100130080562
999,chinese,33,22,1.6575773191777938
1000,comparison,33,30,1.5228787452803376
1001,doses,33,25,1.6020599913279623
1002,essential,33,33,1.4814860601221125
1003,"evidence,",33,32,1.494850021680094
1004,focus,33,33,1.4814860601221125
1005,fraction,33,30,1.5228787452803376
1006,glp1-ra,33,10,2.0
1007,"glucose,",33,26,1.585026652029182
1008,hfpef,33,13,1.8860566476931633
1009,i2,33,13,1.8860566476931633
1010,individualized,33,31,1.5086383061657274
1011,"intake,",33,26,1.585026652029182
1012,integrating,33,32,1.494850021680094
1013,ischemic,33,22,1.6575773191777938
1014,maintenance,33,26,1.585026652029182
1015,"mechanisms,",33,31,1.5086383061657274
1016,precision,33,31,1.5086383061657274
1017,rapid,33,30,1.5228787452803376
1018,sglt-2,33,17,1.7695510786217261
1019,short-term,33,23,1.6382721639824072
1020,stratified,33,30,1.5228787452803376
1021,summarizes,33,32,1.494850021680094
1022,survival,33,21,1.6777807052660807
1023,(glp-1ra),32,31,1.5086383061657274
1024,achieving,32,24,1.6197887582883939
1025,adjunct,32,25,1.6020599913279623
1026,agonists.,32,32,1.494850021680094
1027,aim,32,32,1.494850021680094
1028,applied,32,31,1.5086383061657274
1029,attention,32,31,1.5086383061657274
1030,binding,32,16,1.7958800173440752
1031,children,32,10,2.0
1032,clinicaltrials.gov,32,31,1.5086383061657274
1033,confirm,32,32,1.494850021680094
1034,"disorders,",32,28,1.5528419686577808
1035,gaps,32,30,1.5228787452803376
1036,impairment,32,21,1.6777807052660807
1037,information,32,29,1.537602002101044
1038,interaction,32,30,1.5228787452803376
1039,limitations,32,30,1.5228787452803376
1040,living,32,23,1.6382721639824072
1041,measures,32,30,1.5228787452803376
1042,pancreatitis,32,10,2.0
1043,percent,32,24,1.6197887582883939
1044,practical,32,32,1.494850021680094
1045,previously,32,27,1.5686362358410126
1046,promoting,32,30,1.5228787452803376
1047,resulting,32,31,1.5086383061657274
1048,volume,32,21,1.6777807052660807
1049,(gip),31,30,1.5228787452803376
1050,2026,31,29,1.537602002101044
1051,90,31,23,1.6382721639824072
1052,action,31,30,1.5228787452803376
1053,addressing,31,30,1.5228787452803376
1054,along,31,26,1.585026652029182
1055,better,31,30,1.5228787452803376
1056,continuous,31,30,1.5228787452803376
1057,"contrast,",31,31,1.5086383061657274
1058,cvd,31,12,1.9208187539523751
1059,dysfunction.,31,30,1.5228787452803376
1060,enhance,31,28,1.5528419686577808
1061,guide,31,31,1.5086383061657274
1062,guidelines,31,28,1.5528419686577808
1063,history,31,22,1.6575773191777938
1064,hypothesis-generating,31,30,1.5228787452803376
1065,mediated,31,28,1.5528419686577808
1066,medicine,31,29,1.537602002101044
1067,pain,31,16,1.7958800173440752
1068,predicted,31,22,1.6575773191777938
1069,prevalent,31,31,1.5086383061657274
1070,"reduction,",31,29,1.537602002101044
1071,"respectively,",31,28,1.5528419686577808
1072,retatrutide,31,10,2.0
1073,"review,",31,31,1.5086383061657274
1074,"sex,",31,27,1.5686362358410126
1075,side,31,27,1.5686362358410126
1076,six,31,28,1.5528419686577808
1077,"t2dm,",31,25,1.6020599913279623
1078,trajectories,31,20,1.6989700043360187
1079,triple,31,20,1.6989700043360187
1080,value,31,27,1.5686362358410126
1081,vivo,31,25,1.6020599913279623
1082,weeks.,31,29,1.537602002101044
1083,ad,30,12,1.9208187539523751
1084,agonism,30,18,1.744727494896694
1085,clinicians,30,27,1.5686362358410126
1086,conditions.,30,28,1.5528419686577808
1087,cv,30,9,2.0457574905606752
1088,decline,30,26,1.585026652029182
1089,define,30,29,1.537602002101044
1090,derived,30,30,1.5228787452803376
1091,especially,30,29,1.537602002101044
1092,feeding,30,15,1.8239087409443189
1093,fewer,30,26,1.585026652029182
1094,glomerular,30,26,1.585026652029182
1095,greatest,30,27,1.5686362358410126
1096,inception,30,30,1.5228787452803376
1097,inhibition,30,22,1.6575773191777938
1098,initial,30,28,1.5528419686577808
1099,medications.,30,26,1.585026652029182
1100,mice.,30,26,1.585026652029182
1101,mouse,30,24,1.6197887582883939
1102,osa,30,8,2.0969100130080562
1103,prespecified,30,25,1.6020599913279623
1104,recommendations,30,26,1.585026652029182
1105,remodeling,30,24,1.6197887582883939
1106,requires,30,28,1.5528419686577808
1107,"secretion,",30,29,1.537602002101044
1108,signaling.,30,28,1.5528419686577808
1109,signalling,30,21,1.6777807052660807
1110,supplementation,30,18,1.744727494896694
1111,synthesizes,30,30,1.5228787452803376
1112,unique,30,26,1.585026652029182
1113,various,30,29,1.537602002101044
1114,vitamin,30,15,1.8239087409443189
1115,×,30,18,1.744727494896694
1116,8,29,25,1.6020599913279623
1117,adults.,29,24,1.6197887582883939
1118,basal,29,22,1.6575773191777938
1119,behavioral,29,21,1.6777807052660807
1120,"benefits,",29,29,1.537602002101044
1121,cohort.,29,26,1.585026652029182
1122,collaborative,29,29,1.537602002101044
1123,comorbidities.,29,28,1.5528419686577808
1124,context,29,28,1.5528419686577808
1125,demonstrating,29,28,1.5528419686577808
1126,depression,29,13,1.8860566476931633
1127,documented,29,19,1.721246399047171
1128,emergency,29,23,1.6382721639824072
1129,exposure.,29,26,1.585026652029182
1130,"factors,",29,27,1.5686362358410126
1131,"groups,",29,26,1.585026652029182
1132,"hba1c,",29,25,1.6020599913279623
1133,hormonal,29,25,1.6020599913279623
1134,if,29,22,1.6575773191777938
1135,indicating,29,28,1.5528419686577808
1136,insights,29,28,1.5528419686577808
1137,investigation,29,28,1.5528419686577808
1138,isolated,29,19,1.721246399047171
1139,led,29,25,1.6020599913279623
1140,like,29,26,1.585026652029182
1141,mash,29,13,1.8860566476931633
1142,modulating,29,28,1.5528419686577808
1143,neuropathy,29,19,1.721246399047171
1144,"notably,",29,29,1.537602002101044
1145,pathological,29,23,1.6382721639824072
1146,pharmacologic,29,26,1.585026652029182
1147,possible,29,28,1.5528419686577808
1148,post,29,19,1.721246399047171
1149,protection,29,24,1.6197887582883939
1150,randomly,29,18,1.744727494896694
1151,rats,29,16,1.7958800173440752
1152,receive,29,25,1.6020599913279623
1153,severity,29,24,1.6197887582883939
1154,shift,29,29,1.537602002101044
1155,"status,",29,27,1.5686362358410126
1156,supported,29,26,1.585026652029182
1157,suppression,29,22,1.6575773191777938
1158,synthesis,29,24,1.6197887582883939
1159,together,29,26,1.585026652029182
1160,weekly,29,25,1.6020599913279623
1161,"(e.g.,",28,21,1.6777807052660807
1162,"adults,",28,24,1.6197887582883939
1163,aging,28,18,1.744727494896694
1164,alone.,28,26,1.585026652029182
1165,alzheimer's,28,17,1.7695510786217261
1166,anti-obesity,28,18,1.744727494896694
1167,appropriate,28,26,1.585026652029182
1168,atherosclerotic,28,22,1.6575773191777938
1169,"axis,",28,25,1.6020599913279623
1170,barrier,28,22,1.6575773191777938
1171,become,28,28,1.5528419686577808
1172,best,28,17,1.7695510786217261
1173,contemporary,28,24,1.6197887582883939
1174,costs,28,15,1.8239087409443189
1175,diseases.,28,24,1.6197887582883939
1176,diverse,28,28,1.5528419686577808
1177,evidence-based,28,27,1.5686362358410126
1178,frequent,28,26,1.585026652029182
1179,gain,28,24,1.6197887582883939
1180,general,28,26,1.585026652029182
1181,glp-1/gip,28,17,1.7695510786217261
1182,growth,28,23,1.6382721639824072
1183,hypoglycaemia,28,15,1.8239087409443189
1184,indicate,28,28,1.5528419686577808
1185,knowledge,28,22,1.6575773191777938
1186,life,28,24,1.6197887582883939
1187,logistic,28,27,1.5686362358410126
1188,ml/min/1.73,28,17,1.7695510786217261
1189,"months,",28,23,1.6382721639824072
1190,offers,28,28,1.5528419686577808
1191,recommend,28,12,1.9208187539523751
1192,same,28,27,1.5686362358410126
1193,semaglutide.,28,26,1.585026652029182
1194,therefore,28,28,1.5528419686577808
1195,traditional,28,25,1.6020599913279623
1196,(ckd),27,26,1.585026652029182
1197,2.4,27,13,1.8860566476931633
1198,"addition,",27,25,1.6020599913279623
1199,basis,27,24,1.6197887582883939
1200,cases,27,20,1.6989700043360187
1201,claims,27,27,1.5686362358410126
1202,"comorbidities,",27,27,1.5686362358410126
1203,comorbidity,27,24,1.6197887582883939
1204,complication,27,26,1.585026652029182
1205,diagnostic,27,22,1.6575773191777938
1206,emptying,27,17,1.7695510786217261
1207,extend,27,26,1.585026652029182
1208,five,27,22,1.6575773191777938
1209,follow-up.,27,27,1.5686362358410126
1210,frequency,27,21,1.6777807052660807
1211,hemoglobin,27,27,1.5686362358410126
1212,high-fat,27,17,1.7695510786217261
1213,kg,27,20,1.6989700043360187
1214,mental,27,17,1.7695510786217261
1215,number,27,27,1.5686362358410126
1216,once,27,24,1.6197887582883939
1217,optic,27,14,1.853871964321762
1218,provided,27,26,1.585026652029182
1219,rapidly,27,27,1.5686362358410126
1220,release,27,18,1.744727494896694
1221,roles,27,22,1.6575773191777938
1222,science,27,26,1.585026652029182
1223,"science,",27,27,1.5686362358410126
1224,screening,27,24,1.6197887582883939
1225,selection,27,27,1.5686362358410126
1226,social,27,22,1.6575773191777938
1227,states,27,22,1.6575773191777938
1228,statistical,27,24,1.6197887582883939
1229,treating,27,23,1.6382721639824072
1230,uacr,27,11,1.9586073148417749
1231,understood.,27,27,1.5686362358410126
1232,(sglt2),26,26,1.585026652029182
1233,adjunctive,26,21,1.6777807052660807
1234,articles,26,16,1.7958800173440752
1235,broad,26,23,1.6382721639824072
1236,cannot,26,26,1.585026652029182
1237,coverage,26,13,1.8860566476931633
1238,endogenous,26,19,1.721246399047171
1239,experience,26,24,1.6197887582883939
1240,filtration,26,24,1.6197887582883939
1241,fully,26,25,1.6020599913279623
1242,function.,26,24,1.6197887582883939
1243,hair,26,5,2.3010299956639813
1244,incremental,26,18,1.744727494896694
1245,indicates,26,23,1.6382721639824072
1246,inflammation.,26,25,1.6020599913279623
1247,linear,26,25,1.6020599913279623
1248,"medications,",26,24,1.6197887582883939
1249,million,26,20,1.6989700043360187
1250,modification,26,22,1.6575773191777938
1251,neuroprotective,26,18,1.744727494896694
1252,ongoing,26,23,1.6382721639824072
1253,phenotype,26,19,1.721246399047171
1254,placebo.,26,20,1.6989700043360187
1255,progressive,26,26,1.585026652029182
1256,proposed,26,24,1.6197887582883939
1257,reduction.,26,24,1.6197887582883939
1258,registered,26,26,1.585026652029182
1259,"regulation,",26,25,1.6020599913279623
1260,reproductive,26,14,1.853871964321762
1261,t2d.,26,20,1.6989700043360187
1262,"therefore,",26,25,1.6020599913279623
1263,"trial,",26,24,1.6197887582883939
1264,validation,26,22,1.6575773191777938
1265,white,26,16,1.7958800173440752
1266,0.001),25,19,1.721246399047171
1267,18,25,20,1.6989700043360187
1268,"2025,",25,23,1.6382721639824072
1269,60,25,14,1.853871964321762
1270,accumulation,25,20,1.6989700043360187
1271,"additionally,",25,25,1.6020599913279623
1272,assigned,25,16,1.7958800173440752
1273,bile,25,17,1.7695510786217261
1274,calculated,25,25,1.6020599913279623
1275,capacity,25,21,1.6777807052660807
1276,cells.,25,22,1.6575773191777938
1277,characterize,25,24,1.6197887582883939
1278,clarify,25,24,1.6197887582883939
1279,combining,25,22,1.6575773191777938
1280,complete,25,21,1.6777807052660807
1281,considerations,25,21,1.6777807052660807
1282,cost,25,12,1.9208187539523751
1283,delayed,25,22,1.6575773191777938
1284,downstream,25,22,1.6575773191777938
1285,enrolled,25,22,1.6575773191777938
1286,extracted,25,25,1.6020599913279623
1287,factors.,25,23,1.6382721639824072
1288,focused,25,25,1.6020599913279623
1289,highest,25,22,1.6575773191777938
1290,hypertension,25,16,1.7958800173440752
1291,indicated,25,25,1.6020599913279623
1292,kaplan-meier,25,20,1.6989700043360187
1293,lack,25,24,1.6197887582883939
1294,longer,25,24,1.6197887582883939
1295,mainly,25,24,1.6197887582883939
1296,marked,25,24,1.6197887582883939
1297,markedly,25,25,1.6020599913279623
1298,mediation,25,17,1.7695510786217261
1299,mild,25,20,1.6989700043360187
1300,modern,25,16,1.7958800173440752
1301,morbidity,25,23,1.6382721639824072
1302,network.,25,24,1.6197887582883939
1303,neural,25,18,1.744727494896694
1304,neuropsychiatric,25,11,1.9586073148417749
1305,normal,25,18,1.744727494896694
1306,online,25,19,1.721246399047171
1307,peptides,25,18,1.744727494896694
1308,poor,25,25,1.6020599913279623
1309,"populations,",25,22,1.6575773191777938
1310,program,25,19,1.721246399047171
1311,properties,25,23,1.6382721639824072
1312,specifically,25,24,1.6197887582883939
1313,"syndrome,",25,24,1.6197887582883939
1314,testing,25,21,1.6777807052660807
1315,then,25,25,1.6020599913279623
1316,"tolerability,",25,21,1.6777807052660807
1317,(bmi),24,24,1.6197887582883939
1318,(masld),24,24,1.6197887582883939
1319,(median,24,21,1.6777807052660807
1320,(odds,24,23,1.6382721639824072
1321,14,24,19,1.721246399047171
1322,"3,",24,21,1.6777807052660807
1323,7,24,21,1.6777807052660807
1324,"activation,",24,23,1.6382721639824072
1325,area,24,22,1.6575773191777938
1326,ckm,24,9,2.0457574905606752
1327,comorbidities,24,21,1.6777807052660807
1328,"composition,",24,21,1.6777807052660807
1329,condition,24,23,1.6382721639824072
1330,contributes,24,23,1.6382721639824072
1331,cost-effectiveness,24,8,2.0969100130080562
1332,dedicated,24,22,1.6575773191777938
1333,emphasis,24,24,1.6197887582883939
1334,evolving,24,23,1.6382721639824072
1335,excess,24,23,1.6382721639824072
1336,"fibrosis,",24,21,1.6777807052660807
1337,focusing,24,24,1.6197887582883939
1338,guidance,24,20,1.6989700043360187
1339,"health,",24,20,1.6989700043360187
1340,inclusion,24,23,1.6382721639824072
1341,inform,24,21,1.6777807052660807
1342,"injury,",24,22,1.6575773191777938
1343,insurance,24,17,1.7695510786217261
1344,"interventions,",24,22,1.6575773191777938
1345,inverse,24,21,1.6777807052660807
1346,involved,24,24,1.6197887582883939
1347,joint,24,17,1.7695510786217261
1348,larger,24,23,1.6382721639824072
1349,mechanical,24,12,1.9208187539523751
1350,might,24,22,1.6575773191777938
1351,mineralocorticoid,24,24,1.6197887582883939
1352,newly,24,18,1.744727494896694
1353,obstructive,24,24,1.6197887582883939
1354,pcos,24,6,2.221848749616356
1355,presence,24,18,1.744727494896694
1356,probability,24,22,1.6575773191777938
1357,"ras,",24,16,1.7958800173440752
1358,record,24,22,1.6575773191777938
1359,reduces,24,23,1.6382721639824072
1360,reflect,24,23,1.6382721639824072
1361,relevance,24,23,1.6382721639824072
1362,respiratory,24,18,1.744727494896694
1363,screened,24,22,1.6575773191777938
1364,series,24,16,1.7958800173440752
1365,serve,24,23,1.6382721639824072
1366,state,24,21,1.6777807052660807
1367,steatohepatitis,24,20,1.6989700043360187
1368,superior,24,23,1.6382721639824072
1369,"t2d,",24,21,1.6777807052660807
1370,thyroid,24,15,1.8239087409443189
1371,u.s.,24,20,1.6989700043360187
1372,waist,24,20,1.6989700043360187
1373,whom,24,24,1.6197887582883939
1374,work,24,22,1.6575773191777938
1375,"(glp-1ras),",23,23,1.6382721639824072
1376,"(t2dm),",23,23,1.6382721639824072
1377,0.05).,23,14,1.853871964321762
1378,2024,23,23,1.6382721639824072
1379,achieve,23,23,1.6382721639824072
1380,affect,23,23,1.6382721639824072
1381,affects,23,23,1.6382721639824072
1382,airway,23,14,1.853871964321762
1383,artery,23,15,1.8239087409443189
1384,"assessment,",23,21,1.6777807052660807
1385,barriers,23,18,1.744727494896694
1386,biology,23,21,1.6777807052660807
1387,"ckd,",23,18,1.744727494896694
1388,comprising,23,23,1.6382721639824072
1389,consumption,23,18,1.744727494896694
1390,content,23,15,1.8239087409443189
1391,counseling,23,15,1.8239087409443189
1392,dkd,23,9,2.0457574905606752
1393,dosing,23,16,1.7958800173440752
1394,epithelial,23,15,1.8239087409443189
1395,esgena,23,1,3.0
1396,evaluates,23,23,1.6382721639824072
1397,expanding,23,22,1.6575773191777938
1398,faers,23,12,1.9208187539523751
1399,"failure,",23,21,1.6777807052660807
1400,free,23,19,1.721246399047171
1401,gipr,23,7,2.154901959985743
1402,health.,23,23,1.6382721639824072
1403,implementation,23,22,1.6575773191777938
1404,induce,23,23,1.6382721639824072
1405,injectable,23,15,1.8239087409443189
1406,long-acting,23,19,1.721246399047171
1407,modulate,23,23,1.6382721639824072
1408,naion,23,8,2.0969100130080562
1409,negative,23,21,1.6777807052660807
1410,nutrition,23,17,1.7695510786217261
1411,pathophysiological,23,22,1.6575773191777938
1412,points,23,17,1.7695510786217261
1413,preliminary,23,22,1.6575773191777938
1414,prisma,23,22,1.6575773191777938
1415,products,23,13,1.8860566476931633
1416,profiles.,23,23,1.6382721639824072
1417,psychological,23,11,1.9586073148417749
1418,reference,23,17,1.7695510786217261
1419,requiring,23,22,1.6575773191777938
1420,"scopus,",23,23,1.6382721639824072
1421,selective,23,21,1.6777807052660807
1422,sodium,23,18,1.744727494896694
1423,"stroke,",23,20,1.6989700043360187
1424,systems,23,23,1.6382721639824072
1425,taking,23,16,1.7958800173440752
1426,temporal,23,22,1.6575773191777938
1427,tirzepatide.,23,19,1.721246399047171
1428,ventricular,23,13,1.8860566476931633
1429,visits,23,14,1.853871964321762
1430,worsening,23,15,1.8239087409443189
1431,years;,23,22,1.6575773191777938
1432,(sglt2i),22,22,1.6575773191777938
1433,36,22,14,1.853871964321762
1434,actions,22,20,1.6989700043360187
1435,aspiration,22,9,2.0457574905606752
1436,"cells,",22,16,1.7958800173440752
1437,"cohort,",22,19,1.721246399047171
1438,concomitant,22,21,1.6777807052660807
1439,"conditions,",22,20,1.6989700043360187
1440,critically,22,22,1.6575773191777938
1441,demonstrates,22,22,1.6575773191777938
1442,driver,22,22,1.6575773191777938
1443,dynamics,22,19,1.721246399047171
1444,"emptying,",22,19,1.721246399047171
1445,examining,22,21,1.6777807052660807
1446,"finally,",22,21,1.6777807052660807
1447,"glp-1,",22,19,1.721246399047171
1448,glycated,22,22,1.6575773191777938
1449,integration,22,21,1.6777807052660807
1450,landscape,22,19,1.721246399047171
1451,largest,22,18,1.744727494896694
1452,link,22,21,1.6777807052660807
1453,march,22,22,1.6575773191777938
1454,"mass,",22,19,1.721246399047171
1455,meal,22,15,1.8239087409443189
1456,medicare,22,13,1.8860566476931633
1457,men,22,13,1.8860566476931633
1458,methods,22,21,1.6777807052660807
1459,microbiome,22,13,1.8860566476931633
1460,"moreover,",22,20,1.6989700043360187
1461,"parameters,",22,22,1.6575773191777938
1462,"participants,",22,21,1.6777807052660807
1463,performed.,22,22,1.6575773191777938
1464,presented,22,22,1.6575773191777938
1465,preserving,22,21,1.6777807052660807
1466,"pressure,",22,21,1.6777807052660807
1467,prolonged,22,18,1.744727494896694
1468,promise,22,22,1.6575773191777938
1469,questions,22,22,1.6575773191777938
1470,rare,22,21,1.6777807052660807
1471,ras.,22,19,1.721246399047171
1472,rationale,22,21,1.6777807052660807
1473,recurrence,22,10,2.0
1474,regain,22,14,1.853871964321762
1475,resulted,22,22,1.6575773191777938
1476,suppressed,22,20,1.6989700043360187
1477,systolic,22,17,1.7695510786217261
1478,terms,22,20,1.6989700043360187
1479,"together,",22,22,1.6575773191777938
1480,treat,22,22,1.6575773191777938
1481,trend,22,22,1.6575773191777938
1482,users.,22,21,1.6777807052660807
1483,variable,22,22,1.6575773191777938
1484,wound,22,15,1.8239087409443189
1485,(md,21,9,2.0457574905606752
1486,"(rr,",21,4,2.3979400086720375
1487,2023,21,18,1.744727494896694
1488,6-month,21,11,1.9586073148417749
1489,65,21,11,1.9586073148417749
1490,a1c,21,17,1.7695510786217261
1491,adequate,21,20,1.6989700043360187
1492,alterations,21,15,1.8239087409443189
1493,amylin,21,11,1.9586073148417749
1494,analogs,21,11,1.9586073148417749
1495,analysed,21,18,1.744727494896694
1496,animal,21,18,1.744727494896694
1497,article,21,21,1.6777807052660807
1498,asian,21,14,1.853871964321762
1499,benefit.,21,19,1.721246399047171
1500,beta-cell,21,9,2.0457574905606752
1501,classified,21,18,1.744727494896694
1502,collected,21,20,1.6989700043360187
1503,"collectively,",21,21,1.6777807052660807
1504,contributing,21,21,1.6777807052660807
1505,criteria.,21,21,1.6777807052660807
1506,cumulative,21,19,1.721246399047171
1507,curve,21,20,1.6989700043360187
1508,databases,21,20,1.6989700043360187
1509,date,21,18,1.744727494896694
1510,"days,",21,18,1.744727494896694
1511,department,21,16,1.7958800173440752
1512,drugs.,21,18,1.744727494896694
1513,ecnoglutide,21,3,2.5228787452803374
1514,effect.,21,20,1.6989700043360187
1515,efficacy.,21,19,1.721246399047171
1516,esge,21,1,3.0
1517,even,21,20,1.6989700043360187
1518,"exposure,",21,15,1.8239087409443189
1519,fibrillation,21,17,1.7695510786217261
1520,formulations,21,15,1.8239087409443189
1521,full,21,15,1.8239087409443189
1522,ghrelin,21,10,2.0
1523,"glp-1ras,",21,19,1.721246399047171
1524,"glucagon,",21,13,1.8860566476931633
1525,high-dose,21,9,2.0457574905606752
1526,hoc,21,14,1.853871964321762
1527,"homeostasis,",21,18,1.744727494896694
1528,hospital,21,19,1.721246399047171
1529,identifying,21,20,1.6989700043360187
1530,improves,21,21,1.6777807052660807
1531,"index,",21,19,1.721246399047171
1532,insufficient,21,21,1.6777807052660807
1533,knee,21,12,1.9208187539523751
1534,lead,21,19,1.721246399047171
1535,masld.,21,14,1.853871964321762
1536,"mechanistically,",21,21,1.6777807052660807
1537,micronutrient,21,10,2.0
1538,musculoskeletal,21,15,1.8239087409443189
1539,newer,21,20,1.6989700043360187
1540,objective,21,21,1.6777807052660807
1541,optimize,21,20,1.6989700043360187
1542,option,21,20,1.6989700043360187
1543,options,21,20,1.6989700043360187
1544,"pathway,",21,17,1.7695510786217261
1545,pd,21,7,2.154901959985743
1546,pharmacokinetic,21,15,1.8239087409443189
1547,pharmacotherapies,21,18,1.744727494896694
1548,platform,21,16,1.7958800173440752
1549,potent,21,21,1.6777807052660807
1550,"randomized,",21,20,1.6989700043360187
1551,"recommendation,",21,2,2.6989700043360187
1552,"sglt2i,",21,14,1.853871964321762
1553,spectrum,21,18,1.744727494896694
1554,stratification,21,21,1.6777807052660807
1555,suppressing,21,21,1.6777807052660807
1556,transcriptional,21,15,1.8239087409443189
1557,transplant,21,11,1.9586073148417749
1558,visual,21,8,2.0969100130080562
1559,western,21,18,1.744727494896694
1560,would,21,21,1.6777807052660807
1561,≤,21,12,1.9208187539523751
1562,(adjusted,20,17,1.7695510786217261
1563,10%,20,18,1.744727494896694
1564,15,20,15,1.8239087409443189
1565,17,20,17,1.7695510786217261
1566,"2026,",20,19,1.721246399047171
1567,21,20,18,1.744727494896694
1568,27,20,18,1.744727494896694
1569,adjustment,20,16,1.7958800173440752
1570,administered,20,19,1.721246399047171
1571,affected,20,19,1.721246399047171
1572,"alone,",20,16,1.7958800173440752
1573,amino,20,12,1.9208187539523751
1574,approval,20,19,1.721246399047171
1575,assessing,20,19,1.721246399047171
1576,behavior,20,16,1.7958800173440752
1577,"bmi,",20,16,1.7958800173440752
1578,"cardiovascular,",20,16,1.7958800173440752
1579,comparator,20,17,1.7695510786217261
1580,compounds,20,11,1.9586073148417749
1581,corresponding,20,19,1.721246399047171
1582,defined.,20,20,1.6989700043360187
1583,describe,20,20,1.6989700043360187
1584,design.,20,20,1.6989700043360187
1585,designed,20,20,1.6989700043360187
1586,dialysis,20,9,2.0457574905606752
1587,disease-modifying,20,18,1.744727494896694
1588,"diseases,",20,18,1.744727494896694
1589,disparities,20,7,2.154901959985743
1590,"double-blind,",20,20,1.6989700043360187
1591,durable,20,18,1.744727494896694
1592,eligibility,20,14,1.853871964321762
1593,employed,20,19,1.721246399047171
1594,failure.,20,17,1.7695510786217261
1595,features,20,19,1.721246399047171
1596,final,20,19,1.721246399047171
1597,"follow-up,",20,20,1.6989700043360187
1598,generated,20,19,1.721246399047171
1599,glp-1ras.,20,16,1.7958800173440752
1600,glp1r,20,10,2.0
1601,homeostasis.,20,19,1.721246399047171
1602,"hypertension,",20,19,1.721246399047171
1603,hypothesis,20,18,1.744727494896694
1604,intake.,20,17,1.7695510786217261
1605,integrates,20,19,1.721246399047171
1606,metabolites,20,12,1.9208187539523751
1607,mg/dl,20,9,2.0457574905606752
1608,"mice,",20,17,1.7695510786217261
1609,modified,20,13,1.8860566476931633
1610,neurodegenerative,20,14,1.853871964321762
1611,off-label,20,14,1.853871964321762
1612,paradigm,20,19,1.721246399047171
1613,physicians,20,10,2.0
1614,practice.,20,20,1.6989700043360187
1615,predictive,20,11,1.9586073148417749
1616,predictors,20,16,1.7958800173440752
1617,prescriptions,20,12,1.9208187539523751
1618,pubmed,20,20,1.6989700043360187
1619,raised,20,20,1.6989700043360187
1620,relatively,20,20,1.6989700043360187
1621,response.,20,18,1.744727494896694
1622,revision,20,11,1.9586073148417749
1623,safety.,20,16,1.7958800173440752
1624,sample,20,19,1.721246399047171
1625,significance,20,18,1.744727494896694
1626,site,20,15,1.8239087409443189
1627,"strategies,",20,18,1.744727494896694
1628,suicide,20,5,2.3010299956639813
1629,summarize,20,20,1.6989700043360187
1630,tests,20,17,1.7695510786217261
1631,unknown.,20,20,1.6989700043360187
1632,yielded,20,20,1.6989700043360187
1633,(cis),19,19,1.721246399047171
1634,(hrs),19,19,1.721246399047171
1635,20,19,15,1.8239087409443189
1636,anterior,19,16,1.7958800173440752
1637,appears,19,18,1.744727494896694
1638,bodyweight,19,6,2.221848749616356
1639,"burden,",19,18,1.744727494896694
1640,ca2+,19,6,2.221848749616356
1641,clear,19,18,1.744727494896694
1642,conceptual,19,17,1.7695510786217261
1643,contribution,19,17,1.7695510786217261
1644,core,19,17,1.7695510786217261
1645,descriptive,19,16,1.7958800173440752
1646,detected,19,16,1.7958800173440752
1647,determinants,19,16,1.7958800173440752
1648,digital,19,10,2.0
1649,drive,19,19,1.721246399047171
1650,eight,19,19,1.721246399047171
1651,emphasizing,19,19,1.721246399047171
1652,encompassing,19,19,1.721246399047171
1653,enhancing,19,17,1.7695510786217261
1654,family,19,17,1.7695510786217261
1655,favourable,19,18,1.744727494896694
1656,findings.,19,19,1.721246399047171
1657,flow,19,16,1.7958800173440752
1658,"glp-1ra,",19,16,1.7958800173440752
1659,h,19,14,1.853871964321762
1660,here,19,19,1.721246399047171
1661,i,19,10,2.0
1662,inhibitory,19,18,1.744727494896694
1663,intervention.,19,17,1.7695510786217261
1664,intolerance,19,9,2.0457574905606752
1665,kg/m2),19,19,1.721246399047171
1666,laboratory,19,18,1.744727494896694
1667,long,19,18,1.744727494896694
1668,medicines,19,10,2.0
1669,mitigate,19,18,1.744727494896694
1670,"models,",19,17,1.7695510786217261
1671,must,19,18,1.744727494896694
1672,nearly,19,18,1.744727494896694
1673,nutrient,19,15,1.8239087409443189
1674,offering,19,19,1.721246399047171
1675,oxygen,19,12,1.9208187539523751
1676,partially,19,18,1.744727494896694
1677,pharmacovigilance,19,15,1.8239087409443189
1678,preferred,19,18,1.744727494896694
1679,quantitative,19,19,1.721246399047171
1680,recurrent,19,17,1.7695510786217261
1681,regulation.,19,19,1.721246399047171
1682,results:,19,19,1.721246399047171
1683,reward,19,15,1.8239087409443189
1684,scopus,19,19,1.721246399047171
1685,secretion.,19,17,1.7695510786217261
1686,sema,19,7,2.154901959985743
1687,signal,19,14,1.853871964321762
1688,small-molecule,19,12,1.9208187539523751
1689,subgroups,19,14,1.853871964321762
1690,subsequently,19,19,1.721246399047171
1691,symptom,19,13,1.8860566476931633
1692,synthesized,19,18,1.744727494896694
1693,tested,19,19,1.721246399047171
1694,timing,19,17,1.7695510786217261
1695,triglycerides,19,17,1.7695510786217261
1696,tubular,19,6,2.221848749616356
1697,tumor,19,13,1.8860566476931633
1698,unclear,19,19,1.721246399047171
1699,united,19,16,1.7958800173440752
1700,until,19,19,1.721246399047171
1701,vary,19,18,1.744727494896694
1702,what,19,17,1.7695510786217261
1703,year.,19,15,1.8239087409443189
1704,years),19,18,1.744727494896694
1705,"(glp-1),",18,18,1.744727494896694
1706,(hr:,18,6,2.221848749616356
1707,11,18,17,1.7695510786217261
1708,13,18,17,1.7695510786217261
1709,25,18,16,1.7958800173440752
1710,40,18,15,1.8239087409443189
1711,absence,18,18,1.744727494896694
1712,account,18,18,1.744727494896694
1713,additive,18,15,1.8239087409443189
1714,aesthetic,18,6,2.221848749616356
1715,affecting,18,18,1.744727494896694
1716,appeared,18,15,1.8239087409443189
1717,around,18,17,1.7695510786217261
1718,assessed.,18,18,1.744727494896694
1719,axis.,18,17,1.7695510786217261
1720,background,18,13,1.8860566476931633
1721,balanced,18,17,1.7695510786217261
1722,bowel,18,8,2.0969100130080562
1723,camp,18,8,2.0969100130080562
1724,cardioprotective,18,12,1.9208187539523751
1725,cerebrovascular,18,12,1.9208187539523751
1726,cervical,18,7,2.154901959985743
1727,cgm,18,8,2.0969100130080562
1728,challenge,18,18,1.744727494896694
1729,characteristics.,18,17,1.7695510786217261
1730,components,18,16,1.7958800173440752
1731,concentration,18,16,1.7958800173440752
1732,confer,18,18,1.744727494896694
1733,"demographics,",18,18,1.744727494896694
1734,"development,",18,18,1.744727494896694
1735,docking,18,12,1.9208187539523751
1736,"dulaglutide,",18,16,1.7958800173440752
1737,effectively,18,17,1.7695510786217261
1738,enteroendocrine,18,14,1.853871964321762
1739,epigenetic,18,12,1.9208187539523751
1740,exenatide,18,11,1.9586073148417749
1741,expressed,18,12,1.9208187539523751
1742,fda,18,14,1.853871964321762
1743,fecal,18,12,1.9208187539523751
1744,"female,",18,16,1.7958800173440752
1745,fibrosis.,18,16,1.7958800173440752
1746,foods,18,12,1.9208187539523751
1747,formulation,18,13,1.8860566476931633
1748,"framework,",18,18,1.744727494896694
1749,gdm,18,2,2.6989700043360187
1750,guideline,18,14,1.853871964321762
1751,infection,18,14,1.853871964321762
1752,informed,18,16,1.7958800173440752
1753,july,18,17,1.7695510786217261
1754,low-grade,18,18,1.744727494896694
1755,main,18,18,1.744727494896694
1756,metabolomic,18,9,2.0457574905606752
1757,methods:,18,18,1.744727494896694
1758,"model,",18,16,1.7958800173440752
1759,model.,18,18,1.744727494896694
1760,mrna,18,13,1.8860566476931633
1761,noise,18,5,2.3010299956639813
1762,non-diabetic,18,12,1.9208187539523751
1763,obtained,18,17,1.7695510786217261
1764,occurring,18,18,1.744727494896694
1765,outline,18,18,1.744727494896694
1766,pairs,18,15,1.8239087409443189
1767,partial,18,16,1.7958800173440752
1768,pathophysiology,18,17,1.7695510786217261
1769,peak,18,15,1.8239087409443189
1770,play,18,18,1.744727494896694
1771,procedures,18,15,1.8239087409443189
1772,publication,18,14,1.853871964321762
1773,random,18,16,1.7958800173440752
1774,recently,18,17,1.7695510786217261
1775,safe,18,18,1.744727494896694
1776,"sensitivity,",18,18,1.744727494896694
1777,sglt2is,18,8,2.0969100130080562
1778,showing,18,18,1.744727494896694
1779,sleeve,18,15,1.8239087409443189
1780,stability,18,17,1.7695510786217261
1781,steatosis,18,11,1.9586073148417749
1782,sulfonylureas,18,16,1.7958800173440752
1783,"thus,",18,18,1.744727494896694
1784,tolerability,18,16,1.7958800173440752
1785,tzp,18,3,2.5228787452803374
1786,"weeks,",18,15,1.8239087409443189
1787,(ror,17,6,2.221848749616356
1788,(t2d).,17,17,1.7695510786217261
1789,5%,17,13,1.8860566476931633
1790,50,17,14,1.853871964321762
1791,95%ci,17,4,2.3979400086720375
1792,abundance,17,15,1.8239087409443189
1793,"access,",17,15,1.8239087409443189
1794,acdf,17,5,2.3010299956639813
1795,add-on,17,12,1.9208187539523751
1796,aes,17,9,2.0457574905606752
1797,age-related,17,14,1.853871964321762
1798,analytical,17,11,1.9586073148417749
1799,antagonists,17,14,1.853871964321762
1800,assessments,17,15,1.8239087409443189
1801,august,17,17,1.7695510786217261
1802,average,17,14,1.853871964321762
1803,below,17,15,1.8239087409443189
1804,bioactive,17,12,1.9208187539523751
1805,bioavailability,17,9,2.0457574905606752
1806,breast,17,8,2.0969100130080562
1807,candidates,17,15,1.8239087409443189
1808,carcinoma,17,15,1.8239087409443189
1809,causality,17,15,1.8239087409443189
1810,characterized.,17,17,1.7695510786217261
1811,classification,17,12,1.9208187539523751
1812,"clinical,",17,17,1.7695510786217261
1813,cohorts.,17,17,1.7695510786217261
1814,combine,17,5,2.3010299956639813
1815,conclusions:,17,17,1.7695510786217261
1816,consensus,17,11,1.9586073148417749
1817,containing,17,14,1.853871964321762
1818,days.,17,14,1.853871964321762
1819,demographic,17,14,1.853871964321762
1820,depressive,17,9,2.0457574905606752
1821,detection,17,11,1.9586073148417749
1822,developing,17,16,1.7958800173440752
1823,diet-induced,17,15,1.8239087409443189
1824,discontinuation.,17,17,1.7695510786217261
1825,dm,17,6,2.221848749616356
1826,economic,17,9,2.0457574905606752
1827,end,17,16,1.7958800173440752
1828,endoscopic,17,12,1.9208187539523751
1829,excluded.,17,17,1.7695510786217261
1830,few,17,16,1.7958800173440752
1831,field,17,13,1.8860566476931633
1832,framework.,17,17,1.7695510786217261
1833,fusion,17,11,1.9586073148417749
1834,gap,17,17,1.7695510786217261
1835,gene,17,15,1.8239087409443189
1836,glp-1ra.,17,12,1.9208187539523751
1837,guidelines.,17,16,1.7958800173440752
1838,identified.,17,16,1.7958800173440752
1839,"included,",17,17,1.7695510786217261
1840,"infarction,",17,15,1.8239087409443189
1841,inhibitors.,17,14,1.853871964321762
1842,international,17,17,1.7695510786217261
1843,kinase,17,15,1.8239087409443189
1844,leptin,17,13,1.8860566476931633
1845,"level,",17,13,1.8860566476931633
1846,little,17,17,1.7695510786217261
1847,lost,17,13,1.8860566476931633
1848,mass.,17,14,1.853871964321762
1849,"medline,",17,17,1.7695510786217261
1850,"mellitus,",17,15,1.8239087409443189
1851,memory,17,9,2.0457574905606752
1852,methodological,17,15,1.8239087409443189
1853,minimal,17,17,1.7695510786217261
1854,nausea,17,16,1.7958800173440752
1855,needed.,17,17,1.7695510786217261
1856,"network,",17,17,1.7695510786217261
1857,ovary,17,14,1.853871964321762
1858,"pain,",17,16,1.7958800173440752
1859,panel,17,10,2.0
1860,part,17,14,1.853871964321762
1861,participants.,17,17,1.7695510786217261
1862,past,17,17,1.7695510786217261
1863,performance,17,12,1.9208187539523751
1864,persistence,17,8,2.0969100130080562
1865,pivotal,17,15,1.8239087409443189
1866,pmos,17,4,2.3979400086720375
1867,preventing,17,16,1.7958800173440752
1868,pro-inflammatory,17,15,1.8239087409443189
1869,product,17,13,1.8860566476931633
1870,"profile,",17,17,1.7695510786217261
1871,profile.,17,16,1.7958800173440752
1872,"profiles,",17,17,1.7695510786217261
1873,promotes,17,17,1.7695510786217261
1874,research.,17,17,1.7695510786217261
1875,reveal,17,17,1.7695510786217261
1876,reverse,17,13,1.8860566476931633
1877,scale,17,17,1.7695510786217261
1878,score-matched,17,15,1.8239087409443189
1879,sd,17,10,2.0
1880,sglt-2i,17,7,2.154901959985743
1881,shows,17,17,1.7695510786217261
1882,strength,17,16,1.7958800173440752
1883,strongly,17,17,1.7695510786217261
1884,subgroups.,17,15,1.8239087409443189
1885,substance,17,13,1.8860566476931633
1886,synthesize,17,17,1.7695510786217261
1887,them,17,17,1.7695510786217261
1888,"time,",17,16,1.7958800173440752
1889,venous,17,8,2.0969100130080562
1890,(bmi,16,14,1.853871964321762
1891,(including,16,15,1.8239087409443189
1892,16,16,11,1.9586073148417749
1893,2020,16,15,1.8239087409443189
1894,31,16,16,1.7958800173440752
1895,above,16,14,1.853871964321762
1896,"adherence,",16,12,1.9208187539523751
1897,agent,16,14,1.853871964321762
1898,alter,16,16,1.7958800173440752
1899,anxiety,16,9,2.0457574905606752
1900,appear,16,16,1.7958800173440752
1901,application,16,15,1.8239087409443189
1902,b,16,11,1.9586073148417749
1903,bidirectional,16,15,1.8239087409443189
1904,biliary,16,4,2.3979400086720375
1905,center,16,11,1.9586073148417749
1906,compound,16,8,2.0969100130080562
1907,confounding,16,16,1.7958800173440752
1908,consequences,16,15,1.8239087409443189
1909,considering,16,16,1.7958800173440752
1910,controls.,16,14,1.853871964321762
1911,"conversely,",16,15,1.8239087409443189
1912,correlated,16,11,1.9586073148417749
1913,crossover,16,15,1.8239087409443189
1914,day,16,12,1.9208187539523751
1915,dermatologic,16,8,2.0969100130080562
1916,differential,16,15,1.8239087409443189
1917,discontinued,16,11,1.9586073148417749
1918,disrupted,16,15,1.8239087409443189
1919,"dose,",16,14,1.853871964321762
1920,dpp-4i,16,8,2.0969100130080562
1921,embase,16,16,1.7958800173440752
1922,established.,16,16,1.7958800173440752
1923,ethical,16,7,2.154901959985743
1924,excluded,16,15,1.8239087409443189
1925,exendin-4,16,10,2.0
1926,exhibit,16,15,1.8239087409443189
1927,finerenone,16,7,2.154901959985743
1928,glargine,16,7,2.154901959985743
1929,haemoglobin,16,14,1.853871964321762
1930,having,16,12,1.9208187539523751
1931,hemodynamic,16,14,1.853871964321762
1932,hepatocellular,16,15,1.8239087409443189
1933,"heterogeneity,",16,14,1.853871964321762
1934,hyperglycemia,16,11,1.9586073148417749
1935,immunometabolic,16,12,1.9208187539523751
1936,implicated,16,15,1.8239087409443189
1937,"importantly,",16,16,1.7958800173440752
1938,"inflammatory,",16,16,1.7958800173440752
1939,initiators,16,12,1.9208187539523751
1940,"measures,",16,16,1.7958800173440752
1941,mechanistically,16,15,1.8239087409443189
1942,mixed,16,16,1.7958800173440752
1943,monotherapy.,16,9,2.0457574905606752
1944,nervous,16,16,1.7958800173440752
1945,neurological,16,12,1.9208187539523751
1946,neuronal,16,12,1.9208187539523751
1947,neurons,16,8,2.0969100130080562
1948,nlrp3,16,11,1.9586073148417749
1949,organ,16,12,1.9208187539523751
1950,personalized,16,15,1.8239087409443189
1951,"pharmacotherapy,",16,11,1.9586073148417749
1952,pharmacy,16,6,2.221848749616356
1953,presents,16,14,1.853871964321762
1954,produce,16,15,1.8239087409443189
1955,progression.,16,15,1.8239087409443189
1956,"pubmed/medline,",16,16,1.7958800173440752
1957,"quality,",16,12,1.9208187539523751
1958,regulate,16,16,1.7958800173440752
1959,regulating,16,15,1.8239087409443189
1960,repurposed,16,10,2.0
1961,reviewed,16,16,1.7958800173440752
1962,rgc,16,4,2.3979400086720375
1963,rise,16,15,1.8239087409443189
1964,"rr,",16,6,2.221848749616356
1965,samples,16,14,1.853871964321762
1966,satiety,16,8,2.0969100130080562
1967,sedation,16,5,2.3010299956639813
1968,sequence,16,14,1.853871964321762
1969,seven,16,16,1.7958800173440752
1970,strongest,16,16,1.7958800173440752
1971,"sulfonylureas,",16,14,1.853871964321762
1972,"support,",16,14,1.853871964321762
1973,synergistic,16,14,1.853871964321762
1974,upper,16,11,1.9586073148417749
1975,uptake,16,10,2.0
1976,utilized,16,15,1.8239087409443189
1977,variability,16,15,1.8239087409443189
1978,warranted,16,16,1.7958800173440752
1979,warranted.,16,15,1.8239087409443189
1980,water,16,11,1.9586073148417749
1981,weight-related,16,15,1.8239087409443189
1982,"year,",16,14,1.853871964321762
1983,&,15,10,2.0
1984,(hba1c),15,15,1.8239087409443189
1985,(md:,15,4,2.3979400086720375
1986,(or:,15,5,2.3010299956639813
1987,(rcts),15,15,1.8239087409443189
1988,2019,15,9,2.0457574905606752
1989,"2024,",15,13,1.8860566476931633
1990,32,15,10,2.0
1991,72,15,12,1.9208187539523751
1992,"acids,",15,13,1.8860566476931633
1993,act,15,14,1.853871964321762
1994,additionally,15,14,1.853871964321762
1995,adequately,15,14,1.853871964321762
1996,adolescent,15,10,2.0
1997,april,15,15,1.8239087409443189
1998,bacterial,15,6,2.221848749616356
1999,c,15,8,2.0969100130080562
2000,cardiovascular-kidney-metabolic,15,12,1.9208187539523751
2001,certain,15,14,1.853871964321762
2002,challenging,15,15,1.8239087409443189
2003,"characteristics,",15,14,1.853871964321762
2004,closely,15,15,1.8239087409443189
2005,colonic,15,11,1.9586073148417749
2006,competing,15,9,2.0457574905606752
2007,component,15,15,1.8239087409443189
2008,"conclusion,",15,15,1.8239087409443189
2009,consideration,15,15,1.8239087409443189
2010,convergence,15,14,1.853871964321762
2011,cyclic,15,9,2.0457574905606752
2012,d,15,11,1.9586073148417749
2013,"death,",15,14,1.853871964321762
2014,deficiency,15,10,2.0
2015,diastolic,15,12,1.9208187539523751
2016,"dyslipidemia,",15,14,1.853871964321762
2017,engagement,15,10,2.0
2018,esophageal,15,3,2.5228787452803374
2019,expected,15,15,1.8239087409443189
2020,"expression,",15,14,1.853871964321762
2021,expression.,15,13,1.8860566476931633
2022,finding,15,15,1.8239087409443189
2023,fluid,15,8,2.0969100130080562
2024,functions,15,15,1.8239087409443189
2025,genes,15,14,1.853871964321762
2026,genetically,15,9,2.0457574905606752
2027,google,15,15,1.8239087409443189
2028,grade,15,13,1.8860566476931633
2029,hhf,15,6,2.221848749616356
2030,hidradenitis,15,12,1.9208187539523751
2031,hscrp,15,3,2.5228787452803374
2032,hypoglycemic,15,11,1.9586073148417749
2033,ibd,15,4,2.3979400086720375
2034,icosema,15,3,2.5228787452803374
2035,identification,15,14,1.853871964321762
2036,imaging,15,14,1.853871964321762
2037,indications,15,15,1.8239087409443189
2038,influences,15,14,1.853871964321762
2039,islet,15,8,2.0969100130080562
2040,landmark,15,12,1.9208187539523751
2041,links,15,15,1.8239087409443189
2042,lipoprotein,15,9,2.0457574905606752
2043,local,15,13,1.8860566476931633
2044,lung,15,6,2.221848749616356
2045,"mace,",15,8,2.0969100130080562
2046,magnetic,15,15,1.8239087409443189
2047,"markers,",15,13,1.8860566476931633
2048,measurement,15,11,1.9586073148417749
2049,media,15,10,2.0
2050,meet,15,15,1.8239087409443189
2051,method,15,11,1.9586073148417749
2052,new-user,15,15,1.8239087409443189
2053,next-generation,15,13,1.8860566476931633
2054,nine,15,15,1.8239087409443189
2055,oa,15,6,2.221848749616356
2056,observed.,15,15,1.8239087409443189
2057,occur,15,15,1.8239087409443189
2058,ocular,15,6,2.221848749616356
2059,opportunities,15,14,1.853871964321762
2060,optimization,15,13,1.8860566476931633
2061,patient-reported,15,8,2.0969100130080562
2062,polycystic,15,13,1.8860566476931633
2063,prediabetes,15,8,2.0969100130080562
2064,preservation,15,15,1.8239087409443189
2065,previous,15,14,1.853871964321762
2066,prospero,15,15,1.8239087409443189
2067,pseudarthrosis,15,6,2.221848749616356
2068,psychosocial,15,11,1.9586073148417749
2069,ranging,15,15,1.8239087409443189
2070,"ratio,",15,13,1.8860566476931633
2071,reactions,15,7,2.154901959985743
2072,regardless,15,11,1.9586073148417749
2073,remission,15,10,2.0
2074,replacement,15,15,1.8239087409443189
2075,reported.,15,14,1.853871964321762
2076,resmetirom,15,10,2.0
2077,resonance,15,14,1.853871964321762
2078,restoring,15,14,1.853871964321762
2079,right,15,7,2.154901959985743
2080,sex-specific,15,8,2.0969100130080562
2081,she,15,6,2.221848749616356
2082,socioeconomic,15,10,2.0
2083,still,15,15,1.8239087409443189
2084,stimulation,15,10,2.0
2085,studied,15,15,1.8239087409443189
2086,therapeutics,15,12,1.9208187539523751
2087,"tissue,",15,13,1.8860566476931633
2088,tools,15,15,1.8239087409443189
2089,transient,15,14,1.853871964321762
2090,understand,15,15,1.8239087409443189
2091,upregulated,15,12,1.9208187539523751
2092,upstream,15,14,1.853871964321762
2093,"users,",15,11,1.9586073148417749
2094,"validation,",15,12,1.9208187539523751
2095,(hazard,14,12,1.9208187539523751
2096,0.001;,14,6,2.221848749616356
2097,0.01).,14,12,1.9208187539523751
2098,"0.05),",14,8,2.0969100130080562
2099,100,14,12,1.9208187539523751
2100,26,14,11,1.9586073148417749
2101,ability,14,14,1.853871964321762
2102,adiposity,14,14,1.853871964321762
2103,advice,14,2,2.6989700043360187
2104,analyzed.,14,14,1.853871964321762
2105,annual,14,9,2.0457574905606752
2106,another,14,12,1.9208187539523751
2107,anthropometric,14,10,2.0
2108,"approaches,",14,14,1.853871964321762
2109,arthroplasty,14,13,1.8860566476931633
2110,ascvd,14,6,2.221848749616356
2111,assessment.,14,13,1.8860566476931633
2112,attenuation,14,12,1.9208187539523751
2113,"biomarkers,",14,14,1.853871964321762
2114,bypass,14,12,1.9208187539523751
2115,calcium,14,13,1.8860566476931633
2116,"changes,",14,14,1.853871964321762
2117,china,14,9,2.0457574905606752
2118,codes,14,13,1.8860566476931633
2119,comprised,14,14,1.853871964321762
2120,confirmation,14,14,1.853871964321762
2121,"consequently,",14,14,1.853871964321762
2122,"context,",14,12,1.9208187539523751
2123,covariates.,14,14,1.853871964321762
2124,"criteria,",14,14,1.853871964321762
2125,death.,14,12,1.9208187539523751
2126,declined,14,11,1.9586073148417749
2127,decreasing,14,10,2.0
2128,delay,14,12,1.9208187539523751
2129,driving,14,14,1.853871964321762
2130,dynamic,14,12,1.9208187539523751
2131,epidemiological,14,12,1.9208187539523751
2132,equitable,14,13,1.8860566476931633
2133,excessive,14,14,1.853871964321762
2134,"exenatide,",14,11,1.9586073148417749
2135,expanded,14,14,1.853871964321762
2136,experiments,14,13,1.8860566476931633
2137,expert,14,11,1.9586073148417749
2138,explored,14,14,1.853871964321762
2139,exposed,14,12,1.9208187539523751
2140,facial,14,6,2.221848749616356
2141,facilitate,14,14,1.853871964321762
2142,fda-approved,14,9,2.0457574905606752
2143,february,14,14,1.853871964321762
2144,fmt,14,3,2.5228787452803374
2145,gastrectomy,14,13,1.8860566476931633
2146,glp-1s,14,4,2.3979400086720375
2147,gut-brain,14,8,2.0969100130080562
2148,hippocampal,14,6,2.221848749616356
2149,hospitalisation,14,7,2.154901959985743
2150,hypothalamic,14,10,2.0
2151,inadequate,14,9,2.0457574905606752
2152,inconsistent,14,14,1.853871964321762
2153,infarction,14,12,1.9208187539523751
2154,infusion,14,6,2.221848749616356
2155,"initiation,",14,10,2.0
2156,injection,14,10,2.0
2157,intensification,14,7,2.154901959985743
2158,intermittent,14,9,2.0457574905606752
2159,interventions.,14,14,1.853871964321762
2160,islets,14,7,2.154901959985743
2161,learning,14,11,1.9586073148417749
2162,library,14,13,1.8860566476931633
2163,"limited,",14,14,1.853871964321762
2164,macrophage,14,6,2.221848749616356
2165,magnitude,14,13,1.8860566476931633
2166,maintained,14,13,1.8860566476931633
2167,maintaining,14,14,1.853871964321762
2168,make,14,11,1.9586073148417749
2169,males,14,11,1.9586073148417749
2170,mazdutide,14,3,2.5228787452803374
2171,mbs,14,8,2.0969100130080562
2172,medicaid,14,5,2.3010299956639813
2173,microvascular,14,11,1.9586073148417749
2174,min,14,10,2.0
2175,modestly,14,14,1.853871964321762
2176,obesity-associated,14,12,1.9208187539523751
2177,out,14,13,1.8860566476931633
2178,pathogenesis,14,14,1.853871964321762
2179,perspective,14,13,1.8860566476931633
2180,placebo-controlled,14,14,1.853871964321762
2181,"population,",14,14,1.853871964321762
2182,"practice,",14,14,1.853871964321762
2183,predictor,14,11,1.9586073148417749
2184,processing,14,9,2.0457574905606752
2185,producing,14,14,1.853871964321762
2186,protection.,14,14,1.853871964321762
2187,"ra,",14,11,1.9586073148417749
2188,"ras),",14,13,1.8860566476931633
2189,readmission,14,10,2.0
2190,recognition,14,13,1.8860566476931633
2191,regulator,14,13,1.8860566476931633
2192,"remodeling,",14,11,1.9586073148417749
2193,repeated,14,14,1.853871964321762
2194,requirements,14,13,1.8860566476931633
2195,"responses,",14,11,1.9586073148417749
2196,restricted,14,12,1.9208187539523751
2197,result,14,14,1.853871964321762
2198,retinopathy,14,6,2.221848749616356
2199,reviewers,14,14,1.853871964321762
2200,select,14,9,2.0457574905606752
2201,separate,14,14,1.853871964321762
2202,settings.,14,12,1.9208187539523751
2203,sex,14,12,1.9208187539523751
2204,status.,14,12,1.9208187539523751
2205,stimulate,14,13,1.8860566476931633
2206,suppress,14,13,1.8860566476931633
2207,survodutide,14,3,2.5228787452803374
2208,symptoms.,14,14,1.853871964321762
2209,tool,14,14,1.853871964321762
2210,translation,14,13,1.8860566476931633
2211,triglyceride,14,12,1.9208187539523751
2212,utility,14,14,1.853871964321762
2213,variables,14,11,1.9586073148417749
2214,woman,14,14,1.853871964321762
2215,young,14,9,2.0457574905606752
2216,≥30,14,14,1.853871964321762
2217,(ckm),13,12,1.9208187539523751
2218,(dpp-4),13,13,1.8860566476931633
2219,1000,13,6,2.221848749616356
2220,12-month,13,12,1.9208187539523751
2221,2016,13,12,1.9208187539523751
2222,2022,13,13,1.8860566476931633
2223,3.0,13,8,2.0969100130080562
2224,30-day,13,9,2.0457574905606752
2225,"31,",13,12,1.9208187539523751
2226,33,13,9,2.0457574905606752
2227,35,13,9,2.0457574905606752
2228,365,13,7,2.154901959985743
2229,50%,13,11,1.9586073148417749
2230,abca1,13,3,2.5228787452803374
2231,abdominal,13,7,2.154901959985743
2232,abnormalities,13,13,1.8860566476931633
2233,activating,13,10,2.0
2234,activity.,13,13,1.8860566476931633
2235,adjusting,13,12,1.9208187539523751
2236,already,13,12,1.9208187539523751
2237,"antagonists,",13,12,1.9208187539523751
2238,"appetite,",13,13,1.8860566476931633
2239,"baseline,",13,13,1.8860566476931633
2240,between-group,13,11,1.9586073148417749
2241,bipolar,13,6,2.221848749616356
2242,black,13,5,2.3010299956639813
2243,burden.,13,13,1.8860566476931633
2244,capture,13,12,1.9208187539523751
2245,causes,13,13,1.8860566476931633
2246,circumference,13,12,1.9208187539523751
2247,"circumference,",13,13,1.8860566476931633
2248,ckd.,13,11,1.9586073148417749
2249,concurrent,13,11,1.9586073148417749
2250,consider,13,13,1.8860566476931633
2251,coordinated,13,11,1.9586073148417749
2252,cornerstone,13,13,1.8860566476931633
2253,definitive,13,11,1.9586073148417749
2254,degradation,13,11,1.9586073148417749
2255,described,13,13,1.8860566476931633
2256,develop,13,11,1.9586073148417749
2257,development.,13,13,1.8860566476931633
2258,differentiation,13,9,2.0457574905606752
2259,discusses,13,13,1.8860566476931633
2260,disproportionality,13,9,2.0457574905606752
2261,dose-dependent,13,11,1.9586073148417749
2262,dysregulation,13,13,1.8860566476931633
2263,elective,13,9,2.0457574905606752
2264,enhances,13,13,1.8860566476931633
2265,ensure,13,12,1.9208187539523751
2266,european,13,10,2.0
2267,explain,13,13,1.8860566476931633
2268,"findings,",13,13,1.8860566476931633
2269,foundational,13,10,2.0
2270,glp1-ras,13,5,2.3010299956639813
2271,hip,13,10,2.0
2272,hispanic,13,6,2.221848749616356
2273,"hr,",13,5,2.3010299956639813
2274,identifies,13,13,1.8860566476931633
2275,ii,13,12,1.9208187539523751
2276,impair,13,13,1.8860566476931633
2277,includes,13,12,1.9208187539523751
2278,indication,13,12,1.9208187539523751
2279,individuals.,13,11,1.9586073148417749
2280,initially,13,13,1.8860566476931633
2281,initiation.,13,12,1.9208187539523751
2282,injury.,13,11,1.9586073148417749
2283,intensive,13,12,1.9208187539523751
2284,interpretation,13,12,1.9208187539523751
2285,investigation.,13,13,1.8860566476931633
2286,investigations,13,12,1.9208187539523751
2287,"kg,",13,12,1.9208187539523751
2288,"kg/m2,",13,12,1.9208187539523751
2289,large-scale,13,12,1.9208187539523751
2290,limit,13,13,1.8860566476931633
2291,"liver,",13,11,1.9586073148417749
2292,m2,13,8,2.0969100130080562
2293,maximum,13,11,1.9586073148417749
2294,metabolically,13,13,1.8860566476931633
2295,metrics,13,9,2.0457574905606752
2296,mg),13,9,2.0457574905606752
2297,multicenter,13,13,1.8860566476931633
2298,natural,13,10,2.0
2299,nerve,13,11,1.9586073148417749
2300,"neuroinflammation,",13,11,1.9586073148417749
2301,new-onset,13,9,2.0457574905606752
2302,october,13,12,1.9208187539523751
2303,ovarian,13,10,2.0
2304,overview,13,13,1.8860566476931633
2305,pairwise,13,9,2.0457574905606752
2306,partly,13,13,1.8860566476931633
2307,pathogenic,13,10,2.0
2308,perceived,13,6,2.221848749616356
2309,persisted,13,11,1.9586073148417749
2310,phenotypes,13,12,1.9208187539523751
2311,policy,13,11,1.9586073148417749
2312,polysaccharides,13,6,2.221848749616356
2313,postmenopausal,13,6,2.221848749616356
2314,powered,13,12,1.9208187539523751
2315,precise,13,12,1.9208187539523751
2316,priorities,13,13,1.8860566476931633
2317,priority,13,11,1.9586073148417749
2318,probiotic,13,5,2.3010299956639813
2319,procedural,13,7,2.154901959985743
2320,programs,13,12,1.9208187539523751
2321,progress,13,13,1.8860566476931633
2322,"progression,",13,12,1.9208187539523751
2323,projected,13,6,2.221848749616356
2324,pronounced,13,12,1.9208187539523751
2325,proposes,13,13,1.8860566476931633
2326,publications,13,12,1.9208187539523751
2327,questionnaire,13,12,1.9208187539523751
2328,raising,13,13,1.8860566476931633
2329,ranking,13,9,2.0457574905606752
2330,rat,13,8,2.0969100130080562
2331,reactive,13,12,1.9208187539523751
2332,"recently,",13,12,1.9208187539523751
2333,"receptor,",13,10,2.0
2334,reflux,13,8,2.0969100130080562
2335,"renal,",13,12,1.9208187539523751
2336,"reports,",13,11,1.9586073148417749
2337,resistance.,13,12,1.9208187539523751
2338,robustness,13,11,1.9586073148417749
2339,scientific,13,11,1.9586073148417749
2340,seen,13,13,1.8860566476931633
2341,set,13,12,1.9208187539523751
2342,"severity,",13,10,2.0
2343,short,13,13,1.8860566476931633
2344,size,13,13,1.8860566476931633
2345,success,13,13,1.8860566476931633
2346,successfully,13,13,1.8860566476931633
2347,suicidal,13,7,2.154901959985743
2348,"suppression,",13,13,1.8860566476931633
2349,surveillance,13,13,1.8860566476931633
2350,"symptoms,",13,12,1.9208187539523751
2351,synthetic,13,9,2.0457574905606752
2352,system.,13,13,1.8860566476931633
2353,techniques,13,12,1.9208187539523751
2354,training,13,8,2.0969100130080562
2355,variation,13,12,1.9208187539523751
2356,virtual,13,6,2.221848749616356
2357,warrants,13,13,1.8860566476931633
2358,weight.,13,13,1.8860566476931633
2359,widespread,13,13,1.8860566476931633
2360,younger,13,10,2.0
2361,(,12,5,2.3010299956639813
2362,(1),12,12,1.9208187539523751
2363,(1:1),12,12,1.9208187539523751
2364,(2),12,12,1.9208187539523751
2365,"(gip),",12,12,1.9208187539523751
2366,(hfpef),12,12,1.9208187539523751
2367,(hr),12,12,1.9208187539523751
2368,(mace),12,12,1.9208187539523751
2369,"(mace),",12,12,1.9208187539523751
2370,(sd,12,5,2.3010299956639813
2371,(t1d),12,12,1.9208187539523751
2372,"(t2d),",12,12,1.9208187539523751
2373,(t2dm).,12,12,1.9208187539523751
2374,.001).,12,7,2.154901959985743
2375,0.0001).,12,10,2.0
2376,10-year,12,7,2.154901959985743
2377,180,12,10,2.0
2378,2-year,12,9,2.0457574905606752
2379,2010,12,11,1.9586073148417749
2380,2021,12,11,1.9586073148417749
2381,"2023,",12,12,1.9208187539523751
2382,22,12,12,1.9208187539523751
2383,30%,12,11,1.9586073148417749
2384,"30,",12,12,1.9208187539523751
2385,"4,",12,10,2.0
2386,9,12,9,2.0457574905606752
2387,[or],12,12,1.9208187539523751
2388,academic,12,11,1.9586073148417749
2389,acceptable,12,12,1.9208187539523751
2390,accounted,12,10,2.0
2391,acids,12,11,1.9586073148417749
2392,activated,12,8,2.0969100130080562
2393,adaptive,12,10,2.0
2394,advancing,12,10,2.0
2395,agonist.,12,12,1.9208187539523751
2396,alpha,12,2,2.6989700043360187
2397,"and,",12,12,1.9208187539523751
2398,antipsychotic,12,6,2.221848749616356
2399,apnea,12,12,1.9208187539523751
2400,approaches.,12,12,1.9208187539523751
2401,argue,12,12,1.9208187539523751
2402,bacteria,12,9,2.0457574905606752
2403,behaviors,12,9,2.0457574905606752
2404,"benefit,",12,12,1.9208187539523751
2405,biologically,12,12,1.9208187539523751
2406,c-peptide,12,9,2.0457574905606752
2407,c3m,12,1,3.0
2408,caloric,12,11,1.9586073148417749
2409,careful,12,12,1.9208187539523751
2410,changes.,12,12,1.9208187539523751
2411,"classes,",12,12,1.9208187539523751
2412,co-transporter,12,12,1.9208187539523751
2413,coded,12,9,2.0457574905606752
2414,"cohorts,",12,12,1.9208187539523751
2415,combinations,12,11,1.9586073148417749
2416,community,12,7,2.154901959985743
2417,compounded,12,7,2.154901959985743
2418,considerable,12,12,1.9208187539523751
2419,deaths,12,10,2.0
2420,describes,12,12,1.9208187539523751
2421,"design,",12,11,1.9586073148417749
2422,differed,12,12,1.9208187539523751
2423,discovery,12,8,2.0969100130080562
2424,distinguish,12,12,1.9208187539523751
2425,distribution,12,10,2.0
2426,divided,12,12,1.9208187539523751
2427,dopaminergic,12,6,2.221848749616356
2428,"drugs,",12,11,1.9586073148417749
2429,"duration,",12,11,1.9586073148417749
2430,ebmt,12,1,3.0
2431,education,12,9,2.0457574905606752
2432,"egfr,",12,11,1.9586073148417749
2433,empagliflozin,12,6,2.221848749616356
2434,emulation,12,11,1.9586073148417749
2435,enabling,12,12,1.9208187539523751
2436,environmental,12,8,2.0969100130080562
2437,er,12,6,2.221848749616356
2438,erectile,12,5,2.3010299956639813
2439,evaluation.,12,12,1.9208187539523751
2440,"exercise,",12,8,2.0969100130080562
2441,explained,12,11,1.9586073148417749
2442,fi,12,1,3.0
2443,foundation,12,12,1.9208187539523751
2444,fracture,12,4,2.3979400086720375
2445,gallbladder,12,5,2.3010299956639813
2446,generate,12,12,1.9208187539523751
2447,generation,12,9,2.0457574905606752
2448,"gip,",12,10,2.0
2449,high-quality,12,11,1.9586073148417749
2450,incorporating,12,12,1.9208187539523751
2451,inflammasome,12,12,1.9208187539523751
2452,integrity,12,10,2.0
2453,interconnected,12,12,1.9208187539523751
2454,intracellular,12,12,1.9208187539523751
2455,intravenous,12,8,2.0969100130080562
2456,japanese,12,7,2.154901959985743
2457,ketoacidosis,12,9,2.0457574905606752
2458,lines,12,10,2.0
2459,lowering,12,12,1.9208187539523751
2460,lowest,12,10,2.0
2461,majority,12,12,1.9208187539523751
2462,managed,12,12,1.9208187539523751
2463,measure,12,10,2.0
2464,mendelian,12,11,1.9586073148417749
2465,metabolism.,12,12,1.9208187539523751
2466,metabolite,12,11,1.9586073148417749
2467,"mg/dl,",12,7,2.154901959985743
2468,"modification,",12,10,2.0
2469,month,12,9,2.0457574905606752
2470,mood,12,6,2.221848749616356
2471,much,12,11,1.9586073148417749
2472,multimodal,12,11,1.9586073148417749
2473,nationwide,12,12,1.9208187539523751
2474,natriuretic,12,9,2.0457574905606752
2475,neurohormonal,12,8,2.0969100130080562
2476,non-glp-1,12,10,2.0
2477,non-users,12,9,2.0457574905606752
2478,observations,12,10,2.0
2479,once-daily,12,9,2.0457574905606752
2480,operative,12,5,2.3010299956639813
2481,ophthalmic,12,9,2.0457574905606752
2482,orally,12,12,1.9208187539523751
2483,original,12,11,1.9586073148417749
2484,paediatric,12,4,2.3979400086720375
2485,paired,12,7,2.154901959985743
2486,pathway.,12,12,1.9208187539523751
2487,patient's,12,9,2.0457574905606752
2488,pattern,12,12,1.9208187539523751
2489,"patterns,",12,12,1.9208187539523751
2490,pharmaceutical,12,10,2.0
2491,pharmaceuticals,12,7,2.154901959985743
2492,pharmacotherapy.,12,12,1.9208187539523751
2493,phosphorylation,12,9,2.0457574905606752
2494,plausible,12,12,1.9208187539523751
2495,pleiotropic,12,11,1.9586073148417749
2496,positively,12,9,2.0457574905606752
2497,prediction,12,10,2.0
2498,preserve,12,12,1.9208187539523751
2499,process,12,11,1.9586073148417749
2500,profiling,12,9,2.0457574905606752
2501,proportions,12,9,2.0457574905606752
2502,randomization,12,12,1.9208187539523751
2503,"rates,",12,12,1.9208187539523751
2504,rats.,12,8,2.0969100130080562
2505,regimen,12,8,2.0969100130080562
2506,regimens,12,8,2.0969100130080562
2507,register,12,12,1.9208187539523751
2508,repair,12,9,2.0457574905606752
2509,representing,12,12,1.9208187539523751
2510,"response,",12,11,1.9586073148417749
2511,responses.,12,12,1.9208187539523751
2512,retained,12,12,1.9208187539523751
2513,retinal,12,7,2.154901959985743
2514,rigorous,12,12,1.9208187539523751
2515,rising,12,12,1.9208187539523751
2516,roux-en-y,12,11,1.9586073148417749
2517,satisfaction,12,6,2.221848749616356
2518,setting,12,11,1.9586073148417749
2519,similarly,12,11,1.9586073148417749
2520,sizes,12,12,1.9208187539523751
2521,source,12,11,1.9586073148417749
2522,spinal,12,5,2.3010299956639813
2523,stages,12,11,1.9586073148417749
2524,started,12,9,2.0457574905606752
2525,stronger,12,12,1.9208187539523751
2526,summary,12,11,1.9586073148417749
2527,superiority,12,8,2.0969100130080562
2528,surrounding,12,10,2.0
2529,sustain,12,11,1.9586073148417749
2530,switching,12,6,2.221848749616356
2531,syndrome.,12,9,2.0457574905606752
2532,theoretical,12,10,2.0
2533,thresholds,12,9,2.0457574905606752
2534,trajectory,12,10,2.0
2535,translate,12,12,1.9208187539523751
2536,trial.,12,11,1.9586073148417749
2537,"type,",12,9,2.0457574905606752
2538,untreated,12,9,2.0457574905606752
2539,validate,12,12,1.9208187539523751
2540,values,12,12,1.9208187539523751
2541,variants,12,8,2.0969100130080562
2542,varied,12,12,1.9208187539523751
2543,vulnerable,12,12,1.9208187539523751
2544,whose,12,11,1.9586073148417749
2545,yy,12,11,1.9586073148417749
2546,α-cell,12,2,2.6989700043360187
2547,(3),11,11,1.9586073148417749
2548,"0.00001),",11,4,2.3979400086720375
2549,12-week,11,8,2.0969100130080562
2550,20%,11,10,2.0
2551,28,11,11,1.9586073148417749
2552,48,11,9,2.0457574905606752
2553,52,11,9,2.0457574905606752
2554,"6,",11,10,2.0
2555,"accumulation,",11,10,2.0
2556,activates,11,10,2.0
2557,adding,11,8,2.0969100130080562
2558,adenocarcinoma,11,5,2.3010299956639813
2559,"adiposity,",11,11,1.9586073148417749
2560,aggregation,11,6,2.221848749616356
2561,agonists),11,11,1.9586073148417749
2562,albuminuria,11,9,2.0457574905606752
2563,anti-diabetic,11,9,2.0457574905606752
2564,aom,11,2,2.6989700043360187
2565,areas,11,11,1.9586073148417749
2566,ba,11,3,2.5228787452803374
2567,base,11,11,1.9586073148417749
2568,beneficiaries,11,3,2.5228787452803374
2569,billion,11,8,2.0969100130080562
2570,"cancer,",11,9,2.0457574905606752
2571,cancer.,11,10,2.0
2572,captured,11,11,1.9586073148417749
2573,centers,11,7,2.154901959985743
2574,"change,",11,11,1.9586073148417749
2575,choice,11,10,2.0
2576,"chronic,",11,11,1.9586073148417749
2577,collectively,11,11,1.9586073148417749
2578,comorbid,11,11,1.9586073148417749
2579,complicated,11,10,2.0
2580,concept,11,11,1.9586073148417749
2581,concern,11,11,1.9586073148417749
2582,consisted,11,11,1.9586073148417749
2583,consumed,11,7,2.154901959985743
2584,contents,11,8,2.0969100130080562
2585,"cost,",11,11,1.9586073148417749
2586,cost-effective,11,7,2.154901959985743
2587,covered,11,7,2.154901959985743
2588,cp,11,2,2.6989700043360187
2589,craving,11,8,2.0969100130080562
2590,crosstalk,11,11,1.9586073148417749
2591,db/db,11,5,2.3010299956639813
2592,decision-making,11,11,1.9586073148417749
2593,decisions,11,9,2.0457574905606752
2594,"decline,",11,10,2.0
2595,decreases,11,9,2.0457574905606752
2596,deficiencies,11,7,2.154901959985743
2597,"diagnosis,",11,11,1.9586073148417749
2598,disc,11,5,2.3010299956639813
2599,disturbances,11,11,1.9586073148417749
2600,domain,11,7,2.154901959985743
2601,dose.,11,10,2.0
2602,drug-induced,11,9,2.0457574905606752
2603,elderly,11,7,2.154901959985743
2604,elicited,11,9,2.0457574905606752
2605,elucidate,11,11,1.9586073148417749
2606,endoscopy,11,3,2.5228787452803374
2607,"endpoints,",11,11,1.9586073148417749
2608,escalation,11,8,2.0969100130080562
2609,evaluations,11,8,2.0969100130080562
2610,exacerbation,11,5,2.3010299956639813
2611,exclusion,11,11,1.9586073148417749
2612,expand,11,11,1.9586073148417749
2613,explores,11,11,1.9586073148417749
2614,extending,11,11,1.9586073148417749
2615,external,11,9,2.0457574905606752
2616,extracellular,11,10,2.0
2617,feasibility,11,5,2.3010299956639813
2618,females,11,10,2.0
2619,"further,",11,9,2.0457574905606752
2620,g,11,10,2.0
2621,gi,11,7,2.154901959985743
2622,gld,11,3,2.5228787452803374
2623,glp-1/glucose-dependent,11,10,2.0
2624,glp1ra,11,4,2.3979400086720375
2625,guided,11,11,1.9586073148417749
2626,head-to-head,11,9,2.0457574905606752
2627,hfpef.,11,7,2.154901959985743
2628,hiv,11,6,2.221848749616356
2629,hold,11,8,2.0969100130080562
2630,host,11,9,2.0457574905606752
2631,hs,11,5,2.3010299956639813
2632,idiopathic,11,7,2.154901959985743
2633,iii,11,10,2.0
2634,"improvement,",11,10,2.0
2635,"incidence,",11,10,2.0
2636,"inhibition,",11,9,2.0457574905606752
2637,inpatient,11,6,2.221848749616356
2638,institute,11,10,2.0
2639,ischaemic,11,6,2.221848749616356
2640,i²,11,6,2.221848749616356
2641,kg;,11,8,2.0969100130080562
2642,ldl,11,7,2.154901959985743
2643,"library,",11,11,1.9586073148417749
2644,liquid,11,9,2.0457574905606752
2645,lowered,11,11,1.9586073148417749
2646,macrophages,11,5,2.3010299956639813
2647,maintain,11,11,1.9586073148417749
2648,manage,11,9,2.0457574905606752
2649,matrix,11,8,2.0969100130080562
2650,md,11,7,2.154901959985743
2651,mlf,11,1,3.0
2652,modulators,11,11,1.9586073148417749
2653,"monitoring,",11,11,1.9586073148417749
2654,"morbidity,",11,11,1.9586073148417749
2655,net,11,9,2.0457574905606752
2656,neuroendocrine,11,9,2.0457574905606752
2657,next,11,8,2.0969100130080562
2658,non-invasive,11,10,2.0
2659,non-significant,11,9,2.0457574905606752
2660,nondiabetic,11,7,2.154901959985743
2661,november,11,11,1.9586073148417749
2662,novo,11,11,1.9586073148417749
2663,numerous,11,11,1.9586073148417749
2664,occurrence,11,9,2.0457574905606752
2665,onset,11,9,2.0457574905606752
2666,osteoarthritis,11,10,2.0
2667,parkinson's,11,9,2.0457574905606752
2668,"period,",11,11,1.9586073148417749
2669,periprosthetic,11,6,2.221848749616356
2670,"persistence,",11,8,2.0969100130080562
2671,pharmacodynamic,11,9,2.0457574905606752
2672,pharmacokinetics,11,11,1.9586073148417749
2673,physiology,11,9,2.0457574905606752
2674,position,11,10,2.0
2675,pregnancy,11,8,2.0969100130080562
2676,preventive,11,10,2.0
2677,prognostic,11,5,2.3010299956639813
2678,"properties,",11,11,1.9586073148417749
2679,"prospective,",11,11,1.9586073148417749
2680,proteins,11,10,2.0
2681,protocol,11,10,2.0
2682,quantified,11,11,1.9586073148417749
2683,ranked,11,7,2.154901959985743
2684,reached,11,11,1.9586073148417749
2685,reaching,11,10,2.0
2686,recipients,11,7,2.154901959985743
2687,"records,",11,11,1.9586073148417749
2688,reflecting,11,11,1.9586073148417749
2689,reflects,11,10,2.0
2690,regional,11,10,2.0
2691,renoprotective,11,10,2.0
2692,"research,",11,11,1.9586073148417749
2693,resolution,11,11,1.9586073148417749
2694,respondents,11,4,2.3979400086720375
2695,responsiveness,11,8,2.0969100130080562
2696,restored,11,11,1.9586073148417749
2697,restriction,11,8,2.0969100130080562
2698,retention,11,9,2.0457574905606752
2699,rodent,11,8,2.0969100130080562
2700,salivary,11,3,2.5228787452803374
2701,sarcopenic,11,9,2.0457574905606752
2702,second,11,10,2.0
2703,"selection,",11,9,2.0457574905606752
2704,september,11,10,2.0
2705,sequential,11,10,2.0
2706,sg,11,5,2.3010299956639813
2707,short-chain,11,11,1.9586073148417749
2708,solid,11,9,2.0457574905606752
2709,sr,11,2,2.6989700043360187
2710,"stability,",11,8,2.0969100130080562
2711,statements,11,8,2.0969100130080562
2712,states.,11,10,2.0
2713,"stratification,",11,10,2.0
2714,successful,11,7,2.154901959985743
2715,symptomatic,11,9,2.0457574905606752
2716,t,11,7,2.154901959985743
2717,"t1d,",11,9,2.0457574905606752
2718,t1d.,11,9,2.0457574905606752
2719,taken,11,11,1.9586073148417749
2720,"thiazolidinediones,",11,11,1.9586073148417749
2721,threshold,11,10,2.0
2722,throughout,11,11,1.9586073148417749
2723,"timing,",11,11,1.9586073148417749
2724,"treatments,",11,11,1.9586073148417749
2725,trends,11,11,1.9586073148417749
2726,underscore,11,11,1.9586073148417749
2727,underscores,11,11,1.9586073148417749
2728,updated,11,11,1.9586073148417749
2729,"utilization,",11,10,2.0
2730,utilization.,11,9,2.0457574905606752
2731,weighted,11,8,2.0969100130080562
2732,weighting,11,11,1.9586073148417749
2733,worse,11,9,2.0457574905606752
2734,(10,10,10,2.0
2735,(af),10,10,2.0
2736,(cvd),10,10,2.0
2737,"(or,",10,4,2.3979400086720375
2738,(rr:,10,3,2.5228787452803374
2739,"0.0001),",10,5,2.3010299956639813
2740,"0.87,",10,8,2.0969100130080562
2741,000,10,5,2.3010299956639813
2742,120,10,7,2.154901959985743
2743,14-day,10,6,2.221848749616356
2744,"2,",10,10,2.0
2745,2013,10,8,2.0969100130080562
2746,45,10,7,2.154901959985743
2747,5-year,10,9,2.0457574905606752
2748,95%ci:,10,5,2.3010299956639813
2749,"[ci,",10,2,2.6989700043360187
2750,"[ci],",10,10,2.0
2751,accelerated,10,9,2.0457574905606752
2752,activation.,10,10,2.0
2753,adjuvant,10,5,2.3010299956639813
2754,administrative,10,9,2.0457574905606752
2755,alleviate,10,10,2.0
2756,alleviated,10,9,2.0457574905606752
2757,allocated,10,5,2.3010299956639813
2758,american,10,9,2.0457574905606752
2759,ampk,10,7,2.154901959985743
2760,animals,10,7,2.154901959985743
2761,"anti-inflammatory,",10,10,2.0
2762,antiobesity,10,7,2.154901959985743
2763,apparent,10,8,2.0969100130080562
2764,arrhythmia,10,4,2.3979400086720375
2765,arterial,10,7,2.154901959985743
2766,awareness,10,8,2.0969100130080562
2767,"balance,",10,10,2.0
2768,"behaviors,",10,10,2.0
2769,behavioural,10,6,2.221848749616356
2770,bias.,10,10,2.0
2771,building,10,9,2.0457574905606752
2772,cannabis,10,2,2.6989700043360187
2773,cardio-kidney-metabolic,10,7,2.154901959985743
2774,carry,10,10,2.0
2775,categorized,10,10,2.0
2776,causality.,10,10,2.0
2777,cavi,10,2,2.6989700043360187
2778,"central,",10,10,2.0
2779,change.,10,10,2.0
2780,characteristic,10,9,2.0457574905606752
2781,"cholesterol,",10,7,2.154901959985743
2782,"common,",10,10,2.0
2783,communication,10,7,2.154901959985743
2784,"comorbidity,",10,9,2.0457574905606752
2785,"confounding,",10,10,2.0
2786,confounding.,10,10,2.0
2787,constrained,10,10,2.0
2788,continue,10,8,2.0969100130080562
2789,"controls,",10,10,2.0
2790,crc,10,2,2.6989700043360187
2791,crucial,10,10,2.0
2792,"cvd,",10,8,2.0969100130080562
2793,cycle,10,10,2.0
2794,cytokine,10,10,2.0
2795,da,10,2,2.6989700043360187
2796,decision,10,9,2.0457574905606752
2797,deep,10,10,2.0
2798,defining,10,9,2.0457574905606752
2799,"depression,",10,9,2.0457574905606752
2800,determined,10,10,2.0
2801,difficult,10,10,2.0
2802,directionally,10,8,2.0969100130080562
2803,"discontinuation,",10,9,2.0457574905606752
2804,"disorder,",10,8,2.0969100130080562
2805,disorder.,10,8,2.0969100130080562
2806,disordered,10,8,2.0969100130080562
2807,disruption,10,9,2.0457574905606752
2808,dna,10,10,2.0
2809,dpn,10,2,2.6989700043360187
2810,dpp4,10,7,2.154901959985743
2811,dysregulated,10,10,2.0
2812,ea,10,2,2.6989700043360187
2813,earlier,10,10,2.0
2814,"effectiveness,",10,9,2.0457574905606752
2815,endpoint.,10,9,2.0457574905606752
2816,english-language,10,10,2.0
2817,enrollees,10,3,2.5228787452803374
2818,"exendin-4,",10,7,2.154901959985743
2819,exerts,10,10,2.0
2820,"expenditure,",10,9,2.0457574905606752
2821,foot,10,2,2.6989700043360187
2822,form,10,8,2.0969100130080562
2823,formal,10,10,2.0
2824,fusion.,10,7,2.154901959985743
2825,"gain,",10,9,2.0457574905606752
2826,gain.,10,8,2.0969100130080562
2827,gained,10,9,2.0457574905606752
2828,glp-1a,10,4,2.3979400086720375
2829,half,10,9,2.0457574905606752
2830,hemodialysis,10,4,2.3979400086720375
2831,"hyperglycemia,",10,8,2.0969100130080562
2832,ibs,10,2,2.6989700043360187
2833,ideation,10,7,2.154901959985743
2834,implementation.,10,10,2.0
2835,incorporated,10,10,2.0
2836,"individuals,",10,10,2.0
2837,induces,10,10,2.0
2838,inhibited,10,6,2.221848749616356
2839,injections,10,9,2.0457574905606752
2840,integrative,10,8,2.0969100130080562
2841,"integrity,",10,9,2.0457574905606752
2842,intended,10,10,2.0
2843,interact,10,10,2.0
2844,interval:,10,7,2.154901959985743
2845,"intervention,",10,10,2.0
2846,involvement,10,10,2.0
2847,ion,10,6,2.221848749616356
2848,kg/m2.,10,7,2.154901959985743
2849,kg/m²,10,8,2.0969100130080562
2850,"kidney,",10,10,2.0
2851,left,10,8,2.0969100130080562
2852,limiting,10,9,2.0457574905606752
2853,limits,10,10,2.0
2854,lncrna,10,2,2.6989700043360187
2855,lumbar,10,3,2.5228787452803374
2856,macronutrient,10,6,2.221848749616356
2857,making,10,10,2.0
2858,man,10,9,2.0457574905606752
2859,map,10,10,2.0
2860,markers.,10,9,2.0457574905606752
2861,"masld,",10,8,2.0969100130080562
2862,matching.,10,10,2.0
2863,"mechanistic,",10,10,2.0
2864,mediators,10,9,2.0457574905606752
2865,meta-analysis.,10,10,2.0
2866,meta-regression,10,8,2.0969100130080562
2867,modifiable,10,10,2.0
2868,monitoring.,10,9,2.0457574905606752
2869,necrosis,10,9,2.0457574905606752
2870,notable,10,9,2.0457574905606752
2871,nuclear,10,9,2.0457574905606752
2872,occurred.,10,9,2.0457574905606752
2873,options.,10,10,2.0
2874,"outcome,",10,9,2.0457574905606752
2875,"peptide-1,",10,10,2.0
2876,perceptions,10,7,2.154901959985743
2877,pharmacology,10,10,2.0
2878,"pharmacology,",10,9,2.0457574905606752
2879,phenotypic,10,8,2.0969100130080562
2880,pk,10,7,2.154901959985743
2881,practices,10,9,2.0457574905606752
2882,pressures,10,9,2.0457574905606752
2883,principles,10,10,2.0
2884,procedure,10,9,2.0457574905606752
2885,"procedures,",10,10,2.0
2886,procedures.,10,9,2.0457574905606752
2887,processes,10,10,2.0
2888,"production,",10,10,2.0
2889,professional,10,10,2.0
2890,prospectively,10,10,2.0
2891,"protein,",10,9,2.0457574905606752
2892,pwh,10,4,2.3979400086720375
2893,raises,10,9,2.0457574905606752
2894,"range,",10,8,2.0969100130080562
2895,rational,10,9,2.0457574905606752
2896,rebound,10,3,2.5228787452803374
2897,recognised,10,8,2.0969100130080562
2898,recovery,10,6,2.221848749616356
2899,repair.,10,7,2.154901959985743
2900,representative,10,8,2.0969100130080562
2901,restoration,10,8,2.0969100130080562
2902,revealing,10,10,2.0
2903,rr,10,5,2.3010299956639813
2904,rygb,10,7,2.154901959985743
2905,salt,10,5,2.3010299956639813
2906,sarcopenia,10,6,2.221848749616356
2907,searches,10,9,2.0457574905606752
2908,self-reported,10,6,2.221848749616356
2909,sensitive,10,7,2.154901959985743
2910,severity.,10,9,2.0457574905606752
2911,signatures,10,10,2.0
2912,sites,10,10,2.0
2913,slow,10,10,2.0
2914,sources,10,9,2.0457574905606752
2915,spanning,10,10,2.0
2916,spatial,10,10,2.0
2917,standardised,10,10,2.0
2918,"statins,",10,9,2.0457574905606752
2919,stem,10,8,2.0969100130080562
2920,stiffness,10,6,2.221848749616356
2921,"strength,",10,8,2.0969100130080562
2922,"subgroups,",10,9,2.0457574905606752
2923,subjects,10,7,2.154901959985743
2924,sugar,10,4,2.3979400086720375
2925,suicidality,10,5,2.3010299956639813
2926,suppurativa,10,10,2.0
2927,surgeons,10,5,2.3010299956639813
2928,sustainable,10,8,2.0969100130080562
2929,tendon,10,3,2.5228787452803374
2930,testable,10,10,2.0
2931,testosterone,10,3,2.5228787452803374
2932,towards,10,10,2.0
2933,transition,10,10,2.0
2934,treatment-emergent,10,8,2.0969100130080562
2935,types,10,9,2.0457574905606752
2936,uncertainty,10,10,2.0
2937,underscoring,10,10,2.0
2938,upf,10,2,2.6989700043360187
2939,varying,10,10,2.0
2940,viewed,10,9,2.0457574905606752
2941,"vomiting,",10,10,2.0
2942,warrant,10,10,2.0
2943,wc,10,1,3.0
2944,withdrawal,10,8,2.0969100130080562
2945,"women,",10,9,2.0457574905606752
2946,workflow,10,5,2.3010299956639813
2947,worldwide,10,10,2.0
2948,yielding,10,10,2.0
2949,(ahr,9,3,2.5228787452803374
2950,(body,9,9,2.0457574905606752
2951,(cv),9,9,2.0457574905606752
2952,(e.g.,9,5,2.3010299956639813
2953,"(eg,",9,3,2.5228787452803374
2954,(egfr),9,9,2.0457574905606752
2955,"(masld),",9,9,2.0457574905606752
2956,(sglt-2),9,9,2.0457574905606752
2957,(sglt2is),9,9,2.0457574905606752
2958,(smd,9,3,2.5228787452803374
2959,0,9,7,2.154901959985743
2960,0.05),9,5,2.3010299956639813
2961,2),9,9,2.0457574905606752
2962,200,9,8,2.0969100130080562
2963,2018,9,8,2.0969100130080562
2964,2022.,9,9,2.0457574905606752
2965,2023.,9,9,2.0457574905606752
2966,2025).,9,9,2.0457574905606752
2967,42,9,9,2.0457574905606752
2968,54,9,8,2.0969100130080562
2969,80,9,9,2.0457574905606752
2970,[ci],9,9,2.0457574905606752
2971,"a,",9,8,2.0969100130080562
2972,absorption,9,8,2.0969100130080562
2973,accounting,9,9,2.0457574905606752
2974,ae,9,7,2.154901959985743
2975,ahi,9,3,2.5228787452803374
2976,ai,9,3,2.5228787452803374
2977,amylin-based,9,3,2.5228787452803374
2978,attenuates,9,9,2.0457574905606752
2979,attenuating,9,8,2.0969100130080562
2980,authors,9,7,2.154901959985743
2981,automated,9,5,2.3010299956639813
2982,availability,9,9,2.0457574905606752
2983,aversive,9,4,2.3979400086720375
2984,axes,9,7,2.154901959985743
2985,background/objectives:,9,9,2.0457574905606752
2986,background:,9,9,2.0457574905606752
2987,biochemical,9,8,2.0969100130080562
2988,"c-peptide,",9,8,2.0969100130080562
2989,c-reactive,9,9,2.0457574905606752
2990,canonical,9,7,2.154901959985743
2991,capable,9,9,2.0457574905606752
2992,carbon,9,3,2.5228787452803374
2993,cardiomyocyte,9,4,2.3979400086720375
2994,"challenges,",9,9,2.0457574905606752
2995,challenges.,9,9,2.0457574905606752
2996,characterised,9,8,2.0969100130080562
2997,chemical,9,7,2.154901959985743
2998,"cirrhosis,",9,9,2.0457574905606752
2999,citation,9,7,2.154901959985743
3000,class.,9,8,2.0969100130080562
3001,cns,9,5,2.3010299956639813
3002,collaboration,9,6,2.221848749616356
3003,commercial,9,9,2.0457574905606752
3004,completion,9,7,2.154901959985743
3005,"concerns,",9,9,2.0457574905606752
3006,"consumption,",9,9,2.0457574905606752
3007,consumption.,9,7,2.154901959985743
3008,context.,9,9,2.0457574905606752
3009,contributed,9,9,2.0457574905606752
3010,contributor,9,8,2.0969100130080562
3011,controlling,9,9,2.0457574905606752
3012,coupled,9,8,2.0969100130080562
3013,course,9,9,2.0457574905606752
3014,creatinine,9,6,2.221848749616356
3015,crp,9,7,2.154901959985743
3016,cytokines,9,8,2.0969100130080562
3017,dd01,9,1,3.0
3018,delaying,9,9,2.0457574905606752
3019,demand,9,8,2.0969100130080562
3020,"dementia,",9,4,2.3979400086720375
3021,density,9,9,2.0457574905606752
3022,dependence,9,4,2.3979400086720375
3023,depending,9,9,2.0457574905606752
3024,determinant,9,9,2.0457574905606752
3025,device,9,7,2.154901959985743
3026,discussed,9,8,2.0969100130080562
3027,divergent,9,8,2.0969100130080562
3028,dominant,9,9,2.0457574905606752
3029,doses.,9,9,2.0457574905606752
3030,downregulation,9,8,2.0969100130080562
3031,dr,9,3,2.5228787452803374
3032,drives,9,9,2.0457574905606752
3033,duct,9,2,2.6989700043360187
3034,dysbiosis,9,8,2.0969100130080562
3035,dysphagia,9,5,2.3010299956639813
3036,"dysregulation,",9,9,2.0457574905606752
3037,emotional,9,5,2.3010299956639813
3038,enable,9,9,2.0457574905606752
3039,end-stage,9,9,2.0457574905606752
3040,enrichment,9,9,2.0457574905606752
3041,establishing,9,9,2.0457574905606752
3042,eustachian,9,3,2.5228787452803374
3043,excluding,9,9,2.0457574905606752
3044,experiencing,9,9,2.0457574905606752
3045,extended,9,9,2.0457574905606752
3046,face,9,9,2.0457574905606752
3047,fail,9,9,2.0457574905606752
3048,ferroptosis,9,3,2.5228787452803374
3049,fibrotic,9,9,2.0457574905606752
3050,"formulations,",9,9,2.0457574905606752
3051,"fractures,",9,6,2.221848749616356
3052,frameworks,9,8,2.0969100130080562
3053,gcgr,9,3,2.5228787452803374
3054,glutag,9,4,2.3979400086720375
3055,grouped,9,9,2.0457574905606752
3056,groups:,9,9,2.0457574905606752
3057,hba1c.,9,8,2.0969100130080562
3058,healing,9,7,2.154901959985743
3059,her,9,5,2.3010299956639813
3060,highlighted,9,9,2.0457574905606752
3061,historical,9,8,2.0969100130080562
3062,"hormonal,",9,9,2.0457574905606752
3063,"hormones,",9,9,2.0457574905606752
3064,"hospitalization,",9,7,2.154901959985743
3065,humans,9,8,2.0969100130080562
3066,icd-10,9,7,2.154901959985743
3067,identifier,9,8,2.0969100130080562
3068,imbalance,9,9,2.0457574905606752
3069,induction,9,8,2.0969100130080562
3070,infections,9,8,2.0969100130080562
3071,influencing,9,9,2.0457574905606752
3072,inhibits,9,5,2.3010299956639813
3073,insight,9,8,2.0969100130080562
3074,insufficiently,9,9,2.0457574905606752
3075,intracranial,9,6,2.221848749616356
3076,ld,9,1,3.0
3077,length,9,7,2.154901959985743
3078,likelihood,9,9,2.0457574905606752
3079,liver-related,9,9,2.0457574905606752
3080,mace.,9,5,2.3010299956639813
3081,"mechanism,",9,7,2.154901959985743
3082,mellitus.,9,9,2.0457574905606752
3083,"meta-analyses,",9,9,2.0457574905606752
3084,metabolomics,9,8,2.0969100130080562
3085,mmol/l,9,6,2.221848749616356
3086,"modifications,",9,8,2.0969100130080562
3087,modify,9,8,2.0969100130080562
3088,modulates,9,9,2.0457574905606752
3089,morbid,9,4,2.3979400086720375
3090,moving,9,8,2.0969100130080562
3091,"nausea,",9,9,2.0457574905606752
3092,negatively,9,8,2.0969100130080562
3093,nitric,9,9,2.0457574905606752
3094,noted,9,9,2.0457574905606752
3095,nt-probnp,9,4,2.3979400086720375
3096,null,9,8,2.0969100130080562
3097,obesity-labeled,9,1,3.0
3098,"observed,",9,8,2.0969100130080562
3099,operating,9,8,2.0969100130080562
3100,optimizing,9,9,2.0457574905606752
3101,orforglipron.,9,7,2.154901959985743
3102,osteoporosis,9,5,2.3010299956639813
3103,outlines,9,9,2.0457574905606752
3104,outside,9,8,2.0969100130080562
3105,overweight/obesity,9,7,2.154901959985743
3106,"pancreatitis,",9,8,2.0969100130080562
3107,pathology.,9,8,2.0969100130080562
3108,"pathophysiology,",9,9,2.0457574905606752
3109,pemf,9,1,3.0
3110,peptidase,9,9,2.0457574905606752
3111,persist,9,8,2.0969100130080562
3112,"pharmacokinetics,",9,7,2.154901959985743
3113,pharmacologically,9,9,2.0457574905606752
3114,"phenotype,",9,9,2.0457574905606752
3115,"phenotypes,",9,9,2.0457574905606752
3116,phenotyping,9,9,2.0457574905606752
3117,phytochemicals,9,5,2.3010299956639813
3118,population-based,9,9,2.0457574905606752
3119,population-level,9,9,2.0457574905606752
3120,positioning,9,8,2.0969100130080562
3121,pragmatic,9,6,2.221848749616356
3122,pre-existing,9,8,2.0969100130080562
3123,"preclinical,",9,9,2.0457574905606752
3124,premature,9,9,2.0457574905606752
3125,prevention.,9,8,2.0969100130080562
3126,processes.,9,8,2.0969100130080562
3127,prompted,9,9,2.0457574905606752
3128,pyrin,9,7,2.154901959985743
3129,qualitative,9,8,2.0969100130080562
3130,quantify,9,9,2.0457574905606752
3131,queried,9,9,2.0457574905606752
3132,question,9,9,2.0457574905606752
3133,"randomised,",9,9,2.0457574905606752
3134,ranged,9,7,2.154901959985743
3135,recommendations.,9,8,2.0969100130080562
3136,recommended,9,8,2.0969100130080562
3137,reflected,9,9,2.0457574905606752
3138,regulated,9,9,2.0457574905606752
3139,relationships,9,9,2.0457574905606752
3140,renin-angiotensin,9,9,2.0457574905606752
3141,resource,9,6,2.221848749616356
3142,"retrospective,",9,9,2.0457574905606752
3143,rhythm,9,4,2.3979400086720375
3144,rna,9,6,2.221848749616356
3145,saudi,9,5,2.3010299956639813
3146,scholar,9,9,2.0457574905606752
3147,secretory,9,9,2.0457574905606752
3148,seeking,9,8,2.0969100130080562
3149,senescence,9,4,2.3979400086720375
3150,served,9,9,2.0457574905606752
3151,share,9,9,2.0457574905606752
3152,shifts,9,7,2.154901959985743
3153,simple,9,9,2.0457574905606752
3154,simultaneously,9,9,2.0457574905606752
3155,slows,9,7,2.154901959985743
3156,smd,9,3,2.5228787452803374
3157,so,9,6,2.221848749616356
3158,species,9,9,2.0457574905606752
3159,spine,9,3,2.5228787452803374
3160,stepwise,9,9,2.0457574905606752
3161,strategy.,9,9,2.0457574905606752
3162,support.,9,8,2.0969100130080562
3163,synthesis.,9,7,2.154901959985743
3164,"systems,",9,8,2.0969100130080562
3165,tailored,9,9,2.0457574905606752
3166,term,9,8,2.0969100130080562
3167,tests.,9,9,2.0457574905606752
3168,therapeutics.,9,9,2.0457574905606752
3169,thiazolidinediones,9,7,2.154901959985743
3170,time.,9,7,2.154901959985743
3171,trained,9,6,2.221848749616356
3172,translating,9,8,2.0969100130080562
3173,transplantation,9,8,2.0969100130080562
3174,treatment-related,9,9,2.0457574905606752
3175,treatments.,9,9,2.0457574905606752
3176,typically,9,9,2.0457574905606752
3177,ubt251,9,1,3.0
3178,unchanged,9,9,2.0457574905606752
3179,unit,9,9,2.0457574905606752
3180,unmet,9,9,2.0457574905606752
3181,upon,9,9,2.0457574905606752
3182,used.,9,9,2.0457574905606752
3183,useful,9,9,2.0457574905606752
3184,validation.,9,9,2.0457574905606752
3185,vein,9,9,2.0457574905606752
3186,version,9,9,2.0457574905606752
3187,withdrawal.,9,7,2.154901959985743
3188,"worldwide,",9,9,2.0457574905606752
3189,worldwide.,9,9,2.0457574905606752
3190,(a,8,6,2.221848749616356
3191,(cgm),8,8,2.0969100130080562
3192,(ci),8,8,2.0969100130080562
3193,"(ckd),",8,8,2.0969100130080562
3194,(ckd).,8,8,2.0969100130080562
3195,(dkd),8,8,2.0969100130080562
3196,(dm),8,8,2.0969100130080562
3197,(gip)/glp-1,8,8,2.0969100130080562
3198,"(glp-1ra),",8,8,2.0969100130080562
3199,(interquartile,8,4,2.3979400086720375
3200,(mash),8,8,2.0969100130080562
3201,(pooled,8,7,2.154901959985743
3202,"(sglt2i),",8,8,2.0969100130080562
3203,(z,8,3,2.5228787452803374
3204,(β,8,4,2.3979400086720375
3205,0.45;,8,8,2.0969100130080562
3206,0.83,8,7,2.154901959985743
3207,1),8,7,2.154901959985743
3208,"12,",8,7,2.154901959985743
3209,14-3-3-ζ,8,1,3.0
3210,17%,8,8,2.0969100130080562
3211,2.5,8,3,2.5228787452803374
3212,2015,8,8,2.0969100130080562
3213,2017,8,7,2.154901959985743
3214,"24,",8,6,2.221848749616356
3215,3-point,8,6,2.221848749616356
3216,34,8,4,2.3979400086720375
3217,37,8,7,2.154901959985743
3218,44,8,7,2.154901959985743
3219,ablation,8,6,2.221848749616356
3220,absent,8,7,2.154901959985743
3221,adherent,8,3,2.5228787452803374
3222,"adjustment,",8,8,2.0969100130080562
3223,advantage,8,8,2.0969100130080562
3224,agonist),8,5,2.3010299956639813
3225,albumin-to-creatinine,8,8,2.0969100130080562
3226,alleviates,8,7,2.154901959985743
3227,analytic,8,8,2.0969100130080562
3228,antagonist,8,8,2.0969100130080562
3229,antihyperglycemic,8,4,2.3979400086720375
3230,"anxiety,",8,8,2.0969100130080562
3231,appetitive,8,4,2.3979400086720375
3232,approach.,8,8,2.0969100130080562
3233,aspects,8,6,2.221848749616356
3234,assay,8,4,2.3979400086720375
3235,assays,8,7,2.154901959985743
3236,"associations,",8,8,2.0969100130080562
3237,attended,8,2,2.6989700043360187
3238,attenuate,8,7,2.154901959985743
3239,aud,8,4,2.3979400086720375
3240,bayesian,8,8,2.0969100130080562
3241,bc,8,2,2.6989700043360187
3242,behaviors.,8,8,2.0969100130080562
3243,"bias,",8,8,2.0969100130080562
3244,"bioavailability,",8,8,2.0969100130080562
3245,biopsy,8,7,2.154901959985743
3246,blockade,8,5,2.3010299956639813
3247,bm,8,1,3.0
3248,body-weight,8,7,2.154901959985743
3249,buprenorphine,8,2,2.6989700043360187
3250,c.,8,4,2.3979400086720375
3251,"cancers,",8,7,2.154901959985743
3252,"capacity,",8,7,2.154901959985743
3253,catheter,8,4,2.3979400086720375
3254,cautiously,8,8,2.0969100130080562
3255,cecal,8,5,2.3010299956639813
3256,cgmp-aa,8,1,3.0
3257,chromatin,8,6,2.221848749616356
3258,clinic,8,6,2.221848749616356
3259,co-administration,8,7,2.154901959985743
3260,coexist,8,8,2.0969100130080562
3261,"comparisons,",8,8,2.0969100130080562
3262,comprehensively,8,8,2.0969100130080562
3263,conducted.,8,8,2.0969100130080562
3264,conformational,8,6,2.221848749616356
3265,"considerations,",8,7,2.154901959985743
3266,constituents,8,6,2.221848749616356
3267,contact,8,7,2.154901959985743
3268,continuum,8,8,2.0969100130080562
3269,corticosteroid,8,5,2.3010299956639813
3270,coupling,8,4,2.3979400086720375
3271,created,8,7,2.154901959985743
3272,cutaneous,8,5,2.3010299956639813
3273,database.,8,8,2.0969100130080562
3274,"date,",8,8,2.0969100130080562
3275,decades,8,8,2.0969100130080562
3276,decisions.,8,7,2.154901959985743
3277,degeneration,8,7,2.154901959985743
3278,"demographic,",8,8,2.0969100130080562
3279,"difference,",8,5,2.3010299956639813
3280,directed,8,8,2.0969100130080562
3281,direction,8,8,2.0969100130080562
3282,discussed.,8,8,2.0969100130080562
3283,"disturbances,",8,7,2.154901959985743
3284,domains,8,8,2.0969100130080562
3285,drivers,8,8,2.0969100130080562
3286,"education,",8,8,2.0969100130080562
3287,ehr,8,5,2.3010299956639813
3288,eligible.,8,8,2.0969100130080562
3289,emergence,8,8,2.0969100130080562
3290,enables,8,8,2.0969100130080562
3291,endoplasmic,8,7,2.154901959985743
3292,endpoints.,8,8,2.0969100130080562
3293,equations,8,6,2.221848749616356
3294,errors,8,6,2.221848749616356
3295,escalating,8,6,2.221848749616356
3296,evolved,8,7,2.154901959985743
3297,exists,8,8,2.0969100130080562
3298,experiences,8,5,2.3010299956639813
3299,extension,8,6,2.221848749616356
3300,extensive,8,8,2.0969100130080562
3301,extent,8,8,2.0969100130080562
3302,extract,8,8,2.0969100130080562
3303,fed,8,8,2.0969100130080562
3304,federated,8,8,2.0969100130080562
3305,female),8,7,2.154901959985743
3306,fibroblast,8,8,2.0969100130080562
3307,first-line,8,8,2.0969100130080562
3308,fixed-ratio,8,6,2.221848749616356
3309,focuses,8,8,2.0969100130080562
3310,formation,8,8,2.0969100130080562
3311,fundamental,8,8,2.0969100130080562
3312,gastrocnemius,8,2,2.6989700043360187
3313,gestational,8,7,2.154901959985743
3314,gila,8,1,3.0
3315,glial,8,6,2.221848749616356
3316,glycemia,8,4,2.3979400086720375
3317,good,8,8,2.0969100130080562
3318,governing,8,8,2.0969100130080562
3319,"guidelines,",8,8,2.0969100130080562
3320,hcc,8,5,2.3010299956639813
3321,hospitalizations,8,8,2.0969100130080562
3322,"hypoglycemia,",8,7,2.154901959985743
3323,icodec,8,4,2.3979400086720375
3324,identifier:,8,7,2.154901959985743
3325,illness,8,6,2.221848749616356
3326,immunomodulatory,8,8,2.0969100130080562
3327,"impairment,",8,7,2.154901959985743
3328,inadequately,8,8,2.0969100130080562
3329,incomplete,8,8,2.0969100130080562
3330,incorporate,8,8,2.0969100130080562
3331,incorporation,8,7,2.154901959985743
3332,"infection,",8,8,2.0969100130080562
3333,institutional,8,6,2.221848749616356
3334,insulin.,8,8,2.0969100130080562
3335,integrate,8,8,2.0969100130080562
3336,interplay,8,8,2.0969100130080562
3337,"intolerance,",8,7,2.154901959985743
3338,introduced,8,8,2.0969100130080562
3339,iron,8,6,2.221848749616356
3340,isorhamnetin,8,1,3.0
3341,issues,8,8,2.0969100130080562
3342,journal,8,5,2.3010299956639813
3343,l.,8,5,2.3010299956639813
3344,lacking.,8,8,2.0969100130080562
3345,laparoscopic,8,6,2.221848749616356
3346,later,8,8,2.0969100130080562
3347,leads,8,8,2.0969100130080562
3348,leaving,8,8,2.0969100130080562
3349,"life,",8,6,2.221848749616356
3350,life.,8,8,2.0969100130080562
3351,low-dose,8,6,2.221848749616356
3352,low.,8,8,2.0969100130080562
3353,made,8,7,2.154901959985743
3354,"male,",8,6,2.221848749616356
3355,manner,8,8,2.0969100130080562
3356,marker,8,8,2.0969100130080562
3357,material,8,8,2.0969100130080562
3358,measurements,8,8,2.0969100130080562
3359,mediating,8,7,2.154901959985743
3360,mediator,8,6,2.221848749616356
3361,menopause,8,3,2.5228787452803374
3362,"meta-analysis,",8,7,2.154901959985743
3363,"metabolites,",8,6,2.221848749616356
3364,metformin.,8,6,2.221848749616356
3365,methods.,8,8,2.0969100130080562
3366,mi,8,4,2.3979400086720375
3367,mixed-effects,8,7,2.154901959985743
3368,"mmhg,",8,6,2.221848749616356
3369,modelling,8,4,2.3979400086720375
3370,"modulation,",8,8,2.0969100130080562
3371,"modulators,",8,8,2.0969100130080562
3372,molecules,8,8,2.0969100130080562
3373,motivation,8,4,2.3979400086720375
3374,muciniphila,8,4,2.3979400086720375
3375,multi-omics,8,8,2.0969100130080562
3376,"multicentre,",8,8,2.0969100130080562
3377,murine,8,8,2.0969100130080562
3378,neoplasms,8,5,2.3010299956639813
3379,nephrology,8,5,2.3010299956639813
3380,neutral,8,8,2.0969100130080562
3381,nf-κb,8,7,2.154901959985743
3382,nm,8,5,2.3010299956639813
3383,non-insulin,8,4,2.3979400086720375
3384,nonarteritic,8,8,2.0969100130080562
3385,nonsteroidal,8,8,2.0969100130080562
3386,nor,8,7,2.154901959985743
3387,noteworthy,8,8,2.0969100130080562
3388,observation,8,8,2.0969100130080562
3389,occurs,8,8,2.0969100130080562
3390,overlapping,8,6,2.221848749616356
3391,owing,8,7,2.154901959985743
3392,oxide,8,8,2.0969100130080562
3393,parallel,8,8,2.0969100130080562
3394,parameters.,8,8,2.0969100130080562
3395,participant,8,7,2.154901959985743
3396,participants;,8,3,2.5228787452803374
3397,pce,8,1,3.0
3398,perspectives,8,8,2.0969100130080562
3399,ph,8,4,2.3979400086720375
3400,"pharmacotherapies,",8,7,2.154901959985743
3401,phenotype.,8,8,2.0969100130080562
3402,pioglitazone,8,4,2.3979400086720375
3403,"placebo-controlled,",8,8,2.0969100130080562
3404,poisson,8,8,2.0969100130080562
3405,polarization,8,4,2.3979400086720375
3406,pparα,8,2,2.6989700043360187
3407,pre-surgery,8,2,2.6989700043360187
3408,preparation,8,3,2.5228787452803374
3409,price,8,5,2.3010299956639813
3410,principal,8,8,2.0969100130080562
3411,private,8,7,2.154901959985743
3412,probiotics,8,5,2.3010299956639813
3413,production.,8,8,2.0969100130080562
3414,products.,8,3,2.5228787452803374
3415,programme,8,5,2.3010299956639813
3416,progressively,8,8,2.0969100130080562
3417,proliferator-activated,8,8,2.0969100130080562
3418,propensity-score,8,8,2.0969100130080562
3419,proven,8,8,2.0969100130080562
3420,providers,8,6,2.221848749616356
3421,psoriasis,8,6,2.221848749616356
3422,purpose,8,8,2.0969100130080562
3423,pyy,8,5,2.3010299956639813
3424,quercetin,8,2,2.6989700043360187
3425,"ra),",8,8,2.0969100130080562
3426,"race,",8,7,2.154901959985743
3427,"rate,",8,8,2.0969100130080562
3428,rates.,8,7,2.154901959985743
3429,ratings,8,5,2.3010299956639813
3430,"receptors,",8,6,2.221848749616356
3431,redox,8,8,2.0969100130080562
3432,regarded,8,8,2.0969100130080562
3433,regenerative,8,6,2.221848749616356
3434,registry,8,7,2.154901959985743
3435,regression.,8,8,2.0969100130080562
3436,regular,8,7,2.154901959985743
3437,regulates,8,7,2.154901959985743
3438,relevance.,8,8,2.0969100130080562
3439,remaining,8,8,2.0969100130080562
3440,renin-angiotensin-aldosterone,8,8,2.0969100130080562
3441,resistant,8,3,2.5228787452803374
3442,restore,8,8,2.0969100130080562
3443,reticulum,8,7,2.154901959985743
3444,ribupatide,8,1,3.0
3445,satiation,8,3,2.5228787452803374
3446,selection.,8,8,2.0969100130080562
3447,sensing,8,6,2.221848749616356
3448,separation,8,7,2.154901959985743
3449,service,8,7,2.154901959985743
3450,services,8,5,2.3010299956639813
3451,serving,8,7,2.154901959985743
3452,sexual,8,3,2.5228787452803374
3453,sgk2,8,1,3.0
3454,shape,8,8,2.0969100130080562
3455,shorter,8,6,2.221848749616356
3456,"signals,",8,8,2.0969100130080562
3457,simulations,8,7,2.154901959985743
3458,"small,",8,8,2.0969100130080562
3459,smaller,8,8,2.0969100130080562
3460,smooth,8,3,2.5228787452803374
3461,sst,8,1,3.0
3462,starting,8,8,2.0969100130080562
3463,statement,8,8,2.0969100130080562
3464,statistics,8,8,2.0969100130080562
3465,stc-1,8,6,2.221848749616356
3466,stevia,8,1,3.0
3467,stigma,8,4,2.3979400086720375
3468,stimulated,8,6,2.221848749616356
3469,stimuli,8,5,2.3010299956639813
3470,structure,8,6,2.221848749616356
3471,subjective,8,6,2.221848749616356
3472,suboptimal,8,8,2.0969100130080562
3473,subset,8,8,2.0969100130080562
3474,substrate,8,7,2.154901959985743
3475,supplementary,8,7,2.154901959985743
3476,surrogate,8,8,2.0969100130080562
3477,synthesises,8,8,2.0969100130080562
3478,systems.,8,8,2.0969100130080562
3479,tablet,8,4,2.3979400086720375
3480,taste,8,2,2.6989700043360187
3481,teaes,8,4,2.3979400086720375
3482,ten,8,7,2.154901959985743
3483,"test,",8,6,2.221848749616356
3484,"these,",8,8,2.0969100130080562
3485,"thrombosis,",8,8,2.0969100130080562
3486,thrombotic,8,2,2.6989700043360187
3487,time-to-event,8,8,2.0969100130080562
3488,tissue-specific,8,7,2.154901959985743
3489,tissues,8,7,2.154901959985743
3490,"tissues,",8,7,2.154901959985743
3491,tolerability.,8,8,2.0969100130080562
3492,"tolerance,",8,7,2.154901959985743
3493,tract,8,8,2.0969100130080562
3494,traits,8,5,2.3010299956639813
3495,transcription,8,5,2.3010299956639813
3496,transporter,8,7,2.154901959985743
3497,turnover,8,5,2.3010299956639813
3498,uk,8,7,2.154901959985743
3499,ultimately,8,8,2.0969100130080562
3500,uncertainties,8,7,2.154901959985743
3501,uncommon,8,8,2.0969100130080562
3502,uncontrolled,8,7,2.154901959985743
3503,uniform,8,8,2.0969100130080562
3504,upregulation,8,8,2.0969100130080562
3505,urine,8,6,2.221848749616356
3506,uses,8,8,2.0969100130080562
3507,usual,8,6,2.221848749616356
3508,viable,8,6,2.221848749616356
3509,vision,8,3,2.5228787452803374
3510,"visits,",8,7,2.154901959985743
3511,vital,8,6,2.221848749616356
3512,"vitro,",8,7,2.154901959985743
3513,"vivo,",8,8,2.0969100130080562
3514,washout,8,8,2.0969100130080562
3515,washout.,8,5,2.3010299956639813
3516,zenagamtide,8,2,2.6989700043360187
3517,%twl,7,2,2.6989700043360187
3518,(1,7,6,2.221848749616356
3519,(3,7,5,2.3010299956639813
3520,(aes),7,7,2.154901959985743
3521,(aor,7,3,2.5228787452803374
3522,(b,7,3,2.5228787452803374
3523,"(bmi),",7,7,2.154901959985743
3524,(gipr),7,7,2.154901959985743
3525,(glp-1)-based,7,7,2.154901959985743
3526,(glucagon-like,7,7,2.154901959985743
3527,(i),7,7,2.154901959985743
3528,(ii),7,7,2.154901959985743
3529,"(md,",7,2,2.6989700043360187
3530,(osa),7,7,2.154901959985743
3531,(p-value,7,1,3.0
3532,(pcos),7,7,2.154901959985743
3533,(ras),7,7,2.154901959985743
3534,(risk,7,7,2.154901959985743
3535,(semaglutide,7,7,2.154901959985743
3536,(total,7,6,2.221848749616356
3537,(≥18,7,7,2.154901959985743
3538,.,7,4,2.3979400086720375
3539,0.0001),7,7,2.154901959985743
3540,0.89;,7,7,2.154901959985743
3541,1.5,7,6,2.221848749616356
3542,15%,7,7,2.154901959985743
3543,"15,",7,7,2.154901959985743
3544,2014,7,5,2.3010299956639813
3545,2021.,7,7,2.154901959985743
3546,29,7,7,2.154901959985743
3547,2·4,7,2,2.6989700043360187
3548,3-year,7,5,2.3010299956639813
3549,40%,7,6,2.221848749616356
3550,5.5,7,4,2.3979400086720375
3551,60%,7,6,2.221848749616356
3552,64,7,6,2.221848749616356
3553,67,7,7,2.154901959985743
3554,70,7,6,2.221848749616356
3555,75,7,5,2.3010299956639813
3556,9%,7,4,2.3979400086720375
3557,"9,",7,6,2.221848749616356
3558,90%,7,6,2.221848749616356
3559,accelerate,7,7,2.154901959985743
3560,access.,7,6,2.221848749616356
3561,accordance,7,7,2.154901959985743
3562,accurate,7,7,2.154901959985743
3563,achievement,7,5,2.3010299956639813
3564,action.,7,6,2.221848749616356
3565,activities,7,6,2.221848749616356
3566,addressed,7,7,2.154901959985743
3567,adherence.,7,7,2.154901959985743
3568,adipokine,7,7,2.154901959985743
3569,"advances,",7,7,2.154901959985743
3570,aging.,7,7,2.154901959985743
3571,akkermansia,7,5,2.3010299956639813
3572,albuminuria.,7,5,2.3010299956639813
3573,allow,7,7,2.154901959985743
3574,almost,7,7,2.154901959985743
3575,analog,7,7,2.154901959985743
3576,anorexigenic,7,5,2.3010299956639813
3577,antipsychotic-induced,7,4,2.3979400086720375
3578,apoptosis,7,6,2.221848749616356
3579,arise,7,6,2.221848749616356
3580,arthritis,7,5,2.3010299956639813
3581,at-risk,7,5,2.3010299956639813
3582,atherogenic,7,6,2.221848749616356
3583,atherosclerosis,7,7,2.154901959985743
3584,attempts,7,3,2.5228787452803374
3585,attributable,7,7,2.154901959985743
3586,attributed,7,7,2.154901959985743
3587,aud.,7,3,2.5228787452803374
3588,"autophagy,",7,6,2.221848749616356
3589,avexitide,7,1,3.0
3590,barriers.,7,7,2.154901959985743
3591,baseline.,7,7,2.154901959985743
3592,began,7,6,2.221848749616356
3593,"behavioral,",7,6,2.221848749616356
3594,bgm0504,7,1,3.0
3595,biologic,7,6,2.221848749616356
3596,biomarkers.,7,7,2.154901959985743
3597,blood-brain,7,7,2.154901959985743
3598,bofanglutide,7,1,3.0
3599,budget,7,3,2.5228787452803374
3600,calorie,7,2,2.6989700043360187
3601,caution,7,7,2.154901959985743
3602,ccs,7,1,3.0
3603,certainty).,7,4,2.3979400086720375
3604,cessation,7,6,2.221848749616356
3605,chain,7,7,2.154901959985743
3606,characterised.,7,7,2.154901959985743
3607,ckmd,7,1,3.0
3608,"class,",7,7,2.154901959985743
3609,classes.,7,6,2.221848749616356
3610,cluster,7,5,2.3010299956639813
3611,collagen,7,7,2.154901959985743
3612,comes,7,6,2.221848749616356
3613,"comparator,",7,7,2.154901959985743
3614,"comparators,",7,7,2.154901959985743
3615,complement,7,7,2.154901959985743
3616,composition.,7,7,2.154901959985743
3617,"concentrations,",7,7,2.154901959985743
3618,concerns.,7,7,2.154901959985743
3619,conclusions,7,7,2.154901959985743
3620,conflicting,7,7,2.154901959985743
3621,continues,7,7,2.154901959985743
3622,contributions,7,7,2.154901959985743
3623,converge,7,7,2.154901959985743
3624,converging,7,7,2.154901959985743
3625,conversations,7,3,2.5228787452803374
3626,conversion,7,6,2.221848749616356
3627,cordycepin,7,2,2.6989700043360187
3628,cortical,7,6,2.221848749616356
3629,count,7,4,2.3979400086720375
3630,"cravings,",7,6,2.221848749616356
3631,cue,7,5,2.3010299956639813
3632,d001,7,1,3.0
3633,"damage,",7,7,2.154901959985743
3634,danish,7,5,2.3010299956639813
3635,"database,",7,7,2.154901959985743
3636,decline.,7,7,2.154901959985743
3637,degree,7,7,2.154901959985743
3638,delivered,7,7,2.154901959985743
3639,delta,7,2,2.6989700043360187
3640,depend,7,7,2.154901959985743
3641,deposition,7,7,2.154901959985743
3642,detailed,7,7,2.154901959985743
3643,deterioration,7,5,2.3010299956639813
3644,developmental,7,4,2.3979400086720375
3645,developments,7,7,2.154901959985743
3646,diagnosis.,7,7,2.154901959985743
3647,"diet,",7,7,2.154901959985743
3648,differing,7,6,2.221848749616356
3649,digestion,7,5,2.3010299956639813
3650,directions,7,7,2.154901959985743
3651,discharge,7,4,2.3979400086720375
3652,disease-specific,7,7,2.154901959985743
3653,"distribution,",7,7,2.154901959985743
3654,dominated,7,7,2.154901959985743
3655,downregulated,7,6,2.221848749616356
3656,"dpp4i,",7,5,2.3010299956639813
3657,drug.,7,7,2.154901959985743
3658,"dysphagia,",7,3,2.5228787452803374
3659,"eating,",7,3,2.5228787452803374
3660,ectopic,7,6,2.221848749616356
3661,ed,7,6,2.221848749616356
3662,edema,7,6,2.221848749616356
3663,egd,7,4,2.3979400086720375
3664,"eloralintide,",7,4,2.3979400086720375
3665,emerge,7,7,2.154901959985743
3666,emphasize,7,7,2.154901959985743
3667,emphasized,7,7,2.154901959985743
3668,engaged,7,5,2.3010299956639813
3669,"engagement,",7,7,2.154901959985743
3670,engages,7,7,2.154901959985743
3671,enriched,7,7,2.154901959985743
3672,enrollment,7,5,2.3010299956639813
3673,environment,7,7,2.154901959985743
3674,enzyme,7,7,2.154901959985743
3675,enzymes,7,6,2.221848749616356
3676,evaluated.,7,7,2.154901959985743
3677,every,7,7,2.154901959985743
3678,evident,7,7,2.154901959985743
3679,evoke,7,3,2.5228787452803374
3680,exact,7,7,2.154901959985743
3681,except,7,7,2.154901959985743
3682,exist,7,7,2.154901959985743
3683,expansion,7,7,2.154901959985743
3684,expenditure,7,5,2.3010299956639813
3685,experts,7,6,2.221848749616356
3686,failed,7,6,2.221848749616356
3687,"fat,",7,6,2.221848749616356
3688,forced,7,3,2.5228787452803374
3689,frailty,7,4,2.3979400086720375
3690,frequentist,7,7,2.154901959985743
3691,fundamentally,7,7,2.154901959985743
3692,gerd,7,4,2.3979400086720375
3693,"ghrelin,",7,5,2.3010299956639813
3694,glucose-stimulated,7,6,2.221848749616356
3695,grade.,7,7,2.154901959985743
3696,gut-liver,7,6,2.221848749616356
3697,half-life,7,7,2.154901959985743
3698,heart-failure,7,3,2.5228787452803374
3699,height,7,7,2.154901959985743
3700,"heterogeneous,",7,6,2.221848749616356
3701,hf.,7,6,2.221848749616356
3702,higher.,7,5,2.3010299956639813
3703,histologic,7,4,2.3979400086720375
3704,histological,7,7,2.154901959985743
3705,hospitals,7,7,2.154901959985743
3706,hsf1,7,2,2.6989700043360187
3707,hypoglycemia.,7,5,2.3010299956639813
3708,hypogonadism,7,2,2.6989700043360187
3709,hypothesized,7,7,2.154901959985743
3710,iec-ppara,7,1,3.0
3711,il-6,7,5,2.3010299956639813
3712,impacts,7,6,2.221848749616356
3713,impairs,7,6,2.221848749616356
3714,impedance,7,7,2.154901959985743
3715,implementing,7,7,2.154901959985743
3716,in-depth,7,7,2.154901959985743
3717,"indication,",7,6,2.221848749616356
3718,"indications,",7,7,2.154901959985743
3719,inhibit,7,6,2.221848749616356
3720,inhibition.,7,7,2.154901959985743
3721,injection-site,7,3,2.5228787452803374
3722,innovative,7,7,2.154901959985743
3723,intensity,7,6,2.221848749616356
3724,"interactions,",7,7,2.154901959985743
3725,interactions.,7,7,2.154901959985743
3726,interviews,7,3,2.5228787452803374
3727,intrapancreatic,7,2,2.6989700043360187
3728,investigates,7,7,2.154901959985743
3729,items,7,7,2.154901959985743
3730,japan,7,4,2.3979400086720375
3731,"kg/m2),",7,5,2.3010299956639813
3732,l,7,3,2.5228787452803374
3733,"larger,",7,7,2.154901959985743
3734,last,7,7,2.154901959985743
3735,late,7,7,2.154901959985743
3736,leucine,7,1,3.0
3737,"limitations,",7,7,2.154901959985743
3738,lipedema,7,1,3.0
3739,"lipids,",7,7,2.154901959985743
3740,liraglutide's,7,2,2.6989700043360187
3741,lixisenatide,7,5,2.3010299956639813
3742,longer-term,7,7,2.154901959985743
3743,low-density,7,7,2.154901959985743
3744,loxenatide,7,1,3.0
3745,lysate,7,2,2.6989700043360187
3746,m1,7,2,2.6989700043360187
3747,macular,7,7,2.154901959985743
3748,maladaptive,7,7,2.154901959985743
3749,manner.,7,6,2.221848749616356
3750,"medicine,",7,7,2.154901959985743
3751,medline,7,7,2.154901959985743
3752,meeting,7,7,2.154901959985743
3753,membrane,7,7,2.154901959985743
3754,mg/kg),7,5,2.3010299956639813
3755,"min,",7,3,2.5228787452803374
3756,mitigated,7,7,2.154901959985743
3757,mitigating,7,7,2.154901959985743
3758,modeled,7,4,2.3979400086720375
3759,modifies,7,7,2.154901959985743
3760,monitor,7,7,2.154901959985743
3761,motility,7,7,2.154901959985743
3762,multi-organ,7,6,2.221848749616356
3763,multi-target,7,5,2.3010299956639813
3764,multidimensional,7,6,2.221848749616356
3765,multifaceted,7,7,2.154901959985743
3766,multifactorial,7,7,2.154901959985743
3767,"muscle,",7,7,2.154901959985743
3768,myeloid,7,2,2.6989700043360187
3769,nature,7,7,2.154901959985743
3770,necessary,7,7,2.154901959985743
3771,needs,7,7,2.154901959985743
3772,neuroinflammation,7,7,2.154901959985743
3773,non-alcoholic,7,7,2.154901959985743
3774,non-peptide,7,7,2.154901959985743
3775,non-steroidal,7,7,2.154901959985743
3776,nonfatal,7,4,2.3979400086720375
3777,nsmras,7,2,2.6989700043360187
3778,numbers,7,7,2.154901959985743
3779,"nutrition,",7,6,2.221848749616356
3780,one-year,7,6,2.221848749616356
3781,"open-label,",7,7,2.154901959985743
3782,opportunity,7,7,2.154901959985743
3783,"orforglipron,",7,7,2.154901959985743
3784,organization,7,6,2.221848749616356
3785,oud,7,5,2.3010299956639813
3786,overcome,7,7,2.154901959985743
3787,"overweight,",7,7,2.154901959985743
3788,oxytocin,7,1,3.0
3789,p<0.001).,7,6,2.221848749616356
3790,paper,7,7,2.154901959985743
3791,pathology,7,6,2.221848749616356
3792,patterns.,7,6,2.221848749616356
3793,peer-reviewed,7,5,2.3010299956639813
3794,"performance,",7,7,2.154901959985743
3795,perfusion,7,6,2.221848749616356
3796,phentermine/topiramate,7,3,2.5228787452803374
3797,place,7,7,2.154901959985743
3798,placed,7,7,2.154901959985743
3799,plan,7,5,2.3010299956639813
3800,point,7,7,2.154901959985743
3801,polyendocrine,7,6,2.221848749616356
3802,poorer,7,5,2.3010299956639813
3803,poses,7,7,2.154901959985743
3804,possibility,7,7,2.154901959985743
3805,post-marketing,7,7,2.154901959985743
3806,potency,7,6,2.221848749616356
3807,potential.,7,7,2.154901959985743
3808,pr,7,1,3.0
3809,"pregnancy,",7,5,2.3010299956639813
3810,prehabilitation,7,3,2.5228787452803374
3811,preload,7,2,2.6989700043360187
3812,prescription.,7,7,2.154901959985743
3813,probabilistic,7,6,2.221848749616356
3814,procedure-specific,7,4,2.3979400086720375
3815,process.,7,7,2.154901959985743
3816,"products,",7,6,2.221848749616356
3817,progenitor,7,3,2.5228787452803374
3818,proinsulin,7,1,3.0
3819,promoted,7,7,2.154901959985743
3820,"protection,",7,7,2.154901959985743
3821,protocols,7,7,2.154901959985743
3822,"pseudarthrosis,",7,3,2.5228787452803374
3823,pwo,7,1,3.0
3824,quality-adjusted,7,5,2.3010299956639813
3825,rasi,7,2,2.6989700043360187
3826,ratio:,7,3,2.5228787452803374
3827,reaction,7,6,2.221848749616356
3828,recovery.,7,6,2.221848749616356
3829,regain.,7,6,2.221848749616356
3830,regulators,7,7,2.154901959985743
3831,relapse,7,4,2.3979400086720375
3832,reliance,7,7,2.154901959985743
3833,reprogramming,7,7,2.154901959985743
3834,"requirements,",7,7,2.154901959985743
3835,reshaped,7,7,2.154901959985743
3836,reshaping,7,7,2.154901959985743
3837,respective,7,6,2.221848749616356
3838,results.,7,5,2.3010299956639813
3839,reversed,7,7,2.154901959985743
3840,review.,7,7,2.154901959985743
3841,risks.,7,6,2.221848749616356
3842,rosuvastatin,7,2,2.6989700043360187
3843,"safe,",7,7,2.154901959985743
3844,sarcopenia.,7,6,2.221848749616356
3845,schizophrenia,7,4,2.3979400086720375
3846,"score,",7,7,2.154901959985743
3847,"screening,",7,7,2.154901959985743
3848,second-line,7,5,2.3010299956639813
3849,selectively,7,6,2.221848749616356
3850,sem,7,2,2.6989700043360187
3851,semaglutide),7,6,2.221848749616356
3852,separated,7,7,2.154901959985743
3853,sequencing,7,6,2.221848749616356
3854,setting.,7,7,2.154901959985743
3855,shifting,7,7,2.154901959985743
3856,"signalling,",7,7,2.154901959985743
3857,signals.,7,7,2.154901959985743
3858,significant.,7,7,2.154901959985743
3859,simultaneous,7,4,2.3979400086720375
3860,since,7,7,2.154901959985743
3861,single-center,7,7,2.154901959985743
3862,sirt1,7,4,2.3979400086720375
3863,slowing,7,6,2.221848749616356
3864,smi,7,3,2.5228787452803374
3865,sociodemographic,7,5,2.3010299956639813
3866,solely,7,7,2.154901959985743
3867,specificity,7,7,2.154901959985743
3868,stability.,7,7,2.154901959985743
3869,"steatosis,",7,7,2.154901959985743
3870,stroke.,7,7,2.154901959985743
3871,sublingual,7,2,2.6989700043360187
3872,sulfonylureas.,7,7,2.154901959985743
3873,suppresses,7,6,2.221848749616356
3874,suppression.,7,7,2.154901959985743
3875,surface,7,7,2.154901959985743
3876,suspected,7,6,2.221848749616356
3877,synthase,7,6,2.221848749616356
3878,synthesised,7,7,2.154901959985743
3879,"targets,",7,6,2.221848749616356
3880,technologies,7,6,2.221848749616356
3881,technology,7,6,2.221848749616356
3882,tha,7,4,2.3979400086720375
3883,"that,",7,7,2.154901959985743
3884,thematic,7,6,2.221848749616356
3885,"therapeutics,",7,7,2.154901959985743
3886,thermogenesis,7,4,2.3979400086720375
3887,thromboembolic,7,5,2.3010299956639813
3888,thus,7,6,2.221848749616356
3889,translated,7,7,2.154901959985743
3890,translation.,7,6,2.221848749616356
3891,triggers,7,7,2.154901959985743
3892,tube,7,3,2.5228787452803374
3893,twelve,7,7,2.154901959985743
3894,unadjusted,7,6,2.221848749616356
3895,uncertain,7,6,2.221848749616356
3896,unchanged.,7,7,2.154901959985743
3897,understood,7,7,2.154901959985743
3898,unknown,7,7,2.154901959985743
3899,unresolved,7,7,2.154901959985743
3900,utilizing,7,7,2.154901959985743
3901,validity,7,7,2.154901959985743
3902,videos,7,2,2.6989700043360187
3903,"volume,",7,5,2.3010299956639813
3904,vomiting,7,7,2.154901959985743
3905,"white,",7,6,2.221848749616356
3906,wilac,7,1,3.0
3907,window,7,7,2.154901959985743
3908,women.,7,6,2.221848749616356
3909,world,7,7,2.154901959985743
3910,years:,7,4,2.3979400086720375
3911,yield,7,6,2.221848749616356
3912,≥1,7,6,2.221848749616356
3913,(aged,6,6,2.221848749616356
3914,(both,6,6,2.221848749616356
3915,"(ci,",6,1,3.0
3916,(cis).,6,6,2.221848749616356
3917,(from,6,4,2.3979400086720375
3918,(glp-1).,6,6,2.221848749616356
3919,"(hba1c),",6,6,2.221848749616356
3920,(hf),6,6,2.221848749616356
3921,(iqr:,6,1,3.0
3922,"(mash),",6,6,2.221848749616356
3923,(pd),6,6,2.221848749616356
3924,(phase,6,1,3.0
3925,(pr,6,1,3.0
3926,(r,6,4,2.3979400086720375
3927,(rd,6,3,2.5228787452803374
3928,(rygb),6,4,2.3979400086720375
3929,(sd),6,6,2.221848749616356
3930,(such,6,6,2.221848749616356
3931,(uacr),6,6,2.221848749616356
3932,(wmd:,6,1,3.0
3933,(≥,6,5,2.3010299956639813
3934,.001),6,3,2.5228787452803374
3935,".001),",6,3,2.5228787452803374
3936,0%).,6,4,2.3979400086720375
3937,"0.0001,",6,2,2.6989700043360187
3938,0.57;,6,6,2.221848749616356
3939,0.76;,6,5,2.3010299956639813
3940,0.81;,6,6,2.221848749616356
3941,"0.83,",6,6,2.221848749616356
3942,0.83;,6,5,2.3010299956639813
3943,"0.88,",6,5,2.3010299956639813
3944,1.0,6,6,2.221848749616356
3945,1.8,6,5,2.3010299956639813
3946,12-18,6,2,2.6989700043360187
3947,155383,6,1,3.0
3948,17.2,6,3,2.5228787452803374
3949,19,6,6,2.221848749616356
3950,"2022,",6,6,2.221848749616356
3951,21%,6,5,2.3010299956639813
3952,24.,6,4,2.3979400086720375
3953,3),6,6,2.221848749616356
3954,48-week,6,1,3.0
3955,"5,",6,6,2.221848749616356
3956,"5-,",6,1,3.0
3957,51,6,5,2.3010299956639813
3958,58,6,6,2.221848749616356
3959,"72,",6,4,2.3979400086720375
3960,[hr],6,6,2.221848749616356
3961,a1,6,3,2.5228787452803374
3962,aad,6,1,3.0
3963,aberrant,6,6,2.221848749616356
3964,accessibility,6,6,2.221848749616356
3965,acting,6,6,2.221848749616356
3966,actionable,6,6,2.221848749616356
3967,activate,6,6,2.221848749616356
3968,active-comparator,6,6,2.221848749616356
3969,acts,6,6,2.221848749616356
3970,acutely,6,5,2.3010299956639813
3971,adaptation,6,6,2.221848749616356
3972,added,6,6,2.221848749616356
3973,addresses,6,6,2.221848749616356
3974,adipocyte,6,3,2.5228787452803374
3975,adipogenic,6,2,2.6989700043360187
3976,adiponectin,6,5,2.3010299956639813
3977,adpn,6,1,3.0
3978,aerobic,6,5,2.3010299956639813
3979,age.,6,5,2.3010299956639813
3980,age:,6,5,2.3010299956639813
3981,ageing,6,3,2.5228787452803374
3982,"agonism,",6,6,2.221848749616356
3983,agreement,6,4,2.3979400086720375
3984,ali,6,2,2.6989700043360187
3985,aligned,6,6,2.221848749616356
3986,alopecia,6,4,2.3979400086720375
3987,alt,6,5,2.3010299956639813
3988,ambulatory,6,3,2.5228787452803374
3989,ameliorated,6,6,2.221848749616356
3990,analogues,6,6,2.221848749616356
3991,"analogues,",6,5,2.3010299956639813
3992,"analyzed,",6,6,2.221848749616356
3993,anemia,6,4,2.3979400086720375
3994,anesthetic,6,5,2.3010299956639813
3995,angiotensin,6,6,2.221848749616356
3996,antidepressant,6,3,2.5228787452803374
3997,apolipoprotein,6,4,2.3979400086720375
3998,applications,6,4,2.3979400086720375
3999,applications.,6,5,2.3010299956639813
4000,aqueous,6,5,2.3010299956639813
4001,artificial,6,6,2.221848749616356
4002,auc,6,4,2.3979400086720375
4003,autoimmune,6,6,2.221848749616356
4004,autonomic,6,6,2.221848749616356
4005,available.,6,6,2.221848749616356
4006,avoidance,6,4,2.3979400086720375
4007,beginning,6,6,2.221848749616356
4008,"behavior,",6,6,2.221848749616356
4009,bioelectrical,6,6,2.221848749616356
4010,"biology,",6,6,2.221848749616356
4011,biology.,6,6,2.221848749616356
4012,bleeding,6,3,2.5228787452803374
4013,body-composition,6,5,2.3010299956639813
4014,bootstrap,6,3,2.5228787452803374
4015,brca1,6,1,3.0
4016,breve,6,1,3.0
4017,cagrisema,6,3,2.5228787452803374
4018,calculated.,6,6,2.221848749616356
4019,carbohydrate,6,4,2.3979400086720375
4020,cardiomyopathy,6,6,2.221848749616356
4021,carefully,6,6,2.221848749616356
4022,caused,6,6,2.221848749616356
4023,"caution,",6,5,2.3010299956639813
4024,cautiously.,6,6,2.221848749616356
4025,cell-specific,6,3,2.5228787452803374
4026,centres,6,5,2.3010299956639813
4027,certainty),6,3,2.5228787452803374
4028,"cessation,",6,6,2.221848749616356
4029,challenging.,6,6,2.221848749616356
4030,channel,6,4,2.3979400086720375
4031,child,6,4,2.3979400086720375
4032,cirrhosis,6,3,2.5228787452803374
4033,class-wide,6,5,2.3010299956639813
4034,classical,6,6,2.221848749616356
4035,"cm,",6,3,2.5228787452803374
4036,co-agonists,6,4,2.3979400086720375
4037,co-transporter-2,6,6,2.221848749616356
4038,coding,6,5,2.3010299956639813
4039,collapse,6,6,2.221848749616356
4040,"communication,",6,6,2.221848749616356
4041,comparators,6,5,2.3010299956639813
4042,comparators.,6,5,2.3010299956639813
4043,"comparison,",6,5,2.3010299956639813
4044,comparisons.,6,6,2.221848749616356
4045,compelling,6,6,2.221848749616356
4046,completely,6,6,2.221848749616356
4047,"complex,",6,6,2.221848749616356
4048,compounding,6,5,2.3010299956639813
4049,compromising,6,6,2.221848749616356
4050,computational,6,5,2.3010299956639813
4051,concentrated,6,6,2.221848749616356
4052,condition.,6,6,2.221848749616356
4053,conditional,6,6,2.221848749616356
4054,considerations.,6,6,2.221848749616356
4055,consisting,6,6,2.221848749616356
4056,constipation,6,6,2.221848749616356
4057,contained,6,4,2.3979400086720375
4058,continuity,6,4,2.3979400086720375
4059,continuously,6,6,2.221848749616356
4060,contouring,6,3,2.5228787452803374
4061,contributors,6,6,2.221848749616356
4062,controversial.,6,6,2.221848749616356
4063,convergent,6,5,2.3010299956639813
4064,correction,6,4,2.3979400086720375
4065,countries,6,5,2.3010299956639813
4066,covariates,6,5,2.3010299956639813
4067,crosstalk.,6,5,2.3010299956639813
4068,ctni,6,1,3.0
4069,cuff,6,3,2.5228787452803374
4070,cvd.,6,4,2.3979400086720375
4071,cvi,6,1,3.0
4072,damage,6,6,2.221848749616356
4073,damage.,6,5,2.3010299956639813
4074,days),6,5,2.3010299956639813
4075,de-identified,6,6,2.221848749616356
4076,declines,6,6,2.221848749616356
4077,"decreased,",6,5,2.3010299956639813
4078,definition,6,5,2.3010299956639813
4079,definitions,6,6,2.221848749616356
4080,degenerative,6,2,2.6989700043360187
4081,deliver,6,6,2.221848749616356
4082,delivery.,6,5,2.3010299956639813
4083,delphi,6,4,2.3979400086720375
4084,descriptively,6,6,2.221848749616356
4085,designs,6,6,2.221848749616356
4086,"designs,",6,5,2.3010299956639813
4087,detect,6,5,2.3010299956639813
4088,detectable,6,5,2.3010299956639813
4089,"dialysis,",6,4,2.3979400086720375
4090,diets,6,5,2.3010299956639813
4091,differentiated,6,6,2.221848749616356
4092,diminished,6,6,2.221848749616356
4093,discourse,6,5,2.3010299956639813
4094,discussion,6,6,2.221848749616356
4095,disproportionate,6,6,2.221848749616356
4096,distinguishing,6,5,2.3010299956639813
4097,"diversity,",6,6,2.221848749616356
4098,dme,6,2,2.6989700043360187
4099,dose-response,6,5,2.3010299956639813
4100,"dosing,",6,6,2.221848749616356
4101,dpp-4i.,6,6,2.221848749616356
4102,drawn,6,6,2.221848749616356
4103,drinking,6,2,2.6989700043360187
4104,drug-related,6,5,2.3010299956639813
4105,durability,6,6,2.221848749616356
4106,dvt,6,2,2.6989700043360187
4107,dyrk1a,6,1,3.0
4108,early-stage,6,5,2.3010299956639813
4109,eat,6,3,2.5228787452803374
4110,electrostatic,6,2,2.6989700043360187
4111,elevations,6,4,2.3979400086720375
4112,eleven,6,6,2.221848749616356
4113,enabled,6,6,2.221848749616356
4114,"endocrine,",6,6,2.221848749616356
4115,engage,6,6,2.221848749616356
4116,enhancement,6,5,2.3010299956639813
4117,enzymatic,6,6,2.221848749616356
4118,equivalence,6,4,2.3979400086720375
4119,era,6,6,2.221848749616356
4120,estimates.,6,6,2.221848749616356
4121,event.,6,6,2.221848749616356
4122,evolution,6,6,2.221848749616356
4123,ex-4,6,1,3.0
4124,excellent,6,6,2.221848749616356
4125,excretion,6,4,2.3979400086720375
4126,exerted,6,6,2.221848749616356
4127,exhibits,6,6,2.221848749616356
4128,expiratory,6,3,2.5228787452803374
4129,explicitly,6,6,2.221848749616356
4130,exploration,6,6,2.221848749616356
4131,extended-release,6,2,2.6989700043360187
4132,extends,6,5,2.3010299956639813
4133,eye,6,5,2.3010299956639813
4134,fast,6,5,2.3010299956639813
4135,favoring,6,6,2.221848749616356
4136,feed,6,2,2.6989700043360187
4137,fermentation,6,3,2.5228787452803374
4138,fgf21,6,5,2.3010299956639813
4139,"first,",6,6,2.221848749616356
4140,fisetin,6,2,2.6989700043360187
4141,fixed-dose,6,4,2.3979400086720375
4142,footprint,6,2,2.6989700043360187
4143,formulations.,6,6,2.221848749616356
4144,"frailty,",6,4,2.3979400086720375
4145,fusion-related,6,1,3.0
4146,fxr,6,1,3.0
4147,gains,6,5,2.3010299956639813
4148,gastroesophageal,6,6,2.221848749616356
4149,german,6,3,2.5228787452803374
4150,gland,6,2,2.6989700043360187
4151,glp-1r/gipr,6,5,2.3010299956639813
4152,glp-1ra-based,6,2,2.6989700043360187
4153,glp-1ra/sglt2-i,6,1,3.0
4154,gm2824,6,1,3.0
4155,graded,6,5,2.3010299956639813
4156,grading,6,6,2.221848749616356
4157,harm,6,6,2.221848749616356
4158,headache,6,4,2.3979400086720375
4159,"heart,",6,5,2.3010299956639813
4160,"hepatic,",6,6,2.221848749616356
4161,heterogeneity.,6,6,2.221848749616356
4162,hff,6,2,2.6989700043360187
4163,hierarchical,6,6,2.221848749616356
4164,his,6,5,2.3010299956639813
4165,"history,",6,5,2.3010299956639813
4166,holistic,6,6,2.221848749616356
4167,homeostatic,6,6,2.221848749616356
4168,hormones.,6,4,2.3979400086720375
4169,hospitalized,6,4,2.3979400086720375
4170,hub,6,4,2.3979400086720375
4171,hundred,6,5,2.3010299956639813
4172,hydrophobic,6,5,2.3010299956639813
4173,hypertension.,6,5,2.3010299956639813
4174,hypertensive,6,5,2.3010299956639813
4175,hypotheses,6,6,2.221848749616356
4176,hypoxia,6,1,3.0
4177,hypoxic,6,3,2.5228787452803374
4178,ia,6,1,3.0
4179,"identified,",6,6,2.221848749616356
4180,identity,6,3,2.5228787452803374
4181,iex,6,1,3.0
4182,impact.,6,6,2.221848749616356
4183,impairment.,6,6,2.221848749616356
4184,implications.,6,6,2.221848749616356
4185,index.,6,6,2.221848749616356
4186,indirectly,6,6,2.221848749616356
4187,influenced,6,6,2.221848749616356
4188,"inhibitor,",6,6,2.221848749616356
4189,"inhibitors),",6,5,2.3010299956639813
4190,innate,6,5,2.3010299956639813
4191,insulin-independent,6,4,2.3979400086720375
4192,intention-to-treat,6,6,2.221848749616356
4193,interindividual,6,6,2.221848749616356
4194,intervals.,6,6,2.221848749616356
4195,interventional,6,5,2.3010299956639813
4196,interview,6,4,2.3979400086720375
4197,investigated.,6,6,2.221848749616356
4198,investigational,6,6,2.221848749616356
4199,"investigations,",6,6,2.221848749616356
4200,involves,6,6,2.221848749616356
4201,ird,6,1,3.0
4202,irrespective,6,6,2.221848749616356
4203,iv,6,3,2.5228787452803374
4204,junction,6,3,2.5228787452803374
4205,kg),6,6,2.221848749616356
4206,kg/m2).,6,6,2.221848749616356
4207,knockdown,6,6,2.221848749616356
4208,l-cells,6,5,2.3010299956639813
4209,"large,",6,6,2.221848749616356
4210,limitations.,6,5,2.3010299956639813
4211,line,6,4,2.3979400086720375
4212,lipid-lowering,6,5,2.3010299956639813
4213,lipids,6,6,2.221848749616356
4214,live,6,6,2.221848749616356
4215,loop,6,6,2.221848749616356
4216,losing,6,6,2.221848749616356
4217,loss;,6,6,2.221848749616356
4218,"males,",6,5,2.3010299956639813
4219,manufacturing,6,5,2.3010299956639813
4220,"mash,",6,4,2.3979400086720375
4221,mash.,6,4,2.3979400086720375
4222,maximal,6,6,2.221848749616356
4223,measurable,6,6,2.221848749616356
4224,mediate,6,2,2.6989700043360187
4225,mediates,6,6,2.221848749616356
4226,"medication,",6,5,2.3010299956639813
4227,"memory,",6,5,2.3010299956639813
4228,methodology,6,5,2.3010299956639813
4229,mg).,6,5,2.3010299956639813
4230,mg/dl),6,5,2.3010299956639813
4231,mg/dl;,6,4,2.3979400086720375
4232,mg:,6,2,2.6989700043360187
4233,"microbiota,",6,5,2.3010299956639813
4234,microglial,6,5,2.3010299956639813
4235,migraine,6,1,3.0
4236,mineral,6,5,2.3010299956639813
4237,minimally,6,5,2.3010299956639813
4238,modeling,6,6,2.221848749616356
4239,modifiers,6,6,2.221848749616356
4240,modulated,6,6,2.221848749616356
4241,"monotherapy,",6,5,2.3010299956639813
4242,monster,6,1,3.0
4243,monthly,6,5,2.3010299956639813
4244,morphology,6,5,2.3010299956639813
4245,mortality;,6,6,2.221848749616356
4246,mostly,6,6,2.221848749616356
4247,mr,6,4,2.3979400086720375
4248,mucosal,6,5,2.3010299956639813
4249,multi-agonist,6,4,2.3979400086720375
4250,narratively,6,6,2.221848749616356
4251,neck,6,2,2.6989700043360187
4252,neither,6,5,2.3010299956639813
4253,neuropathic,6,3,2.5228787452803374
4254,neurovascular,6,4,2.3979400086720375
4255,"nevertheless,",6,6,2.221848749616356
4256,nicotinamide,6,4,2.3979400086720375
4257,"noise,",6,5,2.3010299956639813
4258,non-arteritic,6,4,2.3979400086720375
4259,noninvasive,6,3,2.5228787452803374
4260,nonrandomized,6,4,2.3979400086720375
4261,np,6,2,2.6989700043360187
4262,nt/c,6,1,3.0
4263,objective:,6,6,2.221848749616356
4264,"observational,",6,6,2.221848749616356
4265,om,6,1,3.0
4266,one-third,6,6,2.221848749616356
4267,open,6,6,2.221848749616356
4268,optimized,6,6,2.221848749616356
4269,order,6,6,2.221848749616356
4270,orders,6,3,2.5228787452803374
4271,organ-specific,6,6,2.221848749616356
4272,organized,6,6,2.221848749616356
4273,others.,6,6,2.221848749616356
4274,outpatient,6,5,2.3010299956639813
4275,output,6,6,2.221848749616356
4276,overdose,6,4,2.3979400086720375
4277,overexpression,6,5,2.3010299956639813
4278,overlap,6,6,2.221848749616356
4279,overload,6,6,2.221848749616356
4280,"p<0.001),",6,6,2.221848749616356
4281,pad,6,2,2.6989700043360187
4282,painful,6,2,2.6989700043360187
4283,pairing,6,5,2.3010299956639813
4284,pancreas,6,5,2.3010299956639813
4285,"parallel,",6,6,2.221848749616356
4286,parameter,6,6,2.221848749616356
4287,pathologies,6,3,2.5228787452803374
4288,pbh,6,3,2.5228787452803374
4289,peg,6,2,2.6989700043360187
4290,pending,6,6,2.221848749616356
4291,periods,6,6,2.221848749616356
4292,permeability,6,5,2.3010299956639813
4293,"permeability,",6,5,2.3010299956639813
4294,peroxisome,6,6,2.221848749616356
4295,phenotype-based,6,4,2.3979400086720375
4296,"pi,",6,1,3.0
4297,pji,6,3,2.5228787452803374
4298,plastic,6,4,2.3979400086720375
4299,platelet,6,2,2.6989700043360187
4300,plausibility,6,6,2.221848749616356
4301,plays,6,6,2.221848749616356
4302,pn,6,2,2.6989700043360187
4303,points.,6,5,2.3010299956639813
4304,points;,6,5,2.3010299956639813
4305,policies,6,6,2.221848749616356
4306,"polypeptide,",6,6,2.221848749616356
4307,positions,6,5,2.3010299956639813
4308,post-bariatric,6,5,2.3010299956639813
4309,post-cessation,6,3,2.5228787452803374
4310,post-vaccination,6,1,3.0
4311,postpartum,6,2,2.6989700043360187
4312,posts,6,2,2.6989700043360187
4313,powerful,6,6,2.221848749616356
4314,prandial,6,3,2.5228787452803374
4315,pre-operative,6,4,2.3979400086720375
4316,preconception,6,5,2.3010299956639813
4317,prediabetes.,6,4,2.3979400086720375
4318,preferential,6,4,2.3979400086720375
4319,pressure.,6,6,2.221848749616356
4320,prioritize,6,6,2.221848749616356
4321,problem,6,6,2.221848749616356
4322,produces,6,6,2.221848749616356
4323,prolong,6,6,2.221848749616356
4324,proof,6,6,2.221848749616356
4325,properties.,6,5,2.3010299956639813
4326,pyroptosis,6,2,2.6989700043360187
4327,pyy3-36,6,1,3.0
4328,q,6,3,2.5228787452803374
4329,r,6,6,2.221848749616356
4330,ra.,6,4,2.3979400086720375
4331,raasi,6,1,3.0
4332,randomisation,6,5,2.3010299956639813
4333,range.,6,5,2.3010299956639813
4334,rank,6,5,2.3010299956639813
4335,rapamycin,6,6,2.221848749616356
4336,"rapid,",6,6,2.221848749616356
4337,rarely,6,6,2.221848749616356
4338,reasons,6,4,2.3979400086720375
4339,receiver,6,5,2.3010299956639813
4340,receptors.,6,5,2.3010299956639813
4341,recognizing,6,6,2.221848749616356
4342,recombinant,6,3,2.5228787452803374
4343,"recommendations,",6,6,2.221848749616356
4344,"recurrence,",6,5,2.3010299956639813
4345,refine,6,6,2.221848749616356
4346,region,6,6,2.221848749616356
4347,relapsing,6,6,2.221848749616356
4348,"release,",6,6,2.221848749616356
4349,reliable,6,4,2.3979400086720375
4350,remission.,6,5,2.3010299956639813
4351,remodeling.,6,6,2.221848749616356
4352,remodelling,6,6,2.221848749616356
4353,reports.,6,6,2.221848749616356
4354,repurposing,6,6,2.221848749616356
4355,resolved,6,6,2.221848749616356
4356,respect,6,6,2.221848749616356
4357,respectively,6,5,2.3010299956639813
4358,respectively).,6,5,2.3010299956639813
4359,responder,6,5,2.3010299956639813
4360,restores,6,6,2.221848749616356
4361,retrieved,6,6,2.221848749616356
4362,reveals,6,6,2.221848749616356
4363,"reviews,",6,5,2.3010299956639813
4364,"reward,",6,5,2.3010299956639813
4365,"rgc,",6,4,2.3979400086720375
4366,"risks,",6,6,2.221848749616356
4367,roadmap,6,6,2.221848749616356
4368,rose,6,6,2.221848749616356
4369,rotator,6,3,2.5228787452803374
4370,rvo,6,1,3.0
4371,s,6,5,2.3010299956639813
4372,"sarcopenia,",6,5,2.3010299956639813
4373,scaffold,6,6,2.221848749616356
4374,scalable,6,5,2.3010299956639813
4375,scopolamine,6,1,3.0
4376,"scores,",6,6,2.221848749616356
4377,"select,",6,6,2.221848749616356
4378,self-medication,6,2,2.6989700043360187
4379,serial,6,6,2.221848749616356
4380,serves,6,6,2.221848749616356
4381,sets,6,6,2.221848749616356
4382,"settings,",6,6,2.221848749616356
4383,"significant,",6,5,2.3010299956639813
4384,signs/symptoms,6,1,3.0
4385,"similarly,",6,6,2.221848749616356
4386,sitagliptin,6,5,2.3010299956639813
4387,smoking,6,3,2.5228787452803374
4388,solids,6,2,2.6989700043360187
4389,sought,6,6,2.221848749616356
4390,soul,6,4,2.3979400086720375
4391,south,6,5,2.3010299956639813
4392,"specifically,",6,6,2.221848749616356
4393,spontaneous,6,6,2.221848749616356
4394,squamous,6,2,2.6989700043360187
4395,stachyose,6,1,3.0
4396,standard-dose,6,1,3.0
4397,sterile,6,5,2.3010299956639813
4398,stimulating,6,5,2.3010299956639813
4399,sting,6,2,2.6989700043360187
4400,strength.,6,3,2.5228787452803374
4401,strengthen,6,6,2.221848749616356
4402,strengths,6,5,2.3010299956639813
4403,stress.,6,6,2.221848749616356
4404,structurally,6,6,2.221848749616356
4405,subclinical,6,5,2.3010299956639813
4406,subtypes,6,5,2.3010299956639813
4407,suicidality.,6,5,2.3010299956639813
4408,suicide-related,6,2,2.6989700043360187
4409,supplemented,6,6,2.221848749616356
4410,supportive,6,5,2.3010299956639813
4411,surveys,6,6,2.221848749616356
4412,survival.,6,5,2.3010299956639813
4413,targets.,6,6,2.221848749616356
4414,telogen,6,3,2.5228787452803374
4415,tertiary,6,6,2.221848749616356
4416,test.,6,6,2.221848749616356
4417,"tests,",6,6,2.221848749616356
4418,tgr5,6,4,2.3979400086720375
4419,thresholds.,6,6,2.221848749616356
4420,thrombosis,6,5,2.3010299956639813
4421,tight,6,2,2.6989700043360187
4422,time-dependent,6,5,2.3010299956639813
4423,times,6,6,2.221848749616356
4424,tirzepatide's,6,5,2.3010299956639813
4425,tirzepatide),6,6,2.221848749616356
4426,tissue.,6,6,2.221848749616356
4427,tka,6,4,2.3979400086720375
4428,tka.,6,4,2.3979400086720375
4429,top,6,5,2.3010299956639813
4430,"total,",6,6,2.221848749616356
4431,transformative,6,6,2.221848749616356
4432,trial-level,6,2,2.6989700043360187
4433,"triglycerides,",6,5,2.3010299956639813
4434,tumour,6,4,2.3979400086720375
4435,two-week,6,1,3.0
4436,ultrasound,6,4,2.3979400086720375
4437,underrepresented,6,6,2.221848749616356
4438,unified,6,6,2.221848749616356
4439,unregulated,6,6,2.221848749616356
4440,update,6,5,2.3010299956639813
4441,urgent,6,6,2.221848749616356
4442,valuable,6,6,2.221848749616356
4443,"value,",6,6,2.221848749616356
4444,variable.,6,6,2.221848749616356
4445,varies,6,6,2.221848749616356
4446,vertebral,6,1,3.0
4447,veterans,6,3,2.5228787452803374
4448,vigilance,6,5,2.3010299956639813
4449,visit,6,6,2.221848749616356
4450,vitro.,6,6,2.221848749616356
4451,vulnerability.,6,5,2.3010299956639813
4452,warranting,6,6,2.221848749616356
4453,way,6,6,2.221848749616356
4454,weeks),6,5,2.3010299956639813
4455,weight-management,6,5,2.3010299956639813
4456,weights,6,5,2.3010299956639813
4457,why,6,6,2.221848749616356
4458,"withdrawal,",6,5,2.3010299956639813
4459,"years),",6,6,2.221848749616356
4460,"yet,",6,6,2.221848749616356
4461,ypxjf,6,1,3.0
4462,β-glucan,6,1,3.0
4463,γδ,6,1,3.0
4464,η2p,6,1,3.0
4465,≥18,6,6,2.221848749616356
4466,≥65,6,4,2.3979400086720375
4467,%,5,2,2.6989700043360187
4468,(<,5,4,2.3979400086720375
4469,(ad),5,5,2.3010299956639813
4470,(aud),5,5,2.3010299956639813
4471,(ci):,5,5,2.3010299956639813
4472,"(dpp-4i),",5,5,2.3010299956639813
4473,(dpp4i),5,5,2.3010299956639813
4474,(dpp4is),5,5,2.3010299956639813
4475,"(egfr),",5,5,2.3010299956639813
4476,(gcgr),5,5,2.3010299956639813
4477,(gi),5,5,2.3010299956639813
4478,(glp1-ra),5,5,2.3010299956639813
4479,"(hhf),",5,5,2.3010299956639813
4480,"(hrs,",5,1,3.0
4481,"(i.e.,",5,3,2.5228787452803374
4482,(iii),5,5,2.3010299956639813
4483,(iqr,5,3,2.5228787452803374
4484,(mbs),5,5,2.3010299956639813
4485,(md),5,5,2.3010299956639813
4486,(mds),5,5,2.3010299956639813
4487,(nvamd-c:,5,1,3.0
4488,(oa),5,5,2.3010299956639813
4489,(pmos),5,4,2.3979400086720375
4490,(prr,5,1,3.0
4491,(psm),5,5,2.3010299956639813
4492,(rds),5,5,2.3010299956639813
4493,(relative,5,4,2.3979400086720375
4494,(rr),5,5,2.3010299956639813
4495,(sg),5,3,2.5228787452803374
4496,(t1d).,5,5,2.3010299956639813
4497,(with,5,5,2.3010299956639813
4498,0.002).,5,5,2.3010299956639813
4499,0.01,5,4,2.3979400086720375
4500,0.01),5,4,2.3979400086720375
4501,0.47;,5,5,2.3010299956639813
4502,0.5,5,5,2.3010299956639813
4503,"0.52,",5,4,2.3979400086720375
4504,0.61;,5,5,2.3010299956639813
4505,0.7,5,4,2.3979400086720375
4506,0.74,5,4,2.3979400086720375
4507,0.79;,5,5,2.3010299956639813
4508,"0.89,",5,4,2.3979400086720375
4509,0.92;,5,5,2.3010299956639813
4510,"1.28,",5,3,2.5228787452803374
4511,"10,",5,5,2.3010299956639813
4512,112,5,5,2.3010299956639813
4513,"17,",5,5,2.3010299956639813
4514,18-month,5,3,2.5228787452803374
4515,182.5,5,1,3.0
4516,200-mg,5,1,3.0
4517,2006,5,4,2.3979400086720375
4518,2557,5,1,3.0
4519,43,5,5,2.3010299956639813
4520,47,5,5,2.3010299956639813
4521,49,5,5,2.3010299956639813
4522,61,5,5,2.3010299956639813
4523,68,5,4,2.3979400086720375
4524,7%,5,4,2.3979400086720375
4525,7.2,5,3,2.5228787452803374
4526,8%,5,2,2.6989700043360187
4527,"8,",5,3,2.5228787452803374
4528,96,5,2,2.6989700043360187
4529,[ci]:,5,5,2.3010299956639813
4530,"[hr],",5,5,2.3010299956639813
4531,[iqr:,5,2,2.6989700043360187
4532,"a1c,",5,5,2.3010299956639813
4533,able,5,5,2.3010299956639813
4534,abnormal,5,5,2.3010299956639813
4535,"abnormalities,",5,4,2.3979400086720375
4536,accompanying,5,5,2.3010299956639813
4537,accumulating,5,5,2.3010299956639813
4538,accuracy,5,5,2.3010299956639813
4539,accurately,5,5,2.3010299956639813
4540,acm,5,2,2.6989700043360187
4541,activator,5,4,2.3979400086720375
4542,"active-comparator,",5,5,2.3010299956639813
4543,ad.,5,4,2.3979400086720375
4544,adenosine,5,5,2.3010299956639813
4545,adequacy,5,5,2.3010299956639813
4546,adipocytes,5,3,2.5228787452803374
4547,adoption,5,5,2.3010299956639813
4548,advantages,5,5,2.3010299956639813
4549,adverse-event,5,5,2.3010299956639813
4550,affinity,5,4,2.3979400086720375
4551,affordability,5,5,2.3010299956639813
4552,"affordability,",5,5,2.3010299956639813
4553,agency,5,5,2.3010299956639813
4554,akt,5,4,2.3979400086720375
4555,albumin,5,4,2.3979400086720375
4556,alleviating,5,5,2.3010299956639813
4557,alters,5,5,2.3010299956639813
4558,alzheimer,5,2,2.6989700043360187
4559,amd,5,1,3.0
4560,aminotransferase,5,5,2.3010299956639813
4561,analogue,5,5,2.3010299956639813
4562,analyse,5,4,2.3979400086720375
4563,analyze,5,4,2.3979400086720375
4564,anorexia,5,4,2.3979400086720375
4565,antagonism,5,5,2.3010299956639813
4566,antagonism.,5,3,2.5228787452803374
4567,antibiotics,5,3,2.5228787452803374
4568,antiretroviral,5,4,2.3979400086720375
4569,aortic,5,2,2.6989700043360187
4570,"apnea,",5,5,2.3010299956639813
4571,"apoptosis,",5,5,2.3010299956639813
4572,applying,5,5,2.3010299956639813
4573,"approach,",5,5,2.3010299956639813
4574,arabia,5,3,2.5228787452803374
4575,architecture,5,5,2.3010299956639813
4576,argues,5,5,2.3010299956639813
4577,arthroscopic,5,2,2.6989700043360187
4578,"article,",5,5,2.3010299956639813
4579,aseptic,5,4,2.3979400086720375
4580,assays.,5,5,2.3010299956639813
4581,association.,5,5,2.3010299956639813
4582,astrocyte,5,4,2.3979400086720375
4583,asx,5,1,3.0
4584,atp,5,4,2.3979400086720375
4585,atrophy,5,4,2.3979400086720375
4586,aware,5,5,2.3010299956639813
4587,axial,5,2,2.6989700043360187
4588,balance.,5,4,2.3979400086720375
4589,"barriers,",5,5,2.3010299956639813
4590,base-case,5,3,2.5228787452803374
4591,basic,5,5,2.3010299956639813
4592,bbi/mdi,5,1,3.0
4593,becoming,5,5,2.3010299956639813
4594,between-class,5,1,3.0
4595,biased,5,4,2.3979400086720375
4596,binds,5,5,2.3010299956639813
4597,binge,5,2,2.6989700043360187
4598,biomarker-guided,5,4,2.3979400086720375
4599,bip,5,3,2.5228787452803374
4600,"blockade,",5,4,2.3979400086720375
4601,bmi.,5,5,2.3010299956639813
4602,bodies,5,4,2.3979400086720375
4603,bone-brain,5,1,3.0
4604,both.,5,5,2.3010299956639813
4605,brain.,5,5,2.3010299956639813
4606,brca1+/-,5,1,3.0
4607,breathing,5,5,2.3010299956639813
4608,broadly,5,5,2.3010299956639813
4609,brs,5,1,3.0
4610,bw,5,2,2.6989700043360187
4611,c57bl/6j,5,5,2.3010299956639813
4612,calendar,5,4,2.3979400086720375
4613,calls,5,5,2.3010299956639813
4614,calorimetry,5,3,2.5228787452803374
4615,canada,5,3,2.5228787452803374
4616,cancers.,5,3,2.5228787452803374
4617,"candidates,",5,5,2.3010299956639813
4618,carcinogenicity,5,1,3.0
4619,"carcinoma,",5,5,2.3010299956639813
4620,caregivers,5,1,3.0
4621,carrying,5,4,2.3979400086720375
4622,case-control,5,5,2.3010299956639813
4623,"cases,",5,5,2.3010299956639813
4624,categories,5,5,2.3010299956639813
4625,causing,5,5,2.3010299956639813
4626,cautious,5,5,2.3010299956639813
4627,cerebellar,5,1,3.0
4628,"challenge,",5,5,2.3010299956639813
4629,changed,5,5,2.3010299956639813
4630,characterise,5,5,2.3010299956639813
4631,characterization,5,3,2.5228787452803374
4632,checklist,5,5,2.3010299956639813
4633,chi-square,5,5,2.3010299956639813
4634,childhood,5,5,2.3010299956639813
4635,ci-aki,5,1,3.0
4636,circadian,5,5,2.3010299956639813
4637,circuits,5,4,2.3979400086720375
4638,"circuits,",5,2,2.6989700043360187
4639,city,5,5,2.3010299956639813
4640,ckd-specific,5,4,2.3979400086720375
4641,clearance,5,5,2.3010299956639813
4642,"clearance,",5,5,2.3010299956639813
4643,clinic.,5,5,2.3010299956639813
4644,"clinically,",5,5,2.3010299956639813
4645,"clinicaltrials.gov,",5,5,2.3010299956639813
4646,close,5,5,2.3010299956639813
4647,clusters,5,3,2.5228787452803374
4648,cn,5,1,3.0
4649,coexisting,5,5,2.3010299956639813
4650,cohort;,5,5,2.3010299956639813
4651,colitis,5,3,2.5228787452803374
4652,combines,5,5,2.3010299956639813
4653,common.,5,5,2.3010299956639813
4654,companion,5,3,2.5228787452803374
4655,comparability,5,3,2.5228787452803374
4656,comparatively,5,5,2.3010299956639813
4657,compatible,5,5,2.3010299956639813
4658,compensatory,5,5,2.3010299956639813
4659,competence,5,3,2.5228787452803374
4660,complexity,5,5,2.3010299956639813
4661,"compounds,",5,5,2.3010299956639813
4662,conclusion:,5,5,2.3010299956639813
4663,conclusions.,5,4,2.3979400086720375
4664,conditioned,5,4,2.3979400086720375
4665,"conducted,",5,5,2.3010299956639813
4666,confers,5,5,2.3010299956639813
4667,consequences.,5,5,2.3010299956639813
4668,conservative,5,5,2.3010299956639813
4669,consistency,5,4,2.3979400086720375
4670,consultation,5,5,2.3010299956639813
4671,contains,5,5,2.3010299956639813
4672,coordinate,5,5,2.3010299956639813
4673,coordination,5,5,2.3010299956639813
4674,correlation,5,5,2.3010299956639813
4675,"counseling,",5,5,2.3010299956639813
4676,counts,5,5,2.3010299956639813
4677,cravings,5,2,2.6989700043360187
4678,creating,5,5,2.3010299956639813
4679,credible,5,4,2.3979400086720375
4680,ct130,5,1,3.0
4681,cultural,5,3,2.5228787452803374
4682,curves,5,5,2.3010299956639813
4683,daytime,5,4,2.3979400086720375
4684,de,5,5,2.3010299956639813
4685,de-intensification,5,1,3.0
4686,debate,5,4,2.3979400086720375
4687,decompensation,5,4,2.3979400086720375
4688,"definitions,",5,5,2.3010299956639813
4689,deidentified,5,5,2.3010299956639813
4690,dementia.,5,4,2.3979400086720375
4691,dependent,5,5,2.3010299956639813
4692,depends,5,5,2.3010299956639813
4693,derive,5,5,2.3010299956639813
4694,dermatology,5,4,2.3979400086720375
4695,dermatology.,5,2,2.6989700043360187
4696,description,5,5,2.3010299956639813
4697,determining,5,5,2.3010299956639813
4698,devices,5,4,2.3979400086720375
4699,diabetes-labeled,5,1,3.0
4700,differences.,5,5,2.3010299956639813
4701,"differentiation,",5,5,2.3010299956639813
4702,digestibility,5,2,2.6989700043360187
4703,digoxin,5,1,3.0
4704,dimensions,5,5,2.3010299956639813
4705,discharge.,5,5,2.3010299956639813
4706,discontinue,5,5,2.3010299956639813
4707,discontinuing,5,4,2.3979400086720375
4708,"discovery,",5,5,2.3010299956639813
4709,disparities.,5,3,2.5228787452803374
4710,displayed,5,5,2.3010299956639813
4711,disproportionately,5,5,2.3010299956639813
4712,disrupts,5,4,2.3979400086720375
4713,distinction,5,5,2.3010299956639813
4714,dka,5,4,2.3979400086720375
4715,donors,5,2,2.6989700043360187
4716,dopamine,5,4,2.3979400086720375
4717,dosing.,5,5,2.3010299956639813
4718,double-blind,5,5,2.3010299956639813
4719,douyin,5,1,3.0
4720,"dpp-4i,",5,3,2.5228787452803374
4721,dpp4is,5,4,2.3979400086720375
4722,dul,5,1,3.0
4723,"durability,",5,5,2.3010299956639813
4724,duration.,5,5,2.3010299956639813
4725,dyslipidemia,5,5,2.3010299956639813
4726,dysregulation.,5,5,2.3010299956639813
4727,editorial,5,5,2.3010299956639813
4728,eec,5,1,3.0
4729,"effect,",5,5,2.3010299956639813
4730,egger's,5,4,2.3979400086720375
4731,elastography,5,4,2.3979400086720375
4732,electrolyte,5,5,2.3010299956639813
4733,elucidated,5,5,2.3010299956639813
4734,"embolism,",5,5,2.3010299956639813
4735,emerged.,5,5,2.3010299956639813
4736,"empagliflozin,",5,5,2.3010299956639813
4737,emptying.,5,4,2.3979400086720375
4738,endometrial,5,4,2.3979400086720375
4739,engagement.,5,4,2.3979400086720375
4740,enrolling,5,5,2.3010299956639813
4741,enteral,5,2,2.6989700043360187
4742,"enzymes,",5,5,2.3010299956639813
4743,epicardial,5,4,2.3979400086720375
4744,epidemiology,5,5,2.3010299956639813
4745,episodes,5,5,2.3010299956639813
4746,equally,5,4,2.3979400086720375
4747,equivalent,5,4,2.3979400086720375
4748,"escalation,",5,4,2.3979400086720375
4749,essential.,5,5,2.3010299956639813
4750,"established,",5,5,2.3010299956639813
4751,estimand,5,4,2.3979400086720375
4752,estrogen,5,3,2.5228787452803374
4753,"evaluation,",5,5,2.3010299956639813
4754,evidenced,5,5,2.3010299956639813
4755,evolve,5,5,2.3010299956639813
4756,exacerbations,5,3,2.5228787452803374
4757,examination,5,5,2.3010299956639813
4758,examined.,5,5,2.3010299956639813
4759,exceeded,5,5,2.3010299956639813
4760,exclusions,5,5,2.3010299956639813
4761,exerting,5,5,2.3010299956639813
4762,expenditure.,5,5,2.3010299956639813
4763,experimentally,5,4,2.3979400086720375
4764,explanations,5,5,2.3010299956639813
4765,explicit,5,5,2.3010299956639813
4766,exposures,5,4,2.3979400086720375
4767,extraction,5,5,2.3010299956639813
4768,faster,5,3,2.5228787452803374
4769,"fasting,",5,4,2.3979400086720375
4770,fate,5,4,2.3979400086720375
4771,"fatigue,",5,4,2.3979400086720375
4772,"females,",5,4,2.3979400086720375
4773,"ferroptosis,",5,3,2.5228787452803374
4774,fib-4,5,2,2.6989700043360187
4775,film,5,2,2.6989700043360187
4776,finger,5,2,2.6989700043360187
4777,fixed-effects,5,5,2.3010299956639813
4778,"flow,",5,4,2.3979400086720375
4779,fluctuations,5,5,2.3010299956639813
4780,flux,5,5,2.3010299956639813
4781,food-related,5,3,2.5228787452803374
4782,"fraction,",5,5,2.3010299956639813
4783,fragmented,5,5,2.3010299956639813
4784,frail,5,3,2.5228787452803374
4785,ft3,5,1,3.0
4786,fullness,5,3,2.5228787452803374
4787,"functional,",5,4,2.3979400086720375
4788,"functions,",5,4,2.3979400086720375
4789,functions.,5,5,2.3010299956639813
4790,funnel,5,4,2.3979400086720375
4791,"gaps,",5,5,2.3010299956639813
4792,"gastrointestinal,",5,5,2.3010299956639813
4793,gcg,5,3,2.5228787452803374
4794,generalized,5,5,2.3010299956639813
4795,genital,5,5,2.3010299956639813
4796,genome-wide,5,4,2.3979400086720375
4797,geroprotective,5,4,2.3979400086720375
4798,gh,5,1,3.0
4799,glds,5,2,2.6989700043360187
4800,glp-1-ras,5,1,3.0
4801,glp-1.,5,4,2.3979400086720375
4802,"glp-1r,",5,5,2.3010299956639813
4803,glp-1r/gcgr,5,1,3.0
4804,glp1,5,4,2.3979400086720375
4805,glucocorticoid,5,4,2.3979400086720375
4806,glucose.,5,5,2.3010299956639813
4807,glycaemia,5,3,2.5228787452803374
4808,glycolytic,5,2,2.6989700043360187
4809,goal,5,5,2.3010299956639813
4810,gpr43,5,1,3.0
4811,gr,5,1,3.0
4812,graft,5,2,2.6989700043360187
4813,great,5,5,2.3010299956639813
4814,green,5,4,2.3979400086720375
4815,group;,5,3,2.5228787452803374
4816,gynecologists,5,2,2.6989700043360187
4817,haemodynamic,5,4,2.3979400086720375
4818,hard,5,5,2.3010299956639813
4819,harmine,5,1,3.0
4820,harmonised,5,5,2.3010299956639813
4821,healthier,5,3,2.5228787452803374
4822,heavy,5,3,2.5228787452803374
4823,"herein,",5,5,2.3010299956639813
4824,"hf,",5,4,2.3979400086720375
4825,hfd-fed,5,2,2.6989700043360187
4826,"hfpef,",5,3,2.5228787452803374
4827,"high,",5,4,2.3979400086720375
4828,high-sensitivity,5,5,2.3010299956639813
4829,"homa-ir,",5,3,2.5228787452803374
4830,hrs,5,3,2.5228787452803374
4831,hs.,5,3,2.5228787452803374
4832,humans.,5,5,2.3010299956639813
4833,hyperglycemia.,5,5,2.3010299956639813
4834,hyperphagia,5,3,2.5228787452803374
4835,"hypoglycaemia,",5,4,2.3979400086720375
4836,hypoglycaemia.,5,5,2.3010299956639813
4837,hypothesis-generating.,5,5,2.3010299956639813
4838,i1088,5,1,3.0
4839,iarc,5,1,3.0
4840,ibts,5,1,3.0
4841,icer,5,3,2.5228787452803374
4842,il-1β,5,5,2.3010299956639813
4843,"immune,",5,5,2.3010299956639813
4844,implemented,5,5,2.3010299956639813
4845,"implications,",5,5,2.3010299956639813
4846,important.,5,5,2.3010299956639813
4847,improvement.,5,5,2.3010299956639813
4848,improvements.,5,5,2.3010299956639813
4849,inappropriate,5,2,2.6989700043360187
4850,incidence.,5,5,2.3010299956639813
4851,include:,5,5,2.3010299956639813
4852,inconclusive.,5,5,2.3010299956639813
4853,"increased,",5,5,2.3010299956639813
4854,incretin-related,5,5,2.3010299956639813
4855,incretins,5,4,2.3979400086720375
4856,indications.,5,5,2.3010299956639813
4857,"individualized,",5,5,2.3010299956639813
4858,individually,5,5,2.3010299956639813
4859,inducing,5,5,2.3010299956639813
4860,"infections,",5,4,2.3979400086720375
4861,infrastructure,5,4,2.3979400086720375
4862,infusions,5,2,2.6989700043360187
4863,instability,5,5,2.3010299956639813
4864,instrip,5,1,3.0
4865,insufficiency,5,5,2.3010299956639813
4866,insulin-deficient,5,2,2.6989700043360187
4867,insulins,5,2,2.6989700043360187
4868,integrity.,5,5,2.3010299956639813
4869,intensified,5,3,2.5228787452803374
4870,internal,5,5,2.3010299956639813
4871,interpretation.,5,5,2.3010299956639813
4872,"intervals,",5,5,2.3010299956639813
4873,intolerance.,5,4,2.3979400086720375
4874,intrinsic,5,5,2.3010299956639813
4875,invasive,5,4,2.3979400086720375
4876,involve,5,5,2.3010299956639813
4877,ipmn,5,1,3.0
4878,irreversible,5,4,2.3979400086720375
4879,ischemia,5,3,2.5228787452803374
4880,"islets,",5,5,2.3010299956639813
4881,islets.,5,4,2.3979400086720375
4882,kansas,5,5,2.3010299956639813
4883,kc,5,1,3.0
4884,"kg/m²),",5,4,2.3979400086720375
4885,kidneyintelx,5,1,3.0
4886,"knowledge,",5,4,2.3979400086720375
4887,"l-cells,",5,4,2.3979400086720375
4888,lactate,5,5,2.3010299956639813
4889,"landscape,",5,5,2.3010299956639813
4890,landscape.,5,5,2.3010299956639813
4891,language,5,4,2.3979400086720375
4892,latest,5,5,2.3010299956639813
4893,layer,5,4,2.3979400086720375
4894,laying,5,2,2.6989700043360187
4895,"ldl-c,",5,4,2.3979400086720375
4896,libitum,5,4,2.3979400086720375
4897,life-threatening,5,5,2.3010299956639813
4898,lifelong,5,5,2.3010299956639813
4899,ligand,5,5,2.3010299956639813
4900,ligands,5,5,2.3010299956639813
4901,limb,5,3,2.5228787452803374
4902,lipopolysaccharide,5,5,2.3010299956639813
4903,literature.,5,5,2.3010299956639813
4904,load,5,4,2.3979400086720375
4905,loading,5,4,2.3979400086720375
4906,losses,5,5,2.3010299956639813
4907,low-protein,5,1,3.0
4908,lp(a),5,3,2.5228787452803374
4909,lps,5,4,2.3979400086720375
4910,lupeol,5,1,3.0
4911,lvad,5,1,3.0
4912,"m2,",5,4,2.3979400086720375
4913,m2.,5,4,2.3979400086720375
4914,maces,5,3,2.5228787452803374
4915,machine,5,4,2.3979400086720375
4916,mainland,5,3,2.5228787452803374
4917,maintenance.,5,4,2.3979400086720375
4918,male;,5,5,2.3010299956639813
4919,mammalian,5,4,2.3979400086720375
4920,mandated,5,1,3.0
4921,"manner,",5,5,2.3010299956639813
4922,march5,5,1,3.0
4923,market,5,4,2.3979400086720375
4924,marketscan,5,4,2.3979400086720375
4925,markov,5,5,2.3010299956639813
4926,massiliensis,5,1,3.0
4927,meals,5,5,2.3010299956639813
4928,meaningfully,5,4,2.3979400086720375
4929,"measurements,",5,5,2.3010299956639813
4930,medication.,5,4,2.3979400086720375
4931,melanocortin-4,5,2,2.6989700043360187
4932,melanoma,5,2,2.6989700043360187
4933,"men,",5,5,2.3010299956639813
4934,meta-analyses.,5,4,2.3979400086720375
4935,metabolic-bariatric,5,1,3.0
4936,"methods,",5,5,2.3010299956639813
4937,"metrics,",5,4,2.3979400086720375
4938,mg.,5,5,2.3010299956639813
4939,mg/day,5,3,2.5228787452803374
4940,mg/kg,5,2,2.6989700043360187
4941,mg/week,5,2,2.6989700043360187
4942,microenvironment,5,5,2.3010299956639813
4943,microscopy,5,4,2.3979400086720375
4944,missing,5,5,2.3010299956639813
4945,mixed-meal,5,5,2.3010299956639813
4946,mm,5,4,2.3979400086720375
4947,"mm,",5,2,2.6989700043360187
4948,"mmol/l,",5,3,2.5228787452803374
4949,moderate-to-severe,5,3,2.5228787452803374
4950,"modest,",5,5,2.3010299956639813
4951,modification.,5,5,2.3010299956639813
4952,modifications,5,5,2.3010299956639813
4953,molecule,5,4,2.3979400086720375
4954,monophosphate,5,5,2.3010299956639813
4955,morbidity.,5,5,2.3010299956639813
4956,motor,5,4,2.3979400086720375
4957,move,5,5,2.3010299956639813
4958,mrc,5,1,3.0
4959,muct,5,1,3.0
4960,multi-receptor,5,5,2.3010299956639813
4961,multicentre,5,5,2.3010299956639813
4962,"multimorbidity,",5,5,2.3010299956639813
4963,muscle.,5,5,2.3010299956639813
4964,nad+,5,3,2.5228787452803374
4965,nadir,5,3,2.5228787452803374
4966,naion.,5,4,2.3979400086720375
4967,name,5,2,2.6989700043360187
4968,nasal,5,1,3.0
4969,native,5,3,2.5228787452803374
4970,navigating,5,5,2.3010299956639813
4971,ne,5,1,3.0
4972,necessarily,5,5,2.3010299956639813
4973,neovascular,5,4,2.3979400086720375
4974,nephrectomy,5,3,2.5228787452803374
4975,nephrectomy.,5,2,2.6989700043360187
4976,neuropathy.,5,4,2.3979400086720375
4977,neuropeptide,5,4,2.3979400086720375
4978,newcastle-ottawa,5,5,2.3010299956639813
4979,nmsc,5,1,3.0
4980,non-glp-1ra,5,5,2.3010299956639813
4981,non-obese,5,3,2.5228787452803374
4982,non-users.,5,5,2.3010299956639813
4983,nonusers,5,5,2.3010299956639813
4984,north,5,5,2.3010299956639813
4985,not.,5,5,2.3010299956639813
4986,notably,5,5,2.3010299956639813
4987,nst,5,1,3.0
4988,"nutritional,",5,4,2.3979400086720375
4989,nvamd-cp:,5,1,3.0
4990,obstetrician-gynecologists,5,2,2.6989700043360187
4991,obstruction,5,4,2.3979400086720375
4992,occupancy,5,3,2.5228787452803374
4993,on-treatment,5,4,2.3979400086720375
4994,one-to-one,5,5,2.3010299956639813
4995,"optimization,",5,5,2.3010299956639813
4996,optimization.,5,5,2.3010299956639813
4997,organs.,5,4,2.3979400086720375
4998,orofacial,5,1,3.0
4999,orthopaedic,5,3,2.5228787452803374
5000,"osa,",5,5,2.3010299956639813
5001,osteoporotic,5,2,2.6989700043360187
5002,oud.,5,3,2.5228787452803374
5003,outpatients,5,4,2.3979400086720375
5004,outperformed,5,4,2.3979400086720375
5005,overt,5,4,2.3979400086720375
5006,oxidation,5,4,2.3979400086720375
5007,p-value,5,3,2.5228787452803374
5008,panoptosis,5,1,3.0
5009,participants),5,5,2.3010299956639813
5010,particle,5,4,2.3979400086720375
5011,pasteurized,5,1,3.0
5012,patent,5,4,2.3979400086720375
5013,"pathology,",5,4,2.3979400086720375
5014,pathophysiology.,5,5,2.3010299956639813
5015,patient-level,5,4,2.3979400086720375
5016,patients',5,5,2.3010299956639813
5017,pectin,5,1,3.0
5018,"peptides,",5,5,2.3010299956639813
5019,peptides.,5,4,2.3979400086720375
5020,peri-operative,5,2,2.6989700043360187
5021,periods.,5,5,2.3010299956639813
5022,perspective.,5,5,2.3010299956639813
5023,ph.,5,2,2.6989700043360187
5024,"pharmacological,",5,4,2.3979400086720375
5025,"phase,",5,4,2.3979400086720375
5026,phenomenon,5,5,2.3010299956639813
5027,phenotypes.,5,5,2.3010299956639813
5028,"phenotyping,",5,5,2.3010299956639813
5029,pka,5,2,2.6989700043360187
5030,"plasma,",5,4,2.3979400086720375
5031,platforms,5,5,2.3010299956639813
5032,pneumonia,5,4,2.3979400086720375
5033,polypeptide/glucagon-like,5,5,2.3010299956639813
5034,pool,5,5,2.3010299956639813
5035,pose,5,5,2.3010299956639813
5036,positioned,5,5,2.3010299956639813
5037,possess,5,5,2.3010299956639813
5038,possesses,5,5,2.3010299956639813
5039,post-ea,5,1,3.0
5040,post-mbs,5,2,2.6989700043360187
5041,postmarketing,5,3,2.5228787452803374
5042,postoperatively.,5,4,2.3979400086720375
5043,postviral,5,1,3.0
5044,power.,5,5,2.3010299956639813
5045,pp,5,1,3.0
5046,ppar,5,4,2.3979400086720375
5047,ppha,5,1,3.0
5048,pre,5,2,2.6989700043360187
5049,pre-clinical,5,4,2.3979400086720375
5050,pre-surgical,5,2,2.6989700043360187
5051,preceding,5,5,2.3010299956639813
5052,predefined,5,5,2.3010299956639813
5053,"prediabetes,",5,5,2.3010299956639813
5054,preparations,5,4,2.3979400086720375
5055,presentation,5,4,2.3979400086720375
5056,presenting,5,5,2.3010299956639813
5057,"prevention,",5,5,2.3010299956639813
5058,prevents,5,5,2.3010299956639813
5059,prioritized,5,4,2.3979400086720375
5060,procedure.,5,5,2.3010299956639813
5061,"profiling,",5,5,2.3010299956639813
5062,"proliferation,",5,5,2.3010299956639813
5063,proliferative,5,5,2.3010299956639813
5064,prominent,5,5,2.3010299956639813
5065,promoter,5,3,2.5228787452803374
5066,propensity-matched,5,5,2.3010299956639813
5067,proteasomal,5,2,2.6989700043360187
5068,protect,5,4,2.3979400086720375
5069,"psoriasis,",5,4,2.3979400086720375
5070,psoriatic,5,3,2.5228787452803374
5071,pubmed/medline,5,4,2.3979400086720375
5072,pulse,5,4,2.3979400086720375
5073,"pyroptosis,",5,5,2.3010299956639813
5074,pyruvate,5,4,2.3979400086720375
5075,q4,5,2,2.6989700043360187
5076,qualified,5,4,2.3979400086720375
5077,quality-of-life,5,4,2.3979400086720375
5078,quality.,5,5,2.3010299956639813
5079,ra-based,5,4,2.3979400086720375
5080,radical,5,3,2.5228787452803374
5081,raise,5,5,2.3010299956639813
5082,rankings,5,4,2.3979400086720375
5083,"rats,",5,5,2.3010299956639813
5084,rd,5,3,2.5228787452803374
5085,reach,5,5,2.3010299956639813
5086,read,5,4,2.3979400086720375
5087,real-time,5,5,2.3010299956639813
5088,reassuring,5,4,2.3979400086720375
5089,records.,5,5,2.3010299956639813
5090,recruited,5,5,2.3010299956639813
5091,recruitment,5,5,2.3010299956639813
5092,reductions.,5,4,2.3979400086720375
5093,referred,5,4,2.3979400086720375
5094,refractory,5,4,2.3979400086720375
5095,registration,5,5,2.3010299956639813
5096,"regression,",5,5,2.3010299956639813
5097,reimbursement,5,4,2.3979400086720375
5098,relation,5,5,2.3010299956639813
5099,relationships.,5,5,2.3010299956639813
5100,release.,5,4,2.3979400086720375
5101,relies,5,5,2.3010299956639813
5102,rely,5,5,2.3010299956639813
5103,"remain,",5,5,2.3010299956639813
5104,repeat,5,5,2.3010299956639813
5105,reporter,5,4,2.3979400086720375
5106,reporting.,5,5,2.3010299956639813
5107,"reprogramming,",5,5,2.3010299956639813
5108,rescue,5,3,2.5228787452803374
5109,residence,5,3,2.5228787452803374
5110,"resources,",5,5,2.3010299956639813
5111,respectively),5,5,2.3010299956639813
5112,responsible,5,5,2.3010299956639813
5113,"restriction,",5,4,2.3979400086720375
5114,"retatrutide,",5,5,2.3010299956639813
5115,"retention,",5,5,2.3010299956639813
5116,"revision,",5,4,2.3979400086720375
5117,revolutionized,5,5,2.3010299956639813
5118,route,5,4,2.3979400086720375
5119,routinely,5,5,2.3010299956639813
5120,rwg,5,1,3.0
5121,scan,5,2,2.6989700043360187
5122,"scholar,",5,5,2.3010299956639813
5123,scoping,5,4,2.3979400086720375
5124,scores.,5,4,2.3979400086720375
5125,"screened,",5,5,2.3010299956639813
5126,"second,",5,5,2.3010299956639813
5127,senescence-associated,5,5,2.3010299956639813
5128,separately,5,5,2.3010299956639813
5129,"sequencing,",5,4,2.3979400086720375
5130,sglt-2is,5,2,2.6989700043360187
5131,sglt2i.,5,4,2.3979400086720375
5132,sgt-m,5,1,3.0
5133,si,5,1,3.0
5134,silencing,5,5,2.3010299956639813
5135,simulated,5,5,2.3010299956639813
5136,single-level,5,1,3.0
5137,"sitagliptin,",5,4,2.3979400086720375
5138,slightly,5,4,2.3979400086720375
5139,smg,5,1,3.0
5140,spanish,5,4,2.3979400086720375
5141,"specificity,",5,5,2.3010299956639813
5142,ssi,5,2,2.6989700043360187
5143,sstr2,5,1,3.0
5144,"states,",5,5,2.3010299956639813
5145,stay,5,5,2.3010299956639813
5146,"steatohepatitis,",5,5,2.3010299956639813
5147,steatosis.,5,5,2.3010299956639813
5148,steroid,5,2,2.6989700043360187
5149,"structure,",5,4,2.3979400086720375
5150,structures,5,5,2.3010299956639813
5151,"subsequently,",5,5,2.3010299956639813
5152,substitution,5,4,2.3979400086720375
5153,subtype,5,4,2.3979400086720375
5154,sufficient,5,4,2.3979400086720375
5155,summit,5,4,2.3979400086720375
5156,supply,5,5,2.3010299956639813
5157,"suppurativa,",5,4,2.3979400086720375
5158,survodutide's,5,1,3.0
5159,syndromes.,5,3,2.5228787452803374
5160,synergistically,5,5,2.3010299956639813
5161,"target,",5,4,2.3979400086720375
5162,target.,5,5,2.3010299956639813
5163,tau,5,2,2.6989700043360187
5164,taxa,5,5,2.3010299956639813
5165,tended,5,3,2.5228787452803374
5166,terminology,5,4,2.3979400086720375
5167,"testing,",5,5,2.3010299956639813
5168,testing.,5,5,2.3010299956639813
5169,therapeutic-dose,5,2,2.6989700043360187
5170,"third,",5,5,2.3010299956639813
5171,thromboembolism,5,5,2.3010299956639813
5172,timely,5,5,2.3010299956639813
5173,tja,5,2,2.6989700043360187
5174,toxicology,5,3,2.5228787452803374
5175,trabecular,5,2,2.6989700043360187
5176,"trafficking,",5,4,2.3979400086720375
5177,"trajectories,",5,5,2.3010299956639813
5178,"trajectory,",5,5,2.3010299956639813
5179,transcripts,5,2,2.6989700043360187
5180,transit,5,3,2.5228787452803374
5181,transplantation.,5,4,2.3979400086720375
5182,"trends,",5,5,2.3010299956639813
5183,trigger,5,2,2.6989700043360187
5184,triple-therapy,5,1,3.0
5185,tuberculosis,5,2,2.6989700043360187
5186,tumors,5,3,2.5228787452803374
5187,two-sample,5,5,2.3010299956639813
5188,two-step,5,4,2.3979400086720375
5189,type-2,5,4,2.3979400086720375
5190,udca,5,1,3.0
5191,"ulcers,",5,2,2.6989700043360187
5192,unavailable.,5,5,2.3010299956639813
5193,underexplored.,5,5,2.3010299956639813
5194,underlie,5,5,2.3010299956639813
5195,unexposed,5,4,2.3979400086720375
5196,uniquely,5,5,2.3010299956639813
5197,units,5,5,2.3010299956639813
5198,unproven.,5,5,2.3010299956639813
5199,updates,5,4,2.3979400086720375
5200,uptake.,5,5,2.3010299956639813
5201,utilisation,5,4,2.3979400086720375
5202,utility.,5,5,2.3010299956639813
5203,vagal,5,3,2.5228787452803374
5204,variance,5,3,2.5228787452803374
5205,variant,5,4,2.3979400086720375
5206,"vascular,",5,5,2.3010299956639813
5207,verified,5,5,2.3010299956639813
5208,view,5,5,2.3010299956639813
5209,"visit,",5,5,2.3010299956639813
5210,vomiting.,5,5,2.3010299956639813
5211,vulnerability,5,5,2.3010299956639813
5212,"water,",5,3,2.5228787452803374
5213,weeks).,5,3,2.5228787452803374
5214,weight-lowering,5,4,2.3979400086720375
5215,well-established,5,5,2.3010299956639813
5216,wild-type,5,5,2.3010299956639813
5217,willingness-to-pay,5,4,2.3979400086720375
5218,within-group,5,3,2.5228787452803374
5219,wl,5,1,3.0
5220,"women),",5,5,2.3010299956639813
5221,women;,5,5,2.3010299956639813
5222,worsen,5,5,2.3010299956639813
5223,years).,5,5,2.3010299956639813
5224,z,5,1,3.0
5225,α-glucosidase,5,5,2.3010299956639813
5226,μm),5,4,2.3979400086720375
5227,→,5,2,2.6989700043360187
5228,≥3,5,3,2.5228787452803374
5229,"""food",4,3,2.5228787452803374
5230,(-,4,2,2.6989700043360187
5231,(0.1%),4,2,2.6989700043360187
5232,(0.3%),4,1,3.0
5233,(100,4,3,2.5228787452803374
5234,(12%),4,3,2.5228787452803374
5235,(4),4,4,2.3979400086720375
5236,(5%),4,3,2.5228787452803374
5237,(>,4,4,2.3979400086720375
5238,(ascvd),4,4,2.3979400086720375
5239,(atcc,4,1,3.0
5240,(cns),4,4,2.3979400086720375
5241,"(dpp4i),",4,4,2.3979400086720375
5242,(ed),4,4,2.3979400086720375
5243,(ehr),4,4,2.3979400086720375
5244,(estimated,4,4,2.3979400086720375
5245,(etr,4,1,3.0
5246,(faers),4,4,2.3979400086720375
5247,(fda),4,4,2.3979400086720375
5248,"(glp-1,",4,4,2.3979400086720375
5249,(glp1-ras),4,4,2.3979400086720375
5250,(glp1ras),4,4,2.3979400086720375
5251,(hba1c,4,4,2.3979400086720375
5252,"(hfpef),",4,4,2.3979400086720375
5253,(hrs).,4,4,2.3979400086720375
5254,(hs),4,4,2.3979400086720375
5255,(iptw),4,4,2.3979400086720375
5256,(ir),4,4,2.3979400086720375
5257,(iv),4,4,2.3979400086720375
5258,(mace).,4,4,2.3979400086720375
5259,(masld).,4,4,2.3979400086720375
5260,(nlrp3),4,4,2.3979400086720375
5261,(or),4,4,2.3979400086720375
5262,(oral,4,4,2.3979400086720375
5263,(ors),4,4,2.3979400086720375
5264,(oud),4,4,2.3979400086720375
5265,(overall,4,3,2.5228787452803374
5266,"(ovid),",4,2,2.6989700043360187
5267,"(pk),",4,4,2.3979400086720375
5268,(prospero,4,4,2.3979400086720375
5269,(q,4,2,2.6989700043360187
5270,"(rd,",4,2,2.6989700043360187
5271,(reporting,4,2,2.6989700043360187
5272,(rrs),4,4,2.3979400086720375
5273,(scfa),4,4,2.3979400086720375
5274,"(semaglutide,",4,4,2.3979400086720375
5275,"(sg),",4,4,2.3979400086720375
5276,(sglt-2i),4,4,2.3979400086720375
5277,(si:,4,2,2.6989700043360187
5278,"(tirzepatide),",4,4,2.3979400086720375
5279,(type,4,4,2.3979400086720375
5280,.01).,4,3,2.5228787452803374
5281,.05).,4,3,2.5228787452803374
5282,0.001,4,2,2.6989700043360187
5283,"0.002),",4,4,2.3979400086720375
5284,"0.01),",4,2,2.6989700043360187
5285,0.02).,4,4,2.3979400086720375
5286,0.03),4,4,2.3979400086720375
5287,"0.1,",4,3,2.5228787452803374
5288,"0.34,",4,4,2.3979400086720375
5289,"0.36,",4,4,2.3979400086720375
5290,0.4,4,4,2.3979400086720375
5291,0.48;,4,4,2.3979400086720375
5292,"0.5,",4,2,2.6989700043360187
5293,"0.53,",4,4,2.3979400086720375
5294,0.55;,4,4,2.3979400086720375
5295,"0.60,",4,4,2.3979400086720375
5296,"0.67,",4,4,2.3979400086720375
5297,0.70;,4,4,2.3979400086720375
5298,0.71;,4,4,2.3979400086720375
5299,0.73;,4,4,2.3979400086720375
5300,"0.77,",4,4,2.3979400086720375
5301,"0.80,",4,4,2.3979400086720375
5302,0.82;,4,4,2.3979400086720375
5303,0.84;,4,3,2.5228787452803374
5304,0.85;,4,4,2.3979400086720375
5305,0.86,4,4,2.3979400086720375
5306,"0.93,",4,4,2.3979400086720375
5307,"0.97,",4,4,2.3979400086720375
5308,"0.98,",4,4,2.3979400086720375
5309,1-3,4,3,2.5228787452803374
5310,1.00,4,4,2.3979400086720375
5311,"1.09,",4,3,2.5228787452803374
5312,1.2,4,4,2.3979400086720375
5313,1.4,4,3,2.5228787452803374
5314,100%,4,4,2.3979400086720375
5315,107,4,4,2.3979400086720375
5316,113,4,4,2.3979400086720375
5317,119,4,4,2.3979400086720375
5318,14.0,4,3,2.5228787452803374
5319,142,4,4,2.3979400086720375
5320,150,4,3,2.5228787452803374
5321,184,4,2,2.6989700043360187
5322,196,4,4,2.3979400086720375
5323,199,4,4,2.3979400086720375
5324,2-ha,4,1,3.0
5325,2.,4,4,2.3979400086720375
5326,2.0,4,3,2.5228787452803374
5327,2.1,4,4,2.3979400086720375
5328,2000,4,4,2.3979400086720375
5329,2012,4,4,2.3979400086720375
5330,23,4,4,2.3979400086720375
5331,24%,4,4,2.3979400086720375
5332,242,4,3,2.5228787452803374
5333,25%,4,3,2.5228787452803374
5334,2b,4,3,2.5228787452803374
5335,3-,4,2,2.6989700043360187
5336,"3-,",4,2,2.6989700043360187
5337,3-6,4,2,2.6989700043360187
5338,325),4,1,3.0
5339,38,4,4,2.3979400086720375
5340,380),4,1,3.0
5341,395),4,1,3.0
5342,3b,4,4,2.3979400086720375
5343,4),4,4,2.3979400086720375
5344,4-point,4,2,2.6989700043360187
5345,500,4,4,2.3979400086720375
5346,57,4,4,2.3979400086720375
5347,63,4,4,2.3979400086720375
5348,70%,4,3,2.5228787452803374
5349,72.,4,3,2.5228787452803374
5350,75%,4,4,2.3979400086720375
5351,79,4,4,2.3979400086720375
5352,80%,4,4,2.3979400086720375
5353,81,4,3,2.5228787452803374
5354,82,4,4,2.3979400086720375
5355,83,4,4,2.3979400086720375
5356,85,4,4,2.3979400086720375
5357,98,4,4,2.3979400086720375
5358,<15,4,4,2.3979400086720375
5359,"[or],",4,4,2.3979400086720375
5360,[rr],4,4,2.3979400086720375
5361,[sd],4,3,2.5228787452803374
5362,a.,4,1,3.0
5363,ablation.,4,3,2.5228787452803374
5364,abolished,4,4,2.3979400086720375
5365,accelerating,4,4,2.3979400086720375
5366,acceptance,4,2,2.6989700043360187
5367,accepted,4,3,2.5228787452803374
5368,"accessibility,",4,4,2.3979400086720375
5369,"accordingly,",4,4,2.3979400086720375
5370,accounts,4,4,2.3979400086720375
5371,accumulation.,4,4,2.3979400086720375
5372,achievable,4,4,2.3979400086720375
5373,"acid,",4,4,2.3979400086720375
5374,acidic,4,3,2.5228787452803374
5375,acids.,4,4,2.3979400086720375
5376,acsl4,4,2,2.6989700043360187
5377,actions.,4,4,2.3979400086720375
5378,adaptations,4,3,2.5228787452803374
5379,add,4,4,2.3979400086720375
5380,addiction,4,3,2.5228787452803374
5381,"adequacy,",4,3,2.5228787452803374
5382,adhesion,4,2,2.6989700043360187
5383,adjuncts,4,4,2.3979400086720375
5384,adjust,4,4,2.3979400086720375
5385,adjustments,4,4,2.3979400086720375
5386,"administered,",4,4,2.3979400086720375
5387,administration.,4,4,2.3979400086720375
5388,admission,4,2,2.6989700043360187
5389,"admission,",4,2,2.6989700043360187
5390,admissions,4,3,2.5228787452803374
5391,admitted,4,4,2.3979400086720375
5392,agenda,4,4,2.3979400086720375
5393,agent-specific,4,4,2.3979400086720375
5394,"aging,",4,3,2.5228787452803374
5395,agonists;,4,4,2.3979400086720375
5396,aid,4,4,2.3979400086720375
5397,"albuminuria,",4,4,2.3979400086720375
5398,"alcohol,",4,2,2.6989700043360187
5399,alcohol-associated,4,2,2.6989700043360187
5400,alignment,4,4,2.3979400086720375
5401,allowing,4,4,2.3979400086720375
5402,altering,4,4,2.3979400086720375
5403,ameliorate,4,4,2.3979400086720375
5404,ameliorates,4,3,2.5228787452803374
5405,"america,",4,2,2.6989700043360187
5406,amount,4,4,2.3979400086720375
5407,amp-activated,4,4,2.3979400086720375
5408,"ampk,",4,4,2.3979400086720375
5409,amplified,4,4,2.3979400086720375
5410,amplify,4,4,2.3979400086720375
5411,amputation,4,2,2.6989700043360187
5412,amyloid,4,2,2.6989700043360187
5413,anaesthesia,4,1,3.0
5414,analyses;,4,4,2.3979400086720375
5415,anesthesia,4,3,2.5228787452803374
5416,anesthesia.,4,3,2.5228787452803374
5417,angiography,4,2,2.6989700043360187
5418,antibiotic,4,4,2.3979400086720375
5419,anticancer,4,1,3.0
5420,antihyperglycaemic,4,2,2.6989700043360187
5421,antihypertensive,4,2,2.6989700043360187
5422,antioxidant,4,4,2.3979400086720375
5423,antipsychotic-treated,4,2,2.6989700043360187
5424,aoms,4,3,2.5228787452803374
5425,apc,4,1,3.0
5426,apnoea,4,3,2.5228787452803374
5427,appetite.,4,4,2.3979400086720375
5428,applicability,4,4,2.3979400086720375
5429,application.,4,4,2.3979400086720375
5430,appointment,4,2,2.6989700043360187
5431,appraise,4,4,2.3979400086720375
5432,appraises,4,4,2.3979400086720375
5433,appropriate.,4,4,2.3979400086720375
5434,appropriateness,4,3,2.5228787452803374
5435,approvals,4,4,2.3979400086720375
5436,ard,4,1,3.0
5437,areas.,4,4,2.3979400086720375
5438,arm,4,2,2.6989700043360187
5439,article.,4,4,2.3979400086720375
5440,assesses,4,4,2.3979400086720375
5441,assignment,4,4,2.3979400086720375
5442,assistance,4,3,2.5228787452803374
5443,associations.,4,4,2.3979400086720375
5444,ast,4,4,2.3979400086720375
5445,"asthma,",4,3,2.5228787452803374
5446,astrocytic,4,4,2.3979400086720375
5447,asymmetric,4,4,2.3979400086720375
5448,atherosclerosis.,4,4,2.3979400086720375
5449,attending,4,3,2.5228787452803374
5450,attractive,4,4,2.3979400086720375
5451,attributes,4,3,2.5228787452803374
5452,attributing,4,4,2.3979400086720375
5453,aural,4,2,2.6989700043360187
5454,autoantibody,4,2,2.6989700043360187
5455,autophagy,4,3,2.5228787452803374
5456,avenue,4,4,2.3979400086720375
5457,barrett's,4,1,3.0
5458,"barrier,",4,3,2.5228787452803374
5459,basal-bolus,4,4,2.3979400086720375
5460,bbb,4,2,2.6989700043360187
5461,benign,4,2,2.6989700043360187
5462,benjamini-hochberg,4,4,2.3979400086720375
5463,berberine,4,1,3.0
5464,"berberine,",4,4,2.3979400086720375
5465,beverages,4,2,2.6989700043360187
5466,bibliometric,4,1,3.0
5467,bilibili,4,1,3.0
5468,bioassays,4,2,2.6989700043360187
5469,bioavailability.,4,4,2.3979400086720375
5470,"bioenergetics,",4,4,2.3979400086720375
5471,biogenesis.,4,2,2.6989700043360187
5472,biopsychosocial,4,2,2.6989700043360187
5473,biweekly,4,1,3.0
5474,blot,4,4,2.3979400086720375
5475,bnp,4,1,3.0
5476,body.,4,4,2.3979400086720375
5477,boundaries,4,3,2.5228787452803374
5478,bp,4,3,2.5228787452803374
5479,"brain,",4,4,2.3979400086720375
5480,branded,4,3,2.5228787452803374
5481,breakthroughs,4,4,2.3979400086720375
5482,bridging,4,4,2.3979400086720375
5483,butyrate,4,2,2.6989700043360187
5484,"bw,",4,2,2.6989700043360187
5485,"calcium,",4,4,2.3979400086720375
5486,"calibration,",4,3,2.5228787452803374
5487,cancer-related,4,2,2.6989700043360187
5488,cancers,4,4,2.3979400086720375
5489,caprylate,4,4,2.3979400086720375
5490,capturing,4,4,2.3979400086720375
5491,carbohydrates,4,3,2.5228787452803374
5492,cardio-oncology,4,1,3.0
5493,cardiology,4,3,2.5228787452803374
5494,carried,4,3,2.5228787452803374
5495,cartilage,4,3,2.5228787452803374
5496,cascade,4,4,2.3979400086720375
5497,cascades,4,4,2.3979400086720375
5498,"case,",4,4,2.3979400086720375
5499,cases.,4,4,2.3979400086720375
5500,category,4,4,2.3979400086720375
5501,category.,4,4,2.3979400086720375
5502,causal.,4,4,2.3979400086720375
5503,causation,4,2,2.6989700043360187
5504,cause-specific,4,4,2.3979400086720375
5505,cd14+ocn+,4,1,3.0
5506,centre,4,4,2.3979400086720375
5507,cer,4,1,3.0
5508,cerebral,4,4,2.3979400086720375
5509,"certainty),",4,1,3.0
5510,cgm-derived,4,4,2.3979400086720375
5511,challenge.,4,4,2.3979400086720375
5512,chapter,4,3,2.5228787452803374
5513,charcot,4,1,3.0
5514,charge,4,2,2.6989700043360187
5515,checkpoint,4,3,2.5228787452803374
5516,"china,",4,3,2.5228787452803374
5517,china.,4,4,2.3979400086720375
5518,ci),4,3,2.5228787452803374
5519,ci95:,4,1,3.0
5520,"claims,",4,4,2.3979400086720375
5521,claims.,4,4,2.3979400086720375
5522,clearer,4,4,2.3979400086720375
5523,clearly,4,4,2.3979400086720375
5524,cli,4,2,2.6989700043360187
5525,clinicaltrials.gov:,4,3,2.5228787452803374
5526,clinician,4,4,2.3979400086720375
5527,cm;,4,2,2.6989700043360187
5528,co-occurrence,4,4,2.3979400086720375
5529,co-secreted,4,3,2.5228787452803374
5530,codes.,4,4,2.3979400086720375
5531,colorectal,4,4,2.3979400086720375
5532,"combination,",4,4,2.3979400086720375
5533,commercially,4,4,2.3979400086720375
5534,compares,4,4,2.3979400086720375
5535,comparison.,4,4,2.3979400086720375
5536,comprises,4,4,2.3979400086720375
5537,concentrations.,4,4,2.3979400086720375
5538,concepts,4,4,2.3979400086720375
5539,conclude,4,4,2.3979400086720375
5540,"concurrently,",4,4,2.3979400086720375
5541,confirming,4,3,2.5228787452803374
5542,confounders.,4,4,2.3979400086720375
5543,conjunction,4,3,2.5228787452803374
5544,consecutive,4,4,2.3979400086720375
5545,consent,4,3,2.5228787452803374
5546,"consistent,",4,4,2.3979400086720375
5547,"consistently,",4,4,2.3979400086720375
5548,constitutes,4,4,2.3979400086720375
5549,constitutive,4,3,2.5228787452803374
5550,construct,4,3,2.5228787452803374
5551,"content,",4,3,2.5228787452803374
5552,context-dependent,4,4,2.3979400086720375
5553,contexts.,4,4,2.3979400086720375
5554,continuing,4,4,2.3979400086720375
5555,contraindications,4,3,2.5228787452803374
5556,contrast,4,4,2.3979400086720375
5557,controversies,4,4,2.3979400086720375
5558,convened,4,4,2.3979400086720375
5559,coprimary,4,2,2.6989700043360187
5560,correction.,4,4,2.3979400086720375
5561,corresponded,4,4,2.3979400086720375
5562,corroborate,4,4,2.3979400086720375
5563,cosmetic,4,4,2.3979400086720375
5564,cosmos,4,3,2.5228787452803374
5565,counselling,4,3,2.5228787452803374
5566,counteract,4,4,2.3979400086720375
5567,counterregulatory,4,3,2.5228787452803374
5568,"coverage,",4,4,2.3979400086720375
5569,covid-19,4,2,2.6989700043360187
5570,"craving,",4,4,2.3979400086720375
5571,"crisis,",4,4,2.3979400086720375
5572,criterion,4,4,2.3979400086720375
5573,"crosstalk,",4,4,2.3979400086720375
5574,"crucially,",4,4,2.3979400086720375
5575,culminating,4,4,2.3979400086720375
5576,curcumin,4,2,2.6989700043360187
5577,cycles,4,4,2.3979400086720375
5578,cyclosporine,4,2,2.6989700043360187
5579,cytosolic,4,4,2.3979400086720375
5580,d&e,4,1,3.0
5581,"d,",4,4,2.3979400086720375
5582,"databases,",4,4,2.3979400086720375
5583,dataset,4,4,2.3979400086720375
5584,date.,4,4,2.3979400086720375
5585,dates,4,4,2.3979400086720375
5586,"decade,",4,4,2.3979400086720375
5587,declamping,4,1,3.0
5588,"decompensation,",4,2,2.6989700043360187
5589,deeper,4,4,2.3979400086720375
5590,"deficiency,",4,4,2.3979400086720375
5591,deficits,4,4,2.3979400086720375
5592,definitively,4,4,2.3979400086720375
5593,"degradation,",4,4,2.3979400086720375
5594,"delay,",4,4,2.3979400086720375
5595,delineate,4,4,2.3979400086720375
5596,delivers,4,4,2.3979400086720375
5597,dental,4,2,2.6989700043360187
5598,depletion,4,4,2.3979400086720375
5599,dermatologists,4,3,2.5228787452803374
5600,"dermatology,",4,4,2.3979400086720375
5601,describing,4,4,2.3979400086720375
5602,deterioration.,4,4,2.3979400086720375
5603,determined.,4,4,2.3979400086720375
5604,deviation,4,3,2.5228787452803374
5605,diabetes-related,4,4,2.3979400086720375
5606,diagnoses,4,4,2.3979400086720375
5607,dichotomous,4,4,2.3979400086720375
5608,diet.,4,3,2.5228787452803374
5609,differentially,4,4,2.3979400086720375
5610,digestive,4,4,2.3979400086720375
5611,dimension,4,3,2.5228787452803374
5612,directional,4,4,2.3979400086720375
5613,directions.,4,4,2.3979400086720375
5614,disability,4,4,2.3979400086720375
5615,"disability,",4,4,2.3979400086720375
5616,discectomy,4,4,2.3979400086720375
5617,"discontinued,",4,4,2.3979400086720375
5618,discontinuers,4,2,2.6989700043360187
5619,discrimination,4,4,2.3979400086720375
5620,"disease""",4,2,2.6989700043360187
5621,dispensing,4,4,2.3979400086720375
5622,dissociation,4,4,2.3979400086720375
5623,"dm,",4,2,2.6989700043360187
5624,documentation,4,1,3.0
5625,domain-containing,4,3,2.5228787452803374
5626,"domains,",4,4,2.3979400086720375
5627,domains:,4,4,2.3979400086720375
5628,dose-dependently,4,4,2.3979400086720375
5629,"doses,",4,4,2.3979400086720375
5630,downregulating,4,4,2.3979400086720375
5631,"dpp4is,",4,2,2.6989700043360187
5632,draw,4,4,2.3979400086720375
5633,drug-specific,4,4,2.3979400086720375
5634,drug-target,4,4,2.3979400086720375
5635,ductal,4,3,2.5228787452803374
5636,duodenal,4,4,2.3979400086720375
5637,durations,4,4,2.3979400086720375
5638,"dysbiosis,",4,4,2.3979400086720375
5639,dyslipidaemia,4,4,2.3979400086720375
5640,e/e',4,3,2.5228787452803374
5641,each).,4,3,2.5228787452803374
5642,"ed,",4,1,3.0
5643,educational,4,4,2.3979400086720375
5644,efforts,4,4,2.3979400086720375
5645,"ela-lys12(γglupal),",4,1,3.0
5646,elevation,4,4,2.3979400086720375
5647,eli,4,4,2.3979400086720375
5648,embedded,4,4,2.3979400086720375
5649,emphasizes,4,4,2.3979400086720375
5650,emulated,4,4,2.3979400086720375
5651,encompasses,4,4,2.3979400086720375
5652,encounter,4,3,2.5228787452803374
5653,end-diastolic,4,3,2.5228787452803374
5654,"endocrinology,",4,4,2.3979400086720375
5655,endoscopy.,4,3,2.5228787452803374
5656,endothelin,4,4,2.3979400086720375
5657,energies,4,3,2.5228787452803374
5658,enkephalin,4,1,3.0
5659,"enrichment,",4,4,2.3979400086720375
5660,enrolled.,4,4,2.3979400086720375
5661,entry,4,4,2.3979400086720375
5662,eoss,4,1,3.0
5663,epidemic,4,4,2.3979400086720375
5664,"epidemiology,",4,4,2.3979400086720375
5665,equation,4,4,2.3979400086720375
5666,"equations,",4,3,2.5228787452803374
5667,ester,4,2,2.6989700043360187
5668,"estimand,",4,3,2.5228787452803374
5669,estimating,4,4,2.3979400086720375
5670,et,4,4,2.3979400086720375
5671,"ethnicity,",4,4,2.3979400086720375
5672,"events/h),",4,1,3.0
5673,evoke+,4,2,2.6989700043360187
5674,evt,4,1,3.0
5675,ex,4,4,2.3979400086720375
5676,exacerbated,4,4,2.3979400086720375
5677,exceeding,4,4,2.3979400086720375
5678,exchange,4,3,2.5228787452803374
5679,exclusively,4,4,2.3979400086720375
5680,exe,4,1,3.0
5681,exercise-induced,4,3,2.5228787452803374
5682,exercise.,4,4,2.3979400086720375
5683,exit,4,1,3.0
5684,"experiments,",4,4,2.3979400086720375
5685,explains,4,4,2.3979400086720375
5686,explanation,4,4,2.3979400086720375
5687,explored.,4,4,2.3979400086720375
5688,extensor,4,1,3.0
5689,f2-f3,4,3,2.5228787452803374
5690,facing,4,4,2.3979400086720375
5691,"factor-α,",4,4,2.3979400086720375
5692,fall,4,4,2.3979400086720375
5693,"family,",4,2,2.6989700043360187
5694,fat-free,4,4,2.3979400086720375
5695,favored,4,4,2.3979400086720375
5696,feasible,4,4,2.3979400086720375
5697,"features,",4,4,2.3979400086720375
5698,feedback,4,4,2.3979400086720375
5699,"female),",4,4,2.3979400086720375
5700,fentanyl,4,1,3.0
5701,ferroptosis-related,4,2,2.6989700043360187
5702,fertility,4,2,2.6989700043360187
5703,ffs,4,1,3.0
5704,fi.,4,2,2.6989700043360187
5705,"fiber,",4,3,2.5228787452803374
5706,fibrillary,4,3,2.5228787452803374
5707,fibrosis-4,4,4,2.3979400086720375
5708,fields,4,4,2.3979400086720375
5709,fill,4,4,2.3979400086720375
5710,financial,4,4,2.3979400086720375
5711,find,4,4,2.3979400086720375
5712,follicle,4,2,2.6989700043360187
5713,follow,4,4,2.3979400086720375
5714,follows,4,4,2.3979400086720375
5715,formally,4,4,2.3979400086720375
5716,forms,4,3,2.5228787452803374
5717,fpg,4,4,2.3979400086720375
5718,fractures,4,4,2.3979400086720375
5719,g-protein-coupled,4,4,2.3979400086720375
5720,g168s,4,1,3.0
5721,gallstones,4,2,2.6989700043360187
5722,"gap,",4,4,2.3979400086720375
5723,"gastrectomy,",4,3,2.5228787452803374
5724,generalizability,4,4,2.3979400086720375
5725,genes.,4,4,2.3979400086720375
5726,give,4,4,2.3979400086720375
5727,gk,4,2,2.6989700043360187
5728,glaucoma,4,2,2.6989700043360187
5729,globally,4,4,2.3979400086720375
5730,"globally,",4,4,2.3979400086720375
5731,globally.,4,4,2.3979400086720375
5732,glp-1-fc,4,2,2.6989700043360187
5733,glp-1-related,4,2,2.6989700043360187
5734,glp-1ra-associated,4,4,2.3979400086720375
5735,glp-1rs,4,3,2.5228787452803374
5736,glp1ras,4,3,2.5228787452803374
5737,"glycaemia,",4,2,2.6989700043360187
5738,"glycemic,",4,4,2.3979400086720375
5739,glycolipid,4,2,2.6989700043360187
5740,govern,4,4,2.3979400086720375
5741,gradient,4,4,2.3979400086720375
5742,granule,4,2,2.6989700043360187
5743,group).,4,4,2.3979400086720375
5744,"growth,",4,4,2.3979400086720375
5745,guarantee,4,3,2.5228787452803374
5746,guideline-directed,4,3,2.5228787452803374
5747,guideline-recommended,4,3,2.5228787452803374
5748,gut-derived,4,4,2.3979400086720375
5749,gut-lung,4,1,3.0
5750,gynaecological,4,1,3.0
5751,gynecological,4,2,2.6989700043360187
5752,"h,",4,4,2.3979400086720375
5753,haematological,4,2,2.6989700043360187
5754,hallmark,4,4,2.3979400086720375
5755,hallmarks,4,3,2.5228787452803374
5756,handgrip,4,2,2.6989700043360187
5757,"handling,",4,4,2.3979400086720375
5758,hb8,4,1,3.0
5759,hdl-c,4,3,2.5228787452803374
5760,hdm1002,4,1,3.0
5761,health-related,4,3,2.5228787452803374
5762,heart-kidney,4,1,3.0
5763,hedonic,4,3,2.5228787452803374
5764,helps,4,4,2.3979400086720375
5765,hepatotoxicity.,4,2,2.6989700043360187
5766,hepg2,4,3,2.5228787452803374
5767,heterozygous,4,4,2.3979400086720375
5768,hfref,4,3,2.5228787452803374
5769,high-density,4,4,2.3979400086720375
5770,high-upf,4,1,3.0
5771,high.,4,4,2.3979400086720375
5772,ho,4,1,3.0
5773,holds,4,4,2.3979400086720375
5774,homa-ir,4,4,2.3979400086720375
5775,home,4,2,2.6989700043360187
5776,hospitalizations.,4,3,2.5228787452803374
5777,however,4,4,2.3979400086720375
5778,hunger,4,4,2.3979400086720375
5779,"hunger,",4,4,2.3979400086720375
5780,hydrocodone,4,1,3.0
5781,hygiene,4,1,3.0
5782,hyperglycaemia,4,4,2.3979400086720375
5783,"hyperglycaemia,",4,4,2.3979400086720375
5784,hypoglossal,4,3,2.5228787452803374
5785,hypothalamic-pituitary-adrenal,4,4,2.3979400086720375
5786,hypothetical,4,3,2.5228787452803374
5787,ibd.,4,3,2.5228787452803374
5788,iglarlixi,4,1,3.0
5789,"ii,",4,4,2.3979400086720375
5790,"il-1β,",4,4,2.3979400086720375
5791,il-22,4,1,3.0
5792,"il-6,",4,4,2.3979400086720375
5793,"imaging,",4,4,2.3979400086720375
5794,imaging.,4,4,2.3979400086720375
5795,immune-mediated,4,4,2.3979400086720375
5796,immune-metabolic,4,3,2.5228787452803374
5797,immunoreactivity,4,2,2.6989700043360187
5798,impairing,4,4,2.3979400086720375
5799,impairments,4,4,2.3979400086720375
5800,"important,",4,4,2.3979400086720375
5801,inadvertent,4,4,2.3979400086720375
5802,inconsistent.,4,4,2.3979400086720375
5803,india,4,3,2.5228787452803374
5804,indices,4,4,2.3979400086720375
5805,"indirect,",4,4,2.3979400086720375
5806,infection.,4,3,2.5228787452803374
5807,"infectious,",4,3,2.5228787452803374
5808,inference,4,4,2.3979400086720375
5809,"information,",4,3,2.5228787452803374
5810,informative,4,4,2.3979400086720375
5811,informs,4,4,2.3979400086720375
5812,ingestion,4,3,2.5228787452803374
5813,inhibiting,4,4,2.3979400086720375
5814,initiate,4,4,2.3979400086720375
5815,"initiators,",4,3,2.5228787452803374
5816,innovation,4,3,2.5228787452803374
5817,inotropic,4,2,2.6989700043360187
5818,inputs,4,4,2.3979400086720375
5819,instructions,4,4,2.3979400086720375
5820,insulin),4,3,2.5228787452803374
5821,"integration,",4,4,2.3979400086720375
5822,interaction).,4,1,3.0
5823,interdisciplinary,4,4,2.3979400086720375
5824,interface,4,3,2.5228787452803374
5825,interleukin,4,3,2.5228787452803374
5826,intermediate,4,4,2.3979400086720375
5827,interrelated,4,4,2.3979400086720375
5828,intersect,4,4,2.3979400086720375
5829,intraoperative,4,1,3.0
5830,inulin,4,1,3.0
5831,inverse-variance,4,3,2.5228787452803374
5832,inversely,4,3,2.5228787452803374
5833,investigating,4,4,2.3979400086720375
5834,"investigation,",4,4,2.3979400086720375
5835,investigators,4,4,2.3979400086720375
5836,iptw,4,3,2.5228787452803374
5837,"iron,",4,4,2.3979400086720375
5838,irrs,4,2,2.6989700043360187
5839,"is,",4,3,2.5228787452803374
5840,"it,",4,4,2.3979400086720375
5841,"itself,",4,4,2.3979400086720375
5842,itself.,4,4,2.3979400086720375
5843,jumpstart,4,1,3.0
5844,justify,4,4,2.3979400086720375
5845,keywords,4,4,2.3979400086720375
5846,kg/m2;,4,3,2.5228787452803374
5847,kidney-protective,4,3,2.5228787452803374
5848,lacked,4,4,2.3979400086720375
5849,lacking,4,4,2.3979400086720375
5850,lactobacillus,4,4,2.3979400086720375
5851,"language,",4,2,2.6989700043360187
5852,latter,4,4,2.3979400086720375
5853,ldl-c,4,4,2.3979400086720375
5854,lds,4,1,3.0
5855,leaf,4,2,2.6989700043360187
5856,leave,4,2,2.6989700043360187
5857,level.,4,4,2.3979400086720375
5858,leveraging,4,4,2.3979400086720375
5859,levodopa,4,2,2.6989700043360187
5860,"liability,",4,2,2.6989700043360187
5861,lie,4,4,2.3979400086720375
5862,lifespan,4,3,2.5228787452803374
5863,lifespan.,4,4,2.3979400086720375
5864,light,4,4,2.3979400086720375
5865,lineage,4,3,2.5228787452803374
5866,lipotoxic,4,3,2.5228787452803374
5867,listing,4,3,2.5228787452803374
5868,"literature,",4,4,2.3979400086720375
5869,lizard,4,1,3.0
5870,locally,4,4,2.3979400086720375
5871,log-rank,4,3,2.5228787452803374
5872,long-chain,4,4,2.3979400086720375
5873,"loosening,",4,3,2.5228787452803374
5874,low-carbohydrate,4,1,3.0
5875,"lowering,",4,4,2.3979400086720375
5876,lps-induced,4,3,2.5228787452803374
5877,luminal,4,3,2.5228787452803374
5878,lys1972.67,4,1,3.0
5879,"macrophages,",4,2,2.6989700043360187
5880,mala,4,1,3.0
5881,male),4,3,2.5228787452803374
5882,"malformations,",4,3,2.5228787452803374
5883,malnutrition,4,4,2.3979400086720375
5884,malo,4,2,2.6989700043360187
5885,mapped,4,4,2.3979400086720375
5886,mapping,4,4,2.3979400086720375
5887,marrow,4,4,2.3979400086720375
5888,masked,4,4,2.3979400086720375
5889,"mbs,",4,3,2.5228787452803374
5890,mcf,4,1,3.0
5891,mdd,4,1,3.0
5892,meal.,4,3,2.5228787452803374
5893,meals.,4,4,2.3979400086720375
5894,"meanwhile,",4,4,2.3979400086720375
5895,measured.,4,4,2.3979400086720375
5896,measures.,4,4,2.3979400086720375
5897,mechanism.,4,4,2.3979400086720375
5898,medicinal,4,4,2.3979400086720375
5899,medicine.,4,3,2.5228787452803374
5900,medullary,4,4,2.3979400086720375
5901,members,4,4,2.3979400086720375
5902,men.,4,4,2.3979400086720375
5903,mention,4,3,2.5228787452803374
5904,mesolimbic,4,4,2.3979400086720375
5905,metald,4,1,3.0
5906,metald.,4,1,3.0
5907,microbiota-bile,4,2,2.6989700043360187
5908,"micronutrients,",4,4,2.3979400086720375
5909,minimum,4,4,2.3979400086720375
5910,mitigation,4,4,2.3979400086720375
5911,mitochondria,4,3,2.5228787452803374
5912,mixture,4,3,2.5228787452803374
5913,mm/year,4,1,3.0
5914,"mmol/l),",4,3,2.5228787452803374
5915,mo,4,2,2.6989700043360187
5916,mobile,4,2,2.6989700043360187
5917,model-based,4,3,2.5228787452803374
5918,modifier,4,3,2.5228787452803374
5919,"molecular,",4,4,2.3979400086720375
5920,molecules.,4,3,2.5228787452803374
5921,monitored,4,4,2.3979400086720375
5922,monotherapies,4,3,2.5228787452803374
5923,months),4,4,2.3979400086720375
5924,months).,4,4,2.3979400086720375
5925,motivated,4,3,2.5228787452803374
5926,"motivation,",4,4,2.3979400086720375
5927,motivational,4,3,2.5228787452803374
5928,moved,4,4,2.3979400086720375
5929,"mr,",4,2,2.6989700043360187
5930,mras,4,2,2.6989700043360187
5931,mtc,4,1,3.0
5932,mtor,4,1,3.0
5933,mulberry,4,2,2.6989700043360187
5934,multi-level,4,2,2.6989700043360187
5935,multimorbidity.,4,4,2.3979400086720375
5936,multinational,4,4,2.3979400086720375
5937,multisystem,4,4,2.3979400086720375
5938,multivariate,4,4,2.3979400086720375
5939,muscle-related,4,2,2.6989700043360187
5940,muscle-to-fat,4,2,2.6989700043360187
5941,mutation,4,3,2.5228787452803374
5942,mvs,4,1,3.0
5943,n-terminal,4,4,2.3979400086720375
5944,nanoemulsion,4,1,3.0
5945,naranjo,4,4,2.3979400086720375
5946,narratives,4,2,2.6989700043360187
5947,near,4,4,2.3979400086720375
5948,"needs,",4,4,2.3979400086720375
5949,"nephropathy,",4,4,2.3979400086720375
5950,neurobiological,4,4,2.3979400086720375
5951,neuroinflammation.,4,4,2.3979400086720375
5952,"neuroplasticity,",4,3,2.5228787452803374
5953,"new-user,",4,4,2.3979400086720375
5954,ng/ml,4,4,2.3979400086720375
5955,nicotine,4,2,2.6989700043360187
5956,nma,4,3,2.5228787452803374
5957,nnt,4,1,3.0
5958,non-cgm,4,1,3.0
5959,non-inferiority,4,3,2.5228787452803374
5960,non-randomized,4,4,2.3979400086720375
5961,"non-users,",4,4,2.3979400086720375
5962,none,4,4,2.3979400086720375
5963,"nonetheless,",4,4,2.3979400086720375
5964,nonscarring,4,1,3.0
5965,nonusers.,4,4,2.3979400086720375
5966,normalization,4,4,2.3979400086720375
5967,normalized,4,4,2.3979400086720375
5968,"novel,",4,4,2.3979400086720375
5969,npy4/glp-1,4,1,3.0
5970,"nt-probnp,",4,4,2.3979400086720375
5971,number:,4,3,2.5228787452803374
5972,numerically,4,3,2.5228787452803374
5973,nvamd,4,1,3.0
5974,nyha,4,3,2.5228787452803374
5975,"oa,",4,3,2.5228787452803374
5976,obese.,4,4,2.3979400086720375
5977,obesity;,4,4,2.3979400086720375
5978,offered,4,4,2.3979400086720375
5979,ogtt,4,3,2.5228787452803374
5980,oil,4,3,2.5228787452803374
5981,oncologic,4,3,2.5228787452803374
5982,optimisation,4,4,2.3979400086720375
5983,optimise,4,4,2.3979400086720375
5984,"options,",4,4,2.3979400086720375
5985,organizations,4,4,2.3979400086720375
5986,"organizations,",4,4,2.3979400086720375
5987,"organs,",4,4,2.3979400086720375
5988,originally,4,4,2.3979400086720375
5989,os,4,1,3.0
5990,"osteoarthritis,",4,4,2.3979400086720375
5991,osteogenic,4,4,2.3979400086720375
5992,osteoporosis.,4,2,2.6989700043360187
5993,"output,",4,4,2.3979400086720375
5994,ox,4,1,3.0
5995,oxidized,4,4,2.3979400086720375
5996,ozempic,4,3,2.5228787452803374
5997,p<0.001),4,3,2.5228787452803374
5998,"p<0·0001),",4,2,2.6989700043360187
5999,padj,4,1,3.0
6000,pancreas.,4,3,2.5228787452803374
6001,pap,4,2,2.6989700043360187
6002,"papilledema,",4,2,2.6989700043360187
6003,participate,4,4,2.3979400086720375
6004,passive,4,3,2.5228787452803374
6005,pathophysiologic,4,4,2.3979400086720375
6006,pathways:,4,4,2.3979400086720375
6007,patient-centered,4,4,2.3979400086720375
6008,patulous,4,3,2.5228787452803374
6009,payer,4,4,2.3979400086720375
6010,"pcos,",4,4,2.3979400086720375
6011,pe,4,2,2.6989700043360187
6012,pentosus,4,1,3.0
6013,peptide-based,4,4,2.3979400086720375
6014,"performed,",4,4,2.3979400086720375
6015,periconceptional,4,1,3.0
6016,periodontal,4,1,3.0
6017,permeation,4,4,2.3979400086720375
6018,permutation,4,2,2.6989700043360187
6019,persists,4,4,2.3979400086720375
6020,person,4,2,2.6989700043360187
6021,person-years,4,3,2.5228787452803374
6022,"ph,",4,3,2.5228787452803374
6023,pharmacogenomic,4,3,2.5228787452803374
6024,pharmacology.,4,4,2.3979400086720375
6025,"pharmacovigilance,",4,4,2.3979400086720375
6026,phenotype-guided,4,3,2.5228787452803374
6027,phentermine,4,4,2.3979400086720375
6028,photo,4,1,3.0
6029,physician,4,3,2.5228787452803374
6030,physicians.,4,4,2.3979400086720375
6031,physiologic,4,4,2.3979400086720375
6032,pilot,4,4,2.3979400086720375
6033,"pioglitazone,",4,4,2.3979400086720375
6034,placebo).,4,4,2.3979400086720375
6035,plasminogen,4,3,2.5228787452803374
6036,plasticity,4,4,2.3979400086720375
6037,plumeria,4,1,3.0
6038,po,4,1,3.0
6039,"points,",4,4,2.3979400086720375
6040,pomj,4,1,3.0
6041,portal,4,3,2.5228787452803374
6042,possibly,4,4,2.3979400086720375
6043,post-hoc,4,3,2.5228787452803374
6044,post-translational,4,4,2.3979400086720375
6045,postbariatric,4,4,2.3979400086720375
6046,postcessation,4,2,2.6989700043360187
6047,practices.,4,3,2.5228787452803374
6048,pre-,4,3,2.5228787452803374
6049,predict,4,3,2.5228787452803374
6050,predicting,4,4,2.3979400086720375
6051,"prediction,",4,3,2.5228787452803374
6052,predictions,4,3,2.5228787452803374
6053,predicts,4,3,2.5228787452803374
6054,predominant,4,4,2.3979400086720375
6055,preference,4,3,2.5228787452803374
6056,preferences.,4,4,2.3979400086720375
6057,pregnancies,4,3,2.5228787452803374
6058,"prescribing,",4,3,2.5228787452803374
6059,"present,",4,4,2.3979400086720375
6060,preserves,4,4,2.3979400086720375
6061,pricing,4,4,2.3979400086720375
6062,primary-study,4,1,3.0
6063,primary-suspect,4,2,2.6989700043360187
6064,priorities.,4,4,2.3979400086720375
6065,priority.,4,4,2.3979400086720375
6066,probabilities,4,3,2.5228787452803374
6067,"probiotics,",4,3,2.5228787452803374
6068,"problem,",4,4,2.3979400086720375
6069,producer,4,2,2.6989700043360187
6070,profoundly,4,4,2.3979400086720375
6071,prognosis,4,3,2.5228787452803374
6072,program.,4,4,2.3979400086720375
6073,progressed,4,3,2.5228787452803374
6074,proliferation,4,3,2.5228787452803374
6075,"promising,",4,4,2.3979400086720375
6076,propensity-score-matched,4,3,2.5228787452803374
6077,protein-coupled,4,4,2.3979400086720375
6078,"proteins,",4,4,2.3979400086720375
6079,proteolytic,4,3,2.5228787452803374
6080,proteomic,4,3,2.5228787452803374
6081,proximal,4,4,2.3979400086720375
6082,"psm,",4,4,2.3979400086720375
6083,"psychological,",4,4,2.3979400086720375
6084,pulley,4,1,3.0
6085,pump,4,2,2.6989700043360187
6086,qd,4,1,3.0
6087,quarter,4,3,2.5228787452803374
6088,quarterly,4,3,2.5228787452803374
6089,question.,4,4,2.3979400086720375
6090,r.,4,2,2.6989700043360187
6091,raas,4,4,2.3979400086720375
6092,random-effect,4,4,2.3979400086720375
6093,rare.,4,4,2.3979400086720375
6094,ras;,4,2,2.6989700043360187
6095,rated,4,4,2.3979400086720375
6096,"rationale,",4,3,2.5228787452803374
6097,"ratios,",4,3,2.5228787452803374
6098,"reactions,",4,3,2.5228787452803374
6099,readily,4,4,2.3979400086720375
6100,readmissions,4,4,2.3979400086720375
6101,recapitulated,4,4,2.3979400086720375
6102,receptor-level,4,3,2.5228787452803374
6103,receptor.,4,4,2.3979400086720375
6104,"recipients,",4,4,2.3979400086720375
6105,"recovery,",4,4,2.3979400086720375
6106,recurring,4,3,2.5228787452803374
6107,referral,4,4,2.3979400086720375
6108,regeneration,4,4,2.3979400086720375
6109,"regimen,",4,3,2.5228787452803374
6110,regions,4,4,2.3979400086720375
6111,registration:,4,4,2.3979400086720375
6112,registries,4,4,2.3979400086720375
6113,registries.,4,4,2.3979400086720375
6114,regurgitation,4,1,3.0
6115,"reimbursement,",4,4,2.3979400086720375
6116,"relationship,",4,4,2.3979400086720375
6117,released,4,4,2.3979400086720375
6118,remain.,4,4,2.3979400086720375
6119,"remodelling,",4,3,2.5228787452803374
6120,renewed,4,4,2.3979400086720375
6121,reoperations,4,3,2.5228787452803374
6122,representation,4,3,2.5228787452803374
6123,"reproductive,",4,3,2.5228787452803374
6124,required.,4,4,2.3979400086720375
6125,requirement,4,3,2.5228787452803374
6126,requirements.,4,4,2.3979400086720375
6127,reshape,4,4,2.3979400086720375
6128,resources,4,4,2.3979400086720375
6129,respectively;,4,4,2.3979400086720375
6130,"respiration,",4,3,2.5228787452803374
6131,responders,4,3,2.5228787452803374
6132,responding,4,3,2.5228787452803374
6133,responsive,4,4,2.3979400086720375
6134,responsiveness.,4,4,2.3979400086720375
6135,"responsivity,",4,3,2.5228787452803374
6136,rests,4,4,2.3979400086720375
6137,"retinopathy,",4,3,2.5228787452803374
6138,reversal,4,4,2.3979400086720375
6139,reversible,4,4,2.3979400086720375
6140,"reviewed,",4,4,2.3979400086720375
6141,revised,4,4,2.3979400086720375
6142,reward-related,4,3,2.5228787452803374
6143,rgv,4,1,3.0
6144,rich,4,4,2.3979400086720375
6145,riiβ-knockout,4,1,3.0
6146,risk-benefit,4,4,2.3979400086720375
6147,risk-factor,4,3,2.5228787452803374
6148,risk-of-bias,4,3,2.5228787452803374
6149,rna-seq,4,4,2.3979400086720375
6150,rob,4,4,2.3979400086720375
6151,role.,4,4,2.3979400086720375
6152,rubra,4,1,3.0
6153,run-in,4,3,2.5228787452803374
6154,rwe,4,3,2.5228787452803374
6155,"rygb,",4,4,2.3979400086720375
6156,saline,4,4,2.3979400086720375
6157,"satiety,",4,4,2.3979400086720375
6158,satisfaction.,4,3,2.5228787452803374
6159,sc,4,1,3.0
6160,"scale,",4,4,2.3979400086720375
6161,scale.,4,3,2.5228787452803374
6162,scfa,4,3,2.5228787452803374
6163,screening.,4,4,2.3979400086720375
6164,secretagogues,4,2,2.6989700043360187
6165,secreted,4,4,2.3979400086720375
6166,secretin,4,1,3.0
6167,"sedation,",4,1,3.0
6168,selecting,4,4,2.3979400086720375
6169,self-controlled,4,2,2.6989700043360187
6170,sema+iglarreduced,4,1,3.0
6171,semaglutide's,4,4,2.3979400086720375
6172,semaglutide-induced,4,4,2.3979400086720375
6173,semen,4,2,2.6989700043360187
6174,senescent,4,4,2.3979400086720375
6175,sensitivity.,4,4,2.3979400086720375
6176,sensors,4,4,2.3979400086720375
6177,series.,4,3,2.5228787452803374
6178,"setting,",4,4,2.3979400086720375
6179,settings,4,4,2.3979400086720375
6180,sex-,4,4,2.3979400086720375
6181,sex-dependent,4,2,2.6989700043360187
6182,sexes.,4,4,2.3979400086720375
6183,shifted,4,4,2.3979400086720375
6184,short-acting,4,4,2.3979400086720375
6185,significance.,4,4,2.3979400086720375
6186,simplification,4,1,3.0
6187,"simulations,",4,4,2.3979400086720375
6188,"single-center,",4,4,2.3979400086720375
6189,"sirt1,",4,4,2.3979400086720375
6190,sites.,4,3,2.5228787452803374
6191,sixteen,4,4,2.3979400086720375
6192,"size,",4,4,2.3979400086720375
6193,"sleep,",4,4,2.3979400086720375
6194,sleep-disordered,4,2,2.6989700043360187
6195,sleep-related,4,3,2.5228787452803374
6196,slope,4,4,2.3979400086720375
6197,society,4,4,2.3979400086720375
6198,soft-tissue,4,1,3.0
6199,solution,4,3,2.5228787452803374
6200,sparse,4,4,2.3979400086720375
6201,specialist,4,4,2.3979400086720375
6202,spectrometry,4,4,2.3979400086720375
6203,sphinganine,4,1,3.0
6204,sprague-dawley,4,4,2.3979400086720375
6205,st26-pf-f1,4,1,3.0
6206,stabilization,4,4,2.3979400086720375
6207,"stage,",4,4,2.3979400086720375
6208,staging,4,4,2.3979400086720375
6209,standards,4,4,2.3979400086720375
6210,start,4,4,2.3979400086720375
6211,state-dependent,4,3,2.5228787452803374
6212,static,4,3,2.5228787452803374
6213,statins,4,2,2.6989700043360187
6214,statistic,4,2,2.6989700043360187
6215,step,4,4,2.3979400086720375
6216,"stiffness,",4,3,2.5228787452803374
6217,"stigma,",4,4,2.3979400086720375
6218,stimulates,4,4,2.3979400086720375
6219,strain,4,3,2.5228787452803374
6220,stratification.,4,4,2.3979400086720375
6221,strengthening,4,4,2.3979400086720375
6222,streptozotocin-induced,4,1,3.0
6223,stress-induced,4,2,2.6989700043360187
6224,strict,4,4,2.3979400086720375
6225,stromal,4,3,2.5228787452803374
6226,structure-activity,4,4,2.3979400086720375
6227,studied.,4,4,2.3979400086720375
6228,study-defined,4,1,3.0
6229,study-specific,4,3,2.5228787452803374
6230,sub-group,4,1,3.0
6231,subcutaneously,4,4,2.3979400086720375
6232,subjected,4,4,2.3979400086720375
6233,suitable,4,4,2.3979400086720375
6234,sulfation,4,1,3.0
6235,supplements,4,2,2.6989700043360187
6236,surgeon,4,2,2.6989700043360187
6237,surgeries.,4,3,2.5228787452803374
6238,surmount-1,4,3,2.5228787452803374
6239,"survival,",4,4,2.3979400086720375
6240,"survodutide,",4,4,2.3979400086720375
6241,sustainability,4,4,2.3979400086720375
6242,sweet,4,3,2.5228787452803374
6243,switch,4,4,2.3979400086720375
6244,sympathetic,4,4,2.3979400086720375
6245,synaptic,4,4,2.3979400086720375
6246,syndromes,4,3,2.5228787452803374
6247,"synthesis,",4,4,2.3979400086720375
6248,"system,",4,4,2.3979400086720375
6249,"t-tests,",4,4,2.3979400086720375
6250,tablets,4,3,2.5228787452803374
6251,"tailored,",4,4,2.3979400086720375
6252,taiwan.,4,3,2.5228787452803374
6253,tamoxifen,4,2,2.6989700043360187
6254,tbi,4,1,3.0
6255,team,4,4,2.3979400086720375
6256,termed,4,4,2.3979400086720375
6257,terms.,4,4,2.3979400086720375
6258,tern-601,4,1,3.0
6259,tetrahydrocurcumin,4,1,3.0
6260,tg,4,3,2.5228787452803374
6261,"them,",4,4,2.3979400086720375
6262,them.,4,4,2.3979400086720375
6263,themselves,4,4,2.3979400086720375
6264,"this,",4,4,2.3979400086720375
6265,threshold.,4,3,2.5228787452803374
6266,"thresholds,",4,4,2.3979400086720375
6267,tia,4,1,3.0
6268,time-to-onset,4,3,2.5228787452803374
6269,titration.,4,4,2.3979400086720375
6270,tnf-α,4,3,2.5228787452803374
6271,"tnf-α,",4,4,2.3979400086720375
6272,tobacco,4,4,2.3979400086720375
6273,"tolerated,",4,4,2.3979400086720375
6274,tool.,4,4,2.3979400086720375
6275,toxicity,4,4,2.3979400086720375
6276,toxicity.,4,4,2.3979400086720375
6277,track,4,4,2.3979400086720375
6278,traditionally,4,4,2.3979400086720375
6279,tramadol.,4,1,3.0
6280,transcriptomic,4,4,2.3979400086720375
6281,transfer,4,4,2.3979400086720375
6282,transiently,4,4,2.3979400086720375
6283,"transit,",4,4,2.3979400086720375
6284,transmission,4,4,2.3979400086720375
6285,transport,4,4,2.3979400086720375
6286,traumatic,4,2,2.6989700043360187
6287,treatment-resistant,4,3,2.5228787452803374
6288,treatment;,4,4,2.3979400086720375
6289,tree-based,4,1,3.0
6290,"trinetx,",4,4,2.3979400086720375
6291,true,4,4,2.3979400086720375
6292,twenty,4,4,2.3979400086720375
6293,twenty-three,4,4,2.3979400086720375
6294,type.,4,4,2.3979400086720375
6295,u100,4,1,3.0
6296,uc,4,1,3.0
6297,ug,4,1,3.0
6298,"ultimately,",4,4,2.3979400086720375
6299,"uncertainty,",4,4,2.3979400086720375
6300,uncover,4,4,2.3979400086720375
6301,under-recognized,4,4,2.3979400086720375
6302,underappreciated,4,4,2.3979400086720375
6303,underserved,4,3,2.5228787452803374
6304,undescribed,4,2,2.6989700043360187
6305,unexplored.,4,4,2.3979400086720375
6306,unhealthy,4,4,2.3979400086720375
6307,unifying,4,4,2.3979400086720375
6308,unimolecular,4,4,2.3979400086720375
6309,univariable,4,3,2.5228787452803374
6310,universal,4,4,2.3979400086720375
6311,universally,4,4,2.3979400086720375
6312,unlike,4,4,2.3979400086720375
6313,unprecedented,4,4,2.3979400086720375
6314,unresolved.,4,3,2.5228787452803374
6315,uremic,4,4,2.3979400086720375
6316,urgently,4,4,2.3979400086720375
6317,"usa,",4,4,2.3979400086720375
6318,"used,",4,4,2.3979400086720375
6319,"utility,",4,3,2.5228787452803374
6320,v20,4,1,3.0
6321,valid,4,3,2.5228787452803374
6322,variety,4,4,2.3979400086720375
6323,venomous,4,1,3.0
6324,viability,4,4,2.3979400086720375
6325,vicious,4,4,2.3979400086720375
6326,vildagliptin,4,1,3.0
6327,vivo.,4,4,2.3979400086720375
6328,warehouse,4,4,2.3979400086720375
6329,warning,4,4,2.3979400086720375
6330,weekly),4,4,2.3979400086720375
6331,weekly.,4,4,2.3979400086720375
6332,"weighting,",4,4,2.3979400086720375
6333,whole,4,3,2.5228787452803374
6334,whole-body,4,4,2.3979400086720375
6335,wide,4,4,2.3979400086720375
6336,window.,4,4,2.3979400086720375
6337,workshop,4,2,2.6989700043360187
6338,y,4,4,2.3979400086720375
6339,yr,4,2,2.6989700043360187
6340,zero,4,4,2.3979400086720375
6341,δbfm,4,1,3.0
6342,≥27,4,4,2.3979400086720375
6343,≥5%,4,3,2.5228787452803374
6344,"""metabolic",3,3,2.5228787452803374
6345,(1.8%,3,3,2.5228787452803374
6346,(100-200,3,1,3.0
6347,(11,3,3,2.5228787452803374
6348,(15,3,3,2.5228787452803374
6349,(16,3,2,2.6989700043360187
6350,(2.3%,3,3,2.5228787452803374
6351,(30,3,2,2.6989700043360187
6352,(36,3,3,2.5228787452803374
6353,(41%),3,3,2.5228787452803374
6354,(6),3,3,2.5228787452803374
6355,(63%),3,3,2.5228787452803374
6356,(acdf),3,3,2.5228787452803374
6357,(active,3,2,2.6989700043360187
6358,(ae),3,3,2.5228787452803374
6359,(area,3,3,2.5228787452803374
6360,(assessed,3,3,2.5228787452803374
6361,(auc,3,3,2.5228787452803374
6362,(baseline,3,2,2.6989700043360187
6363,(bmi).,3,3,2.5228787452803374
6364,(bmi;,3,3,2.5228787452803374
6365,(central),3,3,2.5228787452803374
6366,(corrected,3,1,3.0
6367,"(cvd),",3,3,2.5228787452803374
6368,(dio),3,3,2.5228787452803374
6369,(dpn),3,3,2.5228787452803374
6370,(dpp-4i),3,3,2.5228787452803374
6371,"(dr),",3,3,2.5228787452803374
6372,(dual,3,3,2.5228787452803374
6373,(etd:,3,1,3.0
6374,(excluding,3,3,2.5228787452803374
6375,(fasting,3,3,2.5228787452803374
6376,(fi,3,1,3.0
6377,(geometric,3,2,2.6989700043360187
6378,(gld),3,3,2.5228787452803374
6379,(glp)-1,3,3,2.5228787452803374
6380,(glp-1ras).,3,3,2.5228787452803374
6381,(glp1r),3,3,2.5228787452803374
6382,(grade),3,3,2.5228787452803374
6383,(hcc),3,3,2.5228787452803374
6384,(hcc).,3,3,2.5228787452803374
6385,"(hdl-c),",3,3,2.5228787452803374
6386,"(hf),",3,3,2.5228787452803374
6387,(hfd),3,3,2.5228787452803374
6388,(icd-10,3,3,2.5228787452803374
6389,(in,3,2,2.6989700043360187
6390,(january,3,3,2.5228787452803374
6391,(lor:,3,1,3.0
6392,(mace;,3,3,2.5228787452803374
6393,(mbs).,3,3,2.5228787452803374
6394,(mda),3,2,2.6989700043360187
6395,(mr),3,3,2.5228787452803374
6396,(mtor),3,3,2.5228787452803374
6397,(naion),3,3,2.5228787452803374
6398,"(naion),",3,3,2.5228787452803374
6399,(naion).,3,3,2.5228787452803374
6400,(october,3,2,2.6989700043360187
6401,(ogtt).,3,3,2.5228787452803374
6402,(orforglipron,3,2,2.6989700043360187
6403,(pka),3,3,2.5228787452803374
6404,"(prr,",3,1,3.0
6405,(pyy),3,3,2.5228787452803374
6406,"(pyy),",3,3,2.5228787452803374
6407,(ra),3,3,2.5228787452803374
6408,(raas),3,3,2.5228787452803374
6409,(range,3,3,2.5228787452803374
6410,(rct),3,3,2.5228787452803374
6411,(rcts).,3,3,2.5228787452803374
6412,"(ror,",3,2,2.6989700043360187
6413,"(rrs),",3,3,2.5228787452803374
6414,(rwe),3,3,2.5228787452803374
6415,"(rygb),",3,3,2.5228787452803374
6416,"(scfas),",3,3,2.5228787452803374
6417,"(sema),",3,3,2.5228787452803374
6418,"(sglt2is),",3,3,2.5228787452803374
6419,(shr,3,1,3.0
6420,(standard,3,3,2.5228787452803374
6421,(sucra:,3,1,3.0
6422,(tha),3,3,2.5228787452803374
6423,(the,3,3,2.5228787452803374
6424,(tka).,3,3,2.5228787452803374
6425,(up,3,3,2.5228787452803374
6426,(using,3,3,2.5228787452803374
6427,-0.59,3,3,2.5228787452803374
6428,-10.5,3,3,2.5228787452803374
6429,-2],3,1,3.0
6430,.004).,3,3,2.5228787452803374
6431,0.00001).,3,3,2.5228787452803374
6432,0.0001;,3,2,2.6989700043360187
6433,0.001.,3,3,2.5228787452803374
6434,"0.003),",3,2,2.6989700043360187
6435,0.02%,3,1,3.0
6436,0.02),3,3,2.5228787452803374
6437,0.021),3,2,2.6989700043360187
6438,0.022).,3,3,2.5228787452803374
6439,0.04%,3,2,2.6989700043360187
6440,0.05.,3,3,2.5228787452803374
6441,0.06,3,2,2.6989700043360187
6442,0.13).,3,3,2.5228787452803374
6443,0.27,3,3,2.5228787452803374
6444,0.3,3,3,2.5228787452803374
6445,"0.3,",3,3,2.5228787452803374
6446,0.4%,3,3,2.5228787452803374
6447,"0.44,",3,3,2.5228787452803374
6448,0.5%,3,3,2.5228787452803374
6449,0.52;,3,3,2.5228787452803374
6450,0.54;,3,3,2.5228787452803374
6451,"0.58),",3,3,2.5228787452803374
6452,0.6,3,3,2.5228787452803374
6453,"0.62,",3,3,2.5228787452803374
6454,0.62;,3,2,2.6989700043360187
6455,0.63;,3,3,2.5228787452803374
6456,0.64;,3,3,2.5228787452803374
6457,0.65,3,3,2.5228787452803374
6458,0.68;,3,3,2.5228787452803374
6459,0.69;,3,3,2.5228787452803374
6460,"0.70,",3,3,2.5228787452803374
6461,0.72;,3,3,2.5228787452803374
6462,"0.73,",3,3,2.5228787452803374
6463,"0.74,",3,3,2.5228787452803374
6464,0.74;,3,3,2.5228787452803374
6465,0.75,3,3,2.5228787452803374
6466,"0.76,",3,3,2.5228787452803374
6467,0.76-0.94),3,3,2.5228787452803374
6468,"0.79,",3,3,2.5228787452803374
6469,0.8,3,2,2.6989700043360187
6470,0.81,3,3,2.5228787452803374
6471,"0.85,",3,2,2.6989700043360187
6472,0.86;,3,3,2.5228787452803374
6473,0.87;,3,3,2.5228787452803374
6474,0.88,3,3,2.5228787452803374
6475,0.88;,3,3,2.5228787452803374
6476,"0.90,",3,3,2.5228787452803374
6477,0.90;,3,3,2.5228787452803374
6478,"0.91,",3,3,2.5228787452803374
6479,0.96;,3,3,2.5228787452803374
6480,"1-,",3,2,2.6989700043360187
6481,1-h,3,1,3.0
6482,"1-year,",3,2,2.6989700043360187
6483,1.,3,3,2.5228787452803374
6484,1.07,3,3,2.5228787452803374
6485,"1.10,",3,3,2.5228787452803374
6486,"1.12,",3,3,2.5228787452803374
6487,"1.13,",3,3,2.5228787452803374
6488,1.24,3,2,2.6989700043360187
6489,"1.30,",3,3,2.5228787452803374
6490,1.31;,3,3,2.5228787452803374
6491,1.5%,3,3,2.5228787452803374
6492,1.57,3,3,2.5228787452803374
6493,1.7,3,3,2.5228787452803374
6494,1.7%,3,3,2.5228787452803374
6495,1.83,3,3,2.5228787452803374
6496,"10%,",3,3,2.5228787452803374
6497,"10),",3,2,2.6989700043360187
6498,10.0,3,3,2.5228787452803374
6499,10.4,3,3,2.5228787452803374
6500,106,3,3,2.5228787452803374
6501,109,3,3,2.5228787452803374
6502,11.2%,3,2,2.6989700043360187
6503,114,3,3,2.5228787452803374
6504,115,3,3,2.5228787452803374
6505,12-mg,3,1,3.0
6506,122,3,3,2.5228787452803374
6507,132,3,3,2.5228787452803374
6508,141,3,3,2.5228787452803374
6509,143,3,3,2.5228787452803374
6510,151,3,3,2.5228787452803374
6511,161,3,2,2.6989700043360187
6512,19%,3,3,2.5228787452803374
6513,195,3,1,3.0
6514,198,3,2,2.6989700043360187
6515,2-point,3,1,3.0
6516,2.1%,3,2,2.6989700043360187
6517,2.37,3,1,3.0
6518,"20,",3,3,2.5228787452803374
6519,"2017,",3,3,2.5228787452803374
6520,"2018,",3,3,2.5228787452803374
6521,2025),3,3,2.5228787452803374
6522,210,3,2,2.6989700043360187
6523,"23,580",3,1,3.0
6524,233,3,3,2.5228787452803374
6525,24-hour,3,3,2.5228787452803374
6526,24-week,3,2,2.6989700043360187
6527,256,3,3,2.5228787452803374
6528,26%,3,3,2.5228787452803374
6529,260,3,3,2.5228787452803374
6530,27%,3,3,2.5228787452803374
6531,270,3,3,2.5228787452803374
6532,"28,",3,3,2.5228787452803374
6533,286,3,3,2.5228787452803374
6534,3.2,3,3,2.5228787452803374
6535,3.5,3,3,2.5228787452803374
6536,3.6-mg,3,1,3.0
6537,3.9,3,3,2.5228787452803374
6538,34.0,3,1,3.0
6539,35.1%,3,3,2.5228787452803374
6540,35.7%,3,3,2.5228787452803374
6541,36-mg,3,1,3.0
6542,3t3-l1,3,2,2.6989700043360187
6543,4.0%,3,3,2.5228787452803374
6544,4.5,3,3,2.5228787452803374
6545,4.7%,3,3,2.5228787452803374
6546,41,3,3,2.5228787452803374
6547,42%,3,3,2.5228787452803374
6548,45%,3,3,2.5228787452803374
6549,46,3,3,2.5228787452803374
6550,5-point,3,2,2.6989700043360187
6551,5.4,3,2,2.6989700043360187
6552,5.8,3,3,2.5228787452803374
6553,55,3,3,2.5228787452803374
6554,56,3,3,2.5228787452803374
6555,5b,3,1,3.0
6556,6-12,3,2,2.6989700043360187
6557,6.0-mg,3,1,3.0
6558,6.9%,3,3,2.5228787452803374
6559,623,3,3,2.5228787452803374
6560,66,3,3,2.5228787452803374
6561,7-day,3,2,2.6989700043360187
6562,7.5,3,3,2.5228787452803374
6563,71,3,3,2.5228787452803374
6564,77%,3,3,2.5228787452803374
6565,786,3,2,2.6989700043360187
6566,8-wk,3,2,2.6989700043360187
6567,8.5,3,3,2.5228787452803374
6568,9.8%,3,3,2.5228787452803374
6569,[bmi],3,3,2.5228787452803374
6570,[hazard,3,3,2.5228787452803374
6571,[hba1c,3,1,3.0
6572,[iqr],3,3,2.5228787452803374
6573,[or]:,3,3,2.5228787452803374
6574,[rr:,3,1,3.0
6575,"[rr],",3,3,2.5228787452803374
6576,[sd,3,3,2.5228787452803374
6577,[si:,3,2,2.6989700043360187
6578,[unadjusted,3,1,3.0
6579,a/b,3,1,3.0
6580,abnormalities.,3,3,2.5228787452803374
6581,abnormally,3,3,2.5228787452803374
6582,"absorption,",3,3,2.5228787452803374
6583,abstract,3,3,2.5228787452803374
6584,abstracts,3,3,2.5228787452803374
6585,"abundance,",3,3,2.5228787452803374
6586,accessibility.,3,3,2.5228787452803374
6587,accessible,3,3,2.5228787452803374
6588,accommodate,3,3,2.5228787452803374
6589,accumulated,3,3,2.5228787452803374
6590,acdf.,3,2,2.6989700043360187
6591,"acetate,",3,3,2.5228787452803374
6592,achieves,3,3,2.5228787452803374
6593,acsl4.,3,2,2.6989700043360187
6594,acted,3,3,2.5228787452803374
6595,"action,",3,3,2.5228787452803374
6596,"actions,",3,3,2.5228787452803374
6597,activities.,3,3,2.5228787452803374
6598,acyl-coa,3,3,2.5228787452803374
6599,"adaptation,",3,3,2.5228787452803374
6600,"addiction,",3,3,2.5228787452803374
6601,addressed.,3,3,2.5228787452803374
6602,adenine,3,3,2.5228787452803374
6603,adipokines,3,1,3.0
6604,"adiponectin,",3,3,2.5228787452803374
6605,adiposity.,3,3,2.5228787452803374
6606,adjacent,3,3,2.5228787452803374
6607,"adjuncts,",3,3,2.5228787452803374
6608,adjustment.,3,3,2.5228787452803374
6609,"administration,",3,3,2.5228787452803374
6610,administration-approved,3,3,2.5228787452803374
6611,adopting,3,3,2.5228787452803374
6612,advancement,3,3,2.5228787452803374
6613,advent,3,3,2.5228787452803374
6614,advised,3,3,2.5228787452803374
6615,advocate,3,3,2.5228787452803374
6616,aes.,3,3,2.5228787452803374
6617,"af,",3,3,2.5228787452803374
6618,affordable,3,3,2.5228787452803374
6619,aga,3,1,3.0
6620,age-associated,3,2,2.6989700043360187
6621,agent.,3,3,2.5228787452803374
6622,ages,3,3,2.5228787452803374
6623,aggravate,3,3,2.5228787452803374
6624,aggravated,3,3,2.5228787452803374
6625,aggregate,3,3,2.5228787452803374
6626,agonist/gipr,3,1,3.0
6627,aha,3,1,3.0
6628,aibd,3,1,3.0
6629,ais,3,2,2.6989700043360187
6630,"al.,",3,3,2.5228787452803374
6631,aldosterone,3,3,2.5228787452803374
6632,"algorithm,",3,3,2.5228787452803374
6633,algorithms,3,3,2.5228787452803374
6634,alone;,3,3,2.5228787452803374
6635,"also,",3,3,2.5228787452803374
6636,alterations.,3,3,2.5228787452803374
6637,alternatives,3,3,2.5228787452803374
6638,alternatives.,3,3,2.5228787452803374
6639,ameliorating,3,3,2.5228787452803374
6640,amp,3,2,2.6989700043360187
6641,amplitude,3,3,2.5228787452803374
6642,"amylin,",3,3,2.5228787452803374
6643,amylin-immunoreactive,3,1,3.0
6644,anabolic,3,3,2.5228787452803374
6645,analogous,3,3,2.5228787452803374
6646,analysed.,3,3,2.5228787452803374
6647,analytics,3,3,2.5228787452803374
6648,"anemia,",3,3,2.5228787452803374
6649,anonymous,3,3,2.5228787452803374
6650,"anthocyanins,",3,3,2.5228787452803374
6651,anti-fibrotic,3,3,2.5228787452803374
6652,anti-tb,3,1,3.0
6653,antiarrhythmic,3,2,2.6989700043360187
6654,anticipated,3,3,2.5228787452803374
6655,antipsychotic-associated,3,3,2.5228787452803374
6656,antipsychotics,3,2,2.6989700043360187
6657,antiseizure,3,1,3.0
6658,antithrombotic,3,3,2.5228787452803374
6659,apglp1r,3,1,3.0
6660,apnea-hypopnea,3,3,2.5228787452803374
6661,apoe,3,3,2.5228787452803374
6662,appetite-related,3,3,2.5228787452803374
6663,applicability.,3,3,2.5228787452803374
6664,applicable,3,3,2.5228787452803374
6665,applicable.,3,3,2.5228787452803374
6666,applies,3,3,2.5228787452803374
6667,appraisal,3,3,2.5228787452803374
6668,"appropriate,",3,3,2.5228787452803374
6669,appropriately,3,3,2.5228787452803374
6670,"area,",3,2,2.6989700043360187
6671,area.,3,3,2.5228787452803374
6672,arises,3,3,2.5228787452803374
6673,arising,3,3,2.5228787452803374
6674,arrhythmia.,3,2,2.6989700043360187
6675,"arrhythmias,",3,3,2.5228787452803374
6676,arthritis.,3,3,2.5228787452803374
6677,arthritis;,3,1,3.0
6678,arthroplasty.,3,3,2.5228787452803374
6679,"articles,",3,3,2.5228787452803374
6680,asia,3,2,2.6989700043360187
6681,asia's,3,1,3.0
6682,"asia,",3,2,2.6989700043360187
6683,"aspiration,",3,3,2.5228787452803374
6684,"assays,",3,3,2.5228787452803374
6685,"assembly,",3,2,2.6989700043360187
6686,assessments.,3,3,2.5228787452803374
6687,assist,3,3,2.5228787452803374
6688,associate,3,3,2.5228787452803374
6689,associates,3,3,2.5228787452803374
6690,"association,",3,3,2.5228787452803374
6691,associative,3,3,2.5228787452803374
6692,assumed,3,3,2.5228787452803374
6693,astrocyte-neuron,3,2,2.6989700043360187
6694,"asvs,",3,1,3.0
6695,asymptomatic,3,3,2.5228787452803374
6696,attain-1,3,1,3.0
6697,attempted,3,3,2.5228787452803374
6698,attendance,3,3,2.5228787452803374
6699,attention.,3,3,2.5228787452803374
6700,attracted,3,3,2.5228787452803374
6701,attribution,3,3,2.5228787452803374
6702,atypical,3,3,2.5228787452803374
6703,auc0-∞,3,2,2.6989700043360187
6704,augment,3,3,2.5228787452803374
6705,augmentation,3,3,2.5228787452803374
6706,augmented,3,2,2.6989700043360187
6707,authoritative,3,3,2.5228787452803374
6708,authorities,3,1,3.0
6709,authorization,3,3,2.5228787452803374
6710,"autonomy,",3,3,2.5228787452803374
6711,"average,",3,3,2.5228787452803374
6712,"awareness,",3,2,2.6989700043360187
6713,axis:,3,2,2.6989700043360187
6714,"b,",3,3,2.5228787452803374
6715,b-type,3,3,2.5228787452803374
6716,"b12,",3,3,2.5228787452803374
6717,base.,3,3,2.5228787452803374
6718,bca,3,1,3.0
6719,bd,3,1,3.0
6720,bdnf,3,2,2.6989700043360187
6721,behaviour,3,3,2.5228787452803374
6722,benchmark,3,3,2.5228787452803374
6723,benchmarks.,3,3,2.5228787452803374
6724,beneficiaries.,3,3,2.5228787452803374
6725,benefit-risk,3,2,2.6989700043360187
6726,bia-estimated,3,2,2.6989700043360187
6727,bid,3,1,3.0
6728,bifidobacterium,3,3,2.5228787452803374
6729,bifunctional,3,1,3.0
6730,binary,3,3,2.5228787452803374
6731,binomial,3,3,2.5228787452803374
6732,bioavailable,3,3,2.5228787452803374
6733,"biochemical,",3,3,2.5228787452803374
6734,bioenergetic,3,3,2.5228787452803374
6735,bioenergetics,3,2,2.6989700043360187
6736,"biogenesis,",3,3,2.5228787452803374
6737,biopsy-confirmed,3,3,2.5228787452803374
6738,bitter,3,1,3.0
6739,blindness,3,1,3.0
6740,"blockers,",3,3,2.5228787452803374
6741,blocking,3,2,2.6989700043360187
6742,blunted,3,3,2.5228787452803374
6743,blunting,3,3,2.5228787452803374
6744,bmd,3,2,2.6989700043360187
6745,bmis,3,1,3.0
6746,"bodyweight,",3,3,2.5228787452803374
6747,bolus,3,3,2.5228787452803374
6748,borderline,3,2,2.6989700043360187
6749,bound,3,2,2.6989700043360187
6750,boxed,3,3,2.5228787452803374
6751,brainstem,3,2,2.6989700043360187
6752,breakthrough,3,3,2.5228787452803374
6753,briggs,3,3,2.5228787452803374
6754,broaden,3,3,2.5228787452803374
6755,bsh,3,2,2.6989700043360187
6756,buccal,3,1,3.0
6757,budgets,3,2,2.6989700043360187
6758,burn,3,1,3.0
6759,"c,",3,3,2.5228787452803374
6760,c2c12,3,2,2.6989700043360187
6761,ca7s,3,1,3.0
6762,caco-2,3,3,2.5228787452803374
6763,"calculated,",3,3,2.5228787452803374
6764,call,3,3,2.5228787452803374
6765,called,3,3,2.5228787452803374
6766,came,3,3,2.5228787452803374
6767,"camp/pka,",3,3,2.5228787452803374
6768,cancer-specific,3,3,2.5228787452803374
6769,capacity.,3,3,2.5228787452803374
6770,capsules,3,2,2.6989700043360187
6771,"carbamazepine,",3,1,3.0
6772,carbohydrate-last,3,1,3.0
6773,carcinogenesis.,3,2,2.6989700043360187
6774,carcinoma.,3,3,2.5228787452803374
6775,cardio-renal,3,3,2.5228787452803374
6776,cardiomems,3,1,3.0
6777,cardiovascular-related,3,2,2.6989700043360187
6778,caregiver,3,1,3.0
6779,carries,3,3,2.5228787452803374
6780,carvacrol,3,1,3.0
6781,case-product,3,1,3.0
6782,cell-based,3,1,3.0
6783,censoring,3,3,2.5228787452803374
6784,center.,3,3,2.5228787452803374
6785,cessation.,3,3,2.5228787452803374
6786,chart,3,3,2.5228787452803374
6787,chemically,3,3,2.5228787452803374
6788,chemosensory,3,1,3.0
6789,children.,3,3,2.5228787452803374
6790,china's,3,3,2.5228787452803374
6791,cholecystitis,3,3,2.5228787452803374
6792,chop,3,3,2.5228787452803374
6793,chromatographic,3,3,2.5228787452803374
6794,chromatography,3,1,3.0
6795,circuit,3,3,2.5228787452803374
6796,"circuitry,",3,3,2.5228787452803374
6797,circulation,3,3,2.5228787452803374
6798,circumference.,3,1,3.0
6799,cis,3,3,2.5228787452803374
6800,claim,3,3,2.5228787452803374
6801,"classification,",3,3,2.5228787452803374
6802,clinically-eligible,3,1,3.0
6803,closer,3,3,2.5228787452803374
6804,clostridium,3,3,2.5228787452803374
6805,clozapine,3,1,3.0
6806,clustering,3,3,2.5228787452803374
6807,cmds.,3,1,3.0
6808,cny,3,1,3.0
6809,co-culture,3,3,2.5228787452803374
6810,co-primary,3,3,2.5228787452803374
6811,co-treatment,3,3,2.5228787452803374
6812,coadministration,3,2,2.6989700043360187
6813,coagonists,3,1,3.0
6814,coexists,3,3,2.5228787452803374
6815,coi,3,1,3.0
6816,cola,3,1,3.0
6817,cold,3,1,3.0
6818,collected.,3,3,2.5228787452803374
6819,colocalisation,3,1,3.0
6820,colon,3,3,2.5228787452803374
6821,colonoscopy,3,3,2.5228787452803374
6822,comfort,3,2,2.6989700043360187
6823,"commentary,",3,3,2.5228787452803374
6824,comparator.,3,3,2.5228787452803374
6825,compartment,3,2,2.6989700043360187
6826,compartments.,3,3,2.5228787452803374
6827,compensation,3,3,2.5228787452803374
6828,compensation.,3,1,3.0
6829,competitive,3,3,2.5228787452803374
6830,completed.,3,3,2.5228787452803374
6831,completing,3,3,2.5228787452803374
6832,"complexity,",3,3,2.5228787452803374
6833,complexity.,3,3,2.5228787452803374
6834,compliance,3,3,2.5228787452803374
6835,"component,",3,3,2.5228787452803374
6836,component025,3,1,3.0
6837,compounds.,3,3,2.5228787452803374
6838,"comprehensive,",3,3,2.5228787452803374
6839,comprise,3,3,2.5228787452803374
6840,computer-generated,3,3,2.5228787452803374
6841,concentration-time,3,3,2.5228787452803374
6842,"conceptual,",3,3,2.5228787452803374
6843,concern.,3,3,2.5228787452803374
6844,concordant,3,3,2.5228787452803374
6845,concurrently,3,3,2.5228787452803374
6846,"condition,",3,3,2.5228787452803374
6847,conducting,3,3,2.5228787452803374
6848,conferring,3,3,2.5228787452803374
6849,"confidence),",3,1,3.0
6850,confined,3,3,2.5228787452803374
6851,confirmation.,3,3,2.5228787452803374
6852,confocal,3,2,2.6989700043360187
6853,consecutively,3,3,2.5228787452803374
6854,conserved,3,3,2.5228787452803374
6855,considerably,3,3,2.5228787452803374
6856,constituted,3,3,2.5228787452803374
6857,consummatory,3,2,2.6989700043360187
6858,contain,3,3,2.5228787452803374
6859,contexts,3,3,2.5228787452803374
6860,contextualize,3,3,2.5228787452803374
6861,continuation,3,3,2.5228787452803374
6862,contraceptive,3,3,2.5228787452803374
6863,contraction,3,1,3.0
6864,"contraindications,",3,2,2.6989700043360187
6865,contrasts,3,3,2.5228787452803374
6866,control),3,3,2.5228787452803374
6867,cordyceps,3,2,2.6989700043360187
6868,correct,3,3,2.5228787452803374
6869,correctly,3,3,2.5228787452803374
6870,correlates,3,3,2.5228787452803374
6871,cortex,3,3,2.5228787452803374
6872,costs.,3,3,2.5228787452803374
6873,counseling.,3,3,2.5228787452803374
6874,"count,",3,2,2.6989700043360187
6875,counterfeit,3,2,2.6989700043360187
6876,counterparts.,3,3,2.5228787452803374
6877,counterregulation,3,1,3.0
6878,countries.,3,3,2.5228787452803374
6879,"coupling,",3,3,2.5228787452803374
6880,"covariates,",3,3,2.5228787452803374
6881,covering,3,3,2.5228787452803374
6882,covers,3,3,2.5228787452803374
6883,cps,3,1,3.0
6884,creates,3,3,2.5228787452803374
6885,credibility,3,1,3.0
6886,"cri,",3,1,3.0
6887,crisis,3,3,2.5228787452803374
6888,criteria:,3,3,2.5228787452803374
6889,"critical,",3,3,2.5228787452803374
6890,cross-disease,3,3,2.5228787452803374
6891,culture,3,3,2.5228787452803374
6892,cyclase,3,3,2.5228787452803374
6893,cyclophilin,3,1,3.0
6894,cystic,3,3,2.5228787452803374
6895,d.,3,1,3.0
6896,"danuglipron,",3,2,2.6989700043360187
6897,dapagliflozin,3,3,2.5228787452803374
6898,day.,3,3,2.5228787452803374
6899,days;,3,3,2.5228787452803374
6900,dca,3,1,3.0
6901,deacetylation,3,2,2.6989700043360187
6902,decades.,3,3,2.5228787452803374
6903,decarboxylase-65,3,1,3.0
6904,decision-making.,3,3,2.5228787452803374
6905,default,3,3,2.5228787452803374
6906,defect,3,3,2.5228787452803374
6907,"deficiencies,",3,3,2.5228787452803374
6908,deficit.,3,3,2.5228787452803374
6909,degradation.,3,3,2.5228787452803374
6910,deletion,3,3,2.5228787452803374
6911,delivering,3,3,2.5228787452803374
6912,demands,3,3,2.5228787452803374
6913,"dependence,",3,2,2.6989700043360187
6914,"depletion,",3,3,2.5228787452803374
6915,depots,3,2,2.6989700043360187
6916,derivatives,3,3,2.5228787452803374
6917,"derivatives,",3,3,2.5228787452803374
6918,dermal,3,3,2.5228787452803374
6919,dermatologists.,3,3,2.5228787452803374
6920,described.,3,3,2.5228787452803374
6921,"descriptive,",3,3,2.5228787452803374
6922,descriptively.,3,3,2.5228787452803374
6923,desulfuricans,3,1,3.0
6924,detail,3,3,2.5228787452803374
6925,details,3,3,2.5228787452803374
6926,detection.,3,2,2.6989700043360187
6927,deterministic,3,3,2.5228787452803374
6928,dexamethasone,3,2,2.6989700043360187
6929,"diabetes),",3,3,2.5228787452803374
6930,diabetes-associated,3,2,2.6989700043360187
6931,diabetes-specific,3,3,2.5228787452803374
6932,"diarrhoea,",3,3,2.5228787452803374
6933,differ.,3,3,2.5228787452803374
6934,difference-in-differences,3,2,2.6989700043360187
6935,"differences,",3,3,2.5228787452803374
6936,diffusion,3,3,2.5228787452803374
6937,"digoxin,",3,2,2.6989700043360187
6938,dilemmas,3,1,3.0
6939,"dimension,",3,1,3.0
6940,diminish,3,3,2.5228787452803374
6941,diminishes,3,3,2.5228787452803374
6942,dinucleotide,3,3,2.5228787452803374
6943,dio,3,3,2.5228787452803374
6944,"direct,",3,3,2.5228787452803374
6945,discontinuations,3,3,2.5228787452803374
6946,discrepancy,3,3,2.5228787452803374
6947,"discussed,",3,2,2.6989700043360187
6948,disease-relevant,3,2,2.6989700043360187
6949,diseases;,3,2,2.6989700043360187
6950,dispensed,3,2,2.6989700043360187
6951,disruption.,3,3,2.5228787452803374
6952,disruptions,3,3,2.5228787452803374
6953,"distinct,",3,3,2.5228787452803374
6954,distinguished,3,3,2.5228787452803374
6955,distributed,3,3,2.5228787452803374
6956,distribution.,3,3,2.5228787452803374
6957,"distributions,",3,3,2.5228787452803374
6958,disturbance,3,3,2.5228787452803374
6959,disturbances.,3,3,2.5228787452803374
6960,diuresis,3,2,2.6989700043360187
6961,diuretic,3,3,2.5228787452803374
6962,diurnal,3,2,2.6989700043360187
6963,"docking,",3,3,2.5228787452803374
6964,documents,3,3,2.5228787452803374
6965,domains.,3,3,2.5228787452803374
6966,down,3,3,2.5228787452803374
6967,downward,3,3,2.5228787452803374
6968,dpn.,3,2,2.6989700043360187
6969,dramatically,3,3,2.5228787452803374
6970,drawing,3,3,2.5228787452803374
6971,drinks,3,1,3.0
6972,dtw,3,1,3.0
6973,"dual,",3,3,2.5228787452803374
6974,ducts.,3,1,3.0
6975,dul-bip,3,1,3.0
6976,dul-neo,3,1,3.0
6977,dulaglutide.,3,3,2.5228787452803374
6978,durations.,3,3,2.5228787452803374
6979,dutch,3,2,2.6989700043360187
6980,"dynamics,",3,3,2.5228787452803374
6981,dysautonomia,3,1,3.0
6982,dysglycaemia,3,3,2.5228787452803374
6983,e3,3,2,2.6989700043360187
6984,"each),",3,1,3.0
6985,ear,3,1,3.0
6986,early-onset,3,3,2.5228787452803374
6987,early-phase,3,3,2.5228787452803374
6988,easo,3,1,3.0
6989,ecosystem,3,2,2.6989700043360187
6990,"edema,",3,3,2.5228787452803374
6991,"effective,",3,3,2.5228787452803374
6992,effectiveness.,3,3,2.5228787452803374
6993,efficiency,3,3,2.5228787452803374
6994,effluvium.,3,2,2.6989700043360187
6995,elements,3,3,2.5228787452803374
6996,"elevation,",3,3,2.5228787452803374
6997,eliminate,3,3,2.5228787452803374
6998,elucidated.,3,3,2.5228787452803374
6999,elusive.,3,3,2.5228787452803374
7000,ema,3,2,2.6989700043360187
7001,emergent,3,3,2.5228787452803374
7002,emerges,3,3,2.5228787452803374
7003,emission,3,3,2.5228787452803374
7004,emissions,3,2,2.6989700043360187
7005,employing,3,2,2.6989700043360187
7006,encapsulation,3,2,2.6989700043360187
7007,encounters,3,2,2.6989700043360187
7008,encourage,3,3,2.5228787452803374
7009,endocrinology,3,3,2.5228787452803374
7010,endocrinology.,3,2,2.6989700043360187
7011,endometrioid,3,1,3.0
7012,endoscopy.strong,3,1,3.0
7013,endurance,3,2,2.6989700043360187
7014,energetics,3,3,2.5228787452803374
7015,"energy,",3,2,2.6989700043360187
7016,engagement-weight-loss,3,1,3.0
7017,engineered,3,3,2.5228787452803374
7018,english,3,3,2.5228787452803374
7019,enriching,3,2,2.6989700043360187
7020,entire,3,3,2.5228787452803374
7021,entirely,3,3,2.5228787452803374
7022,entity,3,3,2.5228787452803374
7023,environment.,3,3,2.5228787452803374
7024,epilepsy,3,1,3.0
7025,episodic,3,2,2.6989700043360187
7026,"equitable,",3,3,2.5228787452803374
7027,eqw,3,1,3.0
7028,"era,",3,3,2.5228787452803374
7029,era.,3,3,2.5228787452803374
7030,erk,3,3,2.5228787452803374
7031,ers,3,1,3.0
7032,"erythritol,",3,1,3.0
7033,erythrocyte,3,3,2.5228787452803374
7034,erythroid,3,3,2.5228787452803374
7035,escalated,3,3,2.5228787452803374
7036,escalation.,3,3,2.5228787452803374
7037,esophagogastroduodenoscopy,3,3,2.5228787452803374
7038,essentially,3,3,2.5228787452803374
7039,establishes,3,3,2.5228787452803374
7040,estradiol,3,3,2.5228787452803374
7041,eta,3,1,3.0
7042,etiology,3,3,2.5228787452803374
7043,eudract,3,2,2.6989700043360187
7044,"evaluations,",3,3,2.5228787452803374
7045,"event,",3,3,2.5228787452803374
7046,events),3,3,2.5228787452803374
7047,events/100,3,1,3.0
7048,events;,3,3,2.5228787452803374
7049,everyday,3,3,2.5228787452803374
7050,"examples,",3,2,2.6989700043360187
7051,exclusive,3,3,2.5228787452803374
7052,excursion,3,1,3.0
7053,excursions,3,2,2.6989700043360187
7054,exercise-associated,3,1,3.0
7055,exhaled,3,2,2.6989700043360187
7056,"exist,",3,3,2.5228787452803374
7057,exogenous,3,3,2.5228787452803374
7058,"expand,",3,3,2.5228787452803374
7059,expands,3,3,2.5228787452803374
7060,"expectancy,",3,3,2.5228787452803374
7061,explanatory,3,3,2.5228787452803374
7062,export,3,3,2.5228787452803374
7063,exscel,3,2,2.6989700043360187
7064,externally,3,3,2.5228787452803374
7065,extrahepatic,3,3,2.5228787452803374
7066,extrapolation,3,2,2.6989700043360187
7067,extremely,3,3,2.5228787452803374
7068,faces,3,3,2.5228787452803374
7069,facilitates,3,3,2.5228787452803374
7070,factor-1,3,3,2.5228787452803374
7071,factor-α,3,3,2.5228787452803374
7072,factor.,3,3,2.5228787452803374
7073,factorial,3,2,2.6989700043360187
7074,failing,3,3,2.5228787452803374
7075,fails,3,3,2.5228787452803374
7076,fair,3,3,2.5228787452803374
7077,false,3,3,2.5228787452803374
7078,false-discovery-rate,3,2,2.6989700043360187
7079,far,3,3,2.5228787452803374
7080,fatigue,3,2,2.6989700043360187
7081,favorably,3,3,2.5228787452803374
7082,"feasibility,",3,3,2.5228787452803374
7083,feature,3,3,2.5228787452803374
7084,features.,3,3,2.5228787452803374
7085,feces,3,3,2.5228787452803374
7086,federal,3,3,2.5228787452803374
7087,federally,3,3,2.5228787452803374
7088,fee-for-service,3,3,2.5228787452803374
7089,"feeding,",3,3,2.5228787452803374
7090,females.,3,3,2.5228787452803374
7091,fermented,3,1,3.0
7092,"fetal,",3,2,2.6989700043360187
7093,fiber,3,2,2.6989700043360187
7094,"fibrillation,",3,3,2.5228787452803374
7095,fibrillation.,3,3,2.5228787452803374
7096,field.,3,3,2.5228787452803374
7097,"finerenone,",3,3,2.5228787452803374
7098,first-time,3,2,2.6989700043360187
7099,fixed-calorie,3,1,3.0
7100,flavonoid,3,2,2.6989700043360187
7101,flexibility,3,3,2.5228787452803374
7102,flutter,3,1,3.0
7103,fm,3,1,3.0
7104,fmt's,3,1,3.0
7105,follicular,3,3,2.5228787452803374
7106,"foods,",3,3,2.5228787452803374
7107,force,3,2,2.6989700043360187
7108,formation.,3,2,2.6989700043360187
7109,former,3,3,2.5228787452803374
7110,forming,3,3,2.5228787452803374
7111,formula,3,2,2.6989700043360187
7112,formulated,3,3,2.5228787452803374
7113,forward,3,3,2.5228787452803374
7114,four-way,3,1,3.0
7115,foxa1,3,1,3.0
7116,fraction.,3,3,2.5228787452803374
7117,"fragmentation,",3,3,2.5228787452803374
7118,frame,3,3,2.5228787452803374
7119,"frameworks,",3,3,2.5228787452803374
7120,free-energy,3,2,2.6989700043360187
7121,frontier,3,3,2.5228787452803374
7122,full-text,3,3,2.5228787452803374
7123,funding,3,3,2.5228787452803374
7124,fxr/tgr5,3,1,3.0
7125,g/dl,3,1,3.0
7126,gamma,3,3,2.5228787452803374
7127,ganglion,3,3,2.5228787452803374
7128,gap.,3,3,2.5228787452803374
7129,gaps.,3,3,2.5228787452803374
7130,gas,3,2,2.6989700043360187
7131,"gastrocnemius,",3,2,2.6989700043360187
7132,gastroenterology,3,2,2.6989700043360187
7133,gastroparesis,3,2,2.6989700043360187
7134,gbts',3,1,3.0
7135,"gbts,",3,1,3.0
7136,"gender,",3,3,2.5228787452803374
7137,generates,3,3,2.5228787452803374
7138,generating,3,3,2.5228787452803374
7139,generic,3,2,2.6989700043360187
7140,"genes,",3,3,2.5228787452803374
7141,genitourinary,3,2,2.6989700043360187
7142,geographic,3,3,2.5228787452803374
7143,geographical,3,3,2.5228787452803374
7144,geometric,3,3,2.5228787452803374
7145,"glaucoma,",3,2,2.6989700043360187
7146,glicentin,3,1,3.0
7147,glipizide,3,2,2.6989700043360187
7148,glp,3,2,2.6989700043360187
7149,glp-1+gip,3,1,3.0
7150,glp-1-mediated,3,3,2.5228787452803374
7151,glp-1-positive,3,3,2.5228787452803374
7152,glp-1r-mediated,3,3,2.5228787452803374
7153,glp-1ra/tirzepatide,3,1,3.0
7154,"glp-1s,",3,2,2.6989700043360187
7155,glucagon-based,3,2,2.6989700043360187
7156,glucoregulatory,3,1,3.0
7157,glucose-,3,3,2.5228787452803374
7158,glutamic,3,1,3.0
7159,glycogen,3,1,3.0
7160,goal;,3,1,3.0
7161,"goals,",3,3,2.5228787452803374
7162,gonadotropin,3,3,2.5228787452803374
7163,gonads,3,1,3.0
7164,gpcr-specific,3,1,3.0
7165,gpr119,3,2,2.6989700043360187
7166,graves',3,1,3.0
7167,greenhouse,3,2,2.6989700043360187
7168,grocery,3,1,3.0
7169,group),3,3,2.5228787452803374
7170,groups;,3,3,2.5228787452803374
7171,gsk-3β,3,1,3.0
7172,gt,3,1,3.0
7173,"guidance,",3,3,2.5228787452803374
7174,guidance.,3,3,2.5228787452803374
7175,guideline.,3,2,2.6989700043360187
7176,gut-joint,3,1,3.0
7177,gut-pancreatic,3,1,3.0
7178,gut-targeted,3,3,2.5228787452803374
7179,h.,3,3,2.5228787452803374
7180,h9c2,3,1,3.0
7181,hads,3,1,3.0
7182,"half-life,",3,2,2.6989700043360187
7183,hamster,3,2,2.6989700043360187
7184,hap.,3,1,3.0
7185,harm.,3,3,2.5228787452803374
7186,harmonized,3,3,2.5228787452803374
7187,hba1c-enhanced,3,1,3.0
7188,hdl,3,3,2.5228787452803374
7189,he,3,2,2.6989700043360187
7190,head,3,2,2.6989700043360187
7191,headline,3,3,2.5228787452803374
7192,healing.,3,2,2.6989700043360187
7193,helping,3,3,2.5228787452803374
7194,"hemodynamic,",3,3,2.5228787452803374
7195,"hemodynamics,",3,3,2.5228787452803374
7196,"hemoglobin,",3,3,2.5228787452803374
7197,"hence,",3,3,2.5228787452803374
7198,hens,3,1,3.0
7199,hepatology,3,2,2.6989700043360187
7200,heterogeneous.,3,3,2.5228787452803374
7201,hf-related,3,3,2.5228787452803374
7202,hfd,3,2,2.6989700043360187
7203,hfref.,3,2,2.6989700043360187
7204,hg;,3,2,2.6989700043360187
7205,"hhf,",3,3,2.5228787452803374
7206,hif-1,3,1,3.0
7207,high-glucose,3,3,2.5228787452803374
7208,high-resolution,3,3,2.5228787452803374
7209,high-throughput,3,3,2.5228787452803374
7210,"higher,",3,3,2.5228787452803374
7211,hispidin-enriched,3,1,3.0
7212,hiv-specific,3,3,2.5228787452803374
7213,homa-β,3,2,2.6989700043360187
7214,hordeola,3,1,3.0
7215,hormone-based,3,1,3.0
7216,"hospitalisation,",3,3,2.5228787452803374
7217,hour,3,1,3.0
7218,hours,3,3,2.5228787452803374
7219,"hours,",3,3,2.5228787452803374
7220,hpc,3,1,3.0
7221,"hs,",3,3,2.5228787452803374
7222,"humans,",3,3,2.5228787452803374
7223,hybrid,3,3,2.5228787452803374
7224,"hydrocodone,",3,1,3.0
7225,hydrogen,3,2,2.6989700043360187
7226,hyperglycaemic,3,1,3.0
7227,hyperglycemic,3,3,2.5228787452803374
7228,hypoglycaemic,3,3,2.5228787452803374
7229,hypothalamus,3,2,2.6989700043360187
7230,"hypothesis-generating,",3,3,2.5228787452803374
7231,hypothesis.,3,3,2.5228787452803374
7232,"i,",3,3,2.5228787452803374
7233,"i.e.,",3,3,2.5228787452803374
7234,"ideation,",3,2,2.6989700043360187
7235,idegasp,3,1,3.0
7236,identical,3,3,2.5228787452803374
7237,identified;,3,3,2.5228787452803374
7238,ifn-γ,3,1,3.0
7239,igf-1,3,1,3.0
7240,iglar,3,1,3.0
7241,iib,3,1,3.0
7242,"iih,",3,1,3.0
7243,"iii,",3,3,2.5228787452803374
7244,iii.,3,3,2.5228787452803374
7245,ill-health,3,1,3.0
7246,illicit,3,2,2.6989700043360187
7247,"imbalance,",3,3,2.5228787452803374
7248,immediate,3,3,2.5228787452803374
7249,immortal,3,3,2.5228787452803374
7250,immune-cell,3,3,2.5228787452803374
7251,immunity,3,2,2.6989700043360187
7252,immunoblot,3,2,2.6989700043360187
7253,"immunofluorescence,",3,3,2.5228787452803374
7254,immunological,3,2,2.6989700043360187
7255,imperative,3,3,2.5228787452803374
7256,implicate,3,3,2.5228787452803374
7257,imply,3,3,2.5228787452803374
7258,"importance,",3,3,2.5228787452803374
7259,"improved,",3,3,2.5228787452803374
7260,incidences,3,3,2.5228787452803374
7261,incomplete.,3,2,2.6989700043360187
7262,"inconsistent,",3,3,2.5228787452803374
7263,incorporates,3,3,2.5228787452803374
7264,"increase,",3,3,2.5228787452803374
7265,increased.,3,2,2.6989700043360187
7266,incubation,3,2,2.6989700043360187
7267,"indeed,",3,3,2.5228787452803374
7268,index),3,3,2.5228787452803374
7269,indicator,3,3,2.5228787452803374
7270,indicators,3,3,2.5228787452803374
7271,"indices,",3,3,2.5228787452803374
7272,"induction,",3,3,2.5228787452803374
7273,ineligible,3,2,2.6989700043360187
7274,inequalities,3,3,2.5228787452803374
7275,inference.,3,3,2.5228787452803374
7276,influential,3,2,2.6989700043360187
7277,infusion.,3,2,2.6989700043360187
7278,inhibitor.,3,3,2.5228787452803374
7279,initiators.,3,3,2.5228787452803374
7280,injection.,3,2,2.6989700043360187
7281,injury/hy's,3,1,3.0
7282,innovations,3,3,2.5228787452803374
7283,input,3,3,2.5228787452803374
7284,"insights,",3,3,2.5228787452803374
7285,instead,3,3,2.5228787452803374
7286,instrument,3,3,2.5228787452803374
7287,insulin).,3,3,2.5228787452803374
7288,insulin-dependent,3,3,2.5228787452803374
7289,insulin-induced,3,2,2.6989700043360187
7290,insulin-positive,3,2,2.6989700043360187
7291,insulin-resistant,3,3,2.5228787452803374
7292,int-777,3,1,3.0
7293,intact,3,3,2.5228787452803374
7294,intakes,3,2,2.6989700043360187
7295,integration.,3,3,2.5228787452803374
7296,intelligence,3,3,2.5228787452803374
7297,"intensity,",3,2,2.6989700043360187
7298,interaction.,3,3,2.5228787452803374
7299,interest.,3,3,2.5228787452803374
7300,interleukin-6,3,3,2.5228787452803374
7301,interorgan,3,2,2.6989700043360187
7302,interpret,3,3,2.5228787452803374
7303,interpreting,3,3,2.5228787452803374
7304,interstitial,3,3,2.5228787452803374
7305,intertwined,3,3,2.5228787452803374
7306,intestine,3,3,2.5228787452803374
7307,intrathecal,3,1,3.0
7308,intricate,3,3,2.5228787452803374
7309,introduction,3,3,2.5228787452803374
7310,introduction:,3,3,2.5228787452803374
7311,investment,3,3,2.5228787452803374
7312,ip,3,2,2.6989700043360187
7313,irisin,3,1,3.0
7314,"ischemia,",3,2,2.6989700043360187
7315,isocaloric,3,2,2.6989700043360187
7316,itself,3,3,2.5228787452803374
7317,jader,3,2,2.6989700043360187
7318,jader.,3,2,2.6989700043360187
7319,jakmip3,3,1,3.0
7320,janus,3,3,2.5228787452803374
7321,japan's,3,1,3.0
7322,joanna,3,3,2.5228787452803374
7323,kccq,3,3,2.5228787452803374
7324,kdigo,3,1,3.0
7325,ketoacidosis.,3,3,2.5228787452803374
7326,ketone,3,3,2.5228787452803374
7327,ketosis.,3,2,2.6989700043360187
7328,keyword,3,2,2.6989700043360187
7329,kg/m²),3,3,2.5228787452803374
7330,kidney-specific,3,3,2.5228787452803374
7331,kidney.,3,3,2.5228787452803374
7332,kilograms,3,3,2.5228787452803374
7333,korean,3,3,2.5228787452803374
7334,kpdm,3,1,3.0
7335,l-cell,3,2,2.6989700043360187
7336,"l.,",3,1,3.0
7337,labels,3,3,2.5228787452803374
7338,"labels,",3,2,2.6989700043360187
7339,labs,3,3,2.5228787452803374
7340,"lacking,",3,3,2.5228787452803374
7341,lactic,3,3,2.5228787452803374
7342,language.,3,3,2.5228787452803374
7343,late-stage,3,3,2.5228787452803374
7344,latent,3,3,2.5228787452803374
7345,latino,3,2,2.6989700043360187
7346,"laxity,",3,2,2.6989700043360187
7347,lb,3,2,2.6989700043360187
7348,lca,3,1,3.0
7349,"leader,",3,3,2.5228787452803374
7350,lean-mass,3,3,2.5228787452803374
7351,least-squares,3,3,2.5228787452803374
7352,legacy,3,3,2.5228787452803374
7353,liability,3,2,2.6989700043360187
7354,life-years,3,2,2.6989700043360187
7355,"lifestyle,",3,3,2.5228787452803374
7356,lifestyle-related,3,3,2.5228787452803374
7357,lifetime,3,3,2.5228787452803374
7358,likewise,3,3,2.5228787452803374
7359,lilly,3,3,2.5228787452803374
7360,linagliptin,3,1,3.0
7361,lines.,3,3,2.5228787452803374
7362,lipase,3,3,2.5228787452803374
7363,lipotoxicity,3,3,2.5228787452803374
7364,"lipotoxicity,",3,3,2.5228787452803374
7365,lira,3,1,3.0
7366,liraglutide-mediated,3,2,2.6989700043360187
7367,liraglutide.,3,3,2.5228787452803374
7368,list,3,3,2.5228787452803374
7369,liver-specific,3,3,2.5228787452803374
7370,"loading,",3,3,2.5228787452803374
7371,lobes,3,1,3.0
7372,loci,3,1,3.0
7373,"long-term,",3,3,2.5228787452803374
7374,loosening,3,2,2.6989700043360187
7375,lose,3,3,2.5228787452803374
7376,loss-associated,3,2,2.6989700043360187
7377,"low,",3,3,2.5228787452803374
7378,low-,3,3,2.5228787452803374
7379,"lower,",3,3,2.5228787452803374
7380,lps-stimulated,3,2,2.6989700043360187
7381,lrr,3,1,3.0
7382,lsm,3,1,3.0
7383,lt,3,1,3.0
7384,lv,3,2,2.6989700043360187
7385,m,3,3,2.5228787452803374
7386,m1-like,3,1,3.0
7387,m6a,3,1,3.0
7388,ma,3,1,3.0
7389,macrovascular,3,3,2.5228787452803374
7390,made.,3,3,2.5228787452803374
7391,mafld,3,1,3.0
7392,"magnesium,",3,3,2.5228787452803374
7393,maintains,3,3,2.5228787452803374
7394,malignancies,3,2,2.6989700043360187
7395,"malignancy,",3,3,2.5228787452803374
7396,malignant,3,1,3.0
7397,"malnutrition,",3,2,2.6989700043360187
7398,management;,3,3,2.5228787452803374
7399,manifest,3,3,2.5228787452803374
7400,manifestations,3,3,2.5228787452803374
7401,manual,3,3,2.5228787452803374
7402,marginal,3,3,2.5228787452803374
7403,marketed,3,3,2.5228787452803374
7404,marrow-derived,3,3,2.5228787452803374
7405,mass/fat-free,3,1,3.0
7406,massive,3,2,2.6989700043360187
7407,materials,3,3,2.5228787452803374
7408,maternal,3,2,2.6989700043360187
7409,matrices,3,2,2.6989700043360187
7410,max,3,2,2.6989700043360187
7411,maximizing,3,3,2.5228787452803374
7412,"mazdutide,",3,3,2.5228787452803374
7413,maze,3,1,3.0
7414,mbs.,3,3,2.5228787452803374
7415,md:,3,2,2.6989700043360187
7416,mda,3,3,2.5228787452803374
7417,"meal,",3,3,2.5228787452803374
7418,"measurement,",3,3,2.5228787452803374
7419,"mechanics,",3,2,2.6989700043360187
7420,meddra,3,3,2.5228787452803374
7421,"media,",3,2,2.6989700043360187
7422,"mediators,",3,2,2.6989700043360187
7423,medically,3,3,2.5228787452803374
7424,medium,3,3,2.5228787452803374
7425,member,3,3,2.5228787452803374
7426,members.,3,2,2.6989700043360187
7427,membership,3,2,2.6989700043360187
7428,menopausal,3,2,2.6989700043360187
7429,"menopause,",3,3,2.5228787452803374
7430,mentioned,3,3,2.5228787452803374
7431,merely,3,3,2.5228787452803374
7432,messenger,3,2,2.6989700043360187
7433,metabolic-inflammatory,3,3,2.5228787452803374
7434,metabolites.,3,3,2.5228787452803374
7435,method.,3,3,2.5228787452803374
7436,methodologies,3,3,2.5228787452803374
7437,mets,3,1,3.0
7438,mets.,3,2,2.6989700043360187
7439,"mg),",3,3,2.5228787452803374
7440,"mg/day,",3,3,2.5228787452803374
7441,"mg/dl),",3,1,3.0
7442,mg/dl.,3,3,2.5228787452803374
7443,mg/g,3,3,2.5228787452803374
7444,"mg/kg),",3,2,2.6989700043360187
7445,"mi,",3,3,2.5228787452803374
7446,mi-defined,3,1,3.0
7447,microalgal,3,1,3.0
7448,"microbiome,",3,3,2.5228787452803374
7449,microbiome-based,3,3,2.5228787452803374
7450,microbiota-ba,3,1,3.0
7451,microdosing,3,1,3.0
7452,microfluidic,3,2,2.6989700043360187
7453,midazolam,3,2,2.6989700043360187
7454,middle,3,2,2.6989700043360187
7455,mild-to-moderate,3,3,2.5228787452803374
7456,mimic,3,3,2.5228787452803374
7457,mini-review,3,3,2.5228787452803374
7458,minimize,3,3,2.5228787452803374
7459,minimizing,3,3,2.5228787452803374
7460,minor,3,3,2.5228787452803374
7461,"misinformation,",3,2,2.6989700043360187
7462,misleading,3,2,2.6989700043360187
7463,missed,3,3,2.5228787452803374
7464,mitigates,3,3,2.5228787452803374
7465,"mixed,",3,3,2.5228787452803374
7466,mixed.,3,3,2.5228787452803374
7467,mmol/l),3,3,2.5228787452803374
7468,mmol/mol,3,3,2.5228787452803374
7469,mmp,3,1,3.0
7470,mmtt,3,1,3.0
7471,"moderate,",3,3,2.5228787452803374
7472,moderate-to-advanced,3,2,2.6989700043360187
7473,modifiers.,3,2,2.6989700043360187
7474,modifying,3,3,2.5228787452803374
7475,modulation.,3,3,2.5228787452803374
7476,modulator,3,3,2.5228787452803374
7477,modulators.,3,3,2.5228787452803374
7478,molar,3,2,2.6989700043360187
7479,"monitored,",3,3,2.5228787452803374
7480,mono-,3,3,2.5228787452803374
7481,monocytes,3,1,3.0
7482,monocytic,3,2,2.6989700043360187
7483,monographs,3,1,3.0
7484,"monotherapies,",3,2,2.6989700043360187
7485,"months),",3,3,2.5228787452803374
7486,months:,3,2,2.6989700043360187
7487,"morphology,",3,3,2.5228787452803374
7488,morris,3,1,3.0
7489,"motility,",3,2,2.6989700043360187
7490,motility-related,3,1,3.0
7491,mrt,3,1,3.0
7492,ms,3,2,2.6989700043360187
7493,mtorc1,3,1,3.0
7494,"mucosal,",3,1,3.0
7495,mucus,3,2,2.6989700043360187
7496,multi-timescale,3,1,3.0
7497,"multifactorial,",3,3,2.5228787452803374
7498,multimorbid,3,2,2.6989700043360187
7499,mutant,3,2,2.6989700043360187
7500,nad⁺,3,2,2.6989700043360187
7501,nafld,3,1,3.0
7502,"naltrexone/bupropion,",3,3,2.5228787452803374
7503,nanoparticle,3,3,2.5228787452803374
7504,narrow,3,3,2.5228787452803374
7505,nationally,3,2,2.6989700043360187
7506,"nationwide,",3,3,2.5228787452803374
7507,nci-h716,3,3,2.5228787452803374
7508,ne150,3,1,3.0
7509,necessitates,3,3,2.5228787452803374
7510,"needed,",3,3,2.5228787452803374
7511,needs.,3,3,2.5228787452803374
7512,nens,3,1,3.0
7513,neonatal,3,3,2.5228787452803374
7514,nephroprotective,3,3,2.5228787452803374
7515,"networks,",3,3,2.5228787452803374
7516,networks.,3,3,2.5228787452803374
7517,neurod1,3,1,3.0
7518,"neurodegeneration,",3,3,2.5228787452803374
7519,neurodevelopmental,3,3,2.5228787452803374
7520,neuroimaging,3,2,2.6989700043360187
7521,"neuroimaging,",3,3,2.5228787452803374
7522,neuroinflammatory,3,3,2.5228787452803374
7523,neurons.,3,3,2.5228787452803374
7524,"neuropathic,",3,1,3.0
7525,"neuropathy,",3,2,2.6989700043360187
7526,neurophysiological,3,3,2.5228787452803374
7527,"neuroprotection,",3,3,2.5228787452803374
7528,neurotrophic,3,3,2.5228787452803374
7529,never,3,3,2.5228787452803374
7530,news,3,2,2.6989700043360187
7531,next-meal,3,1,3.0
7532,nineteen,3,3,2.5228787452803374
7533,nitida,3,1,3.0
7534,nlr,3,1,3.0
7535,nmol/l,3,1,3.0
7536,no.,3,3,2.5228787452803374
7537,nocturnal,3,2,2.6989700043360187
7538,"noise""",3,2,2.6989700043360187
7539,nominally,3,3,2.5228787452803374
7540,non-bariatric,3,1,3.0
7541,non-communicable,3,1,3.0
7542,non-glp-1ras,3,3,2.5228787452803374
7543,non-japan,3,1,3.0
7544,non-masld,3,1,3.0
7545,non-pharmacological,3,3,2.5228787452803374
7546,nonexudative,3,1,3.0
7547,noninsulin,3,3,2.5228787452803374
7548,nordisk.,3,3,2.5228787452803374
7549,"nrf2,",3,3,2.5228787452803374
7550,ns,3,3,2.5228787452803374
7551,ns),3,1,3.0
7552,nuclei,3,2,2.6989700043360187
7553,nucleus,3,3,2.5228787452803374
7554,nutraceutical,3,2,2.6989700043360187
7555,nutri-obedigithum,3,1,3.0
7556,nutrition.,3,3,2.5228787452803374
7557,nutritionists,3,2,2.6989700043360187
7558,oao,3,1,3.0
7559,obesity-nonrelated,3,1,3.0
7560,observable,3,3,2.5228787452803374
7561,observations.,3,3,2.5228787452803374
7562,obtain,3,3,2.5228787452803374
7563,oedema,3,2,2.6989700043360187
7564,old,3,3,2.5228787452803374
7565,"older,",3,3,2.5228787452803374
7566,olfactory,3,2,2.6989700043360187
7567,omm,3,1,3.0
7568,oncological,3,3,2.5228787452803374
7569,"ongoing,",3,3,2.5228787452803374
7570,online.,3,3,2.5228787452803374
7571,only.,3,3,2.5228787452803374
7572,onset.,3,3,2.5228787452803374
7573,open-label,3,3,2.5228787452803374
7574,operates,3,3,2.5228787452803374
7575,"oral,",3,3,2.5228787452803374
7576,orexigenic,3,3,2.5228787452803374
7577,organelle,3,2,2.6989700043360187
7578,organs,3,3,2.5228787452803374
7579,"orlistat,",3,3,2.5228787452803374
7580,orthogonal,3,2,2.6989700043360187
7581,osteoarthritis.,3,3,2.5228787452803374
7582,others,3,3,2.5228787452803374
7583,outcome.,3,3,2.5228787452803374
7584,outcomes;,3,3,2.5228787452803374
7585,output.,3,3,2.5228787452803374
7586,"overdose,",3,2,2.6989700043360187
7587,overweight.,3,3,2.5228787452803374
7588,overweight/obesity.,3,3,2.5228787452803374
7589,ovid,3,3,2.5228787452803374
7590,ovulation,3,2,2.6989700043360187
7591,own,3,3,2.5228787452803374
7592,"oxidative,",3,3,2.5228787452803374
7593,"oxycodone,",3,1,3.0
7594,p1np,3,2,2.6989700043360187
7595,p65,3,2,2.6989700043360187
7596,"p<.05),",3,1,3.0
7597,pa,3,1,3.0
7598,paced,3,1,3.0
7599,package,3,3,2.5228787452803374
7600,pain.,3,3,2.5228787452803374
7601,pair,3,3,2.5228787452803374
7602,"pairs),",3,2,2.6989700043360187
7603,pairs.,3,3,2.5228787452803374
7604,palmitate-induced,3,1,3.0
7605,panels,3,3,2.5228787452803374
7606,papilledema,3,2,2.6989700043360187
7607,paradox,3,3,2.5228787452803374
7608,parallel-group,3,3,2.5228787452803374
7609,parametric,3,3,2.5228787452803374
7610,participant-level,3,2,2.6989700043360187
7611,participants).,3,3,2.5228787452803374
7612,participated,3,3,2.5228787452803374
7613,"particular,",3,3,2.5228787452803374
7614,parts,3,3,2.5228787452803374
7615,pasireotide-induced,3,1,3.0
7616,paternal,3,2,2.6989700043360187
7617,patient.,3,3,2.5228787452803374
7618,"pattern,",3,3,2.5228787452803374
7619,paucity,3,3,2.5228787452803374
7620,"payers,",3,3,2.5228787452803374
7621,pcps,3,1,3.0
7622,pcr,3,3,2.5228787452803374
7623,pcsk1,3,2,2.6989700043360187
7624,pdac,3,1,3.0
7625,peer,3,2,2.6989700043360187
7626,penetration,3,3,2.5228787452803374
7627,perception,3,3,2.5228787452803374
7628,percutaneous,3,3,2.5228787452803374
7629,perform,3,3,2.5228787452803374
7630,performance.,3,3,2.5228787452803374
7631,performing,3,2,2.6989700043360187
7632,"periods,",3,3,2.5228787452803374
7633,periprocedural,3,2,2.6989700043360187
7634,perpetrator,3,1,3.0
7635,persisted.,3,3,2.5228787452803374
7636,persistence.,3,2,2.6989700043360187
7637,"perspective,",3,3,2.5228787452803374
7638,perspectives.,3,3,2.5228787452803374
7639,pg/ml,3,2,2.6989700043360187
7640,pharmaceuticals.,3,3,2.5228787452803374
7641,pharmacodynamics,3,3,2.5228787452803374
7642,"pharmacodynamics,",3,3,2.5228787452803374
7643,pharmacoepidemiological,3,2,2.6989700043360187
7644,pharmacotherapeutic,3,3,2.5228787452803374
7645,pharyngeal,3,3,2.5228787452803374
7646,phenotype-driven,3,3,2.5228787452803374
7647,phenotyping.,3,3,2.5228787452803374
7648,phosphorylated,3,3,2.5228787452803374
7649,"physicians,",3,3,2.5228787452803374
7650,physicochemical,3,3,2.5228787452803374
7651,"physiological,",3,2,2.6989700043360187
7652,physiologically,3,3,2.5228787452803374
7653,"physiology,",3,3,2.5228787452803374
7654,physiology.,3,3,2.5228787452803374
7655,phytochemical,3,3,2.5228787452803374
7656,pi3k-akt,3,1,3.0
7657,"pi3k/akt/mtor,",3,3,2.5228787452803374
7658,pipeline,3,3,2.5228787452803374
7659,"pipeline,",3,3,2.5228787452803374
7660,pituitary,3,2,2.6989700043360187
7661,placebo;,3,2,2.6989700043360187
7662,"planning,",3,2,2.6989700043360187
7663,plant,3,3,2.5228787452803374
7664,plant-based,3,3,2.5228787452803374
7665,"players,",3,3,2.5228787452803374
7666,playing,3,3,2.5228787452803374
7667,plots,3,2,2.6989700043360187
7668,pm),3,2,2.6989700043360187
7669,pmos.,3,1,3.0
7670,"pneumonia,",3,3,2.5228787452803374
7671,podocyte,3,1,3.0
7672,"polarization,",3,3,2.5228787452803374
7673,"policies,",3,3,2.5228787452803374
7674,"policy,",3,3,2.5228787452803374
7675,policy.,3,3,2.5228787452803374
7676,polypeptide/glp-1,3,3,2.5228787452803374
7677,"polyphenols,",3,3,2.5228787452803374
7678,posing,3,3,2.5228787452803374
7679,post-operative,3,2,2.6989700043360187
7680,posterior,3,2,2.6989700043360187
7681,postural,3,2,2.6989700043360187
7682,"potential,",3,3,2.5228787452803374
7683,pounds,3,2,2.6989700043360187
7684,ppg,3,2,2.6989700043360187
7685,pr's,3,1,3.0
7686,pr-a,3,1,3.0
7687,"practices,",3,2,2.6989700043360187
7688,pre-intervention,3,1,3.0
7689,"prebiotics,",3,3,2.5228787452803374
7690,precipitants,3,1,3.0
7691,precipitate,3,3,2.5228787452803374
7692,preclude,3,3,2.5228787452803374
7693,"preconditioning,",3,2,2.6989700043360187
7694,precursors,3,3,2.5228787452803374
7695,"precursors,",3,3,2.5228787452803374
7696,prediabetic,3,2,2.6989700043360187
7697,predominance,3,3,2.5228787452803374
7698,preexisting,3,2,2.6989700043360187
7699,pregnant,3,3,2.5228787452803374
7700,preparations.,3,3,2.5228787452803374
7701,prepared,3,3,2.5228787452803374
7702,preprocedural,3,1,3.0
7703,prescribing.,3,3,2.5228787452803374
7704,"prescription,",3,3,2.5228787452803374
7705,"presentation,",3,3,2.5228787452803374
7706,presentations,3,3,2.5228787452803374
7707,"preservation,",3,3,2.5228787452803374
7708,pretreatment,3,3,2.5228787452803374
7709,"prevalence,",3,2,2.6989700043360187
7710,prevalent.,3,3,2.5228787452803374
7711,"price,",3,3,2.5228787452803374
7712,prioritised,3,3,2.5228787452803374
7713,privately,3,2,2.6989700043360187
7714,proactive,3,3,2.5228787452803374
7715,"procedure,",3,3,2.5228787452803374
7716,product-specific,3,2,2.6989700043360187
7717,professionals,3,3,2.5228787452803374
7718,profound,3,3,2.5228787452803374
7719,projections,3,3,2.5228787452803374
7720,promoters,3,3,2.5228787452803374
7721,proof-of-concept,3,3,2.5228787452803374
7722,"propionate,",3,3,2.5228787452803374
7723,protecting,3,3,2.5228787452803374
7724,proteome,3,1,3.0
7725,prothrombotic,3,3,2.5228787452803374
7726,provider,3,3,2.5228787452803374
7727,proxied,3,3,2.5228787452803374
7728,proxy,3,3,2.5228787452803374
7729,ps-matched,3,2,2.6989700043360187
7730,psud,3,1,3.0
7731,"psychiatric,",3,2,2.6989700043360187
7732,psychotic,3,3,2.5228787452803374
7733,pt-simd,3,1,3.0
7734,pten,3,3,2.5228787452803374
7735,"pulmonary,",3,2,2.6989700043360187
7736,pulmonary-function,3,1,3.0
7737,pulsed,3,2,2.6989700043360187
7738,purely,3,3,2.5228787452803374
7739,putative,3,3,2.5228787452803374
7740,"pwh,",3,3,2.5228787452803374
7741,pwh.,3,2,2.6989700043360187
7742,pws.,3,2,2.6989700043360187
7743,"pyy,",3,3,2.5228787452803374
7744,qaly,3,3,2.5228787452803374
7745,qaly).,3,2,2.6989700043360187
7746,"quantified,",3,3,2.5228787452803374
7747,quantitatively,3,3,2.5228787452803374
7748,quantity,3,3,2.5228787452803374
7749,query,3,3,2.5228787452803374
7750,questionnaires,3,3,2.5228787452803374
7751,questions.,3,3,2.5228787452803374
7752,quinidine,3,1,3.0
7753,ra-associated,3,2,2.6989700043360187
7754,ra/gip-glp-1,3,1,3.0
7755,racial,3,2,2.6989700043360187
7756,"rare,",3,3,2.5228787452803374
7757,ras).,3,3,2.5228787452803374
7758,rate.,3,3,2.5228787452803374
7759,"rather,",3,3,2.5228787452803374
7760,"ratings,",3,3,2.5228787452803374
7761,"rcts,",3,3,2.5228787452803374
7762,"rd,",3,1,3.0
7763,re-rupture,3,1,3.0
7764,reaction.,3,3,2.5228787452803374
7765,"reactivity,",3,3,2.5228787452803374
7766,readiness,3,3,2.5228787452803374
7767,readouts,3,3,2.5228787452803374
7768,reassurance,3,3,2.5228787452803374
7769,rebound.,3,2,2.6989700043360187
7770,receptor-mediated,3,2,2.6989700043360187
7771,receptor-β,3,3,2.5228787452803374
7772,reclassification,3,2,2.6989700043360187
7773,recommending,3,3,2.5228787452803374
7774,recommends,3,2,2.6989700043360187
7775,recorded.,3,3,2.5228787452803374
7776,recovered,3,1,3.0
7777,recurrence.,3,3,2.5228787452803374
7778,redefined,3,3,2.5228787452803374
7779,redistribution,3,2,2.6989700043360187
7780,"reduced,",3,3,2.5228787452803374
7781,reduced-calorie,3,3,2.5228787452803374
7782,reduced.,3,3,2.5228787452803374
7783,reduction;,3,2,2.6989700043360187
7784,reductive,3,2,2.6989700043360187
7785,reference-list,3,2,2.6989700043360187
7786,referencing,3,2,2.6989700043360187
7787,referrals,3,2,2.6989700043360187
7788,reflexive,3,3,2.5228787452803374
7789,"reflux,",3,3,2.5228787452803374
7790,"regain,",3,3,2.5228787452803374
7791,regimens.,3,3,2.5228787452803374
7792,"region,",3,3,2.5228787452803374
7793,"registries,",3,3,2.5228787452803374
7794,reliably,3,3,2.5228787452803374
7795,"remission,",3,2,2.6989700043360187
7796,remodel,3,3,2.5228787452803374
7797,renin-angiotensin-system,3,3,2.5228787452803374
7798,reoperation,3,3,2.5228787452803374
7799,"reoperation,",3,3,2.5228787452803374
7800,"repair,",3,3,2.5228787452803374
7801,"report,",3,3,2.5228787452803374
7802,"reported,",3,3,2.5228787452803374
7803,represented,3,3,2.5228787452803374
7804,reproducible,3,3,2.5228787452803374
7805,reprogramming.,3,3,2.5228787452803374
7806,rescued,3,3,2.5228787452803374
7807,researchers,3,3,2.5228787452803374
7808,reshapes,3,3,2.5228787452803374
7809,residents,3,1,3.0
7810,"resolution,",3,2,2.6989700043360187
7811,resorption,3,1,3.0
7812,restraint,3,2,2.6989700043360187
7813,"results,",3,3,2.5228787452803374
7814,revascularization,3,3,2.5228787452803374
7815,reward.,3,3,2.5228787452803374
7816,rewarding,3,2,2.6989700043360187
7817,rhi,3,1,3.0
7818,riiβ-ablated,3,1,3.0
7819,risen,3,3,2.5228787452803374
7820,rises,3,3,2.5228787452803374
7821,"risk),",3,2,2.6989700043360187
7822,risk;,3,3,2.5228787452803374
7823,root,3,3,2.5228787452803374
7824,ror,3,3,2.5228787452803374
7825,rural-urban,3,1,3.0
7826,rybelsus,3,2,2.6989700043360187
7827,s.,3,3,2.5228787452803374
7828,safely,3,3,2.5228787452803374
7829,"sagging,",3,1,3.0
7830,salivarius,3,1,3.0
7831,"salivary,",3,1,3.0
7832,sampled,3,3,2.5228787452803374
7833,scenario.,3,2,2.6989700043360187
7834,scenarios,3,3,2.5228787452803374
7835,"scenarios,",3,2,2.6989700043360187
7836,scenarios.,3,3,2.5228787452803374
7837,scheduled,3,3,2.5228787452803374
7838,sciences,3,3,2.5228787452803374
7839,scoring,3,3,2.5228787452803374
7840,screen,3,3,2.5228787452803374
7841,searching,3,3,2.5228787452803374
7842,"secretagogues,",3,2,2.6989700043360187
7843,secrete,3,3,2.5228787452803374
7844,section.,3,3,2.5228787452803374
7845,sedated,3,2,2.6989700043360187
7846,sedatives,3,1,3.0
7847,see,3,3,2.5228787452803374
7848,seizure,3,1,3.0
7849,self-injury,3,1,3.0
7850,self-stigma,3,2,2.6989700043360187
7851,"semaglutide),",3,3,2.5228787452803374
7852,semaglutide-associated,3,3,2.5228787452803374
7853,semaglutide-treated,3,2,2.6989700043360187
7854,"senescence,",3,2,2.6989700043360187
7855,sepsis,3,2,2.6989700043360187
7856,"sepsis,",3,3,2.5228787452803374
7857,serosal,3,1,3.0
7858,services.,3,3,2.5228787452803374
7859,setmelanotide,3,2,2.6989700043360187
7860,sex.,3,3,2.5228787452803374
7861,sexes,3,3,2.5228787452803374
7862,"sg,",3,3,2.5228787452803374
7863,sga,3,1,3.0
7864,"sglt2is,",3,2,2.6989700043360187
7865,sglt2is:,3,2,2.6989700043360187
7866,shaped,3,3,2.5228787452803374
7867,shares,3,3,2.5228787452803374
7868,sharply,3,3,2.5228787452803374
7869,"shedding,",3,3,2.5228787452803374
7870,shortage,3,3,2.5228787452803374
7871,shortages.,3,3,2.5228787452803374
7872,shortly,3,3,2.5228787452803374
7873,sick,3,1,3.0
7874,"signal,",3,2,2.6989700043360187
7875,signal.,3,3,2.5228787452803374
7876,signalled,3,2,2.6989700043360187
7877,signalling.,3,3,2.5228787452803374
7878,signs,3,3,2.5228787452803374
7879,silico,3,3,2.5228787452803374
7880,"similar,",3,1,3.0
7881,similar.,3,2,2.6989700043360187
7882,similarities,3,3,2.5228787452803374
7883,simulation,3,3,2.5228787452803374
7884,simvastatin,3,1,3.0
7885,"single-arm,",3,3,2.5228787452803374
7886,single-cell,3,3,2.5228787452803374
7887,situ,3,3,2.5228787452803374
7888,sm-2,3,1,3.0
7889,smas,3,1,3.0
7890,"smi,",3,3,2.5228787452803374
7891,smi.,3,3,2.5228787452803374
7892,societal,3,3,2.5228787452803374
7893,"socioeconomic,",3,3,2.5228787452803374
7894,"solubility,",3,2,2.6989700043360187
7895,soluble,3,3,2.5228787452803374
7896,somatostatin,3,2,2.6989700043360187
7897,"sources,",3,3,2.5228787452803374
7898,space,3,2,2.6989700043360187
7899,sparse.,3,3,2.5228787452803374
7900,specialized,3,3,2.5228787452803374
7901,specified,3,3,2.5228787452803374
7902,spectroscopy,3,3,2.5228787452803374
7903,spectrum.,3,3,2.5228787452803374
7904,st25,3,1,3.0
7905,stabilization.,3,3,2.5228787452803374
7906,stabilized,3,3,2.5228787452803374
7907,stage.,3,3,2.5228787452803374
7908,staining.,3,3,2.5228787452803374
7909,standalone,3,3,2.5228787452803374
7910,"standard,",3,3,2.5228787452803374
7911,"state,",3,3,2.5228787452803374
7912,"statistic,",3,3,2.5228787452803374
7913,steady-state,3,3,2.5228787452803374
7914,"stimulation,",3,3,2.5228787452803374
7915,stimulator,3,2,2.6989700043360187
7916,storage,3,2,2.6989700043360187
7917,strategic,3,3,2.5228787452803374
7918,stratifying,3,3,2.5228787452803374
7919,stress-related,3,3,2.5228787452803374
7920,"structural,",3,3,2.5228787452803374
7921,"structured,",3,3,2.5228787452803374
7922,studies;,3,3,2.5228787452803374
7923,studying,3,3,2.5228787452803374
7924,su,3,1,3.0
7925,subgroup.,3,3,2.5228787452803374
7926,subject,3,3,2.5228787452803374
7927,suboptimally,3,2,2.6989700043360187
7928,substances,3,3,2.5228787452803374
7929,"substantial,",3,3,2.5228787452803374
7930,"substudy,",3,3,2.5228787452803374
7931,"subtypes,",3,3,2.5228787452803374
7932,subtypes.,3,3,2.5228787452803374
7933,sucra,3,3,2.5228787452803374
7934,sucrose,3,3,2.5228787452803374
7935,sud,3,2,2.6989700043360187
7936,sudden,3,3,2.5228787452803374
7937,suffering,3,2,2.6989700043360187
7938,sulfonylurea,3,3,2.5228787452803374
7939,summarises,3,3,2.5228787452803374
7940,summarized,3,3,2.5228787452803374
7941,"supplementation,",3,2,2.6989700043360187
7942,surmount-osa,3,3,2.5228787452803374
7943,survivors,3,3,2.5228787452803374
7944,"survivors,",3,2,2.6989700043360187
7945,susceptibility,3,1,3.0
7946,"susceptibility,",3,3,2.5228787452803374
7947,susceptibility.,3,3,2.5228787452803374
7948,susceptible,3,3,2.5228787452803374
7949,swedish,3,2,2.6989700043360187
7950,swine,3,1,3.0
7951,sword,3,1,3.0
7952,symmetric,3,2,2.6989700043360187
7953,synergy,3,3,2.5228787452803374
7954,synthesise,3,3,2.5228787452803374
7955,synthesized.,3,3,2.5228787452803374
7956,t-cell,3,3,2.5228787452803374
7957,t1dm.,3,2,2.6989700043360187
7958,tachycardia,3,2,2.6989700043360187
7959,take,3,3,2.5228787452803374
7960,tdt-induced,3,1,3.0
7961,telemedicine,3,2,2.6989700043360187
7962,temporally,3,3,2.5228787452803374
7963,tension,3,2,2.6989700043360187
7964,terminated,3,2,2.6989700043360187
7965,theory,3,3,2.5228787452803374
7966,"therapeutically,",3,3,2.5228787452803374
7967,therapy),3,3,2.5228787452803374
7968,therapy;,3,3,2.5228787452803374
7969,thermal,3,3,2.5228787452803374
7970,thermodynamic,3,3,2.5228787452803374
7971,thiamine,3,1,3.0
7972,"thiamine,",3,3,2.5228787452803374
7973,thin,3,1,3.0
7974,thymol,3,1,3.0
7975,time-varying,3,2,2.6989700043360187
7976,timepoints,3,2,2.6989700043360187
7977,tirzepatide-specific,3,2,2.6989700043360187
7978,tissues.,3,2,2.6989700043360187
7979,tolerance.,3,3,2.5228787452803374
7980,tolerated,3,3,2.5228787452803374
7981,tomography,3,3,2.5228787452803374
7982,too,3,3,2.5228787452803374
7983,"tool,",3,3,2.5228787452803374
7984,"tools,",3,3,2.5228787452803374
7985,tools.,3,3,2.5228787452803374
7986,topical,3,3,2.5228787452803374
7987,toxin,3,3,2.5228787452803374
7988,tract.,3,3,2.5228787452803374
7989,trafficking,3,3,2.5228787452803374
7990,"training,",3,3,2.5228787452803374
7991,trait,3,3,2.5228787452803374
7992,trajectories.,3,2,2.6989700043360187
7993,transcript,3,2,2.6989700043360187
7994,transdermal,3,1,3.0
7995,transform,3,3,2.5228787452803374
7996,transforming,3,3,2.5228787452803374
7997,transitioned,3,3,2.5228787452803374
7998,transitioning,3,3,2.5228787452803374
7999,transparent,3,3,2.5228787452803374
8000,"transplantation,",3,3,2.5228787452803374
8001,treats,3,3,2.5228787452803374
8002,treg-associated,3,1,3.0
8003,trials;,3,3,2.5228787452803374
8004,tried,3,3,2.5228787452803374
8005,tryptophan,3,3,2.5228787452803374
8006,tsa,3,2,2.6989700043360187
8007,two-thirds,3,3,2.5228787452803374
8008,"types,",3,3,2.5228787452803374
8009,u/l;,3,2,2.6989700043360187
8010,ubiquitin,3,2,2.6989700043360187
8011,ubiquitination,3,1,3.0
8012,ulcers,3,2,2.6989700043360187
8013,uln,3,1,3.0
8014,"unchanged,",3,3,2.5228787452803374
8015,uncovered,3,2,2.6989700043360187
8016,underestimate,3,3,2.5228787452803374
8017,underpin,3,3,2.5228787452803374
8018,underpowered,3,3,2.5228787452803374
8019,uneven,3,3,2.5228787452803374
8020,unexpected,3,3,2.5228787452803374
8021,unidentified,3,3,2.5228787452803374
8022,uniformly,3,3,2.5228787452803374
8023,unilateral,3,2,2.6989700043360187
8024,university,3,3,2.5228787452803374
8025,"university,",3,2,2.6989700043360187
8026,unloading,3,1,3.0
8027,unmeasured,3,3,2.5228787452803374
8028,unstructured,3,1,3.0
8029,upregulating,3,3,2.5228787452803374
8030,usage,3,2,2.6989700043360187
8031,"vaccines,",3,2,2.6989700043360187
8032,value-based,3,3,2.5228787452803374
8033,value.,3,3,2.5228787452803374
8034,values.,3,3,2.5228787452803374
8035,"variables,",3,3,2.5228787452803374
8036,variables.,3,3,2.5228787452803374
8037,"variance,",3,3,2.5228787452803374
8038,variations,3,3,2.5228787452803374
8039,"vegetables,",3,2,2.6989700043360187
8040,vehicle,3,3,2.5228787452803374
8041,venom-derived,3,2,2.6989700043360187
8042,vesicles,3,3,2.5228787452803374
8043,vessel,3,1,3.0
8044,vigilant,3,3,2.5228787452803374
8045,viral,3,2,2.6989700043360187
8046,visibility,3,3,2.5228787452803374
8047,visits.,3,2,2.6989700043360187
8048,voluntary,3,3,2.5228787452803374
8049,volunteers,3,3,2.5228787452803374
8050,vso,3,1,3.0
8051,"vulnerability,",3,1,3.0
8052,wait,3,1,3.0
8053,walk,3,3,2.5228787452803374
8054,"warranted,",3,2,2.6989700043360187
8055,weakly,3,3,2.5228787452803374
8056,"weekly,",3,3,2.5228787452803374
8057,weight),3,2,2.6989700043360187
8058,weight-independent,3,3,2.5228787452803374
8059,weight-loss-independent,3,2,2.6989700043360187
8060,weighting.,3,3,2.5228787452803374
8061,weights.,3,3,2.5228787452803374
8062,well-balanced,3,3,2.5228787452803374
8063,well-documented,3,3,2.5228787452803374
8064,whereby,3,3,2.5228787452803374
8065,whilst,3,2,2.6989700043360187
8066,wilcoxon,3,3,2.5228787452803374
8067,wistar,3,3,2.5228787452803374
8068,wnt5a,3,1,3.0
8069,work.,3,3,2.5228787452803374
8070,working,3,3,2.5228787452803374
8071,worsened,3,3,2.5228787452803374
8072,written,3,3,2.5228787452803374
8073,"y,",3,3,2.5228787452803374
8074,y297d,3,1,3.0
8075,y;,3,3,2.5228787452803374
8076,"yy,",3,2,2.6989700043360187
8077,"zenagamtide,",3,3,2.5228787452803374
8078,zfp423,3,1,3.0
8079,~,3,2,2.6989700043360187
8080,α-cells,3,2,2.6989700043360187
8081,α-synuclein,3,3,2.5228787452803374
8082,β,3,3,2.5228787452803374
8083,β-arrestin,3,3,2.5228787452803374
8084,"β-cells,",3,3,2.5228787452803374
8085,δasm,3,1,3.0
8086,δlnuacr,3,1,3.0
8087,μm,3,2,2.6989700043360187
8088,≥10%,3,3,2.5228787452803374
8089,≥12,3,3,2.5228787452803374
8090,≥20,3,3,2.5228787452803374
8091,≥50,3,3,2.5228787452803374
8092,"""compounded",2,1,3.0
8093,"""habit",2,1,3.0
8094,"""hungry",2,1,3.0
8095,"""ozempic",2,2,2.6989700043360187
8096,$10,2,1,3.0
8097,$100,2,1,3.0
8098,$80,2,2,2.6989700043360187
8099,"%),",2,1,3.0
8100,(%).,2,2,2.6989700043360187
8101,(%twl),2,2,2.6989700043360187
8102,('target,2,1,3.0
8103,(-12.2,2,2,2.6989700043360187
8104,"(-3.2,",2,2,2.6989700043360187
8105,(-5,2,1,3.0
8106,(-5.7,2,2,2.6989700043360187
8107,"(0.11,",2,1,3.0
8108,(0.2,2,2,2.6989700043360187
8109,(0.5,2,2,2.6989700043360187
8110,(0.6,2,2,2.6989700043360187
8111,(0.7%,2,2,2.6989700043360187
8112,"(0.70,",2,1,3.0
8113,(0.75,2,2,2.6989700043360187
8114,"(0.82,",2,1,3.0
8115,"(0.85,",2,1,3.0
8116,"(0.87,",2,2,2.6989700043360187
8117,"(0.89,",2,1,3.0
8118,(1.4%),2,2,2.6989700043360187
8119,(1.5,2,2,2.6989700043360187
8120,(1.7%,2,2,2.6989700043360187
8121,(10.6%,2,2,2.6989700043360187
8122,(11.4%,2,1,3.0
8123,(12,2,2,2.6989700043360187
8124,(18-65,2,2,2.6989700043360187
8125,"(2%,",2,1,3.0
8126,(2.38%,2,1,3.0
8127,(2.5,2,2,2.6989700043360187
8128,(2.64,2,2,2.6989700043360187
8129,"(20%),",2,2,2.6989700043360187
8130,(22%),2,2,2.6989700043360187
8131,(25%;,2,1,3.0
8132,"(299,100",2,1,3.0
8133,(2:1),2,2,2.6989700043360187
8134,(3.1%,2,2,2.6989700043360187
8135,(4.2%,2,2,2.6989700043360187
8136,(46,2,2,2.6989700043360187
8137,"(48%),",2,1,3.0
8138,(5,2,2,2.6989700043360187
8139,(5),2,2,2.6989700043360187
8140,(50,2,2,2.6989700043360187
8141,(6.2%,2,2,2.6989700043360187
8142,(6.3%,2,2,2.6989700043360187
8143,(7.1%,2,2,2.6989700043360187
8144,(70%),2,2,2.6989700043360187
8145,(70-180,2,2,2.6989700043360187
8146,(78%),2,2,2.6989700043360187
8147,(85%),2,1,3.0
8148,(86%),2,2,2.6989700043360187
8149,(88%),2,2,2.6989700043360187
8150,(9.6%,2,2,2.6989700043360187
8151,(95%ci),2,1,3.0
8152,(a),2,2,2.6989700043360187
8153,(absolute,2,2,2.6989700043360187
8154,(acm),2,2,2.6989700043360187
8155,"(ad),",2,2,2.6989700043360187
8156,(ad).,2,2,2.6989700043360187
8157,(adms),2,2,2.6989700043360187
8158,(aga),2,2,2.6989700043360187
8159,"(agis),",2,2,2.6989700043360187
8160,(ahi),2,2,2.6989700043360187
8161,"(ahr,",2,1,3.0
8162,(ai),2,2,2.6989700043360187
8163,(ais),2,2,2.6989700043360187
8164,(ali),2,2,2.6989700043360187
8165,"(all,",2,1,3.0
8166,(alphamissense,2,1,3.0
8167,"(amd),",2,2,2.6989700043360187
8168,"(ame,",2,1,3.0
8169,"(ampk),",2,2,2.6989700043360187
8170,(aoms),2,2,2.6989700043360187
8171,(approximately,2,2,2.6989700043360187
8172,"(ascvd),",2,2,2.6989700043360187
8173,(ask1),2,2,2.6989700043360187
8174,(asr:,2,1,3.0
8175,(auc),2,2,2.6989700043360187
8176,"(auc),",2,2,2.6989700043360187
8177,(author-proposed,2,1,3.0
8178,(aβ),2,2,2.6989700043360187
8179,(b),2,2,2.6989700043360187
8180,(ba),2,2,2.6989700043360187
8181,(baseline),2,2,2.6989700043360187
8182,(bc),2,2,2.6989700043360187
8183,(bdnf),2,2,2.6989700043360187
8184,(before,2,2,2.6989700043360187
8185,(blood,2,2,2.6989700043360187
8186,(bmd),2,2,2.6989700043360187
8187,(bw),2,2,2.6989700043360187
8188,(c,2,2,2.6989700043360187
8189,(c),2,2,2.6989700043360187
8190,(camp),2,2,2.6989700043360187
8191,"(cavi),",2,2,2.6989700043360187
8192,"(cd25),",2,1,3.0
8193,(cellular,2,2,2.6989700043360187
8194,(cgm)-derived,2,2,2.6989700043360187
8195,(change,2,2,2.6989700043360187
8196,(cho),2,2,2.6989700043360187
8197,"(ci),",2,2,2.6989700043360187
8198,(cmax),2,2,2.6989700043360187
8199,(cpap),2,2,2.6989700043360187
8200,(cvd).,2,2,2.6989700043360187
8201,(da),2,2,2.6989700043360187
8202,"(dapagliflozin,",2,2,2.6989700043360187
8203,(day,2,1,3.0
8204,(did-irr,2,1,3.0
8205,"(dkd),",2,2,2.6989700043360187
8206,(dpp-4,2,2,2.6989700043360187
8207,(dpp-4i).,2,2,2.6989700043360187
8208,(dpp4i).,2,2,2.6989700043360187
8209,(ea),2,2,2.6989700043360187
8210,(ec50:,2,1,3.0
8211,(egd),2,2,2.6989700043360187
8212,(ehrs),2,2,2.6989700043360187
8213,(enos),2,2,2.6989700043360187
8214,(er),2,2,2.6989700043360187
8215,(etd,2,1,3.0
8216,(faers).,2,2,2.6989700043360187
8217,(fda)-approved,2,2,2.6989700043360187
8218,(fdr),2,2,2.6989700043360187
8219,(females),2,1,3.0
8220,(fgf),2,2,2.6989700043360187
8221,(fib-4,2,1,3.0
8222,(fib-4),2,2,2.6989700043360187
8223,(flow,2,2,2.6989700043360187
8224,(fmt),2,2,2.6989700043360187
8225,(for,2,2,2.6989700043360187
8226,(fsh).,2,2,2.6989700043360187
8227,(gcg),2,2,2.6989700043360187
8228,(gdm),2,2,2.6989700043360187
8229,(gerd),2,2,2.6989700043360187
8230,(gip)/glucagon-like,2,2,2.6989700043360187
8231,(glp-1/gip,2,2,2.6989700043360187
8232,(glp-1as),2,2,2.6989700043360187
8233,(glp-1r,2,2,2.6989700043360187
8234,"(glp-1r),",2,2,2.6989700043360187
8235,(glp-1ras,2,2,2.6989700043360187
8236,(glp-1s),2,2,2.6989700043360187
8237,"(glp1-ra),",2,2,2.6989700043360187
8238,(glp1ra),2,2,2.6989700043360187
8239,(glucose-dependent,2,2,2.6989700043360187
8240,(gm),2,2,2.6989700043360187
8241,(group,2,1,3.0
8242,"(hba1c,",2,2,2.6989700043360187
8243,(heloderma,2,1,3.0
8244,(hfd)-induced,2,2,2.6989700043360187
8245,(hip),2,2,2.6989700043360187
8246,(homeostatic,2,2,2.6989700043360187
8247,(i.e.,2,2,2.6989700043360187
8248,(icd-10-cm,2,2,2.6989700043360187
8249,(icer:,2,1,3.0
8250,"(ie,",2,2,2.6989700043360187
8251,(igf-1),2,2,2.6989700043360187
8252,(iih),2,2,2.6989700043360187
8253,(index,2,2,2.6989700043360187
8254,"(insr),",2,2,2.6989700043360187
8255,(insulin,2,2,2.6989700043360187
8256,"(iqr,",2,1,3.0
8257,(irr),2,2,2.6989700043360187
8258,(irrespective,2,1,3.0
8259,(jak),2,2,2.6989700043360187
8260,(june,2,2,2.6989700043360187
8261,"(kg),",2,2,2.6989700043360187
8262,(kruskal-wallis,2,2,2.6989700043360187
8263,(l.,2,2,2.6989700043360187
8264,"(lifestyle,",2,1,3.0
8265,(liraglutide),2,2,2.6989700043360187
8266,(low,2,1,3.0
8267,(lps)-induced,2,2,2.6989700043360187
8268,"(lps,",2,2,2.6989700043360187
8269,(lv),2,2,2.6989700043360187
8270,(maces),2,2,2.6989700043360187
8271,"(make),",2,2,2.6989700043360187
8272,(males),2,1,3.0
8273,(may,2,2,2.6989700043360187
8274,(mci),2,2,2.6989700043360187
8275,(mcid),2,2,2.6989700043360187
8276,"(md),",2,2,2.6989700043360187
8277,"(median,",2,1,3.0
8278,"(medline),",2,2,2.6989700043360187
8279,"(metformin,",2,2,2.6989700043360187
8280,(mi),2,2,2.6989700043360187
8281,(mmtt),2,2,2.6989700043360187
8282,(moderate,2,2,2.6989700043360187
8283,(monotherapy,2,1,3.0
8284,(month,2,1,3.0
8285,(mras),2,2,2.6989700043360187
8286,(mtros),2,2,2.6989700043360187
8287,(nad+),2,2,2.6989700043360187
8288,"(nafld),",2,2,2.6989700043360187
8289,(nct06283641),2,2,2.6989700043360187
8290,(nhs),2,2,2.6989700043360187
8291,(nma),2,2,2.6989700043360187
8292,(no),2,2,2.6989700043360187
8293,(nrf2),2,2,2.6989700043360187
8294,(nsmras,2,1,3.0
8295,(ocn),2,2,2.6989700043360187
8296,(often,2,2,2.6989700043360187
8297,(once-weekly,2,2,2.6989700043360187
8298,"(orlistat,",2,2,2.6989700043360187
8299,(os),2,2,2.6989700043360187
8300,(ozempic),2,2,2.6989700043360187
8301,(p<.01).,2,1,3.0
8302,"(p<0.001),",2,2,2.6989700043360187
8303,(p<0.001).,2,2,2.6989700043360187
8304,(p<0·001).,2,1,3.0
8305,(pad),2,2,2.6989700043360187
8306,(pai-1),2,2,2.6989700043360187
8307,(particularly,2,2,2.6989700043360187
8308,"(pdac),",2,2,2.6989700043360187
8309,(pdc),2,2,2.6989700043360187
8310,(pet),2,2,2.6989700043360187
8311,"(pji),",2,2,2.6989700043360187
8312,(pn),2,2,2.6989700043360187
8313,(prevent),2,2,2.6989700043360187
8314,(primary,2,2,2.6989700043360187
8315,(propac,2,1,3.0
8316,(prospero:,2,2,2.6989700043360187
8317,(ps),2,2,2.6989700043360187
8318,(psm).,2,2,2.6989700043360187
8319,(pwh),2,2,2.6989700043360187
8320,(pwh).,2,2,2.6989700043360187
8321,(qaly),2,2,2.6989700043360187
8322,(r2,2,2,2.6989700043360187
8323,"(range,",2,1,3.0
8324,"(ras),",2,2,2.6989700043360187
8325,(ratio,2,1,3.0
8326,(reference,2,2,2.6989700043360187
8327,(rgc),2,2,2.6989700043360187
8328,(rorr,2,1,3.0
8329,"(rybelsus),",2,2,2.6989700043360187
8330,"(sasp),",2,2,2.6989700043360187
8331,(sed,2,1,3.0
8332,(select,2,2,2.6989700043360187
8333,"(sema,",2,2,2.6989700043360187
8334,"(ser2448),",2,1,3.0
8335,(ser473),2,1,3.0
8336,(severe),2,2,2.6989700043360187
8337,(sglt-2,2,2,2.6989700043360187
8338,(single-level:,2,1,3.0
8339,(six,2,2,2.6989700043360187
8340,(smds).,2,2,2.6989700043360187
8341,(smi),2,2,2.6989700043360187
8342,(snac),2,2,2.6989700043360187
8343,(stage,2,1,3.0
8344,(sucra,2,2,2.6989700043360187
8345,(sucra),2,2,2.6989700043360187
8346,"(sus),",2,2,2.6989700043360187
8347,(système,2,2,2.6989700043360187
8348,(tg),2,2,2.6989700043360187
8349,"(tg),",2,2,2.6989700043360187
8350,(thrβ),2,2,2.6989700043360187
8351,(time,2,2,2.6989700043360187
8352,(treatment,2,1,3.0
8353,(tsa),2,2,2.6989700043360187
8354,(two,2,2,2.6989700043360187
8355,(typically,2,2,2.6989700043360187
8356,(tzp),2,2,2.6989700043360187
8357,"(uacr),",2,2,2.6989700043360187
8358,(unadjusted,2,2,2.6989700043360187
8359,(va),2,2,2.6989700043360187
8360,(very,2,1,3.0
8361,(vso),2,1,3.0
8362,"(wc),",2,2,2.6989700043360187
8363,(weeks,2,1,3.0
8364,(wt),2,2,2.6989700043360187
8365,(δ,2,2,2.6989700043360187
8366,(≤,2,1,3.0
8367,(≥8.6,2,1,3.0
8368,-/-,2,1,3.0
8369,-0.30,2,2,2.6989700043360187
8370,-0.34,2,2,2.6989700043360187
8371,-0.36;,2,2,2.6989700043360187
8372,-0.37,2,2,2.6989700043360187
8373,-0.42;,2,2,2.6989700043360187
8374,-0.58,2,2,2.6989700043360187
8375,"-0.74,",2,2,2.6989700043360187
8376,-0.89,2,2,2.6989700043360187
8377,-1.04;,2,2,2.6989700043360187
8378,-1.17,2,2,2.6989700043360187
8379,-1.47,2,2,2.6989700043360187
8380,-1.53,2,2,2.6989700043360187
8381,-1.54,2,2,2.6989700043360187
8382,-10,2,1,3.0
8383,-12.2%,2,2,2.6989700043360187
8384,-13.0%,2,2,2.6989700043360187
8385,"-16.1%,",2,2,2.6989700043360187
8386,"-3.44,",2,2,2.6989700043360187
8387,-3.52,2,2,2.6989700043360187
8388,-4.0,2,2,2.6989700043360187
8389,-4.2,2,2,2.6989700043360187
8390,-4.3,2,2,2.6989700043360187
8391,-4.5,2,2,2.6989700043360187
8392,-4.7,2,2,2.6989700043360187
8393,-4.9%,2,2,2.6989700043360187
8394,-5.7,2,2,2.6989700043360187
8395,-5.8,2,2,2.6989700043360187
8396,-5.85,2,2,2.6989700043360187
8397,"-6,",2,2,2.6989700043360187
8398,-6.9,2,2,2.6989700043360187
8399,-7.7,2,2,2.6989700043360187
8400,-8.5,2,2,2.6989700043360187
8401,.001,2,2,2.6989700043360187
8402,.031),2,2,2.6989700043360187
8403,".66),",2,2,2.6989700043360187
8404,0-iii,2,1,3.0
8405,0.00%,2,1,3.0
8406,"0.0003),",2,2,2.6989700043360187
8407,"0.0006),",2,2,2.6989700043360187
8408,0.001);,2,2,2.6989700043360187
8409,0.002),2,2,2.6989700043360187
8410,0.003),2,2,2.6989700043360187
8411,0.003).,2,2,2.6989700043360187
8412,0.005),2,2,2.6989700043360187
8413,"0.005),",2,2,2.6989700043360187
8414,"0.006),",2,2,2.6989700043360187
8415,0.007),2,2,2.6989700043360187
8416,0.007).,2,2,2.6989700043360187
8417,0.009,2,2,2.6989700043360187
8418,"0.009),",2,2,2.6989700043360187
8419,0.01%,2,1,3.0
8420,"0.01,",2,1,3.0
8421,"0.012),",2,2,2.6989700043360187
8422,0.014,2,2,2.6989700043360187
8423,0.014),2,2,2.6989700043360187
8424,0.016).,2,2,2.6989700043360187
8425,0.017).,2,2,2.6989700043360187
8426,0.019).,2,2,2.6989700043360187
8427,"0.02),",2,2,2.6989700043360187
8428,"0.021),",2,2,2.6989700043360187
8429,"0.024),",2,2,2.6989700043360187
8430,0.024).,2,2,2.6989700043360187
8431,0.026),2,2,2.6989700043360187
8432,0.030).,2,2,2.6989700043360187
8433,0.034),2,2,2.6989700043360187
8434,0.034).,2,2,2.6989700043360187
8435,"0.035),",2,2,2.6989700043360187
8436,"0.039),",2,2,2.6989700043360187
8437,0.04),2,2,2.6989700043360187
8438,0.040).,2,2,2.6989700043360187
8439,0.044).,2,2,2.6989700043360187
8440,0.06),2,2,2.6989700043360187
8441,0.06).,2,2,2.6989700043360187
8442,0.07%,2,2,2.6989700043360187
8443,0.07).,2,1,3.0
8444,0.1,2,2,2.6989700043360187
8445,0.1%,2,2,2.6989700043360187
8446,"0.10),",2,2,2.6989700043360187
8447,0.11).,2,1,3.0
8448,0.118;,2,2,2.6989700043360187
8449,0.12).,2,2,2.6989700043360187
8450,0.13,2,2,2.6989700043360187
8451,0.14).,2,2,2.6989700043360187
8452,0.15%,2,1,3.0
8453,0.19,2,2,2.6989700043360187
8454,0.2,2,2,2.6989700043360187
8455,0.21;,2,1,3.0
8456,0.25;,2,2,2.6989700043360187
8457,"0.27),",2,1,3.0
8458,"0.32,",2,2,2.6989700043360187
8459,0.38;,2,2,2.6989700043360187
8460,0.39,2,2,2.6989700043360187
8461,0.397).,2,2,2.6989700043360187
8462,"0.4,",2,2,2.6989700043360187
8463,0.4-1%,2,2,2.6989700043360187
8464,0.40;,2,2,2.6989700043360187
8465,0.44;,2,2,2.6989700043360187
8466,0.45,2,2,2.6989700043360187
8467,"0.46,",2,2,2.6989700043360187
8468,0.46;,2,1,3.0
8469,"0.47,",2,2,2.6989700043360187
8470,"0.49,",2,2,2.6989700043360187
8471,"0.50,",2,2,2.6989700043360187
8472,0.50;,2,2,2.6989700043360187
8473,"0.51),",2,2,2.6989700043360187
8474,0.53;,2,2,2.6989700043360187
8475,0.55).,2,2,2.6989700043360187
8476,0.56,2,2,2.6989700043360187
8477,"0.56,",2,2,2.6989700043360187
8478,0.56;,2,2,2.6989700043360187
8479,0.57,2,2,2.6989700043360187
8480,"0.57,",2,2,2.6989700043360187
8481,"0.58,",2,2,2.6989700043360187
8482,0.6%,2,1,3.0
8483,0.60,2,2,2.6989700043360187
8484,0.60;,2,2,2.6989700043360187
8485,"0.63,",2,2,2.6989700043360187
8486,0.64,2,2,2.6989700043360187
8487,0.66,2,2,2.6989700043360187
8488,"0.66,",2,2,2.6989700043360187
8489,0.67,2,2,2.6989700043360187
8490,0.67;,2,2,2.6989700043360187
8491,0.69,2,2,2.6989700043360187
8492,"0.69,",2,2,2.6989700043360187
8493,"0.72,",2,2,2.6989700043360187
8494,"0.75,",2,2,2.6989700043360187
8495,0.75;,2,2,2.6989700043360187
8496,"0.76),",2,2,2.6989700043360187
8497,0.77;,2,2,2.6989700043360187
8498,0.78,2,2,2.6989700043360187
8499,"0.78,",2,2,2.6989700043360187
8500,0.78;,2,2,2.6989700043360187
8501,0.80-0.91),2,1,3.0
8502,"0.81,",2,2,2.6989700043360187
8503,0.82-0.97),2,2,2.6989700043360187
8504,"0.84,",2,2,2.6989700043360187
8505,"0.86,",2,2,2.6989700043360187
8506,"0.87),",2,1,3.0
8507,0.88-0.96),2,2,2.6989700043360187
8508,"0.9,",2,1,3.0
8509,0.90,2,2,2.6989700043360187
8510,0.91;,2,2,2.6989700043360187
8511,0.92,2,2,2.6989700043360187
8512,"0.92,",2,2,2.6989700043360187
8513,"0.94,",2,1,3.0
8514,0.94;,2,2,2.6989700043360187
8515,0.95,2,2,2.6989700043360187
8516,0.96,2,2,2.6989700043360187
8517,0.98;,2,2,2.6989700043360187
8518,000),2,2,2.6989700043360187
8519,"000),",2,1,3.0
8520,065;,2,1,3.0
8521,"1,000",2,2,2.6989700043360187
8522,"1,3,5-triazine",2,1,3.0
8523,1-,2,2,2.6989700043360187
8524,"1-3,",2,2,2.6989700043360187
8525,1-hour,2,1,3.0
8526,1-receptor,2,1,3.0
8527,"1.00,",2,2,2.6989700043360187
8528,1.02;,2,2,2.6989700043360187
8529,1.03;,2,2,2.6989700043360187
8530,1.05,2,2,2.6989700043360187
8531,1.06;,2,2,2.6989700043360187
8532,"1.08,",2,2,2.6989700043360187
8533,1.1,2,2,2.6989700043360187
8534,1.10,2,2,2.6989700043360187
8535,"1.14,",2,1,3.0
8536,"1.16,",2,2,2.6989700043360187
8537,1.17,2,2,2.6989700043360187
8538,"1.19,",2,2,2.6989700043360187
8539,1.23;,2,2,2.6989700043360187
8540,"1.26,",2,2,2.6989700043360187
8541,"1.27,",2,2,2.6989700043360187
8542,1.31,2,2,2.6989700043360187
8543,1.39,2,2,2.6989700043360187
8544,"1.42,",2,2,2.6989700043360187
8545,1.45;,2,1,3.0
8546,1.47),2,2,2.6989700043360187
8547,"1.52,",2,2,2.6989700043360187
8548,1.55,2,2,2.6989700043360187
8549,"1.55,",2,2,2.6989700043360187
8550,1.55;,2,2,2.6989700043360187
8551,"1.64,",2,2,2.6989700043360187
8552,1.65).,2,2,2.6989700043360187
8553,1.69,2,2,2.6989700043360187
8554,"1.7%,",2,2,2.6989700043360187
8555,1.71;,2,2,2.6989700043360187
8556,1.85,2,2,2.6989700043360187
8557,1/2,2,2,2.6989700043360187
8558,10.5%,2,2,2.6989700043360187
8559,10.6%,2,2,2.6989700043360187
8560,10.7,2,2,2.6989700043360187
8561,"100,000",2,2,2.6989700043360187
8562,100-mg,2,1,3.0
8563,102,2,2,2.6989700043360187
8564,104,2,2,2.6989700043360187
8565,105,2,2,2.6989700043360187
8566,108,2,2,2.6989700043360187
8567,1095,2,2,2.6989700043360187
8568,11%,2,1,3.0
8569,11.2%;,2,2,2.6989700043360187
8570,11.3,2,2,2.6989700043360187
8571,11.8%,2,2,2.6989700043360187
8572,12%,2,2,2.6989700043360187
8573,12),2,2,2.6989700043360187
8574,12).,2,1,3.0
8575,"12,430",2,1,3.0
8576,12.,2,1,3.0
8577,123,2,2,2.6989700043360187
8578,129,2,2,2.6989700043360187
8579,13%,2,2,2.6989700043360187
8580,"13,",2,2,2.6989700043360187
8581,130,2,2,2.6989700043360187
8582,134,2,1,3.0
8583,135,2,1,3.0
8584,136,2,2,2.6989700043360187
8585,139,2,2,2.6989700043360187
8586,"14,",2,2,2.6989700043360187
8587,140-199,2,2,2.6989700043360187
8588,"1404-0002,",2,1,3.0
8589,"1404-0036,",2,1,3.0
8590,145,2,2,2.6989700043360187
8591,147,2,2,2.6989700043360187
8592,148,2,2,2.6989700043360187
8593,"15.3%,",2,2,2.6989700043360187
8594,16%,2,2,2.6989700043360187
8595,"16),",2,2,2.6989700043360187
8596,"16,",2,2,2.6989700043360187
8597,169,2,2,2.6989700043360187
8598,16s,2,2,2.6989700043360187
8599,17),2,2,2.6989700043360187
8600,172,2,2,2.6989700043360187
8601,179,2,2,2.6989700043360187
8602,18%,2,2,2.6989700043360187
8603,18-64,2,2,2.6989700043360187
8604,185,2,2,2.6989700043360187
8605,190,2,2,2.6989700043360187
8606,191,2,2,2.6989700043360187
8607,193,2,2,2.6989700043360187
8608,1:1.,2,2,2.6989700043360187
8609,1a,2,2,2.6989700043360187
8610,1h-magnetic,2,2,2.6989700043360187
8611,1r,2,1,3.0
8612,2%,2,1,3.0
8613,2-17,2,2,2.6989700043360187
8614,2-related,2,2,2.6989700043360187
8615,"2-years,",2,1,3.0
8616,"2.03,",2,2,2.6989700043360187
8617,"2.06,",2,2,2.6989700043360187
8618,2.17,2,1,3.0
8619,"2.20,",2,2,2.6989700043360187
8620,2.3,2,2,2.6989700043360187
8621,2.39,2,2,2.6989700043360187
8622,2.6,2,2,2.6989700043360187
8623,2.7,2,2,2.6989700043360187
8624,2.9,2,2,2.6989700043360187
8625,2/3,2,1,3.0
8626,2009,2,2,2.6989700043360187
8627,"2013,",2,2,2.6989700043360187
8628,2019.,2,2,2.6989700043360187
8629,2020.,2,2,2.6989700043360187
8630,"2021,",2,2,2.6989700043360187
8631,2024),2,2,2.6989700043360187
8632,2026),2,2,2.6989700043360187
8633,2026;,2,2,2.6989700043360187
8634,22%,2,1,3.0
8635,220,2,2,2.6989700043360187
8636,227,2,2,2.6989700043360187
8637,229,2,2,2.6989700043360187
8638,23.6,2,2,2.6989700043360187
8639,230,2,2,2.6989700043360187
8640,231,2,2,2.6989700043360187
8641,232,2,2,2.6989700043360187
8642,24-hr,2,1,3.0
8643,240,2,2,2.6989700043360187
8644,243,2,2,2.6989700043360187
8645,245,2,2,2.6989700043360187
8646,246,2,2,2.6989700043360187
8647,25.8,2,2,2.6989700043360187
8648,254,2,2,2.6989700043360187
8649,"26,",2,2,2.6989700043360187
8650,26-week,2,1,3.0
8651,26.3,2,2,2.6989700043360187
8652,261,2,2,2.6989700043360187
8653,27.0%,2,2,2.6989700043360187
8654,273,2,2,2.6989700043360187
8655,28%,2,2,2.6989700043360187
8656,28).,2,2,2.6989700043360187
8657,29%,2,2,2.6989700043360187
8658,29.1%,2,2,2.6989700043360187
8659,297,2,2,2.6989700043360187
8660,299,2,2,2.6989700043360187
8661,3%,2,2,2.6989700043360187
8662,3-10,2,1,3.0
8663,3-4,2,2,2.6989700043360187
8664,3-6-h,2,1,3.0
8665,3-fold,2,1,3.0
8666,3-mg,2,1,3.0
8667,3-month,2,2,2.6989700043360187
8668,3-months,2,1,3.0
8669,3.,2,2,2.6989700043360187
8670,3.0%;,2,2,2.6989700043360187
8671,3.01;,2,2,2.6989700043360187
8672,3.3%,2,2,2.6989700043360187
8673,3.6,2,2,2.6989700043360187
8674,3.6%,2,2,2.6989700043360187
8675,31.9%,2,2,2.6989700043360187
8676,310,2,2,2.6989700043360187
8677,32%,2,2,2.6989700043360187
8678,320,2,2,2.6989700043360187
8679,3270,2,1,3.0
8680,33%,2,2,2.6989700043360187
8681,33;,2,1,3.0
8682,34.5%,2,2,2.6989700043360187
8683,342,2,2,2.6989700043360187
8684,3468,2,1,3.0
8685,349,2,2,2.6989700043360187
8686,35%,2,2,2.6989700043360187
8687,351,2,2,2.6989700043360187
8688,"36),",2,2,2.6989700043360187
8689,37-year-old,2,2,2.6989700043360187
8690,381,2,2,2.6989700043360187
8691,388,2,1,3.0
8692,39,2,2,2.6989700043360187
8693,39%,2,2,2.6989700043360187
8694,39.8,2,2,2.6989700043360187
8695,39.9,2,2,2.6989700043360187
8696,391,2,2,2.6989700043360187
8697,3;,2,2,2.6989700043360187
8698,3a,2,1,3.0
8699,"3a,",2,1,3.0
8700,3c,2,1,3.0
8701,3r,2,1,3.0
8702,4-year,2,1,3.0
8703,4.,2,2,2.6989700043360187
8704,4.0,2,2,2.6989700043360187
8705,4.3%,2,2,2.6989700043360187
8706,"4.3%,",2,2,2.6989700043360187
8707,"40,",2,1,3.0
8708,"40-week,",2,2,2.6989700043360187
8709,401,2,2,2.6989700043360187
8710,404,2,2,2.6989700043360187
8711,4117,2,1,3.0
8712,419,2,2,2.6989700043360187
8713,42-year-old,2,2,2.6989700043360187
8714,423,2,2,2.6989700043360187
8715,428,2,2,2.6989700043360187
8716,43%,2,2,2.6989700043360187
8717,44%,2,2,2.6989700043360187
8718,442,2,2,2.6989700043360187
8719,450,2,2,2.6989700043360187
8720,"46,962",2,1,3.0
8721,48-72,2,1,3.0
8722,48-year-old,2,2,2.6989700043360187
8723,49.9%,2,2,2.6989700043360187
8724,497,2,1,3.0
8725,"5,071",2,1,3.0
8726,5-hiaa,2,1,3.0
8727,5.3,2,2,2.6989700043360187
8728,5.31%;,2,1,3.0
8729,5.7,2,2,2.6989700043360187
8730,5.8%,2,2,2.6989700043360187
8731,50%.,2,2,2.6989700043360187
8732,50),2,2,2.6989700043360187
8733,50-year-old,2,2,2.6989700043360187
8734,53,2,2,2.6989700043360187
8735,53.7,2,2,2.6989700043360187
8736,540,2,1,3.0
8737,58-year-old,2,2,2.6989700043360187
8738,58.0,2,2,2.6989700043360187
8739,583,2,2,2.6989700043360187
8740,589,2,2,2.6989700043360187
8741,59,2,2,2.6989700043360187
8742,"59%,",2,2,2.6989700043360187
8743,59-year-old,2,2,2.6989700043360187
8744,"5b,",2,1,3.0
8745,6).,2,2,2.6989700043360187
8746,6-min,2,2,2.6989700043360187
8747,6.0,2,2,2.6989700043360187
8748,6.0%,2,2,2.6989700043360187
8749,6.04%;,2,1,3.0
8750,6.1,2,2,2.6989700043360187
8751,6.2,2,2,2.6989700043360187
8752,6.5%,2,2,2.6989700043360187
8753,6.8,2,1,3.0
8754,6.8%,2,2,2.6989700043360187
8755,60.9,2,2,2.6989700043360187
8756,600,2,2,2.6989700043360187
8757,604,2,2,2.6989700043360187
8758,613,2,2,2.6989700043360187
8759,62,2,2,2.6989700043360187
8760,62.1%,2,2,2.6989700043360187
8761,62.8,2,2,2.6989700043360187
8762,64%,2,2,2.6989700043360187
8763,65%,2,2,2.6989700043360187
8764,672,2,2,2.6989700043360187
8765,68%,2,2,2.6989700043360187
8766,68.4,2,1,3.0
8767,69,2,2,2.6989700043360187
8768,69%,2,2,2.6989700043360187
8769,6:,2,2,2.6989700043360187
8770,"7),",2,2,2.6989700043360187
8771,7-point,2,2,2.6989700043360187
8772,7.0%,2,2,2.6989700043360187
8773,7.8,2,2,2.6989700043360187
8774,7.9,2,2,2.6989700043360187
8775,720,2,1,3.0
8776,73,2,2,2.6989700043360187
8777,73.3%,2,2,2.6989700043360187
8778,74,2,2,2.6989700043360187
8779,750,2,2,2.6989700043360187
8780,8-hr,2,1,3.0
8781,8-week,2,2,2.6989700043360187
8782,8.4%.,2,2,2.6989700043360187
8783,800,2,2,2.6989700043360187
8784,826,2,1,3.0
8785,83%,2,2,2.6989700043360187
8786,84%,2,2,2.6989700043360187
8787,853,2,2,2.6989700043360187
8788,88,2,2,2.6989700043360187
8789,9.0,2,2,2.6989700043360187
8790,9.3%,2,2,2.6989700043360187
8791,90;,2,1,3.0
8792,91,2,2,2.6989700043360187
8793,93,2,2,2.6989700043360187
8794,94,2,2,2.6989700043360187
8795,95,2,1,3.0
8796,95th,2,2,2.6989700043360187
8797,97,2,2,2.6989700043360187
8798,980,2,1,3.0
8799,<0.001).,2,1,3.0
8800,>25,2,2,2.6989700043360187
8801,[-9,2,1,3.0
8802,[0.5%],2,1,3.0
8803,[0.9%],2,1,3.0
8804,[18%],2,1,3.0
8805,[>,2,1,3.0
8806,[all,2,1,3.0
8807,[dual-therapy,2,1,3.0
8808,[etd],2,2,2.6989700043360187
8809,[female/male],2,1,3.0
8810,[gip]/glp-1),2,2,2.6989700043360187
8811,[homa-ir],2,2,2.6989700043360187
8812,[irr:,2,1,3.0
8813,[si]:,2,2,2.6989700043360187
8814,[std.,2,1,3.0
8815,a316t,2,1,3.0
8816,abcde,2,1,3.0
8817,abolish,2,1,3.0
8818,"abortion,",2,1,3.0
8819,abrogated,2,2,2.6989700043360187
8820,abrupt,2,1,3.0
8821,"absent,",2,2,2.6989700043360187
8822,absorb,2,2,2.6989700043360187
8823,absorbed,2,1,3.0
8824,absorptiometry,2,2,2.6989700043360187
8825,absorption.,2,2,2.6989700043360187
8826,abstinence,2,2,2.6989700043360187
8827,acanthosis,2,2,2.6989700043360187
8828,"acarbose,",2,2,2.6989700043360187
8829,accelerates,2,2,2.6989700043360187
8830,accompany,2,2,2.6989700043360187
8831,"ace,",2,1,3.0
8832,acetonitrile,2,2,2.6989700043360187
8833,ache,2,1,3.0
8834,achilles,2,1,3.0
8835,"acm,",2,2,2.6989700043360187
8836,acquisition,2,2,2.6989700043360187
8837,acromegaly,2,1,3.0
8838,"acsl4,",2,2,2.6989700043360187
8839,"act,",2,2,2.6989700043360187
8840,actionability,2,1,3.0
8841,"activators,",2,2,2.6989700043360187
8842,"active,",2,2,2.6989700043360187
8843,actively,2,2,2.6989700043360187
8844,"activities,",2,2,2.6989700043360187
8845,activity),2,2,2.6989700043360187
8846,acvr2a,2,1,3.0
8847,"ad,",2,2,2.6989700043360187
8848,ad;,2,2,2.6989700043360187
8849,"adaptations,",2,2,2.6989700043360187
8850,addiction.,2,2,2.6989700043360187
8851,addictive-substance,2,1,3.0
8852,adds,2,2,2.6989700043360187
8853,"adds,",2,1,3.0
8854,adenocarcinoma.,2,1,3.0
8855,adhesive,2,1,3.0
8856,adipocyte-derived,2,2,2.6989700043360187
8857,adiponectin.,2,2,2.6989700043360187
8858,adipor1,2,1,3.0
8859,"adipose,",2,2,2.6989700043360187
8860,adipose-tissue,2,2,2.6989700043360187
8861,adipose/muscle,2,1,3.0
8862,adiposity-related,2,2,2.6989700043360187
8863,adj-p,2,1,3.0
8864,"adjunct,",2,2,2.6989700043360187
8865,adjust-t1d,2,1,3.0
8866,adjustable,2,2,2.6989700043360187
8867,"adjustments,",2,2,2.6989700043360187
8868,adjustments.,2,2,2.6989700043360187
8869,adm,2,1,3.0
8870,admet,2,2,2.6989700043360187
8871,administered.,2,2,2.6989700043360187
8872,"admissions,",2,2,2.6989700043360187
8873,"adolescents,",2,2,2.6989700043360187
8874,adolescents.,2,2,2.6989700043360187
8875,adopted,2,2,2.6989700043360187
8876,adoption.,2,2,2.6989700043360187
8877,adrenal,2,1,3.0
8878,ads,2,1,3.0
8879,adults;,2,2,2.6989700043360187
8880,advance,2,2,2.6989700043360187
8881,advances.,2,2,2.6989700043360187
8882,advantageous,2,2,2.6989700043360187
8883,advisory,2,1,3.0
8884,aerodigestive,2,1,3.0
8885,"aes,",2,2,2.6989700043360187
8886,aetiologies,2,1,3.0
8887,af.,2,2,2.6989700043360187
8888,affairs,2,2,2.6989700043360187
8889,afferent,2,2,2.6989700043360187
8890,affinities,2,2,2.6989700043360187
8891,age-,2,2,2.6989700043360187
8892,age-rage,2,2,2.6989700043360187
8893,age-specific,2,2,2.6989700043360187
8894,age-stratified,2,2,2.6989700043360187
8895,"ageing,",2,2,2.6989700043360187
8896,agencies,2,2,2.6989700043360187
8897,"agencies,",2,2,2.6989700043360187
8898,aggregated,2,2,2.6989700043360187
8899,aggregating,2,2,2.6989700043360187
8900,"aggregation,",2,1,3.0
8901,aggressive,2,2,2.6989700043360187
8902,aggressively,2,2,2.6989700043360187
8903,aging-related,2,2,2.6989700043360187
8904,agis,2,1,3.0
8905,"ago,",2,2,2.6989700043360187
8906,agonism;,2,2,2.6989700043360187
8907,agonist-based,2,2,2.6989700043360187
8908,agonistic,2,2,2.6989700043360187
8909,"agonists),",2,2,2.6989700043360187
8910,agonists).,2,2,2.6989700043360187
8911,agonists-have,2,2,2.6989700043360187
8912,agree,2,2,2.6989700043360187
8913,"ahi,",2,1,3.0
8914,aiming,2,2,2.6989700043360187
8915,airway-intrinsic,2,1,3.0
8916,aki,2,2,2.6989700043360187
8917,"aki,",2,2,2.6989700043360187
8918,akk,2,1,3.0
8919,akt/enos,2,1,3.0
8920,alanine,2,2,2.6989700043360187
8921,alaska,2,1,3.0
8922,albeit,2,2,2.6989700043360187
8923,alcohol-related,2,1,3.0
8924,alex,2,1,3.0
8925,algorithm,2,2,2.6989700043360187
8926,algorithms.,2,2,2.6989700043360187
8927,ali.,2,1,3.0
8928,align,2,2,2.6989700043360187
8929,alive,2,2,2.6989700043360187
8930,allocation,2,2,2.6989700043360187
8931,allograft,2,1,3.0
8932,allosteric,2,2,2.6989700043360187
8933,"alopecia,",2,2,2.6989700043360187
8934,alpha-glucosidase,2,2,2.6989700043360187
8935,alpha-synuclein,2,1,3.0
8936,alt.,2,2,2.6989700043360187
8937,alt/ast,2,1,3.0
8938,alveolar,2,2,2.6989700043360187
8939,"ambroxol,",2,1,3.0
8940,"amd,",2,2,2.6989700043360187
8941,aminotransferases.,2,1,3.0
8942,ampk/sirt1,2,2,2.6989700043360187
8943,amplification,2,2,2.6989700043360187
8944,"amplification,",2,2,2.6989700043360187
8945,amplifies,2,2,2.6989700043360187
8946,amplifying,2,2,2.6989700043360187
8947,amplitude-o,2,1,3.0
8948,"amputation,",2,2,2.6989700043360187
8949,amputation.,2,2,2.6989700043360187
8950,amstar,2,2,2.6989700043360187
8951,amycretin,2,2,2.6989700043360187
8952,amylase,2,1,3.0
8953,amylin-like,2,1,3.0
8954,amyloid-β,2,2,2.6989700043360187
8955,anaemia,2,2,2.6989700043360187
8956,"analogue,",2,2,2.6989700043360187
8957,analogues.,2,2,2.6989700043360187
8958,analysing,2,2,2.6989700043360187
8959,analysis;,2,2,2.6989700043360187
8960,analyzes,2,2,2.6989700043360187
8961,anatomical,2,2,2.6989700043360187
8962,anchor,2,2,2.6989700043360187
8963,androgen,2,2,2.6989700043360187
8964,androgenic,2,1,3.0
8965,androgens,2,2,2.6989700043360187
8966,angeles,2,1,3.0
8967,"angiogenesis,",2,2,2.6989700043360187
8968,anhedonia-like,2,1,3.0
8969,"animals,",2,2,2.6989700043360187
8970,animals.,2,2,2.6989700043360187
8971,anion,2,2,2.6989700043360187
8972,annualised,2,1,3.0
8973,annually,2,2,2.6989700043360187
8974,anonymized,2,2,2.6989700043360187
8975,anorexia.,2,2,2.6989700043360187
8976,"antagonism,",2,2,2.6989700043360187
8977,antagonistic,2,2,2.6989700043360187
8978,antagonists.,2,2,2.6989700043360187
8979,anti-atherosclerotic,2,2,2.6989700043360187
8980,anti-kindling,2,1,3.0
8981,anti-senescence,2,2,2.6989700043360187
8982,antibiotic-induced,2,1,3.0
8983,antibodies,2,2,2.6989700043360187
8984,antidepressants,2,1,3.0
8985,antifibrotic,2,2,2.6989700043360187
8986,antiglycemic,2,1,3.0
8987,antinociceptive,2,2,2.6989700043360187
8988,antioxidative,2,2,2.6989700043360187
8989,antipsychotic-related,2,2,2.6989700043360187
8990,antipsychotics.,2,2,2.6989700043360187
8991,antisense,2,2,2.6989700043360187
8992,antitumor,2,2,2.6989700043360187
8993,ap.,2,1,3.0
8994,apart,2,2,2.6989700043360187
8995,apc.,2,1,3.0
8996,apnea.,2,2,2.6989700043360187
8997,apoptotic,2,2,2.6989700043360187
8998,appearing,2,2,2.6989700043360187
8999,appetite-regulating,2,2,2.6989700043360187
9000,"application,",2,2,2.6989700043360187
9001,applied.,2,2,2.6989700043360187
9002,appreciate,2,1,3.0
9003,appreciated,2,2,2.6989700043360187
9004,approached,2,2,2.6989700043360187
9005,approaches:,2,2,2.6989700043360187
9006,"approval,",2,2,2.6989700043360187
9007,approval;,2,2,2.6989700043360187
9008,apps,2,1,3.0
9009,aquaporin,2,1,3.0
9010,arabia.,2,2,2.6989700043360187
9011,areata,2,1,3.0
9012,arginase,2,1,3.0
9013,armamentarium,2,2,2.6989700043360187
9014,"armamentarium,",2,2,2.6989700043360187
9015,arms,2,2,2.6989700043360187
9016,aromatic,2,2,2.6989700043360187
9017,arousal,2,2,2.6989700043360187
9018,arrest,2,2,2.6989700043360187
9019,"arrhythmia,",2,2,2.6989700043360187
9020,arrhythmic,2,1,3.0
9021,aryl,2,2,2.6989700043360187
9022,as-yet,2,2,2.6989700043360187
9023,ascending,2,1,3.0
9024,ascites,2,1,3.0
9025,"ascvd,",2,1,3.0
9026,asia-pacific,2,2,2.6989700043360187
9027,ask,2,2,2.6989700043360187
9028,asks,2,2,2.6989700043360187
9029,aso,2,1,3.0
9030,aspartate,2,2,2.6989700043360187
9031,aspiration-related,2,2,2.6989700043360187
9032,aspiration.,2,2,2.6989700043360187
9033,aspirin,2,1,3.0
9034,"assessments,",2,2,2.6989700043360187
9035,assign,2,2,2.6989700043360187
9036,assignment.,2,2,2.6989700043360187
9037,assumptions,2,2,2.6989700043360187
9038,astrocytes,2,2,2.6989700043360187
9039,atherothrombotic,2,2,2.6989700043360187
9040,atopic,2,1,3.0
9041,atp-binding,2,2,2.6989700043360187
9042,"atrophy,",2,2,2.6989700043360187
9043,atrophy.,2,1,3.0
9044,attached,2,2,2.6989700043360187
9045,attack,2,2,2.6989700043360187
9046,attain-2,2,1,3.0
9047,"attempt,",2,1,3.0
9048,attempting,2,2,2.6989700043360187
9049,attempts.,2,2,2.6989700043360187
9050,"attendance,",2,1,3.0
9051,attenuated.,2,2,2.6989700043360187
9052,"attitude,",2,1,3.0
9053,attitudes,2,2,2.6989700043360187
9054,"attitudes,",2,2,2.6989700043360187
9055,attitudinal,2,1,3.0
9056,"attractive,",2,2,2.6989700043360187
9057,attribute,2,1,3.0
9058,"attrition,",2,2,2.6989700043360187
9059,auc0-120,2,1,3.0
9060,"aud,",2,2,2.6989700043360187
9061,augmenting,2,2,2.6989700043360187
9062,australia,2,2,2.6989700043360187
9063,authorities.,2,2,2.6989700043360187
9064,authority,2,2,2.6989700043360187
9065,autophagic,2,2,2.6989700043360187
9066,availability.,2,2,2.6989700043360187
9067,"available,",2,2,2.6989700043360187
9068,avenues,2,2,2.6989700043360187
9069,avoid,2,2,2.6989700043360187
9070,awaiting,2,2,2.6989700043360187
9071,"awakening,",2,1,3.0
9072,ax,2,1,3.0
9073,"axes,",2,2,2.6989700043360187
9074,axes.,2,2,2.6989700043360187
9075,aβ,2,2,2.6989700043360187
9076,b-cell-directed,2,1,3.0
9077,backbone,2,2,2.6989700043360187
9078,"background,",2,2,2.6989700043360187
9079,bacteriome,2,1,3.0
9080,balancing,2,2,2.6989700043360187
9081,banding,2,2,2.6989700043360187
9082,bas,2,2,2.6989700043360187
9083,"bas,",2,1,3.0
9084,baseline-subtracted,2,2,2.6989700043360187
9085,"bax,",2,1,3.0
9086,bayes,2,2,2.6989700043360187
9087,bb,2,1,3.0
9088,"bc,",2,2,2.6989700043360187
9089,"bcl-2,",2,1,3.0
9090,"bdnf,",2,2,2.6989700043360187
9091,bdnf-related,2,1,3.0
9092,beating,2,1,3.0
9093,became,2,1,3.0
9094,bed,2,2,2.6989700043360187
9095,behavior.,2,2,2.6989700043360187
9096,behaviours,2,2,2.6989700043360187
9097,believe,2,2,2.6989700043360187
9098,believed,2,2,2.6989700043360187
9099,benchmarks,2,2,2.6989700043360187
9100,"beneficence,",2,2,2.6989700043360187
9101,"beneficiaries,",2,2,2.6989700043360187
9102,beneficiaries:,2,1,3.0
9103,beneficiaries;,2,2,2.6989700043360187
9104,"berries,",2,1,3.0
9105,best-characterized,2,2,2.6989700043360187
9106,beta-cells,2,2,2.6989700043360187
9107,beta-oxidation.,2,2,2.6989700043360187
9108,between-study,2,2,2.6989700043360187
9109,beverage,2,1,3.0
9110,bhe,2,1,3.0
9111,bidirectionally,2,2,2.6989700043360187
9112,"biguanides,",2,2,2.6989700043360187
9113,"bilateral,",2,2,2.6989700043360187
9114,bilirubin,2,1,3.0
9115,"billion,",2,1,3.0
9116,bioactivity,2,2,2.6989700043360187
9117,biobank,2,2,2.6989700043360187
9118,bioequivalence,2,2,2.6989700043360187
9119,biogenesis,2,2,2.6989700043360187
9120,bioinspired,2,1,3.0
9121,"biological,",2,2,2.6989700043360187
9122,biologics,2,2,2.6989700043360187
9123,"biologics,",2,2,2.6989700043360187
9124,biomechanical,2,2,2.6989700043360187
9125,biomimetic,2,1,3.0
9126,biopro,2,1,3.0
9127,biosensor,2,1,3.0
9128,"biosynthesis,",2,2,2.6989700043360187
9129,biotransformation,2,2,2.6989700043360187
9130,birth,2,2,2.6989700043360187
9131,birth.,2,2,2.6989700043360187
9132,blackcurrant,2,1,3.0
9133,"bleeding,",2,2,2.6989700043360187
9134,bleomycin,2,2,2.6989700043360187
9135,blinded,2,2,2.6989700043360187
9136,bliss,2,1,3.0
9137,blm,2,1,3.0
9138,bloating/distension.,2,1,3.0
9139,blockers,2,2,2.6989700043360187
9140,blood–brain,2,1,3.0
9141,blot.,2,2,2.6989700043360187
9142,blotting,2,2,2.6989700043360187
9143,"blotting,",2,2,2.6989700043360187
9144,blotting.,2,2,2.6989700043360187
9145,bmi:,2,2,2.6989700043360187
9146,board,2,2,2.6989700043360187
9147,body-mass,2,2,2.6989700043360187
9148,"bone,",2,2,2.6989700043360187
9149,bone-specific,2,1,3.0
9150,bonferroni,2,2,2.6989700043360187
9151,bpa,2,1,3.0
9152,bpm;,2,1,3.0
9153,"bradyarrhythmia,",2,1,3.0
9154,brain-derived,2,2,2.6989700043360187
9155,bread,2,1,3.0
9156,breakpoint,2,1,3.0
9157,bridge,2,2,2.6989700043360187
9158,briefly,2,2,2.6989700043360187
9159,brigham,2,2,2.6989700043360187
9160,"broader,",2,2,2.6989700043360187
9161,broiler,2,1,3.0
9162,brown,2,2,2.6989700043360187
9163,"bruising,",2,1,3.0
9164,bs,2,1,3.0
9165,bv2,2,1,3.0
9166,c-cell,2,2,2.6989700043360187
9167,c57bl/6,2,2,2.6989700043360187
9168,ca,2,1,3.0
9169,cabg,2,1,3.0
9170,cagrilintide,2,2,2.6989700043360187
9171,"cagrilintide,",2,2,2.6989700043360187
9172,cagrilintide-semaglutide,2,2,2.6989700043360187
9173,calcitonin,2,2,2.6989700043360187
9174,calculate,2,2,2.6989700043360187
9175,calibration.,2,1,3.0
9176,camp/pka,2,2,2.6989700043360187
9177,cancer;,2,2,2.6989700043360187
9178,"cannabinoids,",2,2,2.6989700043360187
9179,"capability,",2,2,2.6989700043360187
9180,carbohydrate-first,2,1,3.0
9181,"carbohydrates,",2,2,2.6989700043360187
9182,carboxylase,2,2,2.6989700043360187
9183,card,2,1,3.0
9184,cardio-ankle,2,2,2.6989700043360187
9185,cardio-kidney,2,1,3.0
9186,cardio-metabolic,2,2,2.6989700043360187
9187,cardio-renal-metabolic,2,2,2.6989700043360187
9188,cardiohepatic-metabolic,2,1,3.0
9189,"cardiometabolic,",2,2,2.6989700043360187
9190,cardiomyocytes,2,2,2.6989700043360187
9191,cardiorespiratory,2,2,2.6989700043360187
9192,care;,2,2,2.6989700043360187
9193,"cargo,",2,2,2.6989700043360187
9194,carolina,2,1,3.0
9195,carotid,2,2,2.6989700043360187
9196,"carriers,",2,2,2.6989700043360187
9197,"carvacrol,",2,1,3.0
9198,"cascade,",2,2,2.6989700043360187
9199,cascade.,2,2,2.6989700043360187
9200,"cascades,",2,2,2.6989700043360187
9201,cascades.,2,2,2.6989700043360187
9202,cassette,2,2,2.6989700043360187
9203,catabolic,2,2,2.6989700043360187
9204,catabolism,2,1,3.0
9205,catalytic,2,2,2.6989700043360187
9206,catechins,2,1,3.0
9207,categorical,2,2,2.6989700043360187
9208,"categories,",2,2,2.6989700043360187
9209,categorised,2,2,2.6989700043360187
9210,cation,2,2,2.6989700043360187
9211,"causality,",2,2,2.6989700043360187
9212,cause.,2,2,2.6989700043360187
9213,causes.,2,2,2.6989700043360187
9214,cav1-β-catenin,2,1,3.0
9215,cd163,2,2,2.6989700043360187
9216,cell-derived,2,2,2.6989700043360187
9217,cell-mediated,2,1,3.0
9218,centered,2,2,2.6989700043360187
9219,"centrally,",2,2,2.6989700043360187
9220,"cer,",2,1,3.0
9221,cerebellum,2,1,3.0
9222,cgas-sting,2,1,3.0
9223,"cgm,",2,2,2.6989700043360187
9224,cgm.,2,2,2.6989700043360187
9225,challenged,2,2,2.6989700043360187
9226,"challenging,",2,2,2.6989700043360187
9227,changing,2,2,2.6989700043360187
9228,chaperone,2,1,3.0
9229,"characterized,",2,2,2.6989700043360187
9230,chase,2,1,3.0
9231,checklists,2,2,2.6989700043360187
9232,chemistry,2,1,3.0
9233,children's,2,1,3.0
9234,cholecystokinin,2,2,2.6989700043360187
9235,choledocholithiasis,2,2,2.6989700043360187
9236,cholestatic,2,2,2.6989700043360187
9237,cholesterol.,2,2,2.6989700043360187
9238,cholinergic,2,1,3.0
9239,choroidal,2,1,3.0
9240,chose,2,1,3.0
9241,chow,2,2,2.6989700043360187
9242,chromatography),2,1,3.0
9243,"chromatography,",2,1,3.0
9244,chromosome,2,2,2.6989700043360187
9245,ci]:,2,2,2.6989700043360187
9246,cim,2,1,3.0
9247,cim.,2,1,3.0
9248,"cinahl,",2,2,2.6989700043360187
9249,circuitry,2,2,2.6989700043360187
9250,circuits.,2,2,2.6989700043360187
9251,circulation.,2,2,2.6989700043360187
9252,cirrhosis.,2,2,2.6989700043360187
9253,cis-expression,2,2,2.6989700043360187
9254,cited,2,2,2.6989700043360187
9255,citrate,2,2,2.6989700043360187
9256,clalit,2,2,2.6989700043360187
9257,clarified.,2,2,2.6989700043360187
9258,clarifying,2,2,2.6989700043360187
9259,"clarithromycin,",2,1,3.0
9260,clarity,2,2,2.6989700043360187
9261,class-specific,2,2,2.6989700043360187
9262,classic,2,2,2.6989700043360187
9263,classically,2,2,2.6989700043360187
9264,clearance.,2,2,2.6989700043360187
9265,clears,2,1,3.0
9266,clinician-administered,2,1,3.0
9267,clinician-rated,2,1,3.0
9268,"clinicians,",2,2,2.6989700043360187
9269,clonogenic,2,1,3.0
9270,closed,2,2,2.6989700043360187
9271,closing,2,2,2.6989700043360187
9272,clusters.,2,2,2.6989700043360187
9273,cm-1a02,2,1,3.0
9274,cm.,2,1,3.0
9275,co-agonist,2,2,2.6989700043360187
9276,co-morbid,2,1,3.0
9277,co-occur,2,2,2.6989700043360187
9278,co-occurring,2,1,3.0
9279,co.,2,2,2.6989700043360187
9280,coacervation,2,1,3.0
9281,coaching,2,1,3.0
9282,cochran-armitage,2,2,2.6989700043360187
9283,code,2,2,2.6989700043360187
9284,coexistence,2,2,2.6989700043360187
9285,cognitively,2,2,2.6989700043360187
9286,cohen's,2,1,3.0
9287,coherence,2,2,2.6989700043360187
9288,cohort),2,2,2.6989700043360187
9289,"collaboration,",2,2,2.6989700043360187
9290,collect,2,2,2.6989700043360187
9291,collection,2,2,2.6989700043360187
9292,collection.,2,2,2.6989700043360187
9293,"colon,",2,2,2.6989700043360187
9294,colonization,2,2,2.6989700043360187
9295,"colonoscopy,",2,2,2.6989700043360187
9296,colonoscopy.,2,2,2.6989700043360187
9297,colony-forming,2,2,2.6989700043360187
9298,"colorectal,",2,2,2.6989700043360187
9299,combating,2,2,2.6989700043360187
9300,"combinations,",2,1,3.0
9301,commentary,2,1,3.0
9302,commitment,2,2,2.6989700043360187
9303,committee,2,1,3.0
9304,communication.,2,2,2.6989700043360187
9305,"communications,",2,2,2.6989700043360187
9306,community-level,2,2,2.6989700043360187
9307,comorbidity.,2,2,2.6989700043360187
9308,companies,2,1,3.0
9309,company.,2,2,2.6989700043360187
9310,comparator:,2,1,3.0
9311,"compartments,",2,2,2.6989700043360187
9312,compatibility,2,1,3.0
9313,compensate,2,2,2.6989700043360187
9314,"complementary,",2,2,2.6989700043360187
9315,complements,2,2,2.6989700043360187
9316,complexed,2,2,2.6989700043360187
9317,complexes,2,2,2.6989700043360187
9318,compliance.,2,2,2.6989700043360187
9319,complicate,2,2,2.6989700043360187
9320,complicating,2,2,2.6989700043360187
9321,"complication,",2,2,2.6989700043360187
9322,complication.,2,2,2.6989700043360187
9323,component.,2,2,2.6989700043360187
9324,compromised,2,2,2.6989700043360187
9325,computed,2,2,2.6989700043360187
9326,concentration-dependent,2,2,2.6989700043360187
9327,conception,2,2,2.6989700043360187
9328,conceptually,2,2,2.6989700043360187
9329,conclusion,2,2,2.6989700043360187
9330,conditionally,2,1,3.0
9331,conditions;,2,1,3.0
9332,conference,2,2,2.6989700043360187
9333,conferred,2,2,2.6989700043360187
9334,"confidence,",2,2,2.6989700043360187
9335,confirms,2,2,2.6989700043360187
9336,conflicting.,2,2,2.6989700043360187
9337,confounded,2,2,2.6989700043360187
9338,confounder.,2,2,2.6989700043360187
9339,"confounders,",2,2,2.6989700043360187
9340,confronts,2,2,2.6989700043360187
9341,congenital,2,2,2.6989700043360187
9342,"congestion,",2,2,2.6989700043360187
9343,conjugated,2,2,2.6989700043360187
9344,connected,2,2,2.6989700043360187
9345,connecting,2,2,2.6989700043360187
9346,consensus.,2,2,2.6989700043360187
9347,consequence,2,2,2.6989700043360187
9348,"consequences,",2,2,2.6989700043360187
9349,considerably.,2,2,2.6989700043360187
9350,considered.,2,2,2.6989700043360187
9351,"consistency,",2,2,2.6989700043360187
9352,consists,2,2,2.6989700043360187
9353,consolidate,2,2,2.6989700043360187
9354,consortium,2,2,2.6989700043360187
9355,constant,2,2,2.6989700043360187
9356,constellations,2,1,3.0
9357,"constipation,",2,2,2.6989700043360187
9358,constitute,2,2,2.6989700043360187
9359,"constrained,",2,2,2.6989700043360187
9360,constraints,2,2,2.6989700043360187
9361,"constraints,",2,2,2.6989700043360187
9362,construct.,2,2,2.6989700043360187
9363,constructed,2,2,2.6989700043360187
9364,consume,2,2,2.6989700043360187
9365,consumer,2,2,2.6989700043360187
9366,contents.,2,2,2.6989700043360187
9367,"contexts,",2,2,2.6989700043360187
9368,contextual,2,2,2.6989700043360187
9369,"continuum,",2,2,2.6989700043360187
9370,continuum.,2,2,2.6989700043360187
9371,contraception,2,1,3.0
9372,contractile,2,2,2.6989700043360187
9373,contraindication,2,2,2.6989700043360187
9374,contrast-induced,2,2,2.6989700043360187
9375,contribute.,2,2,2.6989700043360187
9376,contributory,2,2,2.6989700043360187
9377,"controlled,",2,2,2.6989700043360187
9378,controls;,2,2,2.6989700043360187
9379,controversy,2,2,2.6989700043360187
9380,converted,2,2,2.6989700043360187
9381,converting,2,2,2.6989700043360187
9382,"coordinated,",2,2,2.6989700043360187
9383,copies.,2,1,3.0
9384,"cordycepin,",2,2,2.6989700043360187
9385,corneal,2,1,3.0
9386,corrected,2,2,2.6989700043360187
9387,corrects,2,2,2.6989700043360187
9388,correlate,2,2,2.6989700043360187
9389,correlation.,2,2,2.6989700043360187
9390,"correlations,",2,2,2.6989700043360187
9391,correspondence,2,2,2.6989700043360187
9392,corroborated,2,2,2.6989700043360187
9393,"cost-effective,",2,2,2.6989700043360187
9394,cost-utility,2,1,3.0
9395,cost.,2,2,2.6989700043360187
9396,costly,2,2,2.6989700043360187
9397,"costs,",2,2,2.6989700043360187
9398,counter,2,2,2.6989700043360187
9399,counteracts,2,2,2.6989700043360187
9400,couples,2,2,2.6989700043360187
9401,course.,2,2,2.6989700043360187
9402,cover,2,2,2.6989700043360187
9403,coverage.,2,2,2.6989700043360187
9404,cox-1/sdh-a,2,1,3.0
9405,cp-i,2,1,3.0
9406,cpap,2,2,2.6989700043360187
9407,cpap-restricted,2,1,3.0
9408,"crc,",2,1,3.0
9409,create,2,2,2.6989700043360187
9410,creatine,2,1,3.0
9411,criterion.,2,2,2.6989700043360187
9412,"critically,",2,2,2.6989700043360187
9413,cross-clinic,2,1,3.0
9414,cross-cultural,2,2,2.6989700043360187
9415,cross-study,2,2,2.6989700043360187
9416,"crps,",2,1,3.0
9417,crude,2,1,3.0
9418,csf,2,1,3.0
9419,csm,2,1,3.0
9420,"cue-,",2,1,3.0
9421,cue-induced,2,2,2.6989700043360187
9422,"cues,",2,2,2.6989700043360187
9423,cultivable,2,1,3.0
9424,cvds.,2,1,3.0
9425,cycle.,2,2,2.6989700043360187
9426,cycloheximide,2,1,3.0
9427,cynomolgus,2,1,3.0
9428,"cyp3a4,",2,2,2.6989700043360187
9429,cytometry,2,2,2.6989700043360187
9430,"d&e,",2,1,3.0
9431,d-(r)-pioglitazone,2,1,3.0
9432,d-ser18-semaglutide,2,1,3.0
9433,d3ga,2,1,3.0
9434,da-based,2,1,3.0
9435,daily),2,2,2.6989700043360187
9436,daily.,2,2,2.6989700043360187
9437,dairy,2,1,3.0
9438,"dapagliflozin,",2,2,2.6989700043360187
9439,dapagliflozin.,2,2,2.6989700043360187
9440,data-driven,2,2,2.6989700043360187
9441,databases.,2,2,2.6989700043360187
9442,davies-bouldin,2,1,3.0
9443,db/m,2,2,2.6989700043360187
9444,dce,2,1,3.0
9445,dcm,2,1,3.0
9446,dd01-dn-02,2,1,3.0
9447,de-novo,2,1,3.0
9448,"deaths,",2,1,3.0
9449,"debilitating,",2,2,2.6989700043360187
9450,debris,2,1,3.0
9451,decade,2,2,2.6989700043360187
9452,"decades,",2,2,2.6989700043360187
9453,dechallenge,2,2,2.6989700043360187
9454,"decision-making,",2,2,2.6989700043360187
9455,"decisions,",2,2,2.6989700043360187
9456,"declines,",2,2,2.6989700043360187
9457,decomposition,2,2,2.6989700043360187
9458,deconstructing,2,2,2.6989700043360187
9459,"decrease,",2,2,2.6989700043360187
9460,decreased.,2,2,2.6989700043360187
9461,deduplication,2,2,2.6989700043360187
9462,defective,2,2,2.6989700043360187
9463,defects,2,2,2.6989700043360187
9464,defense,2,2,2.6989700043360187
9465,deficiencies.,2,2,2.6989700043360187
9466,deficiency-related,2,1,3.0
9467,deficient,2,2,2.6989700043360187
9468,deficit,2,2,2.6989700043360187
9469,deficits.,2,2,2.6989700043360187
9470,"defined,",2,2,2.6989700043360187
9471,"degeneration,",2,2,2.6989700043360187
9472,degludec,2,2,2.6989700043360187
9473,degrees,2,2,2.6989700043360187
9474,dehiscence,2,2,2.6989700043360187
9475,"dehiscence,",2,2,2.6989700043360187
9476,delays,2,2,2.6989700043360187
9477,delineates,2,2,2.6989700043360187
9478,dementia-related,2,1,3.0
9479,demographics,2,2,2.6989700043360187
9480,dense,2,2,2.6989700043360187
9481,densely,2,2,2.6989700043360187
9482,density.,2,2,2.6989700043360187
9483,depended,2,2,2.6989700043360187
9484,dependence.,2,1,3.0
9485,"dependency,",2,2,2.6989700043360187
9486,depletion.,2,2,2.6989700043360187
9487,"deposition,",2,2,2.6989700043360187
9488,deposition.,2,2,2.6989700043360187
9489,depot,2,1,3.0
9490,depression.,2,2,2.6989700043360187
9491,deprived,2,1,3.0
9492,derivatives.,2,2,2.6989700043360187
9493,dermatitis,2,2,2.6989700043360187
9494,dermatological,2,2,2.6989700043360187
9495,"descriptively,",2,2,2.6989700043360187
9496,desert,2,1,3.0
9497,deserts,2,1,3.0
9498,designing,2,2,2.6989700043360187
9499,designretrospective,2,2,2.6989700043360187
9500,desire,2,2,2.6989700043360187
9501,destabilizing,2,2,2.6989700043360187
9502,destruction,2,2,2.6989700043360187
9503,detailing,2,2,2.6989700043360187
9504,detected.,2,2,2.6989700043360187
9505,"detection,",2,2,2.6989700043360187
9506,"determinants,",2,2,2.6989700043360187
9507,developmentally,2,2,2.6989700043360187
9508,develops,2,2,2.6989700043360187
9509,deviation),2,2,2.6989700043360187
9510,device-guided,2,1,3.0
9511,device.,2,2,2.6989700043360187
9512,dexamethasone.,2,1,3.0
9513,diabetes),2,2,2.6989700043360187
9514,diabetic-only,2,1,3.0
9515,"diagnoses,",2,2,2.6989700043360187
9516,diagnosis;,2,2,2.6989700043360187
9517,diarrhea,2,2,2.6989700043360187
9518,"diarrhea,",2,2,2.6989700043360187
9519,diarrhoea,2,2,2.6989700043360187
9520,didn't,2,1,3.0
9521,diet),2,2,2.6989700043360187
9522,diet-sensitive,2,1,3.0
9523,"dietcamb®,",2,1,3.0
9524,dietetic,2,1,3.0
9525,dietitian,2,2,2.6989700043360187
9526,dietitians,2,1,3.0
9527,diets.,2,2,2.6989700043360187
9528,difference.,2,2,2.6989700043360187
9529,differentiation.,2,2,2.6989700043360187
9530,differs,2,2,2.6989700043360187
9531,difficulties,2,2,2.6989700043360187
9532,diffuse,2,2,2.6989700043360187
9533,digoxin.,2,1,3.0
9534,dilatation.,2,1,3.0
9535,dili,2,1,3.0
9536,"dimensions,",2,2,2.6989700043360187
9537,dimethylarginine,2,2,2.6989700043360187
9538,dipole,2,1,3.0
9539,direct-to-consumer,2,2,2.6989700043360187
9540,disability.,2,2,2.6989700043360187
9541,discern,2,1,3.0
9542,disciplinary,2,2,2.6989700043360187
9543,disciplines.,2,2,2.6989700043360187
9544,disclosure,2,2,2.6989700043360187
9545,discontinued.,2,2,2.6989700043360187
9546,discounted,2,2,2.6989700043360187
9547,"discoveries,",2,2,2.6989700043360187
9548,discovery.,2,2,2.6989700043360187
9549,discussions,2,2,2.6989700043360187
9550,disease-modification,2,2,2.6989700043360187
9551,disease-trajectory,2,1,3.0
9552,disease;,2,2,2.6989700043360187
9553,"dislocation,",2,2,2.6989700043360187
9554,disparity,2,2,2.6989700043360187
9555,"dispensing,",2,2,2.6989700043360187
9556,display,2,2,2.6989700043360187
9557,disputes,2,2,2.6989700043360187
9558,disrupt,2,2,2.6989700043360187
9559,dissect,2,2,2.6989700043360187
9560,disseminated,2,2,2.6989700043360187
9561,distal,2,2,2.6989700043360187
9562,distance,2,2,2.6989700043360187
9563,distance:,2,1,3.0
9564,distinctive,2,2,2.6989700043360187
9565,distinguishes,2,2,2.6989700043360187
9566,distress,2,2,2.6989700043360187
9567,"distress,",2,2,2.6989700043360187
9568,distressing,2,2,2.6989700043360187
9569,distributional,2,1,3.0
9570,"disturbance,",2,2,2.6989700043360187
9571,diuretics),2,2,2.6989700043360187
9572,"diuretics,",2,2,2.6989700043360187
9573,divergence,2,2,2.6989700043360187
9574,"diverse,",2,2,2.6989700043360187
9575,diversity,2,2,2.6989700043360187
9576,dkd.,2,1,3.0
9577,dls-conditioned,2,1,3.0
9578,dmadd,2,1,3.0
9579,dmn,2,1,3.0
9580,document,2,2,2.6989700043360187
9581,"documentation,",2,2,2.6989700043360187
9582,documentation.,2,2,2.6989700043360187
9583,docusate,2,2,2.6989700043360187
9584,"domain,",2,2,2.6989700043360187
9585,domestic,2,1,3.0
9586,done,2,2,2.6989700043360187
9587,donor-specific,2,2,2.6989700043360187
9588,dosage,2,2,2.6989700043360187
9589,dose),2,1,3.0
9590,dose-,2,2,2.6989700043360187
9591,dose-escalation,2,2,2.6989700043360187
9592,dose-reduced,2,1,3.0
9593,dose-titrated,2,1,3.0
9594,dotap,2,1,3.0
9595,double-edged,2,1,3.0
9596,doubled,2,2,2.6989700043360187
9597,doubly,2,1,3.0
9598,"doxycycline,",2,1,3.0
9599,"dpn,",2,2,2.6989700043360187
9600,dpp-4.,2,2,2.6989700043360187
9601,"dpp-iv,",2,1,3.0
9602,dpp4i.,2,2,2.6989700043360187
9603,dr.,2,2,2.6989700043360187
9604,dramatic,2,2,2.6989700043360187
9605,draws,2,2,2.6989700043360187
9606,drgs,2,1,3.0
9607,droplet,2,2,2.6989700043360187
9608,"drug,",2,2,2.6989700043360187
9609,"drug-,",2,1,3.0
9610,drug-associated,2,1,3.0
9611,drug-based,2,1,3.0
9612,drug-biomarker,2,1,3.0
9613,drug-drug,2,2,2.6989700043360187
9614,drug-free,2,2,2.6989700043360187
9615,drug-seeking,2,2,2.6989700043360187
9616,druggable,2,2,2.6989700043360187
9617,dual-agonist,2,2,2.6989700043360187
9618,dual-energy,2,2,2.6989700043360187
9619,dual-incretin,2,2,2.6989700043360187
9620,dual-luciferase,2,2,2.6989700043360187
9621,dual-targeting,2,2,2.6989700043360187
9622,dxa,2,1,3.0
9623,dynamically,2,2,2.6989700043360187
9624,dysfunctional,2,2,2.6989700043360187
9625,dysglycemia,2,2,2.6989700043360187
9626,"dyslipidaemia,",2,2,2.6989700043360187
9627,dyslipidemia.,2,2,2.6989700043360187
9628,dysplasia,2,2,2.6989700043360187
9629,e,2,2,2.6989700043360187
9630,e-values,2,1,3.0
9631,"e.g.,",2,2,2.6989700043360187
9632,eae,2,1,3.0
9633,"earlier,",2,2,2.6989700043360187
9634,earliest,2,2,2.6989700043360187
9635,east,2,2,2.6989700043360187
9636,easy,2,2,2.6989700043360187
9637,"eat,",2,1,3.0
9638,eating.,2,2,2.6989700043360187
9639,echocardiography,2,2,2.6989700043360187
9640,ecm,2,1,3.0
9641,"ecnoglutide,",2,2,2.6989700043360187
9642,ecological,2,2,2.6989700043360187
9643,ect,2,1,3.0
9644,"editorials,",2,2,2.6989700043360187
9645,eecs,2,1,3.0
9646,eel,2,1,3.0
9647,effector,2,2,2.6989700043360187
9648,effectors,2,2,2.6989700043360187
9649,effects),2,1,3.0
9650,effects;,2,2,2.6989700043360187
9651,efficacious,2,2,2.6989700043360187
9652,"efficiency,",2,2,2.6989700043360187
9653,effluvium,2,2,2.6989700043360187
9654,efflux.,2,2,2.6989700043360187
9655,efpeglenatide,2,1,3.0
9656,efpeglenatide.,2,1,3.0
9657,egfr-stratified,2,1,3.0
9658,egfr.,2,1,3.0
9659,egr,2,1,3.0
9660,eif2α,2,2,2.6989700043360187
9661,eighteen,2,2,2.6989700043360187
9662,"ela,",2,1,3.0
9663,elasticity,2,1,3.0
9664,electrical,2,1,3.0
9665,electroacupuncture,2,2,2.6989700043360187
9666,electron,2,2,2.6989700043360187
9667,"eligibility,",2,2,2.6989700043360187
9668,eligibility.,2,2,2.6989700043360187
9669,"elisa,",2,2,2.6989700043360187
9670,elisa.,2,2,2.6989700043360187
9671,elongation,2,1,3.0
9672,elucidating,2,2,2.6989700043360187
9673,embolism,2,2,2.6989700043360187
9674,emerging.,2,2,2.6989700043360187
9675,empirical,2,2,2.6989700043360187
9676,empirically,2,1,3.0
9677,employed.,2,2,2.6989700043360187
9678,encoded,2,2,2.6989700043360187
9679,encompass,2,2,2.6989700043360187
9680,encourages,2,2,2.6989700043360187
9681,encouraging,2,2,2.6989700043360187
9682,"end,",2,2,2.6989700043360187
9683,end-organ,2,2,2.6989700043360187
9684,ended,2,2,2.6989700043360187
9685,endobariatric,2,2,2.6989700043360187
9686,endocrine-related,2,1,3.0
9687,"endometrial,",2,2,2.6989700043360187
9688,"endometriosis,",2,1,3.0
9689,endorsed,2,2,2.6989700043360187
9690,endorsement,2,2,2.6989700043360187
9691,endoscopist,2,2,2.6989700043360187
9692,"endothelin-1,",2,2,2.6989700043360187
9693,"endpoint,",2,2,2.6989700043360187
9694,engaging,2,2,2.6989700043360187
9695,engineer,2,2,2.6989700043360187
9696,engineering,2,2,2.6989700043360187
9697,"engineering,",2,2,2.6989700043360187
9698,enhancements,2,2,2.6989700043360187
9699,enos,2,1,3.0
9700,enrich,2,2,2.6989700043360187
9701,enroled,2,1,3.0
9702,"enrolled,",2,2,2.6989700043360187
9703,enrollees.,2,1,3.0
9704,"enrollment,",2,2,2.6989700043360187
9705,ensemble,2,2,2.6989700043360187
9706,ensuring,2,2,2.6989700043360187
9707,entered,2,2,2.6989700043360187
9708,entering,2,2,2.6989700043360187
9709,"environment,",2,2,2.6989700043360187
9710,environmentally,2,1,3.0
9711,enzyme-linked,2,2,2.6989700043360187
9712,eosinophils,2,2,2.6989700043360187
9713,epic,2,2,2.6989700043360187
9714,"epidemiologic,",2,2,2.6989700043360187
9715,epigallocatechin,2,2,2.6989700043360187
9716,epigastric,2,2,2.6989700043360187
9717,epigenomic,2,2,2.6989700043360187
9718,"epilepsy,",2,1,3.0
9719,epithelium.,2,2,2.6989700043360187
9720,epitranscriptomic,2,2,2.6989700043360187
9721,eq-5d-5l,2,2,2.6989700043360187
9722,equal,2,2,2.6989700043360187
9723,equilibrium,2,2,2.6989700043360187
9724,equity.,2,2,2.6989700043360187
9725,"equivalence,",2,2,2.6989700043360187
9726,er-proteostasis,2,1,3.0
9727,"eras,",2,2,2.6989700043360187
9728,error,2,2,2.6989700043360187
9729,erythropoietin,2,1,3.0
9730,esa,2,1,3.0
9731,eskd,2,1,3.0
9732,essence,2,2,2.6989700043360187
9733,establishment,2,2,2.6989700043360187
9734,"estimates,",2,2,2.6989700043360187
9735,estimation,2,1,3.0
9736,ethnic,2,1,3.0
9737,eu,2,2,2.6989700043360187
9738,euglycemia,2,1,3.0
9739,"europe,",2,2,2.6989700043360187
9740,european-ancestry,2,1,3.0
9741,ev,2,1,3.0
9742,evenly,2,2,2.6989700043360187
9743,"events),",2,2,2.6989700043360187
9744,eventually,2,2,2.6989700043360187
9745,ever,2,2,2.6989700043360187
9746,evidence:,2,2,2.6989700043360187
9747,"evolving,",2,2,2.6989700043360187
9748,evt-treated,2,1,3.0
9749,ewom,2,1,3.0
9750,"examination,",2,2,2.6989700043360187
9751,"examined,",2,2,2.6989700043360187
9752,"example,",2,2,2.6989700043360187
9753,exceed,2,2,2.6989700043360187
9754,exceeds,2,2,2.6989700043360187
9755,excess.,2,2,2.6989700043360187
9756,exchangers,2,1,3.0
9757,exclude,2,2,2.6989700043360187
9758,"excretion,",2,2,2.6989700043360187
9759,exemplified,2,2,2.6989700043360187
9760,exercise-responsive,2,1,3.0
9761,exercised,2,1,3.0
9762,"expanding,",2,2,2.6989700043360187
9763,expands.,2,2,2.6989700043360187
9764,expected.,2,1,3.0
9765,"experience,",2,2,2.6989700043360187
9766,experiment,2,2,2.6989700043360187
9767,"experiment,",2,2,2.6989700043360187
9768,experts.,2,2,2.6989700043360187
9769,explainable,2,2,2.6989700043360187
9770,exploratory.,2,2,2.6989700043360187
9771,exploring,2,2,2.6989700043360187
9772,exports,2,2,2.6989700043360187
9773,"exposed,",2,2,2.6989700043360187
9774,exposure;,2,2,2.6989700043360187
9775,expressing,2,2,2.6989700043360187
9776,extensively,2,2,2.6989700043360187
9777,extracted.,2,2,2.6989700043360187
9778,extrapolated,2,2,2.6989700043360187
9779,extrapyramidal,2,1,3.0
9780,extreme,2,2,2.6989700043360187
9781,eyelid,2,1,3.0
9782,"factor-1α,",2,2,2.6989700043360187
9783,fairness,2,1,3.0
9784,"fairness,",2,2,2.6989700043360187
9785,falls,2,2,2.6989700043360187
9786,"falls,",2,2,2.6989700043360187
9787,falsified,2,1,3.0
9788,familial,2,2,2.6989700043360187
9789,families,2,2,2.6989700043360187
9790,family-based,2,2,2.6989700043360187
9791,family-centered,2,2,2.6989700043360187
9792,"far,",2,2,2.6989700043360187
9793,farnesoid,2,2,2.6989700043360187
9794,fasted,2,1,3.0
9795,fasting-state,2,1,3.0
9796,fat-predominant,2,2,2.6989700043360187
9797,fat.,2,2,2.6989700043360187
9798,fatal,2,2,2.6989700043360187
9799,favor,2,2,2.6989700043360187
9800,favouring,2,2,2.6989700043360187
9801,fea,2,1,3.0
9802,fear,2,2,2.6989700043360187
9803,"feasible,",2,2,2.6989700043360187
9804,feasible;,2,2,2.6989700043360187
9805,featuring,2,2,2.6989700043360187
9806,feb,2,2,2.6989700043360187
9807,feeding.,2,2,2.6989700043360187
9808,feel,2,2,2.6989700043360187
9809,fell,2,2,2.6989700043360187
9810,felt,2,1,3.0
9811,female).,2,2,2.6989700043360187
9812,females),2,2,2.6989700043360187
9813,fenofibrate,2,1,3.0
9814,fermentable,2,2,2.6989700043360187
9815,"fermentation,",2,2,2.6989700043360187
9816,fermentative,2,2,2.6989700043360187
9817,ferritin,2,2,2.6989700043360187
9818,ferroptosis.,2,2,2.6989700043360187
9819,ferroptotic,2,2,2.6989700043360187
9820,fertility.,2,2,2.6989700043360187
9821,fetal,2,2,2.6989700043360187
9822,fev1,2,1,3.0
9823,fev1.,2,1,3.0
9824,ffml,2,1,3.0
9825,fiber-rich,2,2,2.6989700043360187
9826,fibers,2,2,2.6989700043360187
9827,"fibrates,",2,2,2.6989700043360187
9828,fibre,2,2,2.6989700043360187
9829,fibrillation/flutter,2,2,2.6989700043360187
9830,fibrinolytic,2,1,3.0
9831,"fibrogenesis,",2,2,2.6989700043360187
9832,fibrogenic,2,1,3.0
9833,fibroscan®.,2,1,3.0
9834,"fibrosis),",2,1,3.0
9835,"field,",2,2,2.6989700043360187
9836,fifteen,2,2,2.6989700043360187
9837,fifty,2,2,2.6989700043360187
9838,fighting-2,2,1,3.0
9839,file,2,2,2.6989700043360187
9840,files,2,2,2.6989700043360187
9841,filled,2,2,2.6989700043360187
9842,films,2,2,2.6989700043360187
9843,fine-gray,2,2,2.6989700043360187
9844,"fingerprints,",2,1,3.0
9845,finnish,2,2,2.6989700043360187
9846,firm,2,2,2.6989700043360187
9847,firmicutes/bacteroidetes,2,2,2.6989700043360187
9848,first-in-class,2,2,2.6989700043360187
9849,first-pass,2,2,2.6989700043360187
9850,first.,2,2,2.6989700043360187
9851,fisher's,2,2,2.6989700043360187
9852,five-year,2,2,2.6989700043360187
9853,fixed,2,2,2.6989700043360187
9854,fixed-,2,2,2.6989700043360187
9855,fixed-choice,2,1,3.0
9856,fixed-effect,2,2,2.6989700043360187
9857,flap,2,1,3.0
9858,flavonoids,2,2,2.6989700043360187
9859,"flexible,",2,2,2.6989700043360187
9860,fluorescence,2,2,2.6989700043360187
9861,fluorescent,2,2,2.6989700043360187
9862,"flux,",2,2,2.6989700043360187
9863,fmoc-spps,2,1,3.0
9864,"fmt,",2,2,2.6989700043360187
9865,fnq,2,1,3.0
9866,"folate,",2,2,2.6989700043360187
9867,folding,2,2,2.6989700043360187
9868,follicle-stimulating,2,2,2.6989700043360187
9869,follow-up),2,2,2.6989700043360187
9870,follow-up;,2,2,2.6989700043360187
9871,following:,2,2,2.6989700043360187
9872,follows:,2,2,2.6989700043360187
9873,food-based,2,2,2.6989700043360187
9874,foods.,2,2,2.6989700043360187
9875,foot/ankle,2,1,3.0
9876,football,2,1,3.0
9877,forces,2,1,3.0
9878,formate,2,1,3.0
9879,"formation,",2,2,2.6989700043360187
9880,formerly,2,2,2.6989700043360187
9881,"formulation,",2,2,2.6989700043360187
9882,formulation-specific,2,2,2.6989700043360187
9883,formulation.,2,2,2.6989700043360187
9884,forty-one,2,2,2.6989700043360187
9885,forty-two,2,2,2.6989700043360187
9886,fostering,2,2,2.6989700043360187
9887,found.,2,2,2.6989700043360187
9888,"foundational,",2,2,2.6989700043360187
9889,four-axis,2,2,2.6989700043360187
9890,four-method,2,1,3.0
9891,"fourth,",2,2,2.6989700043360187
9892,fourth-line,2,1,3.0
9893,"fpg,",2,1,3.0
9894,fractional,2,2,2.6989700043360187
9895,fractions,2,1,3.0
9896,"fracture,",2,2,2.6989700043360187
9897,fractures.,2,2,2.6989700043360187
9898,fragment,2,2,2.6989700043360187
9899,fragmented.,2,2,2.6989700043360187
9900,framing,2,2,2.6989700043360187
9901,fraudulent,2,1,3.0
9902,freely,2,1,3.0
9903,frequencies,2,2,2.6989700043360187
9904,frequency.,2,2,2.6989700043360187
9905,"frequent,",2,2,2.6989700043360187
9906,frequent.,2,2,2.6989700043360187
9907,frontiers,2,1,3.0
9908,frontotemporal,2,1,3.0
9909,"fructosamine,",2,1,3.0
9910,"ft,",2,1,3.0
9911,fulfilled,2,2,2.6989700043360187
9912,full-dose,2,1,3.0
9913,fused,2,2,2.6989700043360187
9914,future.,2,2,2.6989700043360187
9915,fw,2,1,3.0
9916,"g,",2,2,2.6989700043360187
9917,"g/dl,",2,1,3.0
9918,g/l),2,1,3.0
9919,g/wk,2,1,3.0
9920,g2/m,2,2,2.6989700043360187
9921,"g__monoglobus,",2,1,3.0
9922,gained.,2,2,2.6989700043360187
9923,gaining,2,2,2.6989700043360187
9924,gallate,2,2,2.6989700043360187
9925,garnered,2,2,2.6989700043360187
9926,gasdermin,2,2,2.6989700043360187
9927,gated,2,2,2.6989700043360187
9928,gavage,2,2,2.6989700043360187
9929,gba,2,1,3.0
9930,gcg-positive,2,1,3.0
9931,gcs,2,2,2.6989700043360187
9932,"gdm,",2,2,2.6989700043360187
9933,gdmt,2,1,3.0
9934,gdn+,2,1,3.0
9935,"gemigliptin,",2,1,3.0
9936,"general,",2,2,2.6989700043360187
9937,generalisable,2,2,2.6989700043360187
9938,generalised,2,2,2.6989700043360187
9939,generality,2,2,2.6989700043360187
9940,generalizability.,2,2,2.6989700043360187
9941,generalizable,2,2,2.6989700043360187
9942,"generics,",2,2,2.6989700043360187
9943,"genetic,",2,1,3.0
9944,genotype-tissue,2,2,2.6989700043360187
9945,genuinely,2,2,2.6989700043360187
9946,geography,2,1,3.0
9947,gerd.,2,2,2.6989700043360187
9948,germline,2,1,3.0
9949,gfap-positive,2,1,3.0
9950,gi-aes,2,1,3.0
9951,gip),2,2,2.6989700043360187
9952,gip/glp-1ras,2,1,3.0
9953,"gipr,",2,2,2.6989700043360187
9954,gksset,2,1,3.0
9955,"glands,",2,1,3.0
9956,glar/lispro,2,1,3.0
9957,glds),2,1,3.0
9958,"glp-1),",2,2,2.6989700043360187
9959,glp-1-associated,2,2,2.6989700043360187
9960,glp-1-induced,2,2,2.6989700043360187
9961,glp-1-specific,2,2,2.6989700043360187
9962,glp-1/,2,2,2.6989700043360187
9963,glp-1/apelin,2,1,3.0
9964,glp-1/gip/glucagon,2,2,2.6989700043360187
9965,glp-1r-dependent,2,2,2.6989700043360187
9966,glp-1r.,2,2,2.6989700043360187
9967,glp-1ra),2,2,2.6989700043360187
9968,glp-1ras:,2,2,2.6989700043360187
9969,glp-1ras;,2,2,2.6989700043360187
9970,glp-naive,2,1,3.0
9971,glp1-ra/gip,2,1,3.0
9972,"glp1ra,",2,1,3.0
9973,"glp1ras,",2,2,2.6989700043360187
9974,glucagon-immunopositive,2,1,3.0
9975,glucose-regulating,2,2,2.6989700043360187
9976,glutamatergic,2,1,3.0
9977,"glycemia,",2,2,2.6989700043360187
9978,glycemia.,2,1,3.0
9979,"glycoside,",2,1,3.0
9980,glycosidic,2,2,2.6989700043360187
9981,glycosylated,2,2,2.6989700043360187
9982,go,2,2,2.6989700043360187
9983,goal.,2,2,2.6989700043360187
9984,goals.,2,2,2.6989700043360187
9985,gold,2,2,2.6989700043360187
9986,gonadal,2,2,2.6989700043360187
9987,good-quality,2,2,2.6989700043360187
9988,governed,2,2,2.6989700043360187
9989,government,2,2,2.6989700043360187
9990,gpcr,2,2,2.6989700043360187
9991,gpcrvp,2,1,3.0
9992,gpr119.,2,1,3.0
9993,gradients,2,2,2.6989700043360187
9994,"grains,",2,2,2.6989700043360187
9995,grant,2,2,2.6989700043360187
9996,granulocyte,2,2,2.6989700043360187
9997,"grapes,",2,1,3.0
9998,greater.,2,2,2.6989700043360187
9999,greedy,2,2,2.6989700043360187
10000,grew,2,2,2.6989700043360187
10001,grey,2,2,2.6989700043360187
10002,ground,2,2,2.6989700043360187
10003,grounded,2,2,2.6989700043360187
10004,"group),",2,2,2.6989700043360187
10005,group:,2,2,2.6989700043360187
10006,gsh,2,2,2.6989700043360187
10007,guanylate,2,2,2.6989700043360187
10008,guiding,2,2,2.6989700043360187
10009,"gut,",2,2,2.6989700043360187
10010,gut-adipose,2,1,3.0
10011,göttingen,2,1,3.0
10012,h-bond,2,1,3.0
10013,h2s,2,1,3.0
10014,habits,2,2,2.6989700043360187
10015,"hallmarks,",2,2,2.6989700043360187
10016,halt,2,2,2.6989700043360187
10017,hap,2,1,3.0
10018,"harm,",2,2,2.6989700043360187
10019,"have,",2,2,2.6989700043360187
10020,hblt,2,1,3.0
10021,"hcc,",2,2,2.6989700043360187
10022,hcp,2,1,3.0
10023,"headache,",2,2,2.6989700043360187
10024,healthspan,2,1,3.0
10025,healthspan.,2,2,2.6989700043360187
10026,hearing,2,2,2.6989700043360187
10027,heart.,2,2,2.6989700043360187
10028,heat,2,1,3.0
10029,heavily,2,2,2.6989700043360187
10030,"hedonics,",2,1,3.0
10031,heighten,2,2,2.6989700043360187
10032,heightened,2,2,2.6989700043360187
10033,hematologic,2,1,3.0
10034,hematological,2,1,3.0
10035,hematoxylin,2,2,2.6989700043360187
10036,hemodynamics,2,2,2.6989700043360187
10037,hemorrhage,2,2,2.6989700043360187
10038,hemorrhagic,2,2,2.6989700043360187
10039,hemostatic,2,1,3.0
10040,hepatitis,2,1,3.0
10041,"hepatocytes,",2,2,2.6989700043360187
10042,hepatokine,2,1,3.0
10043,hepatoprotective,2,2,2.6989700043360187
10044,herein,2,2,2.6989700043360187
10045,heterodimerization,2,1,3.0
10046,heterozygosity,2,1,3.0
10047,hf:,2,1,3.0
10048,hf;,2,1,3.0
10049,hfd-induced,2,1,3.0
10050,hgp,2,1,3.0
10051,hgp.,2,1,3.0
10052,high-cost,2,2,2.6989700043360187
10053,high-fat-diet-induced,2,2,2.6989700043360187
10054,high-impact,2,2,2.6989700043360187
10055,"high-quality,",2,2,2.6989700043360187
10056,higher-dose,2,1,3.0
10057,higher-risk,2,2,2.6989700043360187
10058,hippocampus,2,2,2.6989700043360187
10059,hippocampus.,2,2,2.6989700043360187
10060,"histological,",2,2,2.6989700043360187
10061,histology,2,2,2.6989700043360187
10062,"histology,",2,2,2.6989700043360187
10063,histopathological,2,2,2.6989700043360187
10064,histopathology,2,2,2.6989700043360187
10065,historic,2,2,2.6989700043360187
10066,"hiv,",2,1,3.0
10067,hksj,2,1,3.0
10068,hl,2,1,3.0
10069,hl-1,2,1,3.0
10070,hold.,2,1,3.0
10071,homo-lumo,2,1,3.0
10072,hop,2,1,3.0
10073,horizon,2,2,2.6989700043360187
10074,hormonal-phenotype,2,1,3.0
10075,hormonally,2,1,3.0
10076,"hormone,",2,2,2.6989700043360187
10077,"hospital,",2,2,2.6989700043360187
10078,hospitalisations,2,2,2.6989700043360187
10079,"hospitalizations,",2,2,2.6989700043360187
10080,however.,2,2,2.6989700043360187
10081,hpa,2,2,2.6989700043360187
10082,hrsa,2,1,3.0
10083,"hs-crp,",2,2,2.6989700043360187
10084,hsps,2,1,3.0
10085,htrf,2,1,3.0
10086,hubs.,2,2,2.6989700043360187
10087,humanized,2,2,2.6989700043360187
10088,"humans),",2,2,2.6989700043360187
10089,"humeana,",2,1,3.0
10090,hydrolase,2,2,2.6989700043360187
10091,"hyperaminoacidemia,",2,1,3.0
10092,"hyperfiltration,",2,2,2.6989700043360187
10093,"hyperglucagonemia,",2,1,3.0
10094,hyperinsulinemia,2,1,3.0
10095,"hyperinsulinemia,",2,2,2.6989700043360187
10096,hyperlipidemia,2,2,2.6989700043360187
10097,"hyperlipidemia,",2,2,2.6989700043360187
10098,"hyperphagia,",2,2,2.6989700043360187
10099,hypersensitivity,2,1,3.0
10100,hypersensitivity.,2,2,2.6989700043360187
10101,hypertriglyceridemia.,2,2,2.6989700043360187
10102,hypoglycemia-related,2,1,3.0
10103,hypomanic,2,1,3.0
10104,hypotheses.,2,2,2.6989700043360187
10105,"hypothesis,",2,1,3.0
10106,hypothesis-generating:,2,2,2.6989700043360187
10107,hypothesis:,2,2,2.6989700043360187
10108,"hypothetical,",2,2,2.6989700043360187
10109,"hypoxemia,",2,1,3.0
10110,hypoxia-driven,2,1,3.0
10111,hypoxia-suppressive,2,1,3.0
10112,hz),2,1,3.0
10113,i-squared,2,2,2.6989700043360187
10114,i.e.,2,2,2.6989700043360187
10115,iatrogenic,2,2,2.6989700043360187
10116,"ibd,",2,2,2.6989700043360187
10117,ibs-c,2,1,3.0
10118,ibs.,2,1,3.0
10119,ice,2,1,3.0
10120,icers,2,1,3.0
10121,ich,2,1,3.0
10122,"icosema,",2,2,2.6989700043360187
10123,ic₅₀,2,2,2.6989700043360187
10124,id:,2,2,2.6989700043360187
10125,iddm,2,1,3.0
10126,identified:,2,2,2.6989700043360187
10127,identity.,2,2,2.6989700043360187
10128,igg4,2,2,2.6989700043360187
10129,iglartitrated,2,1,3.0
10130,iih,2,2,2.6989700043360187
10131,il-10,2,2,2.6989700043360187
10132,il2ra,2,1,3.0
10133,ileal,2,2,2.6989700043360187
10134,"ileum,",2,2,2.6989700043360187
10135,ileus,2,1,3.0
10136,illustrates,2,2,2.6989700043360187
10137,illustrative,2,2,2.6989700043360187
10138,imbalance.,2,2,2.6989700043360187
10139,imbalances.,2,2,2.6989700043360187
10140,immediately,2,1,3.0
10141,imms,2,1,3.0
10142,immune-inflammatory,2,2,2.6989700043360187
10143,"immunity,",2,2,2.6989700043360187
10144,"immunoblotting,",2,2,2.6989700043360187
10145,immunogenicity,2,2,2.6989700043360187
10146,immunoglobulin,2,2,2.6989700043360187
10147,immunohistochemistry,2,2,2.6989700043360187
10148,immunopathological,2,2,2.6989700043360187
10149,immunopositive,2,1,3.0
10150,immunoprecipitation,2,2,2.6989700043360187
10151,immunosorbent,2,2,2.6989700043360187
10152,immunosuppressive,2,2,2.6989700043360187
10153,"impact,",2,2,2.6989700043360187
10154,implant,2,2,2.6989700043360187
10155,implantable,2,1,3.0
10156,implement,2,2,2.6989700043360187
10157,"implementation,",2,2,2.6989700043360187
10158,implemented.,2,2,2.6989700043360187
10159,implicates,2,2,2.6989700043360187
10160,implicating,2,2,2.6989700043360187
10161,importance.,2,1,3.0
10162,imposes,2,2,2.6989700043360187
10163,"improvements,",2,2,2.6989700043360187
10164,imputation,2,2,2.6989700043360187
10165,imputation.,2,2,2.6989700043360187
10166,imputed,2,2,2.6989700043360187
10167,inability,2,1,3.0
10168,inaccessible,2,2,2.6989700043360187
10169,inaccurate,2,2,2.6989700043360187
10170,inadequacy,2,1,3.0
10171,inadvertently,2,2,2.6989700043360187
10172,incarceration,2,1,3.0
10173,included:,2,2,2.6989700043360187
10174,included;,2,2,2.6989700043360187
10175,income,2,2,2.6989700043360187
10176,inconsistently,2,2,2.6989700043360187
10177,incorrect,2,2,2.6989700043360187
10178,increase),2,1,3.0
10179,"increases,",2,2,2.6989700043360187
10180,increment,2,2,2.6989700043360187
10181,incretin-induced,2,1,3.0
10182,"incretins,",2,2,2.6989700043360187
10183,independence,2,2,2.6989700043360187
10184,index;,2,2,2.6989700043360187
10185,india.,2,2,2.6989700043360187
10186,"indians,",2,1,3.0
10187,indication.,2,2,2.6989700043360187
10188,indigestible,2,1,3.0
10189,indirect.,2,2,2.6989700043360187
10190,individual.,2,1,3.0
10191,"individualised,",2,2,2.6989700043360187
10192,individualising,2,2,2.6989700043360187
10193,individualized.,2,2,2.6989700043360187
10194,"indy,",2,1,3.0
10195,"inertia,",2,2,2.6989700043360187
10196,infections.,2,2,2.6989700043360187
10197,infectious,2,2,2.6989700043360187
10198,inferential,2,2,2.6989700043360187
10199,inferior,2,2,2.6989700043360187
10200,inferred.,2,2,2.6989700043360187
10201,infiltration,2,2,2.6989700043360187
10202,"infiltration,",2,2,2.6989700043360187
10203,inflammaging,2,2,2.6989700043360187
10204,"inflammaging,",2,2,2.6989700043360187
10205,inflammaging.,2,1,3.0
10206,"inflammasome,",2,2,2.6989700043360187
10207,inflammation-mediated,2,2,2.6989700043360187
10208,infrastructure.,2,2,2.6989700043360187
10209,infrequent.,2,2,2.6989700043360187
10210,infused,2,2,2.6989700043360187
10211,ingestive,2,2,2.6989700043360187
10212,ingredients,2,2,2.6989700043360187
10213,inherent,2,2,2.6989700043360187
10214,inherited,2,2,2.6989700043360187
10215,inhibitors),2,2,2.6989700043360187
10216,"initiated,",2,2,2.6989700043360187
10217,initiated.,2,2,2.6989700043360187
10218,initiation;,2,2,2.6989700043360187
10219,initiatives,2,1,3.0
10220,"injections,",2,2,2.6989700043360187
10221,innovator,2,1,3.0
10222,"inos,",2,2,2.6989700043360187
10223,insecurity,2,1,3.0
10224,insecurity.,2,1,3.0
10225,"insomnia,",2,1,3.0
10226,"instability,",2,2,2.6989700043360187
10227,"instead,",2,2,2.6989700043360187
10228,instis,2,1,3.0
10229,institutes,2,2,2.6989700043360187
10230,instructed,2,2,2.6989700043360187
10231,instruction,2,1,3.0
10232,"insufficient,",2,2,2.6989700043360187
10233,insufficient.,2,2,2.6989700043360187
10234,insulin-based,2,2,2.6989700043360187
10235,insulin-granule,2,2,2.6989700043360187
10236,insulin-like,2,2,2.6989700043360187
10237,insulin-related,2,2,2.6989700043360187
10238,insulin-responsive,2,2,2.6989700043360187
10239,insulin/insulin-like,2,2,2.6989700043360187
10240,"insulins,",2,2,2.6989700043360187
10241,"insurance,",2,2,2.6989700043360187
10242,insurance-related,2,2,2.6989700043360187
10243,insurance.,2,2,2.6989700043360187
10244,"insured,",2,2,2.6989700043360187
10245,insured.,2,2,2.6989700043360187
10246,intensity.,2,2,2.6989700043360187
10247,intentional,2,2,2.6989700043360187
10248,inter-organ,2,2,2.6989700043360187
10249,"interaction),",2,1,3.0
10250,intercept,2,2,2.6989700043360187
10251,interchangeable.,2,2,2.6989700043360187
10252,interdependent,2,2,2.6989700043360187
10253,interferon-γ,2,2,2.6989700043360187
10254,interleukin-17/nod-like,2,1,3.0
10255,"intermediate,",2,1,3.0
10256,"interpretation,",2,2,2.6989700043360187
10257,interpretations,2,2,2.6989700043360187
10258,interprofessional,2,1,3.0
10259,interrogated,2,2,2.6989700043360187
10260,interrupted,2,1,3.0
10261,intersection,2,2,2.6989700043360187
10262,"interval,",2,2,2.6989700043360187
10263,intervertebral,2,1,3.0
10264,intestinalis,2,1,3.0
10265,intestines,2,2,2.6989700043360187
10266,intragastric,2,2,2.6989700043360187
10267,intrahepatic,2,2,2.6989700043360187
10268,intramuscular,2,1,3.0
10269,intranasal,2,2,2.6989700043360187
10270,intraperitoneal,2,2,2.6989700043360187
10271,intrarenal,2,2,2.6989700043360187
10272,intrauterine,2,1,3.0
10273,introduce,2,2,2.6989700043360187
10274,introduces,2,2,2.6989700043360187
10275,introducing,2,2,2.6989700043360187
10276,"investigational,",2,2,2.6989700043360187
10277,investigations.,2,2,2.6989700043360187
10278,"investigators,",2,2,2.6989700043360187
10279,invited,2,2,2.6989700043360187
10280,involvement.,2,2,2.6989700043360187
10281,ion-exchange,2,1,3.0
10282,ipfd,2,1,3.0
10283,ipmns,2,1,3.0
10284,ipsilateral,2,1,3.0
10285,iqvia,2,2,2.6989700043360187
10286,iridoid,2,1,3.0
10287,irr,2,2,2.6989700043360187
10288,"irr,",2,1,3.0
10289,irritable,2,2,2.6989700043360187
10290,isolation,2,2,2.6989700043360187
10291,"isolation,",2,2,2.6989700043360187
10292,isotope,2,2,2.6989700043360187
10293,"issue,",2,2,2.6989700043360187
10294,issue.,2,2,2.6989700043360187
10295,"issues,",2,2,2.6989700043360187
10296,issues.,2,2,2.6989700043360187
10297,italian,2,2,2.6989700043360187
10298,jama,2,1,3.0
10299,journals,2,2,2.6989700043360187
10300,just,2,2,2.6989700043360187
10301,justice,2,2,2.6989700043360187
10302,justification,2,2,2.6989700043360187
10303,k48-linked,2,1,3.0
10304,katp,2,1,3.0
10305,kccq-oss,2,1,3.0
10306,kd,2,2,2.6989700043360187
10307,ketamine,2,1,3.0
10308,ketogenic,2,1,3.0
10309,ketonaemia,2,1,3.0
10310,ketosis-prone,2,2,2.6989700043360187
10311,kg.,2,2,2.6989700043360187
10312,kg/m²;,2,2,2.6989700043360187
10313,kidney-related,2,1,3.0
10314,kinetic,2,2,2.6989700043360187
10315,"kinetics,",2,2,2.6989700043360187
10316,kingdom,2,2,2.6989700043360187
10317,knock-in,2,2,2.6989700043360187
10318,"knockdown,",2,2,2.6989700043360187
10319,ko,2,1,3.0
10320,krt,2,1,3.0
10321,kynurenine,2,1,3.0
10322,labdane,2,1,3.0
10323,label,2,2,2.6989700043360187
10324,laboratory-based,2,2,2.6989700043360187
10325,lacks,2,2,2.6989700043360187
10326,"lactation,",2,2,2.6989700043360187
10327,lacticaseibacillus,2,1,3.0
10328,"large-scale,",2,2,2.6989700043360187
10329,lasting,2,2,2.6989700043360187
10330,"lastly,",2,2,2.6989700043360187
10331,"later,",2,1,3.0
10332,later.,2,1,3.0
10333,laterality-verified,2,1,3.0
10334,latin,2,2,2.6989700043360187
10335,law,2,1,3.0
10336,lay,2,2,2.6989700043360187
10337,ldl-cholesterol,2,2,2.6989700043360187
10338,leader,2,2,2.6989700043360187
10339,"learning,",2,2,2.6989700043360187
10340,leave-one-out,2,1,3.0
10341,left-sided,2,1,3.0
10342,leg,2,1,3.0
10343,legal,2,2,2.6989700043360187
10344,"leucettine,",2,1,3.0
10345,leverage,2,2,2.6989700043360187
10346,leveraged,2,2,2.6989700043360187
10347,lewy,2,1,3.0
10348,lhvgat,2,1,3.0
10349,lifestyle-based,2,2,2.6989700043360187
10350,ligilactobacillus,2,2,2.6989700043360187
10351,"linagliptin,",2,2,2.6989700043360187
10352,"line,",2,2,2.6989700043360187
10353,"lines,",2,2,2.6989700043360187
10354,linezolid,2,1,3.0
10355,linkage,2,2,2.6989700043360187
10356,"linkages,",2,2,2.6989700043360187
10357,linoleic,2,2,2.6989700043360187
10358,"lipid,",2,2,2.6989700043360187
10359,lipid-based,2,2,2.6989700043360187
10360,lipid-related,2,2,2.6989700043360187
10361,lipogenesis,2,2,2.6989700043360187
10362,lipogenic,2,2,2.6989700043360187
10363,lipoprotein(a),2,2,2.6989700043360187
10364,"lipoprotein,",2,1,3.0
10365,lipoprotein-cholesterol,2,2,2.6989700043360187
10366,liquids,2,2,2.6989700043360187
10367,listed,2,2,2.6989700043360187
10368,lists,2,2,2.6989700043360187
10369,"lists,",2,2,2.6989700043360187
10370,littermate,2,2,2.6989700043360187
10371,lived,2,2,2.6989700043360187
10372,lklkll,2,1,3.0
10373,ln(uacr),2,1,3.0
10374,ln(x,2,1,3.0
10375,localized,2,2,2.6989700043360187
10376,locomotor,2,2,2.6989700043360187
10377,log,2,2,2.6989700043360187
10378,logic,2,2,2.6989700043360187
10379,"longer-term,",2,2,2.6989700043360187
10380,"longitudinal,",2,2,2.6989700043360187
10381,longitudinally.,2,2,2.6989700043360187
10382,longstanding,2,2,2.6989700043360187
10383,looking,2,2,2.6989700043360187
10384,los,2,1,3.0
10385,low-certainty,2,2,2.6989700043360187
10386,low-fat,2,2,2.6989700043360187
10387,low-risk,2,2,2.6989700043360187
10388,low-to-moderate,2,2,2.6989700043360187
10389,lower-extremity,2,1,3.0
10390,lower-limb,2,2,2.6989700043360187
10391,lowering.,2,2,2.6989700043360187
10392,lowers,2,2,2.6989700043360187
10393,lrrk2,2,1,3.0
10394,lsg,2,2,2.6989700043360187
10395,luciferase,2,2,2.6989700043360187
10396,"lung,",2,2,2.6989700043360187
10397,lvef,2,2,2.6989700043360187
10398,lymphoma,2,1,3.0
10399,"lymphoma,",2,1,3.0
10400,lynch,2,1,3.0
10401,lysate.,2,1,3.0
10402,m2),2,2,2.6989700043360187
10403,m4,2,1,3.0
10404,macrophages.,2,2,2.6989700043360187
10405,magnitudes,2,2,2.6989700043360187
10406,mainstay,2,2,2.6989700043360187
10407,makes,2,2,2.6989700043360187
10408,making.,2,2,2.6989700043360187
10409,male.,2,2,2.6989700043360187
10410,malformations,2,1,3.0
10411,malignancies.,2,2,2.6989700043360187
10412,malignancy,2,2,2.6989700043360187
10413,malnourished,2,2,2.6989700043360187
10414,malondialdehyde,2,2,2.6989700043360187
10415,mam,2,1,3.0
10416,mams,2,1,3.0
10417,manager,2,2,2.6989700043360187
10418,manager®,2,1,3.0
10419,manic,2,1,3.0
10420,manifestation,2,2,2.6989700043360187
10421,"manifestations,",2,2,2.6989700043360187
10422,manifestations.,2,2,2.6989700043360187
10423,manipulation,2,2,2.6989700043360187
10424,manner;,2,2,2.6989700043360187
10425,manufacturer,2,2,2.6989700043360187
10426,manufacturer-reported,2,1,3.0
10427,manuscript,2,2,2.6989700043360187
10428,marks,2,2,2.6989700043360187
10429,married,2,2,2.6989700043360187
10430,mask,2,2,2.6989700043360187
10431,"masld/mash,",2,2,2.6989700043360187
10432,match,2,2,2.6989700043360187
10433,materials.,2,2,2.6989700043360187
10434,"matrices,",2,2,2.6989700043360187
10435,matsuda,2,2,2.6989700043360187
10436,mature,2,2,2.6989700043360187
10437,maturing,2,2,2.6989700043360187
10438,maturity,2,1,3.0
10439,max),2,2,2.6989700043360187
10440,maximize,2,2,2.6989700043360187
10441,mayo,2,1,3.0
10442,mbs;,2,2,2.6989700043360187
10443,mc4r,2,1,3.0
10444,mcfas,2,1,3.0
10445,mci,2,1,3.0
10446,mcp-1,2,1,3.0
10447,mdd.,2,2,2.6989700043360187
10448,"me/cfs,",2,1,3.0
10449,mean),2,2,2.6989700043360187
10450,meaningful.,2,1,3.0
10451,mean±sd,2,1,3.0
10452,measuring,2,2,2.6989700043360187
10453,mechanism-based,2,2,2.6989700043360187
10454,"mediator,",2,2,2.6989700043360187
10455,medicaid.,2,2,2.6989700043360187
10456,"medicare,",2,2,2.6989700043360187
10457,medication-related,2,2,2.6989700043360187
10458,medication-safety,2,2,2.6989700043360187
10459,medication-use,2,1,3.0
10460,medications),2,2,2.6989700043360187
10461,medications;,2,1,3.0
10462,"medicines,",2,2,2.6989700043360187
10463,meglitinides,2,1,3.0
10464,meibomian,2,1,3.0
10465,melatonin,2,2,2.6989700043360187
10466,menopause-specific,2,1,3.0
10467,mental-health,2,1,3.0
10468,merative,2,2,2.6989700043360187
10469,mere,2,2,2.6989700043360187
10470,meta-inflammation,2,1,3.0
10471,"meta-regression,",2,2,2.6989700043360187
10472,metabolic-associated,2,2,2.6989700043360187
10473,metabolic-proteinopathy,2,1,3.0
10474,metabolic/bariatric,2,2,2.6989700043360187
10475,metabolism-related,2,2,2.6989700043360187
10476,metabolite-sensing,2,2,2.6989700043360187
10477,metabolized,2,1,3.0
10478,metagenomic,2,2,2.6989700043360187
10479,"metald,",2,1,3.0
10480,meters,2,2,2.6989700043360187
10481,metformin-treated,2,1,3.0
10482,"method,",2,2,2.6989700043360187
10483,methyl,2,2,2.6989700043360187
10484,methylation,2,2,2.6989700043360187
10485,metric,2,2,2.6989700043360187
10486,metrics.,2,2,2.6989700043360187
10487,mexico.,2,1,3.0
10488,mfr,2,1,3.0
10489,mg/day.,2,2,2.6989700043360187
10490,mg/kg/day,2,1,3.0
10491,mg/kg/day),2,2,2.6989700043360187
10492,mg/l),2,1,3.0
10493,"mg/l,",2,2,2.6989700043360187
10494,mi.,2,1,3.0
10495,micro-,2,2,2.6989700043360187
10496,microbe,2,1,3.0
10497,microbiome-derived,2,2,2.6989700043360187
10498,microbiome-targeted,2,2,2.6989700043360187
10499,microbiota-associated,2,2,2.6989700043360187
10500,microbiota-colonized,2,1,3.0
10501,microbiota-derived,2,2,2.6989700043360187
10502,microbiota-targeted,2,2,2.6989700043360187
10503,microbiota.,2,2,2.6989700043360187
10504,"microdomains,",2,2,2.6989700043360187
10505,mid-term,2,2,2.6989700043360187
10506,"midazolam,",2,1,3.0
10507,middle-aged,2,2,2.6989700043360187
10508,middle-income,2,2,2.6989700043360187
10509,milestones,2,2,2.6989700043360187
10510,milligrams,2,2,2.6989700043360187
10511,millions,2,2,2.6989700043360187
10512,milt,2,1,3.0
10513,mimetic,2,2,2.6989700043360187
10514,mimetics,2,2,2.6989700043360187
10515,min6-derived,2,1,3.0
10516,mindful,2,1,3.0
10517,mini,2,2,2.6989700043360187
10518,minute,2,2,2.6989700043360187
10519,minutes,2,2,2.6989700043360187
10520,mir-214-3p,2,1,3.0
10521,misclassification,2,2,2.6989700043360187
10522,misinformation,2,2,2.6989700043360187
10523,mismatch,2,2,2.6989700043360187
10524,missense,2,2,2.6989700043360187
10525,mitophagy,2,2,2.6989700043360187
10526,mk-626,2,1,3.0
10527,ml,2,2,2.6989700043360187
10528,mm-pbsa,2,1,3.0
10529,mm/gbsa,2,1,3.0
10530,mmhg;,2,1,3.0
10531,mmol.l-1,2,1,3.0
10532,mmol/l;,2,2,2.6989700043360187
10533,mmol/mol),2,2,2.6989700043360187
10534,"mmol/mol],",2,1,3.0
10535,mmse,2,1,3.0
10536,mobility,2,1,3.0
10537,"mobility,",2,2,2.6989700043360187
10538,"mobilization,",2,1,3.0
10539,modalities,2,2,2.6989700043360187
10540,modalities.,2,2,2.6989700043360187
10541,modality,2,2,2.6989700043360187
10542,mode,2,2,2.6989700043360187
10543,modeling.,2,2,2.6989700043360187
10544,"modelling,",2,2,2.6989700043360187
10545,models),2,2,2.6989700043360187
10546,models;,2,2,2.6989700043360187
10547,moderate-to-high,2,2,2.6989700043360187
10548,mody,2,1,3.0
10549,"mody,",2,1,3.0
10550,moment,2,2,2.6989700043360187
10551,monitored.,2,2,2.6989700043360187
10552,"monkeys,",2,2,2.6989700043360187
10553,monoaminergic,2,2,2.6989700043360187
10554,monoclonal,2,2,2.6989700043360187
10555,mononuclear,2,1,3.0
10556,mononucleotide,2,2,2.6989700043360187
10557,"monster,",2,1,3.0
10558,months;,2,2,2.6989700043360187
10559,morphology.,2,2,2.6989700043360187
10560,mortality).,2,2,2.6989700043360187
10561,morusin,2,1,3.0
10562,motivation.,2,1,3.0
10563,motivationally,2,1,3.0
10564,mounting,2,2,2.6989700043360187
10565,mouth,2,1,3.0
10566,movement,2,1,3.0
10567,mras.,2,1,3.0
10568,mstn,2,1,3.0
10569,mtdna/ndna,2,1,3.0
10570,mtp-mtorc1i,2,1,3.0
10571,mucoadhesion,2,1,3.0
10572,mucoadhesive,2,1,3.0
10573,multi-ethnic,2,2,2.6989700043360187
10574,multi-faceted,2,1,3.0
10575,multi-mechanistic,2,2,2.6989700043360187
10576,multi-modal,2,2,2.6989700043360187
10577,multi-species,2,1,3.0
10578,multi-stage,2,2,2.6989700043360187
10579,multi-strain,2,1,3.0
10580,multi-system,2,2,2.6989700043360187
10581,"multiagonists,",2,2,2.6989700043360187
10582,multicomponent,2,2,2.6989700043360187
10583,multidose,2,2,2.6989700043360187
10584,multifunctional,2,1,3.0
10585,multilevel,2,2,2.6989700043360187
10586,multimorbidity,2,2,2.6989700043360187
10587,multiomic,2,1,3.0
10588,multiorgan,2,2,2.6989700043360187
10589,multiple-ascending-dose,2,2,2.6989700043360187
10590,multiplicative,2,2,2.6989700043360187
10591,multivalent,2,2,2.6989700043360187
10592,multiyear,2,2,2.6989700043360187
10593,muscle-gut,2,1,3.0
10594,mussel-inspired,2,1,3.0
10595,"mutation,",2,2,2.6989700043360187
10596,mutations,2,2,2.6989700043360187
10597,myopia-control,2,1,3.0
10598,myotubes,2,2,2.6989700043360187
10599,myriad,2,2,2.6989700043360187
10600,n-3,2,1,3.0
10601,n-acetylcysteine,2,2,2.6989700043360187
10602,na+,2,1,3.0
10603,nad,2,1,3.0
10604,naltrexone/bupropion,2,1,3.0
10605,"name,",2,2,2.6989700043360187
10606,named,2,2,2.6989700043360187
10607,nano-phytomedicine,2,1,3.0
10608,nanoparticles,2,2,2.6989700043360187
10609,narrowing,2,2,2.6989700043360187
10610,"natriuresis,",2,2,2.6989700043360187
10611,naturalistic,2,1,3.0
10612,nausea/vomiting,2,2,2.6989700043360187
10613,navigate,2,2,2.6989700043360187
10614,naïve,2,2,2.6989700043360187
10615,nco,2,1,3.0
10616,nct03574597.,2,2,2.6989700043360187
10617,ne.,2,1,3.0
10618,near-complete,2,2,2.6989700043360187
10619,near-normoglycemic,2,1,3.0
10620,nearest-neighbor,2,2,2.6989700043360187
10621,necessitate,2,2,2.6989700043360187
10622,necessitating,2,2,2.6989700043360187
10623,necessity,2,2,2.6989700043360187
10624,needle,2,1,3.0
10625,negligible,2,2,2.6989700043360187
10626,neoplasia,2,1,3.0
10627,"neoplasms,",2,2,2.6989700043360187
10628,neoplasms.,2,1,3.0
10629,neoplastic,2,2,2.6989700043360187
10630,"nervosa,",2,2,2.6989700043360187
10631,"neural,",2,1,3.0
10632,neuroarthropathy,2,1,3.0
10633,"neuroarthropathy,",2,1,3.0
10634,neurobehavioral,2,2,2.6989700043360187
10635,neurocardiac,2,2,2.6989700043360187
10636,neurocognitive,2,2,2.6989700043360187
10637,neurodegeneration,2,2,2.6989700043360187
10638,neurodegeneration.,2,1,3.0
10639,neuroglial,2,2,2.6989700043360187
10640,"neurohormonal,",2,2,2.6989700043360187
10641,neurohumoral,2,2,2.6989700043360187
10642,neuromodulators,2,1,3.0
10643,neuron,2,2,2.6989700043360187
10644,"neurons,",2,2,2.6989700043360187
10645,"neuropeptides,",2,2,2.6989700043360187
10646,neuroprotection,2,2,2.6989700043360187
10647,"neuroprotective,",2,2,2.6989700043360187
10648,neurotransmitters,2,2,2.6989700043360187
10649,never-users,2,1,3.0
10650,"next-generation,",2,2,2.6989700043360187
10651,nhs,2,2,2.6989700043360187
10652,niche,2,1,3.0
10653,"nicotinamide,",2,1,3.0
10654,nigrum,2,1,3.0
10655,nissen,2,1,3.0
10656,nitrogen,2,2,2.6989700043360187
10657,nm),2,2,2.6989700043360187
10658,"nm,",2,2,2.6989700043360187
10659,nociceptive,2,2,2.6989700043360187
10660,nod-like,2,2,2.6989700043360187
10661,node,2,2,2.6989700043360187
10662,nodes,2,2,2.6989700043360187
10663,"nodules,",2,2,2.6989700043360187
10664,nomenclature,2,2,2.6989700043360187
10665,non-cirrhotic,2,2,2.6989700043360187
10666,non-clinical,2,2,2.6989700043360187
10667,non-dialysis-dependent,2,2,2.6989700043360187
10668,non-english,2,2,2.6989700043360187
10669,non-glp,2,1,3.0
10670,non-governmental,2,1,3.0
10671,non-immunologic,2,1,3.0
10672,non-inflammatory,2,1,3.0
10673,non-initiation,2,1,3.0
10674,"non-initiators,",2,1,3.0
10675,non-injectable,2,2,2.6989700043360187
10676,non-obstructive,2,2,2.6989700043360187
10677,non-pmos,2,1,3.0
10678,non-renal,2,2,2.6989700043360187
10679,non-response,2,2,2.6989700043360187
10680,non-traditional,2,2,2.6989700043360187
10681,non-use,2,1,3.0
10682,noncoding,2,2,2.6989700043360187
10683,none.,2,2,2.6989700043360187
10684,nonhuman,2,2,2.6989700043360187
10685,nonintensive,2,1,3.0
10686,nonlinear,2,2,2.6989700043360187
10687,nonobese,2,2,2.6989700043360187
10688,"nonobese,",2,1,3.0
10689,nonsignificant,2,2,2.6989700043360187
10690,nordisk,2,2,2.6989700043360187
10691,nordisk),2,2,2.6989700043360187
10692,normal-dose,2,1,3.0
10693,normalisation,2,2,2.6989700043360187
10694,normative,2,2,2.6989700043360187
10695,normoglycaemia,2,1,3.0
10696,normoglycaemic,2,1,3.0
10697,northeast,2,2,2.6989700043360187
10698,northwestern,2,1,3.0
10699,"not,",2,2,2.6989700043360187
10700,noxious,2,1,3.0
10701,npy4r,2,1,3.0
10702,nrf2/gpx4,2,2,2.6989700043360187
10703,ntsglp1r,2,1,3.0
10704,nuclei.,2,2,2.6989700043360187
10705,nucleoside,2,2,2.6989700043360187
10706,nud.,2,1,3.0
10707,numerical,2,2,2.6989700043360187
10708,nutraceuticals,2,2,2.6989700043360187
10709,nutrients,2,2,2.6989700043360187
10710,"nutrients,",2,2,2.6989700043360187
10711,nutrients.,2,2,2.6989700043360187
10712,nvtdr,2,1,3.0
10713,nvu,2,1,3.0
10714,oa.,2,2,2.6989700043360187
10715,oatp1b,2,1,3.0
10716,oatp1b.,2,1,3.0
10717,"obese,",2,1,3.0
10718,obesity's,2,2,2.6989700043360187
10719,obesity-care,2,2,2.6989700043360187
10720,obesity-induced,2,2,2.6989700043360187
10721,objectively,2,2,2.6989700043360187
10722,objectives,2,2,2.6989700043360187
10723,objectives:,2,2,2.6989700043360187
10724,obligate,2,1,3.0
10725,observational.,2,2,2.6989700043360187
10726,observe,2,2,2.6989700043360187
10727,observed:,2,2,2.6989700043360187
10728,obstetric,2,2,2.6989700043360187
10729,"obstetric,",2,1,3.0
10730,obstruction.,2,2,2.6989700043360187
10731,obstruction/ileus,2,1,3.0
10732,oc,2,1,3.0
10733,occlusion,2,2,2.6989700043360187
10734,ocn-expressing,2,1,3.0
10735,octt,2,1,3.0
10736,odds.,2,2,2.6989700043360187
10737,oesophageal,2,1,3.0
10738,oesophagus/adenocarcinoma,2,1,3.0
10739,off,2,2,2.6989700043360187
10740,offsets,2,1,3.0
10741,oils,2,1,3.0
10742,oily,2,1,3.0
10743,ojps,2,1,3.0
10744,olanzapine.,2,1,3.0
10745,oligomer,2,2,2.6989700043360187
10746,olive,2,2,2.6989700043360187
10747,omega-3,2,2,2.6989700043360187
10748,oncology,2,2,2.6989700043360187
10749,oncology.,2,2,2.6989700043360187
10750,one-carbon,2,2,2.6989700043360187
10751,one-quarter,2,2,2.6989700043360187
10752,one-through,2,1,3.0
10753,one-way,2,1,3.0
10754,one.,2,2,2.6989700043360187
10755,ones,2,2,2.6989700043360187
10756,"onset,",2,1,3.0
10757,onwards,2,2,2.6989700043360187
10758,open-ended,2,2,2.6989700043360187
10759,operational,2,1,3.0
10760,operationalized,2,2,2.6989700043360187
10761,operationally,2,2,2.6989700043360187
10762,opposes,2,2,2.6989700043360187
10763,"optimal,",2,2,2.6989700043360187
10764,optimizes,2,2,2.6989700043360187
10765,optional,2,2,2.6989700043360187
10766,optum,2,2,2.6989700043360187
10767,"or,",2,2,2.6989700043360187
10768,oral-cecal,2,1,3.0
10769,orchestrate,2,2,2.6989700043360187
10770,orchestrates,2,2,2.6989700043360187
10771,ordinal,2,2,2.6989700043360187
10772,organic,2,2,2.6989700043360187
10773,"organization,",2,2,2.6989700043360187
10774,organizations.,2,2,2.6989700043360187
10775,"organoids,",2,2,2.6989700043360187
10776,orientation-dependent,2,1,3.0
10777,origins,2,2,2.6989700043360187
10778,orthostatic,2,1,3.0
10779,osa-related,2,2,2.6989700043360187
10780,osa.,2,2,2.6989700043360187
10781,osteocalcin,2,2,2.6989700043360187
10782,osteoclast,2,1,3.0
10783,osteoclastogenesis,2,2,2.6989700043360187
10784,osteolysis,2,1,3.0
10785,"osteolysis,",2,1,3.0
10786,osteolytic,2,1,3.0
10787,osteomyelitis,2,1,3.0
10788,"osteoporosis,",2,2,2.6989700043360187
10789,other.,2,2,2.6989700043360187
10790,otherwise,2,2,2.6989700043360187
10791,otolaryngologists,2,2,2.6989700043360187
10792,out-of-pocket,2,2,2.6989700043360187
10793,outcome-specific,2,2,2.6989700043360187
10794,outcomes:,2,2,2.6989700043360187
10795,outlined,2,2,2.6989700043360187
10796,"outpatient,",2,2,2.6989700043360187
10797,"overlap,",2,1,3.0
10798,"overload,",2,2,2.6989700043360187
10799,"overproduction,",2,2,2.6989700043360187
10800,overweight/obese,2,2,2.6989700043360187
10801,"overweight/obesity,",2,2,2.6989700043360187
10802,"oxidation,",2,2,2.6989700043360187
10803,oxphos,2,1,3.0
10804,oxycodone,2,1,3.0
10805,p-glycoprotein-mediated,2,2,2.6989700043360187
10806,"p<0.0001),",2,1,3.0
10807,p<0·0001).,2,2,2.6989700043360187
10808,p=.02;,2,1,3.0
10809,p=0.007).,2,2,2.6989700043360187
10810,p>0.05).,2,2,2.6989700043360187
10811,p_perm,2,1,3.0
10812,"pairs,",2,2,2.6989700043360187
10813,pairs;,2,2,2.6989700043360187
10814,palatable,2,2,2.6989700043360187
10815,"pallor,",2,2,2.6989700043360187
10816,pan-peroxisome,2,2,2.6989700043360187
10817,"pancreas,",2,2,2.6989700043360187
10818,pancreatitis.,2,2,2.6989700043360187
10819,pancreatobiliary,2,2,2.6989700043360187
10820,panelists,2,1,3.0
10821,papers,2,2,2.6989700043360187
10822,papillary,2,2,2.6989700043360187
10823,paracrine,2,1,3.0
10824,paradigms,2,2,2.6989700043360187
10825,paradox:,2,2,2.6989700043360187
10826,paradoxical,2,2,2.6989700043360187
10827,"parallel-group,",2,2,2.6989700043360187
10828,parasomnia,2,1,3.0
10829,parental,2,2,2.6989700043360187
10830,"part,",2,2,2.6989700043360187
10831,patents,2,1,3.0
10832,pathogenesis.,2,2,2.6989700043360187
10833,pathologically,2,2,2.6989700043360187
10834,"pathologies,",2,2,2.6989700043360187
10835,pathologies.,2,2,2.6989700043360187
10836,pathway-specific,2,2,2.6989700043360187
10837,"patient,",2,2,2.6989700043360187
10838,patient-oriented,2,1,3.0
10839,patients),2,2,2.6989700043360187
10840,patients;,2,2,2.6989700043360187
10841,pattern.,2,2,2.6989700043360187
10842,payers,2,2,2.6989700043360187
10843,payment,2,2,2.6989700043360187
10844,pbh.,2,1,3.0
10845,pce.,2,1,3.0
10846,pcf,2,1,3.0
10847,pci,2,1,3.0
10848,pcos.,2,2,2.6989700043360187
10849,pcp-j-1,2,1,3.0
10850,pcs.,2,1,3.0
10851,pcsk9,2,2,2.6989700043360187
10852,"pd,",2,2,2.6989700043360187
10853,pd.,2,2,2.6989700043360187
10854,pdac.,2,2,2.6989700043360187
10855,"pe,",2,1,3.0
10856,"peak,",2,1,3.0
10857,peaked,2,2,2.6989700043360187
10858,pelvic,2,2,2.6989700043360187
10859,penk,2,1,3.0
10860,pens,2,2,2.6989700043360187
10861,peptide-1(glp-1),2,2,2.6989700043360187
10862,peptide-1),2,2,2.6989700043360187
10863,peptide-1.,2,2,2.6989700043360187
10864,"percentage,",2,2,2.6989700043360187
10865,"perceptions,",2,1,3.0
10866,perfusion.,2,2,2.6989700043360187
10867,peri-,2,1,3.0
10868,perifusion,2,2,2.6989700043360187
10869,periods:,2,2,2.6989700043360187
10870,peritoneal,2,2,2.6989700043360187
10871,permeability.,2,2,2.6989700043360187
10872,"permeation,",2,2,2.6989700043360187
10873,permissive,2,1,3.0
10874,peroral,2,1,3.0
10875,peroxidation,2,1,3.0
10876,"peroxidation,",2,2,2.6989700043360187
10877,peroxidation.,2,2,2.6989700043360187
10878,peroxide,2,2,2.6989700043360187
10879,"persistent,",2,2,2.6989700043360187
10880,persistently,2,2,2.6989700043360187
10881,person-year,2,2,2.6989700043360187
10882,personalised,2,2,2.6989700043360187
10883,"personalised,",2,1,3.0
10884,pervasive,2,2,2.6989700043360187
10885,pet,2,1,3.0
10886,pet.,2,1,3.0
10887,pf,2,1,3.0
10888,pg.ml-1,2,1,3.0
10889,pgc-1α,2,1,3.0
10890,pharmacist-led,2,1,3.0
10891,pharmacists,2,2,2.6989700043360187
10892,pharmacoepidemiologic,2,1,3.0
10893,pharmacoepidemiology,2,2,2.6989700043360187
10894,pharmacoequity,2,1,3.0
10895,pharmacokinetics.,2,2,2.6989700043360187
10896,pharmacophoric,2,1,3.0
10897,pharmacotherapies.,2,2,2.6989700043360187
10898,phases.,2,2,2.6989700043360187
10899,phenolic,2,2,2.6989700043360187
10900,phenotype-aware,2,2,2.6989700043360187
10901,phenotype-specific,2,2,2.6989700043360187
10902,phenotype-stratified,2,2,2.6989700043360187
10903,"phentermine/topiramate,",2,2,2.6989700043360187
10904,phosphodiesterase,2,2,2.6989700043360187
10905,phospholipids,2,2,2.6989700043360187
10906,"phosphorylation,",2,2,2.6989700043360187
10907,phq-9,2,1,3.0
10908,pi3k/akt,2,2,2.6989700043360187
10909,"pi3k/akt,",2,2,2.6989700043360187
10910,pi3k/akt/sf-1,2,1,3.0
10911,pi:c,2,1,3.0
10912,pid8-10,2,1,3.0
10913,pillars:,2,2,2.6989700043360187
10914,pioneering,2,2,2.6989700043360187
10915,pk/pd,2,2,2.6989700043360187
10916,"pka,",2,1,3.0
10917,pl,2,1,3.0
10918,placebo-subtracted,2,1,3.0
10919,placebo:,2,2,2.6989700043360187
10920,placement,2,2,2.6989700043360187
10921,places,2,2,2.6989700043360187
10922,planning,2,2,2.6989700043360187
10923,plans,2,2,2.6989700043360187
10924,plants,2,2,2.6989700043360187
10925,"platform,",2,2,2.6989700043360187
10926,platform.,2,2,2.6989700043360187
10927,"platforms,",2,1,3.0
10928,plga,2,2,2.6989700043360187
10929,plumieride,2,1,3.0
10930,pmca4,2,1,3.0
10931,"pmos,",2,2,2.6989700043360187
10932,points),2,1,3.0
10933,"points),",2,1,3.0
10934,points);,2,1,3.0
10935,pollock,2,1,3.0
10936,polymorphisms,2,2,2.6989700043360187
10937,polypeptides,2,2,2.6989700043360187
10938,"polypharmacy,",2,2,2.6989700043360187
10939,polysaccharide,2,2,2.6989700043360187
10940,polysaccharides.,2,2,2.6989700043360187
10941,polyunsaturated,2,2,2.6989700043360187
10942,"polyuria,",2,2,2.6989700043360187
10943,pomc,2,1,3.0
10944,pooled.,2,2,2.6989700043360187
10945,popularity,2,2,2.6989700043360187
10946,portosystemic,2,1,3.0
10947,positive-control,2,2,2.6989700043360187
10948,positron,2,2,2.6989700043360187
10949,post-ablation,2,1,3.0
10950,post-discontinuation,2,1,3.0
10951,post-dose,2,1,3.0
10952,post-transplant,2,2,2.6989700043360187
10953,post-transplant.,2,2,2.6989700043360187
10954,postdialysis,2,1,3.0
10955,postdialytic,2,1,3.0
10956,"postoperatively,",2,2,2.6989700043360187
10957,potassium,2,2,2.6989700043360187
10958,"potassium,",2,2,2.6989700043360187
10959,potassium.,2,2,2.6989700043360187
10960,"potency,",2,2,2.6989700043360187
10961,potentiation,2,1,3.0
10962,ppara,2,1,3.0
10963,"pparα,",2,2,2.6989700043360187
10964,pparγ,2,2,2.6989700043360187
10965,"practical,",2,2,2.6989700043360187
10966,practice;,2,2,2.6989700043360187
10967,practicing,2,2,2.6989700043360187
10968,prader-willi,2,2,2.6989700043360187
10969,"pragmatic,",2,2,2.6989700043360187
10970,"pre-assessment,",2,1,3.0
10971,pre-registered,2,2,2.6989700043360187
10972,pre-stroke,2,1,3.0
10973,pre-treatment,2,2,2.6989700043360187
10974,pre-use,2,1,3.0
10975,preadipocyte,2,1,3.0
10976,preceded,2,2,2.6989700043360187
10977,precedes,2,2,2.6989700043360187
10978,precipitant,2,1,3.0
10979,precisely,2,2,2.6989700043360187
10980,precision.,2,2,2.6989700043360187
10981,precludes,2,2,2.6989700043360187
10982,precursor,2,2,2.6989700043360187
10983,predialysis,2,2,2.6989700043360187
10984,predictors.,2,2,2.6989700043360187
10985,predisposing,2,2,2.6989700043360187
10986,preferences,2,2,2.6989700043360187
10987,preferentially,2,2,2.6989700043360187
10988,pregnancy-related,2,2,2.6989700043360187
10989,pregnancy.,2,2,2.6989700043360187
10990,premenopausal,2,2,2.6989700043360187
10991,"preoccupation,",2,2,2.6989700043360187
10992,preoperatively.,2,2,2.6989700043360187
10993,prepare,2,2,2.6989700043360187
10994,"preprint,",2,2,2.6989700043360187
10995,preregistered,2,2,2.6989700043360187
10996,prerequisite,2,2,2.6989700043360187
10997,"prescribers,",2,2,2.6989700043360187
10998,"prescriptions,",2,2,2.6989700043360187
10999,prescriptions.,2,2,2.6989700043360187
11000,present.,2,2,2.6989700043360187
11001,"presentations,",2,2,2.6989700043360187
11002,preserved.,2,2,2.6989700043360187
11003,"prespecified,",2,2,2.6989700043360187
11004,press,2,2,2.6989700043360187
11005,pressures.,2,2,2.6989700043360187
11006,preterm,2,2,2.6989700043360187
11007,prevailing,2,2,2.6989700043360187
11008,prevalence-based,2,2,2.6989700043360187
11009,prevalence.,2,2,2.6989700043360187
11010,prevented,2,2,2.6989700043360187
11011,prices,2,1,3.0
11012,primate,2,2,2.6989700043360187
11013,principally,2,2,2.6989700043360187
11014,principle,2,2,2.6989700043360187
11015,prior-authorization,2,1,3.0
11016,"priorities,",2,2,2.6989700043360187
11017,prioritizing,2,2,2.6989700043360187
11018,prisma-compliant,2,2,2.6989700043360187
11019,pro,2,2,2.6989700043360187
11020,probable,2,2,2.6989700043360187
11021,probably,2,2,2.6989700043360187
11022,problems,2,2,2.6989700043360187
11023,problems.,2,1,3.0
11024,processed,2,2,2.6989700043360187
11025,"processes,",2,2,2.6989700043360187
11026,"processing,",2,2,2.6989700043360187
11027,producers,2,1,3.0
11028,productive,2,2,2.6989700043360187
11029,productivity,2,1,3.0
11030,"productivity,",2,1,3.0
11031,profibrotic,2,2,2.6989700043360187
11032,proglucagon,2,2,2.6989700043360187
11033,"prognosis,",2,2,2.6989700043360187
11034,prognosis.,2,2,2.6989700043360187
11035,programme.,2,2,2.6989700043360187
11036,programmed,2,2,2.6989700043360187
11037,programmes,2,2,2.6989700043360187
11038,"programmes,",2,2,2.6989700043360187
11039,programming,2,2,2.6989700043360187
11040,"programs,",2,2,2.6989700043360187
11041,programs.,2,2,2.6989700043360187
11042,"progress,",2,2,2.6989700043360187
11043,progress.,2,2,2.6989700043360187
11044,"progressive,",2,2,2.6989700043360187
11045,project,2,2,2.6989700043360187
11046,proliferator,2,1,3.0
11047,prominence,2,2,2.6989700043360187
11048,promise.,2,2,2.6989700043360187
11049,"promoter,",2,2,2.6989700043360187
11050,prompt,2,2,2.6989700043360187
11051,propagation,2,2,2.6989700043360187
11052,properties;,2,2,2.6989700043360187
11053,proportionally,2,2,2.6989700043360187
11054,proprietary,2,2,2.6989700043360187
11055,"prospero,",2,2,2.6989700043360187
11056,prostate,2,2,2.6989700043360187
11057,"proteases,",2,1,3.0
11058,protected,2,2,2.6989700043360187
11059,protein),2,2,2.6989700043360187
11060,proteins.,2,2,2.6989700043360187
11061,"proteobacteria,",2,2,2.6989700043360187
11062,"proteolysis,",2,1,3.0
11063,proteomics,2,2,2.6989700043360187
11064,proteostasis.,2,2,2.6989700043360187
11065,"protocol,",2,2,2.6989700043360187
11066,provision,2,2,2.6989700043360187
11067,"prr,",2,2,2.6989700043360187
11068,psychiatry,2,2,2.6989700043360187
11069,psychometric,2,1,3.0
11070,psychopathology,2,1,3.0
11071,psychostimulant,2,1,3.0
11072,psychotropic,2,2,2.6989700043360187
11073,ptc,2,1,3.0
11074,pubertal,2,2,2.6989700043360187
11075,puberty.,2,2,2.6989700043360187
11076,publicly,2,2,2.6989700043360187
11077,"published,",2,1,3.0
11078,pul,2,1,3.0
11079,purity,2,2,2.6989700043360187
11080,purposes.,2,2,2.6989700043360187
11081,pw,2,1,3.0
11082,pwcf.,2,1,3.0
11083,pws,2,2,2.6989700043360187
11084,"pws,",2,1,3.0
11085,q3,2,2,2.6989700043360187
11086,"qaly),",2,2,2.6989700043360187
11087,qalys,2,2,2.6989700043360187
11088,qualifying,2,2,2.6989700043360187
11089,qualitatively,2,2,2.6989700043360187
11090,quantification,2,2,2.6989700043360187
11091,"quercetin,",2,2,2.6989700043360187
11092,questionnaire.,2,2,2.6989700043360187
11093,race,2,2,2.6989700043360187
11094,"racial,",2,2,2.6989700043360187
11095,radiological,2,1,3.0
11096,rand,2,1,3.0
11097,random/fasting,2,1,3.0
11098,randomisation.,2,1,3.0
11099,randomised-controlled,2,2,2.6989700043360187
11100,randomized-controlled,2,2,2.6989700043360187
11101,ranges,2,2,2.6989700043360187
11102,rank-sum,2,2,2.6989700043360187
11103,rapidly.,2,2,2.6989700043360187
11104,ratios.,2,2,2.6989700043360187
11105,rats;,2,2,2.6989700043360187
11106,rcr.,2,1,3.0
11107,re-escalation,2,2,2.6989700043360187
11108,reachability,2,1,3.0
11109,reaches,2,2,2.6989700043360187
11110,reactions.,2,2,2.6989700043360187
11111,"real-world,",2,2,2.6989700043360187
11112,reason,2,2,2.6989700043360187
11113,reasonable,2,2,2.6989700043360187
11114,"rebound,",2,1,3.0
11115,receipt,2,2,2.6989700043360187
11116,receptor),2,2,2.6989700043360187
11117,receptor-compatible,2,2,2.6989700043360187
11118,receptor-network,2,1,3.0
11119,"recognition,",2,2,2.6989700043360187
11120,recommendation,2,2,2.6989700043360187
11121,reconstruction.,2,1,3.0
11122,"recruitment,",2,2,2.6989700043360187
11123,red,2,2,2.6989700043360187
11124,redefining,2,2,2.6989700043360187
11125,redocking,2,1,3.0
11126,reduction),2,1,3.0
11127,refeeding,2,1,3.0
11128,refeeding.,2,1,3.0
11129,"reference,",2,1,3.0
11130,referenced,2,2,2.6989700043360187
11131,refined,2,2,2.6989700043360187
11132,reframing,2,2,2.6989700043360187
11133,regained,2,2,2.6989700043360187
11134,regards,2,2,2.6989700043360187
11135,"regeneration,",2,2,2.6989700043360187
11136,regeneration.,2,2,2.6989700043360187
11137,"regimens,",2,2,2.6989700043360187
11138,region.,2,2,2.6989700043360187
11139,registers,2,2,2.6989700043360187
11140,registry.,2,2,2.6989700043360187
11141,"regulators,",2,2,2.6989700043360187
11142,"regulatory,",2,2,2.6989700043360187
11143,regurgitation.,2,1,3.0
11144,rehabilitation,2,2,2.6989700043360187
11145,reinforced,2,2,2.6989700043360187
11146,reinforcing,2,2,2.6989700043360187
11147,relapse.,2,2,2.6989700043360187
11148,relate,2,2,2.6989700043360187
11149,relationship.,2,2,2.6989700043360187
11150,"relationships,",2,2,2.6989700043360187
11151,relatives.,2,2,2.6989700043360187
11152,relaxation,2,1,3.0
11153,relevant.,2,2,2.6989700043360187
11154,reliability,2,2,2.6989700043360187
11155,"reliability,",2,2,2.6989700043360187
11156,reliability.,2,2,2.6989700043360187
11157,relieve,2,2,2.6989700043360187
11158,remarkable,2,2,2.6989700043360187
11159,remodeled,2,2,2.6989700043360187
11160,renal-protective,2,2,2.6989700043360187
11161,renoprotection,2,2,2.6989700043360187
11162,repairs,2,1,3.0
11163,repertoire,2,2,2.6989700043360187
11164,repetitions,2,1,3.0
11165,replace,2,2,2.6989700043360187
11166,"replacement,",2,2,2.6989700043360187
11167,replicated,2,2,2.6989700043360187
11168,replication,2,2,2.6989700043360187
11169,replication.,2,2,2.6989700043360187
11170,report.,2,2,2.6989700043360187
11171,"reporting,",2,2,2.6989700043360187
11172,repositioning,2,2,2.6989700043360187
11173,representativeness,2,2,2.6989700043360187
11174,reproduced,2,2,2.6989700043360187
11175,reproducibility,2,2,2.6989700043360187
11176,reproductive-age,2,2,2.6989700043360187
11177,reproductive-aged,2,2,2.6989700043360187
11178,reprogrammed,2,2,2.6989700043360187
11179,required;,2,2,2.6989700043360187
11180,reserve,2,2,2.6989700043360187
11181,"reserve,",2,2,2.6989700043360187
11182,"residues,",2,2,2.6989700043360187
11183,resolve,2,2,2.6989700043360187
11184,"resolved,",2,2,2.6989700043360187
11185,"resorption,",2,2,2.6989700043360187
11186,"respectively),",2,2,2.6989700043360187
11187,respiration,2,1,3.0
11188,"respiratory,",2,2,2.6989700043360187
11189,"respondents,",2,2,2.6989700043360187
11190,responds,2,2,2.6989700043360187
11191,response:,2,2,2.6989700043360187
11192,response;,2,2,2.6989700043360187
11193,responsibilities,2,2,2.6989700043360187
11194,responsibly,2,2,2.6989700043360187
11195,rest,2,2,2.6989700043360187
11196,restart,2,1,3.0
11197,resting,2,2,2.6989700043360187
11198,"restoration,",2,2,2.6989700043360187
11199,restoration.,2,1,3.0
11200,restriction.,2,2,2.6989700043360187
11201,restrictions.,2,2,2.6989700043360187
11202,restricts,2,2,2.6989700043360187
11203,"result,",2,2,2.6989700043360187
11204,"resveratrol,",2,2,2.6989700043360187
11205,retail,2,1,3.0
11206,retain,2,2,2.6989700043360187
11207,retaining,2,2,2.6989700043360187
11208,retains,2,2,2.6989700043360187
11209,retatrutide),2,2,2.6989700043360187
11210,retatrutide.,2,2,2.6989700043360187
11211,retear,2,1,3.0
11212,retention.,2,2,2.6989700043360187
11213,reticulata,2,1,3.0
11214,retired,2,1,3.0
11215,retrospectively,2,2,2.6989700043360187
11216,return,2,2,2.6989700043360187
11217,returned,2,2,2.6989700043360187
11218,"revascularization,",2,2,2.6989700043360187
11219,revel),2,1,3.0
11220,revered,2,1,3.0
11221,reversed-phase,2,2,2.6989700043360187
11222,reversing,2,2,2.6989700043360187
11223,reverted,2,1,3.0
11224,reviewed.,2,2,2.6989700043360187
11225,revisions,2,1,3.0
11226,revolutionised,2,2,2.6989700043360187
11227,rgc.,2,2,2.6989700043360187
11228,rhamnosus,2,2,2.6989700043360187
11229,rheumatologic,2,1,3.0
11230,"rheumatologic,",2,1,3.0
11231,rhytidectomy,2,1,3.0
11232,ribes,2,1,3.0
11233,riddle,2,1,3.0
11234,rif,2,1,3.0
11235,riiβ,2,1,3.0
11236,risk-adapted,2,2,2.6989700043360187
11237,risk-prediction,2,1,3.0
11238,risk-set,2,1,3.0
11239,risk-stratification,2,1,3.0
11240,risk:,2,2,2.6989700043360187
11241,"rituximab,",2,1,3.0
11242,rn,2,2,2.6989700043360187
11243,"rna-seq,",2,2,2.6989700043360187
11244,rnascope,2,2,2.6989700043360187
11245,robins-i.,2,2,2.6989700043360187
11246,"robust,",2,2,2.6989700043360187
11247,robustly,2,2,2.6989700043360187
11248,rodents,2,2,2.6989700043360187
11249,"role,",2,2,2.6989700043360187
11250,room,2,2,2.6989700043360187
11251,"ror,",2,2,2.6989700043360187
11252,roscoea,2,1,3.0
11253,roscohumeanol,2,1,3.0
11254,routes,2,2,2.6989700043360187
11255,rp,2,1,3.0
11256,rpea,2,1,3.0
11257,rrna,2,2,2.6989700043360187
11258,rrr,2,1,3.0
11259,rs,2,1,3.0
11260,"rt-pcr,",2,2,2.6989700043360187
11261,rules,2,2,2.6989700043360187
11262,rural,2,2,2.6989700043360187
11263,rvo.,2,2,2.6989700043360187
11264,rw,2,1,3.0
11265,rygb.,2,2,2.6989700043360187
11266,s1,2,2,2.6989700043360187
11267,s1b(r1),2,1,3.0
11268,safer,2,2,2.6989700043360187
11269,safety-related,2,2,2.6989700043360187
11270,sagging,2,2,2.6989700043360187
11271,said,2,1,3.0
11272,"sal),",2,1,3.0
11273,"salience,",2,2,2.6989700043360187
11274,salient,2,2,2.6989700043360187
11275,"saline,",2,2,2.6989700043360187
11276,salvage,2,2,2.6989700043360187
11277,sampling,2,2,2.6989700043360187
11278,sanghuang,2,1,3.0
11279,sarcoplasmic,2,1,3.0
11280,sasp,2,1,3.0
11281,"satiation,",2,2,2.6989700043360187
11282,satiety.,2,2,2.6989700043360187
11283,saturation,2,1,3.0
11284,scales,2,2,2.6989700043360187
11285,scarce.,2,2,2.6989700043360187
11286,scenario,2,2,2.6989700043360187
11287,scfas,2,2,2.6989700043360187
11288,scheme,2,2,2.6989700043360187
11289,schizophrenia-spectrum,2,2,2.6989700043360187
11290,school,2,2,2.6989700043360187
11291,sciencedirect,2,2,2.6989700043360187
11292,"sciencedirect,",2,2,2.6989700043360187
11293,scopus.,2,2,2.6989700043360187
11294,sd),2,2,2.6989700043360187
11295,sd@sedds,2,1,3.0
11296,sdb,2,1,3.0
11297,sdb-related,2,1,3.0
11298,second-generation,2,2,2.6989700043360187
11299,secretagogue,2,2,2.6989700043360187
11300,secreting,2,1,3.0
11301,sedentary,2,1,3.0
11302,seek,2,2,2.6989700043360187
11303,seeking.,2,1,3.0
11304,seeks,2,2,2.6989700043360187
11305,seemingly,2,2,2.6989700043360187
11306,seems,2,2,2.6989700043360187
11307,segment,2,2,2.6989700043360187
11308,segments,2,2,2.6989700043360187
11309,"selected,",2,2,2.6989700043360187
11310,selected.,2,2,2.6989700043360187
11311,selectivity,2,2,2.6989700043360187
11312,"selectivity,",2,2,2.6989700043360187
11313,self-administered,2,2,2.6989700043360187
11314,self-devaluation,2,1,3.0
11315,self-harm,2,1,3.0
11316,self-identified,2,1,3.0
11317,self-perpetuating,2,2,2.6989700043360187
11318,sema+na,2,1,3.0
11319,"sema,",2,2,2.6989700043360187
11320,sema.,2,2,2.6989700043360187
11321,semaglutide-derived,2,1,3.0
11322,semaglutide-specific,2,1,3.0
11323,semi-structured,2,2,2.6989700043360187
11324,"semistructured,",2,1,3.0
11325,senior,2,2,2.6989700043360187
11326,senolytic,2,2,2.6989700043360187
11327,senolytics,2,2,2.6989700043360187
11328,"senolytics,",2,2,2.6989700043360187
11329,"sensing,",2,2,2.6989700043360187
11330,sensing.,2,1,3.0
11331,"sensitive,",2,2,2.6989700043360187
11332,"sensitizers,",2,2,2.6989700043360187
11333,sensor,2,1,3.0
11334,sensors.,2,2,2.6989700043360187
11335,sensory,2,2,2.6989700043360187
11336,sep-pyy,2,1,3.0
11337,separates,2,2,2.6989700043360187
11338,sepsis-associated,2,2,2.6989700043360187
11339,sept,2,2,2.6989700043360187
11340,septic,2,1,3.0
11341,sequelae,2,2,2.6989700043360187
11342,sequences,2,2,2.6989700043360187
11343,sequentially,2,2,2.6989700043360187
11344,serine,2,2,2.6989700043360187
11345,"seriousness,",2,1,3.0
11346,seroma,2,1,3.0
11347,"serum,",2,2,2.6989700043360187
11348,session,2,1,3.0
11349,sessions,2,1,3.0
11350,"sessions,",2,2,2.6989700043360187
11351,setting;,2,2,2.6989700043360187
11352,sex-matched,2,2,2.6989700043360187
11353,sex-stratified,2,2,2.6989700043360187
11354,sexual-function,2,2,2.6989700043360187
11355,"sexual-function,",2,2,2.6989700043360187
11356,sglt2-i),2,1,3.0
11357,sham,2,2,2.6989700043360187
11358,sharing,2,2,2.6989700043360187
11359,"shbg,",2,1,3.0
11360,"shift,",2,2,2.6989700043360187
11361,shock,2,1,3.0
11362,short-,2,2,2.6989700043360187
11363,shortages,2,2,2.6989700043360187
11364,"shortages,",2,2,2.6989700043360187
11365,shrna,2,2,2.6989700043360187
11366,signal-regulating,2,2,2.6989700043360187
11367,signalling-based,2,1,3.0
11368,"significance,",2,2,2.6989700043360187
11369,significance:,2,2,2.6989700043360187
11370,"significantly,",2,2,2.6989700043360187
11371,significantly.,2,2,2.6989700043360187
11372,silenced,2,2,2.6989700043360187
11373,silent,2,2,2.6989700043360187
11374,similarity,2,2,2.6989700043360187
11375,simply,2,2,2.6989700043360187
11376,simulate,2,2,2.6989700043360187
11377,simultaneously.,2,2,2.6989700043360187
11378,singh,2,1,3.0
11379,"single,",2,2,2.6989700043360187
11380,single-centre,2,2,2.6989700043360187
11381,single-dose,2,2,2.6989700043360187
11382,sinus,2,2,2.6989700043360187
11383,sirna,2,2,2.6989700043360187
11384,sirtuin,2,2,2.6989700043360187
11385,sit-to-stand,2,1,3.0
11386,"site,",2,2,2.6989700043360187
11387,site-specific,2,2,2.6989700043360187
11388,sits,2,2,2.6989700043360187
11389,situate,2,2,2.6989700043360187
11390,size.,2,2,2.6989700043360187
11391,"sizes,",2,2,2.6989700043360187
11392,skeletal-muscle,2,2,2.6989700043360187
11393,sleep-wake,2,1,3.0
11394,sleepiness.,2,2,2.6989700043360187
11395,slot-die,2,1,3.0
11396,slowed,2,2,2.6989700043360187
11397,sm-1,2,1,3.0
11398,"small-molecule,",2,2,2.6989700043360187
11399,"smbg,",2,2,2.6989700043360187
11400,smoke.,2,1,3.0
11401,"smoking,",2,2,2.6989700043360187
11402,smoking.,2,2,2.6989700043360187
11403,snps,2,2,2.6989700043360187
11404,soc,2,1,3.0
11405,society.,2,2,2.6989700043360187
11406,"sodium,",2,2,2.6989700043360187
11407,sodium/glucose,2,2,2.6989700043360187
11408,sofa,2,1,3.0
11409,sold,2,1,3.0
11410,sole,2,2,2.6989700043360187
11411,solid-phase,2,2,2.6989700043360187
11412,solve,2,2,2.6989700043360187
11413,soul),2,2,2.6989700043360187
11414,southwestern,2,1,3.0
11415,sparked,2,2,2.6989700043360187
11416,spatially,2,2,2.6989700043360187
11417,spc,2,1,3.0
11418,special,2,2,2.6989700043360187
11419,specialties,2,1,3.0
11420,specialty-based,2,1,3.0
11421,species.,2,2,2.6989700043360187
11422,species;,2,1,3.0
11423,spectroscopic,2,2,2.6989700043360187
11424,"spectroscopy,",2,1,3.0
11425,spectroscopy.,2,2,2.6989700043360187
11426,sperm,2,2,2.6989700043360187
11427,spikes,2,2,2.6989700043360187
11428,"spironolactone,",2,2,2.6989700043360187
11429,spline,2,2,2.6989700043360187
11430,sponsor,2,2,2.6989700043360187
11431,spontaneously,2,2,2.6989700043360187
11432,square,2,2,2.6989700043360187
11433,squared),2,2,2.6989700043360187
11434,sred.,2,1,3.0
11435,srivastav,2,1,3.0
11436,srm,2,1,3.0
11437,ssds,2,1,3.0
11438,ssds.,2,1,3.0
11439,sstr3,2,1,3.0
11440,st2,2,1,3.0
11441,"stabilization,",2,2,2.6989700043360187
11442,stabilize,2,2,2.6989700043360187
11443,stabilizers,2,2,2.6989700043360187
11444,stabilizes,2,2,2.6989700043360187
11445,stabilizing,2,2,2.6989700043360187
11446,"stable,",2,2,2.6989700043360187
11447,staff,2,2,2.6989700043360187
11448,"stages,",2,2,2.6989700043360187
11449,staining,2,2,2.6989700043360187
11450,standardization,2,2,2.6989700043360187
11451,"standardization,",2,2,2.6989700043360187
11452,standardize,2,2,2.6989700043360187
11453,"standardized,",2,2,2.6989700043360187
11454,stapled,2,1,3.0
11455,starch,2,2,2.6989700043360187
11456,stat3,2,1,3.0
11457,state-level,2,2,2.6989700043360187
11458,statin,2,2,2.6989700043360187
11459,statutory,2,2,2.6989700043360187
11460,steatohepatitis.,2,2,2.6989700043360187
11461,step-hfpef,2,2,2.6989700043360187
11462,steps,2,2,2.6989700043360187
11463,steviol,2,1,3.0
11464,stewardship,2,2,2.6989700043360187
11465,stiffness.,2,2,2.6989700043360187
11466,stigma.,2,2,2.6989700043360187
11467,stimulant,2,2,2.6989700043360187
11468,stimulation.,2,2,2.6989700043360187
11469,stomach,2,2,2.6989700043360187
11470,stone,2,1,3.0
11471,"storage,",2,2,2.6989700043360187
11472,storage.,2,2,2.6989700043360187
11473,stored,2,1,3.0
11474,strains,2,2,2.6989700043360187
11475,"strata,",2,2,2.6989700043360187
11476,strata.,2,2,2.6989700043360187
11477,strategically,2,1,3.0
11478,"strategy,",2,2,2.6989700043360187
11479,stratify,2,2,2.6989700043360187
11480,strictly,2,2,2.6989700043360187
11481,structure-function,2,2,2.6989700043360187
11482,struggle,2,1,3.0
11483,struggling,2,2,2.6989700043360187
11484,student's,2,1,3.0
11485,"su,",2,1,3.0
11486,"sub-group,",2,1,3.0
11487,subcohort,2,1,3.0
11488,"subgroup,",2,2,2.6989700043360187
11489,"subjects,",2,1,3.0
11490,"suboptimal,",2,2,2.6989700043360187
11491,suboptimal.,2,2,2.6989700043360187
11492,subpopulations,2,2,2.6989700043360187
11493,subsets,2,2,2.6989700043360187
11494,substance-related,2,2,2.6989700043360187
11495,substantial.,2,2,2.6989700043360187
11496,substitutions,2,2,2.6989700043360187
11497,"subtype,",2,2,2.6989700043360187
11498,subunit,2,2,2.6989700043360187
11499,successive,2,2,2.6989700043360187
11500,"such,",2,2,2.6989700043360187
11501,sucralose.,2,1,3.0
11502,"sucrose,",2,1,3.0
11503,suffer,2,2,2.6989700043360187
11504,suggestions,2,2,2.6989700043360187
11505,suggestive,2,2,2.6989700043360187
11506,suitability,2,2,2.6989700043360187
11507,sulfate,2,2,2.6989700043360187
11508,sulfated,2,1,3.0
11509,"summarized,",2,2,2.6989700043360187
11510,"summary,",2,2,2.6989700043360187
11511,summit.,2,2,2.6989700043360187
11512,supplement,2,2,2.6989700043360187
11513,supplementation.,2,2,2.6989700043360187
11514,"supplements,",2,2,2.6989700043360187
11515,supplies,2,2,2.6989700043360187
11516,suppressive,2,2,2.6989700043360187
11517,suprathreshold,2,1,3.0
11518,surgery-specific,2,2,2.6989700043360187
11519,surmount,2,2,2.6989700043360187
11520,surrogate-marker,2,1,3.0
11521,surrogates,2,2,2.6989700043360187
11522,"surveillance,",2,2,2.6989700043360187
11523,survey-observable,2,1,3.0
11524,surveyed,2,2,2.6989700043360187
11525,survivors.,2,1,3.0
11526,suspect,2,1,3.0
11527,"swallowing,",2,1,3.0
11528,"swelling,",2,2,2.6989700043360187
11529,swim,2,2,2.6989700043360187
11530,switched,2,2,2.6989700043360187
11531,"switching,",2,2,2.6989700043360187
11532,synapses,2,2,2.6989700043360187
11533,syncope,2,2,2.6989700043360187
11534,syncytial,2,1,3.0
11535,synergy.,2,2,2.6989700043360187
11536,synopsis,2,2,2.6989700043360187
11537,synovial,2,1,3.0
11538,synthesising,2,2,2.6989700043360187
11539,synthesizing,2,2,2.6989700043360187
11540,synthetase,2,2,2.6989700043360187
11541,system-level,2,2,2.6989700043360187
11542,t1d-specific,2,1,3.0
11543,t1dm,2,1,3.0
11544,t2-low,2,1,3.0
11545,t2d;,2,1,3.0
11546,t2dm-related,2,1,3.0
11547,table,2,2,2.6989700043360187
11548,taiwanese,2,2,2.6989700043360187
11549,takeda,2,2,2.6989700043360187
11550,tamoxifen-associated,2,1,3.0
11551,tanycyte-mediated,2,1,3.0
11552,target-based,2,1,3.0
11553,target-mediated,2,1,3.0
11554,target-trial,2,2,2.6989700043360187
11555,"tau,",2,2,2.6989700043360187
11556,"taurine,",2,2,2.6989700043360187
11557,"taxa,",2,2,2.6989700043360187
11558,tb,2,1,3.0
11559,tea,2,2,2.6989700043360187
11560,teams,2,2,2.6989700043360187
11561,technical,2,2,2.6989700043360187
11562,technique,2,2,2.6989700043360187
11563,"telehealth,",2,2,2.6989700043360187
11564,template,2,2,2.6989700043360187
11565,ten-fold,2,2,2.6989700043360187
11566,tenfold,2,1,3.0
11567,tens,2,2,2.6989700043360187
11568,"terms,",2,2,2.6989700043360187
11569,testosterone.,2,2,2.6989700043360187
11570,tests;,2,2,2.6989700043360187
11571,tgf-β/smad,2,2,2.6989700043360187
11572,tha.,2,1,3.0
11573,themes,2,2,2.6989700043360187
11574,theoretically,2,2,2.6989700043360187
11575,theorized,2,2,2.6989700043360187
11576,"theory,",2,2,2.6989700043360187
11577,therapeutically,2,2,2.6989700043360187
11578,therapies),2,2,2.6989700043360187
11579,therapy',2,1,3.0
11580,therapy).,2,2,2.6989700043360187
11581,therapy-related,2,2,2.6989700043360187
11582,thermoresponsive,2,1,3.0
11583,"thickness,",2,2,2.6989700043360187
11584,thigh,2,1,3.0
11585,third,2,2,2.6989700043360187
11586,thirteen,2,2,2.6989700043360187
11587,thirty-eight,2,2,2.6989700043360187
11588,this.,2,2,2.6989700043360187
11589,thoracic,2,1,3.0
11590,thoracolumbar,2,1,3.0
11591,"those,",2,2,2.6989700043360187
11592,thoughts,2,2,2.6989700043360187
11593,"three,",2,2,2.6989700043360187
11594,three-arm,2,2,2.6989700043360187
11595,three-dimensional,2,2,2.6989700043360187
11596,three-point,2,2,2.6989700043360187
11597,"throughout,",2,2,2.6989700043360187
11598,"thymol,",2,1,3.0
11599,tier,2,2,2.6989700043360187
11600,tightly,2,2,2.6989700043360187
11601,tiktok,2,2,2.6989700043360187
11602,time-,2,2,2.6989700043360187
11603,time-aligned,2,1,3.0
11604,time-updated,2,2,2.6989700043360187
11605,"timepoints,",2,2,2.6989700043360187
11606,"times,",2,1,3.0
11607,timing.,2,1,3.0
11608,"tirzepatide),",2,2,2.6989700043360187
11609,tirzepatide-treated,2,1,3.0
11610,tirzepatide;,2,2,2.6989700043360187
11611,titrated,2,2,2.6989700043360187
11612,titration,2,2,2.6989700043360187
11613,"tka,",2,2,2.6989700043360187
11614,tlr4-nlrp3,2,1,3.0
11615,tnf,2,2,2.6989700043360187
11616,"to,",2,2,2.6989700043360187
11617,toll-like,2,2,2.6989700043360187
11618,"tolvaptan,",2,1,3.0
11619,tone.,2,2,2.6989700043360187
11620,took,2,2,2.6989700043360187
11621,total-asian,2,1,3.0
11622,toxic,2,2,2.6989700043360187
11623,"toxicities,",2,2,2.6989700043360187
11624,toxicological,2,2,2.6989700043360187
11625,toxins,2,1,3.0
11626,trace,2,2,2.6989700043360187
11627,traced,2,1,3.0
11628,tracked,2,2,2.6989700043360187
11629,training.,2,2,2.6989700043360187
11630,tramadol,2,1,3.0
11631,"transcription,",2,2,2.6989700043360187
11632,transcription.,2,2,2.6989700043360187
11633,transcriptomics,2,1,3.0
11634,transducer,2,2,2.6989700043360187
11635,transferrin,2,1,3.0
11636,transformation.,2,2,2.6989700043360187
11637,"transition,",2,2,2.6989700043360187
11638,transition.,2,2,2.6989700043360187
11639,transitions,2,2,2.6989700043360187
11640,translates,2,2,2.6989700043360187
11641,"translation,",2,2,2.6989700043360187
11642,"translational,",2,2,2.6989700043360187
11643,transport.,2,2,2.6989700043360187
11644,transporter-mediated,2,2,2.6989700043360187
11645,transporters,2,2,2.6989700043360187
11646,treadmill,2,2,2.6989700043360187
11647,"treat-to-target,",2,2,2.6989700043360187
11648,treatment-associated,2,2,2.6989700043360187
11649,treatment-naïve,2,2,2.6989700043360187
11650,treatment-regimen,2,1,3.0
11651,treewas,2,1,3.0
11652,treg,2,1,3.0
11653,"triage,",2,1,3.0
11654,"trial),",2,2,2.6989700043360187
11655,trial-defined,2,1,3.0
11656,triangulation,2,2,2.6989700043360187
11657,triggered,2,2,2.6989700043360187
11658,triggering,2,2,2.6989700043360187
11659,triglyceride-rich,2,1,3.0
11660,triglycerides.,2,2,2.6989700043360187
11661,triumph,2,2,2.6989700043360187
11662,truly,2,2,2.6989700043360187
11663,trunk,2,2,2.6989700043360187
11664,trz,2,1,3.0
11665,"tt,",2,1,3.0
11666,"tube,",2,2,2.6989700043360187
11667,tubulointerstitial,2,2,2.6989700043360187
11668,tumor-bearing,2,1,3.0
11669,tumor.,2,2,2.6989700043360187
11670,tumorigenic,2,2,2.6989700043360187
11671,tuning,2,2,2.6989700043360187
11672,turn,2,2,2.6989700043360187
11673,"turn,",2,2,2.6989700043360187
11674,twas,2,1,3.0
11675,twelve-month,2,1,3.0
11676,twenty-eight,2,2,2.6989700043360187
11677,twenty-one,2,2,2.6989700043360187
11678,twenty-six,2,2,2.6989700043360187
11679,twice,2,2,2.6989700043360187
11680,twl%,2,1,3.0
11681,two-hour,2,2,2.6989700043360187
11682,"tzds,",2,1,3.0
11683,u.s.-based,2,2,2.6989700043360187
11684,u/l,2,1,3.0
11685,u/ml,2,2,2.6989700043360187
11686,u100.,2,1,3.0
11687,"uacr,",2,2,2.6989700043360187
11688,ulcerative,2,2,2.6989700043360187
11689,ultra-processed,2,2,2.6989700043360187
11690,ultrashort-acting,2,1,3.0
11691,unanswered,2,2,2.6989700043360187
11692,"uncertain,",2,2,2.6989700043360187
11693,uncertainty.,2,2,2.6989700043360187
11694,"unclear,",2,2,2.6989700043360187
11695,uncomfortable,2,1,3.0
11696,"uncommon,",2,2,2.6989700043360187
11697,uncouple,2,2,2.6989700043360187
11698,uncoupling,2,2,2.6989700043360187
11699,undefined.,2,2,2.6989700043360187
11700,underdiagnosed,2,2,2.6989700043360187
11701,undergo,2,2,2.6989700043360187
11702,undergone,2,2,2.6989700043360187
11703,underlies,2,2,2.6989700043360187
11704,undermine,2,2,2.6989700043360187
11705,underpinning,2,2,2.6989700043360187
11706,underrecognized,2,2,2.6989700043360187
11707,underway.,2,2,2.6989700043360187
11708,unemployed,2,1,3.0
11709,unfold,2,2,2.6989700043360187
11710,unfolded,2,2,2.6989700043360187
11711,uniformity,2,2,2.6989700043360187
11712,uninformative,2,1,3.0
11713,unintended,2,2,2.6989700043360187
11714,unit;,2,1,3.0
11715,univariate,2,2,2.6989700043360187
11716,unlikely,2,2,2.6989700043360187
11717,unplanned,2,2,2.6989700043360187
11718,unproven,2,2,2.6989700043360187
11719,untargeted,2,2,2.6989700043360187
11720,upcoming,2,2,2.6989700043360187
11721,upfront,2,1,3.0
11722,upfs,2,2,2.6989700043360187
11723,upper-airway,2,1,3.0
11724,"uptake,",2,2,2.6989700043360187
11725,upward,2,2,2.6989700043360187
11726,urea,2,2,2.6989700043360187
11727,urokinase,2,1,3.0
11728,usa.,2,2,2.6989700043360187
11729,use-related,2,2,2.6989700043360187
11730,user,2,2,2.6989700043360187
11731,users;,2,2,2.6989700043360187
11732,"utilisation,",2,2,2.6989700043360187
11733,utilisation.,2,2,2.6989700043360187
11734,utilised,2,2,2.6989700043360187
11735,utilized.,2,2,2.6989700043360187
11736,uuo,2,1,3.0
11737,v30,2,1,3.0
11738,vagus,2,2,2.6989700043360187
11739,"validated,",2,2,2.6989700043360187
11740,"values,",2,2,2.6989700043360187
11741,var,2,1,3.0
11742,"variability,",2,2,2.6989700043360187
11743,variability.,2,2,2.6989700043360187
11744,variants.,2,2,2.6989700043360187
11745,"variation,",2,2,2.6989700043360187
11746,venom,2,1,3.0
11747,"verification,",2,1,3.0
11748,verify,2,2,2.6989700043360187
11749,viability.,2,2,2.6989700043360187
11750,vibration-controlled,2,2,2.6989700043360187
11751,victim-drug,2,1,3.0
11752,"view,",2,2,2.6989700043360187
11753,vignettes,2,2,2.6989700043360187
11754,visualized,2,2,2.6989700043360187
11755,"voice,",2,1,3.0
11756,volumes,2,2,2.6989700043360187
11757,vr,2,1,3.0
11758,vrce,2,1,3.0
11759,vulnerabilities,2,2,2.6989700043360187
11760,vvs,2,1,3.0
11761,waist-to-hip,2,1,3.0
11762,wanting,2,1,3.0
11763,warnings,2,1,3.0
11764,"wasting,",2,2,2.6989700043360187
11765,wat,2,1,3.0
11766,"wat,",2,2,2.6989700043360187
11767,water-based,2,1,3.0
11768,ways,2,1,3.0
11769,weak,2,2,2.6989700043360187
11770,weaker,2,2,2.6989700043360187
11771,wear,2,1,3.0
11772,wearables,2,1,3.0
11773,web-based,2,2,2.6989700043360187
11774,"weeks),",2,2,2.6989700043360187
11775,weight-based,2,2,2.6989700043360187
11776,weight-bearing,2,2,2.6989700043360187
11777,weight-dependent,2,2,2.6989700043360187
11778,well-being,2,2,2.6989700043360187
11779,"well-being,",2,2,2.6989700043360187
11780,well-controlled,2,2,2.6989700043360187
11781,well-designed,2,2,2.6989700043360187
11782,"well-established,",2,2,2.6989700043360187
11783,well-tolerated,2,2,2.6989700043360187
11784,"well-tolerated,",2,2,2.6989700043360187
11785,well.,2,2,2.6989700043360187
11786,"were,",2,2,2.6989700043360187
11787,wg,2,1,3.0
11788,widen,2,2,2.6989700043360187
11789,"window,",2,2,2.6989700043360187
11790,within-class,2,2,2.6989700043360187
11791,within-individual,2,1,3.0
11792,within-patient,2,1,3.0
11793,within-plan,2,1,3.0
11794,without),2,1,3.0
11795,wk,2,2,2.6989700043360187
11796,wnt/β-catenin,2,2,2.6989700043360187
11797,woe,2,1,3.0
11798,women's,2,2,2.6989700043360187
11799,workforce,2,1,3.0
11800,"workforce,",2,2,2.6989700043360187
11801,worsens,2,2,2.6989700043360187
11802,wss,2,1,3.0
11803,wssq,2,1,3.0
11804,wt,2,2,2.6989700043360187
11805,wtp,2,2,2.6989700043360187
11806,www.springer.com/00266,2,2,2.6989700043360187
11807,x,2,2,2.6989700043360187
11808,x-ray,2,2,2.6989700043360187
11809,xa1416,2,1,3.0
11810,"xa1416,",2,1,3.0
11811,xanthomas,2,1,3.0
11812,xbp1,2,1,3.0
11813,y-2,2,1,3.0
11814,ybx1,2,1,3.0
11815,"ybx1,",2,1,3.0
11816,ybx1/foxa1,2,1,3.0
11817,yields,2,2,2.6989700043360187
11818,yy.,2,2,2.6989700043360187
11819,zeus,2,1,3.0
11820,zinc,2,2,2.6989700043360187
11821,"zinc,",2,2,2.6989700043360187
11822,£35,2,1,3.0
11823,α,2,2,2.6989700043360187
11824,β-catenin,2,2,2.6989700043360187
11825,β-cell-related,2,2,2.6989700043360187
11826,β-cells,2,2,2.6989700043360187
11827,β-cells.,2,2,2.6989700043360187
11828,δcavi,2,1,3.0
11829,δfib-4:,2,1,3.0
11830,μg/ml,2,1,3.0
11831,μm.,2,2,2.6989700043360187
11832,μmol/l,2,1,3.0
11833,€,2,1,3.0
11834,€),2,1,3.0
11835,€/qaly,2,1,3.0
11836,≥10,2,2,2.6989700043360187
11837,≥155,2,1,3.0
11838,≥35,2,2,2.6989700043360187
11839,≥40,2,2,2.6989700043360187
11840,≥6,2,2,2.6989700043360187
11841,"""antidiabetic",1,1,3.0
11842,"""bone-brain",1,1,3.0
11843,"""cancer,""",1,1,3.0
11844,"""compendium",1,1,3.0
11845,"""curcumin-tgr5-glp-1",1,1,3.0
11846,"""diabetes/disease-modifying",1,1,3.0
11847,"""diastolic",1,1,3.0
11848,"""digital",1,1,3.0
11849,"""dili""",1,1,3.0
11850,"""double",1,1,3.0
11851,"""double-hit""",1,1,3.0
11852,"""effect",1,1,3.0
11853,"""emotional",1,1,3.0
11854,"""epigenetic",1,1,3.0
11855,"""fair",1,1,3.0
11856,"""fat",1,1,3.0
11857,"""flatness,""",1,1,3.0
11858,"""fragile""",1,1,3.0
11859,"""glp-1""",1,1,3.0
11860,"""glp-1/mstn",1,1,3.0
11861,"""glp-1r",1,1,3.0
11862,"""glp1""",1,1,3.0
11863,"""gm-glp-1""",1,1,3.0
11864,"""hfpef""",1,1,3.0
11865,"""incretin",1,1,3.0
11866,"""infodemic.""",1,1,3.0
11867,"""keto",1,1,3.0
11868,"""licensing""",1,1,3.0
11869,"""mafld""",1,1,3.0
11870,"""masld""",1,1,3.0
11871,"""meta""",1,1,3.0
11872,"""nafld"")",1,1,3.0
11873,"""nature's",1,1,3.0
11874,"""neuroendocrine-appetite-mental",1,1,3.0
11875,"""noise""",1,1,3.0
11876,"""non-alcoholic",1,1,3.0
11877,"""none",1,1,3.0
11878,"""obesity",1,1,3.0
11879,"""other""",1,1,3.0
11880,"""pharmacological",1,1,3.0
11881,"""popping""",1,1,3.0
11882,"""pre-use"":",1,1,3.0
11883,"""preserved",1,1,3.0
11884,"""prognosis.""",1,1,3.0
11885,"""robust",1,1,3.0
11886,"""screen",1,1,3.0
11887,"""sick",1,1,3.0
11888,"""skin",1,1,3.0
11889,"""suicide/self-injury.""",1,1,3.0
11890,"""taking",1,1,3.0
11891,"""top",1,1,3.0
11892,"""treat",1,1,3.0
11893,"""type",1,1,3.0
11894,"""xiaoke""",1,1,3.0
11895,"$100,000",1,1,3.0
11896,$11,1,1,3.0
11897,$13,1,1,3.0
11898,$18,1,1,3.0
11899,$195,1,1,3.0
11900,$273,1,1,3.0
11901,$29,1,1,3.0
11902,$319,1,1,3.0
11903,"$49,000",1,1,3.0
11904,$544),1,1,3.0
11905,$94,1,1,3.0
11906,%).,1,1,3.0
11907,'click,1,1,3.0
11908,'dual,1,1,3.0
11909,'gut-on-a-chip',1,1,3.0
11910,'incretin-joint,1,1,3.0
11911,"'pillar'-strategies,",1,1,3.0
11912,'real-world',1,1,3.0
11913,'superfocus,1,1,3.0
11914,'triple,1,1,3.0
11915,"(""alex"")",1,1,3.0
11916,"(""heart",1,1,3.0
11917,"(""metabolic",1,1,3.0
11918,"(""probable"").",1,1,3.0
11919,"(""sick",1,1,3.0
11920,($42,1,1,3.0
11921,(%,1,1,3.0
11922,(+0.073,1,1,3.0
11923,(+0.29;,1,1,3.0
11924,(+0.6%,1,1,3.0
11925,(+17.18,1,1,3.0
11926,(+2.28,1,1,3.0
11927,(+46.9%),1,1,3.0
11928,(+6.407,1,1,3.0
11929,(+7.39,1,1,3.0
11930,(-$211,1,1,3.0
11931,"(-0.0196,",1,1,3.0
11932,(-0.09,1,1,3.0
11933,(-0.094;,1,1,3.0
11934,(-0.19%;,1,1,3.0
11935,(-0.20%;,1,1,3.0
11936,(-0.22%;,1,1,3.0
11937,(-0.28,1,1,3.0
11938,(-0.323;,1,1,3.0
11939,"(-0.39%,",1,1,3.0
11940,(-0.48%;,1,1,3.0
11941,(-0.6%,1,1,3.0
11942,(-0.65,1,1,3.0
11943,(-0.8%;,1,1,3.0
11944,(-0·79,1,1,3.0
11945,(-1.31,1,1,3.0
11946,(-1.35,1,1,3.0
11947,(-1.4%),1,1,3.0
11948,(-1.41,1,1,3.0
11949,(-1.42%;,1,1,3.0
11950,(-1.46,1,1,3.0
11951,"(-1.49,",1,1,3.0
11952,(-1.5%).,1,1,3.0
11953,"(-1.50%,",1,1,3.0
11954,(-1.7,1,1,3.0
11955,(-1.72,1,1,3.0
11956,(-1.75%;,1,1,3.0
11957,(-10.01%,1,1,3.0
11958,(-10.70,1,1,3.0
11959,"(-1007,",1,1,3.0
11960,(-10·5,1,1,3.0
11961,(-117.18,1,1,3.0
11962,(-12.1,1,1,3.0
11963,(-12·1%,1,1,3.0
11964,"(-13.4,",1,1,3.0
11965,(-14542,1,1,3.0
11966,"(-15.7,",1,1,3.0
11967,"(-16.3%,",1,1,3.0
11968,(-16.5,1,1,3.0
11969,"(-19.28%,",1,1,3.0
11970,(-19.8,1,1,3.0
11971,(-2.16,1,1,3.0
11972,(-2.2,1,1,3.0
11973,(-2.3,1,1,3.0
11974,(-2.76%,1,1,3.0
11975,(-2.79,1,1,3.0
11976,(-2.9,1,1,3.0
11977,(-21.7,1,1,3.0
11978,(-21.82,1,1,3.0
11979,"(-22.10%,",1,1,3.0
11980,(-23.4%;,1,1,3.0
11981,(-23.9,1,1,3.0
11982,(-25.2,1,1,3.0
11983,"(-266,",1,1,3.0
11984,(-27.7,1,1,3.0
11985,(-3.3%,1,1,3.0
11986,"(-3.4%,",1,1,3.0
11987,(-3.85,1,1,3.0
11988,(-3.98,1,1,3.0
11989,"(-319,",1,1,3.0
11990,(-32.6%;,1,1,3.0
11991,(-37.8%,1,1,3.0
11992,(-38%).,1,1,3.0
11993,(-3·0,1,1,3.0
11994,(-3·32,1,1,3.0
11995,(-4.0,1,1,3.0
11996,(-4.6,1,1,3.0
11997,(-40.6,1,1,3.0
11998,(-41.7%).,1,1,3.0
11999,"(-43%),",1,1,3.0
12000,(-47.7%,1,1,3.0
12001,(-48.6%,1,1,3.0
12002,"(-48.9%),",1,1,3.0
12003,(-5%),1,1,3.0
12004,(-5.9,1,1,3.0
12005,(-5.90%;,1,1,3.0
12006,(-54,1,1,3.0
12007,"(-544,",1,1,3.0
12008,"(-56.8%,",1,1,3.0
12009,"(-57.1,",1,1,3.0
12010,(-6,1,1,3.0
12011,"(-6.12,",1,1,3.0
12012,(-6.33%;,1,1,3.0
12013,(-6.64,1,1,3.0
12014,(-6.7%),1,1,3.0
12015,(-62.6%),1,1,3.0
12016,(-67.5%,1,1,3.0
12017,(-7.4%,1,1,3.0
12018,(-7.44%,1,1,3.0
12019,(-7·8,1,1,3.0
12020,"(-8.95%),",1,1,3.0
12021,"(-9,",1,1,3.0
12022,(-9.0%,1,1,3.0
12023,"(-9.4,",1,1,3.0
12024,"(-9.6%),",1,1,3.0
12025,"(0,",1,1,3.0
12026,(0-1.5),1,1,3.0
12027,(0-2),1,1,3.0
12028,(0.013,1,1,3.0
12029,(0.02%).,1,1,3.0
12030,(0.03%),1,1,3.0
12031,(0.04%),1,1,3.0
12032,(0.05%),1,1,3.0
12033,(0.056,1,1,3.0
12034,(0.078,1,1,3.0
12035,(0.09-0.16%)),1,1,3.0
12036,(0.1,1,1,3.0
12037,(0.1%,1,1,3.0
12038,(0.12%,1,1,3.0
12039,(0.2%,1,1,3.0
12040,(0.25,1,1,3.0
12041,(0.3%,1,1,3.0
12042,(0.32%,1,1,3.0
12043,(0.36-0.86)).,1,1,3.0
12044,(0.4%,1,1,3.0
12045,(0.4)%,1,1,3.0
12046,(0.42,1,1,3.0
12047,(0.5%,1,1,3.0
12048,"(0.50,",1,1,3.0
12049,(0.56,1,1,3.0
12050,(0.56%,1,1,3.0
12051,(0.6%,1,1,3.0
12052,"(0.61,",1,1,3.0
12053,(0.61-0.93)),1,1,3.0
12054,(0.65,1,1,3.0
12055,(0.65-0.85);,1,1,3.0
12056,(0.65-0.94)),1,1,3.0
12057,(0.66,1,1,3.0
12058,(0.67-1.22)).,1,1,3.0
12059,(0.68,1,1,3.0
12060,(0.69-0.94);,1,1,3.0
12061,(0.69-0.97)).,1,1,3.0
12062,(0.7,1,1,3.0
12063,(0.7%),1,1,3.0
12064,(0.70-0.93);,1,1,3.0
12065,"(0.72,",1,1,3.0
12066,(0.722-0.934);,1,1,3.0
12067,(0.73,1,1,3.0
12068,"(0.73,",1,1,3.0
12069,(0.731-0.932).,1,1,3.0
12070,(0.75-0.99)).,1,1,3.0
12071,(0.77-1.02);,1,1,3.0
12072,(0.78,1,1,3.0
12073,(0.8,1,1,3.0
12074,(0.8%),1,1,3.0
12075,(0.81-1.7,1,1,3.0
12076,(0.82,1,1,3.0
12077,(0.85%,1,1,3.0
12078,(0.85-2.19%));,1,1,3.0
12079,(0.89,1,1,3.0
12080,"(0.9%),",1,1,3.0
12081,(0.90,1,1,3.0
12082,(0.92,1,1,3.0
12083,"(0.943-1.491),",1,1,3.0
12084,(0.98%,1,1,3.0
12085,(01/2021-12/2025).,1,1,3.0
12086,(0·29,1,1,3.0
12087,(0·7),1,1,3.0
12088,(0·8),1,1,3.0
12089,"(1,",1,1,3.0
12090,"(1,000",1,1,3.0
12091,"(1,881.9",1,1,3.0
12092,"(1-2),",1,1,3.0
12093,"(1-37),",1,1,3.0
12094,(1.0,1,1,3.0
12095,(1.0%),1,1,3.0
12096,(1.0-2.4).,1,1,3.0
12097,(1.02,1,1,3.0
12098,"(1.02,",1,1,3.0
12099,(1.09,1,1,3.0
12100,(1.1%,1,1,3.0
12101,(1.1%).,1,1,3.0
12102,(1.12-1.67),1,1,3.0
12103,(1.14,1,1,3.0
12104,(1.2,1,1,3.0
12105,(1.2%,1,1,3.0
12106,(1.2%),1,1,3.0
12107,(1.20,1,1,3.0
12108,(1.30-1.63).,1,1,3.0
12109,"(1.33,",1,1,3.0
12110,"(1.34,",1,1,3.0
12111,"(1.40,",1,1,3.0
12112,(1.41%,1,1,3.0
12113,(1.44%).,1,1,3.0
12114,(1.46,1,1,3.0
12115,"(1.46,",1,1,3.0
12116,(1.5%,1,1,3.0
12117,(1.5%),1,1,3.0
12118,"(1.51,",1,1,3.0
12119,"(1.55%),",1,1,3.0
12120,"(1.58,",1,1,3.0
12121,(1.6%,1,1,3.0
12122,(1.6),1,1,3.0
12123,(1.62%),1,1,3.0
12124,"(1.66,",1,1,3.0
12125,"(1.68,",1,1,3.0
12126,(1.7%),1,1,3.0
12127,(1.7),1,1,3.0
12128,(1.84%,1,1,3.0
12129,(1.96%,1,1,3.0
12130,(1/161,1,1,3.0
12131,(1/62),1,1,3.0
12132,(10%,1,1,3.0
12133,(10%).,1,1,3.0
12134,(10-18,1,1,3.0
12135,(10.1%,1,1,3.0
12136,"(10.4%),",1,1,3.0
12137,(10.7%,1,1,3.0
12138,(10.8%),1,1,3.0
12139,(10.80,1,1,3.0
12140,(10.9,1,1,3.0
12141,(10/12),1,1,3.0
12142,(100%,1,1,3.0
12143,(102.6,1,1,3.0
12144,(1028,1,1,3.0
12145,"(103.76),",1,1,3.0
12146,"(104,",1,1,3.0
12147,(107,1,1,3.0
12148,"(1087/23,580)",1,1,3.0
12149,"(11,410",1,1,3.0
12150,(11.0%,1,1,3.0
12151,(11.05%,1,1,3.0
12152,(11.1%),1,1,3.0
12153,(11.14),1,1,3.0
12154,(11.5%,1,1,3.0
12155,(11.9%),1,1,3.0
12156,(111,1,1,3.0
12157,(111.03),1,1,3.0
12158,(111/216).,1,1,3.0
12159,(112.15),1,1,3.0
12160,(113,1,1,3.0
12161,(114,1,1,3.0
12162,(115.14),1,1,3.0
12163,(116,1,1,3.0
12164,(118,1,1,3.0
12165,(12%;,1,1,3.0
12166,"(12,",1,1,3.0
12167,(12-24,1,1,3.0
12168,"(12-week),",1,1,3.0
12169,"(12.2%),",1,1,3.0
12170,(12.3%,1,1,3.0
12171,"(12.3,",1,1,3.0
12172,"(12.4%),",1,1,3.0
12173,(12.52;,1,1,3.0
12174,(12.6,1,1,3.0
12175,(12.8),1,1,3.0
12176,(120,1,1,3.0
12177,(1203,1,1,3.0
12178,"(126.08/10000),",1,1,3.0
12179,"(12z,14r)-labda-8(17),12-diene-14,15,16-triol",1,1,3.0
12180,(13%,1,1,3.0
12181,(13%;,1,1,3.0
12182,(13-17,1,1,3.0
12183,(13.1,1,1,3.0
12184,(13.2%,1,1,3.0
12185,(13.4,1,1,3.0
12186,(13.4%,1,1,3.0
12187,(13.4%);,1,1,3.0
12188,(13.4),1,1,3.0
12189,(13.46;,1,1,3.0
12190,(13.69;,1,1,3.0
12191,(13.9,1,1,3.0
12192,(14%,1,1,3.0
12193,(14%).,1,1,3.0
12194,"(14%,",1,1,3.0
12195,"(14,255,247",1,1,3.0
12196,(14.2%,1,1,3.0
12197,(14.5%;,1,1,3.0
12198,(14.6,1,1,3.0
12199,(14.8%,1,1,3.0
12200,(14.85,1,1,3.0
12201,(14.91;,1,1,3.0
12202,(140,1,1,3.0
12203,(15%;,1,1,3.0
12204,(15-fold).,1,1,3.0
12205,(15.%,1,1,3.0
12206,(15.4%),1,1,3.0
12207,(151,1,1,3.0
12208,"(152.54),",1,1,3.0
12209,(158,1,1,3.0
12210,(16.2%),1,1,3.0
12211,(16.3%);,1,1,3.0
12212,(16.4%,1,1,3.0
12213,(16.8%),1,1,3.0
12214,(1658),1,1,3.0
12215,(168±37,1,1,3.0
12216,(169,1,1,3.0
12217,(17,1,1,3.0
12218,(17%;,1,1,3.0
12219,"(17,690.5",1,1,3.0
12220,"(17.1%),",1,1,3.0
12221,(1705,1,1,3.0
12222,(172,1,1,3.0
12223,(174,1,1,3.0
12224,(176,1,1,3.0
12225,(18,1,1,3.0
12226,(18%),1,1,3.0
12227,(18-21years),1,1,3.0
12228,(18.1%),1,1,3.0
12229,(18.4%,1,1,3.0
12230,(18.9%),1,1,3.0
12231,(18.9-fold,1,1,3.0
12232,(188.9/10,1,1,3.0
12233,(19%,1,1,3.0
12234,(19%;,1,1,3.0
12235,(19.0%).,1,1,3.0
12236,(19.1%,1,1,3.0
12237,(19.3%).,1,1,3.0
12238,(19.4%),1,1,3.0
12239,"(19.6%),",1,1,3.0
12240,"(19.7%,",1,1,3.0
12241,(19.8%,1,1,3.0
12242,"(19/36,",1,1,3.0
12243,(1971-2024),1,1,3.0
12244,(1995-2024),1,1,3.0
12245,(1998-2021),1,1,3.0
12246,(19·4%),1,1,3.0
12247,(1:0-1:18),1,1,3.0
12248,"(1:1,",1,1,3.0
12249,(1:1:1),1,1,3.0
12250,(1:1:1:1),1,1,3.0
12251,(1:1:1:2),1,1,3.0
12252,(1·0),1,1,3.0
12253,(2,1,1,3.0
12254,"(2,281,546",1,1,3.0
12255,(2-12,1,1,3.0
12256,"(2-ha),",1,1,3.0
12257,(2.0,1,1,3.0
12258,(2.02%,1,1,3.0
12259,(2.1,1,1,3.0
12260,(2.1-fold,1,1,3.0
12261,(2.17%,1,1,3.0
12262,(2.2,1,1,3.0
12263,(2.2%,1,1,3.0
12264,(2.3%),1,1,3.0
12265,(2.3%;,1,1,3.0
12266,(2.35,1,1,3.0
12267,(2.36,1,1,3.0
12268,"(2.39,",1,1,3.0
12269,(2.4%),1,1,3.0
12270,(2.5%,1,1,3.0
12271,(2.6%,1,1,3.0
12272,(2.75%,1,1,3.0
12273,(2.76,1,1,3.0
12274,(2.9%),1,1,3.0
12275,(2.91;,1,1,3.0
12276,(20%),1,1,3.0
12277,(20-40%),1,1,3.0
12278,(20.0%),1,1,3.0
12279,"(20.3%),",1,1,3.0
12280,(20.4%).,1,1,3.0
12281,"(20.7%),",1,1,3.0
12282,(20.7%).,1,1,3.0
12283,(2003-2023),1,1,3.0
12284,"(2005-2024),",1,1,3.0
12285,(2006-2025),1,1,3.0
12286,"(2007-2019),",1,1,3.0
12287,"(2007-2020),",1,1,3.0
12288,(2007-2020).,1,1,3.0
12289,(2007-2023),1,1,3.0
12290,(2008-2021).,1,1,3.0
12291,"(2009-2019),",1,1,3.0
12292,(2010-2024).,1,1,3.0
12293,(2010-2025).,1,1,3.0
12294,(2011-2014),1,1,3.0
12295,"(2011-2018),",1,1,3.0
12296,(2011-2021),1,1,3.0
12297,(2013-2021),1,1,3.0
12298,(2014-2024),1,1,3.0
12299,(2014-2025).,1,1,3.0
12300,(2014-july,1,1,3.0
12301,(2015-2024),1,1,3.0
12302,(2016-2025),1,1,3.0
12303,(2017-2019),1,1,3.0
12304,(2018-2022),1,1,3.0
12305,(2018-2024),1,1,3.0
12306,"(2018-2024),",1,1,3.0
12307,(2018-2025),1,1,3.0
12308,(2018q1-2025q4):,1,1,3.0
12309,(2021,1,1,3.0
12310,(2021);,1,1,3.0
12311,(2021-2025),1,1,3.0
12312,(2022),1,1,3.0
12313,(2022-2024).,1,1,3.0
12314,(2023).,1,1,3.0
12315,(2024-2029),1,1,3.0
12316,(2024-5,1,1,3.0
12317,(2025,1,1,3.0
12318,(209,1,1,3.0
12319,(21,1,1,3.0
12320,(21.2%),1,1,3.0
12321,"(21.59%),",1,1,3.0
12322,(21.7%,1,1,3.0
12323,(21.9%,1,1,3.0
12324,(21.9%).,1,1,3.0
12325,(21/22),1,1,3.0
12326,(2182,1,1,3.0
12327,"(22%),",1,1,3.0
12328,(22.0%,1,1,3.0
12329,(22.6%,1,1,3.0
12330,(22.7%,1,1,3.0
12331,(22.70%,1,1,3.0
12332,"(22/37,",1,1,3.0
12333,(2225/group),1,1,3.0
12334,(227±71,1,1,3.0
12335,(23.2%,1,1,3.0
12336,"(23.5%),",1,1,3.0
12337,(23.6%).,1,1,3.0
12338,(24%),1,1,3.0
12339,(24-35%,1,1,3.0
12340,(24.1%).,1,1,3.0
12341,"(24.33%,",1,1,3.0
12342,(241,1,1,3.0
12343,(244,1,1,3.0
12344,(25,1,1,3.0
12345,(25%).,1,1,3.0
12346,(25-29.9,1,1,3.0
12347,(25.2%,1,1,3.0
12348,(25.76%,1,1,3.0
12349,(25.78%),1,1,3.0
12350,(25.9,1,1,3.0
12351,(250,1,1,3.0
12352,(251,1,1,3.0
12353,"(26.3%),",1,1,3.0
12354,(26.5).,1,1,3.0
12355,"(26.50%,",1,1,3.0
12356,(26.7%).,1,1,3.0
12357,(26.8,1,1,3.0
12358,(267,1,1,3.0
12359,(27,1,1,3.0
12360,(27%,1,1,3.0
12361,(27%;,1,1,3.0
12362,(27.0,1,1,3.0
12363,(27.1%).,1,1,3.0
12364,(27.2%,1,1,3.0
12365,(27.4%,1,1,3.0
12366,(27.5%),1,1,3.0
12367,(27.6%),1,1,3.0
12368,(27.7%).,1,1,3.0
12369,"(27.84%,",1,1,3.0
12370,"(277,155",1,1,3.0
12371,(28-day),1,1,3.0
12372,(28.4%).,1,1,3.0
12373,(28.9%),1,1,3.0
12374,(2898,1,1,3.0
12375,(29%;,1,1,3.0
12376,(29.4%,1,1,3.0
12377,(29.6%).,1,1,3.0
12378,(29.9,1,1,3.0
12379,"(29/36,",1,1,3.0
12380,(2990,1,1,3.0
12381,(2hpg),1,1,3.0
12382,(3%),1,1,3.0
12383,(3-6,1,1,3.0
12384,(3.0%,1,1,3.0
12385,(3.0%),1,1,3.0
12386,(3.1),1,1,3.0
12387,(3.371,1,1,3.0
12388,"(3.42,",1,1,3.0
12389,(3.44,1,1,3.0
12390,(3.8%),1,1,3.0
12391,(3.86%,1,1,3.0
12392,(3.9,1,1,3.0
12393,(3.9%),1,1,3.0
12394,"(3.91,",1,1,3.0
12395,(3.92,1,1,3.0
12396,(3.97,1,1,3.0
12397,(30%),1,1,3.0
12398,"(30%,",1,1,3.0
12399,(30%;,1,1,3.0
12400,"(30,",1,1,3.0
12401,"(30.7%),",1,1,3.0
12402,(30/60,1,1,3.0
12403,(300,1,1,3.0
12404,(302,1,1,3.0
12405,(31%),1,1,3.0
12406,"(31,684",1,1,3.0
12407,(31.0%),1,1,3.0
12408,(31.6%,1,1,3.0
12409,(310,1,1,3.0
12410,(32,1,1,3.0
12411,(32.2%,1,1,3.0
12412,"(32.22%,",1,1,3.0
12413,(32.6%),1,1,3.0
12414,"(32.6%),",1,1,3.0
12415,(33%,1,1,3.0
12416,(33%;,1,1,3.0
12417,(33.1%).,1,1,3.0
12418,"(33.5%),",1,1,3.0
12419,"(335,605",1,1,3.0
12420,(33·5%),1,1,3.0
12421,(34%),1,1,3.0
12422,(34%).,1,1,3.0
12423,(34.7%,1,1,3.0
12424,(34.8%,1,1,3.0
12425,(34.94%),1,1,3.0
12426,(3459,1,1,3.0
12427,(347,1,1,3.0
12428,(35,1,1,3.0
12429,(35%),1,1,3.0
12430,(35.7%),1,1,3.0
12431,(35.9%,1,1,3.0
12432,(35.9%),1,1,3.0
12433,"(35/79,",1,1,3.0
12434,(36%;,1,1,3.0
12435,(36.2%),1,1,3.0
12436,(36.42%,1,1,3.0
12437,(37%,1,1,3.0
12438,(37%),1,1,3.0
12439,(37%;,1,1,3.0
12440,(37.2%).,1,1,3.0
12441,(37.5%).,1,1,3.0
12442,(37.6%,1,1,3.0
12443,"(37.7%),",1,1,3.0
12444,"(38.2%),",1,1,3.0
12445,(38.6,1,1,3.0
12446,(38.9%),1,1,3.0
12447,(38406).,1,1,3.0
12448,(39%,1,1,3.0
12449,(39.8%,1,1,3.0
12450,(396,1,1,3.0
12451,(3:2:3:3),1,1,3.0
12452,(4,1,1,3.0
12453,(4.0%,1,1,3.0
12454,(4.1,1,1,3.0
12455,(4.1%,1,1,3.0
12456,(4.1),1,1,3.0
12457,(4.16%,1,1,3.0
12458,(4.17,1,1,3.0
12459,(4.5,1,1,3.0
12460,(4.7%,1,1,3.0
12461,(4.76;,1,1,3.0
12462,(4.8%),1,1,3.0
12463,"(4.8%),",1,1,3.0
12464,(4/41;,1,1,3.0
12465,(40,1,1,3.0
12466,(40.6%),1,1,3.0
12467,(40.7%,1,1,3.0
12468,(400,1,1,3.0
12469,(405,1,1,3.0
12470,"(41%),",1,1,3.0
12471,(41%;,1,1,3.0
12472,(41.1),1,1,3.0
12473,(41.9%).,1,1,3.0
12474,(42.0%,1,1,3.0
12475,(42.3%),1,1,3.0
12476,(42.5%),1,1,3.0
12477,(42.8%),1,1,3.0
12478,(43%),1,1,3.0
12479,(43.1,1,1,3.0
12480,(43.5%,1,1,3.0
12481,(43.9%),1,1,3.0
12482,(44%;,1,1,3.0
12483,"(44.0%),",1,1,3.0
12484,(44.2%,1,1,3.0
12485,(44.8%,1,1,3.0
12486,(45,1,1,3.0
12487,"(45.1),",1,1,3.0
12488,"(45.9%),",1,1,3.0
12489,(46%,1,1,3.0
12490,(46%).,1,1,3.0
12491,(46.3%),1,1,3.0
12492,(46.4%,1,1,3.0
12493,(46.6%),1,1,3.0
12494,(46.7%),1,1,3.0
12495,"(46.9%,",1,1,3.0
12496,"(46/96,",1,1,3.0
12497,(47%,1,1,3.0
12498,(47%),1,1,3.0
12499,(47%;,1,1,3.0
12500,(47.1%).,1,1,3.0
12501,(47.2%),1,1,3.0
12502,(47.3%,1,1,3.0
12503,(48,1,1,3.0
12504,(48%),1,1,3.0
12505,(48.4%),1,1,3.0
12506,(49,1,1,3.0
12507,(49.0%),1,1,3.0
12508,(49.7%),1,1,3.0
12509,(49.8%,1,1,3.0
12510,"(4°c,",1,1,3.0
12511,(4·1%).,1,1,3.0
12512,"(5%,",1,1,3.0
12513,"(5),",1,1,3.0
12514,(5-15,1,1,3.0
12515,(5-hiaa),1,1,3.0
12516,"(5-ht),",1,1,3.0
12517,(5.1)%],1,1,3.0
12518,(5.3%);,1,1,3.0
12519,(5.36%),1,1,3.0
12520,(5.4%,1,1,3.0
12521,(5.5%),1,1,3.0
12522,"(5.5%,",1,1,3.0
12523,(5.6%),1,1,3.0
12524,(5.7,1,1,3.0
12525,(5.7%,1,1,3.0
12526,(5.9%,1,1,3.0
12527,(50%,1,1,3.0
12528,(50%;,1,1,3.0
12529,(50.0%).,1,1,3.0
12530,"(50.6%),",1,1,3.0
12531,"(50.6%,",1,1,3.0
12532,(50.7-fold,1,1,3.0
12533,(50.9%,1,1,3.0
12534,(500,1,1,3.0
12535,(50·0%),1,1,3.0
12536,(51,1,1,3.0
12537,(51.1%,1,1,3.0
12538,(52%;,1,1,3.0
12539,(52.2%,1,1,3.0
12540,(52.2%).,1,1,3.0
12541,(52.8%),1,1,3.0
12542,(52.9%),1,1,3.0
12543,(53,1,1,3.0
12544,(53-86,1,1,3.0
12545,"(53.1%),",1,1,3.0
12546,(53.7%),1,1,3.0
12547,(53.9%,1,1,3.0
12548,"(53/109,",1,1,3.0
12549,(536/2014),1,1,3.0
12550,(54.1%),1,1,3.0
12551,"(54.1%),",1,1,3.0
12552,(54.3%),1,1,3.0
12553,(54.7%,1,1,3.0
12554,(54.8%),1,1,3.0
12555,"(55.2%),",1,1,3.0
12556,(55619),1,1,3.0
12557,(56,1,1,3.0
12558,"(56.77%,",1,1,3.0
12559,"(56.8%),",1,1,3.0
12560,(562,1,1,3.0
12561,"(57%,",1,1,3.0
12562,(57.1%),1,1,3.0
12563,(57.7%),1,1,3.0
12564,"(57/79,",1,1,3.0
12565,(58,1,1,3.0
12566,(58%,1,1,3.0
12567,(5871,1,1,3.0
12568,(59%),1,1,3.0
12569,(59%).,1,1,3.0
12570,(59.3,1,1,3.0
12571,(6%),1,1,3.0
12572,"(6%,",1,1,3.0
12573,(6-7,1,1,3.0
12574,(6.0,1,1,3.0
12575,(6.0-6.4%)],1,1,3.0
12576,(6.1%,1,1,3.0
12577,(6.38,1,1,3.0
12578,"(6.47-20.05),",1,1,3.0
12579,(6.5,1,1,3.0
12580,(6.5%,1,1,3.0
12581,(6.8%,1,1,3.0
12582,(6.9%,1,1,3.0
12583,(6.9%).,1,1,3.0
12584,(6/103),1,1,3.0
12585,(60%),1,1,3.0
12586,"(60,",1,1,3.0
12587,(60.0%).,1,1,3.0
12588,(60.7).,1,1,3.0
12589,(60.9%),1,1,3.0
12590,(61,1,1,3.0
12591,(62.2%),1,1,3.0
12592,(63,1,1,3.0
12593,"(63-week-old,",1,1,3.0
12594,(63.3%,1,1,3.0
12595,(63.5%,1,1,3.0
12596,(63.9%,1,1,3.0
12597,(63.9%),1,1,3.0
12598,(63.9%).,1,1,3.0
12599,(63/15902),1,1,3.0
12600,(64%,1,1,3.0
12601,"(64.9%),",1,1,3.0
12602,(65.06%),1,1,3.0
12603,(65.2%,1,1,3.0
12604,(66%,1,1,3.0
12605,(66%),1,1,3.0
12606,(66%).,1,1,3.0
12607,(66.7%,1,1,3.0
12608,(66.7%),1,1,3.0
12609,(66·5%),1,1,3.0
12610,(67.1,1,1,3.0
12611,(67.2%),1,1,3.0
12612,"(67.2%),",1,1,3.0
12613,(68%,1,1,3.0
12614,(68%),1,1,3.0
12615,(68.9%),1,1,3.0
12616,(68/129,1,1,3.0
12617,(69%,1,1,3.0
12618,(69.1%,1,1,3.0
12619,(6·1-9·9%),1,1,3.0
12620,(7,1,1,3.0
12621,(7%-10%),1,1,3.0
12622,(7).,1,1,3.0
12623,(7-36),1,1,3.0
12624,(7.0%),1,1,3.0
12625,(7.5%;,1,1,3.0
12626,(7.6-23.0):,1,1,3.0
12627,(7.7,1,1,3.0
12628,(7.8%),1,1,3.0
12629,(70-90,1,1,3.0
12630,(70.3%),1,1,3.0
12631,(70.7%);,1,1,3.0
12632,"(70/79,",1,1,3.0
12633,(702,1,1,3.0
12634,(71.1%),1,1,3.0
12635,"(71.3%),",1,1,3.0
12636,(71.4%),1,1,3.0
12637,(72%;,1,1,3.0
12638,(72.3%),1,1,3.0
12639,(72.4%),1,1,3.0
12640,(72.4%).,1,1,3.0
12641,(72.5%,1,1,3.0
12642,(73%,1,1,3.0
12643,(73%),1,1,3.0
12644,(73.3%),1,1,3.0
12645,(74.3%),1,1,3.0
12646,(75,1,1,3.0
12647,(75%;,1,1,3.0
12648,(75.6,1,1,3.0
12649,(75.9/10,1,1,3.0
12650,(757,1,1,3.0
12651,(75·3%),1,1,3.0
12652,(76%,1,1,3.0
12653,(76%),1,1,3.0
12654,(76%).,1,1,3.0
12655,"(76%,",1,1,3.0
12656,(76.2%),1,1,3.0
12657,"(76.88%,",1,1,3.0
12658,(764,1,1,3.0
12659,(77,1,1,3.0
12660,(77.0%),1,1,3.0
12661,"(77.1%,n=27)",1,1,3.0
12662,(77.7,1,1,3.0
12663,"(77/166,",1,1,3.0
12664,"(78.4%),",1,1,3.0
12665,(78.5%),1,1,3.0
12666,"(78.6%),",1,1,3.0
12667,(78.8%,1,1,3.0
12668,"(79.8%),",1,1,3.0
12669,(8%),1,1,3.0
12670,(8%).,1,1,3.0
12671,"(8%,",1,1,3.0
12672,(8),1,1,3.0
12673,(8.1%,1,1,3.0
12674,(8.1%).,1,1,3.0
12675,(8.3%,1,1,3.0
12676,(8.51),1,1,3.0
12677,(8.63),1,1,3.0
12678,(8.7%,1,1,3.0
12679,(8.9%,1,1,3.0
12680,(8.9),1,1,3.0
12681,(8/165,1,1,3.0
12682,(8/41;,1,1,3.0
12683,(80%),1,1,3.0
12684,(80.3%,1,1,3.0
12685,(80·5%,1,1,3.0
12686,(81%),1,1,3.0
12687,(81%).,1,1,3.0
12688,(81.76%),1,1,3.0
12689,(82,1,1,3.0
12690,(82%),1,1,3.0
12691,(82.61%;,1,1,3.0
12692,"(82/110,",1,1,3.0
12693,"(84%),",1,1,3.0
12694,(84.2%,1,1,3.0
12695,"(84.2),",1,1,3.0
12696,(84.4%),1,1,3.0
12697,(84.6%,1,1,3.0
12698,"(85%,",1,1,3.0
12699,(85.2%,1,1,3.0
12700,(85.2%),1,1,3.0
12701,(85.5%),1,1,3.0
12702,(86%).,1,1,3.0
12703,(86.88%,1,1,3.0
12704,(87%,1,1,3.0
12705,(87%;,1,1,3.0
12706,(87.2%).,1,1,3.0
12707,(87.3%),1,1,3.0
12708,(87·6%),1,1,3.0
12709,(88.4%),1,1,3.0
12710,"(89%),",1,1,3.0
12711,(89.5%),1,1,3.0
12712,(89·5%),1,1,3.0
12713,(9%;,1,1,3.0
12714,(9-39).,1,1,3.0
12715,(9.0%,1,1,3.0
12716,(9.0.107);,1,1,3.0
12717,(9.1%),1,1,3.0
12718,(9.3%),1,1,3.0
12719,(9.5%,1,1,3.0
12720,(9.66%,1,1,3.0
12721,(9.7%,1,1,3.0
12722,(9.71%,1,1,3.0
12723,(90,1,1,3.0
12724,(90.0%,1,1,3.0
12725,(91%,1,1,3.0
12726,"(91.42%,",1,1,3.0
12727,"(91.9%),",1,1,3.0
12728,(92%),1,1,3.0
12729,"(92%),",1,1,3.0
12730,(92%).,1,1,3.0
12731,(93%),1,1,3.0
12732,"(94%,",1,1,3.0
12733,(94.1%),1,1,3.0
12734,(94.5%),1,1,3.0
12735,(94.6%,1,1,3.0
12736,(94.7%,1,1,3.0
12737,(95%).,1,1,3.0
12738,(95.0%,1,1,3.0
12739,"(95.20%,",1,1,3.0
12740,"(95.32%,",1,1,3.0
12741,(9556,1,1,3.0
12742,(9585,1,1,3.0
12743,(96%),1,1,3.0
12744,"(96.4%),",1,1,3.0
12745,(96.7%),1,1,3.0
12746,(97,1,1,3.0
12747,"(97.3%),",1,1,3.0
12748,(97.9%),1,1,3.0
12749,"(97.9%),",1,1,3.0
12750,(98,1,1,3.0
12751,(98%,1,1,3.0
12752,(99.0%,1,1,3.0
12753,(99.7%),1,1,3.0
12754,"(99.80%,",1,1,3.0
12755,"(99.92%,",1,1,3.0
12756,(9gyo,1,1,3.0
12757,(9·57%,1,1,3.0
12758,(;,1,1,3.0
12759,(<5%),1,1,3.0
12760,(<54,1,1,3.0
12761,"(<6.0%)],",1,1,3.0
12762,(<70%).,1,1,3.0
12763,(>250,1,1,3.0
12764,(>52,1,1,3.0
12765,(>60,1,1,3.0
12766,"([lifestyle],",1,1,3.0
12767,([rcts],1,1,3.0
12768,"([sema],",1,1,3.0
12769,"([surgery],",1,1,3.0
12770,(aad),1,1,3.0
12771,(abca1),1,1,3.0
12772,(abca1):,1,1,3.0
12773,(abdominal,1,1,3.0
12774,(aberrant,1,1,3.0
12775,(abom),1,1,3.0
12776,(about,1,1,3.0
12777,(accounting,1,1,3.0
12778,(acdf).,1,1,3.0
12779,"(acetate,",1,1,3.0
12780,(achieve-j).,1,1,3.0
12781,"(acm),",1,1,3.0
12782,(acn),1,1,3.0
12783,"(acr,",1,1,3.0
12784,(acrs),1,1,3.0
12785,(acsl4),1,1,3.0
12786,(activated,1,1,3.0
12787,(adds),1,1,3.0
12788,(adjuvant,1,1,3.0
12789,(adma),1,1,3.0
12790,(admet),1,1,3.0
12791,(adpkd),1,1,3.0
12792,"(adpn),",1,1,3.0
12793,(advanced,1,1,3.0
12794,(aes).,1,1,3.0
12795,(aes;,1,1,3.0
12796,"(af),",1,1,3.0
12797,(affecting,1,1,3.0
12798,"(agb),",1,1,3.0
12799,(agb).,1,1,3.0
12800,(age,1,1,3.0
12801,(age),1,1,3.0
12802,"(age,",1,1,3.0
12803,(age:,1,1,3.0
12804,(agrp),1,1,3.0
12805,(ahi,1,1,3.0
12806,"(ahi,",1,1,3.0
12807,(ahr),1,1,3.0
12808,(ahrs),1,1,3.0
12809,(aibd),1,1,3.0
12810,(aid),1,1,3.0
12811,(aifa),1,1,3.0
12812,(aki),1,1,3.0
12813,"(aki),",1,1,3.0
12814,(akk),1,1,3.0
12815,(aks),1,1,3.0
12816,"(ala),",1,1,3.0
12817,(albumin,1,1,3.0
12818,(alcohol,1,1,3.0
12819,"(ald),",1,1,3.0
12820,(alt),1,1,3.0
12821,(although,1,1,3.0
12822,(ames),1,1,3.0
12823,(amg133),1,1,3.0
12824,(amg133).,1,1,3.0
12825,(among,1,1,3.0
12826,(ampk),1,1,3.0
12827,(ampk/sirt1,1,1,3.0
12828,(amstar-2).,1,1,3.0
12829,(amy1r),1,1,3.0
12830,(an,1,1,3.0
12831,"(an),",1,1,3.0
12832,(analytic,1,1,3.0
12833,(ancova),1,1,3.0
12834,(and,1,1,3.0
12835,(anesthesia,1,1,3.0
12836,(anguilla,1,1,3.0
12837,(anion,1,1,3.0
12838,(anp),1,1,3.0
12839,"(anthracyclines,",1,1,3.0
12840,"(anxiety,",1,1,3.0
12841,(any,1,1,3.0
12842,(anzctr-,1,1,3.0
12843,(ap),1,1,3.0
12844,(apc),1,1,3.0
12845,(apj),1,1,3.0
12846,(apob)-containing,1,1,3.0
12847,(approximately22,1,1,3.0
12848,(apr=0.47,1,1,3.0
12849,"(apr=0.76,",1,1,3.0
12850,(apr=1.42,1,1,3.0
12851,(apr=1.49,1,1,3.0
12852,(aqp4),1,1,3.0
12853,(arr),1,1,3.0
12854,(art),1,1,3.0
12855,(as,1,1,3.0
12856,(asa24).,1,1,3.0
12857,(asbt),1,1,3.0
12858,(asian:,1,1,3.0
12859,(aso),1,1,3.0
12860,(asos),1,1,3.0
12861,"(aspro-pd,",1,1,3.0
12862,"(asq),",1,1,3.0
12863,(asrs),1,1,3.0
12864,(asvs),1,1,3.0
12865,(asx),1,1,3.0
12866,(at,1,1,3.0
12867,"(at1r),",1,1,3.0
12868,(atp-linked,1,1,3.0
12869,(atr),1,1,3.0
12870,(attain-1:,1,1,3.0
12871,(auc).,1,1,3.0
12872,"(auc,",1,1,3.0
12873,(auc0-t),1,1,3.0
12874,(auc0-∞).,1,1,3.0
12875,"(aucs),",1,1,3.0
12876,(aud).,1,1,3.0
12877,(aviitam),1,1,3.0
12878,"(ax),",1,1,3.0
12879,(aβ,1,1,3.0
12880,"(b=-0.580,",1,1,3.0
12881,"(b=-1.177,",1,1,3.0
12882,"(b=-1.434,",1,1,3.0
12883,"(b=-2.195,",1,1,3.0
12884,"(b=-4.618,",1,1,3.0
12885,(ba)-derived,1,1,3.0
12886,(bacteroides,1,1,3.0
12887,"(balf),",1,1,3.0
12888,(bariatric,1,1,3.0
12889,(base,1,1,3.0
12890,(based,1,1,3.0
12891,(bayesian),1,1,3.0
12892,"(bbb),",1,1,3.0
12893,(bbi),1,1,3.0
12894,(bbs),1,1,3.0
12895,(bca),1,1,3.0
12896,(bd),1,1,3.0
12897,(be),1,1,3.0
12898,"(berberine,",1,1,3.0
12899,(between-group,1,1,3.0
12900,(bfi),1,1,3.0
12901,(bh4/bh2),1,1,3.0
12902,(bhbe),1,1,3.0
12903,(bhe),1,1,3.0
12904,(bia),1,1,3.0
12905,(binge,1,1,3.0
12906,(biological,1,1,3.0
12907,(bip),1,1,3.0
12908,"(bip/grp78),",1,1,3.0
12909,(bl).,1,1,3.0
12910,"(blackcurrant),",1,1,3.0
12911,(blind),1,1,3.0
12912,(blm)-induced,1,1,3.0
12913,(bm),1,1,3.0
12914,(bmc),1,1,3.0
12915,"(bmdms),",1,1,3.0
12916,(bmi)fails,1,1,3.0
12917,(bmscs),1,1,3.0
12918,(bnp),1,1,3.0
12919,"(bnp),",1,1,3.0
12920,"(boston,",1,1,3.0
12921,(bp),1,1,3.0
12922,(bp).,1,1,3.0
12923,(bp;,1,1,3.0
12924,(bpm),1,1,3.0
12925,(brs),1,1,3.0
12926,(bs),1,1,3.0
12927,"(bsep,",1,1,3.0
12928,(bsh)-mediated,1,1,3.0
12929,(bsh)-producing,1,1,3.0
12930,"(bw),",1,1,3.0
12931,(bydureon™),1,1,3.0
12932,(c&k).,1,1,3.0
12933,"(c),",1,1,3.0
12934,(c-terminal,1,1,3.0
12935,(c.889t,1,1,3.0
12936,"(c3m),",1,1,3.0
12937,(ca),1,1,3.0
12938,"(ca19-9,",1,1,3.0
12939,(ca2+),1,1,3.0
12940,"(ca7s),",1,1,3.0
12941,(cabg),1,1,3.0
12942,(cac),1,1,3.0
12943,(cadro).,1,1,3.0
12944,(cagrisema).,1,1,3.0
12945,(cagrisema;,1,1,3.0
12946,(calculated,1,1,3.0
12947,(calf,1,1,3.0
12948,(camp)-biased,1,1,3.0
12949,(camp)/l-type,1,1,3.0
12950,(camp)/protein,1,1,3.0
12951,(cams),1,1,3.0
12952,"(canakinumab,",1,1,3.0
12953,(cap),1,1,3.0
12954,"(carcinogenic,",1,1,3.0
12955,(cat),1,1,3.0
12956,(cation,1,1,3.0
12957,(cavi,1,1,3.0
12958,(cca).,1,1,3.0
12959,(cci),1,1,3.0
12960,(cck).,1,1,3.0
12961,(ccm),1,1,3.0
12962,(ccs),1,1,3.0
12963,(cd206),1,1,3.0
12964,"(cd39),",1,1,3.0
12965,(cd73).,1,1,3.0
12966,"(cd80/cd86,",1,1,3.0
12967,"(cdyn),",1,1,3.0
12968,(cebq),1,1,3.0
12969,"(central),",1,1,3.0
12970,(cer),1,1,3.0
12971,(cfrd),1,1,3.0
12972,(cfu),1,1,3.0
12973,"(cgm),",1,1,3.0
12974,(cgm).,1,1,3.0
12975,"(cgmp),",1,1,3.0
12976,(cgmp-aa),1,1,3.0
12977,(characteristics,1,1,3.0
12978,(cheers),1,1,3.0
12979,(ches),1,1,3.0
12980,(childhood-onset),1,1,3.0
12981,"(cholecystokinin,",1,1,3.0
12982,"(cholelithiasis,",1,1,3.0
12983,(chrebp/srebp-1c).,1,1,3.0
12984,(ci).,1,1,3.0
12985,(ci)],1,1,3.0
12986,(ci-aki),1,1,3.0
12987,(cia),1,1,3.0
12988,(cim),1,1,3.0
12989,(cinahl),1,1,3.0
12990,"(cis),",1,1,3.0
12991,(ckd)-associated,1,1,3.0
12992,(ckd-cohort);,1,1,3.0
12993,(ckmd),1,1,3.0
12994,(clad).,1,1,3.0
12995,(clarivate,1,1,3.0
12996,(cli),1,1,3.0
12997,"(cli),",1,1,3.0
12998,"(clinicaltrials.gov),",1,1,3.0
12999,(clinicaltrials.gov).,1,1,3.0
13000,"(clp),",1,1,3.0
13001,(clpph),1,1,3.0
13002,(cm),1,1,3.0
13003,"(cmds),",1,1,3.0
13004,(cn),1,1,3.0
13005,"(cnki,",1,1,3.0
13006,(cns).,1,1,3.0
13007,(co-agonists),1,1,3.0
13008,(co-formulated,1,1,3.0
13009,(coe),1,1,3.0
13010,(coi).,1,1,3.0
13011,(common,1,1,3.0
13012,(compkt),1,1,3.0
13013,(con).,1,1,3.0
13014,(continuous,1,1,3.0
13015,"(control,",1,1,3.0
13016,"(copd),",1,1,3.0
13017,(coq10),1,1,3.0
13018,(cor),1,1,3.0
13019,(cost,1,1,3.0
13020,(cox,1,1,3.0
13021,(cp),1,1,3.0
13022,(cp-i).,1,1,3.0
13023,(cp;,1,1,3.0
13024,(cpg),1,1,3.0
13025,(cprd),1,1,3.0
13026,(cps),1,1,3.0
13027,(cpt,1,1,3.0
13028,"(crc),",1,1,3.0
13029,(crc).,1,1,3.0
13030,(crd42023473875).,1,1,3.0
13031,(crd420251077729).,1,1,3.0
13032,(crd420251079970).,1,1,3.0
13033,(crd420251110220).,1,1,3.0
13034,(crd420251139475).,1,1,3.0
13035,(crd420251183938).,1,1,3.0
13036,"(crd42025644064),",1,1,3.0
13037,(crd42025645378).,1,1,3.0
13038,(crd420261354941).,1,1,3.0
13039,(crd420261385854),1,1,3.0
13040,(crd420261414637).,1,1,3.0
13041,"(crds),",1,1,3.0
13042,"(creb),",1,1,3.0
13043,(cris),1,1,3.0
13044,(crp,1,1,3.0
13045,(crp),1,1,3.0
13046,(crps),1,1,3.0
13047,"(crv431),",1,1,3.0
13048,"(csm),",1,1,3.0
13049,(css),1,1,3.0
13050,(ct130,1,1,3.0
13051,(ctn),1,1,3.0
13052,"(ctni),",1,1,3.0
13053,(ctr20233198),1,1,3.0
13054,"(ctx),",1,1,3.0
13055,"(curcumin,",1,1,3.0
13056,(current,1,1,3.0
13057,(cvi).,1,1,3.0
13058,(cvot),1,1,3.0
13059,"(cvots),",1,1,3.0
13060,(cwe),1,1,3.0
13061,(cystatin,1,1,3.0
13062,(d),1,1,3.0
13063,"(d3ga),",1,1,3.0
13064,(daergic),1,1,3.0
13065,(damps),1,1,3.0
13066,(dasatinib,1,1,3.0
13067,(data,1,1,3.0
13068,(days,1,1,3.0
13069,(dc-ren),1,1,3.0
13070,"(dca),",1,1,3.0
13071,(dce),1,1,3.0
13072,(dcm),1,1,3.0
13073,(dd).,1,1,3.0
13074,"(de),",1,1,3.0
13075,(december,1,1,3.0
13076,(decompensation,1,1,3.0
13077,(decreased,1,1,3.0
13078,(dedicated,1,1,3.0
13079,(defined,1,1,3.0
13080,"(depression,",1,1,3.0
13081,(dermatologist,1,1,3.0
13082,(desc).,1,1,3.0
13083,(dexa),1,1,3.0
13084,(dfa),1,1,3.0
13085,"(dfs),",1,1,3.0
13086,(dft)-based,1,1,3.0
13087,"(dhea),",1,1,3.0
13088,(diabetes,1,1,3.0
13089,"(diabetes),",1,1,3.0
13090,(dian),1,1,3.0
13091,(dian-tu),1,1,3.0
13092,(diap),1,1,3.0
13093,(did),1,1,3.0
13094,(did-irr).,1,1,3.0
13095,(diet,1,1,3.0
13096,(difference,1,1,3.0
13097,(dili),1,1,3.0
13098,(dims),1,1,3.0
13099,(dipeptidyl,1,1,3.0
13100,"(dis),",1,1,3.0
13101,(dka),1,1,3.0
13102,(dka).,1,1,3.0
13103,(dlqi),1,1,3.0
13104,(dls)-conditioned,1,1,3.0
13105,(dm,1,1,3.0
13106,"(dm),",1,1,3.0
13107,(dmadds).,1,1,3.0
13108,"(dmds)""",1,1,3.0
13109,"(dme),",1,1,3.0
13110,(dme).,1,1,3.0
13111,(dmf)-a,1,1,3.0
13112,(dmns),1,1,3.0
13113,(dmso),1,1,3.0
13114,(dnl).,1,1,3.0
13115,(dod),1,1,3.0
13116,(dor),1,1,3.0
13117,(double-blind),1,1,3.0
13118,"(dp,",1,1,3.0
13119,"(dpard),",1,1,3.0
13120,(dpp-4i);,1,1,3.0
13121,(dpp4),1,1,3.0
13122,(dpp4i;,1,1,3.0
13123,(dpp4is).,1,1,3.0
13124,(dr),1,1,3.0
13125,(drg),1,1,3.0
13126,"(drp1),",1,1,3.0
13127,(dsmi),1,1,3.0
13128,(dsn),1,1,3.0
13129,(dss),1,1,3.0
13130,(dtsqc),1,1,3.0
13131,(dtt)-induced,1,1,3.0
13132,(dtw),1,1,3.0
13133,(duration,1,1,3.0
13134,"(duration,",1,1,3.0
13135,"(dvt),",1,1,3.0
13136,"(dwat),",1,1,3.0
13137,"(dyrk1a),",1,1,3.0
13138,(e),1,1,3.0
13139,"(e)-3-(4-(2-(3-(3,4-dichlorophenyl)acrylamido)",1,1,3.0
13140,(each,1,1,3.0
13141,(eat),1,1,3.0
13142,(ebgm);,1,1,3.0
13143,(ebm),1,1,3.0
13144,(ebmts),1,1,3.0
13145,(ec50,1,1,3.0
13146,"(ecd),",1,1,3.0
13147,(ecg),1,1,3.0
13148,(ecm),1,1,3.0
13149,(ect),1,1,3.0
13150,"(edd),",1,1,3.0
13151,(eds).,1,1,3.0
13152,"(edv),",1,1,3.0
13153,(ee).,1,1,3.0
13154,(eec),1,1,3.0
13155,(egcg),1,1,3.0
13156,(egd).,1,1,3.0
13157,(egfr,1,1,3.0
13158,(egfr).,1,1,3.0
13159,(egfr;,1,1,3.0
13160,(egger's,1,1,3.0
13161,"(egr),",1,1,3.0
13162,(ei),1,1,3.0
13163,(either,1,1,3.0
13164,"(ela),",1,1,3.0
13165,(elevated,1,1,3.0
13166,"(elsevier),",1,1,3.0
13167,(ema),1,1,3.0
13168,"(embase,",1,1,3.0
13169,(emotional,1,1,3.0
13170,(emps)-offer,1,1,3.0
13171,(emr),1,1,3.0
13172,(encoding,1,1,3.0
13173,(encuesta,1,1,3.0
13174,(end,1,1,3.0
13175,(endocrinologists,1,1,3.0
13176,(endopat),1,1,3.0
13177,(english,1,1,3.0
13178,(enos,1,1,3.0
13179,"(eoss),",1,1,3.0
13180,(eqw),1,1,3.0
13181,(er).,1,1,3.0
13182,"(era),",1,1,3.0
13183,(ers;,1,1,3.0
13184,(esa),1,1,3.0
13185,(esada),1,1,3.0
13186,(escalation,1,1,3.0
13187,(eskd).,1,1,3.0
13188,"(esrd),",1,1,3.0
13189,(esrd).,1,1,3.0
13190,"(estimated),",1,1,3.0
13191,(eta),1,1,3.0
13192,(ethylene,1,1,3.0
13193,"(eubiosis),",1,1,3.0
13194,"(eudka),",1,1,3.0
13195,(evaluate,1,1,3.0
13196,"(event-free,",1,1,3.0
13197,(evs),1,1,3.0
13198,(evt),1,1,3.0
13199,(ewom),1,1,3.0
13200,(ex-4,1,1,3.0
13201,(exe,1,1,3.0
13202,(exe),1,1,3.0
13203,(exenatide),1,1,3.0
13204,"(exenatide,",1,1,3.0
13205,(exenatide/exendin-4,1,1,3.0
13206,(exendin9-39).,1,1,3.0
13207,(expert,1,1,3.0
13208,(explicit,1,1,3.0
13209,(exposure),1,1,3.0
13210,"(exscel),",1,1,3.0
13211,(f10),1,1,3.0
13212,(f2-f3),1,1,3.0
13213,(fast)-scores,1,1,3.0
13214,(fat),1,1,3.0
13215,"(fatigue,",1,1,3.0
13216,(fbg),1,1,3.0
13217,(fbxo32),1,1,3.0
13218,(fea),1,1,3.0
13219,(february,1,1,3.0
13220,(fed,1,1,3.0
13221,"(feno),",1,1,3.0
13222,(ferritin,1,1,3.0
13223,(fev1),1,1,3.0
13224,(ffa),1,1,3.0
13225,(ffl).,1,1,3.0
13226,(ffs),1,1,3.0
13227,"(fga),",1,1,3.0
13228,"(fgf19),",1,1,3.0
13229,(fgf21),1,1,3.0
13230,"(fgf21),",1,1,3.0
13231,(fgf23),1,1,3.0
13232,"(fh),",1,1,3.0
13233,(fi),1,1,3.0
13234,(fibrosis,1,1,3.0
13235,(fig.,1,1,3.0
13236,"(finerenone),",1,1,3.0
13237,"(finerenone+sglt2i),",1,1,3.0
13238,(finerenone+sglt2i+glp-1,1,1,3.0
13239,(finngen,1,1,3.0
13240,(five,1,1,3.0
13241,(flow),1,1,3.0
13242,(fm),1,1,3.0
13243,"(fm),",1,1,3.0
13244,"(fmd),",1,1,3.0
13245,"(fmt),",1,1,3.0
13246,(fmt).,1,1,3.0
13247,"(fmt,",1,1,3.0
13248,(fnl),1,1,3.0
13249,(fnq).,1,1,3.0
13250,"(folate,",1,1,3.0
13251,(formerly,1,1,3.0
13252,(foundayo),1,1,3.0
13253,"(foundayo),",1,1,3.0
13254,(foundayo™),1,1,3.0
13255,(fpg),1,1,3.0
13256,(fpg).,1,1,3.0
13257,"(fqhcs),",1,1,3.0
13258,(fr;,1,1,3.0
13259,"(frc),",1,1,3.0
13260,(frequentist),1,1,3.0
13261,(fresenius,1,1,3.0
13262,(fsg),1,1,3.0
13263,(fsh),1,1,3.0
13264,"(ft),",1,1,3.0
13265,(ft3),1,1,3.0
13266,(funded,1,1,3.0
13267,(fxiiia),1,1,3.0
13268,"(fxr),",1,1,3.0
13269,(g1-g3b),1,1,3.0
13270,(gadus,1,1,3.0
13271,(galactomannans),1,1,3.0
13272,(gastric,1,1,3.0
13273,(gastrointestinal,1,1,3.0
13274,(gastroparesis),1,1,3.0
13275,"(gbts),",1,1,3.0
13276,(gcg,1,1,3.0
13277,(gcs),1,1,3.0
13278,"(gcst90691839),",1,1,3.0
13279,"(gcst90691840),",1,1,3.0
13280,(gcst90691841),1,1,3.0
13281,"(gdc),",1,1,3.0
13282,(gdf15)-and,1,1,3.0
13283,(genus);,1,1,3.0
13284,"(gerd),",1,1,3.0
13285,(gerd).2,1,1,3.0
13286,(gh),1,1,3.0
13287,(ghba1c),1,1,3.0
13288,(ghr),1,1,3.0
13289,"(ghrelin,",1,1,3.0
13290,(gi,1,1,3.0
13291,(gi-ae),1,1,3.0
13292,(gip)/glp-1ras,1,1,3.0
13293,(gip)/glucagon,1,1,3.0
13294,(gip/glp-1,1,1,3.0
13295,(gip/glp-1/glucagon),1,1,3.0
13296,(gip/glp-1ra).,1,1,3.0
13297,"(gipr),",1,1,3.0
13298,(gipr)/glp1r,1,1,3.0
13299,(gk),1,1,3.0
13300,"(gksset),",1,1,3.0
13301,"(glar),",1,1,3.0
13302,(glar/exe).,1,1,3.0
13303,"(glar/lispro),",1,1,3.0
13304,(glargine,1,1,3.0
13305,(glds),1,1,3.0
13306,(glk),1,1,3.0
13307,(glp)-1-based,1,1,3.0
13308,(glp-1)-positive,1,1,3.0
13309,(glp-1)-related,1,1,3.0
13310,(glp-1)/glucose-dependent,1,1,3.0
13311,(glp-1-degrading,1,1,3.0
13312,(glp-1-ra),1,1,3.0
13313,(glp-1-ras),1,1,3.0
13314,"(glp-1/gip),",1,1,3.0
13315,(glp-1a),1,1,3.0
13316,(glp-1a).,1,1,3.0
13317,(glp-1r)-containing,1,1,3.0
13318,(glp-1r)-driven,1,1,3.0
13319,(glp-1r).,1,1,3.0
13320,(glp-1ra,1,1,3.0
13321,(glp-1ra)-based,1,1,3.0
13322,(glp-1ra).,1,1,3.0
13323,(glp-1ra-based,1,1,3.0
13324,(glp-1ra;,1,1,3.0
13325,(glp-1ras)-particularly,1,1,3.0
13326,(glp-1ras:,1,1,3.0
13327,(glp-1ras;,1,1,3.0
13328,(glp-1rtanycytekd),1,1,3.0
13329,(glp-naive).,1,1,3.0
13330,(glp1,1,1,3.0
13331,(glp1),1,1,3.0
13332,(glp1-ra/gip),1,1,3.0
13333,"(glp1ra),",1,1,3.0
13334,(glpa),1,1,3.0
13335,"(glucose,",1,1,3.0
13336,(gluredia),1,1,3.0
13337,"(glut2),",1,1,3.0
13338,(glycated,1,1,3.0
13339,"(glycemic,",1,1,3.0
13340,"(gm),",1,1,3.0
13341,(gmh):,1,1,3.0
13342,(gmr,1,1,3.0
13343,(goc),1,1,3.0
13344,(goto-kakizaki),1,1,3.0
13345,(gpcr),1,1,3.0
13346,(gpcrs),1,1,3.0
13347,(gpcrvp,1,1,3.0
13348,(gph):,1,1,3.0
13349,"(gpr107),",1,1,3.0
13350,"(gpr120),",1,1,3.0
13351,(gpr43),1,1,3.0
13352,(gr),1,1,3.0
13353,(gra),1,1,3.0
13354,(grabs),1,1,3.0
13355,(grading,1,1,3.0
13356,(grappa),1,1,3.0
13357,(gsh),1,1,3.0
13358,(gt),1,1,3.0
13359,(guanidinium,1,1,3.0
13360,(h&e),1,1,3.0
13361,(hads),1,1,3.0
13362,(hap).,1,1,3.0
13363,"(harmine,",1,1,3.0
13364,(hba1c)-restricted,1,1,3.0
13365,(hba1c).,1,1,3.0
13366,(hba1c);,1,1,3.0
13367,(hba1c<inf>ifcc</inf>,1,1,3.0
13368,(hblt,1,1,3.0
13369,(hblt),1,1,3.0
13370,"(hcc)),",1,1,3.0
13371,"(hcc),",1,1,3.0
13372,(hcp)-restricted,1,1,3.0
13373,(hcp:,1,1,3.0
13374,(hcu),1,1,3.0
13375,"(hdl-c,",1,1,3.0
13376,(hdlc),1,1,3.0
13377,(hec50,1,1,3.0
13378,(hei-2015),1,1,3.0
13379,(hei-2015:,1,1,3.0
13380,(hei-2020).,1,1,3.0
13381,"(helios),",1,1,3.0
13382,(hemoglobin,1,1,3.0
13383,(hepatic,1,1,3.0
13384,"(hereafter,",1,1,3.0
13385,(hf).,1,1,3.0
13386,(hfc),1,1,3.0
13387,(hff),1,1,3.0
13388,"(hfl),",1,1,3.0
13389,(hfpef,1,1,3.0
13390,(hfref),1,1,3.0
13391,"(hfs-ii,",1,1,3.0
13392,(hg),1,1,3.0
13393,(hgp),1,1,3.0
13394,(hhf),1,1,3.0
13395,(high-sensitivity,1,1,3.0
13396,(higher,1,1,3.0
13397,(hksj),1,1,3.0
13398,(hl),1,1,3.0
13399,(hmw),1,1,3.0
13400,(ho),1,1,3.0
13401,(homa-ir,1,1,3.0
13402,(homa-ir),1,1,3.0
13403,"(homa-ir)],",1,1,3.0
13404,(hoos),1,1,3.0
13405,(hos),1,1,3.0
13406,(hp).,1,1,3.0
13407,(hp-nmr),1,1,3.0
13408,(hpa),1,1,3.0
13409,(hpc),1,1,3.0
13410,"(hr),",1,1,3.0
13411,(hr):,1,1,3.0
13412,"(hr:0.665,",1,1,3.0
13413,"(hr=0.21,",1,1,3.0
13414,"(hr=0.44,",1,1,3.0
13415,"(hr=0.77,",1,1,3.0
13416,"(hr=0.82,",1,1,3.0
13417,"(hr=2.03,",1,1,3.0
13418,"(hresims,",1,1,3.0
13419,(hrm).,1,1,3.0
13420,(hrms),1,1,3.0
13421,(hrs);,1,1,3.0
13422,"(hrs9531),",1,1,3.0
13423,"(hrsa),",1,1,3.0
13424,(hsa),1,1,3.0
13425,(hscrp),1,1,3.0
13426,"(hscrp),",1,1,3.0
13427,(hsf1),1,1,3.0
13428,(hsps).,1,1,3.0
13429,(https://clinicaltrials.gov/study/nct04184622).,1,1,3.0
13430,(https://clinicaltrials.gov/study/nct04657003).,1,1,3.0
13431,(https://www.chictr.org.cn/).,1,1,3.0
13432,(human,1,1,3.0
13433,(hvs).,1,1,3.0
13434,(hyperkalaemia,1,1,3.0
13435,"(hypertension,",1,1,3.0
13436,"(hypoglycemia,",1,1,3.0
13437,(hypothetical),1,1,3.0
13438,(i2:,1,1,3.0
13439,(ia),1,1,3.0
13440,(iarc),1,1,3.0
13441,(iauc(0-120min)),1,1,3.0
13442,(iauc),1,1,3.0
13443,(iauc)0-180,1,1,3.0
13444,(iauc-30-180,1,1,3.0
13445,(ibd),1,1,3.0
13446,(ibd).,1,1,3.0
13447,(ibot),1,1,3.0
13448,(ibs),1,1,3.0
13449,(ibs).,1,1,3.0
13450,(ibs-d,1,1,3.0
13451,"(ibts),",1,1,3.0
13452,(ic),1,1,3.0
13453,(icd),1,1,3.0
13454,(icd)-9/-10,1,1,3.0
13455,(ice),1,1,3.0
13456,(icer),1,1,3.0
13457,(icers),1,1,3.0
13458,(icers).,1,1,3.0
13459,(ichd),1,1,3.0
13460,(icodec),1,1,3.0
13461,(ic₅₀,1,1,3.0
13462,(iddm),1,1,3.0
13463,(ide),1,1,3.0
13464,(ideally,1,1,3.0
13465,(idegasp),1,1,3.0
13466,"(ideglira),",1,1,3.0
13467,(iec)-specific,1,1,3.0
13468,(iex).,1,1,3.0
13469,(ifn-γ),1,1,3.0
13470,(iglar),1,1,3.0
13471,(iglarlixi,1,1,3.0
13472,(iglarlixi),1,1,3.0
13473,(iglartitrated),1,1,3.0
13474,(iihts).,1,1,3.0
13475,(il)-6,1,1,3.0
13476,(il-1β),1,1,3.0
13477,"(il-1β,",1,1,3.0
13478,(il-22),1,1,3.0
13479,"(il-6),",1,1,3.0
13480,(il-6);,1,1,3.0
13481,"(il-6,",1,1,3.0
13482,"(ild),",1,1,3.0
13483,(ileal,1,1,3.0
13484,(ili),1,1,3.0
13485,"(imms),",1,1,3.0
13486,(in),1,1,3.0
13487,(incidence,1,1,3.0
13488,(inclusive,1,1,3.0
13489,(increased,1,1,3.0
13490,(incremental,1,1,3.0
13491,(incretin-based,1,1,3.0
13492,(index).,1,1,3.0
13493,(indirect,1,1,3.0
13494,(inos)-driven,1,1,3.0
13495,(inpatient,1,1,3.0
13496,(instis),1,1,3.0
13497,(institute,1,1,3.0
13498,(instrip),1,1,3.0
13499,"(instrip),",1,1,3.0
13500,"(insulin,",1,1,3.0
13501,(interaction,1,1,3.0
13502,(interleukin,1,1,3.0
13503,(interleukin18),1,1,3.0
13504,(international,1,1,3.0
13505,(intl-abca1,1,1,3.0
13506,"(inulin),",1,1,3.0
13507,(ion),1,1,3.0
13508,(ip),1,1,3.0
13509,(ipfd),1,1,3.0
13510,(ipmns),1,1,3.0
13511,(ips),1,1,3.0
13512,"(ipw),",1,1,3.0
13513,(irds),1,1,3.0
13514,(ireland,1,1,3.0
13515,(iri),1,1,3.0
13516,(irr).,1,1,3.0
13517,(irr:,1,1,3.0
13518,(irrs).,1,1,3.0
13519,"(is),",1,1,3.0
13520,(ivw),1,1,3.0
13521,(i²,1,1,3.0
13522,(jbi),1,1,3.0
13523,(jr)].,1,1,3.0
13524,(july,1,1,3.0
13525,(k,1,1,3.0
13526,(kap),1,1,3.0
13527,(kc),1,1,3.0
13528,(kccq),1,1,3.0
13529,(kccq-css),1,1,3.0
13530,(kccq-oss),1,1,3.0
13531,"(kd),",1,1,3.0
13532,(kfre),1,1,3.0
13533,"(kfre),",1,1,3.0
13534,"(kg/m2),",1,1,3.0
13535,(kpdm).,1,1,3.0
13536,(krt),1,1,3.0
13537,(ksa),1,1,3.0
13538,"(l-name),",1,1,3.0
13539,(la)-rich,1,1,3.0
13540,(lactic-co-glycolic,1,1,3.0
13541,(lacticaseibacillus,1,1,3.0
13542,"(lb),",1,1,3.0
13543,(lbm).,1,1,3.0
13544,(lc-hrms),1,1,3.0
13545,(lc-ms/ms).,1,1,3.0
13546,(lc3b-ii/i),1,1,3.0
13547,(lca),1,1,3.0
13548,(ld-il2),1,1,3.0
13549,(ldl),1,1,3.0
13550,(ldl-c),1,1,3.0
13551,(lds),1,1,3.0
13552,(left,1,1,3.0
13553,(leptin,1,1,3.0
13554,(lfc),1,1,3.0
13555,(lfd),1,1,3.0
13556,"(lh),",1,1,3.0
13557,(lhvgat,1,1,3.0
13558,"(lira,",1,1,3.0
13559,"(liraglutide,",1,1,3.0
13560,"(lixi),",1,1,3.0
13561,(lm).,1,1,3.0
13562,(lmics).,1,1,3.0
13563,(lncrna,1,1,3.0
13564,(lncrna),1,1,3.0
13565,(lncrnas).,1,1,3.0
13566,(lor),1,1,3.0
13567,(los),1,1,3.0
13568,(low:,1,1,3.0
13569,(lps),1,1,3.0
13570,(lps).,1,1,3.0
13571,(lrr),1,1,3.0
13572,(lsg),1,1,3.0
13573,"(lsg),",1,1,3.0
13574,(lsm),1,1,3.0
13575,(lt),1,1,3.0
13576,"(lt),",1,1,3.0
13577,(lvad),1,1,3.0
13578,"(lvedp),",1,1,3.0
13579,(lvef,1,1,3.0
13580,(ly2189265),1,1,3.0
13581,(ly3437943),1,1,3.0
13582,(m/i,1,1,3.0
13583,(m6a),1,1,3.0
13584,(m=20),1,1,3.0
13585,(ma),1,1,3.0
13586,"(macce),",1,1,3.0
13587,"(mace,",1,1,3.0
13588,(mace:,1,1,3.0
13589,(mad;,1,1,3.0
13590,(mafld).,1,1,3.0
13591,(mainly,1,1,3.0
13592,(make).,1,1,3.0
13593,(make);,1,1,3.0
13594,(make;,1,1,3.0
13595,(makes;,1,1,3.0
13596,(mala),1,1,3.0
13597,(male),1,1,3.0
13598,"(male),",1,1,3.0
13599,(malo),1,1,3.0
13600,"(malo),",1,1,3.0
13601,(mams),1,1,3.0
13602,(marketscan),1,1,3.0
13603,(markov),1,1,3.0
13604,(mash).,1,1,3.0
13605,(matsuda,1,1,3.0
13606,(max,1,1,3.0
13607,"(mbs),",1,1,3.0
13608,(mc4r),1,1,3.0
13609,(mcf),1,1,3.0
13610,(mcfa,1,1,3.0
13611,(mci).,1,1,3.0
13612,"(mcp-1),",1,1,3.0
13613,"(mcp-1,",1,1,3.0
13614,(mdd),1,1,3.0
13615,(mdi),1,1,3.0
13616,(mds,1,1,3.0
13617,"(me/cfs),",1,1,3.0
13618,(median:,1,1,3.0
13619,(medicare),1,1,3.0
13620,(medication,1,1,3.0
13621,"(medline,",1,1,3.0
13622,(meld,1,1,3.0
13623,(mep),1,1,3.0
13624,(mesenteric,1,1,3.0
13625,(met,1,1,3.0
13626,(metabolic,1,1,3.0
13627,"(metald),",1,1,3.0
13628,(mets),1,1,3.0
13629,(mets).,1,1,3.0
13630,"(mets-z-bmi-score),",1,1,3.0
13631,(mfr),1,1,3.0
13632,(mga),1,1,3.0
13633,(mgb),1,1,3.0
13634,(mgh),1,1,3.0
13635,"(mi),",1,1,3.0
13636,(mi).,1,1,3.0
13637,(mi)/non-fatal,1,1,3.0
13638,(minutes,1,1,3.0
13639,"(mitoq,",1,1,3.0
13640,(mitoros).,1,1,3.0
13641,(ml),1,1,3.0
13642,(mlf),1,1,3.0
13643,(mm/pbsa),1,1,3.0
13644,(mme),1,1,3.0
13645,"(mmp),",1,1,3.0
13646,(mmp-1),1,1,3.0
13647,(mmrm),1,1,3.0
13648,"(mmse),",1,1,3.0
13649,(mna).,1,1,3.0
13650,(moca),1,1,3.0
13651,(modulating,1,1,3.0
13652,(mody),1,1,3.0
13653,(morris,1,1,3.0
13654,(morus,1,1,3.0
13655,(mr).,1,1,3.0
13656,"(mras),",1,1,3.0
13657,(mrc),1,1,3.0
13658,(mri),1,1,3.0
13659,"(mri),",1,1,3.0
13660,(mrt).,1,1,3.0
13661,(ms),1,1,3.0
13662,"(mstn),",1,1,3.0
13663,(mtc),1,1,3.0
13664,(mtc).,1,1,3.0
13665,(mtd),1,1,3.0
13666,(mtdna),1,1,3.0
13667,(mtorc1),1,1,3.0
13668,(mvs),1,1,3.0
13669,(mws),1,1,3.0
13670,(n-3,1,1,3.0
13671,"(n=1,213",1,1,3.0
13672,"(n=1,393",1,1,3.0
13673,(n=10),1,1,3.0
13674,"(n=11,",1,1,3.0
13675,(n=149),1,1,3.0
13676,(n=15),1,1,3.0
13677,"(n=15),",1,1,3.0
13678,(n=17),1,1,3.0
13679,(n=18),1,1,3.0
13680,(n=187).,1,1,3.0
13681,"(n=22,493)",1,1,3.0
13682,"(n=23),",1,1,3.0
13683,(n=3),1,1,3.0
13684,(n=30,1,1,3.0
13685,(n=30),1,1,3.0
13686,"(n=322),",1,1,3.0
13687,"(n=329),",1,1,3.0
13688,"(n=332),",1,1,3.0
13689,"(n=37,",1,1,3.0
13690,(n=43).,1,1,3.0
13691,(n=46),1,1,3.0
13692,"(n=52,",1,1,3.0
13693,"(n=6,",1,1,3.0
13694,"(n=630),",1,1,3.0
13695,"(n=7),",1,1,3.0
13696,"(n=7,",1,1,3.0
13697,"(n=91),",1,1,3.0
13698,(n=952,1,1,3.0
13699,"(na),",1,1,3.0
13700,(nacl),1,1,3.0
13701,(nafld),1,1,3.0
13702,(nafld).,1,1,3.0
13703,(narrative,1,1,3.0
13704,(national,1,1,3.0
13705,(ncep,1,1,3.0
13706,(nco),1,1,3.0
13707,(nct03899402).,1,1,3.0
13708,(nct04184622),1,1,3.0
13709,(nct04657003),1,1,3.0
13710,(nct05199948).,1,1,3.0
13711,(nct05352815;,1,1,3.0
13712,(nct05412004).,1,1,3.0
13713,(nct05872620),1,1,3.0
13714,(nct06113146).,1,1,3.0
13715,(nct06269107),1,1,3.0
13716,(nct06410924),1,1,3.0
13717,(nct06973681).,1,1,3.0
13718,(ndevs),1,1,3.0
13719,"(ndkd),",1,1,3.0
13720,(nds),1,1,3.0
13721,(nedd4l),1,1,3.0
13722,(nefa),1,1,3.0
13723,(nens).,1,1,3.0
13724,(nets).,1,1,3.0
13725,(neurod1),1,1,3.0
13726,(neutrophil-to-lymphocyte,1,1,3.0
13727,(never,1,1,3.0
13728,(nf-κb).,1,1,3.0
13729,(nga2-cur),1,1,3.0
13730,"(ngf),",1,1,3.0
13731,(nhe1)-,1,1,3.0
13732,(niddm).,1,1,3.0
13733,(night,1,1,3.0
13734,(nihss,1,1,3.0
13735,"(nihss),",1,1,3.0
13736,(nine,1,1,3.0
13737,(nm_002500.5),1,1,3.0
13738,"(nmpa),",1,1,3.0
13739,(nmr),1,1,3.0
13740,"(nmr)-based,",1,1,3.0
13741,(nmsc),1,1,3.0
13742,(nnh,1,1,3.0
13743,"(nnh),",1,1,3.0
13744,(nnt),1,1,3.0
13745,(no,1,1,3.0
13746,(no/low,1,1,3.0
13747,(non-ers;,1,1,3.0
13748,(non-glp-1,1,1,3.0
13749,(non-peptide),1,1,3.0
13750,(non-steroidal),1,1,3.0
13751,(normoglycaemic,1,1,3.0
13752,(nos,1,1,3.0
13753,(nos),1,1,3.0
13754,(not,1,1,3.0
13755,(november,1,1,3.0
13756,(np),1,1,3.0
13757,"(np,",1,1,3.0
13758,"(npy),",1,1,3.0
13759,(npy-2),1,1,3.0
13760,(npy-2r),1,1,3.0
13761,(npy/pp-y4r),1,1,3.0
13762,(nrtis).,1,1,3.0
13763,"(nsmra),",1,1,3.0
13764,"(nsmras),",1,1,3.0
13765,(nss),1,1,3.0
13766,"(nst),",1,1,3.0
13767,(nt-probnp),1,1,3.0
13768,"(nt-probnp),",1,1,3.0
13769,(nt/c),1,1,3.0
13770,(ntsglp1r,1,1,3.0
13771,(nuclear,1,1,3.0
13772,(nud),1,1,3.0
13773,(number,1,1,3.0
13774,(nush),1,1,3.0
13775,"(nutritional,",1,1,3.0
13776,(nvamd).,1,1,3.0
13777,(nvamd-c),1,1,3.0
13778,(nvamd-cp).,1,1,3.0
13779,"(nvtdr),",1,1,3.0
13780,"(nvu),",1,1,3.0
13781,(nw),1,1,3.0
13782,"(n≃10-40,",1,1,3.0
13783,"(oa),",1,1,3.0
13784,(oads),1,1,3.0
13785,"(oagb),",1,1,3.0
13786,(oao),1,1,3.0
13787,(oatps),1,1,3.0
13788,(ob-ckd),1,1,3.0
13789,(observational,1,1,3.0
13790,(observed),1,1,3.0
13791,(oc),1,1,3.0
13792,"(ocps),",1,1,3.0
13793,(octt),1,1,3.0
13794,(odt),1,1,3.0
13795,(often/always),1,1,3.0
13796,(ogtt),1,1,3.0
13797,(ogtt)-derived,1,1,3.0
13798,"(ojps),",1,1,3.0
13799,(om),1,1,3.0
13800,(oma).,1,1,3.0
13801,"(oms),",1,1,3.0
13802,(on,1,1,3.0
13803,(one,1,1,3.0
13804,(oniglts).,1,1,3.0
13805,(only,1,1,3.0
13806,(open,1,1,3.0
13807,(or):,1,1,3.0
13808,"(or:0.296-0.608,",1,1,3.0
13809,"(or:0.445,",1,1,3.0
13810,"(or:0.489,",1,1,3.0
13811,"(or:0.506-0.661,",1,1,3.0
13812,"(orc),",1,1,3.0
13813,"(orf),",1,1,3.0
13814,"(org),",1,1,3.0
13815,"(osa),",1,1,3.0
13816,"(osa/csa),",1,1,3.0
13817,"(oud),",1,1,3.0
13818,(oud).,1,1,3.0
13819,(over,1,1,3.0
13820,(ow),1,1,3.0
13821,(ox),1,1,3.0
13822,(oxphos)-related,1,1,3.0
13823,(oxphos).,1,1,3.0
13824,"(ozempic,",1,1,3.0
13825,"(p-glycoprotein,",1,1,3.0
13826,(p-gp);,1,1,3.0
13827,(p-scores),1,1,3.0
13828,(p1np),1,1,3.0
13829,(p<.001).,1,1,3.0
13830,"(p<.05),",1,1,3.0
13831,(p<.05).,1,1,3.0
13832,(p<0.001,1,1,3.0
13833,(p<0.001),1,1,3.0
13834,(p<0.01).,1,1,3.0
13835,"(p<0.05),",1,1,3.0
13836,(p<0.05).,1,1,3.0
13837,"(p<0·0001,",1,1,3.0
13838,"(p=0.001),",1,1,3.0
13839,"(p=0.003),",1,1,3.0
13840,"(p=0.015,",1,1,3.0
13841,(p=0.016).,1,1,3.0
13842,(p=0.02).,1,1,3.0
13843,"(p=0.023),",1,1,3.0
13844,"(p=0.04),",1,1,3.0
13845,(p=0.076);,1,1,3.0
13846,(p>0.05).,1,1,3.0
13847,"(pa),",1,1,3.0
13848,"(pah),",1,1,3.0
13849,(painful,1,1,3.0
13850,(pan-ppar),1,1,3.0
13851,(pap),1,1,3.0
13852,(partial,1,1,3.0
13853,"(pasc),",1,1,3.0
13854,(pass),1,1,3.0
13855,(pbh),1,1,3.0
13856,"(pbh),",1,1,3.0
13857,(pbh).,1,1,3.0
13858,(pbmcs),1,1,3.0
13859,(pbs),1,1,3.0
13860,"(pc1),",1,1,3.0
13861,"(pce),",1,1,3.0
13862,(pch).,1,1,3.0
13863,"(pci),",1,1,3.0
13864,(pci).,1,1,3.0
13865,"(pcos),",1,1,3.0
13866,(pcos)/polyendocrine,1,1,3.0
13867,(pcos;,1,1,3.0
13868,"(pcp-j-1,",1,1,3.0
13869,"(pcps),",1,1,3.0
13870,(pcs),1,1,3.0
13871,"(pd),",1,1,3.0
13872,(pd).,1,1,3.0
13873,(pd);,1,1,3.0
13874,(pdac),1,1,3.0
13875,(pdff),1,1,3.0
13876,"(pe),",1,1,3.0
13877,"(pectin),",1,1,3.0
13878,"(pef),",1,1,3.0
13879,"(peg),",1,1,3.0
13880,"(pem),",1,1,3.0
13881,(pemf),1,1,3.0
13882,(period),1,1,3.0
13883,(peroxisome,1,1,3.0
13884,(persistent,1,1,3.0
13885,(petd),1,1,3.0
13886,(pf),1,1,3.0
13887,(pfc),1,1,3.0
13888,"(pfs),",1,1,3.0
13889,(pgc-1α),1,1,3.0
13890,(pgf),1,1,3.0
13891,(ph,1,1,3.0
13892,(ph),1,1,3.0
13893,(ph).,1,1,3.0
13894,(phosphatase,1,1,3.0
13895,(phq-9),1,1,3.0
13896,(phylum);,1,1,3.0
13897,"(physiology,",1,1,3.0
13898,"(pi:c),",1,1,3.0
13899,(pid),1,1,3.0
13900,(piog),1,1,3.0
13901,(pioglitazone,1,1,3.0
13902,(pis),1,1,3.0
13903,"(pji,",1,1,3.0
13904,(pk),1,1,3.0
13905,(pkcβ),1,1,3.0
13906,(pks),1,1,3.0
13907,(pku).,1,1,3.0
13908,(placebo),1,1,3.0
13909,"(placebo,",1,1,3.0
13910,"(pls),",1,1,3.0
13911,(pmca4),1,1,3.0
13912,"(pmos),",1,1,3.0
13913,(pms),1,1,3.0
13914,(po),1,1,3.0
13915,(pocus),1,1,3.0
13916,"(pocus),",1,1,3.0
13917,(poly,1,1,3.0
13918,(poly(n-isopropylacrylamide-co-(n-acryloxysuccinimide)-co-(polylactide/-hydroxy,1,1,3.0
13919,(polycystic,1,1,3.0
13920,(pomj),1,1,3.0
13921,(popc),1,1,3.0
13922,"(population,",1,1,3.0
13923,(post-ea,1,1,3.0
13924,(post-ogtt),1,1,3.0
13925,(post-treatment,1,1,3.0
13926,(posterior,1,1,3.0
13927,"(pp),",1,1,3.0
13928,(ppar),1,1,3.0
13929,"(ppara,",1,1,3.0
13930,(pparγ,1,1,3.0
13931,(ppha),1,1,3.0
13932,(ppo),1,1,3.0
13933,(pppm),1,1,3.0
13934,"(pr),",1,1,3.0
13935,"(pr-a),",1,1,3.0
13936,(preclinical),1,1,3.0
13937,"(preclinical,",1,1,3.0
13938,(preferential,1,1,3.0
13939,(preload,1,1,3.0
13940,"(preoperative,",1,1,3.0
13941,(presence,1,1,3.0
13942,(prisma),1,1,3.0
13943,(prisma-scr),1,1,3.0
13944,"(probiotics,",1,1,3.0
13945,(procollagen,1,1,3.0
13946,(promis),1,1,3.0
13947,(promis-10),1,1,3.0
13948,(proms),1,1,3.0
13949,(proportion,1,1,3.0
13950,"(pros),",1,1,3.0
13951,(prospective:,1,1,3.0
13952,(prp),1,1,3.0
13953,(prr),1,1,3.0
13954,"(prr),",1,1,3.0
13955,"(ps),",1,1,3.0
13956,(ps)-matched,1,1,3.0
13957,(psa),1,1,3.0
13958,(psd),1,1,3.0
13959,(pso),1,1,3.0
13960,(psud),1,1,3.0
13961,(pt-simd),1,1,3.0
13962,(ptc),1,1,3.0
13963,"(pubmed,",1,1,3.0
13964,"(pul-ma),",1,1,3.0
13965,(pv),1,1,3.0
13966,(pwcf),1,1,3.0
13967,"(pwh),",1,1,3.0
13968,(pwo),1,1,3.0
13969,(pws),1,1,3.0
13970,(pwt2d),1,1,3.0
13971,(pwv),1,1,3.0
13972,(pyy)).,1,1,3.0
13973,(pyy).,1,1,3.0
13974,(pyy3-36),1,1,3.0
13975,(q1-q4),1,1,3.0
13976,(q2,1,1,3.0
13977,(q=0.05).,1,1,3.0
13978,"(qalys),",1,1,3.0
13979,(qmdr),1,1,3.0
13980,(qol),1,1,3.0
13981,(r).,1,1,3.0
13982,(ra).,1,1,3.0
13983,(raasi),1,1,3.0
13984,(random,1,1,3.0
13985,(randomized,1,1,3.0
13986,(ranging,1,1,3.0
13987,(ras)-inhibition,1,1,3.0
13988,(rasi,1,1,3.0
13989,(rasi),1,1,3.0
13990,(rasis).,1,1,3.0
13991,(rat),1,1,3.0
13992,(rate,1,1,3.0
13993,(raw).,1,1,3.0
13994,(rc),1,1,3.0
13995,(rcc).,1,1,3.0
13996,(rcr),1,1,3.0
13997,"(rcts),",1,1,3.0
13998,(rd),1,1,3.0
13999,"(rds),",1,1,3.0
14000,(rdw),1,1,3.0
14001,"(readmission,",1,1,3.0
14002,(readmissions,1,1,3.0
14003,(ree),1,1,3.0
14004,"(reference),",1,1,3.0
14005,(renal,1,1,3.0
14006,(renji:,1,1,3.0
14007,"(repaglinide,",1,1,3.0
14008,(representing,1,1,3.0
14009,(revman,1,1,3.0
14010,(reward-related,1,1,3.0
14011,(rezdiffra),1,1,3.0
14012,(rfr,1,1,3.0
14013,(rfs).,1,1,3.0
14014,"(rgc),",1,1,3.0
14015,(rgc).,1,1,3.0
14016,(rgv),1,1,3.0
14017,(rhi),1,1,3.0
14018,(rhr),1,1,3.0
14019,(rif).,1,1,3.0
14020,"(rip),",1,1,3.0
14021,"(riz,",1,1,3.0
14022,(rld).,1,1,3.0
14023,(rn),1,1,3.0
14024,(rn).,1,1,3.0
14025,(rnfl),1,1,3.0
14026,(rob,1,1,3.0
14027,(rob),1,1,3.0
14028,(rob2),1,1,3.0
14029,(robins-i),1,1,3.0
14030,(robins-i).,1,1,3.0
14031,"(romboutsia,",1,1,3.0
14032,"(ror),",1,1,3.0
14033,(rorr),1,1,3.0
14034,(rors),1,1,3.0
14035,"(rors),",1,1,3.0
14036,(ros),1,1,3.0
14037,"(route/frequency),",1,1,3.0
14038,(rp),1,1,3.0
14039,"(rpea),",1,1,3.0
14040,(rplc),1,1,3.0
14041,"(rr),",1,1,3.0
14042,(rs),1,1,3.0
14043,"(rs13429709),",1,1,3.0
14044,"(rs156003),",1,1,3.0
14045,"(rs17574),",1,1,3.0
14046,(rs2235868).,1,1,3.0
14047,(rsn),1,1,3.0
14048,(rst25n).,1,1,3.0
14049,(rt),1,1,3.0
14050,(rvo),1,1,3.0
14051,(rvo).,1,1,3.0
14052,(rw),1,1,3.0
14053,(rwd),1,1,3.0
14054,"(rwd),",1,1,3.0
14055,(rwg),1,1,3.0
14056,(rybelsus),1,1,3.0
14057,"(rybelsus®,",1,1,3.0
14058,(ryr2),1,1,3.0
14059,(r²,1,1,3.0
14060,"(s,",1,1,3.0
14061,(saba),1,1,3.0
14062,(sad;,1,1,3.0
14063,"(saline),",1,1,3.0
14064,(sanra)-informed,1,1,3.0
14065,(sans),1,1,3.0
14066,(sars),1,1,3.0
14067,(sars-cov-2).,1,1,3.0
14068,(sasp)-is,1,1,3.0
14069,"(saxagliptin,",1,1,3.0
14070,"(saxenda,",1,1,3.0
14071,(sbp,1,1,3.0
14072,"(scd),",1,1,3.0
14073,(scfas).,1,1,3.0
14074,(score,1,1,3.0
14075,(sct),1,1,3.0
14076,(scwat),1,1,3.0
14077,(sd@sedds),1,1,3.0
14078,(sdb),1,1,3.0
14079,(sds),1,1,3.0
14080,(se,1,1,3.0
14081,(sea),1,1,3.0
14082,(secondary,1,1,3.0
14083,(selective,1,1,3.0
14084,"(sem),",1,1,3.0
14085,(sema),1,1,3.0
14086,(sema+iglarreduced),1,1,3.0
14087,"(semaglutide),",1,1,3.0
14088,(semaglutide).,1,1,3.0
14089,"(seoul,",1,1,3.0
14090,(sep)-tagged,1,1,3.0
14091,(september,1,1,3.0
14092,(ser235/ser236;,1,1,3.0
14093,(ser2448),1,1,3.0
14094,(ser2448;,1,1,3.0
14095,"(ser9),",1,1,3.0
14096,(serca2a),1,1,3.0
14097,"(seroma,",1,1,3.0
14098,(set),1,1,3.0
14099,"(set-doc),",1,1,3.0
14100,(severe,1,1,3.0
14101,"(sf-1),",1,1,3.0
14102,(sga),1,1,3.0
14103,(sgc),1,1,3.0
14104,"(sgk2),",1,1,3.0
14105,(sgl2),1,1,3.0
14106,"(sglt)-inhibitors,",1,1,3.0
14107,(sglt-1/2),1,1,3.0
14108,"(sglt-2i),",1,1,3.0
14109,(sglt-2is),1,1,3.0
14110,"(sglt-2is),",1,1,3.0
14111,(sglt1,1,1,3.0
14112,(sglt2,1,1,3.0
14113,(sglt2-i),1,1,3.0
14114,(sglt2i,1,1,3.0
14115,(sglt2i).,1,1,3.0
14116,(sglt2i;,1,1,3.0
14117,(sglt2is,1,1,3.0
14118,(sglt2is).,1,1,3.0
14119,(sgt-m),1,1,3.0
14120,"(sh,",1,1,3.0
14121,"(shbg),",1,1,3.0
14122,(shi),1,1,3.0
14123,(shrs),1,1,3.0
14124,(si),1,1,3.0
14125,(silhouette,1,1,3.0
14126,(sirt1,1,1,3.0
14127,"(sirt1),",1,1,3.0
14128,(sitagliptin),1,1,3.0
14129,(sld),1,1,3.0
14130,(sln),1,1,3.0
14131,"(sln),",1,1,3.0
14132,(sm)-1,1,1,3.0
14133,(sm-1),1,1,3.0
14134,(sm-2).,1,1,3.0
14135,(sma),1,1,3.0
14136,"(smbg),",1,1,3.0
14137,"(smd,",1,1,3.0
14138,(smg),1,1,3.0
14139,(smi).,1,1,3.0
14140,(snac)-mediated,1,1,3.0
14141,(snps),1,1,3.0
14142,"(sns),",1,1,3.0
14143,(so),1,1,3.0
14144,(soc),1,1,3.0
14145,(solute,1,1,3.0
14146,(sost),1,1,3.0
14147,"(spcs),",1,1,3.0
14148,(spironolactone,1,1,3.0
14149,(spps),1,1,3.0
14150,"(spss),",1,1,3.0
14151,(sr),1,1,3.0
14152,"(sr),",1,1,3.0
14153,"(sred),",1,1,3.0
14154,(ssds);,1,1,3.0
14155,(ssi),1,1,3.0
14156,"(sst),",1,1,3.0
14157,(sstr2),1,1,3.0
14158,(sstr3),1,1,3.0
14159,"(sstr5),",1,1,3.0
14160,(st2,1,1,3.0
14161,(st25).,1,1,3.0
14162,"(st25n,",1,1,3.0
14163,(st26-pf-f1),1,1,3.0
14164,(sta).,1,1,3.0
14165,(stages,1,1,3.0
14166,"(stalk),",1,1,3.0
14167,(stat3),1,1,3.0
14168,(stc-1),1,1,3.0
14169,(std),1,1,3.0
14170,(step,1,1,3.0
14171,(step-hfpef),1,1,3.0
14172,(sting,1,1,3.0
14173,(stratified,1,1,3.0
14174,"(stz),",1,1,3.0
14175,"(stzr),",1,1,3.0
14176,"(sud),",1,1,3.0
14177,(sud).,1,1,3.0
14178,(suicidal,1,1,3.0
14179,"(sulfation,",1,1,3.0
14180,(sulfonylureas,1,1,3.0
14181,(summit-like,1,1,3.0
14182,(surgical,1,1,3.0
14183,(swim),1,1,3.0
14184,(switching,1,1,3.0
14185,"(syncope,",1,1,3.0
14186,(t1dm),1,1,3.0
14187,(t1dm).,1,1,3.0
14188,(t2-low),1,1,3.0
14189,(t2d,1,1,3.0
14190,(t2dm)-related,1,1,3.0
14191,(t2dm).abbreviations:,1,1,3.0
14192,(ta),1,1,3.0
14193,(tab).,1,1,3.0
14194,"(tac),",1,1,3.0
14195,(taurocholic,1,1,3.0
14196,(tb),1,1,3.0
14197,"(tbi),",1,1,3.0
14198,"(tc),",1,1,3.0
14199,(tcm),1,1,3.0
14200,(td2m).,1,1,3.0
14201,"(tdd),",1,1,3.0
14202,"(tdt),",1,1,3.0
14203,(te),1,1,3.0
14204,"(teae),",1,1,3.0
14205,(teaes),1,1,3.0
14206,(teaes).,1,1,3.0
14207,(ten,1,1,3.0
14208,(test,1,1,3.0
14209,(testing,1,1,3.0
14210,"(tf-5,",1,1,3.0
14211,"(tgr5),",1,1,3.0
14212,(th)17-cell,1,1,3.0
14213,(tha).,1,1,3.0
14214,(thr-β),1,1,3.0
14215,(three,1,1,3.0
14216,(thyroid,1,1,3.0
14217,"(thyroid,",1,1,3.0
14218,(tia),1,1,3.0
14219,(tir),1,1,3.0
14220,"(tja),",1,1,3.0
14221,(tja).,1,1,3.0
14222,"(tjr),",1,1,3.0
14223,"(tka),",1,1,3.0
14224,(tlr4),1,1,3.0
14225,"(tlr4),",1,1,3.0
14226,"(tm3),",1,1,3.0
14227,(tm5),1,1,3.0
14228,(tnf-α),1,1,3.0
14229,"(tnf-α),",1,1,3.0
14230,"(tnf-α,",1,1,3.0
14231,(to,1,1,3.0
14232,(toc),1,1,3.0
14233,(tost),1,1,3.0
14234,(transmucosal,1,1,3.0
14235,(treewas),1,1,3.0
14236,(treg),1,1,3.0
14237,(trial,1,1,3.0
14238,"(triglycerides,",1,1,3.0
14239,(trim63),1,1,3.0
14240,(trinetx,1,1,3.0
14241,(trkb),1,1,3.0
14242,(trp),1,1,3.0
14243,(trt),1,1,3.0
14244,(trz),1,1,3.0
14245,"(tsh),",1,1,3.0
14246,(tt),1,1,3.0
14247,(twas),1,1,3.0
14248,(twl%),1,1,3.0
14249,(types,1,1,3.0
14250,(tzds),1,1,3.0
14251,"(tzds),",1,1,3.0
14252,"(tzp),",1,1,3.0
14253,(uacr).,1,1,3.0
14254,(uc),1,1,3.0
14255,(udca).,1,1,3.0
14256,(uhmwpe)-induced,1,1,3.0
14257,"(uk),",1,1,3.0
14258,(uncontrolled,1,1,3.0
14259,(until,1,1,3.0
14260,(updated,1,1,3.0
14261,(upfs),1,1,3.0
14262,(upfs).,1,1,3.0
14263,(upr),1,1,3.0
14264,(uptitrated,1,1,3.0
14265,(v),1,1,3.0
14266,(v.4.4.1),1,1,3.0
14267,"(v0),",1,1,3.0
14268,(v1),1,1,3.0
14269,(v2).,1,1,3.0
14270,(validation,1,1,3.0
14271,(var),1,1,3.0
14272,(varying,1,1,3.0
14273,(vas),1,1,3.0
14274,(vat).,1,1,3.0
14275,"(vicadrostat,",1,1,3.0
14276,(vo2).,1,1,3.0
14277,(vpt),1,1,3.0
14278,"(vrce),",1,1,3.0
14279,(vs.,1,1,3.0
14280,"(vtdr/dme),",1,1,3.0
14281,(vte),1,1,3.0
14282,"(vte),",1,1,3.0
14283,(vvs),1,1,3.0
14284,(w/w),1,1,3.0
14285,(wald,1,1,3.0
14286,(wat),1,1,3.0
14287,(wat).,1,1,3.0
14288,(wc).,1,1,3.0
14289,(wd)-fed,1,1,3.0
14290,"(we),",1,1,3.0
14291,(week,1,1,3.0
14292,(wegovy),1,1,3.0
14293,"(wegovy),",1,1,3.0
14294,(weight-loss,1,1,3.0
14295,(welch's,1,1,3.0
14296,(wes),1,1,3.0
14297,(wg),1,1,3.0
14298,(whf).,1,1,3.0
14299,(who),1,1,3.0
14300,(wilac,1,1,3.0
14301,(wiley),1,1,3.0
14302,(within-participant,1,1,3.0
14303,(without,1,1,3.0
14304,(wl),1,1,3.0
14305,(woe),1,1,3.0
14306,(womac),1,1,3.0
14307,(worsening,1,1,3.0
14308,(wp),1,1,3.0
14309,(wsph),1,1,3.0
14310,"(wss),",1,1,3.0
14311,(wssq),1,1,3.0
14312,(wtp),1,1,3.0
14313,(xw003),1,1,3.0
14314,(year,1,1,3.0
14315,(years,1,1,3.0
14316,(yes,1,1,3.0
14317,(ypxjf),1,1,3.0
14318,(zfp423)-controlled,1,1,3.0
14319,"(ziltivekimab),",1,1,3.0
14320,(~,1,1,3.0
14321,(£25,1,1,3.0
14322,(£32,1,1,3.0
14323,(£4361,1,1,3.0
14324,(±1.8),1,1,3.0
14325,(±standard,1,1,3.0
14326,(α-amylase,1,1,3.0
14327,(δ)uacr,1,1,3.0
14328,(δasm),1,1,3.0
14329,(δbfm),1,1,3.0
14330,(δbw),1,1,3.0
14331,(δgatp).,1,1,3.0
14332,(δsmm),1,1,3.0
14333,(∼15,1,1,3.0
14334,(∼20%).,1,1,3.0
14335,(∼500,1,1,3.0
14336,(≤12,1,1,3.0
14337,(≤200:,1,1,3.0
14338,(≤3,1,1,3.0
14339,(≤8·5%,1,1,3.0
14340,(≥15,1,1,3.0
14341,(≥2,1,1,3.0
14342,(≥23,1,1,3.0
14343,(≥40,1,1,3.0
14344,(≥42.1,1,1,3.0
14345,(≥6.1,1,1,3.0
14346,(≥6.5%)]),1,1,3.0
14347,(≥65,1,1,3.0
14348,(≥70%,1,1,3.0
14349,(≥75,1,1,3.0
14350,(≥80%,1,1,3.0
14351,(⩾3,1,1,3.0
14352,),1,1,3.0
14353,"),",1,1,3.0
14354,).,1,1,3.0
14355,"*p*<0.0001),",1,1,3.0
14356,"+0.2%,",1,1,3.0
14357,+0.266;,1,1,3.0
14358,+0.297,1,1,3.0
14359,+0.6%;,1,1,3.0
14360,+0.69%,1,1,3.0
14361,+1.28,1,1,3.0
14362,+1.91%).,1,1,3.0
14363,+12.52;,1,1,3.0
14364,+13.1,1,1,3.0
14365,+2.21;,1,1,3.0
14366,+34.5%;,1,1,3.0
14367,+36,1,1,3.0
14368,+43,1,1,3.0
14369,+5.62,1,1,3.0
14370,+5.7,1,1,3.0
14371,+8.27,1,1,3.0
14372,-$145,1,1,3.0
14373,-$15];,1,1,3.0
14374,-$181,1,1,3.0
14375,-$319,1,1,3.0
14376,-$607,1,1,3.0
14377,-.23]),1,1,3.0
14378,"-.28]),",1,1,3.0
14379,"-.29]),",1,1,3.0
14380,-.31]),1,1,3.0
14381,"-.35,",1,1,3.0
14382,"-.41,",1,1,3.0
14383,"-.46,",1,1,3.0
14384,"-.49,",1,1,3.0
14385,-0.003,1,1,3.0
14386,"-0.0030,",1,1,3.0
14387,"-0.0039),",1,1,3.0
14388,-0.004,1,1,3.0
14389,"-0.0050,",1,1,3.0
14390,"-0.0066),",1,1,3.0
14391,-0.01%,1,1,3.0
14392,"-0.0148,",1,1,3.0
14393,-0.02%,1,1,3.0
14394,-0.0266,1,1,3.0
14395,-0.0275,1,1,3.0
14396,-0.03,1,1,3.0
14397,-0.03).,1,1,3.0
14398,-0.0342,1,1,3.0
14399,-0.0356,1,1,3.0
14400,-0.04%,1,1,3.0
14401,"-0.04),",1,1,3.0
14402,"-0.047),",1,1,3.0
14403,-0.04;,1,1,3.0
14404,"-0.05,",1,1,3.0
14405,-0.06]).,1,1,3.0
14406,-0.08,1,1,3.0
14407,-0.08];,1,1,3.0
14408,-0.09),1,1,3.0
14409,"-0.09),",1,1,3.0
14410,"-0.11,",1,1,3.0
14411,-0.14,1,1,3.0
14412,-0.14),1,1,3.0
14413,"-0.14),",1,1,3.0
14414,"-0.14,",1,1,3.0
14415,-0.148).,1,1,3.0
14416,"-0.15),",1,1,3.0
14417,"-0.16],",1,1,3.0
14418,-0.17,1,1,3.0
14419,-0.17),1,1,3.0
14420,"-0.17),",1,1,3.0
14421,-0.17];,1,1,3.0
14422,-0.18%;,1,1,3.0
14423,-0.18),1,1,3.0
14424,-0.18).,1,1,3.0
14425,-0.18;,1,1,3.0
14426,"-0.19%,",1,1,3.0
14427,-0.1;,1,1,3.0
14428,-0.2,1,1,3.0
14429,-0.20;,1,1,3.0
14430,"-0.216),",1,1,3.0
14431,-0.22;,1,1,3.0
14432,-0.23%,1,1,3.0
14433,"-0.23,",1,1,3.0
14434,"-0.25,",1,1,3.0
14435,-0.263;,1,1,3.0
14436,-0.27,1,1,3.0
14437,"-0.27,",1,1,3.0
14438,-0.28,1,1,3.0
14439,"-0.28,",1,1,3.0
14440,"-0.288,",1,1,3.0
14441,-0.29).,1,1,3.0
14442,"-0.30),",1,1,3.0
14443,-0.301).,1,1,3.0
14444,"-0.311,",1,1,3.0
14445,-0.32;,1,1,3.0
14446,-0.33,1,1,3.0
14447,-0.359,1,1,3.0
14448,-0.36),1,1,3.0
14449,"-0.37%,",1,1,3.0
14450,"-0.37,",1,1,3.0
14451,-0.38,1,1,3.0
14452,-0.4,1,1,3.0
14453,-0.41%;,1,1,3.0
14454,-0.424).,1,1,3.0
14455,"-0.44,",1,1,3.0
14456,-0.45]),1,1,3.0
14457,-0.47,1,1,3.0
14458,-0.48,1,1,3.0
14459,-0.48;,1,1,3.0
14460,-0.49,1,1,3.0
14461,"-0.4],",1,1,3.0
14462,"-0.50,",1,1,3.0
14463,-0.52),1,1,3.0
14464,-0.53,1,1,3.0
14465,-0.55;,1,1,3.0
14466,-0.56,1,1,3.0
14467,-0.585).,1,1,3.0
14468,-0.59),1,1,3.0
14469,-0.60);,1,1,3.0
14470,-0.61,1,1,3.0
14471,"-0.61%,",1,1,3.0
14472,-0.61),1,1,3.0
14473,"-0.64,",1,1,3.0
14474,-0.67,1,1,3.0
14475,-0.69,1,1,3.0
14476,-0.69%,1,1,3.0
14477,"-0.69,",1,1,3.0
14478,-0.72%,1,1,3.0
14479,"-0.72,",1,1,3.0
14480,-0.74,1,1,3.0
14481,-0.74%;,1,1,3.0
14482,"-0.75),",1,1,3.0
14483,-0.78,1,1,3.0
14484,-0.8,1,1,3.0
14485,"-0.83),",1,1,3.0
14486,-0.86%,1,1,3.0
14487,-0.89;,1,1,3.0
14488,-0.8;,1,1,3.0
14489,"-0.90,",1,1,3.0
14490,-0.91,1,1,3.0
14491,-0.91%,1,1,3.0
14492,-0.912,1,1,3.0
14493,-0.92%-points,1,1,3.0
14494,"-0.93],",1,1,3.0
14495,-0.95,1,1,3.0
14496,-0.95;,1,1,3.0
14497,"-0.97%,",1,1,3.0
14498,-0.97),1,1,3.0
14499,-0.98%;,1,1,3.0
14500,"-0.98,",1,1,3.0
14501,"-0·63]),",1,1,3.0
14502,-0·88,1,1,3.0
14503,-0·9%,1,1,3.0
14504,-1%;,1,1,3.0
14505,-1.00%,1,1,3.0
14506,-1.00).,1,1,3.0
14507,-1.01;,1,1,3.0
14508,-1.03,1,1,3.0
14509,-1.06,1,1,3.0
14510,-1.07%-points;,1,1,3.0
14511,-1.08).,1,1,3.0
14512,-1.0],1,1,3.0
14513,-1.1,1,1,3.0
14514,-1.11;,1,1,3.0
14515,"-1.14,",1,1,3.0
14516,"-1.15,",1,1,3.0
14517,-1.16),1,1,3.0
14518,-1.18,1,1,3.0
14519,"-1.19,",1,1,3.0
14520,-1.2,1,1,3.0
14521,-1.20,1,1,3.0
14522,"-1.21),",1,1,3.0
14523,-1.22),1,1,3.0
14524,-1.22;,1,1,3.0
14525,-1.23%-points,1,1,3.0
14526,"-1.23),",1,1,3.0
14527,-1.24,1,1,3.0
14528,-1.27,1,1,3.0
14529,-1.29;,1,1,3.0
14530,-1.3,1,1,3.0
14531,-1.3%;,1,1,3.0
14532,-1.3);,1,1,3.0
14533,"-1.3,",1,1,3.0
14534,-1.36,1,1,3.0
14535,-1.38,1,1,3.0
14536,-1.38;,1,1,3.0
14537,"-1.39,",1,1,3.0
14538,-1.39;,1,1,3.0
14539,-1.4,1,1,3.0
14540,"-1.40,",1,1,3.0
14541,-1.45,1,1,3.0
14542,-1.4];,1,1,3.0
14543,-1.5,1,1,3.0
14544,-1.52,1,1,3.0
14545,-1.55,1,1,3.0
14546,-1.57;,1,1,3.0
14547,-1.58,1,1,3.0
14548,-1.59;,1,1,3.0
14549,-1.6%,1,1,3.0
14550,"-1.6%,",1,1,3.0
14551,"-1.63,",1,1,3.0
14552,-1.65,1,1,3.0
14553,"-1.65,",1,1,3.0
14554,-1.678,1,1,3.0
14555,-1.68,1,1,3.0
14556,-1.7,1,1,3.0
14557,"-1.71,",1,1,3.0
14558,-1.73).,1,1,3.0
14559,-1.75;,1,1,3.0
14560,-1.76).,1,1,3.0
14561,"-1.76],",1,1,3.0
14562,-1.80;,1,1,3.0
14563,-1.84,1,1,3.0
14564,-1.85,1,1,3.0
14565,"-1.89),",1,1,3.0
14566,-1.9,1,1,3.0
14567,"-1.97),",1,1,3.0
14568,"-1.98,",1,1,3.0
14569,"-10.0,",1,1,3.0
14570,-10.05,1,1,3.0
14571,-10.06,1,1,3.0
14572,-10.3,1,1,3.0
14573,-10.4),1,1,3.0
14574,-10.41,1,1,3.0
14575,-10.5%;,1,1,3.0
14576,"-10.50,",1,1,3.0
14577,-10.66,1,1,3.0
14578,"-10.68%,",1,1,3.0
14579,-10.6];,1,1,3.0
14580,-10.7,1,1,3.0
14581,-10.70,1,1,3.0
14582,"-10.8%,",1,1,3.0
14583,-10.8),1,1,3.0
14584,-10.89%,1,1,3.0
14585,"-100.6),",1,1,3.0
14586,-10;,1,1,3.0
14587,-11.06,1,1,3.0
14588,-11.1,1,1,3.0
14589,"-11.1%,",1,1,3.0
14590,-11.3%,1,1,3.0
14591,-11.4%),1,1,3.0
14592,-11.6%,1,1,3.0
14593,-11.6),1,1,3.0
14594,"-11.69,",1,1,3.0
14595,-11.8%,1,1,3.0
14596,-11.89,1,1,3.0
14597,-110,1,1,3.0
14598,-119.7,1,1,3.0
14599,-11·8,1,1,3.0
14600,-12.33,1,1,3.0
14601,-12.4,1,1,3.0
14602,-12.4%,1,1,3.0
14603,"-12.4%,",1,1,3.0
14604,-12.71,1,1,3.0
14605,-121.9%;,1,1,3.0
14606,-123.9,1,1,3.0
14607,-13.22,1,1,3.0
14608,-13.4%),1,1,3.0
14609,-13.42,1,1,3.0
14610,-13.5%,1,1,3.0
14611,-13.51),1,1,3.0
14612,-13.56,1,1,3.0
14613,-13.6,1,1,3.0
14614,-13.6]);,1,1,3.0
14615,-13.8%,1,1,3.0
14616,-13.97,1,1,3.0
14617,-14.1%,1,1,3.0
14618,-14.3%,1,1,3.0
14619,-14.38,1,1,3.0
14620,-14.4,1,1,3.0
14621,-14.4%,1,1,3.0
14622,-14.41;,1,1,3.0
14623,-14.8%,1,1,3.0
14624,"-143.1,",1,1,3.0
14625,-144.4,1,1,3.0
14626,-15.1%,1,1,3.0
14627,-15.3%,1,1,3.0
14628,-15.32%).,1,1,3.0
14629,-15.4,1,1,3.0
14630,-15.5%),1,1,3.0
14631,-15.56,1,1,3.0
14632,-15·6%,1,1,3.0
14633,-16,1,1,3.0
14634,-16.0%,1,1,3.0
14635,"-16.07%,",1,1,3.0
14636,-16.2%,1,1,3.0
14637,-16.3,1,1,3.0
14638,-16.4%),1,1,3.0
14639,-17.2%,1,1,3.0
14640,-17.3),1,1,3.0
14641,"-17.32%,",1,1,3.0
14642,-17.4%,1,1,3.0
14643,-17.5,1,1,3.0
14644,-17.9,1,1,3.0
14645,-17·2%,1,1,3.0
14646,-18.00,1,1,3.0
14647,"-18.16%),",1,1,3.0
14648,-18.3,1,1,3.0
14649,"-18.33%,",1,1,3.0
14650,-18.5%),1,1,3.0
14651,"-18.60%),",1,1,3.0
14652,-18.72.,1,1,3.0
14653,-18·1%,1,1,3.0
14654,-19.0%,1,1,3.0
14655,-19.3%),1,1,3.0
14656,-19.32%,1,1,3.0
14657,-1·12,1,1,3.0
14658,-1·6];,1,1,3.0
14659,-1·9),1,1,3.0
14660,-2,1,1,3.0
14661,-2.02;,1,1,3.0
14662,-2.05),1,1,3.0
14663,-2.1);,1,1,3.0
14664,-2.11,1,1,3.0
14665,-2.13,1,1,3.0
14666,"-2.16,",1,1,3.0
14667,-2.19),1,1,3.0
14668,-2.2%;,1,1,3.0
14669,-2.23,1,1,3.0
14670,-2.3%,1,1,3.0
14671,-2.33,1,1,3.0
14672,"-2.34,",1,1,3.0
14673,-2.37,1,1,3.0
14674,-2.39,1,1,3.0
14675,-2.44,1,1,3.0
14676,-2.45,1,1,3.0
14677,"-2.45,",1,1,3.0
14678,"-2.47,",1,1,3.0
14679,-2.50,1,1,3.0
14680,-2.51).,1,1,3.0
14681,-2.51;,1,1,3.0
14682,-2.55,1,1,3.0
14683,-2.6,1,1,3.0
14684,"-2.62,",1,1,3.0
14685,-2.64,1,1,3.0
14686,-2.66,1,1,3.0
14687,-2.67).,1,1,3.0
14688,-2.7,1,1,3.0
14689,-2.71,1,1,3.0
14690,"-2.76,",1,1,3.0
14691,"-2.79,",1,1,3.0
14692,-2.8,1,1,3.0
14693,-2.80),1,1,3.0
14694,-2.8±,1,1,3.0
14695,-20.39%,1,1,3.0
14696,-201.7,1,1,3.0
14697,-207;,1,1,3.0
14698,-21.6%,1,1,3.0
14699,-21.67,1,1,3.0
14700,-21.9,1,1,3.0
14701,-22.1%,1,1,3.0
14702,-23.9%,1,1,3.0
14703,-23.9);,1,1,3.0
14704,-24.34,1,1,3.0
14705,"-24.63,",1,1,3.0
14706,-24.8,1,1,3.0
14707,-24.9%,1,1,3.0
14708,-25.60%,1,1,3.0
14709,-25;,1,1,3.0
14710,-279],1,1,3.0
14711,-28.94,1,1,3.0
14712,"-29%,",1,1,3.0
14713,-29.3%,1,1,3.0
14714,-29],1,1,3.0
14715,-2·2%,1,1,3.0
14716,-2·44,1,1,3.0
14717,-2·5%,1,1,3.0
14718,-2·7,1,1,3.0
14719,-3.1,1,1,3.0
14720,-3.10,1,1,3.0
14721,-3.15;,1,1,3.0
14722,-3.1]),1,1,3.0
14723,-3.2%,1,1,3.0
14724,-3.43,1,1,3.0
14725,"-3.43),",1,1,3.0
14726,-3.44%,1,1,3.0
14727,-3.46,1,1,3.0
14728,"-3.489,",1,1,3.0
14729,"-3.50,",1,1,3.0
14730,-3.56];,1,1,3.0
14731,-3.6,1,1,3.0
14732,-3.6%,1,1,3.0
14733,-3.6%),1,1,3.0
14734,-3.60,1,1,3.0
14735,-3.70,1,1,3.0
14736,-3.74;,1,1,3.0
14737,-3.83,1,1,3.0
14738,-3.85;,1,1,3.0
14739,-3.9);,1,1,3.0
14740,-3.93,1,1,3.0
14741,-3.98),1,1,3.0
14742,-30.8,1,1,3.0
14743,-31.6,1,1,3.0
14744,-32.6,1,1,3.0
14745,-33.32,1,1,3.0
14746,-34.1,1,1,3.0
14747,-34.12,1,1,3.0
14748,-34.4,1,1,3.0
14749,"-38%),",1,1,3.0
14750,-3·6];,1,1,3.0
14751,-3·7,1,1,3.0
14752,"-3·75]),",1,1,3.0
14753,-4.0),1,1,3.0
14754,-4.13,1,1,3.0
14755,-4.17];,1,1,3.0
14756,-4.26,1,1,3.0
14757,-4.27,1,1,3.0
14758,-4.28),1,1,3.0
14759,"-4.3%),",1,1,3.0
14760,-4.36,1,1,3.0
14761,-4.4,1,1,3.0
14762,-4.40,1,1,3.0
14763,-4.65,1,1,3.0
14764,-4.73;,1,1,3.0
14765,-4.75,1,1,3.0
14766,-4.76;,1,1,3.0
14767,"-4.88,",1,1,3.0
14768,-4.9,1,1,3.0
14769,-4.91,1,1,3.0
14770,-4.94,1,1,3.0
14771,-4.97,1,1,3.0
14772,-43,1,1,3.0
14773,-43;,1,1,3.0
14774,"-45.08,",1,1,3.0
14775,"-45.86,",1,1,3.0
14776,-46.0,1,1,3.0
14777,-46.1],1,1,3.0
14778,-4·2),1,1,3.0
14779,-4·5,1,1,3.0
14780,-4·61,1,1,3.0
14781,-5,1,1,3.0
14782,-5.0,1,1,3.0
14783,-5.00;,1,1,3.0
14784,-5.14,1,1,3.0
14785,-5.19,1,1,3.0
14786,-5.27,1,1,3.0
14787,-5.27]).,1,1,3.0
14788,-5.2],1,1,3.0
14789,-5.4,1,1,3.0
14790,-5.4%,1,1,3.0
14791,"-5.4%,",1,1,3.0
14792,-5.43];,1,1,3.0
14793,-5.51,1,1,3.0
14794,-5.69,1,1,3.0
14795,-5.74,1,1,3.0
14796,-5.7;,1,1,3.0
14797,-5.8%,1,1,3.0
14798,-5.8]),1,1,3.0
14799,"-5.9),",1,1,3.0
14800,-5.91,1,1,3.0
14801,-5.93,1,1,3.0
14802,-5.9];,1,1,3.0
14803,-52.2,1,1,3.0
14804,-52.23,1,1,3.0
14805,"-53.3%,",1,1,3.0
14806,-59.4%,1,1,3.0
14807,-5;,1,1,3.0
14808,-5·1%,1,1,3.0
14809,-5·46,1,1,3.0
14810,-6.1,1,1,3.0
14811,-6.10,1,1,3.0
14812,-6.2%),1,1,3.0
14813,-6.28,1,1,3.0
14814,-6.3,1,1,3.0
14815,"-6.32,",1,1,3.0
14816,-6.4]);,1,1,3.0
14817,"-6.56%,",1,1,3.0
14818,-6.65,1,1,3.0
14819,-6.690,1,1,3.0
14820,"-6.74,",1,1,3.0
14821,"-6.82,",1,1,3.0
14822,-6.85;,1,1,3.0
14823,-6.8];,1,1,3.0
14824,-6.95,1,1,3.0
14825,-6.98,1,1,3.0
14826,-670.0,1,1,3.0
14827,-6;,1,1,3.0
14828,-6·0,1,1,3.0
14829,-6·1];,1,1,3.0
14830,-6·2),1,1,3.0
14831,-6·5%,1,1,3.0
14832,-7,1,1,3.0
14833,-7.0%,1,1,3.0
14834,-7.06,1,1,3.0
14835,-7.1%,1,1,3.0
14836,-7.21,1,1,3.0
14837,-7.27,1,1,3.0
14838,-7.3,1,1,3.0
14839,-7.3%,1,1,3.0
14840,-7.37,1,1,3.0
14841,"-7.4),",1,1,3.0
14842,-7.46,1,1,3.0
14843,-7.4],1,1,3.0
14844,-7.5%,1,1,3.0
14845,-7.58,1,1,3.0
14846,-7.73%,1,1,3.0
14847,-7.88,1,1,3.0
14848,-7.9%,1,1,3.0
14849,"-7.92,",1,1,3.0
14850,-7.95,1,1,3.0
14851,"-7.99),",1,1,3.0
14852,-7·0%,1,1,3.0
14853,-7·1,1,1,3.0
14854,-7·3%,1,1,3.0
14855,-8.0,1,1,3.0
14856,-8.0%,1,1,3.0
14857,"-8.0%,",1,1,3.0
14858,-8.0],1,1,3.0
14859,-8.1,1,1,3.0
14860,-8.2,1,1,3.0
14861,-8.2%,1,1,3.0
14862,-8.3%,1,1,3.0
14863,-8.31;,1,1,3.0
14864,-8.6,1,1,3.0
14865,-8.88,1,1,3.0
14866,-83.7,1,1,3.0
14867,-8·0];,1,1,3.0
14868,-8·7),1,1,3.0
14869,-9,1,1,3.0
14870,-9.0,1,1,3.0
14871,"-9.28,",1,1,3.0
14872,"-9.3),",1,1,3.0
14873,-9.4,1,1,3.0
14874,"-9.44,",1,1,3.0
14875,-9.4;,1,1,3.0
14876,"-9.5,",1,1,3.0
14877,-9.57,1,1,3.0
14878,-9.7%),1,1,3.0
14879,-9.72,1,1,3.0
14880,-9.85,1,1,3.0
14881,-9.9%,1,1,3.0
14882,"-9.92%,",1,1,3.0
14883,-94;,1,1,3.0
14884,-95.1;,1,1,3.0
14885,-9·6%,1,1,3.0
14886,-9·9,1,1,3.0
14887,-independent,1,1,3.0
14888,-receptor,1,1,3.0
14889,.0014),1,1,3.0
14890,.001;,1,1,3.0
14891,.001],1,1,3.0
14892,.0024),1,1,3.0
14893,".0026),",1,1,3.0
14894,.0037).,1,1,3.0
14895,".0079),",1,1,3.0
14896,.009;,1,1,3.0
14897,.01),1,1,3.0
14898,".010,",1,1,3.0
14899,.011).,1,1,3.0
14900,.0118),1,1,3.0
14901,.016).,1,1,3.0
14902,.02,1,1,3.0
14903,.02),1,1,3.0
14904,.02).,1,1,3.0
14905,.025).,1,1,3.0
14906,".025,",1,1,3.0
14907,.026).,1,1,3.0
14908,.027),1,1,3.0
14909,.03).,1,1,3.0
14910,.031).,1,1,3.0
14911,.033),1,1,3.0
14912,.035),1,1,3.0
14913,.038).,1,1,3.0
14914,.04,1,1,3.0
14915,.04).,1,1,3.0
14916,.0474).,1,1,3.0
14917,.05,1,1,3.0
14918,.05.,1,1,3.0
14919,.064),1,1,3.0
14920,.07).,1,1,3.0
14921,".07]),",1,1,3.0
14922,.09,1,1,3.0
14923,".09),",1,1,3.0
14924,".1,",1,1,3.0
14925,".12),",1,1,3.0
14926,.17]).,1,1,3.0
14927,".21]),",1,1,3.0
14928,.23).,1,1,3.0
14929,".26,",1,1,3.0
14930,".27,",1,1,3.0
14931,.28,1,1,3.0
14932,.30,1,1,3.0
14933,".34),",1,1,3.0
14934,".35),",1,1,3.0
14935,.41).,1,1,3.0
14936,".48),",1,1,3.0
14937,.49).,1,1,3.0
14938,.4]),1,1,3.0
14939,".63),",1,1,3.0
14940,.64]).,1,1,3.0
14941,".68),",1,1,3.0
14942,.71,1,1,3.0
14943,.71);,1,1,3.0
14944,".76),",1,1,3.0
14945,.82,1,1,3.0
14946,.85).,1,1,3.0
14947,.95),1,1,3.0
14948,".96),",1,1,3.0
14949,/obesity.,1,1,3.0
14950,0%;,1,1,3.0
14951,0).,1,1,3.0
14952,"0,",1,1,3.0
14953,0-100,1,1,3.0
14954,0-100;,1,1,3.0
14955,0-120,1,1,3.0
14956,"0-30,",1,1,3.0
14957,0-4,1,1,3.0
14958,0-45.,1,1,3.0
14959,0-5%,1,1,3.0
14960,0-5),1,1,3.0
14961,"0-60,",1,1,3.0
14962,"0-90,",1,1,3.0
14963,0.0%),1,1,3.0
14964,"0.0%,",1,1,3.0
14965,0.0-0.5,1,1,3.0
14966,0.000-0.001;,1,1,3.0
14967,0.0001,1,1,3.0
14968,0.0001);,1,1,3.0
14969,0.0001.,1,1,3.0
14970,0.0001],1,1,3.0
14971,"0.0002%/0.0014%,",1,1,3.0
14972,0.0002),1,1,3.0
14973,"0.0002),",1,1,3.0
14974,0.0002).,1,1,3.0
14975,"0.0004),",1,1,3.0
14976,"0.0005,",1,1,3.0
14977,0.0007),1,1,3.0
14978,0.000;,1,1,3.0
14979,0.001)].,1,1,3.0
14980,"0.0012],",1,1,3.0
14981,"0.0014],",1,1,3.0
14982,"0.0015),",1,1,3.0
14983,0.0016),1,1,3.0
14984,0.001],1,1,3.0
14985,0.0025).,1,1,3.0
14986,0.0027;,1,1,3.0
14987,0.002;,1,1,3.0
14988,0.003;,1,1,3.0
14989,0.004),1,1,3.0
14990,"0.004),",1,1,3.0
14991,0.004).,1,1,3.0
14992,0.004-0.009),1,1,3.0
14993,"0.0043),",1,1,3.0
14994,0.005).,1,1,3.0
14995,0.005).conclusionperioperative,1,1,3.0
14996,"0.005,",1,1,3.0
14997,"0.0055),",1,1,3.0
14998,0.006,1,1,3.0
14999,0.006).,1,1,3.0
15000,0.0067).,1,1,3.0
15001,0.007,1,1,3.0
15002,"0.007),",1,1,3.0
15003,0.007;,1,1,3.0
15004,0.008,1,1,3.0
15005,"0.008),",1,1,3.0
15006,0.008).,1,1,3.0
15007,0.008);,1,1,3.0
15008,0.0082).,1,1,3.0
15009,0.0084;,1,1,3.0
15010,"0.0085),",1,1,3.0
15011,0.009).,1,1,3.0
15012,0.0095),1,1,3.0
15013,0.009].,1,1,3.0
15014,0.01%-0.05%.,1,1,3.0
15015,0.01);,1,1,3.0
15016,0.01-0.91,1,1,3.0
15017,0.010),1,1,3.0
15018,"0.010),",1,1,3.0
15019,0.011,1,1,3.0
15020,0.011),1,1,3.0
15021,0.012%/0.0087%.,1,1,3.0
15022,0.012;,1,1,3.0
15023,"0.012],",1,1,3.0
15024,"0.013),",1,1,3.0
15025,0.013).,1,1,3.0
15026,0.013;,1,1,3.0
15027,0.014-0.026),1,1,3.0
15028,0.0140;,1,1,3.0
15029,0.015),1,1,3.0
15030,0.015).,1,1,3.0
15031,"0.016,",1,1,3.0
15032,"0.017),",1,1,3.0
15033,"0.0178),",1,1,3.0
15034,"0.018),",1,1,3.0
15035,0.018).conclusionin,1,1,3.0
15036,0.019),1,1,3.0
15037,0.02,1,1,3.0
15038,0.02%];,1,1,3.0
15039,0.020,1,1,3.0
15040,"0.020),",1,1,3.0
15041,"0.021-0.043),",1,1,3.0
15042,0.021;,1,1,3.0
15043,"0.021],",1,1,3.0
15044,0.022),1,1,3.0
15045,0.022;,1,1,3.0
15046,0.023),1,1,3.0
15047,"0.023),",1,1,3.0
15048,0.023).,1,1,3.0
15049,0.023-,1,1,3.0
15050,0.025),1,1,3.0
15051,0.026,1,1,3.0
15052,"0.026,",1,1,3.0
15053,0.027),1,1,3.0
15054,"0.027),",1,1,3.0
15055,"0.027,",1,1,3.0
15056,0.028).,1,1,3.0
15057,0.029),1,1,3.0
15058,0.02],1,1,3.0
15059,0.03,1,1,3.0
15060,0.03%,1,1,3.0
15061,0.03%];,1,1,3.0
15062,0.0306).,1,1,3.0
15063,"0.031),",1,1,3.0
15064,"0.031-0.049),",1,1,3.0
15065,0.032,1,1,3.0
15066,0.032),1,1,3.0
15067,"0.032),",1,1,3.0
15068,"0.034),",1,1,3.0
15069,0.0347),1,1,3.0
15070,0.036).,1,1,3.0
15071,"0.037),",1,1,3.0
15072,0.037).,1,1,3.0
15073,0.037.,1,1,3.0
15074,0.039).,1,1,3.0
15075,0.0397],1,1,3.0
15076,0.03],1,1,3.0
15077,0.04,1,1,3.0
15078,0.04%];,1,1,3.0
15079,0.04-0.08]).,1,1,3.0
15080,0.040,1,1,3.0
15081,0.040),1,1,3.0
15082,"0.040),",1,1,3.0
15083,"0.041),",1,1,3.0
15084,0.041).,1,1,3.0
15085,0.0421),1,1,3.0
15086,0.043),1,1,3.0
15087,0.043).,1,1,3.0
15088,0.0436).,1,1,3.0
15089,0.0439).,1,1,3.0
15090,0.044),1,1,3.0
15091,"0.044),",1,1,3.0
15092,"0.045),",1,1,3.0
15093,0.045;,1,1,3.0
15094,"0.046),",1,1,3.0
15095,0.046).,1,1,3.0
15096,0.049).,1,1,3.0
15097,0.0498).,1,1,3.0
15098,0.05,1,1,3.0
15099,0.05%,1,1,3.0
15100,0.05-0.12;,1,1,3.0
15101,0.05-0.16,1,1,3.0
15102,0.05-1.27;,1,1,3.0
15103,0.054).,1,1,3.0
15104,"0.056,",1,1,3.0
15105,0.057).,1,1,3.0
15106,"0.06,",1,1,3.0
15107,"0.06-2.81),",1,1,3.0
15108,0.062,1,1,3.0
15109,"0.0622,",1,1,3.0
15110,0.064).,1,1,3.0
15111,0.065),1,1,3.0
15112,"0.067),",1,1,3.0
15113,0.06]).,1,1,3.0
15114,0.07),1,1,3.0
15115,0.07-0.23;,1,1,3.0
15116,0.071%,1,1,3.0
15117,"0.072,",1,1,3.0
15118,0.078,1,1,3.0
15119,0.08,1,1,3.0
15120,0.08%,1,1,3.0
15121,0.08%];,1,1,3.0
15122,0.087).,1,1,3.0
15123,0.089),1,1,3.0
15124,0.08;,1,1,3.0
15125,0.09%;,1,1,3.0
15126,"0.09),",1,1,3.0
15127,"0.09,",1,1,3.0
15128,0.09;,1,1,3.0
15129,0.0×10⁹/l,1,1,3.0
15130,0.1),1,1,3.0
15131,0.1).,1,1,3.0
15132,0.1.,1,1,3.0
15133,0.10,1,1,3.0
15134,0.10%];,1,1,3.0
15135,0.10-0.50),1,1,3.0
15136,0.100,1,1,3.0
15137,0.102),1,1,3.0
15138,0.1049,1,1,3.0
15139,0.105-0.263).,1,1,3.0
15140,0.11,1,1,3.0
15141,0.11%;,1,1,3.0
15142,0.11),1,1,3.0
15143,0.11-0.22;,1,1,3.0
15144,0.11-0.22]),1,1,3.0
15145,"0.11-1.71,",1,1,3.0
15146,0.119-0.708;,1,1,3.0
15147,0.12,1,1,3.0
15148,0.12%,1,1,3.0
15149,0.12%.,1,1,3.0
15150,0.12),1,1,3.0
15151,0.12-0.24]).,1,1,3.0
15152,0.123,1,1,3.0
15153,"0.128-0.511),",1,1,3.0
15154,0.12;,1,1,3.0
15155,"0.12]),",1,1,3.0
15156,0.13%,1,1,3.0
15157,"0.13),",1,1,3.0
15158,0.13-0.49;,1,1,3.0
15159,"0.138),",1,1,3.0
15160,0.13];,1,1,3.0
15161,0.14,1,1,3.0
15162,0.14%,1,1,3.0
15163,0.14-4.44).,1,1,3.0
15164,0.141),1,1,3.0
15165,0.145-0.395;,1,1,3.0
15166,"0.149-0.409),",1,1,3.0
15167,0.149;,1,1,3.0
15168,"0.15),",1,1,3.0
15169,"0.15,",1,1,3.0
15170,0.15-0.65).,1,1,3.0
15171,0.15;,1,1,3.0
15172,0.16),1,1,3.0
15173,0.16).,1,1,3.0
15174,0.16-2.86];,1,1,3.0
15175,0.161,1,1,3.0
15176,0.161).,1,1,3.0
15177,0.164%,1,1,3.0
15178,"0.164),",1,1,3.0
15179,"0.165),",1,1,3.0
15180,"0.167,",1,1,3.0
15181,0.17,1,1,3.0
15182,0.17-0.28;,1,1,3.0
15183,0.17-1.15),1,1,3.0
15184,"0.172),",1,1,3.0
15185,0.1725).,1,1,3.0
15186,"0.1753),",1,1,3.0
15187,0.18,1,1,3.0
15188,"0.18-0.70),",1,1,3.0
15189,"0.19),",1,1,3.0
15190,0.19-2.88).,1,1,3.0
15191,0.19;,1,1,3.0
15192,0.1;,1,1,3.0
15193,0.2%,1,1,3.0
15194,0.2%;,1,1,3.0
15195,0.20),1,1,3.0
15196,"0.20),",1,1,3.0
15197,"0.20-0.22,",1,1,3.0
15198,0.202).,1,1,3.0
15199,0.21,1,1,3.0
15200,0.21%,1,1,3.0
15201,"0.21-0.55),",1,1,3.0
15202,0.21-1.19;,1,1,3.0
15203,0.21-1.57;,1,1,3.0
15204,"0.210,",1,1,3.0
15205,0.211,1,1,3.0
15206,"0.211-0.310),",1,1,3.0
15207,0.211-0.310;,1,1,3.0
15208,0.212).,1,1,3.0
15209,0.219-0.508),1,1,3.0
15210,0.22-0.50;,1,1,3.0
15211,"0.22-0.52,",1,1,3.0
15212,0.22-0.71;,1,1,3.0
15213,0.22;,1,1,3.0
15214,"0.23,",1,1,3.0
15215,0.23-0.63;,1,1,3.0
15216,0.23-0.75;,1,1,3.0
15217,0.234-0.429).,1,1,3.0
15218,"0.235,",1,1,3.0
15219,0.236-0.796;,1,1,3.0
15220,"0.238),",1,1,3.0
15221,0.24,1,1,3.0
15222,"0.24,",1,1,3.0
15223,"0.24-0.98),",1,1,3.0
15224,"0.247,",1,1,3.0
15225,0.25,1,1,3.0
15226,"0.25),",1,1,3.0
15227,"0.25,",1,1,3.0
15228,0.25-0.36).,1,1,3.0
15229,0.25-0.79),1,1,3.0
15230,"0.25-0.89,",1,1,3.0
15231,"0.255,",1,1,3.0
15232,0.259;,1,1,3.0
15233,"0.259]),",1,1,3.0
15234,0.26,1,1,3.0
15235,0.26%,1,1,3.0
15236,"0.26),",1,1,3.0
15237,0.26).,1,1,3.0
15238,0.26-0.46;,1,1,3.0
15239,0.26-35.27).,1,1,3.0
15240,0.27-0.66;,1,1,3.0
15241,0.27-0.85;,1,1,3.0
15242,0.27-1.63;,1,1,3.0
15243,0.277).,1,1,3.0
15244,0.27;,1,1,3.0
15245,0.28-0.41;,1,1,3.0
15246,0.281-0.659;,1,1,3.0
15247,"0.289),",1,1,3.0
15248,0.28;,1,1,3.0
15249,0.29,1,1,3.0
15250,"0.29),",1,1,3.0
15251,"0.29,",1,1,3.0
15252,0.29-0.67),1,1,3.0
15253,"0.290,",1,1,3.0
15254,0.3%,1,1,3.0
15255,0.3%).,1,1,3.0
15256,0.3).,1,1,3.0
15257,0.3-0.8).,1,1,3.0
15258,0.30,1,1,3.0
15259,"0.30,",1,1,3.0
15260,"0.30-0.73],",1,1,3.0
15261,0.30-0.93).,1,1,3.0
15262,0.302).,1,1,3.0
15263,0.303;,1,1,3.0
15264,0.304-0.547;,1,1,3.0
15265,0.306-0.626).,1,1,3.0
15266,0.309;,1,1,3.0
15267,0.30;,1,1,3.0
15268,0.31,1,1,3.0
15269,0.31).,1,1,3.0
15270,0.31-0.42;,1,1,3.0
15271,0.31-0.66).,1,1,3.0
15272,0.31-0.70).,1,1,3.0
15273,0.31-0.89;,1,1,3.0
15274,"0.310,",1,1,3.0
15275,0.311,1,1,3.0
15276,"0.317,",1,1,3.0
15277,0.32-0.94).,1,1,3.0
15278,"0.32-1.00),",1,1,3.0
15279,0.320-0.638;,1,1,3.0
15280,"0.327),",1,1,3.0
15281,"0.328),",1,1,3.0
15282,0.328-0.524),1,1,3.0
15283,0.32;,1,1,3.0
15284,0.33%,1,1,3.0
15285,"0.33),",1,1,3.0
15286,0.33-0.40;,1,1,3.0
15287,0.33-0.66;,1,1,3.0
15288,0.33-0.81).,1,1,3.0
15289,0.33-2.89;,1,1,3.0
15290,"0.334,",1,1,3.0
15291,0.33;,1,1,3.0
15292,0.34-0.65),1,1,3.0
15293,"0.34-0.65),",1,1,3.0
15294,0.34-0.87;,1,1,3.0
15295,0.34-0.97),1,1,3.0
15296,"0.34-2.13),",1,1,3.0
15297,0.34;,1,1,3.0
15298,0.35,1,1,3.0
15299,0.35%,1,1,3.0
15300,0.35%.,1,1,3.0
15301,0.35).,1,1,3.0
15302,"0.35,",1,1,3.0
15303,0.35-0.46;,1,1,3.0
15304,"0.35-0.95,",1,1,3.0
15305,0.35-2.02;,1,1,3.0
15306,0.35-4.70;,1,1,3.0
15307,0.350,1,1,3.0
15308,0.357-0.803),1,1,3.0
15309,0.35;,1,1,3.0
15310,0.36-1.91];,1,1,3.0
15311,0.363,1,1,3.0
15312,0.364).,1,1,3.0
15313,0.367;,1,1,3.0
15314,0.36;,1,1,3.0
15315,"0.37,",1,1,3.0
15316,"0.37-0.57),",1,1,3.0
15317,0.37-0.68).,1,1,3.0
15318,"0.37-0.73,",1,1,3.0
15319,0.37-0.89;,1,1,3.0
15320,0.37-0.91).,1,1,3.0
15321,0.37-0.96),1,1,3.0
15322,"0.37-23.89,",1,1,3.0
15323,0.371-0.733).,1,1,3.0
15324,0.374-0.693).,1,1,3.0
15325,0.379;,1,1,3.0
15326,"0.38),",1,1,3.0
15327,"0.38,",1,1,3.0
15328,0.38-0.53),1,1,3.0
15329,0.38-1.64;,1,1,3.0
15330,0.38-2.05;,1,1,3.0
15331,"0.381-0.538,",1,1,3.0
15332,0.382-0.576;,1,1,3.0
15333,0.383-0.514).,1,1,3.0
15334,0.39),1,1,3.0
15335,"0.39-0.70),",1,1,3.0
15336,0.39-0.93;,1,1,3.0
15337,0.39-1.17;,1,1,3.0
15338,0.391).,1,1,3.0
15339,0.398).,1,1,3.0
15340,"0.398-0.663),",1,1,3.0
15341,"0.4%,",1,1,3.0
15342,0.4%;,1,1,3.0
15343,"0.40,",1,1,3.0
15344,"0.40-0.67),",1,1,3.0
15345,"0.40-0.72,",1,1,3.0
15346,0.40-0.79).,1,1,3.0
15347,0.40-1.06;,1,1,3.0
15348,0.40-1.91).,1,1,3.0
15349,0.40-2.05;,1,1,3.0
15350,"0.401,",1,1,3.0
15351,"0.403,",1,1,3.0
15352,"0.404-0.467,",1,1,3.0
15353,0.405),1,1,3.0
15354,0.406).,1,1,3.0
15355,0.408;,1,1,3.0
15356,0.41%,1,1,3.0
15357,0.41).,1,1,3.0
15358,"0.41,",1,1,3.0
15359,0.41-0.97),1,1,3.0
15360,0.41-1.63;,1,1,3.0
15361,0.413),1,1,3.0
15362,"0.414,",1,1,3.0
15363,0.417-1.801;,1,1,3.0
15364,0.42,1,1,3.0
15365,"0.42,",1,1,3.0
15366,0.42-0.71;,1,1,3.0
15367,0.42-1.45;,1,1,3.0
15368,0.42-1.69;,1,1,3.0
15369,0.42-2.37);,1,1,3.0
15370,0.424)].,1,1,3.0
15371,0.426-0.987),1,1,3.0
15372,0.428).,1,1,3.0
15373,0.42;,1,1,3.0
15374,"0.43,",1,1,3.0
15375,0.43-0.48;,1,1,3.0
15376,0.43-0.52;,1,1,3.0
15377,0.43-0.55).,1,1,3.0
15378,0.43-0.56),1,1,3.0
15379,"0.43-0.72,",1,1,3.0
15380,"0.43-0.96),",1,1,3.0
15381,0.430;,1,1,3.0
15382,0.433;,1,1,3.0
15383,"0.434,",1,1,3.0
15384,0.435;,1,1,3.0
15385,0.438;,1,1,3.0
15386,0.439;,1,1,3.0
15387,0.43;,1,1,3.0
15388,0.44-0.94;,1,1,3.0
15389,0.44-1.06;,1,1,3.0
15390,0.44-1.24;,1,1,3.0
15391,0.44-1.56;,1,1,3.0
15392,0.44-2.06,1,1,3.0
15393,0.44-7.22;,1,1,3.0
15394,"0.445),",1,1,3.0
15395,0.45).,1,1,3.0
15396,0.45-0.51;,1,1,3.0
15397,0.45-0.63),1,1,3.0
15398,"0.45-0.73),",1,1,3.0
15399,0.45-0.85),1,1,3.0
15400,"0.453,",1,1,3.0
15401,0.453;,1,1,3.0
15402,0.459,1,1,3.0
15403,"0.459),",1,1,3.0
15404,0.46,1,1,3.0
15405,"0.46),",1,1,3.0
15406,0.46).,1,1,3.0
15407,0.46-0.53;,1,1,3.0
15408,0.46-0.82),1,1,3.0
15409,0.46-0.83),1,1,3.0
15410,"0.46-0.88),",1,1,3.0
15411,0.463).,1,1,3.0
15412,0.465),1,1,3.0
15413,0.469;,1,1,3.0
15414,0.47),1,1,3.0
15415,"0.47-0.59),",1,1,3.0
15416,0.47-0.65),1,1,3.0
15417,0.47-0.83;,1,1,3.0
15418,"0.47-0.85),",1,1,3.0
15419,0.47-1.96;,1,1,3.0
15420,0.48%;,1,1,3.0
15421,"0.48,",1,1,3.0
15422,0.48-0.90),1,1,3.0
15423,0.488,1,1,3.0
15424,"0.488-0.559),",1,1,3.0
15425,0.49),1,1,3.0
15426,0.49-0.54;,1,1,3.0
15427,"0.49-0.63],",1,1,3.0
15428,0.49-0.65;,1,1,3.0
15429,0.49-0.90;,1,1,3.0
15430,0.498;,1,1,3.0
15431,0.49;,1,1,3.0
15432,0.5%;,1,1,3.0
15433,0.50%-0.62%]).,1,1,3.0
15434,0.50).,1,1,3.0
15435,0.50-0.60),1,1,3.0
15436,0.50-0.61).,1,1,3.0
15437,0.50.,1,1,3.0
15438,0.500-0.749;,1,1,3.0
15439,0.502-0.747).,1,1,3.0
15440,0.507-0.702),1,1,3.0
15441,0.508).,1,1,3.0
15442,"0.509,",1,1,3.0
15443,0.51%,1,1,3.0
15444,0.51%-0.66%),1,1,3.0
15445,"0.51,",1,1,3.0
15446,"0.51-0.63),",1,1,3.0
15447,"0.51-0.70),",1,1,3.0
15448,0.51-0.88).,1,1,3.0
15449,0.51-1.9;,1,1,3.0
15450,"0.514,",1,1,3.0
15451,0.514;,1,1,3.0
15452,0.52,1,1,3.0
15453,"0.52),",1,1,3.0
15454,0.52-0.58),1,1,3.0
15455,"0.52-0.70),",1,1,3.0
15456,"0.52-0.71),",1,1,3.0
15457,0.52-0.72;,1,1,3.0
15458,"0.52-0.78),",1,1,3.0
15459,0.52-0.78;,1,1,3.0
15460,0.52-1.26).,1,1,3.0
15461,"0.522,",1,1,3.0
15462,0.5237).,1,1,3.0
15463,0.525-1.014),1,1,3.0
15464,0.528-0.686),1,1,3.0
15465,0.53,1,1,3.0
15466,"0.53),",1,1,3.0
15467,"0.53-0.56),",1,1,3.0
15468,0.53-0.79;,1,1,3.0
15469,"0.53-0.89),",1,1,3.0
15470,"0.53-0.91,",1,1,3.0
15471,0.53-1.08).,1,1,3.0
15472,0.53-1.39;,1,1,3.0
15473,0.534).,1,1,3.0
15474,0.535;,1,1,3.0
15475,0.54,1,1,3.0
15476,0.54),1,1,3.0
15477,"0.54),",1,1,3.0
15478,"0.54,",1,1,3.0
15479,0.54-0.87),1,1,3.0
15480,0.54-0.92),1,1,3.0
15481,0.54-0.95;,1,1,3.0
15482,0.54-0.98).,1,1,3.0
15483,0.54-0.99),1,1,3.0
15484,0.54-1.79;,1,1,3.0
15485,"0.541),",1,1,3.0
15486,0.543),1,1,3.0
15487,0.55);,1,1,3.0
15488,"0.55,",1,1,3.0
15489,0.55-1.16).,1,1,3.0
15490,0.55-1.43;,1,1,3.0
15491,0.55-5.86;,1,1,3.0
15492,"0.556-1.662,",1,1,3.0
15493,0.557-0.853;,1,1,3.0
15494,0.56%,1,1,3.0
15495,"0.56),",1,1,3.0
15496,0.56-0.67;,1,1,3.0
15497,0.56-0.84;,1,1,3.0
15498,0.56-0.94),1,1,3.0
15499,"0.56-0.96),",1,1,3.0
15500,0.56-1.07).,1,1,3.0
15501,0.56-1.32).,1,1,3.0
15502,"0.563),",1,1,3.0
15503,"0.564),",1,1,3.0
15504,"0.564]),",1,1,3.0
15505,0.57).,1,1,3.0
15506,0.57-0.59).,1,1,3.0
15507,0.57-0.66;,1,1,3.0
15508,"0.57-0.86),",1,1,3.0
15509,"0.57-0.94),",1,1,3.0
15510,"0.57-0.95),",1,1,3.0
15511,"0.57-1.52),",1,1,3.0
15512,0.570-1.052;,1,1,3.0
15513,0.574-0.843;,1,1,3.0
15514,0.575-0.824;,1,1,3.0
15515,0.578-0.640;,1,1,3.0
15516,0.58%,1,1,3.0
15517,0.58-0.97).,1,1,3.0
15518,0.58-1.03),1,1,3.0
15519,0.58-1.14).,1,1,3.0
15520,0.58-1.49;,1,1,3.0
15521,"0.586-0.702),",1,1,3.0
15522,0.58;,1,1,3.0
15523,0.59,1,1,3.0
15524,"0.59,",1,1,3.0
15525,0.59-0.75),1,1,3.0
15526,"0.59-0.80),",1,1,3.0
15527,"0.59-0.82,",1,1,3.0
15528,"0.59-0.92),",1,1,3.0
15529,0.59-0.98).,1,1,3.0
15530,"0.59-0.98,",1,1,3.0
15531,0.591),1,1,3.0
15532,"0.597,",1,1,3.0
15533,0.59;,1,1,3.0
15534,"0.6%),",1,1,3.0
15535,"0.60-0.74),",1,1,3.0
15536,0.60-0.76).,1,1,3.0
15537,0.60-0.85).,1,1,3.0
15538,0.60-0.90),1,1,3.0
15539,0.60-0.90;,1,1,3.0
15540,0.60-0.96),1,1,3.0
15541,"0.602,",1,1,3.0
15542,"0.605-0.795),",1,1,3.0
15543,"0.608,",1,1,3.0
15544,"0.61),",1,1,3.0
15545,0.61).,1,1,3.0
15546,"0.61,",1,1,3.0
15547,0.61-0.79),1,1,3.0
15548,0.613;,1,1,3.0
15549,0.62,1,1,3.0
15550,0.62-0.79).,1,1,3.0
15551,0.62-0.89;,1,1,3.0
15552,0.62-0.98;,1,1,3.0
15553,0.62-1.09;,1,1,3.0
15554,"0.62-1.10),",1,1,3.0
15555,0.62-3.92;,1,1,3.0
15556,0.628-0.933).,1,1,3.0
15557,"0.629),",1,1,3.0
15558,0.63,1,1,3.0
15559,0.63-1.84;,1,1,3.0
15560,0.630).,1,1,3.0
15561,"0.632-0.866,",1,1,3.0
15562,0.6365).,1,1,3.0
15563,"0.637-0.771),",1,1,3.0
15564,"0.638),",1,1,3.0
15565,"0.64),",1,1,3.0
15566,"0.64,",1,1,3.0
15567,"0.64-0.82),",1,1,3.0
15568,0.64-0.87;,1,1,3.0
15569,0.64-0.91),1,1,3.0
15570,0.640-0.815).,1,1,3.0
15571,"0.642,",1,1,3.0
15572,0.646).,1,1,3.0
15573,0.649;,1,1,3.0
15574,"0.65,",1,1,3.0
15575,0.65-0.74;,1,1,3.0
15576,0.65-0.74],1,1,3.0
15577,"0.65-1.07,",1,1,3.0
15578,0.65-1.12;,1,1,3.0
15579,"0.65-2.06),",1,1,3.0
15580,"0.65-2.62,",1,1,3.0
15581,0.650).,1,1,3.0
15582,0.655,1,1,3.0
15583,"0.655,",1,1,3.0
15584,0.65;,1,1,3.0
15585,"0.66-0.79),",1,1,3.0
15586,0.66-0.94;,1,1,3.0
15587,"0.66-0.95),",1,1,3.0
15588,0.663).,1,1,3.0
15589,"0.6659,",1,1,3.0
15590,0.66;,1,1,3.0
15591,0.67-0.86),1,1,3.0
15592,0.67-1.06;,1,1,3.0
15593,0.67-1.26;,1,1,3.0
15594,"0.67-1.28),",1,1,3.0
15595,0.672-1.170;,1,1,3.0
15596,0.674),1,1,3.0
15597,0.675-0.774).,1,1,3.0
15598,0.68,1,1,3.0
15599,0.68%,1,1,3.0
15600,"0.68,",1,1,3.0
15601,0.68-0.94),1,1,3.0
15602,0.68-0.97).,1,1,3.0
15603,0.68-1.00;,1,1,3.0
15604,0.68-1.22;,1,1,3.0
15605,0.686;,1,1,3.0
15606,"0.688,",1,1,3.0
15607,"0.69),",1,1,3.0
15608,0.69).,1,1,3.0
15609,"0.69-0.87,",1,1,3.0
15610,0.69-0.88).,1,1,3.0
15611,0.69-0.91),1,1,3.0
15612,0.69-0.95),1,1,3.0
15613,0.69-0.97).,1,1,3.0
15614,0.69-0.99),1,1,3.0
15615,0.69-1.19).,1,1,3.0
15616,0.690;,1,1,3.0
15617,0.691-0.916;,1,1,3.0
15618,0.693-0.879;,1,1,3.0
15619,"0.694,",1,1,3.0
15620,0.696;,1,1,3.0
15621,0.7%,1,1,3.0
15622,0.7%),1,1,3.0
15623,"0.7%,",1,1,3.0
15624,0.70,1,1,3.0
15625,0.70).,1,1,3.0
15626,0.70-0.88;,1,1,3.0
15627,0.70-0.93]).,1,1,3.0
15628,0.70-1.00;,1,1,3.0
15629,0.70-1.04;,1,1,3.0
15630,"0.701),",1,1,3.0
15631,"0.701,",1,1,3.0
15632,0.703,1,1,3.0
15633,"0.707-0.862),",1,1,3.0
15634,0.708-1.349),1,1,3.0
15635,"0.709),",1,1,3.0
15636,0.71,1,1,3.0
15637,"0.71-0.91,",1,1,3.0
15638,0.71-0.98),1,1,3.0
15639,0.71-1.06),1,1,3.0
15640,0.71-1.18;,1,1,3.0
15641,"0.712),",1,1,3.0
15642,0.714;,1,1,3.0
15643,0.715-0.908;,1,1,3.0
15644,0.716-0.922),1,1,3.0
15645,"0.718),",1,1,3.0
15646,0.72,1,1,3.0
15647,0.72);,1,1,3.0
15648,0.72-0.92),1,1,3.0
15649,0.72-0.92).,1,1,3.0
15650,0.72-0.93),1,1,3.0
15651,0.72-0.94).,1,1,3.0
15652,0.72-0.96),1,1,3.0
15653,"0.72-0.97),",1,1,3.0
15654,"0.721),",1,1,3.0
15655,"0.722,",1,1,3.0
15656,0.723;,1,1,3.0
15657,0.729;,1,1,3.0
15658,0.73,1,1,3.0
15659,0.73-0.81),1,1,3.0
15660,0.73-0.86;,1,1,3.0
15661,0.73-0.88),1,1,3.0
15662,0.73-0.88;,1,1,3.0
15663,0.73-0.92;,1,1,3.0
15664,0.73-0.97),1,1,3.0
15665,0.736-1.710;,1,1,3.0
15666,"0.737-0.820),",1,1,3.0
15667,0.74-0.77;,1,1,3.0
15668,0.74-0.78;,1,1,3.0
15669,"0.74-0.91,",1,1,3.0
15670,0.74-0.93;,1,1,3.0
15671,"0.74-1.14),",1,1,3.0
15672,"0.740,",1,1,3.0
15673,0.75),1,1,3.0
15674,0.75-0.88),1,1,3.0
15675,"0.75-0.90),",1,1,3.0
15676,"0.75-0.93),",1,1,3.0
15677,0.755;,1,1,3.0
15678,"0.75;95%ci:0.69,0.82,p",1,1,3.0
15679,"0.76-0.79),",1,1,3.0
15680,0.76-0.82).,1,1,3.0
15681,0.76-0.90),1,1,3.0
15682,0.76-1.00).,1,1,3.0
15683,0.76-1.05).,1,1,3.0
15684,"0.76-1.10,",1,1,3.0
15685,0.76-1.36;,1,1,3.0
15686,0.76-2.34;,1,1,3.0
15687,0.765;,1,1,3.0
15688,0.766),1,1,3.0
15689,"0.7692,",1,1,3.0
15690,0.76];,1,1,3.0
15691,0.77,1,1,3.0
15692,"0.77),",1,1,3.0
15693,0.77).,1,1,3.0
15694,0.77-0.90;,1,1,3.0
15695,0.77-0.93;,1,1,3.0
15696,0.77-0.94),1,1,3.0
15697,"0.77-0.99,",1,1,3.0
15698,0.77-1.00;,1,1,3.0
15699,0.772).,1,1,3.0
15700,0.772-0.825;,1,1,3.0
15701,"0.775,",1,1,3.0
15702,0.776).,1,1,3.0
15703,0.776;,1,1,3.0
15704,"0.777,",1,1,3.0
15705,"0.77;95%ci:0.72,0.82,p",1,1,3.0
15706,"0.78),",1,1,3.0
15707,0.78-0.87),1,1,3.0
15708,"0.78-0.88),",1,1,3.0
15709,0.78-1.07).,1,1,3.0
15710,"0.781,",1,1,3.0
15711,0.782-3.810;,1,1,3.0
15712,0.7852,1,1,3.0
15713,0.786;,1,1,3.0
15714,"0.788-0.890),",1,1,3.0
15715,0.79,1,1,3.0
15716,0.79).,1,1,3.0
15717,0.79-0.89;,1,1,3.0
15718,0.79-0.94;,1,1,3.0
15719,"0.79-0.96),",1,1,3.0
15720,0.79-0.97),1,1,3.0
15721,"0.79-0.99]),",1,1,3.0
15722,"0.79-1.01),",1,1,3.0
15723,0.79-1.02),1,1,3.0
15724,0.796;,1,1,3.0
15725,"0.799,",1,1,3.0
15726,0.79];,1,1,3.0
15727,0.7;,1,1,3.0
15728,"0.8,",1,1,3.0
15729,0.80-1.70).,1,1,3.0
15730,0.808;,1,1,3.0
15731,0.80;,1,1,3.0
15732,0.81),1,1,3.0
15733,0.81-0.92),1,1,3.0
15734,"0.81-0.94),",1,1,3.0
15735,0.81-0.96),1,1,3.0
15736,0.81-0.99;,1,1,3.0
15737,0.81-1.14;,1,1,3.0
15738,"0.81-2.03),",1,1,3.0
15739,0.81-6.75),1,1,3.0
15740,0.810-1.421),1,1,3.0
15741,0.811,1,1,3.0
15742,"0.813,",1,1,3.0
15743,0.82),1,1,3.0
15744,"0.82,",1,1,3.0
15745,0.82-0.87).,1,1,3.0
15746,0.82-0.96),1,1,3.0
15747,0.82-1.16;,1,1,3.0
15748,0.821,1,1,3.0
15749,"0.8217,",1,1,3.0
15750,0.822),1,1,3.0
15751,0.825,1,1,3.0
15752,0.829),1,1,3.0
15753,0.83-0.92),1,1,3.0
15754,"0.83-0.92),",1,1,3.0
15755,"0.83-0.94),",1,1,3.0
15756,"0.83-0.96],",1,1,3.0
15757,0.83-0.98;,1,1,3.0
15758,"0.83-1.00,",1,1,3.0
15759,0.83-1.15).,1,1,3.0
15760,"0.83-1.20]),",1,1,3.0
15761,"0.83-1.40),",1,1,3.0
15762,"0.83-1.79),",1,1,3.0
15763,0.83-2.40).,1,1,3.0
15764,0.835]).,1,1,3.0
15765,0.836;,1,1,3.0
15766,"0.838,",1,1,3.0
15767,0.83]).,1,1,3.0
15768,0.84,1,1,3.0
15769,0.84).,1,1,3.0
15770,"0.84-0.91),",1,1,3.0
15771,"0.84-0.93),",1,1,3.0
15772,"0.84-0.94),",1,1,3.0
15773,0.84-0.96;,1,1,3.0
15774,0.84-0.99),1,1,3.0
15775,0.84-1.19).,1,1,3.0
15776,0.845-3.152;,1,1,3.0
15777,0.85-0.91).,1,1,3.0
15778,"0.85-0.94),",1,1,3.0
15779,"0.85-1.01),",1,1,3.0
15780,"0.85-1.11),",1,1,3.0
15781,0.85-1.21;,1,1,3.0
15782,0.85-4.12).,1,1,3.0
15783,"0.8598,",1,1,3.0
15784,0.85];,1,1,3.0
15785,0.86-1.05),1,1,3.0
15786,0.862-0.979;,1,1,3.0
15787,0.863-2.827;,1,1,3.0
15788,0.866,1,1,3.0
15789,"0.867,",1,1,3.0
15790,0.87-0.97]),1,1,3.0
15791,0.87.,1,1,3.0
15792,0.8715,1,1,3.0
15793,"0.88),",1,1,3.0
15794,"0.88-0.99,",1,1,3.0
15795,"0.881-0.969),",1,1,3.0
15796,"0.887,",1,1,3.0
15797,0.89,1,1,3.0
15798,"0.89-0.98),",1,1,3.0
15799,0.89-1.02).,1,1,3.0
15800,0.89-1.15;,1,1,3.0
15801,0.8929).,1,1,3.0
15802,0.893-0.295).,1,1,3.0
15803,0.896).,1,1,3.0
15804,"0.896-0.978),",1,1,3.0
15805,0.9%,1,1,3.0
15806,0.9).,1,1,3.0
15807,0.90).,1,1,3.0
15808,0.90-0.98;,1,1,3.0
15809,0.90-4.83;,1,1,3.0
15810,0.90-5.87),1,1,3.0
15811,0.90.,1,1,3.0
15812,"0.902]),",1,1,3.0
15813,"0.907,",1,1,3.0
15814,0.91,1,1,3.0
15815,"0.91),",1,1,3.0
15816,0.91).,1,1,3.0
15817,0.91-0.97;,1,1,3.0
15818,0.91-1.10).,1,1,3.0
15819,0.91-1.21];,1,1,3.0
15820,0.91-1.23;,1,1,3.0
15821,0.91-1.84;,1,1,3.0
15822,"0.911,",1,1,3.0
15823,0.915,1,1,3.0
15824,0.919).,1,1,3.0
15825,"0.919,",1,1,3.0
15826,0.92),1,1,3.0
15827,0.92-1.04).,1,1,3.0
15828,0.924;,1,1,3.0
15829,0.928,1,1,3.0
15830,0.92]).,1,1,3.0
15831,0.93),1,1,3.0
15832,0.93-0.97).,1,1,3.0
15833,0.93-1.17),1,1,3.0
15834,0.93-1.23).,1,1,3.0
15835,0.93-1.63),1,1,3.0
15836,"0.9327,",1,1,3.0
15837,"0.933]),",1,1,3.0
15838,"0.936,",1,1,3.0
15839,0.93;,1,1,3.0
15840,"0.94),",1,1,3.0
15841,0.94).,1,1,3.0
15842,"0.94-0.99,",1,1,3.0
15843,0.94-1.07).,1,1,3.0
15844,0.940-1.215).,1,1,3.0
15845,0.94]),1,1,3.0
15846,0.95)],1,1,3.0
15847,"0.95,",1,1,3.0
15848,0.95-0.98;,1,1,3.0
15849,"0.95-1.12]),",1,1,3.0
15850,0.95-1.25).,1,1,3.0
15851,0.950-1.019];,1,1,3.0
15852,0.95;,1,1,3.0
15853,0.95]).,1,1,3.0
15854,0.95];,1,1,3.0
15855,0.96)],1,1,3.0
15856,"0.96,",1,1,3.0
15857,0.96-1.05),1,1,3.0
15858,0.96-1.24;,1,1,3.0
15859,0.96-1.29),1,1,3.0
15860,0.97,1,1,3.0
15861,"0.97),",1,1,3.0
15862,0.97-1.09).,1,1,3.0
15863,0.97-1.11).,1,1,3.0
15864,"0.978,",1,1,3.0
15865,0.97;,1,1,3.0
15866,0.98).,1,1,3.0
15867,0.98-1.31;,1,1,3.0
15868,0.984,1,1,3.0
15869,0.98]),1,1,3.0
15870,0.99),1,1,3.0
15871,"0.99,",1,1,3.0
15872,0.99-1.27;,1,1,3.0
15873,0.99-1.56).,1,1,3.0
15874,0.993);,1,1,3.0
15875,0.995),1,1,3.0
15876,"0.996-1.204),",1,1,3.0
15877,"0.997,",1,1,3.0
15878,"0.9981,",1,1,3.0
15879,"00,",1,1,3.0
15880,000).,1,1,3.0
15881,000-000.,1,1,3.0
15882,000/qaly,1,1,3.0
15883,000/qaly.,1,1,3.0
15884,001,1,1,3.0
15885,004,1,1,3.0
15886,007,1,1,3.0
15887,"00:00-00,",1,1,3.0
15888,01,1,1,3.0
15889,"01,",1,1,3.0
15890,015,1,1,3.0
15891,017),1,1,3.0
15892,021,1,1,3.0
15893,025,1,1,3.0
15894,029,1,1,3.0
15895,037,1,1,3.0
15896,05/2010,1,1,3.0
15897,052,1,1,3.0
15898,059,1,1,3.0
15899,07/31/2026).,1,1,3.0
15900,076,1,1,3.0
15901,076/qaly).,1,1,3.0
15902,08/2023,1,1,3.0
15903,082,1,1,3.0
15904,085),1,1,3.0
15905,"08:00-20:00,",1,1,3.0
15906,097),1,1,3.0
15907,0·32,1,1,3.0
15908,0·56,1,1,3.0
15909,0·59,1,1,3.0
15910,0·6],1,1,3.0
15911,0·75;,1,1,3.0
15912,0·77-0·91]).,1,1,3.0
15913,0·8-6·3),1,1,3.0
15914,0·8-6·4),1,1,3.0
15915,0·80,1,1,3.0
15916,0·84,1,1,3.0
15917,0·9),1,1,3.0
15918,0·97];,1,1,3.0
15919,1%,1,1,3.0
15920,1%).,1,1,3.0
15921,"1'),",1,1,3.0
15922,1)-ln(baseline,1,1,3.0
15923,1).,1,1,3.0
15924,1)];,1,1,3.0
15925,"1,016",1,1,3.0
15926,"1,094.3",1,1,3.0
15927,"1,095,255",1,1,3.0
15928,"1,106,966",1,1,3.0
15929,"1,133,953",1,1,3.0
15930,"1,197",1,1,3.0
15931,"1,202",1,1,3.0
15932,"1,226",1,1,3.0
15933,"1,250,717",1,1,3.0
15934,"1,300),",1,1,3.0
15935,"1,328),",1,1,3.0
15936,"1,368",1,1,3.0
15937,"1,391,948).",1,1,3.0
15938,"1,480",1,1,3.0
15939,"1,5-anhydroglucitol",1,1,3.0
15940,"1,522",1,1,3.0
15941,"1,528,885",1,1,3.0
15942,"1,549",1,1,3.0
15943,"1,785,409",1,1,3.0
15944,"1,827",1,1,3.0
15945,"1,970)",1,1,3.0
15946,"1,988",1,1,3.0
15947,1-10,1,1,3.0
15948,1-2,1,1,3.0
15949,1-2],1,1,3.0
15950,"1-4,",1,1,3.0
15951,1-5),1,1,3.0
15952,1-6;,1,1,3.0
15953,1-7;,1,1,3.0
15954,1-carbon,1,1,3.0
15955,1-month,1,1,3.0
15956,1-palmitoyl-2-oleoyl-sn-glycero-3-phosphocholine,1,1,3.0
15957,"1-time,",1,1,3.0
15958,1-unit,1,1,3.0
15959,1-week,1,1,3.0
15960,1-wk,1,1,3.0
15961,1-year:,1,1,3.0
15962,1.0%,1,1,3.0
15963,1.0%.,1,1,3.0
15964,"1.0,",1,1,3.0
15965,1.0-6.0,1,1,3.0
15966,1.00-1.11);,1,1,3.0
15967,1.000).,1,1,3.0
15968,"1.001,",1,1,3.0
15969,1.002,1,1,3.0
15970,1.00;,1,1,3.0
15971,1.01),1,1,3.0
15972,"1.01,",1,1,3.0
15973,1.01-1.05),1,1,3.0
15974,1.01-1.63).,1,1,3.0
15975,1.010-1.612),1,1,3.0
15976,1.01;,1,1,3.0
15977,1.02,1,1,3.0
15978,1.02-14.12),1,1,3.0
15979,"1.02-3.44,",1,1,3.0
15980,1.025;,1,1,3.0
15981,1.029;,1,1,3.0
15982,1.03,1,1,3.0
15983,"1.03-1.15),",1,1,3.0
15984,1.03-1.15).,1,1,3.0
15985,"1.03-1.16),",1,1,3.0
15986,"1.03-1.18),",1,1,3.0
15987,"1.03-1.26),",1,1,3.0
15988,"1.03-1.58),",1,1,3.0
15989,1.033;,1,1,3.0
15990,1.039-3.577;,1,1,3.0
15991,1.04).,1,1,3.0
15992,"1.04,",1,1,3.0
15993,"1.04-1.16),",1,1,3.0
15994,"1.04-1.18),",1,1,3.0
15995,1.04-2.41).,1,1,3.0
15996,1.04-3.90),1,1,3.0
15997,"1.045-1.170),",1,1,3.0
15998,1.04;,1,1,3.0
15999,1.05),1,1,3.0
16000,"1.05,",1,1,3.0
16001,1.05-1.21).,1,1,3.0
16002,1.05-2.50;,1,1,3.0
16003,1.05-5.24).,1,1,3.0
16004,1.052,1,1,3.0
16005,1.054%,1,1,3.0
16006,1.06,1,1,3.0
16007,"1.06,",1,1,3.0
16008,1.06-1.51),1,1,3.0
16009,1.061-1.304),1,1,3.0
16010,1.069;,1,1,3.0
16011,"1.07,",1,1,3.0
16012,1.07-1.92).,1,1,3.0
16013,"1.073,",1,1,3.0
16014,1.080-1.450).,1,1,3.0
16015,1.08;,1,1,3.0
16016,"1.09-1.15),",1,1,3.0
16017,1.09-1.19).,1,1,3.0
16018,1.09-1.39);,1,1,3.0
16019,"1.09-1.63),",1,1,3.0
16020,1.095;,1,1,3.0
16021,1.09;,1,1,3.0
16022,1.1%;,1,1,3.0
16023,1.1-1.5).,1,1,3.0
16024,1.1-4.9;,1,1,3.0
16025,1.1.2,1,1,3.0
16026,1.10-1.28),1,1,3.0
16027,"1.10-1.30),",1,1,3.0
16028,1.10-1.50).,1,1,3.0
16029,1.104-1.393),1,1,3.0
16030,"1.106,",1,1,3.0
16031,"1.109,",1,1,3.0
16032,"1.11,",1,1,3.0
16033,1.11-2.04;,1,1,3.0
16034,1.111).,1,1,3.0
16035,1.115-3.353;,1,1,3.0
16036,"1.12-1.53),",1,1,3.0
16037,"1.122,",1,1,3.0
16038,"1.129-2.145),",1,1,3.0
16039,1.12;,1,1,3.0
16040,"1.13-1.89),",1,1,3.0
16041,1.14-1.74).,1,1,3.0
16042,1.14-1.84).,1,1,3.0
16043,"1.14-2.00),",1,1,3.0
16044,"1.14-3.17,",1,1,3.0
16045,1.15,1,1,3.0
16046,1.15).,1,1,3.0
16047,1.15]),1,1,3.0
16048,1.16,1,1,3.0
16049,1.16-1.18).,1,1,3.0
16050,1.16-1.55).,1,1,3.0
16051,"1.16-1.83),",1,1,3.0
16052,1.16-1.98;,1,1,3.0
16053,1.16-2.03;,1,1,3.0
16054,"1.17,",1,1,3.0
16055,1.17-1.94),1,1,3.0
16056,1.176,1,1,3.0
16057,1.17;,1,1,3.0
16058,1.18,1,1,3.0
16059,1.18).,1,1,3.0
16060,"1.18,",1,1,3.0
16061,"1.18-1.43),",1,1,3.0
16062,"1.18-1.68),",1,1,3.0
16063,1.186,1,1,3.0
16064,"1.19]),",1,1,3.0
16065,1.2%.,1,1,3.0
16066,1.2-1.9).,1,1,3.0
16067,1.2-2.0,1,1,3.0
16068,"1.21,",1,1,3.0
16069,"1.21-1.79),",1,1,3.0
16070,"1.21-2.07)],",1,1,3.0
16071,1.214-1.462;,1,1,3.0
16072,1.21]).,1,1,3.0
16073,"1.22,",1,1,3.0
16074,"1.22-4.71),",1,1,3.0
16075,"1.22]),",1,1,3.0
16076,1.23,1,1,3.0
16077,"1.23-1.96),",1,1,3.0
16078,"1.24,",1,1,3.0
16079,"1.24-3.32,",1,1,3.0
16080,1.241,1,1,3.0
16081,1.25,1,1,3.0
16082,"1.25),",1,1,3.0
16083,"1.251,",1,1,3.0
16084,1.26-1.45;,1,1,3.0
16085,"1.26-1.59),",1,1,3.0
16086,"1.26-1.90),",1,1,3.0
16087,1.26-2.27;,1,1,3.0
16088,"1.26]),",1,1,3.0
16089,1.27,1,1,3.0
16090,1.27-1.91)].,1,1,3.0
16091,1.27-2.36;,1,1,3.0
16092,1.276;,1,1,3.0
16093,1.286%,1,1,3.0
16094,1.28;,1,1,3.0
16095,1.29,1,1,3.0
16096,"1.29),",1,1,3.0
16097,1.297-3.064).,1,1,3.0
16098,1.29]),1,1,3.0
16099,1.3%,1,1,3.0
16100,"1.3,",1,1,3.0
16101,1.3-2.67,1,1,3.0
16102,1.30-1.69];,1,1,3.0
16103,"1.30-1.81)],",1,1,3.0
16104,1.30-2.75).,1,1,3.0
16105,"1.30-3.14),",1,1,3.0
16106,"1.305-1.816),",1,1,3.0
16107,"1.30]),",1,1,3.0
16108,1.31%,1,1,3.0
16109,1.31),1,1,3.0
16110,"1.31,",1,1,3.0
16111,1.31-1.59),1,1,3.0
16112,"1.31-3.49,",1,1,3.0
16113,"1.31-9.12,",1,1,3.0
16114,1.32),1,1,3.0
16115,"1.32,",1,1,3.0
16116,"1.32-1.52),",1,1,3.0
16117,1.32-1.84).,1,1,3.0
16118,"1.32-2.86,",1,1,3.0
16119,1.329,1,1,3.0
16120,"1.33,",1,1,3.0
16121,1.33-1.79];,1,1,3.0
16122,1.33-2.93).,1,1,3.0
16123,"1.332,",1,1,3.0
16124,1.34).,1,1,3.0
16125,1.34-1.79).,1,1,3.0
16126,"1.35,",1,1,3.0
16127,"1.36-2.03),",1,1,3.0
16128,1.37,1,1,3.0
16129,"1.37),",1,1,3.0
16130,"1.37,",1,1,3.0
16131,1.37;,1,1,3.0
16132,1.38),1,1,3.0
16133,"1.38-1.96),",1,1,3.0
16134,"1.38-2.87),",1,1,3.0
16135,"1.38],",1,1,3.0
16136,"1.39%),",1,1,3.0
16137,"1.39,",1,1,3.0
16138,1.4%,1,1,3.0
16139,1.4%;,1,1,3.0
16140,"1.4-2.7,",1,1,3.0
16141,1.4-fold,1,1,3.0
16142,1.40,1,1,3.0
16143,1.40%).,1,1,3.0
16144,1.41,1,1,3.0
16145,"1.41,",1,1,3.0
16146,1.41-1.99),1,1,3.0
16147,1.41;,1,1,3.0
16148,1.42,1,1,3.0
16149,"1.42-10.82),",1,1,3.0
16150,1.43,1,1,3.0
16151,"1.43),",1,1,3.0
16152,"1.43,",1,1,3.0
16153,1.44-1.59;,1,1,3.0
16154,1.44-7.84;,1,1,3.0
16155,1.44;,1,1,3.0
16156,1.45,1,1,3.0
16157,"1.45,",1,1,3.0
16158,"1.45-1.96),",1,1,3.0
16159,"1.45-2.39),",1,1,3.0
16160,"1.45-3.87,",1,1,3.0
16161,1.46%,1,1,3.0
16162,1.46-3.85;,1,1,3.0
16163,1.48,1,1,3.0
16164,1.48),1,1,3.0
16165,"1.48,",1,1,3.0
16166,1.49-2.44).,1,1,3.0
16167,1.5%.,1,1,3.0
16168,1.5%;,1,1,3.0
16169,"1.5,",1,1,3.0
16170,1.5-2.9),1,1,3.0
16171,"1.50,",1,1,3.0
16172,"1.51,",1,1,3.0
16173,"1.51-7.74),",1,1,3.0
16174,"1.52-2.22),",1,1,3.0
16175,1.53,1,1,3.0
16176,"1.53,",1,1,3.0
16177,"1.538,",1,1,3.0
16178,"1.54,",1,1,3.0
16179,1.54-4.63),1,1,3.0
16180,"1.556,",1,1,3.0
16181,1.56,1,1,3.0
16182,1.56-1.73;,1,1,3.0
16183,"1.56-1.87),",1,1,3.0
16184,"1.56-2.11),",1,1,3.0
16185,"1.562,",1,1,3.0
16186,1.56;,1,1,3.0
16187,1.57-2.45).,1,1,3.0
16188,1.57-26.81),1,1,3.0
16189,1.58,1,1,3.0
16190,1.58).,1,1,3.0
16191,"1.58-1.67),",1,1,3.0
16192,1.5;,1,1,3.0
16193,1.6,1,1,3.0
16194,"1.6%),",1,1,3.0
16195,1.6%;,1,1,3.0
16196,"1.6),",1,1,3.0
16197,"1.6,",1,1,3.0
16198,"1.60),",1,1,3.0
16199,1.60-4.01),1,1,3.0
16200,1.61%,1,1,3.0
16201,"1.61,",1,1,3.0
16202,1.61;,1,1,3.0
16203,1.62,1,1,3.0
16204,"1.62,",1,1,3.0
16205,1.62;,1,1,3.0
16206,1.63,1,1,3.0
16207,"1.63-2.51,",1,1,3.0
16208,"1.632,",1,1,3.0
16209,1.64-3.83.,1,1,3.0
16210,1.646;,1,1,3.0
16211,1.65,1,1,3.0
16212,"1.65-2.96),",1,1,3.0
16213,1.65;,1,1,3.0
16214,1.66;,1,1,3.0
16215,"1.67,",1,1,3.0
16216,1.678;,1,1,3.0
16217,1.67;,1,1,3.0
16218,1.68,1,1,3.0
16219,"1.69,",1,1,3.0
16220,1.69-10.18),1,1,3.0
16221,"1.69-5.63),",1,1,3.0
16222,1.7%;,1,1,3.0
16223,1.71,1,1,3.0
16224,1.71),1,1,3.0
16225,"1.71-12.30,",1,1,3.0
16226,"1.726,",1,1,3.0
16227,1.73).,1,1,3.0
16228,1.73;,1,1,3.0
16229,"1.73]),",1,1,3.0
16230,1.76,1,1,3.0
16231,"1.76-3.98),",1,1,3.0
16232,"1.77,",1,1,3.0
16233,1.79,1,1,3.0
16234,1.8%,1,1,3.0
16235,1.8%;,1,1,3.0
16236,"1.8,",1,1,3.0
16237,1.8-2.3%)].,1,1,3.0
16238,1.80%;,1,1,3.0
16239,"1.80-3.37),",1,1,3.0
16240,1.80;,1,1,3.0
16241,1.81,1,1,3.0
16242,"1.81-2.34),",1,1,3.0
16243,1.82,1,1,3.0
16244,1.84,1,1,3.0
16245,"1.84),",1,1,3.0
16246,1.85),1,1,3.0
16247,1.86,1,1,3.0
16248,1.87-39.45),1,1,3.0
16249,1.87;,1,1,3.0
16250,1.88,1,1,3.0
16251,1.88),1,1,3.0
16252,"1.88,",1,1,3.0
16253,"1.88-4.97),",1,1,3.0
16254,1.89,1,1,3.0
16255,1.89),1,1,3.0
16256,1.89;,1,1,3.0
16257,1.8;,1,1,3.0
16258,"1.90,",1,1,3.0
16259,1.91,1,1,3.0
16260,"1.91,",1,1,3.0
16261,1.91-3.83).,1,1,3.0
16262,"1.928,",1,1,3.0
16263,1.93,1,1,3.0
16264,"1.933,",1,1,3.0
16265,"1.94),",1,1,3.0
16266,1.96,1,1,3.0
16267,1.96%;,1,1,3.0
16268,"1.96,",1,1,3.0
16269,1.97,1,1,3.0
16270,"1.97,",1,1,3.0
16271,1.97;,1,1,3.0
16272,1.98,1,1,3.0
16273,1.98%;,1,1,3.0
16274,1.99%,1,1,3.0
16275,"1.993,",1,1,3.0
16276,1/20,1,1,3.0
16277,1/4,1,1,3.0
16278,1/71,1,1,3.0
16279,1/glucose-dependent,1,1,3.0
16280,10%.,1,1,3.0
16281,10),1,1,3.0
16282,10).,1,1,3.0
16283,"10,197",1,1,3.0
16284,"10,292",1,1,3.0
16285,"10,878)",1,1,3.0
16286,10-13),1,1,3.0
16287,10-14,1,1,3.0
16288,10-16),1,1,3.0
16289,10-17,1,1,3.0
16290,10-18,1,1,3.0
16291,10-19,1,1,3.0
16292,10-20%,1,1,3.0
16293,"10-20%,",1,1,3.0
16294,10-30%,1,1,3.0
16295,10-4).,1,1,3.0
16296,10-56);,1,1,3.0
16297,10-fold,1,1,3.0
16298,10-week,1,1,3.0
16299,10.0%).,1,1,3.0
16300,10.0%;,1,1,3.0
16301,10.1,1,1,3.0
16302,10.1%;,1,1,3.0
16303,"10.10,",1,1,3.0
16304,10.1007/s40200-026-02000-8.,1,1,3.0
16305,10.1093/asjof/ojag080.].,1,1,3.0
16306,10.2,1,1,3.0
16307,10.50;,1,1,3.0
16308,"10.6%),",1,1,3.0
16309,10.61,1,1,3.0
16310,"10.68,",1,1,3.0
16311,10.7%;,1,1,3.0
16312,"10.70),",1,1,3.0
16313,10.8,1,1,3.0
16314,10.84,1,1,3.0
16315,10.9%),1,1,3.0
16316,"10.9%),",1,1,3.0
16317,"10.9%,",1,1,3.0
16318,10/1373,1,1,3.0
16319,100%),1,1,3.0
16320,"100,",1,1,3.0
16321,"100,038",1,1,3.0
16322,"100,746",1,1,3.0
16323,100-125,1,1,3.0
16324,100-139,1,1,3.0
16325,"100.0%,",1,1,3.0
16326,1000).,1,1,3.0
16327,1001,1,1,3.0
16328,1009,1,1,3.0
16329,100],1,1,3.0
16330,100ug/kg/12,1,1,3.0
16331,101,1,1,3.0
16332,101),1,1,3.0
16333,"101,220",1,1,3.0
16334,1010,1,1,3.0
16335,1014,1,1,3.0
16336,1019,1,1,3.0
16337,101·4,1,1,3.0
16338,103.53,1,1,3.0
16339,103.58,1,1,3.0
16340,"1033,",1,1,3.0
16341,1034,1,1,3.0
16342,"104,",1,1,3.0
16343,"104.09%),",1,1,3.0
16344,"104.15%),",1,1,3.0
16345,105.90%,1,1,3.0
16346,1056),1,1,3.0
16347,106%,1,1,3.0
16348,106.01%,1,1,3.0
16349,106.87%,1,1,3.0
16350,1068,1,1,3.0
16351,"108,322)",1,1,3.0
16352,108.8,1,1,3.0
16353,109).,1,1,3.0
16354,10:1,1,1,3.0
16355,10;,1,1,3.0
16356,10th,1,1,3.0
16357,"10·6),",1,1,3.0
16358,10⁻¹⁷).,1,1,3.0
16359,"10⁻⁸,",1,1,3.0
16360,"11%,",1,1,3.0
16361,"11,",1,1,3.0
16362,"11,000",1,1,3.0
16363,"11,052",1,1,3.0
16364,"11,389",1,1,3.0
16365,"11,584",1,1,3.0
16366,"11,772",1,1,3.0
16367,"11,807",1,1,3.0
16368,11-13%,1,1,3.0
16369,11-14.,1,1,3.0
16370,11-year-old,1,1,3.0
16371,11.1%,1,1,3.0
16372,11.1%;,1,1,3.0
16373,"11.2%,",1,1,3.0
16374,11.24,1,1,3.0
16375,11.3%,1,1,3.0
16376,11.31/1000,1,1,3.0
16377,11.39,1,1,3.0
16378,11.4,1,1,3.0
16379,11.5%,1,1,3.0
16380,11.53,1,1,3.0
16381,11.6,1,1,3.0
16382,11.63,1,1,3.0
16383,11.72,1,1,3.0
16384,11.8,1,1,3.0
16385,"11.8%,",1,1,3.0
16386,"11.82-22.54),",1,1,3.0
16387,11.9,1,1,3.0
16388,11.9%;,1,1,3.0
16389,110,1,1,3.0
16390,111.3;,1,1,3.0
16391,"112,065",1,1,3.0
16392,112.37%),1,1,3.0
16393,"112.47%),",1,1,3.0
16394,1125,1,1,3.0
16395,1129,1,1,3.0
16396,113.7-118.4%.,1,1,3.0
16397,1134,1,1,3.0
16398,1139,1,1,3.0
16399,"114,572",1,1,3.0
16400,"1143),",1,1,3.0
16401,1148,1,1,3.0
16402,115±70,1,1,3.0
16403,116,1,1,3.0
16404,1164,1,1,3.0
16405,117,1,1,3.0
16406,118,1,1,3.0
16407,"118,919",1,1,3.0
16408,1183,1,1,3.0
16409,118;,1,1,3.0
16410,"11cp-17b,",1,1,3.0
16411,"11cp-17n,",1,1,3.0
16412,11cp-19n,1,1,3.0
16413,"12),",1,1,3.0
16414,12);,1,1,3.0
16415,"12,379",1,1,3.0
16416,"12,748.6",1,1,3.0
16417,"12,749",1,1,3.0
16418,"12,812",1,1,3.0
16419,"12,874",1,1,3.0
16420,12-14),1,1,3.0
16421,12-17,1,1,3.0
16422,12-19),1,1,3.0
16423,12-20%,1,1,3.0
16424,12-21,1,1,3.0
16425,12-42),1,1,3.0
16426,12-wk,1,1,3.0
16427,"12.0%,",1,1,3.0
16428,12.0-16.0,1,1,3.0
16429,12.01%,1,1,3.0
16430,12.1,1,1,3.0
16431,12.2,1,1,3.0
16432,12.3%,1,1,3.0
16433,"12.3%,",1,1,3.0
16434,12.3%;,1,1,3.0
16435,12.4,1,1,3.0
16436,"12.4%),",1,1,3.0
16437,12.6%;,1,1,3.0
16438,12.6-fold,1,1,3.0
16439,12.68%,1,1,3.0
16440,12.7,1,1,3.0
16441,12.8,1,1,3.0
16442,12.9,1,1,3.0
16443,12.9%,1,1,3.0
16444,120%),1,1,3.0
16445,"120,",1,1,3.0
16446,120-160,1,1,3.0
16447,120-minutes,1,1,3.0
16448,120±28,1,1,3.0
16449,121,1,1,3.0
16450,1220,1,1,3.0
16451,1226),1,1,3.0
16452,1229,1,1,3.0
16453,1230,1,1,3.0
16454,123;,1,1,3.0
16455,124,1,1,3.0
16456,"124.92%),",1,1,3.0
16457,126,1,1,3.0
16458,1261,1,1,3.0
16459,1262,1,1,3.0
16460,"1265,346",1,1,3.0
16461,"127),",1,1,3.0
16462,128,1,1,3.0
16463,128.3,1,1,3.0
16464,"12·3),",1,1,3.0
16465,12·5-19·6]),1,1,3.0
16466,"13%,",1,1,3.0
16467,"13),",1,1,3.0
16468,"13,243",1,1,3.0
16469,"13,555",1,1,3.0
16470,13-20%,1,1,3.0
16471,13-21),1,1,3.0
16472,13-24,1,1,3.0
16473,13.0%;,1,1,3.0
16474,13.1%,1,1,3.0
16475,13.10,1,1,3.0
16476,13.2,1,1,3.0
16477,13.2-16.6),1,1,3.0
16478,13.3,1,1,3.0
16479,13.4,1,1,3.0
16480,13.4%,1,1,3.0
16481,13.55%;,1,1,3.0
16482,13.7,1,1,3.0
16483,13.8%;,1,1,3.0
16484,13.9,1,1,3.0
16485,"13.9-17.5%),",1,1,3.0
16486,13/30,1,1,3.0
16487,131,1,1,3.0
16488,1320,1,1,3.0
16489,1327,1,1,3.0
16490,133,1,1,3.0
16491,133).,1,1,3.0
16492,1332,1,1,3.0
16493,134.4,1,1,3.0
16494,1348,1,1,3.0
16495,"135,197",1,1,3.0
16496,135;,1,1,3.0
16497,"1363,",1,1,3.0
16498,1368,1,1,3.0
16499,"137,200",1,1,3.0
16500,"137,412",1,1,3.0
16501,"137,451",1,1,3.0
16502,138,1,1,3.0
16503,"138,853",1,1,3.0
16504,"139),",1,1,3.0
16505,13c-labeled,1,1,3.0
16506,"13c-mannitol,",1,1,3.0
16507,13c/12c,1,1,3.0
16508,13co2,1,1,3.0
16509,"13co2,",1,1,3.0
16510,14%,1,1,3.0
16511,"14%,",1,1,3.0
16512,14%-39%,1,1,3.0
16513,"14),",1,1,3.0
16514,"14,071",1,1,3.0
16515,"14,118",1,1,3.0
16516,"14,375",1,1,3.0
16517,"14,694",1,1,3.0
16518,"14,752",1,1,3.0
16519,"14,953",1,1,3.0
16520,14-20%,1,1,3.0
16521,14-week,1,1,3.0
16522,14.,1,1,3.0
16523,14.2,1,1,3.0
16524,"14.2%,",1,1,3.0
16525,14.4%,1,1,3.0
16526,14.5,1,1,3.0
16527,14.6%,1,1,3.0
16528,14.6%;,1,1,3.0
16529,"14.7%,",1,1,3.0
16530,14.8,1,1,3.0
16531,"14.8%,",1,1,3.0
16532,14.84,1,1,3.0
16533,14/36,1,1,3.0
16534,140,1,1,3.0
16535,140).,1,1,3.0
16536,"1402),",1,1,3.0
16537,1404-0002,1,1,3.0
16538,1404-0036,1,1,3.0
16539,1407,1,1,3.0
16540,140;,1,1,3.0
16541,"141),",1,1,3.0
16542,"142,047",1,1,3.0
16543,1422,1,1,3.0
16544,"1434,086",1,1,3.0
16545,1441,1,1,3.0
16546,1444,1,1,3.0
16547,145).,1,1,3.0
16548,146;,1,1,3.0
16549,148),1,1,3.0
16550,149,1,1,3.0
16551,"149,183",1,1,3.0
16552,14;,1,1,3.0
16553,14·8,1,1,3.0
16554,15%.,1,1,3.0
16555,15),1,1,3.0
16556,"15),",1,1,3.0
16557,"15,16-triol(3s)-3-hydroxy-1,7-bis(4-hydroxyphenyl)-6e-hepten-5-one",1,1,3.0
16558,"15,882",1,1,3.0
16559,15-,1,1,3.0
16560,15-21%,1,1,3.0
16561,15-25,1,1,3.0
16562,15-37).,1,1,3.0
16563,15-fold,1,1,3.0
16564,"15.22),",1,1,3.0
16565,15.5%,1,1,3.0
16566,"15.5%,",1,1,3.0
16567,15.5%;,1,1,3.0
16568,15.59,1,1,3.0
16569,15.6,1,1,3.0
16570,15.6%,1,1,3.0
16571,15.7%;,1,1,3.0
16572,15.8%),1,1,3.0
16573,"15.8],",1,1,3.0
16574,15.9,1,1,3.0
16575,"15.97,",1,1,3.0
16576,1500,1,1,3.0
16577,151/929,1,1,3.0
16578,"152),",1,1,3.0
16579,153,1,1,3.0
16580,154,1,1,3.0
16581,"154),",1,1,3.0
16582,1547,1,1,3.0
16583,155,1,1,3.0
16584,155383's,1,1,3.0
16585,155383),1,1,3.0
16586,156,1,1,3.0
16587,1567,1,1,3.0
16588,157,1,1,3.0
16589,157/1416,1,1,3.0
16590,158,1,1,3.0
16591,"158,446",1,1,3.0
16592,15843,1,1,3.0
16593,159,1,1,3.0
16594,"159,066",1,1,3.0
16595,15q11.2-q13,1,1,3.0
16596,15q11.2-q13.1,1,1,3.0
16597,16%).,1,1,3.0
16598,16%.,1,1,3.0
16599,16),1,1,3.0
16600,"16,118",1,1,3.0
16601,"16,143",1,1,3.0
16602,"16,775",1,1,3.0
16603,16-23%),1,1,3.0
16604,16-week,1,1,3.0
16605,16-year-old,1,1,3.0
16606,16.0,1,1,3.0
16607,16.0%-17.3%),1,1,3.0
16608,16.1%.,1,1,3.0
16609,"16.10,",1,1,3.0
16610,"16.2,",1,1,3.0
16611,"16.3%,",1,1,3.0
16612,16.30,1,1,3.0
16613,16.30%,1,1,3.0
16614,16.5%,1,1,3.0
16615,"16.5%,",1,1,3.0
16616,16.5-26.5).,1,1,3.0
16617,"16.6%),",1,1,3.0
16618,16.7,1,1,3.0
16619,16.7%;,1,1,3.0
16620,16.8%,1,1,3.0
16621,"16.8%),",1,1,3.0
16622,"16.8%,",1,1,3.0
16623,16.88%,1,1,3.0
16624,16.9,1,1,3.0
16625,"16.91-129.17,",1,1,3.0
16626,16/20,1,1,3.0
16627,1613,1,1,3.0
16628,163,1,1,3.0
16629,"164,987",1,1,3.0
16630,16460,1,1,3.0
16631,165,1,1,3.0
16632,167,1,1,3.0
16633,"167±65,",1,1,3.0
16634,168,1,1,3.0
16635,"168),",1,1,3.0
16636,"168,733",1,1,3.0
16637,"168,740",1,1,3.0
16638,168.,1,1,3.0
16639,16:8,1,1,3.0
16640,"17),",1,1,3.0
16641,17).,1,1,3.0
16642,"17,034",1,1,3.0
16643,"17,206",1,1,3.0
16644,"17,310",1,1,3.0
16645,"17,604",1,1,3.0
16646,"17,737",1,1,3.0
16647,17-39);,1,1,3.0
16648,17-years,1,1,3.0
16649,17.0%,1,1,3.0
16650,"17.0,",1,1,3.0
16651,17.2%,1,1,3.0
16652,"17.2%),",1,1,3.0
16653,"17.2),",1,1,3.0
16654,17.21%,1,1,3.0
16655,17.5%,1,1,3.0
16656,17.6,1,1,3.0
16657,17.6%;,1,1,3.0
16658,"17.8%,",1,1,3.0
16659,17.9%,1,1,3.0
16660,"17.90%,",1,1,3.0
16661,17.98%,1,1,3.0
16662,17/27,1,1,3.0
16663,170,1,1,3.0
16664,171,1,1,3.0
16665,1762),1,1,3.0
16666,177),1,1,3.0
16667,1775),1,1,3.0
16668,"1797,",1,1,3.0
16669,18%-22%,1,1,3.0
16670,18%;,1,1,3.0
16671,18),1,1,3.0
16672,"18,",1,1,3.0
16673,"18,062",1,1,3.0
16674,18-57).,1,1,3.0
16675,18-70,1,1,3.0
16676,18-75,1,1,3.0
16677,18-79,1,1,3.0
16678,18-80,1,1,3.0
16679,18-89,1,1,3.0
16680,18.0%).,1,1,3.0
16681,"18.0%,",1,1,3.0
16682,18.04,1,1,3.0
16683,"18.3%,",1,1,3.0
16684,18.5,1,1,3.0
16685,18.6,1,1,3.0
16686,18.6%,1,1,3.0
16687,18.8%,1,1,3.0
16688,18.8%.,1,1,3.0
16689,18.9,1,1,3.0
16690,180-day,1,1,3.0
16691,181,1,1,3.0
16692,1816,1,1,3.0
16693,1819,1,1,3.0
16694,1822,1,1,3.0
16695,183,1,1,3.0
16696,1844,1,1,3.0
16697,185.0,1,1,3.0
16698,1850,1,1,3.0
16699,"186,988",1,1,3.0
16700,"1876),",1,1,3.0
16701,1883).,1,1,3.0
16702,189,1,1,3.0
16703,18;,1,1,3.0
16704,19).,1,1,3.0
16705,"19,",1,1,3.0
16706,"19,139",1,1,3.0
16707,"19,263",1,1,3.0
16708,"19,505",1,1,3.0
16709,"19,740",1,1,3.0
16710,"19,770",1,1,3.0
16711,"19,892).",1,1,3.0
16712,19-21%.,1,1,3.0
16713,19-64,1,1,3.0
16714,19.2%,1,1,3.0
16715,19.3,1,1,3.0
16716,19.4,1,1,3.0
16717,19.5%,1,1,3.0
16718,19.5-point,1,1,3.0
16719,"19.6%,",1,1,3.0
16720,19.6),1,1,3.0
16721,19.7%,1,1,3.0
16722,19/1348,1,1,3.0
16723,19/799,1,1,3.0
16724,192,1,1,3.0
16725,"196,986",1,1,3.0
16726,1960s,1,1,3.0
16727,1969,1,1,3.0
16728,1971,1,1,3.0
16729,"198,014)",1,1,3.0
16730,1991,1,1,3.0
16731,1995,1,1,3.0
16732,1999-2024.,1,1,3.0
16733,1:,1,1,3.0
16734,1:18,1,1,3.0
16735,1:1:1,1,1,3.0
16736,1:4,1,1,3.0
16737,1:5,1,1,3.0
16738,1;,1,1,3.0
16739,1a/1b,1,1,3.0
16740,1b,1,1,3.0
16741,"1b/1b3,",1,1,3.0
16742,1b/2a,1,1,3.0
16743,1b;,1,1,3.0
16744,1d,1,1,3.0
16745,1st,1,1,3.0
16746,1·0,1,1,3.0
16747,1·6-8·6];,1,1,3.0
16748,1·73,1,1,3.0
16749,"2%),",1,1,3.0
16750,"2%,",1,1,3.0
16751,2').,1,1,3.0
16752,"2,005.8",1,1,3.0
16753,"2,026",1,1,3.0
16754,"2,031",1,1,3.0
16755,"2,033",1,1,3.0
16756,"2,119",1,1,3.0
16757,"2,204",1,1,3.0
16758,"2,423",1,1,3.0
16759,"2,468",1,1,3.0
16760,"2,609",1,1,3.0
16761,"2,628",1,1,3.0
16762,"2,650,744",1,1,3.0
16763,"2,909",1,1,3.0
16764,2-,1,1,3.0
16765,"2-,",1,1,3.0
16766,2-14),1,1,3.0
16767,2-2c,1,1,3.0
16768,"2-2c,",1,1,3.0
16769,2-3,1,1,3.0
16770,2-8),1,1,3.0
16771,"2-<10,",1,1,3.0
16772,2-h,1,1,3.0
16773,2-ha-treated,1,1,3.0
16774,2-hour,1,1,3.0
16775,2-hydroxybenzyl,1,1,3.0
16776,2-low,1,1,3.0
16777,2-week,1,1,3.0
16778,2-years,1,1,3.0
16779,2-years:,1,1,3.0
16780,2.0%,1,1,3.0
16781,2.0%;,1,1,3.0
16782,2.0.,1,1,3.0
16783,"2.02,",1,1,3.0
16784,2.039%.,1,1,3.0
16785,"2.05-2.49),",1,1,3.0
16786,2.08;,1,1,3.0
16787,"2.1,",1,1,3.0
16788,2.1-2.4).,1,1,3.0
16789,2.10,1,1,3.0
16790,"2.118),",1,1,3.0
16791,2.12,1,1,3.0
16792,"2.12),",1,1,3.0
16793,"2.147-4.144,",1,1,3.0
16794,2.16,1,1,3.0
16795,2.181%,1,1,3.0
16796,2.2,1,1,3.0
16797,2.2%,1,1,3.0
16798,"2.2,",1,1,3.0
16799,2.2-fold,1,1,3.0
16800,2.20,1,1,3.0
16801,2.20%;,1,1,3.0
16802,2.20),1,1,3.0
16803,2.20-3.76];,1,1,3.0
16804,2.20-4.17];,1,1,3.0
16805,"2.21,",1,1,3.0
16806,2.21-2.63.,1,1,3.0
16807,2.22).,1,1,3.0
16808,"2.23),",1,1,3.0
16809,"2.26,",1,1,3.0
16810,2.26];,1,1,3.0
16811,2.29,1,1,3.0
16812,2.30).,1,1,3.0
16813,2.32,1,1,3.0
16814,2.32-8.97),1,1,3.0
16815,"2.33]),",1,1,3.0
16816,2.33]).,1,1,3.0
16817,"2.34,",1,1,3.0
16818,2.368-10.722;,1,1,3.0
16819,2.37).,1,1,3.0
16820,2.4%,1,1,3.0
16821,2.4-fold,1,1,3.0
16822,2.42,1,1,3.0
16823,2.45,1,1,3.0
16824,2.46,1,1,3.0
16825,2.46;,1,1,3.0
16826,2.4mg,1,1,3.0
16827,2.5%,1,1,3.0
16828,2.5%;,1,1,3.0
16829,2.5-5.2,1,1,3.0
16830,2.5-9.0).,1,1,3.0
16831,2.50,1,1,3.0
16832,2.53,1,1,3.0
16833,"2.53-,",1,1,3.0
16834,"2.54,",1,1,3.0
16835,2.6%,1,1,3.0
16836,2.6%),1,1,3.0
16837,2.6).,1,1,3.0
16838,2.61).,1,1,3.0
16839,2.617-7.802).,1,1,3.0
16840,2.65;,1,1,3.0
16841,2.67;,1,1,3.0
16842,"2.69,",1,1,3.0
16843,2.6;,1,1,3.0
16844,2.7%,1,1,3.0
16845,2.7%),1,1,3.0
16846,2.7%;,1,1,3.0
16847,"2.7,",1,1,3.0
16848,2.70).,1,1,3.0
16849,"2.70-6.33),",1,1,3.0
16850,"2.73,",1,1,3.0
16851,"2.74-4.51),",1,1,3.0
16852,"2.75,",1,1,3.0
16853,2.76-4.28).,1,1,3.0
16854,2.8%,1,1,3.0
16855,"2.8%,",1,1,3.0
16856,2.8%;,1,1,3.0
16857,"2.8,",1,1,3.0
16858,2.8-3.5,1,1,3.0
16859,2.8-4.2%)],1,1,3.0
16860,"2.81,",1,1,3.0
16861,2.81;,1,1,3.0
16862,2.83;,1,1,3.0
16863,2.84%;,1,1,3.0
16864,2.85,1,1,3.0
16865,2.88,1,1,3.0
16866,2.89%;,1,1,3.0
16867,2.94,1,1,3.0
16868,2.95,1,1,3.0
16869,"2.99%,",1,1,3.0
16870,"2.99,",1,1,3.0
16871,20%),1,1,3.0
16872,"20%),",1,1,3.0
16873,20%dr,1,1,3.0
16874,"20),",1,1,3.0
16875,20).,1,1,3.0
16876,"20,031",1,1,3.0
16877,"20,962",1,1,3.0
16878,20-41%,1,1,3.0
16879,20-60,1,1,3.0
16880,20-60ml/min,1,1,3.0
16881,20-minute,1,1,3.0
16882,20-month-old,1,1,3.0
16883,20-pound,1,1,3.0
16884,20.,1,1,3.0
16885,20.0,1,1,3.0
16886,20.0-39.9,1,1,3.0
16887,20.1%,1,1,3.0
16888,"20.1%,",1,1,3.0
16889,20.2%,1,1,3.0
16890,"20.2,",1,1,3.0
16891,20.3,1,1,3.0
16892,20.3%.,1,1,3.0
16893,20.4%,1,1,3.0
16894,20.7,1,1,3.0
16895,20.7%,1,1,3.0
16896,2001,1,1,3.0
16897,"2002-2012,",1,1,3.0
16898,2005,1,1,3.0
16899,2005-2020.,1,1,3.0
16900,2005-2026),1,1,3.0
16901,2005q2,1,1,3.0
16902,2006-2021).,1,1,3.0
16903,2008-2021,1,1,3.0
16904,"2009-2022,",1,1,3.0
16905,2009-2022.,1,1,3.0
16906,200:,1,1,3.0
16907,201,1,1,3.0
16908,2013-2020,1,1,3.0
16909,"2014,",1,1,3.0
16910,2014-2020,1,1,3.0
16911,2014;,1,1,3.0
16912,"2015,",1,1,3.0
16913,2015-2024.,1,1,3.0
16914,2015-2025.,1,1,3.0
16915,2016-2020,1,1,3.0
16916,2016-2024,1,1,3.0
16917,"2017-2022,",1,1,3.0
16918,2017-2025.,1,1,3.0
16919,2017-december,1,1,3.0
16920,2018)-the,1,1,3.0
16921,2018-2024,1,1,3.0
16922,2019-000781-38.,1,1,3.0
16923,2019-002390-60.,1,1,3.0
16924,202,1,1,3.0
16925,2020),1,1,3.0
16926,"2020,",1,1,3.0
16927,2020-002479-37.,1,1,3.0
16928,"2020-2025,",1,1,3.0
16929,2021-2023,1,1,3.0
16930,2021q1,1,1,3.0
16931,2022),1,1,3.0
16932,2022).,1,1,3.0
16933,2022-2023,1,1,3.0
16934,2022-2024,1,1,3.0
16935,2022-june,1,1,3.0
16936,2022-q4,1,1,3.0
16937,2022;,1,1,3.0
16938,"2023),",1,1,3.0
16939,2024).,1,1,3.0
16940,2024-2026,1,1,3.0
16941,2024-5,1,1,3.0
16942,2024-august,1,1,3.0
16943,2024-december,1,1,3.0
16944,2024-february,1,1,3.0
16945,2024-january,1,1,3.0
16946,2024-october,1,1,3.0
16947,2024q2,1,1,3.0
16948,2025-2026,1,1,3.0
16949,2025-2029,1,1,3.0
16950,2026q1,1,1,3.0
16951,2030,1,1,3.0
16952,"2030,",1,1,3.0
16953,2030.,1,1,3.0
16954,2031,1,1,3.0
16955,"205,",1,1,3.0
16956,2050.,1,1,3.0
16957,206,1,1,3.0
16958,208,1,1,3.0
16959,"208),",1,1,3.0
16960,209,1,1,3.0
16961,"209,169",1,1,3.0
16962,"209,180",1,1,3.0
16963,"20:00-08:00,",1,1,3.0
16964,20s,1,1,3.0
16965,"21,362",1,1,3.0
16966,"21,572),",1,1,3.0
16967,"21,610",1,1,3.0
16968,"21,717",1,1,3.0
16969,"21,984",1,1,3.0
16970,21.1-26.8%).,1,1,3.0
16971,21.4%;,1,1,3.0
16972,21.56],1,1,3.0
16973,"21.7%,",1,1,3.0
16974,21.8%,1,1,3.0
16975,"21.8%),",1,1,3.0
16976,21.88,1,1,3.0
16977,21/1419,1,1,3.0
16978,2102.0,1,1,3.0
16979,211,1,1,3.0
16980,212,1,1,3.0
16981,"212±84,",1,1,3.0
16982,213,1,1,3.0
16983,"213,309",1,1,3.0
16984,214,1,1,3.0
16985,214).,1,1,3.0
16986,"216,293",1,1,3.0
16987,216;,1,1,3.0
16988,217,1,1,3.0
16989,218,1,1,3.0
16990,22%).,1,1,3.0
16991,22%;,1,1,3.0
16992,22).,1,1,3.0
16993,"22,",1,1,3.0
16994,"22,328",1,1,3.0
16995,"22,532",1,1,3.0
16996,"22,694",1,1,3.0
16997,22-member,1,1,3.0
16998,"22.0%),",1,1,3.0
16999,22.1,1,1,3.0
17000,22.1%),1,1,3.0
17001,"22.2%,",1,1,3.0
17002,22.3,1,1,3.0
17003,22.4%,1,1,3.0
17004,"22.6%,",1,1,3.0
17005,22.7%,1,1,3.0
17006,22.7];,1,1,3.0
17007,22.9%;,1,1,3.0
17008,222,1,1,3.0
17009,224,1,1,3.0
17010,22551),1,1,3.0
17011,"226,485",1,1,3.0
17012,2267,1,1,3.0
17013,2270,1,1,3.0
17014,2286,1,1,3.0
17015,2292;,1,1,3.0
17016,"22·5),",1,1,3.0
17017,"23%),",1,1,3.0
17018,23%;,1,1,3.0
17019,"23,013",1,1,3.0
17020,"23,229",1,1,3.0
17021,23.1%;,1,1,3.0
17022,23.2,1,1,3.0
17023,23.2),1,1,3.0
17024,23.3%,1,1,3.0
17025,23.4,1,1,3.0
17026,23.4%,1,1,3.0
17027,23.42%).,1,1,3.0
17028,23.6%,1,1,3.0
17029,23.8,1,1,3.0
17030,23.8%,1,1,3.0
17031,"23/32,",1,1,3.0
17032,231),1,1,3.0
17033,2329,1,1,3.0
17034,2345,1,1,3.0
17035,234],1,1,3.0
17036,235,1,1,3.0
17037,2357,1,1,3.0
17038,237,1,1,3.0
17039,"2384),",1,1,3.0
17040,"239),",1,1,3.0
17041,"24%,",1,1,3.0
17042,24%.,1,1,3.0
17043,24%;,1,1,3.0
17044,"24),",1,1,3.0
17045,"24,185",1,1,3.0
17046,24-36-month,1,1,3.0
17047,24-<28,1,1,3.0
17048,24-h,1,1,3.0
17049,24-month,1,1,3.0
17050,24.2%,1,1,3.0
17051,24.3%,1,1,3.0
17052,24.4%,1,1,3.0
17053,24.5,1,1,3.0
17054,24.7%,1,1,3.0
17055,24.8%,1,1,3.0
17056,24.9,1,1,3.0
17057,"24.9%,",1,1,3.0
17058,"24/04/2025],",1,1,3.0
17059,241,1,1,3.0
17060,242),1,1,3.0
17061,247,1,1,3.0
17062,2470,1,1,3.0
17063,248,1,1,3.0
17064,24·4%;,1,1,3.0
17065,25%),1,1,3.0
17066,"25%,",1,1,3.0
17067,"25),",1,1,3.0
17068,"25,712",1,1,3.0
17069,25-44,1,1,3.0
17070,25-50%,1,1,3.0
17071,25-65,1,1,3.0
17072,25-year,1,1,3.0
17073,25.0,1,1,3.0
17074,25.06-41.23),1,1,3.0
17075,25.2,1,1,3.0
17076,"25.3%,",1,1,3.0
17077,25.4%,1,1,3.0
17078,"25.4%),",1,1,3.0
17079,"25.5%,",1,1,3.0
17080,"25.7%,",1,1,3.0
17081,25.8),1,1,3.0
17082,25.87,1,1,3.0
17083,250,1,1,3.0
17084,2508,1,1,3.0
17085,251,1,1,3.0
17086,"252,611€/quality-adjusted",1,1,3.0
17087,253,1,1,3.0
17088,254.47,1,1,3.0
17089,258,1,1,3.0
17090,259,1,1,3.0
17091,26%.,1,1,3.0
17092,"26,832",1,1,3.0
17093,26-35),1,1,3.0
17094,26-82).,1,1,3.0
17095,26-91),1,1,3.0
17096,26.,1,1,3.0
17097,26.1%,1,1,3.0
17098,26.1%;,1,1,3.0
17099,26.14,1,1,3.0
17100,26.2,1,1,3.0
17101,26.2%,1,1,3.0
17102,"26.4%,",1,1,3.0
17103,26.78%,1,1,3.0
17104,26.8%,1,1,3.0
17105,"260,417",1,1,3.0
17106,263,1,1,3.0
17107,263),1,1,3.0
17108,265,1,1,3.0
17109,265±84,1,1,3.0
17110,"266,315",1,1,3.0
17111,267,1,1,3.0
17112,"27),",1,1,3.0
17113,27).,1,1,3.0
17114,27-57);,1,1,3.0
17115,27-week,1,1,3.0
17116,27.0-61.3;,1,1,3.0
17117,27.1,1,1,3.0
17118,27.1%,1,1,3.0
17119,27.47,1,1,3.0
17120,"27.79,",1,1,3.0
17121,2719,1,1,3.0
17122,272,1,1,3.0
17123,"272,343",1,1,3.0
17124,2776,1,1,3.0
17125,"2778,",1,1,3.0
17126,2784),1,1,3.0
17127,279,1,1,3.0
17128,2792,1,1,3.0
17129,"28%),",1,1,3.0
17130,"28%-36%,",1,1,3.0
17131,"28),",1,1,3.0
17132,"28,000",1,1,3.0
17133,"28,256",1,1,3.0
17134,"28,525",1,1,3.0
17135,"28,639).",1,1,3.0
17136,"28,831",1,1,3.0
17137,28-38),1,1,3.0
17138,28-<30,1,1,3.0
17139,28-week,1,1,3.0
17140,28.3,1,1,3.0
17141,28.3%,1,1,3.0
17142,28.3-65.9;,1,1,3.0
17143,"28.7%,",1,1,3.0
17144,28.7%.,1,1,3.0
17145,28.8-fold,1,1,3.0
17146,28180.67,1,1,3.0
17147,285,1,1,3.0
17148,2852,1,1,3.0
17149,2859,1,1,3.0
17150,287,1,1,3.0
17151,287.3,1,1,3.0
17152,288,1,1,3.0
17153,288408,1,1,3.0
17154,28·8,1,1,3.0
17155,29%),1,1,3.0
17156,29).,1,1,3.0
17157,"29,023",1,1,3.0
17158,29.2%.,1,1,3.0
17159,29.3%,1,1,3.0
17160,29.59,1,1,3.0
17161,29.6%,1,1,3.0
17162,29.7%,1,1,3.0
17163,29.9,1,1,3.0
17164,29.9%;,1,1,3.0
17165,2906,1,1,3.0
17166,"291),",1,1,3.0
17167,"291,152",1,1,3.0
17168,291;,1,1,3.0
17169,292,1,1,3.0
17170,294,1,1,3.0
17171,"294),",1,1,3.0
17172,"29±55,",1,1,3.0
17173,29·6];,1,1,3.0
17174,2:,1,1,3.0
17175,2:1,1,1,3.0
17176,2;,1,1,3.0
17177,2a,1,1,3.0
17178,2d,1,1,3.0
17179,2hpg,1,1,3.0
17180,2·5-15·9];,1,1,3.0
17181,2·6-10·5),1,1,3.0
17182,"3%,",1,1,3.0
17183,3%-5%,1,1,3.0
17184,3).,1,1,3.0
17185,"3,042",1,1,3.0
17186,"3,074",1,1,3.0
17187,"3,218",1,1,3.0
17188,"3,440",1,1,3.0
17189,"3,539",1,1,3.0
17190,"3,650",1,1,3.0
17191,"3,660",1,1,3.0
17192,"3,748",1,1,3.0
17193,"3,832",1,1,3.0
17194,3-36,1,1,3.0
17195,3-5,1,1,3.0
17196,3-5),1,1,3.0
17197,"3-5),",1,1,3.0
17198,3-52,1,1,3.0
17199,"3-6,",1,1,3.0
17200,3-8),1,1,3.0
17201,3-day,1,1,3.0
17202,3-induced,1,1,3.0
17203,3-level,1,1,3.0
17204,3-ma:,1,1,3.0
17205,3-methyladenine;,1,1,3.0
17206,"3-month,",1,1,3.0
17207,3-of-4,1,1,3.0
17208,"3.00),",1,1,3.0
17209,3.01]),1,1,3.0
17210,3.02,1,1,3.0
17211,"3.03,",1,1,3.0
17212,"3.03-3.52),",1,1,3.0
17213,3.05;,1,1,3.0
17214,3.05];,1,1,3.0
17215,"3.09,",1,1,3.0
17216,3.1,1,1,3.0
17217,3.11,1,1,3.0
17218,3.11-7.37).,1,1,3.0
17219,"3.14),",1,1,3.0
17220,"3.145,",1,1,3.0
17221,"3.15),",1,1,3.0
17222,3.2%,1,1,3.0
17223,"3.208),",1,1,3.0
17224,"3.24-19.92,",1,1,3.0
17225,"3.25,",1,1,3.0
17226,3.27;,1,1,3.0
17227,3.3,1,1,3.0
17228,3.32).,1,1,3.0
17229,3.35;,1,1,3.0
17230,3.36,1,1,3.0
17231,3.4,1,1,3.0
17232,3.4%),1,1,3.0
17233,3.4%.,1,1,3.0
17234,3.43-14.22),1,1,3.0
17235,"3.44,",1,1,3.0
17236,3.5),1,1,3.0
17237,3.5-10.0),1,1,3.0
17238,"3.5-13),",1,1,3.0
17239,"3.51,",1,1,3.0
17240,3.52);,1,1,3.0
17241,3.52-9.86;,1,1,3.0
17242,3.539,1,1,3.0
17243,3.638.,1,1,3.0
17244,3.64),1,1,3.0
17245,3.67,1,1,3.0
17246,"3.672,",1,1,3.0
17247,"3.68%,",1,1,3.0
17248,3.7%.,1,1,3.0
17249,3.7%;,1,1,3.0
17250,3.73]),1,1,3.0
17251,3.74-30.55;,1,1,3.0
17252,"3.77%,",1,1,3.0
17253,3.79;,1,1,3.0
17254,3.8,1,1,3.0
17255,3.8%;,1,1,3.0
17256,"3.8-9.1],",1,1,3.0
17257,3.83%;,1,1,3.0
17258,"3.85,",1,1,3.0
17259,3.86,1,1,3.0
17260,3.88);,1,1,3.0
17261,3.9%),1,1,3.0
17262,"3.9%,",1,1,3.0
17263,3.95),1,1,3.0
17264,3.97%,1,1,3.0
17265,3.98).,1,1,3.0
17266,"3/10,",1,1,3.0
17267,3/160;,1,1,3.0
17268,"3/9,",1,1,3.0
17269,"30%-36%,",1,1,3.0
17270,30%;,1,1,3.0
17271,"30),",1,1,3.0
17272,"30,000",1,1,3.0
17273,"30,292",1,1,3.0
17274,"30,443",1,1,3.0
17275,"30,693",1,1,3.0
17276,30-34%,1,1,3.0
17277,30-39,1,1,3.0
17278,30-50%,1,1,3.0
17279,30-55,1,1,3.0
17280,30-60,1,1,3.0
17281,30-<,1,1,3.0
17282,30-item,1,1,3.0
17283,30-minute,1,1,3.0
17284,30-week,1,1,3.0
17285,30-year,1,1,3.0
17286,30.3%,1,1,3.0
17287,"30.3%,",1,1,3.0
17288,30.8,1,1,3.0
17289,"30.9%,",1,1,3.0
17290,30/90-day,1,1,3.0
17291,300,1,1,3.0
17292,"300,000",1,1,3.0
17293,303,1,1,3.0
17294,304,1,1,3.0
17295,305,1,1,3.0
17296,3059,1,1,3.0
17297,307,1,1,3.0
17298,309),1,1,3.0
17299,30±8).,1,1,3.0
17300,31%),1,1,3.0
17301,31-365),1,1,3.0
17302,31-item,1,1,3.0
17303,31-year-old,1,1,3.0
17304,31.2,1,1,3.0
17305,31.4%,1,1,3.0
17306,31.7,1,1,3.0
17307,31.8,1,1,3.0
17308,31/>,1,1,3.0
17309,31/≤,1,1,3.0
17310,310-fold,1,1,3.0
17311,"311,402",1,1,3.0
17312,3115,1,1,3.0
17313,3125,1,1,3.0
17314,318,1,1,3.0
17315,319,1,1,3.0
17316,3196),1,1,3.0
17317,31st,1,1,3.0
17318,"31st,",1,1,3.0
17319,"32%,",1,1,3.0
17320,32).,1,1,3.0
17321,"32,",1,1,3.0
17322,"32,236",1,1,3.0
17323,32-62);,1,1,3.0
17324,32-week,1,1,3.0
17325,32.0%).,1,1,3.0
17326,32.1%;,1,1,3.0
17327,32.3,1,1,3.0
17328,32.3%,1,1,3.0
17329,32.4%,1,1,3.0
17330,32.4%;,1,1,3.0
17331,32.41,1,1,3.0
17332,32.6,1,1,3.0
17333,32.7%,1,1,3.0
17334,3215,1,1,3.0
17335,322,1,1,3.0
17336,323,1,1,3.0
17337,326,1,1,3.0
17338,327),1,1,3.0
17339,3284,1,1,3.0
17340,32;,1,1,3.0
17341,"33,948",1,1,3.0
17342,33-42),1,1,3.0
17343,33.0,1,1,3.0
17344,"33.1%,",1,1,3.0
17345,33.2%,1,1,3.0
17346,"33.2%,",1,1,3.0
17347,33.27%;,1,1,3.0
17348,"33.30,",1,1,3.0
17349,33.4,1,1,3.0
17350,33.5,1,1,3.0
17351,"33.5%,",1,1,3.0
17352,33.6,1,1,3.0
17353,33.8,1,1,3.0
17354,33.9,1,1,3.0
17355,330).,1,1,3.0
17356,3310,1,1,3.0
17357,3313,1,1,3.0
17358,3316,1,1,3.0
17359,3333,1,1,3.0
17360,336,1,1,3.0
17361,3363],1,1,3.0
17362,337,1,1,3.0
17363,338,1,1,3.0
17364,339,1,1,3.0
17365,33±8,1,1,3.0
17366,34%,1,1,3.0
17367,34),1,1,3.0
17368,"34),",1,1,3.0
17369,34).,1,1,3.0
17370,"34.8%,",1,1,3.0
17371,34.9,1,1,3.0
17372,34.9%,1,1,3.0
17373,34.9%).,1,1,3.0
17374,"34.9%,",1,1,3.0
17375,34.9±9.9,1,1,3.0
17376,"342,932",1,1,3.0
17377,3438,1,1,3.0
17378,344,1,1,3.0
17379,3460,1,1,3.0
17380,3492,1,1,3.0
17381,"35%),",1,1,3.0
17382,"35%,",1,1,3.0
17383,35%-55%,1,1,3.0
17384,35),1,1,3.0
17385,"35),",1,1,3.0
17386,"35,934",1,1,3.0
17387,35-50%,1,1,3.0
17388,35.0,1,1,3.0
17389,35.05,1,1,3.0
17390,35.2,1,1,3.0
17391,35.2%,1,1,3.0
17392,35.2→31.5,1,1,3.0
17393,35.2→34,1,1,3.0
17394,"35.3%,",1,1,3.0
17395,35.6%),1,1,3.0
17396,"35.8%),",1,1,3.0
17397,35.9,1,1,3.0
17398,350,1,1,3.0
17399,352,1,1,3.0
17400,353,1,1,3.0
17401,354,1,1,3.0
17402,35·6,1,1,3.0
17403,36%,1,1,3.0
17404,"36,",1,1,3.0
17405,"36,382",1,1,3.0
17406,36-week,1,1,3.0
17407,36.0,1,1,3.0
17408,36.0%),1,1,3.0
17409,36.1,1,1,3.0
17410,361,1,1,3.0
17411,365-day,1,1,3.0
17412,366,1,1,3.0
17413,366-730).,1,1,3.0
17414,3689,1,1,3.0
17415,"37%,",1,1,3.0
17416,"37,393",1,1,3.0
17417,"37.0%,",1,1,3.0
17418,37.3%,1,1,3.0
17419,37.4,1,1,3.0
17420,37.5%.,1,1,3.0
17421,"37.9,",1,1,3.0
17422,3747,1,1,3.0
17423,375,1,1,3.0
17424,378,1,1,3.0
17425,3791,1,1,3.0
17426,38%),1,1,3.0
17427,"38,160",1,1,3.0
17428,"38,791",1,1,3.0
17429,38.14,1,1,3.0
17430,38.2,1,1,3.0
17431,"38.8%,",1,1,3.0
17432,3823,1,1,3.0
17433,"383,471",1,1,3.0
17434,383.1,1,1,3.0
17435,3835,1,1,3.0
17436,384,1,1,3.0
17437,385,1,1,3.0
17438,"385,917",1,1,3.0
17439,387,1,1,3.0
17440,"39%),",1,1,3.0
17441,39-49),1,1,3.0
17442,39-year-old,1,1,3.0
17443,39.0%,1,1,3.0
17444,39.1,1,1,3.0
17445,39.1%,1,1,3.0
17446,"39.1%),",1,1,3.0
17447,39.1;,1,1,3.0
17448,39.2%,1,1,3.0
17449,39.3,1,1,3.0
17450,39.38;,1,1,3.0
17451,39.45,1,1,3.0
17452,39.46,1,1,3.0
17453,39.6%,1,1,3.0
17454,"39.6%,",1,1,3.0
17455,39.85,1,1,3.0
17456,3928,1,1,3.0
17457,394,1,1,3.0
17458,397,1,1,3.0
17459,3971,1,1,3.0
17460,3980.76,1,1,3.0
17461,399,1,1,3.0
17462,39·5-47·5,1,1,3.0
17463,3:,1,1,3.0
17464,3a/3b,1,1,3.0
17465,"3b,",1,1,3.0
17466,3b-ii/i,1,1,3.0
17467,3c5t,1,1,3.0
17468,3d-transit,1,1,3.0
17469,3·0-11·3];,1,1,3.0
17470,3·81,1,1,3.0
17471,3·9-5·0,1,1,3.0
17472,"3β,",1,1,3.0
17473,4%,1,1,3.0
17474,4%.,1,1,3.0
17475,"4',6-diamidino-2-phenylindole;",1,1,3.0
17476,"4),",1,1,3.0
17477,4).,1,1,3.0
17478,"4,216",1,1,3.0
17479,"4,292",1,1,3.0
17480,"4,495",1,1,3.0
17481,"4,668",1,1,3.0
17482,"4,932,290",1,1,3.0
17483,4-,1,1,3.0
17484,4-235,1,1,3.0
17485,4-7,1,1,3.0
17486,"4-7,",1,1,3.0
17487,4-cmtb,1,1,3.0
17488,4-cyano,1,1,3.0
17489,4-fold,1,1,3.0
17490,4-hne,1,1,3.0
17491,"4-hne,",1,1,3.0
17492,4-like,1,1,3.0
17493,4-mediated,1,1,3.0
17494,4-methylsulfonyl,1,1,3.0
17495,4-months,1,1,3.0
17496,4-part,1,1,3.0
17497,4-trifluoromethyl,1,1,3.0
17498,4-week,1,1,3.0
17499,4.0),1,1,3.0
17500,4.00-8.96;,1,1,3.0
17501,4.1%),1,1,3.0
17502,4.1),1,1,3.0
17503,4.11%,1,1,3.0
17504,"4.14,",1,1,3.0
17505,4.14;,1,1,3.0
17506,4.16,1,1,3.0
17507,4.2,1,1,3.0
17508,4.2%,1,1,3.0
17509,4.21,1,1,3.0
17510,4.24),1,1,3.0
17511,4.25),1,1,3.0
17512,"4.26),",1,1,3.0
17513,4.28%,1,1,3.0
17514,4.3,1,1,3.0
17515,4.3-year,1,1,3.0
17516,4.30%;,1,1,3.0
17517,4.31;,1,1,3.0
17518,"4.37-8.54),",1,1,3.0
17519,4.4%;,1,1,3.0
17520,4.44;,1,1,3.0
17521,4.48]),1,1,3.0
17522,4.5.0.,1,1,3.0
17523,"4.519,",1,1,3.0
17524,"4.56),",1,1,3.0
17525,"4.56,",1,1,3.0
17526,4.57,1,1,3.0
17527,4.6,1,1,3.0
17528,4.6%,1,1,3.0
17529,4.6.0.,1,1,3.0
17530,4.62%.,1,1,3.0
17531,"4.64,",1,1,3.0
17532,"4.6kg/m2,",1,1,3.0
17533,4.7,1,1,3.0
17534,4.7%),1,1,3.0
17535,4.7-fold,1,1,3.0
17536,4.74%,1,1,3.0
17537,4.75,1,1,3.0
17538,4.79;,1,1,3.0
17539,"4.8%,",1,1,3.0
17540,4.88%,1,1,3.0
17541,4.9,1,1,3.0
17542,"4.9%,",1,1,3.0
17543,"4.9),",1,1,3.0
17544,4.99%,1,1,3.0
17545,4/2018-11/2024.,1,1,3.0
17546,4/71,1,1,3.0
17547,40%).,1,1,3.0
17548,40%-45%;,1,1,3.0
17549,40).,1,1,3.0
17550,40-69,1,1,3.0
17551,40-mediated,1,1,3.0
17552,40-year,1,1,3.0
17553,40-year-old,1,1,3.0
17554,40.,1,1,3.0
17555,40.0%.,1,1,3.0
17556,40.1%,1,1,3.0
17557,40.1%).,1,1,3.0
17558,40.4-44.8),1,1,3.0
17559,40.6%,1,1,3.0
17560,40.8).,1,1,3.0
17561,"40.9%),",1,1,3.0
17562,40.90,1,1,3.0
17563,40.95,1,1,3.0
17564,40/1345,1,1,3.0
17565,400,1,1,3.0
17566,403),1,1,3.0
17567,40349,1,1,3.0
17568,4043,1,1,3.0
17569,"4066,",1,1,3.0
17570,407,1,1,3.0
17571,4076,1,1,3.0
17572,408,1,1,3.0
17573,"409,334",1,1,3.0
17574,41%,1,1,3.0
17575,"41),",1,1,3.0
17576,"41,123",1,1,3.0
17577,"41,185",1,1,3.0
17578,41-year-old,1,1,3.0
17579,41.1,1,1,3.0
17580,41.3%,1,1,3.0
17581,41.5/10,1,1,3.0
17582,411,1,1,3.0
17583,"411,188",1,1,3.0
17584,4113,1,1,3.0
17585,412,1,1,3.0
17586,4120,1,1,3.0
17587,413,1,1,3.0
17588,415,1,1,3.0
17589,4153,1,1,3.0
17590,"416,",1,1,3.0
17591,4170,1,1,3.0
17592,4181),1,1,3.0
17593,"42,243",1,1,3.0
17594,"42,941",1,1,3.0
17595,42-47,1,1,3.0
17596,42.0,1,1,3.0
17597,42.3,1,1,3.0
17598,42.4%,1,1,3.0
17599,42.6,1,1,3.0
17600,"42.6%,",1,1,3.0
17601,42.8,1,1,3.0
17602,42.8/10,1,1,3.0
17603,42.9%,1,1,3.0
17604,"42.9],",1,1,3.0
17605,420,1,1,3.0
17606,42423,1,1,3.0
17607,429,1,1,3.0
17608,43),1,1,3.0
17609,"43,",1,1,3.0
17610,43-93);,1,1,3.0
17611,43.26,1,1,3.0
17612,"43.3%,",1,1,3.0
17613,43.5%,1,1,3.0
17614,43.8,1,1,3.0
17615,4300),1,1,3.0
17616,434).,1,1,3.0
17617,435,1,1,3.0
17618,4365).,1,1,3.0
17619,"438,844",1,1,3.0
17620,439,1,1,3.0
17621,44%).,1,1,3.0
17622,"44,852;",1,1,3.0
17623,44-year-old,1,1,3.0
17624,44.0%,1,1,3.0
17625,"44.0%,",1,1,3.0
17626,44.0%;,1,1,3.0
17627,44.5,1,1,3.0
17628,44.5%),1,1,3.0
17629,44.8%,1,1,3.0
17630,44.9,1,1,3.0
17631,44.9%,1,1,3.0
17632,440,1,1,3.0
17633,"442,567",1,1,3.0
17634,445/qaly),1,1,3.0
17635,4450,1,1,3.0
17636,446,1,1,3.0
17637,448,1,1,3.0
17638,4491,1,1,3.0
17639,"45%),",1,1,3.0
17640,"45%,",1,1,3.0
17641,45).,1,1,3.0
17642,"45,",1,1,3.0
17643,45-55),1,1,3.0
17644,45-day,1,1,3.0
17645,45-year-old,1,1,3.0
17646,45.5%).,1,1,3.0
17647,"45.7,",1,1,3.0
17648,45/48),1,1,3.0
17649,455,1,1,3.0
17650,"4555),",1,1,3.0
17651,4557,1,1,3.0
17652,458.8,1,1,3.0
17653,"46%),",1,1,3.0
17654,"46%,",1,1,3.0
17655,46-101).,1,1,3.0
17656,46.3%,1,1,3.0
17657,46.6,1,1,3.0
17658,4620).,1,1,3.0
17659,465.40%,1,1,3.0
17660,47%,1,1,3.0
17661,"47%),",1,1,3.0
17662,47%).,1,1,3.0
17663,47%-57%.,1,1,3.0
17664,"47),",1,1,3.0
17665,"47,039",1,1,3.0
17666,"47,315",1,1,3.0
17667,"47,610",1,1,3.0
17668,47-58),1,1,3.0
17669,47.1,1,1,3.0
17670,47.1%,1,1,3.0
17671,47.9%,1,1,3.0
17672,470,1,1,3.0
17673,471-21-02).,1,1,3.0
17674,471-21-02.,1,1,3.0
17675,473,1,1,3.0
17676,474,1,1,3.0
17677,4768,1,1,3.0
17678,4769,1,1,3.0
17679,4773,1,1,3.0
17680,478),1,1,3.0
17681,478-540,1,1,3.0
17682,479,1,1,3.0
17683,47·7,1,1,3.0
17684,48%,1,1,3.0
17685,48%),1,1,3.0
17686,48%).,1,1,3.0
17687,"48.0%,",1,1,3.0
17688,48.1%;,1,1,3.0
17689,48.3,1,1,3.0
17690,48.5%,1,1,3.0
17691,"48.50,",1,1,3.0
17692,48.6,1,1,3.0
17693,48.6%,1,1,3.0
17694,480,1,1,3.0
17695,484,1,1,3.0
17696,485,1,1,3.0
17697,4872,1,1,3.0
17698,488,1,1,3.0
17699,4890,1,1,3.0
17700,48·4,1,1,3.0
17701,49%,1,1,3.0
17702,49%),1,1,3.0
17703,49),1,1,3.0
17704,49).,1,1,3.0
17705,"49,395",1,1,3.0
17706,49.2,1,1,3.0
17707,49.2%,1,1,3.0
17708,49.2/10,1,1,3.0
17709,49.4%,1,1,3.0
17710,49.7%,1,1,3.0
17711,49.8%,1,1,3.0
17712,491,1,1,3.0
17713,"4920),",1,1,3.0
17714,496,1,1,3.0
17715,49];,1,1,3.0
17716,4:,1,1,3.0
17717,4;,1,1,3.0
17718,4a,1,1,3.0
17719,4d-dia,1,1,3.0
17720,4·6-14·0),1,1,3.0
17721,4·7-14·1]).,1,1,3.0
17722,"5%,",1,1,3.0
17723,5%.,1,1,3.0
17724,5),1,1,3.0
17725,5).,1,1,3.0
17726,5):,1,1,3.0
17727,"5,553",1,1,3.0
17728,"5,960",1,1,3.0
17729,5-,1,1,3.0
17730,5-20%,1,1,3.0
17731,5-dimension,1,1,3.0
17732,5-fold,1,1,3.0
17733,5-ht2a,1,1,3.0
17734,"5-ht3,",1,1,3.0
17735,5-hydroxyindoleacetic,1,1,3.0
17736,5-hydroxytryptamine,1,1,3.0
17737,5-it,1,1,3.0
17738,"5-it,",1,1,3.0
17739,5-item,1,1,3.0
17740,5-level,1,1,3.0
17741,5-nitropyrimidine,1,1,3.0
17742,5-oxo-eicosatetraenoic,1,1,3.0
17743,5-years,1,1,3.0
17744,5.0%),1,1,3.0
17745,5.00,1,1,3.0
17746,5.03%;,1,1,3.0
17747,"5.039,",1,1,3.0
17748,5.04%,1,1,3.0
17749,5.05,1,1,3.0
17750,"5.08-fold,",1,1,3.0
17751,5.0;,1,1,3.0
17752,5.1,1,1,3.0
17753,5.15];,1,1,3.0
17754,5.2%),1,1,3.0
17755,"5.23,",1,1,3.0
17756,5.23;,1,1,3.0
17757,5.4%,1,1,3.0
17758,5.43-9.35),1,1,3.0
17759,5.5%,1,1,3.0
17760,5.51,1,1,3.0
17761,5.6,1,1,3.0
17762,5.6%,1,1,3.0
17763,5.6%).,1,1,3.0
17764,5.6%:,1,1,3.0
17765,5.6%;,1,1,3.0
17766,5.7%,1,1,3.0
17767,"5.7-6.4%,",1,1,3.0
17768,5.75%;,1,1,3.0
17769,"5.77),",1,1,3.0
17770,5.7]),1,1,3.0
17771,5.8%;,1,1,3.0
17772,5.83%,1,1,3.0
17773,"5.8]),",1,1,3.0
17774,5.9%,1,1,3.0
17775,"5.90),",1,1,3.0
17776,"5.90,",1,1,3.0
17777,"5.95),",1,1,3.0
17778,5.97%,1,1,3.0
17779,5/5-spiro,1,1,3.0
17780,"50%),",1,1,3.0
17781,"50%,",1,1,3.0
17782,50).,1,1,3.0
17783,50+,1,1,3.0
17784,"50,009",1,1,3.0
17785,50-64,1,1,3.0
17786,50-68]),1,1,3.0
17787,50.1%,1,1,3.0
17788,50.2%,1,1,3.0
17789,50.3,1,1,3.0
17790,50.3%-53.5%),1,1,3.0
17791,50.6%,1,1,3.0
17792,50.89%,1,1,3.0
17793,5032,1,1,3.0
17794,505,1,1,3.0
17795,509,1,1,3.0
17796,51%,1,1,3.0
17797,"51,899",1,1,3.0
17798,"51-68),",1,1,3.0
17799,"51.7,",1,1,3.0
17800,51.7;,1,1,3.0
17801,51.9%,1,1,3.0
17802,512,1,1,3.0
17803,513,1,1,3.0
17804,518,1,1,3.0
17805,"52%],",1,1,3.0
17806,52),1,1,3.0
17807,"52),",1,1,3.0
17808,"52,",1,1,3.0
17809,52-67).,1,1,3.0
17810,52-77),1,1,3.0
17811,52-week,1,1,3.0
17812,52.,1,1,3.0
17813,52.0%),1,1,3.0
17814,52.1%;,1,1,3.0
17815,52.4,1,1,3.0
17816,52.4%,1,1,3.0
17817,52.6%,1,1,3.0
17818,52.7,1,1,3.0
17819,"52.7%,",1,1,3.0
17820,52.8%,1,1,3.0
17821,520,1,1,3.0
17822,520-715,1,1,3.0
17823,5200,1,1,3.0
17824,"5221),",1,1,3.0
17825,"5275),",1,1,3.0
17826,528,1,1,3.0
17827,529,1,1,3.0
17828,52;,1,1,3.0
17829,53%,1,1,3.0
17830,53%),1,1,3.0
17831,53.0%,1,1,3.0
17832,"53.0%,",1,1,3.0
17833,"53.3%,",1,1,3.0
17834,"53.5%,",1,1,3.0
17835,53.8%,1,1,3.0
17836,53.9%,1,1,3.0
17837,531,1,1,3.0
17838,534,1,1,3.0
17839,"53±79,",1,1,3.0
17840,"54%,",1,1,3.0
17841,54),1,1,3.0
17842,"54,423",1,1,3.0
17843,54.6,1,1,3.0
17844,54.8%;,1,1,3.0
17845,540-540,1,1,3.0
17846,541,1,1,3.0
17847,543,1,1,3.0
17848,5432,1,1,3.0
17849,544,1,1,3.0
17850,545,1,1,3.0
17851,546,1,1,3.0
17852,546).,1,1,3.0
17853,547,1,1,3.0
17854,55%,1,1,3.0
17855,"55%-79%,",1,1,3.0
17856,"55,408",1,1,3.0
17857,"55,411).",1,1,3.0
17858,55-72]).,1,1,3.0
17859,55-95;,1,1,3.0
17860,55.2%,1,1,3.0
17861,55.3%,1,1,3.0
17862,55.6%;,1,1,3.0
17863,5532,1,1,3.0
17864,554,1,1,3.0
17865,555,1,1,3.0
17866,"56%,",1,1,3.0
17867,"56,142",1,1,3.0
17868,56.0,1,1,3.0
17869,56.0%,1,1,3.0
17870,56.5%,1,1,3.0
17871,5608,1,1,3.0
17872,5613,1,1,3.0
17873,5624,1,1,3.0
17874,567,1,1,3.0
17875,567-trial,1,1,3.0
17876,5673,1,1,3.0
17877,5674).,1,1,3.0
17878,"5675),",1,1,3.0
17879,568,1,1,3.0
17880,"5699,",1,1,3.0
17881,57%,1,1,3.0
17882,"57),",1,1,3.0
17883,57-year-old,1,1,3.0
17884,57.2,1,1,3.0
17885,"57/45,691",1,1,3.0
17886,573,1,1,3.0
17887,573.4%.,1,1,3.0
17888,574.,1,1,3.0
17889,5762,1,1,3.0
17890,58),1,1,3.0
17891,58).,1,1,3.0
17892,58.4%,1,1,3.0
17893,"58.6%,",1,1,3.0
17894,58.9,1,1,3.0
17895,582,1,1,3.0
17896,584,1,1,3.0
17897,586,1,1,3.0
17898,5863,1,1,3.0
17899,587,1,1,3.0
17900,5876,1,1,3.0
17901,"589f/420m,",1,1,3.0
17902,59),1,1,3.0
17903,"59,",1,1,3.0
17904,"59.0%,",1,1,3.0
17905,59.3,1,1,3.0
17906,59.5%;,1,1,3.0
17907,59.7%,1,1,3.0
17908,596,1,1,3.0
17909,5:,1,1,3.0
17910,5;,1,1,3.0
17911,5th-percentile,1,1,3.0
17912,6%,1,1,3.0
17913,6),1,1,3.0
17914,"6,299",1,1,3.0
17915,"6,593",1,1,3.0
17916,"6,611",1,1,3.0
17917,"6,665",1,1,3.0
17918,"6,733",1,1,3.0
17919,6-10%,1,1,3.0
17920,6-21%,1,1,3.0
17921,6-fold,1,1,3.0
17922,6-months,1,1,3.0
17923,6-week,1,1,3.0
17924,6.,1,1,3.0
17925,"6.01%,",1,1,3.0
17926,6.04,1,1,3.0
17927,"6.07%,",1,1,3.0
17928,6.09,1,1,3.0
17929,"6.11,",1,1,3.0
17930,6.1]).,1,1,3.0
17931,6.2%,1,1,3.0
17932,6.29%,1,1,3.0
17933,6.3,1,1,3.0
17934,"6.3%,",1,1,3.0
17935,6.3%;,1,1,3.0
17936,6.3-7.8];,1,1,3.0
17937,"6.33),",1,1,3.0
17938,6.4%,1,1,3.0
17939,6.48,1,1,3.0
17940,6.49;,1,1,3.0
17941,6.5,1,1,3.0
17942,"6.5%,",1,1,3.0
17943,6.56%,1,1,3.0
17944,6.6,1,1,3.0
17945,6.6%,1,1,3.0
17946,"6.6%),",1,1,3.0
17947,6.6%.,1,1,3.0
17948,6.66%,1,1,3.0
17949,6.7,1,1,3.0
17950,"6.7%),",1,1,3.0
17951,6.7%.,1,1,3.0
17952,6.7%;,1,1,3.0
17953,6.71,1,1,3.0
17954,6.79,1,1,3.0
17955,"6.8-15]),",1,1,3.0
17956,6.8±2.6,1,1,3.0
17957,"6.9%),",1,1,3.0
17958,"6.93),",1,1,3.0
17959,60%-90%,1,1,3.0
17960,60%.,1,1,3.0
17961,60%;,1,1,3.0
17962,60),1,1,3.0
17963,"60,",1,1,3.0
17964,60-70%,1,1,3.0
17965,60-98);,1,1,3.0
17966,60-<,1,1,3.0
17967,60-minute,1,1,3.0
17968,60.0%),1,1,3.0
17969,60.2,1,1,3.0
17970,60.47%,1,1,3.0
17971,60.5,1,1,3.0
17972,60.6,1,1,3.0
17973,60.6%,1,1,3.0
17974,60.8%,1,1,3.0
17975,6018,1,1,3.0
17976,602,1,1,3.0
17977,"609),",1,1,3.0
17978,60;,1,1,3.0
17979,61%,1,1,3.0
17980,61),1,1,3.0
17981,"61,955",1,1,3.0
17982,61.0%,1,1,3.0
17983,61.2%;,1,1,3.0
17984,61.5%,1,1,3.0
17985,61.6,1,1,3.0
17986,"61/191,",1,1,3.0
17987,612,1,1,3.0
17988,"614,333",1,1,3.0
17989,616,1,1,3.0
17990,61±35,1,1,3.0
17991,61·8-71·0]),1,1,3.0
17992,62%,1,1,3.0
17993,"62%,",1,1,3.0
17994,62.0,1,1,3.0
17995,62.0%,1,1,3.0
17996,62.3%,1,1,3.0
17997,"62.30%,",1,1,3.0
17998,62.5%),1,1,3.0
17999,62.6%,1,1,3.0
18000,63%,1,1,3.0
18001,"63%),",1,1,3.0
18002,63%;,1,1,3.0
18003,"63),",1,1,3.0
18004,63-y-or-older-age,1,1,3.0
18005,63.0%,1,1,3.0
18006,63.2%).,1,1,3.0
18007,"63.3%,",1,1,3.0
18008,63.5%),1,1,3.0
18009,630,1,1,3.0
18010,6300,1,1,3.0
18011,639,1,1,3.0
18012,63±12,1,1,3.0
18013,"64),",1,1,3.0
18014,64-year-old,1,1,3.0
18015,64.3,1,1,3.0
18016,64.7,1,1,3.0
18017,64.8;,1,1,3.0
18018,642,1,1,3.0
18019,6482,1,1,3.0
18020,64·4,1,1,3.0
18021,"65,",1,1,3.0
18022,65-74,1,1,3.0
18023,65-fold,1,1,3.0
18024,65-yr-old,1,1,3.0
18025,65.,1,1,3.0
18026,"65.00%,",1,1,3.0
18027,65.5%-71.5%),1,1,3.0
18028,"65.6%,",1,1,3.0
18029,65.8%,1,1,3.0
18030,6515,1,1,3.0
18031,653,1,1,3.0
18032,653),1,1,3.0
18033,654,1,1,3.0
18034,657;,1,1,3.0
18035,658,1,1,3.0
18036,66%).,1,1,3.0
18037,"66%-93%),",1,1,3.0
18038,66.1%,1,1,3.0
18039,"66.1%,",1,1,3.0
18040,66.2%,1,1,3.0
18041,"662,013",1,1,3.0
18042,664,1,1,3.0
18043,664.4,1,1,3.0
18044,666,1,1,3.0
18045,"67%),",1,1,3.0
18046,"67,568",1,1,3.0
18047,67-76),1,1,3.0
18048,67.1%,1,1,3.0
18049,67.2,1,1,3.0
18050,67.4%,1,1,3.0
18051,670,1,1,3.0
18052,"672),",1,1,3.0
18053,6748,1,1,3.0
18054,678,1,1,3.0
18055,679,1,1,3.0
18056,"68,203",1,1,3.0
18057,68.2,1,1,3.0
18058,68.4%,1,1,3.0
18059,68.5%,1,1,3.0
18060,68.9,1,1,3.0
18061,"68.9%),",1,1,3.0
18062,682,1,1,3.0
18063,685,1,1,3.0
18064,6887).,1,1,3.0
18065,69.4%).,1,1,3.0
18066,69.5,1,1,3.0
18067,692,1,1,3.0
18068,6920;,1,1,3.0
18069,693,1,1,3.0
18070,6953,1,1,3.0
18071,698,1,1,3.0
18072,699,1,1,3.0
18073,6x19,1,1,3.0
18074,6°,1,1,3.0
18075,6·3,1,1,3.0
18076,"6·6),",1,1,3.0
18077,7%).,1,1,3.0
18078,7),1,1,3.0
18079,"7,",1,1,3.0
18080,"7,157",1,1,3.0
18081,"7,300",1,1,3.0
18082,"7,907",1,1,3.0
18083,7-10%,1,1,3.0
18084,7-13),1,1,3.0
18085,7-18,1,1,3.0
18086,7-30%,1,1,3.0
18087,7-8,1,1,3.0
18088,7-item,1,1,3.0
18089,7-month-old,1,1,3.0
18090,7.0,1,1,3.0
18091,"7.00,",1,1,3.0
18092,7.03,1,1,3.0
18093,7.1,1,1,3.0
18094,7.1%,1,1,3.0
18095,7.19%,1,1,3.0
18096,7.2%,1,1,3.0
18097,"7.2%),",1,1,3.0
18098,"7.2%,",1,1,3.0
18099,7.26%;,1,1,3.0
18100,7.3%),1,1,3.0
18101,7.3%;,1,1,3.0
18102,"7.3-8.5%),",1,1,3.0
18103,"7.34-,",1,1,3.0
18104,7.384,1,1,3.0
18105,7.4%,1,1,3.0
18106,7.49,1,1,3.0
18107,7.5%-10.5%),1,1,3.0
18108,7.5%-11.0%,1,1,3.0
18109,7.5-7.8),1,1,3.0
18110,7.54,1,1,3.0
18111,7.56,1,1,3.0
18112,7.6%,1,1,3.0
18113,7.6%),1,1,3.0
18114,"7.6%,",1,1,3.0
18115,7.64,1,1,3.0
18116,7.7%,1,1,3.0
18117,7.7%.,1,1,3.0
18118,7.8%,1,1,3.0
18119,7.8),1,1,3.0
18120,"7.85),",1,1,3.0
18121,7.88%,1,1,3.0
18122,7.9%,1,1,3.0
18123,7/17,1,1,3.0
18124,70%).,1,1,3.0
18125,70%-81%;,1,1,3.0
18126,70-100,1,1,3.0
18127,70-year,1,1,3.0
18128,70.5%,1,1,3.0
18129,701.4,1,1,3.0
18130,7015),1,1,3.0
18131,704,1,1,3.0
18132,705/qaly).,1,1,3.0
18133,71-year-old,1,1,3.0
18134,71.0%),1,1,3.0
18135,71.3%,1,1,3.0
18136,71.4%;,1,1,3.0
18137,71.8,1,1,3.0
18138,71.9%,1,1,3.0
18139,71.9%;,1,1,3.0
18140,71.9),1,1,3.0
18141,712,1,1,3.0
18142,7151,1,1,3.0
18143,716,1,1,3.0
18144,"72%),",1,1,3.0
18145,"72-week,",1,1,3.0
18146,72.1%,1,1,3.0
18147,72.11,1,1,3.0
18148,72.30%,1,1,3.0
18149,72.4%,1,1,3.0
18150,"72.6%,",1,1,3.0
18151,72.8%),1,1,3.0
18152,7214,1,1,3.0
18153,7218),1,1,3.0
18154,7218).,1,1,3.0
18155,722,1,1,3.0
18156,7249),1,1,3.0
18157,725,1,1,3.0
18158,725-$12,1,1,3.0
18159,73%,1,1,3.0
18160,"73%),",1,1,3.0
18161,"73,803",1,1,3.0
18162,73-year-old,1,1,3.0
18163,"73.04,",1,1,3.0
18164,73.4%,1,1,3.0
18165,732,1,1,3.0
18166,734,1,1,3.0
18167,"7389,",1,1,3.0
18168,73·5-86·8]),1,1,3.0
18169,"74,760",1,1,3.0
18170,74.5%).,1,1,3.0
18171,74.6%,1,1,3.0
18172,747,1,1,3.0
18173,7491),1,1,3.0
18174,75%),1,1,3.0
18175,75%).,1,1,3.0
18176,"75%,",1,1,3.0
18177,75%.,1,1,3.0
18178,"75,833",1,1,3.0
18179,75-90%,1,1,3.0
18180,75.0,1,1,3.0
18181,"75.00%,",1,1,3.0
18182,75.4%,1,1,3.0
18183,75.5%,1,1,3.0
18184,75.6,1,1,3.0
18185,"75n92021d00006,",1,1,3.0
18186,76,1,1,3.0
18187,"76,",1,1,3.0
18188,"76,819",1,1,3.0
18189,76-100%.,1,1,3.0
18190,76.,1,1,3.0
18191,76.0%,1,1,3.0
18192,76.1%,1,1,3.0
18193,76.1/10,1,1,3.0
18194,76.5%,1,1,3.0
18195,76.7%),1,1,3.0
18196,76.70%,1,1,3.0
18197,76.8%,1,1,3.0
18198,76.9%,1,1,3.0
18199,76/132;,1,1,3.0
18200,76/704,1,1,3.0
18201,760,1,1,3.0
18202,768,1,1,3.0
18203,77,1,1,3.0
18204,77-102).,1,1,3.0
18205,77.2%,1,1,3.0
18206,77.6%;,1,1,3.0
18207,77.8%,1,1,3.0
18208,"774),",1,1,3.0
18209,77·4-89·6]),1,1,3.0
18210,78,1,1,3.0
18211,78%),1,1,3.0
18212,"78,366),",1,1,3.0
18213,78-90];,1,1,3.0
18214,78.2%).,1,1,3.0
18215,78.4%,1,1,3.0
18216,78.4%).,1,1,3.0
18217,780,1,1,3.0
18218,"786),",1,1,3.0
18219,787),1,1,3.0
18220,"79%),",1,1,3.0
18221,79-86%,1,1,3.0
18222,79-year-old,1,1,3.0
18223,"79.0%),",1,1,3.0
18224,79.3),1,1,3.0
18225,79.5%;,1,1,3.0
18226,79.5/10,1,1,3.0
18227,797,1,1,3.0
18228,7:,1,1,3.0
18229,7cfn,1,1,3.0
18230,7xtq,1,1,3.0
18231,7±32,1,1,3.0
18232,7·2-115·2];,1,1,3.0
18233,7·4,1,1,3.0
18234,8),1,1,3.0
18235,"8),",1,1,3.0
18236,8).,1,1,3.0
18237,"8,170),",1,1,3.0
18238,"8,182",1,1,3.0
18239,"8,564",1,1,3.0
18240,"8,717",1,1,3.0
18241,"8,918",1,1,3.0
18242,"8,993",1,1,3.0
18243,"8-10,",1,1,3.0
18244,8-11),1,1,3.0
18245,8-11.,1,1,3.0
18246,8-13%,1,1,3.0
18247,8-52);,1,1,3.0
18248,"8-ohdg,",1,1,3.0
18249,"8-wk,",1,1,3.0
18250,8.,1,1,3.0
18251,8.0%,1,1,3.0
18252,"8.0%,",1,1,3.0
18253,8.02%,1,1,3.0
18254,8.06%,1,1,3.0
18255,8.1,1,1,3.0
18256,8.1%,1,1,3.0
18257,"8.1%,",1,1,3.0
18258,"8.2%,",1,1,3.0
18259,8.29-11.74,1,1,3.0
18260,"8.2kg/m²,",1,1,3.0
18261,8.3%,1,1,3.0
18262,8.30%,1,1,3.0
18263,"8.36,",1,1,3.0
18264,8.4,1,1,3.0
18265,8.4%),1,1,3.0
18266,"8.5%,",1,1,3.0
18267,"8.52],",1,1,3.0
18268,8.58,1,1,3.0
18269,8.61;,1,1,3.0
18270,8.64,1,1,3.0
18271,8.67;,1,1,3.0
18272,8.7,1,1,3.0
18273,"8.7%,",1,1,3.0
18274,8.7-36.1),1,1,3.0
18275,8.73,1,1,3.0
18276,8.8,1,1,3.0
18277,8.8),1,1,3.0
18278,8.9,1,1,3.0
18279,8.9%;,1,1,3.0
18280,"8.9,",1,1,3.0
18281,8.96-13.48,1,1,3.0
18282,8/cohort).,1,1,3.0
18283,"80%),",1,1,3.0
18284,"80%,",1,1,3.0
18285,80%;,1,1,3.0
18286,"80),",1,1,3.0
18287,80.00%,1,1,3.0
18288,80.00%-125.00%,1,1,3.0
18289,80.00%;,1,1,3.0
18290,80.5%,1,1,3.0
18291,80.6%),1,1,3.0
18292,"80.6%,",1,1,3.0
18293,80.60%,1,1,3.0
18294,80.9%,1,1,3.0
18295,8039,1,1,3.0
18296,807,1,1,3.0
18297,808,1,1,3.0
18298,809,1,1,3.0
18299,80·7-87·8),1,1,3.0
18300,"81,096",1,1,3.0
18301,81.6%;,1,1,3.0
18302,81.9%).,1,1,3.0
18303,811,1,1,3.0
18304,816,1,1,3.0
18305,816),1,1,3.0
18306,8176,1,1,3.0
18307,81·5-92·5]),1,1,3.0
18308,82%,1,1,3.0
18309,"82,237",1,1,3.0
18310,82-year-old,1,1,3.0
18311,82.0%,1,1,3.0
18312,82.1%,1,1,3.0
18313,82.1),1,1,3.0
18314,82.7%,1,1,3.0
18315,82058.77,1,1,3.0
18316,822,1,1,3.0
18317,825,1,1,3.0
18318,828,1,1,3.0
18319,"83%),",1,1,3.0
18320,83%).,1,1,3.0
18321,"83,464)",1,1,3.0
18322,83.0%-92.9%,1,1,3.0
18323,83.093-107.552),1,1,3.0
18324,83.1%;,1,1,3.0
18325,83.48%;,1,1,3.0
18326,83.9%,1,1,3.0
18327,830,1,1,3.0
18328,"830),",1,1,3.0
18329,832,1,1,3.0
18330,832),1,1,3.0
18331,8349,1,1,3.0
18332,84,1,1,3.0
18333,"84%),",1,1,3.0
18334,84.3,1,1,3.0
18335,842).,1,1,3.0
18336,844,1,1,3.0
18337,846,1,1,3.0
18338,85%,1,1,3.0
18339,"85%,",1,1,3.0
18340,"85.00%,",1,1,3.0
18341,85.3%,1,1,3.0
18342,85.5,1,1,3.0
18343,85.55,1,1,3.0
18344,851,1,1,3.0
18345,852,1,1,3.0
18346,857,1,1,3.0
18347,86,1,1,3.0
18348,86%).,1,1,3.0
18349,86.0%;,1,1,3.0
18350,86.7%,1,1,3.0
18351,860,1,1,3.0
18352,861,1,1,3.0
18353,8610,1,1,3.0
18354,864,1,1,3.0
18355,8682,1,1,3.0
18356,87,1,1,3.0
18357,87-item,1,1,3.0
18358,87.3%;,1,1,3.0
18359,87.53%,1,1,3.0
18360,87.6;,1,1,3.0
18361,87.7%,1,1,3.0
18362,873,1,1,3.0
18363,874,1,1,3.0
18364,877,1,1,3.0
18365,"88%,",1,1,3.0
18366,"88),",1,1,3.0
18367,88.0%,1,1,3.0
18368,88.5,1,1,3.0
18369,881,1,1,3.0
18370,882,1,1,3.0
18371,883,1,1,3.0
18372,89,1,1,3.0
18373,"89%),",1,1,3.0
18374,89.4%,1,1,3.0
18375,"89.5%,",1,1,3.0
18376,89.7%,1,1,3.0
18377,89.8%,1,1,3.0
18378,89.9%,1,1,3.0
18379,8969,1,1,3.0
18380,898,1,1,3.0
18381,"899,629;",1,1,3.0
18382,8:,1,1,3.0
18383,8·05%,1,1,3.0
18384,8·2]).,1,1,3.0
18385,9).,1,1,3.0
18386,"9,213",1,1,3.0
18387,"9,245",1,1,3.0
18388,"9,849",1,1,3.0
18389,9-12,1,1,3.0
18390,9-site,1,1,3.0
18391,"9.0%),",1,1,3.0
18392,9.0),1,1,3.0
18393,"9.0,",1,1,3.0
18394,9.04,1,1,3.0
18395,9.1,1,1,3.0
18396,"9.11%,",1,1,3.0
18397,9.22%,1,1,3.0
18398,9.27;,1,1,3.0
18399,9.3-fold,1,1,3.0
18400,9.4%,1,1,3.0
18401,9.4.,1,1,3.0
18402,9.5,1,1,3.0
18403,9.5%,1,1,3.0
18404,9.7,1,1,3.0
18405,9.72,1,1,3.0
18406,9.72-fold,1,1,3.0
18407,9.8%.,1,1,3.0
18408,"9.8-9.9),",1,1,3.0
18409,9.9%,1,1,3.0
18410,"9.91),",1,1,3.0
18411,9.98%;,1,1,3.0
18412,9/166;,1,1,3.0
18413,90),1,1,3.0
18414,90.,1,1,3.0
18415,90.0%,1,1,3.0
18416,90.1%,1,1,3.0
18417,90.4,1,1,3.0
18418,90.4%,1,1,3.0
18419,90.4%).,1,1,3.0
18420,90.58%,1,1,3.0
18421,90.6%,1,1,3.0
18422,90.9%,1,1,3.0
18423,902,1,1,3.0
18424,91%,1,1,3.0
18425,"91,524",1,1,3.0
18426,91.0%,1,1,3.0
18427,"91.3,",1,1,3.0
18428,91.7),1,1,3.0
18429,911,1,1,3.0
18430,915,1,1,3.0
18431,92,1,1,3.0
18432,"92%),",1,1,3.0
18433,"92,415,648",1,1,3.0
18434,92.4%;,1,1,3.0
18435,921,1,1,3.0
18436,9222,1,1,3.0
18437,929,1,1,3.0
18438,93%).,1,1,3.0
18439,"93.1%,",1,1,3.0
18440,"93.5%,",1,1,3.0
18441,930,1,1,3.0
18442,931,1,1,3.0
18443,"932,380",1,1,3.0
18444,9327,1,1,3.0
18445,934,1,1,3.0
18446,94%),1,1,3.0
18447,94.0%;,1,1,3.0
18448,94.2,1,1,3.0
18449,94.3%,1,1,3.0
18450,94.4%;,1,1,3.0
18451,"94.534,",1,1,3.0
18452,94.7%,1,1,3.0
18453,94.9,1,1,3.0
18454,9493,1,1,3.0
18455,95%ci[2.8;20.8],1,1,3.0
18456,95%en,1,1,3.0
18457,"95,566",1,1,3.0
18458,95.35%,1,1,3.0
18459,95.4%,1,1,3.0
18460,95.5%,1,1,3.0
18461,95.6,1,1,3.0
18462,953;,1,1,3.0
18463,95±60,1,1,3.0
18464,96.40%,1,1,3.0
18465,96.6%).,1,1,3.0
18466,"96.7%,",1,1,3.0
18467,965,1,1,3.0
18468,97%).,1,1,3.0
18469,97),1,1,3.0
18470,"97,993",1,1,3.0
18471,"97.3%),",1,1,3.0
18472,97.7,1,1,3.0
18473,"97/122,",1,1,3.0
18474,971,1,1,3.0
18475,973,1,1,3.0
18476,975),1,1,3.0
18477,977,1,1,3.0
18478,9795,1,1,3.0
18479,98.5,1,1,3.0
18480,98.80%,1,1,3.0
18481,987,1,1,3.0
18482,99%,1,1,3.0
18483,99.5%,1,1,3.0
18484,99.55%,1,1,3.0
18485,99.6,1,1,3.0
18486,99.64%,1,1,3.0
18487,"99.66%),",1,1,3.0
18488,99.8%).,1,1,3.0
18489,99.9%,1,1,3.0
18490,990,1,1,3.0
18491,9939,1,1,3.0
18492,995,1,1,3.0
18493,997,1,1,3.0
18494,"999,",1,1,3.0
18495,9993),1,1,3.0
18496,9:,1,1,3.0
18497,9],1,1,3.0
18498,9·3-21·1),1,1,3.0
18499,9·50%,1,1,3.0
18500,:,1,1,3.0
18501,<.001).,1,1,3.0
18502,"<0.0001),",1,1,3.0
18503,<0.001),1,1,3.0
18504,"<0.001),",1,1,3.0
18505,<0.001;,1,1,3.0
18506,"<0.02,",1,1,3.0
18507,<0.1,1,1,3.0
18508,<0.10.,1,1,3.0
18509,<1.3,1,1,3.0
18510,<177,1,1,3.0
18511,<2,1,1,3.0
18512,"<2,",1,1,3.0
18513,<2.0),1,1,3.0
18514,<20,1,1,3.0
18515,<30,1,1,3.0
18516,<3·0,1,1,3.0
18517,<42,1,1,3.0
18518,<5,1,1,3.0
18519,<5.4,1,1,3.0
18520,<54,1,1,3.0
18521,<60,1,1,3.0
18522,<65,1,1,3.0
18523,<7.0%,1,1,3.0
18524,"<7.0%,",1,1,3.0
18525,<70,1,1,3.0
18526,<75,1,1,3.0
18527,"=.008),",1,1,3.0
18528,=.038),1,1,3.0
18529,"=.041),",1,1,3.0
18530,"=121),",1,1,3.0
18531,"=143),",1,1,3.0
18532,"=21,369),",1,1,3.0
18533,=259);,1,1,3.0
18534,"=32,296)",1,1,3.0
18535,"=3629),",1,1,3.0
18536,"=78),",1,1,3.0
18537,>.3%,1,1,3.0
18538,>10,1,1,3.0
18539,>10%,1,1,3.0
18540,">14,000",1,1,3.0
18541,>2.67,1,1,3.0
18542,>2.67;,1,1,3.0
18543,>3.5,1,1,3.0
18544,>30,1,1,3.0
18545,>35,1,1,3.0
18546,">40),",1,1,3.0
18547,>50,1,1,3.0
18548,>50%,1,1,3.0
18549,">8·5%),",1,1,3.0
18550,@thehangrywoman,1,1,3.0
18551,"[""compounded",1,1,3.0
18552,[(index,1,1,3.0
18553,"[-$407,",1,1,3.0
18554,[-.48;,1,1,3.0
18555,[-.50;,1,1,3.0
18556,[-.63;,1,1,3.0
18557,[-.70;,1,1,3.0
18558,"[-0.04;0.24],",1,1,3.0
18559,[-1.37,1,1,3.0
18560,"[-10.8,",1,1,3.0
18561,"[-11.4,",1,1,3.0
18562,"[-13.9,",1,1,3.0
18563,"[-14.1,",1,1,3.0
18564,[-14.1;-5.1],1,1,3.0
18565,[-14.3;,1,1,3.0
18566,[-2.2,1,1,3.0
18567,[-2.23,1,1,3.0
18568,[-2.4,1,1,3.0
18569,"[-22.9,",1,1,3.0
18570,[-28804,1,1,3.0
18571,"[-3.1,",1,1,3.0
18572,[-4.29,1,1,3.0
18573,[-40.5,1,1,3.0
18574,[-5.60,1,1,3.0
18575,[-5.94,1,1,3.0
18576,[-5·5,1,1,3.0
18577,[-7.30,1,1,3.0
18578,"[-7.59,",1,1,3.0
18579,[-79,1,1,3.0
18580,[-8,1,1,3.0
18581,[-8·2,1,1,3.0
18582,"[-9.1,",1,1,3.0
18583,"[-9.7,",1,1,3.0
18584,[.05;,1,1,3.0
18585,[.12;,1,1,3.0
18586,[.19;,1,1,3.0
18587,[0-1].,1,1,3.0
18588,"[0.008;0.21],",1,1,3.0
18589,"[0.015,",1,1,3.0
18590,"[0.017,",1,1,3.0
18591,[0.04,1,1,3.0
18592,[0.3%],1,1,3.0
18593,"[0.339-0.702]),",1,1,3.0
18594,"[0.35-0.63]),",1,1,3.0
18595,"[0.374,",1,1,3.0
18596,"[0.4-0.8]),",1,1,3.0
18597,"[0.43-0.83],",1,1,3.0
18598,[0.43-1.19]),1,1,3.0
18599,"[0.514,",1,1,3.0
18600,"[0.530,",1,1,3.0
18601,[0.54-1.74]).,1,1,3.0
18602,"[0.56-0.68],",1,1,3.0
18603,"[0.56-0.86]),",1,1,3.0
18604,"[0.57,",1,1,3.0
18605,[0.6%];,1,1,3.0
18606,[0.65-0.94],1,1,3.0
18607,"[0.67,",1,1,3.0
18608,"[0.69,",1,1,3.0
18609,[0.69-0.80],1,1,3.0
18610,[0.70-2.81]),1,1,3.0
18611,[0.72-0.97]).,1,1,3.0
18612,"[0.73,",1,1,3.0
18613,"[0.77-1.08]),",1,1,3.0
18614,"[0.770-0.855]),",1,1,3.0
18615,"[0.80,",1,1,3.0
18616,"[0.81,",1,1,3.0
18617,[0.82-4.33];,1,1,3.0
18618,[0.832-0.901]),1,1,3.0
18619,"[0.871-0.961]),",1,1,3.0
18620,[0.89-1.04]),1,1,3.0
18621,"[0.91,",1,1,3.0
18622,"[0.94,",1,1,3.0
18623,"[0.95,",1,1,3.0
18624,[0.960-1.046]);,1,1,3.0
18625,"[0.97,",1,1,3.0
18626,[0.97-1.33]).,1,1,3.0
18627,[0·69-0·92]).,1,1,3.0
18628,[0·8];,1,1,3.0
18629,[1,1,1,3.0
18630,"[1-3],",1,1,3.0
18631,[1.00-1.19]).,1,1,3.0
18632,"[1.001-1.106]),",1,1,3.0
18633,[1.01-2.37]).,1,1,3.0
18634,[1.06-1.92]).,1,1,3.0
18635,[1.09-1.31]),1,1,3.0
18636,"[1.12,",1,1,3.0
18637,[1.12-1.98]).,1,1,3.0
18638,"[1.14,",1,1,3.0
18639,[1.14-1.77]).,1,1,3.0
18640,"[1.19,",1,1,3.0
18641,"[1.20,",1,1,3.0
18642,"[1.21,",1,1,3.0
18643,[1.291-1.367]),1,1,3.0
18644,[1.4%],1,1,3.0
18645,[1.42-3.12];,1,1,3.0
18646,"[1.43,",1,1,3.0
18647,[1.73-4.9]%,1,1,3.0
18648,"[1.82,",1,1,3.0
18649,[1.94-4.97];,1,1,3.0
18650,[104,1,1,3.0
18651,[11,1,1,3.0
18652,"[11.0,",1,1,3.0
18653,[12%],1,1,3.0
18654,[12.0],1,1,3.0
18655,[12.2],1,1,3.0
18656,[13.0],1,1,3.0
18657,[13.3-15.1],1,1,3.0
18658,[13.3],1,1,3.0
18659,"[14.11-21.69],",1,1,3.0
18660,"[16%,",1,1,3.0
18661,"[16.9,",1,1,3.0
18662,[1].,1,1,3.0
18663,[2.0%,1,1,3.0
18664,[2.0-8.7].,1,1,3.0
18665,[2.3%];,1,1,3.0
18666,[2.5-7.6]),1,1,3.0
18667,[2.7/2.7/4.0/5.4,1,1,3.0
18668,"[2.88-3.00]),",1,1,3.0
18669,[22.9,1,1,3.0
18670,[27%],1,1,3.0
18671,"[29%,",1,1,3.0
18672,[2].,1,1,3.0
18673,[3.4%,1,1,3.0
18674,"[3.66,",1,1,3.0
18675,[30%],1,1,3.0
18676,"[3·8%,",1,1,3.0
18677,[4.4-24.8],1,1,3.0
18678,[4.91%],1,1,3.0
18679,"[44.2%],",1,1,3.0
18680,[45-62]),1,1,3.0
18681,[45.8%,1,1,3.0
18682,[45.8%],1,1,3.0
18683,[46,1,1,3.0
18684,[46·9%],1,1,3.0
18685,[55%],1,1,3.0
18686,"[57.8%],",1,1,3.0
18687,"[58.1%],",1,1,3.0
18688,[59.2%]),1,1,3.0
18689,"[5·9%,",1,1,3.0
18690,[6.45%];,1,1,3.0
18691,"[67%,",1,1,3.0
18692,"[7.2;24.3],",1,1,3.0
18693,"[7.91-10.30],",1,1,3.0
18694,[8.85],1,1,3.0
18695,"[81%,",1,1,3.0
18696,"[84%,",1,1,3.0
18697,"[88%,",1,1,3.0
18698,"[8·2%,",1,1,3.0
18699,[90%,1,1,3.0
18700,[95%ci]:,1,1,3.0
18701,[<54,1,1,3.0
18702,[a,1,1,3.0
18703,"[acm]),",1,1,3.0
18704,"[ahr],",1,1,3.0
18705,[aor],1,1,3.0
18706,[ard],1,1,3.0
18707,"[ard],",1,1,3.0
18708,[ast],1,1,3.0
18709,[auc],1,1,3.0
18710,[baseline,1,1,3.0
18711,[bcpnn,1,1,3.0
18712,"[bmi],",1,1,3.0
18713,[body,1,1,3.0
18714,[central]).,1,1,3.0
18715,[ci95]:,1,1,3.0
18716,[clinical,1,1,3.0
18717,[cvd]),1,1,3.0
18718,[cvots]),1,1,3.0
18719,[d&e]),1,1,3.0
18720,[difference,1,1,3.0
18721,"[dpp4i],",1,1,3.0
18722,[e.g.,1,1,3.0
18723,[eq-5d-5l],1,1,3.0
18724,[etd]:,1,1,3.0
18725,[ex4]),1,1,3.0
18726,"[flow],",1,1,3.0
18727,[fpg],1,1,3.0
18728,"[gfap],",1,1,3.0
18729,[glp-1,1,1,3.0
18730,[glp-1],1,1,3.0
18731,[glp-1ra]),1,1,3.0
18732,[glp1],1,1,3.0
18733,[hba1c]:,1,1,3.0
18734,[hff],1,1,3.0
18735,[hfpef],1,1,3.0
18736,[hfref],1,1,3.0
18737,[hip,1,1,3.0
18738,[hr:,1,1,3.0
18739,[hr]=0.34;,1,1,3.0
18740,"[hr]=0.76,",1,1,3.0
18741,"[hs-crp]),",1,1,3.0
18742,[i2],1,1,3.0
18743,[interquartile,1,1,3.0
18744,[k58.0],1,1,3.0
18745,[k58.1]).,1,1,3.0
18746,"[lifestyle],",1,1,3.0
18747,[ln(6-month,1,1,3.0
18748,[lp(a)],1,1,3.0
18749,[lp(a)].,1,1,3.0
18750,[mace]).,1,1,3.0
18751,[make],1,1,3.0
18752,[matsuda,1,1,3.0
18753,[md:,1,1,3.0
18754,[md],1,1,3.0
18755,"[md],",1,1,3.0
18756,"[mean,",1,1,3.0
18757,[mgps,1,1,3.0
18758,[n=10]).,1,1,3.0
18759,[n=48],1,1,3.0
18760,[nnt],1,1,3.0
18761,[or,1,1,3.0
18762,[piog]),1,1,3.0
18763,"[placebo,",1,1,3.0
18764,[pooled,1,1,3.0
18765,[pp],1,1,3.0
18766,[ppg],1,1,3.0
18767,[prevotella],1,1,3.0
18768,[prr];,1,1,3.0
18769,[ptau217]),1,1,3.0
18770,[rat,1,1,3.0
18771,[rat/fat],1,1,3.0
18772,"[rcts],",1,1,3.0
18773,"[rd],",1,1,3.0
18774,[registered,1,1,3.0
18775,[ror];,1,1,3.0
18776,[rr]:,1,1,3.0
18777,"[saline],",1,1,3.0
18778,[se,1,1,3.0
18779,"[select],",1,1,3.0
18780,"[sema],",1,1,3.0
18781,"[sglt2i],",1,1,3.0
18782,[smd],1,1,3.0
18783,[smi],1,1,3.0
18784,[snac]),1,1,3.0
18785,[soul]),1,1,3.0
18786,"[ssi],",1,1,3.0
18787,"[su],",1,1,3.0
18788,"[surgery],",1,1,3.0
18789,[t2d],1,1,3.0
18790,[this,1,1,3.0
18791,"[±0.84],",1,1,3.0
18792,[±1.19],1,1,3.0
18793,"[±2.9],",1,1,3.0
18794,[±3.09],1,1,3.0
18795,[≥,1,1,3.0
18796,a),1,1,3.0
18797,"a),",1,1,3.0
18798,a-a,1,1,3.0
18799,a-i,1,1,3.0
18800,a-induced,1,1,3.0
18801,a/s.,1,1,3.0
18802,a2.,1,1,3.0
18803,a316t5.46,1,1,3.0
18804,a;,1,1,3.0
18805,aad.,1,1,3.0
18806,aalen-johansen,1,1,3.0
18807,aasld,1,1,3.0
18808,abandon,1,1,3.0
18809,abbreviated,1,1,3.0
18810,"abbv-295,",1,1,3.0
18811,abca1-dependent,1,1,3.0
18812,abca1-targeted,1,1,3.0
18813,abca1.,1,1,3.0
18814,abcg1-dependent,1,1,3.0
18815,abdominoplasty,1,1,3.0
18816,"abdominoplasty,",1,1,3.0
18817,aberration,1,1,3.0
18818,abilities,1,1,3.0
18819,"ablation,",1,1,3.0
18820,abolished;,1,1,3.0
18821,abolishes,1,1,3.0
18822,abom-certified,1,1,3.0
18823,"above""",1,1,3.0
18824,"abscesses,",1,1,3.0
18825,absences,1,1,3.0
18826,absent.,1,1,3.0
18827,absorbable,1,1,3.0
18828,"abstinence,",1,1,3.0
18829,"abstracts,",1,1,3.0
18830,abundances,1,1,3.0
18831,abuse,1,1,3.0
18832,academia,1,1,3.0
18833,"academia,",1,1,3.0
18834,academia.,1,1,3.0
18835,acarbose,1,1,3.0
18836,accelerating.,1,1,3.0
18837,acceleration,1,1,3.0
18838,acceleration.,1,1,3.0
18839,accept,1,1,3.0
18840,"acceptability,",1,1,3.0
18841,acceptability.,1,1,3.0
18842,"access""",1,1,3.0
18843,"accommodation,",1,1,3.0
18844,accordingly.,1,1,3.0
18845,accreditation,1,1,3.0
18846,"accumbens,",1,1,3.0
18847,accumulate,1,1,3.0
18848,"accumulate,",1,1,3.0
18849,accumulate.,1,1,3.0
18850,accumulate;,1,1,3.0
18851,accumulation).,1,1,3.0
18852,accura),1,1,3.0
18853,"accura),",1,1,3.0
18854,"accuracy,",1,1,3.0
18855,accuracy.,1,1,3.0
18856,"acdf,",1,1,3.0
18857,ace-inhibitors/angiotensin,1,1,3.0
18858,acetyl-coenzyme,1,1,3.0
18859,acetylcholine-cacl₂,1,1,3.0
18860,acetylcholine.,1,1,3.0
18861,acetylcholinesterase,1,1,3.0
18862,"ache,",1,1,3.0
18863,"achieve,",1,1,3.0
18864,achieved.,1,1,3.0
18865,"achievement,",1,1,3.0
18866,acid)),1,1,3.0
18867,acid-,1,1,3.0
18868,acid-7-sulfate,1,1,3.0
18869,acid-fermenting,1,1,3.0
18870,acid-gated,1,1,3.0
18871,acid-induced,1,1,3.0
18872,"acid-monoglycerides,",1,1,3.0
18873,acid-producing,1,1,3.0
18874,acid-sequencing,1,1,3.0
18875,acid;,1,1,3.0
18876,acidophilus,1,1,3.0
18877,acidosis,1,1,3.0
18878,"acidosis,",1,1,3.0
18879,acids/fxr-tgr5-glp-1,1,1,3.0
18880,acknowledged,1,1,3.0
18881,acknowledgment,1,1,3.0
18882,acne,1,1,3.0
18883,acp5/trap:,1,1,3.0
18884,acquainting,1,1,3.0
18885,acquired,1,1,3.0
18886,acquisition.,1,1,3.0
18887,acquity,1,1,3.0
18888,acres,1,1,3.0
18889,"acromegaly,",1,1,3.0
18890,acrylamido)propanoate,1,1,3.0
18891,act.,1,1,3.0
18892,activatespparg/pparγ,1,1,3.0
18893,activation-resulted,1,1,3.0
18894,activation;,1,1,3.0
18895,active-duty,1,1,3.0
18896,active-patient,1,1,3.0
18897,active-substance,1,1,3.0
18898,active-treatment,1,1,3.0
18899,activin,1,1,3.0
18900,activity-dependent,1,1,3.0
18901,actrn12625001011471).,1,1,3.0
18902,actual,1,1,3.0
18903,actually,1,1,3.0
18904,acuity,1,1,3.0
18905,"acuity,",1,1,3.0
18906,"acute,",1,1,3.0
18907,acvr2a-targeted,1,1,3.0
18908,acylated,1,1,3.0
18909,acylation,1,1,3.0
18910,ad),1,1,3.0
18911,ad-pd,1,1,3.0
18912,ad-related,1,1,3.0
18913,adalimumab,1,1,3.0
18914,adaptation.,1,1,3.0
18915,addictive,1,1,3.0
18916,addictive-like,1,1,3.0
18917,"additional,",1,1,3.0
18918,additively,1,1,3.0
18919,additives,1,1,3.0
18920,additivity,1,1,3.0
18921,adduct,1,1,3.0
18922,adeno-associated,1,1,3.0
18923,"adenocarcinoma,",1,1,3.0
18924,adenocarcinoma-specific,1,1,3.0
18925,adenoma/pitnet.,1,1,3.0
18926,"adenomas,",1,1,3.0
18927,adenovirus,1,1,3.0
18928,adenylyl,1,1,3.0
18929,adequacy.,1,1,3.0
18930,adherence/tolerability,1,1,3.0
18931,adherent.,1,1,3.0
18932,adherents,1,1,3.0
18933,adhesion).,1,1,3.0
18934,adhesion;,1,1,3.0
18935,adhesions,1,1,3.0
18936,"adipocytes,",1,1,3.0
18937,"adipogenesis,",1,1,3.0
18938,"adipokines,",1,1,3.0
18939,adiporenal,1,1,3.0
18940,adipose-derived,1,1,3.0
18941,adipose-directed,1,1,3.0
18942,adiposity),1,1,3.0
18943,adiposity-centered,1,1,3.0
18944,adiposity-driven,1,1,3.0
18945,adiposopathic,1,1,3.0
18946,adiposopathy,1,1,3.0
18947,adjacency:,1,1,3.0
18948,adjudicated.,1,1,3.0
18949,adjudication,1,1,3.0
18950,"adjudication,",1,1,3.0
18951,adjustable',1,1,3.0
18952,adjusted-hr-only,1,1,3.0
18953,adjuvant;,1,1,3.0
18954,adma-lowering,1,1,3.0
18955,adme,1,1,3.0
18956,administration-cleared,1,1,3.0
18957,administrations,1,1,3.0
18958,adminstration,1,1,3.0
18959,admissions.,1,1,3.0
18960,adolescence,1,1,3.0
18961,"adolescence,",1,1,3.0
18962,adolescents;,1,1,3.0
18963,adopt,1,1,3.0
18964,"adoption,",1,1,3.0
18965,adpkd.,1,1,3.0
18966,adpkd;,1,1,3.0
18967,adpn-neutralizing,1,1,3.0
18968,"adrenals,",1,1,3.0
18969,"adrenergic,",1,1,3.0
18970,adrenocorticotropic,1,1,3.0
18971,adult-based,1,1,3.0
18972,adult-onset,1,1,3.0
18973,adulthood.,1,1,3.0
18974,adults),1,1,3.0
18975,"adults),",1,1,3.0
18976,advantage.,1,1,3.0
18977,advantaged,1,1,3.0
18978,"advantages,",1,1,3.0
18979,advantages;,1,1,3.0
18980,"adverse,",1,1,3.0
18981,adverse-drug-reaction,1,1,3.0
18982,adverse-effect,1,1,3.0
18983,adversely,1,1,3.0
18984,advisable,1,1,3.0
18985,advocacy,1,1,3.0
18986,aersmine.,1,1,3.0
18987,aes;,1,1,3.0
18988,"aesthetic,",1,1,3.0
18989,aetiologies.,1,1,3.0
18990,af-related,1,1,3.0
18991,affected.,1,1,3.0
18992,affective,1,1,3.0
18993,afferents,1,1,3.0
18994,"afferents,",1,1,3.0
18995,"affinity,",1,1,3.0
18996,affinity.,1,1,3.0
18997,affirming,1,1,3.0
18998,affordability.,1,1,3.0
18999,affordable.,1,1,3.0
19000,affording,1,1,3.0
19001,aforementioned,1,1,3.0
19002,africa.,1,1,3.0
19003,"after,",1,1,3.0
19004,"afterward,",1,1,3.0
19005,again,1,1,3.0
19006,"age-,",1,1,3.0
19007,"age-at-diagnosis,",1,1,3.0
19008,age-dependent,1,1,3.0
19009,age-matched,1,1,3.0
19010,age/sex-adjusted,1,1,3.0
19011,ageing-associated,1,1,3.0
19012,ageing.,1,1,3.0
19013,"agent,",1,1,3.0
19014,agent-level,1,1,3.0
19015,agentic-friendly,1,1,3.0
19016,"agents),",1,1,3.0
19017,agents-resmetirom,1,1,3.0
19018,agglomerative,1,1,3.0
19019,aggravating,1,1,3.0
19020,aggregation-prone,1,1,3.0
19021,aggregation.,1,1,3.0
19022,aggregation;,1,1,3.0
19023,aging:,1,1,3.0
19024,aglycone,1,1,3.0
19025,ago,1,1,3.0
19026,ago.,1,1,3.0
19027,agonism-antagonism,1,1,3.0
19028,agonism.,1,1,3.0
19029,agonism/gipr,1,1,3.0
19030,agonist-bound,1,1,3.0
19031,agonist/gastric,1,1,3.0
19032,agonists/glucose-dependent,1,1,3.0
19033,agouti-related,1,1,3.0
19034,agranulocytosis,1,1,3.0
19035,agreed,1,1,3.0
19036,agreement.,1,1,3.0
19037,agreement/disagreement.,1,1,3.0
19038,"agreements,",1,1,3.0
19039,aha/acc/ada/asn,1,1,3.0
19040,ahead.,1,1,3.0
19041,ai-assisted,1,1,3.0
19042,ai-enabled,1,1,3.0
19043,ai-guided,1,1,3.0
19044,ai-specific,1,1,3.0
19045,ai/ml,1,1,3.0
19046,"aibd,",1,1,3.0
19047,aibd.,1,1,3.0
19048,"aid,",1,1,3.0
19049,aid.,1,1,3.0
19050,aids,1,1,3.0
19051,"aim,",1,1,3.0
19052,aim2:,1,1,3.0
19053,ain,1,1,3.0
19054,aion,1,1,3.0
19055,"aion,",1,1,3.0
19056,aion.,1,1,3.0
19057,airway-relevant,1,1,3.0
19058,"ais,",1,1,3.0
19059,akaike,1,1,3.0
19060,"aki-free,",1,1,3.0
19061,akk-derived,1,1,3.0
19062,"akt,",1,1,3.0
19063,akt-mtor,1,1,3.0
19064,al.,1,1,3.0
19065,"ala,",1,1,3.0
19066,alan,1,1,3.0
19067,alba,1,1,3.0
19068,"albiglutide,",1,1,3.0
19069,albino,1,1,3.0
19070,albumen,1,1,3.0
19071,albumin-binding,1,1,3.0
19072,albumin/creatinine,1,1,3.0
19073,albumin:,1,1,3.0
19074,"albuminuria),",1,1,3.0
19075,albuminuria).,1,1,3.0
19076,albuminuria;,1,1,3.0
19077,albuminuric,1,1,3.0
19078,alcohol-induced,1,1,3.0
19079,ald.,1,1,3.0
19080,"alex,",1,1,3.0
19081,algorithm.,1,1,3.0
19082,"algorithms,",1,1,3.0
19083,"alignment,",1,1,3.0
19084,alike.,1,1,3.0
19085,"alistipes,",1,1,3.0
19086,alkaloid,1,1,3.0
19087,"alkaloids,",1,1,3.0
19088,alkbh5,1,1,3.0
19089,"all,",1,1,3.0
19090,all-atom,1,1,3.0
19091,all-in-one,1,1,3.0
19092,allergic,1,1,3.0
19093,allied,1,1,3.0
19094,allodynia,1,1,3.0
19095,"alloprevotella,",1,1,3.0
19096,alogliptin,1,1,3.0
19097,alone),1,1,3.0
19098,alone).,1,1,3.0
19099,alopecia;,1,1,3.0
19100,alpha-lipoic,1,1,3.0
19101,"alpha-synuclein,",1,1,3.0
19102,"alphamissense,",1,1,3.0
19103,alpinia,1,1,3.0
19104,alt/ast.,1,1,3.0
19105,alteration,1,1,3.0
19106,alternate,1,1,3.0
19107,"alternatively,",1,1,3.0
19108,"alternatives,",1,1,3.0
19109,"although,",1,1,3.0
19110,altitudinal,1,1,3.0
19111,"altogether,",1,1,3.0
19112,alum:,1,1,3.0
19113,aluminum,1,1,3.0
19114,always,1,1,3.0
19115,am,1,1,3.0
19116,ambient,1,1,3.0
19117,ambiguous,1,1,3.0
19118,ambiguous.,1,1,3.0
19119,ambitious,1,1,3.0
19120,ame,1,1,3.0
19121,"amelioration,",1,1,3.0
19122,ameliorative,1,1,3.0
19123,americans,1,1,3.0
19124,ameroid,1,1,3.0
19125,ames,1,1,3.0
19126,amid,1,1,3.0
19127,amino),1,1,3.0
19128,amino-acid/glutathione-related,1,1,3.0
19129,amino-terminal,1,1,3.0
19130,amino],1,1,3.0
19131,"aminotransferase,",1,1,3.0
19132,amounted,1,1,3.0
19133,amounts,1,1,3.0
19134,ampk-dependent,1,1,3.0
19135,ampk-independent,1,1,3.0
19136,ampk/mtor,1,1,3.0
19137,ampk/nf-κb,1,1,3.0
19138,"ampk/sirt1,",1,1,3.0
19139,ampkα/nf-κb,1,1,3.0
19140,amplicon,1,1,3.0
19141,amplification.,1,1,3.0
19142,amplifier,1,1,3.0
19143,amplifiers,1,1,3.0
19144,"amplitude-o,",1,1,3.0
19145,amputations,1,1,3.0
19146,"amputations,",1,1,3.0
19147,amstar-2,1,1,3.0
19148,amy1r,1,1,3.0
19149,"amycretin),",1,1,3.0
19150,amylin-linked,1,1,3.0
19151,amylin/calcitonin,1,1,3.0
19152,amylin/peptide,1,1,3.0
19153,amyloid-targeting,1,1,3.0
19154,amyloidogenic,1,1,3.0
19155,"anaemia),",1,1,3.0
19156,anaesthesia.,1,1,3.0
19157,anaesthetic,1,1,3.0
19158,anaesthetist.,1,1,3.0
19159,analgesia,1,1,3.0
19160,"analgesic,",1,1,3.0
19161,analgesics.conditional,1,1,3.0
19162,"analog,",1,1,3.0
19163,analog-based,1,1,3.0
19164,"analogs,",1,1,3.0
19165,analogs.,1,1,3.0
19166,analogue]),1,1,3.0
19167,analysed:,1,1,3.0
19168,analyser,1,1,3.0
19169,analysis:,1,1,3.0
19170,analytes,1,1,3.0
19171,"analytics),",1,1,3.0
19172,analyzed:,1,1,3.0
19173,analyzing,1,1,3.0
19174,anaphylaxis,1,1,3.0
19175,anaphylaxis.,1,1,3.0
19176,"anatomical,",1,1,3.0
19177,anatomy-,1,1,3.0
19178,ancestry,1,1,3.0
19179,"anchor,",1,1,3.0
19180,anchor-validation,1,1,3.0
19181,anchored,1,1,3.0
19182,anchoring,1,1,3.0
19183,ancova,1,1,3.0
19184,and:,1,1,3.0
19185,andreducing,1,1,3.0
19186,androgenetic,1,1,3.0
19187,"androgens,",1,1,3.0
19188,anecdotal),1,1,3.0
19189,anecdotally,1,1,3.0
19190,anecdotes.,1,1,3.0
19191,"anesthesia,",1,1,3.0
19192,"anesthesiologist,",1,1,3.0
19193,anesthesiologists,1,1,3.0
19194,anesthesiology,1,1,3.0
19195,aneurysm,1,1,3.0
19196,angiotensin-converting,1,1,3.0
19197,"angptl3,",1,1,3.0
19198,anhedonia,1,1,3.0
19199,"animal,",1,1,3.0
19200,animal-derived,1,1,3.0
19201,animal-to-human,1,1,3.0
19202,anisotropic,1,1,3.0
19203,annotate,1,1,3.0
19204,annotated,1,1,3.0
19205,annotated.,1,1,3.0
19206,"announcement,",1,1,3.0
19207,announcement;,1,1,3.0
19208,annulated,1,1,3.0
19209,annum.,1,1,3.0
19210,anomalies,1,1,3.0
19211,anonymised,1,1,3.0
19212,anorectic,1,1,3.0
19213,anova:,1,1,3.0
19214,answer,1,1,3.0
19215,"antagonist,",1,1,3.0
19216,antagonists),1,1,3.0
19217,"antagonists),",1,1,3.0
19218,antagonize,1,1,3.0
19219,anthocyanin-containing,1,1,3.0
19220,"anthropometric,",1,1,3.0
19221,anti-acvr2a,1,1,3.0
19222,anti-addictive,1,1,3.0
19223,anti-amylin,1,1,3.0
19224,"anti-androgens,",1,1,3.0
19225,anti-arrhythmic,1,1,3.0
19226,anti-basement,1,1,3.0
19227,"anti-ferroptosis,",1,1,3.0
19228,anti-ferroptotic,1,1,3.0
19229,anti-hyperglycemic,1,1,3.0
19230,"anti-hypertensive,",1,1,3.0
19231,anti-inflammation,1,1,3.0
19232,anti-kickback,1,1,3.0
19233,anti-nociceptive,1,1,3.0
19234,anti-obesogenic,1,1,3.0
19235,anti-oxidative,1,1,3.0
19236,anti-pulmonary,1,1,3.0
19237,anti-stigma,1,1,3.0
19238,anti-tslp,1,1,3.0
19239,antiaging,1,1,3.0
19240,antiandrogen,1,1,3.0
19241,"antiapoptotic,",1,1,3.0
19242,antiatherosclerotic,1,1,3.0
19243,"antibiotic,",1,1,3.0
19244,antibodies.,1,1,3.0
19245,antibody,1,1,3.0
19246,antibody-positive,1,1,3.0
19247,anticipate,1,1,3.0
19248,anticoagulation,1,1,3.0
19249,antidementia,1,1,3.0
19250,"antidepressants,",1,1,3.0
19251,antidiuretic,1,1,3.0
19252,antiepileptic,1,1,3.0
19253,"antiepileptics,",1,1,3.0
19254,antiepileptogenesis.,1,1,3.0
19255,antigravity,1,1,3.0
19256,antihyperglycemics,1,1,3.0
19257,antiinflammatory,1,1,3.0
19258,antimicrobial,1,1,3.0
19259,antimigraine,1,1,3.0
19260,antimycin,1,1,3.0
19261,antineoplastic,1,1,3.0
19262,"antineoplastic,",1,1,3.0
19263,antinociception.,1,1,3.0
19264,"antinociceptive,",1,1,3.0
19265,antioxid.,1,1,3.0
19266,"antioxidant,",1,1,3.0
19267,antioxidants,1,1,3.0
19268,"antioxidants,",1,1,3.0
19269,antiparkinsonian,1,1,3.0
19270,"antiplatelet,",1,1,3.0
19271,"antipsychotics,",1,1,3.0
19272,antiretrovirals.,1,1,3.0
19273,antithyroid,1,1,3.0
19274,anxiety-related,1,1,3.0
19275,anxiety.,1,1,3.0
19276,aom.,1,1,3.0
19277,aoms),1,1,3.0
19278,aoms.,1,1,3.0
19279,apelin,1,1,3.0
19280,aphasia,1,1,3.0
19281,apical,1,1,3.0
19282,"apigenin,",1,1,3.0
19283,apnea-specific,1,1,3.0
19284,"apnoea),",1,1,3.0
19285,"apnoea,",1,1,3.0
19286,"apob,",1,1,3.0
19287,"apoc-iii,",1,1,3.0
19288,apoptosis-associated,1,1,3.0
19289,apoptosis-resistant,1,1,3.0
19290,apoptosis.,1,1,3.0
19291,apparently,1,1,3.0
19292,appearance,1,1,3.0
19293,appendicular,1,1,3.0
19294,appendix,1,1,3.0
19295,appetite-,1,1,3.0
19296,"appetite-related,",1,1,3.0
19297,apple;,1,1,3.0
19298,application;,1,1,3.0
19299,"applied,",1,1,3.0
19300,apply,1,1,3.0
19301,appointment.,1,1,3.0
19302,appointments,1,1,3.0
19303,"appraisal,",1,1,3.0
19304,appraised,1,1,3.0
19305,appraised.,1,1,3.0
19306,appreciation,1,1,3.0
19307,apprehension,1,1,3.0
19308,approach-avoidance,1,1,3.0
19309,approach;,1,1,3.0
19310,approaches),1,1,3.0
19311,approaches-highlight,1,1,3.0
19312,approaching,1,1,3.0
19313,appropriately-selected,1,1,3.0
19314,appropriateness.,1,1,3.0
19315,approved.,1,1,3.0
19316,approximate,1,1,3.0
19317,"apps,",1,1,3.0
19318,"apremilast,",1,1,3.0
19319,aqp4,1,1,3.0
19320,aquaporin-4,1,1,3.0
19321,arabinoxylan,1,1,3.0
19322,arbor,1,1,3.0
19323,"architecture,",1,1,3.0
19324,architecture:,1,1,3.0
19325,architectures.,1,1,3.0
19326,arcuate,1,1,3.0
19327,"ard,",1,1,3.0
19328,"are,",1,1,3.0
19329,"areas,",1,1,3.0
19330,arg1,1,1,3.0
19331,argon,1,1,3.0
19332,"argue,",1,1,3.0
19333,arguing,1,1,3.0
19334,argumentation,1,1,3.0
19335,arguments,1,1,3.0
19336,aries,1,1,3.0
19337,arisen,1,1,3.0
19338,arksey,1,1,3.0
19339,arm-specific,1,1,3.0
19340,arm.,1,1,3.0
19341,arms.regarding,1,1,3.0
19342,"arni,",1,1,3.0
19343,aronchick,1,1,3.0
19344,"arousal,",1,1,3.0
19345,arr,1,1,3.0
19346,arrangements,1,1,3.0
19347,arrays,1,1,3.0
19348,arrhythmias,1,1,3.0
19349,arrhythmias.,1,1,3.0
19350,"arrhythmic,",1,1,3.0
19351,arteries.emerging,1,1,3.0
19352,"arteritic,",1,1,3.0
19353,arthrodesis,1,1,3.0
19354,"arthrodesis,",1,1,3.0
19355,arthropathies,1,1,3.0
19356,arthroplasties,1,1,3.0
19357,arthroplasty:,1,1,3.0
19358,"artichokes,",1,1,3.0
19359,articular,1,1,3.0
19360,articulates,1,1,3.0
19361,as-treated,1,1,3.0
19362,as:,1,1,3.0
19363,asan,1,1,3.0
19364,"asbt,",1,1,3.0
19365,ascertainment,1,1,3.0
19366,"ascites,",1,1,3.0
19367,ascvd-specific,1,1,3.0
19368,asia.,1,1,3.0
19369,asia;,1,1,3.0
19370,asians,1,1,3.0
19371,asians.,1,1,3.0
19372,asn,1,1,3.0
19373,aspart,1,1,3.0
19374,aspirate,1,1,3.0
19375,"aspirational,",1,1,3.0
19376,asq,1,1,3.0
19377,assay's,1,1,3.0
19378,"assay,",1,1,3.0
19379,assay;,1,1,3.0
19380,assess.,1,1,3.0
19381,assessable,1,1,3.0
19382,"assessed,",1,1,3.0
19383,assessed:,1,1,3.0
19384,assessment.level,1,1,3.0
19385,assessment;,1,1,3.0
19386,assessor,1,1,3.0
19387,assessor-blinded,1,1,3.0
19388,"assessors,",1,1,3.0
19389,"assigned,",1,1,3.0
19390,assisted-reproduction,1,1,3.0
19391,"associated,",1,1,3.0
19392,associating,1,1,3.0
19393,association;,1,1,3.0
19394,associational,1,1,3.0
19395,associations:,1,1,3.0
19396,"associative,",1,1,3.0
19397,associative.,1,1,3.0
19398,assume,1,1,3.0
19399,assumption,1,1,3.0
19400,assumption.,1,1,3.0
19401,assumptions;,1,1,3.0
19402,assurance,1,1,3.0
19403,"ast,",1,1,3.0
19404,ast/alt,1,1,3.0
19405,astaxanthin,1,1,3.0
19406,asthma-related,1,1,3.0
19407,asthma.,1,1,3.0
19408,astrocyte-autonomous,1,1,3.0
19409,astrocyte-derived,1,1,3.0
19410,astrocyte-enriched,1,1,3.0
19411,astrocyte-specific,1,1,3.0
19412,astrocyte-to-neuron,1,1,3.0
19413,"astrocytes,",1,1,3.0
19414,"astrocytopathy,",1,1,3.0
19415,astroglial,1,1,3.0
19416,astronauts.,1,1,3.0
19417,asx's,1,1,3.0
19418,atc-a10,1,1,3.0
19419,atc-coded,1,1,3.0
19420,atf6,1,1,3.0
19421,"atf6,",1,1,3.0
19422,"athletes,",1,1,3.0
19423,athletes.,1,1,3.0
19424,athletic,1,1,3.0
19425,atlas,1,1,3.0
19426,atonia,1,1,3.0
19427,"atorvastatin,",1,1,3.0
19428,atorvastatin.,1,1,3.0
19429,atp:,1,1,3.0
19430,atpase,1,1,3.0
19431,atr,1,1,3.0
19432,"atr,",1,1,3.0
19433,"atraumatic,",1,1,3.0
19434,atrium,1,1,3.0
19435,atrogenes.,1,1,3.0
19436,attain,1,1,3.0
19437,"attain-1,",1,1,3.0
19438,attain-1:,1,1,3.0
19439,"attain-2,",1,1,3.0
19440,attain-2:,1,1,3.0
19441,attaining,1,1,3.0
19442,attainment,1,1,3.0
19443,"attainment,",1,1,3.0
19444,attempt).,1,1,3.0
19445,"attempts,",1,1,3.0
19446,attend,1,1,3.0
19447,attendant,1,1,3.0
19448,"attention,",1,1,3.0
19449,attitude,1,1,3.0
19450,attitude.,1,1,3.0
19451,attraction,1,1,3.0
19452,attractions,1,1,3.0
19453,attractiveness,1,1,3.0
19454,attributes/levels,1,1,3.0
19455,attribution.methodsa,1,1,3.0
19456,attrited,1,1,3.0
19457,attrition,1,1,3.0
19458,atypica-mediated,1,1,3.0
19459,auc0-t,1,1,3.0
19460,"auc0-t,",1,1,3.0
19461,aucs,1,1,3.0
19462,aud;,1,1,3.0
19463,audit-c,1,1,3.0
19464,auditory,1,1,3.0
19465,aug,1,1,3.0
19466,"augment,",1,1,3.0
19467,augmentation.,1,1,3.0
19468,aurum.,1,1,3.0
19469,australia's,1,1,3.0
19470,australia.,1,1,3.0
19471,australian,1,1,3.0
19472,author,1,1,3.0
19473,author's,1,1,3.0
19474,"author-developed,",1,1,3.0
19475,author.,1,1,3.0
19476,"authority,",1,1,3.0
19477,"authorization,",1,1,3.0
19478,authorizations.,1,1,3.0
19479,authors.,1,1,3.0
19480,authors;,1,1,3.0
19481,authorship,1,1,3.0
19482,autoantibodies,1,1,3.0
19483,autoantibodies.,1,1,3.0
19484,autodock,1,1,3.0
19485,"autofluorescence,",1,1,3.0
19486,autonomously,1,1,3.0
19487,autonomy,1,1,3.0
19488,"autophagic,",1,1,3.0
19489,autophagosome,1,1,3.0
19490,autophagy-lysosomal,1,1,3.0
19491,autophagy-related,1,1,3.0
19492,"autophony,",1,1,3.0
19493,autophony.,1,1,3.0
19494,autosomal,1,1,3.0
19495,"availability,",1,1,3.0
19496,avalanche,1,1,3.0
19497,"avenciguat,",1,1,3.0
19498,avenue.,1,1,3.0
19499,avenues.,1,1,3.0
19500,averaged,1,1,3.0
19501,aversion),1,1,3.0
19502,aversion.,1,1,3.0
19503,"avexitide,",1,1,3.0
19504,aviitam,1,1,3.0
19505,avoided.,1,1,3.0
19506,avoiding,1,1,3.0
19507,await,1,1,3.0
19508,awaited.,1,1,3.0
19509,awareness.,1,1,3.0
19510,away,1,1,3.0
19511,away.,1,1,3.0
19512,"ax,",1,1,3.0
19513,axes:,1,1,3.0
19514,"axis""",1,1,3.0
19515,"axis"",",1,1,3.0
19516,axis',1,1,3.0
19517,axis-are,1,1,3.0
19518,axis-time-restricted,1,1,3.0
19519,"axons,",1,1,3.0
19520,ayushman,1,1,3.0
19521,"azd6234,",1,1,3.0
19522,"aβ,",1,1,3.0
19523,aβ-pet,1,1,3.0
19524,"aβ40,",1,1,3.0
19525,aβ42,1,1,3.0
19526,b),1,1,3.0
19527,b-a,1,1,3.0
19528,b-expressing,1,1,3.0
19529,b.,1,1,3.0
19530,b100-containing,1,1,3.0
19531,"b2,",1,1,3.0
19532,b48-containing,1,1,3.0
19533,b6,1,1,3.0
19534,b6/ob,1,1,3.0
19535,ba-fxr/tgr5,1,1,3.0
19536,ba-transforming,1,1,3.0
19537,background-by-challenge,1,1,3.0
19538,background;,1,1,3.0
19539,backgroundadults,1,1,3.0
19540,backgroundlimited,1,1,3.0
19541,backgrounds,1,1,3.0
19542,backing,1,1,3.0
19543,backup,1,1,3.0
19544,backward,1,1,3.0
19545,"bacteria,",1,1,3.0
19546,bacteriome-virome,1,1,3.0
19547,bacteroidaceae,1,1,3.0
19548,"bacteroides,",1,1,3.0
19549,bacteroides;,1,1,3.0
19550,"bacteroidetes,",1,1,3.0
19551,"balanced,",1,1,3.0
19552,balanced-looking,1,1,3.0
19553,balanced.,1,1,3.0
19554,balloon,1,1,3.0
19555,balloons,1,1,3.0
19556,bardet-biedl,1,1,3.0
19557,bardoxolone,1,1,3.0
19558,"bardoxolone,",1,1,3.0
19559,"baricitinib,",1,1,3.0
19560,baron-kenny,1,1,3.0
19561,barrier-protective,1,1,3.0
19562,barring,1,1,3.0
19563,basal:,1,1,3.0
19564,"base,",1,1,3.0
19565,"baseline),",1,1,3.0
19566,"baseline-measurements,",1,1,3.0
19567,baseline:,1,1,3.0
19568,"basis,",1,1,3.0
19569,basis.,1,1,3.0
19570,batch,1,1,3.0
19571,"baxdrostat,",1,1,3.0
19572,bb),1,1,3.0
19573,"bbb,",1,1,3.0
19574,bbb-penetrant,1,1,3.0
19575,bbb.,1,1,3.0
19576,bbs,1,1,3.0
19577,"bbs,",1,1,3.0
19578,bbs10,1,1,3.0
19579,bbs10-likely,1,1,3.0
19580,bc.,1,1,3.0
19581,bca.,1,1,3.0
19582,bcrp,1,1,3.0
19583,"bcrp,",1,1,3.0
19584,bdnf-defined,1,1,3.0
19585,bdnf-sensitive,1,1,3.0
19586,bdnf-trkb,1,1,3.0
19587,be-informed,1,1,3.0
19588,bear,1,1,3.0
19589,beats,1,1,3.0
19590,beauchamp,1,1,3.0
19591,becomes,1,1,3.0
19592,beds.,1,1,3.0
19593,beforehand,1,1,3.0
19594,begg's,1,1,3.0
19595,begin,1,1,3.0
19596,begins,1,1,3.0
19597,beh,1,1,3.0
19598,behaves,1,1,3.0
19599,behavior-ending,1,1,3.0
19600,behavioral-scale,1,1,3.0
19601,behaviorally,1,1,3.0
19602,"behaviour,",1,1,3.0
19603,behaviour.,1,1,3.0
19604,"behaviours,",1,1,3.0
19605,behind,1,1,3.0
19606,beige,1,1,3.0
19607,"beiging,",1,1,3.0
19608,belief,1,1,3.0
19609,beliefs,1,1,3.0
19610,beliefs/attitudes,1,1,3.0
19611,bempedoic,1,1,3.0
19612,benchmarked,1,1,3.0
19613,benchmarking,1,1,3.0
19614,"benchmarks,",1,1,3.0
19615,bending,1,1,3.0
19616,beneficence,1,1,3.0
19617,"beneficial,",1,1,3.0
19618,beneficial.,1,1,3.0
19619,beneficially,1,1,3.0
19620,beneficiary,1,1,3.0
19621,benefit-harm,1,1,3.0
19622,"benefit-stratification,",1,1,3.0
19623,benefits;,1,1,3.0
19624,benzoate,1,1,3.0
19625,benzoyl,1,1,3.0
19626,berberis,1,1,3.0
19627,besides,1,1,3.0
19628,best-studied,1,1,3.0
19629,bestmed,1,1,3.0
19630,beta),1,1,3.0
19631,beta-agonist,1,1,3.0
19632,beta-aminopropionitrile,1,1,3.0
19633,"beta-blockers,",1,1,3.0
19634,"beta-cells,",1,1,3.0
19635,beta-hydroxybutyrate,1,1,3.0
19636,beta-lactam,1,1,3.0
19637,"beta-oxidation,",1,1,3.0
19638,beta;,1,1,3.0
19639,better-preserved,1,1,3.0
19640,between-condition,1,1,3.0
19641,between-drug,1,1,3.0
19642,between-participant,1,1,3.0
19643,between-subgroup,1,1,3.0
19644,bfi,1,1,3.0
19645,"bfi,",1,1,3.0
19646,bharat,1,1,3.0
19647,bias),1,1,3.0
19648,bias-effect,1,1,3.0
19649,bias;,1,1,3.0
19650,biases.,1,1,3.0
19651,bibliographic,1,1,3.0
19652,bibliographies,1,1,3.0
19653,"bibliometrix,",1,1,3.0
19654,bihor.,1,1,3.0
19655,"biib122,",1,1,3.0
19656,bilateral,1,1,3.0
19657,bilaterally.,1,1,3.0
19658,"bilayer,",1,1,3.0
19659,"bile-tolerant,",1,1,3.0
19660,"biliary),",1,1,3.0
19661,biliary-related,1,1,3.0
19662,bilibili's,1,1,3.0
19663,bilibili),1,1,3.0
19664,bilibili.,1,1,3.0
19665,bilibili;,1,1,3.0
19666,biliopancreatic,1,1,3.0
19667,"bilirubin,",1,1,3.0
19668,billed,1,1,3.0
19669,billion-dollar,1,1,3.0
19670,billion.,1,1,3.0
19671,"bimekizumab,",1,1,3.0
19672,bimonthly,1,1,3.0
19673,"binding,",1,1,3.0
19674,binge-eating,1,1,3.0
19675,binomial-normal,1,1,3.0
19676,bio-factories.,1,1,3.0
19677,"bioaccumulation,",1,1,3.0
19678,bioactivity.,1,1,3.0
19679,"bioavailable,",1,1,3.0
19680,"biobank,",1,1,3.0
19681,biobank.,1,1,3.0
19682,biocompatibility,1,1,3.0
19683,biocompatible,1,1,3.0
19684,biodistribution.,1,1,3.0
19685,bioelectromagnetics,1,1,3.0
19686,bioelectromagnetics.,1,1,3.0
19687,bioequivalent,1,1,3.0
19688,bioethical,1,1,3.0
19689,biofilm,1,1,3.0
19690,"biologic,",1,1,3.0
19691,biologics.,1,1,3.0
19692,biology-guided,1,1,3.0
19693,"biomarker,",1,1,3.0
19694,"biomarker-based,",1,1,3.0
19695,biomarker-defined,1,1,3.0
19696,biomarker-driven,1,1,3.0
19697,biomarker.,1,1,3.0
19698,biomedical,1,1,3.0
19699,"biopharmaceuticals,",1,1,3.0
19700,biophysical,1,1,3.0
19701,"biophysical,",1,1,3.0
19702,biopsies,1,1,3.0
19703,"biopsies,",1,1,3.0
19704,biopsy-proven,1,1,3.0
19705,bioresources.,1,1,3.0
19706,biosafe,1,1,3.0
19707,biosciences,1,1,3.0
19708,biosimilars,1,1,3.0
19709,"biosimilars,",1,1,3.0
19710,biosynthesis,1,1,3.0
19711,bip.,1,1,3.0
19712,"birth,",1,1,3.0
19713,bisdemethoxycurcumin,1,1,3.0
19714,"bispebjerg,",1,1,3.0
19715,bistable,1,1,3.0
19716,bisulfite,1,1,3.0
19717,bivalent,1,1,3.0
19718,bivariate,1,1,3.0
19719,black),1,1,3.0
19720,"black,",1,1,3.0
19721,black-box,1,1,3.0
19722,"blackcurrant,",1,1,3.0
19723,blackcurrants,1,1,3.0
19724,bladder,1,1,3.0
19725,"bladder,",1,1,3.0
19726,blanket,1,1,3.0
19727,blanking,1,1,3.0
19728,"blautia,",1,1,3.0
19729,blend,1,1,3.0
19730,blepharitis,1,1,3.0
19731,"blepharitis,",1,1,3.0
19732,"blinded,",1,1,3.0
19733,blinding,1,1,3.0
19734,"blindness,",1,1,3.0
19735,blistering,1,1,3.0
19736,bloating/distension,1,1,3.0
19737,block,1,1,3.0
19738,blockbuster,1,1,3.0
19739,"blood,",1,1,3.0
19740,blood-based,1,1,3.0
19741,blood-pressure,1,1,3.0
19742,blood-pressure-centred,1,1,3.0
19743,blurred,1,1,3.0
19744,bmc,1,1,3.0
19745,"bmd,",1,1,3.0
19746,bmd.,1,1,3.0
19747,bmdm:,1,1,3.0
19748,bmi).,1,1,3.0
19749,bmi-,1,1,3.0
19750,bmi-centric,1,1,3.0
19751,bmi-matched,1,1,3.0
19752,"bmi-mediated,",1,1,3.0
19753,bmi;,1,1,3.0
19754,"bmis,",1,1,3.0
19755,bmj,1,1,3.0
19756,bmsc,1,1,3.0
19757,bo,1,1,3.0
19758,bo),1,1,3.0
19759,board-approved,1,1,3.0
19760,board-certified,1,1,3.0
19761,"bodies,",1,1,3.0
19762,bodies.,1,1,3.0
19763,body-contouring,1,1,3.0
19764,boehringer,1,1,3.0
19765,"bofanglutide,",1,1,3.0
19766,boltz-2,1,1,3.0
19767,bolus.,1,1,3.0
19768,bolus:,1,1,3.0
19769,"bond,",1,1,3.0
19770,bone-,1,1,3.0
19771,bone-derived,1,1,3.0
19772,"bone-derived,",1,1,3.0
19773,bone-modulating,1,1,3.0
19774,"bone-related,",1,1,3.0
19775,"bones,",1,1,3.0
19776,bonferroni-corrected,1,1,3.0
19777,boolean,1,1,3.0
19778,boost,1,1,3.0
19779,"boosters,",1,1,3.0
19780,boosting,1,1,3.0
19781,"borderline,",1,1,3.0
19782,bothersome.,1,1,3.0
19783,"bottlenecks,",1,1,3.0
19784,botulinum,1,1,3.0
19785,"boundaries,",1,1,3.0
19786,bounded,1,1,3.0
19787,box,1,1,3.0
19788,bp.,1,1,3.0
19789,bpm,1,1,3.0
19790,"bpm,",1,1,3.0
19791,bradford,1,1,3.0
19792,brain's,1,1,3.0
19793,"brain,""",1,1,3.0
19794,brain-enrichment,1,1,3.0
19795,brain-liver,1,1,3.0
19796,brain-selective,1,1,3.0
19797,"brainstem,",1,1,3.0
19798,brakes),1,1,3.0
19799,branched-chain,1,1,3.0
19800,branching,1,1,3.0
19801,brand,1,1,3.0
19802,branding,1,1,3.0
19803,brazil,1,1,3.0
19804,brazil.,1,1,3.0
19805,"brca1,",1,1,3.0
19806,brdu-,1,1,3.0
19807,breadth,1,1,3.0
19808,break,1,1,3.0
19809,"breakdown,",1,1,3.0
19810,breakdown.,1,1,3.0
19811,breakfast,1,1,3.0
19812,breakfast.,1,1,3.0
19813,"breakthroughs,",1,1,3.0
19814,"breast,",1,1,3.0
19815,breastfeeding,1,1,3.0
19816,breastfeeding-compatible,1,1,3.0
19817,breath,1,1,3.0
19818,breath.,1,1,3.0
19819,"breathing,",1,1,3.0
19820,breathing.,1,1,3.0
19821,breathing;,1,1,3.0
19822,bred,1,1,3.0
19823,"bridges,",1,1,3.0
19824,brief,1,1,3.0
19825,"brightness,",1,1,3.0
19826,bring-up,1,1,3.0
19827,brings,1,1,3.0
19828,british,1,1,3.0
19829,broad),1,1,3.0
19830,broad-criterion,1,1,3.0
19831,broad-spectrum,1,1,3.0
19832,broadening,1,1,3.0
19833,"broadly,",1,1,3.0
19834,bronchial,1,1,3.0
19835,bronchoalveolar,1,1,3.0
19836,browning,1,1,3.0
19837,"brs,",1,1,3.0
19838,"bs,",1,1,3.0
19839,"bshs,",1,1,3.0
19840,budgetary,1,1,3.0
19841,buffer,1,1,3.0
19842,build,1,1,3.0
19843,built,1,1,3.0
19844,built-in,1,1,3.0
19845,bulimia,1,1,3.0
19846,bulk,1,1,3.0
19847,bulky,1,1,3.0
19848,bullous,1,1,3.0
19849,"buprenorphine,",1,1,3.0
19850,bupropion,1,1,3.0
19851,"bupropion,",1,1,3.0
19852,burden:,1,1,3.0
19853,burdens,1,1,3.0
19854,burdensome,1,1,3.0
19855,bursts.,1,1,3.0
19856,"but,",1,1,3.0
19857,butyrate),1,1,3.0
19858,butyricum,1,1,3.0
19859,bv:tv:,1,1,3.0
19860,by-products,1,1,3.0
19861,"bypass,",1,1,3.0
19862,byproducts,1,1,3.0
19863,bystander,1,1,3.0
19864,"c&m),",1,1,3.0
19865,c),1,1,3.0
19866,c-176,1,1,3.0
19867,c-h,1,1,3.0
19868,c-iii/lipoprotein,1,1,3.0
19869,c-terminal,1,1,3.0
19870,c-β,1,1,3.0
19871,c/ebpα,1,1,3.0
19872,c18,1,1,3.0
19873,c25),1,1,3.0
19874,c57bl/6n,1,1,3.0
19875,"c64,",1,1,3.0
19876,c65).,1,1,3.0
19877,c__clostridia,1,1,3.0
19878,"c__clostridia,",1,1,3.0
19879,"ca,",1,1,3.0
19880,ca.,1,1,3.0
19881,ca2,1,1,3.0
19882,"ca2+,",1,1,3.0
19883,ca2+-atpase,1,1,3.0
19884,ca2+-energy,1,1,3.0
19885,ca2+-handling,1,1,3.0
19886,"cabg,",1,1,3.0
19887,cabg.,1,1,3.0
19888,cac,1,1,3.0
19889,cachexia,1,1,3.0
19890,"cachexia,",1,1,3.0
19891,caco-2/ht-29,1,1,3.0
19892,caco-2/ht-29-mtx-e12,1,1,3.0
19893,caco-2/thp-1,1,1,3.0
19894,cadence,1,1,3.0
19895,"caecicola,",1,1,3.0
19896,"caffeine,",1,1,3.0
19897,"cag-ppara,-egfp",1,1,3.0
19898,"cagrisema,",1,1,3.0
19899,"cairo,",1,1,3.0
19900,cajal,1,1,3.0
19901,calcification,1,1,3.0
19902,"calcification,",1,1,3.0
19903,calcified,1,1,3.0
19904,calcium-sensing,1,1,3.0
19905,calculation,1,1,3.0
19906,"calculations,",1,1,3.0
19907,calculators,1,1,3.0
19908,calculous,1,1,3.0
19909,calibrations,1,1,3.0
19910,calinski-harabasz,1,1,3.0
19911,"calinski-harabasz,",1,1,3.0
19912,caliper,1,1,3.0
19913,callers,1,1,3.0
19914,calorie-controlled,1,1,3.0
19915,calprotectin.,1,1,3.0
19916,calvarial,1,1,3.0
19917,cam,1,1,3.0
19918,camkk/camkiv/preb,1,1,3.0
19919,camkk/camkiv/preb-dependent,1,1,3.0
19920,camp-centered,1,1,3.0
19921,camp-dependent,1,1,3.0
19922,camp-response,1,1,3.0
19923,cams,1,1,3.0
19924,"canadensis,",1,1,3.0
19925,canagliflozin,1,1,3.0
19926,"canagliflozin,",1,1,3.0
19927,cancer's,1,1,3.0
19928,cancer).,1,1,3.0
19929,cancer-naïve,1,1,3.0
19930,cancer-treatment,1,1,3.0
19931,candidacy,1,1,3.0
19932,"candidacy,",1,1,3.0
19933,candidacy.,1,1,3.0
19934,candidate-population,1,1,3.0
19935,candidate.,1,1,3.0
19936,candidates-marks,1,1,3.0
19937,candidates.,1,1,3.0
19938,cannabidiol,1,1,3.0
19939,"cannabinoid,",1,1,3.0
19940,cap,1,1,3.0
19941,"capabilities,",1,1,3.0
19942,capacity.conclusionsthe,1,1,3.0
19943,capillaritis,1,1,3.0
19944,capillary,1,1,3.0
19945,capita,1,1,3.0
19946,capitated,1,1,3.0
19947,capnography,1,1,3.0
19948,"caprylic,",1,1,3.0
19949,caps,1,1,3.0
19950,"capsaicin,",1,1,3.0
19951,capsule,1,1,3.0
19952,capsule.,1,1,3.0
19953,capture/previous,1,1,3.0
19954,"captured,",1,1,3.0
19955,car-t,1,1,3.0
19956,carbohydrate-digesting,1,1,3.0
19957,carbohydrate-fermentative,1,1,3.0
19958,carbohydrate-fermenting,1,1,3.0
19959,carbohydrate-insulin,1,1,3.0
19960,carbohydrate-rich,1,1,3.0
19961,carbohydrate-with-fat,1,1,3.0
19962,carbohydrate-with-fibre,1,1,3.0
19963,carboxy-terminal,1,1,3.0
19964,carboxylation),1,1,3.0
19965,carcass,1,1,3.0
19966,carcinogenic,1,1,3.0
19967,"carcinogenic,",1,1,3.0
19968,carcinogens,1,1,3.0
19969,cardamic,1,1,3.0
19970,cardio-renal-hepatic,1,1,3.0
19971,cardio-reno-hepato-metabolic,1,1,3.0
19972,cardiohepatorenal,1,1,3.0
19973,cardiokidney,1,1,3.0
19974,cardiolink-15,1,1,3.0
19975,cardiolipin,1,1,3.0
19976,cardiologists,1,1,3.0
19977,cardiologists',1,1,3.0
19978,"cardiology,",1,1,3.0
19979,"cardiomyocytes,",1,1,3.0
19980,"cardiomyopathy,",1,1,3.0
19981,cardioprotection,1,1,3.0
19982,cardioprotection.,1,1,3.0
19983,"cardiorenal,",1,1,3.0
19984,cardiorenal-fibrotic,1,1,3.0
19985,cardiorenal-risk,1,1,3.0
19986,cardiorenometabolic,1,1,3.0
19987,cardiorenoprotective,1,1,3.0
19988,"cardiotoxicity,",1,1,3.0
19989,cardiovascular-metabolic,1,1,3.0
19990,cardiovascular-outcome,1,1,3.0
19991,cardiovascular-renal,1,1,3.0
19992,cardiovascular-specific,1,1,3.0
19993,"cardioversion,",1,1,3.0
19994,cardioversion.,1,1,3.0
19995,cards,1,1,3.0
19996,care's,1,1,3.0
19997,care),1,1,3.0
19998,care).,1,1,3.0
19999,cargo,1,1,3.0
20000,cargo-aware,1,1,3.0
20001,cargo-specific,1,1,3.0
20002,cargo.,1,1,3.0
20003,caring,1,1,3.0
20004,cariogenic,1,1,3.0
20005,carlo,1,1,3.0
20006,carnitine,1,1,3.0
20007,carrierfamily,1,1,3.0
20008,carriers,1,1,3.0
20009,"cartilage,",1,1,3.0
20010,carvacrol),1,1,3.0
20011,case-based,1,1,3.0
20012,case-control),1,1,3.0
20013,casein,1,1,3.0
20014,casp3,1,1,3.0
20015,casp3.,1,1,3.0
20016,cast,1,1,3.0
20017,catalase,1,1,3.0
20018,catalogue,1,1,3.0
20019,cataloguing,1,1,3.0
20020,catalyzed,1,1,3.0
20021,cataracts.,1,1,3.0
20022,"catechins,",1,1,3.0
20023,catechol/gallol-mediated,1,1,3.0
20024,"categorically,",1,1,3.0
20025,"categories-amyloid,",1,1,3.0
20026,categories.,1,1,3.0
20027,categorize,1,1,3.0
20028,"category,",1,1,3.0
20029,catheterization-confirmed,1,1,3.0
20030,cationic,1,1,3.0
20031,"cations,",1,1,3.0
20032,causally,1,1,3.0
20033,"cause,",1,1,3.0
20034,cause-effect,1,1,3.0
20035,"causes,",1,1,3.0
20036,causes:,1,1,3.0
20037,caution.,1,1,3.0
20038,cautionary,1,1,3.0
20039,caveolae/lipid-mediated,1,1,3.0
20040,caveolin-1-β-catenin,1,1,3.0
20041,"cavi,",1,1,3.0
20042,ca²⁺,1,1,3.0
20043,cb1r,1,1,3.0
20044,cbm),1,1,3.0
20045,cc-401,1,1,3.0
20046,"cc-401,",1,1,3.0
20047,cca,1,1,3.0
20048,ccaat/enhancer-binding,1,1,3.0
20049,cci,1,1,3.0
20050,cck,1,1,3.0
20051,"cck,",1,1,3.0
20052,ccm,1,1,3.0
20053,"ccr2+,trem2+,and",1,1,3.0
20054,ccs.,1,1,3.0
20055,ccs/stable,1,1,3.0
20056,cd11b+,1,1,3.0
20057,cd206,1,1,3.0
20058,"cd206+cd68+,are",1,1,3.0
20059,cd38,1,1,3.0
20060,cd4+cd25+,1,1,3.0
20061,cd8+,1,1,3.0
20062,cdca),1,1,3.0
20063,"cea),",1,1,3.0
20064,"cecal,",1,1,3.0
20065,cect,1,1,3.0
20066,cell's,1,1,3.0
20067,cell-,1,1,3.0
20068,cell-death,1,1,3.0
20069,cell-intrinsic,1,1,3.0
20070,cell-type-specific,1,1,3.0
20071,cell.,1,1,3.0
20072,cells).,1,1,3.0
20073,"cellular,",1,1,3.0
20074,cellularity,1,1,3.0
20075,"cellulitis,",1,1,3.0
20076,cellulose-based,1,1,3.0
20077,"censored,",1,1,3.0
20078,"censoring,",1,1,3.0
20079,censoring.,1,1,3.0
20080,center's,1,1,3.0
20081,center-specific,1,1,3.0
20082,centerpiece,1,1,3.0
20083,"centers,",1,1,3.0
20084,central-peripheral,1,1,3.0
20085,centrally,1,1,3.0
20086,"centres,",1,1,3.0
20087,centres.,1,1,3.0
20088,cephalic,1,1,3.0
20089,cephalic-phase,1,1,3.0
20090,ceramide-associated,1,1,3.0
20091,"ceramides,",1,1,3.0
20092,"cerebellum,",1,1,3.0
20093,cerebrospinal,1,1,3.0
20094,"cerebrovascular,",1,1,3.0
20095,cerevisiae,1,1,3.0
20096,certainty);,1,1,3.0
20097,"certainty,",1,1,3.0
20098,certainty.,1,1,3.0
20099,certification,1,1,3.0
20100,certolizumab,1,1,3.0
20101,cesarean,1,1,3.0
20102,cessation-provide,1,1,3.0
20103,cetyl,1,1,3.0
20104,cf-1b03,1,1,3.0
20105,cf-1b03),1,1,3.0
20106,"cf-1b03,",1,1,3.0
20107,cf-related,1,1,3.0
20108,cfar,1,1,3.0
20109,cfrd,1,1,3.0
20110,"cfrd,",1,1,3.0
20111,cftr,1,1,3.0
20112,cgas,1,1,3.0
20113,cgas-sting-driven,1,1,3.0
20114,cgas-sting.,1,1,3.0
20115,cgm-based,1,1,3.0
20116,cgm-naïve,1,1,3.0
20117,chain.,1,1,3.0
20118,chaining,1,1,3.0
20119,chains,1,1,3.0
20120,chalazia.,1,1,3.0
20121,chalazia;,1,1,3.0
20122,chalcogrammus),1,1,3.0
20123,challenge:,1,1,3.0
20124,challenge;,1,1,3.0
20125,championing,1,1,3.0
20126,change),1,1,3.0
20127,change-mediated,1,1,3.0
20128,change:,1,1,3.0
20129,change:-2%,1,1,3.0
20130,changed.,1,1,3.0
20131,changes;,1,1,3.0
20132,"channels,",1,1,3.0
20133,channels.,1,1,3.0
20134,"chaperone,",1,1,3.0
20135,characterisation,1,1,3.0
20136,characterises,1,1,3.0
20137,characterizes,1,1,3.0
20138,characterizing,1,1,3.0
20139,charged,1,1,3.0
20140,charlson,1,1,3.0
20141,charts,1,1,3.0
20142,cha₂ds₂-vasc,1,1,3.0
20143,"cha₂ds₂-vasc,",1,1,3.0
20144,checklist),1,1,3.0
20145,checklist.,1,1,3.0
20146,checks.,1,1,3.0
20147,"cheeks,",1,1,3.0
20148,cheers,1,1,3.0
20149,chelation,1,1,3.0
20150,chemesthesis,1,1,3.0
20151,"chemesthesis,",1,1,3.0
20152,chemoattractant,1,1,3.0
20153,chemoprevention,1,1,3.0
20154,chemopreventive,1,1,3.0
20155,chemosensing,1,1,3.0
20156,chemosensitivity,1,1,3.0
20157,cheung,1,1,3.0
20158,chewing,1,1,3.0
20159,chi,1,1,3.0
20160,chi-squared,1,1,3.0
20161,chicks,1,1,3.0
20162,"chicks,",1,1,3.0
20163,chicks.,1,1,3.0
20164,chicory,1,1,3.0
20165,chictr2500111569.,1,1,3.0
20166,chictr2600116148,1,1,3.0
20167,chictr2600123803,1,1,3.0
20168,chiglitazar,1,1,3.0
20169,child's,1,1,3.0
20170,childbearing,1,1,3.0
20171,"childhood,",1,1,3.0
20172,"children,",1,1,3.0
20173,childress.,1,1,3.0
20174,chinensis,1,1,3.0
20175,"chip-qpcr,",1,1,3.0
20176,chitosan,1,1,3.0
20177,"chlorhexidine,",1,1,3.0
20178,"chloride,",1,1,3.0
20179,chlorpromazine,1,1,3.0
20180,cho,1,1,3.0
20181,cho-4bgd-derived,1,1,3.0
20182,cho-s-derived,1,1,3.0
20183,choice.,1,1,3.0
20184,"choices,",1,1,3.0
20185,cholangiopancreatography,1,1,3.0
20186,cholangitis,1,1,3.0
20187,cholangitis),1,1,3.0
20188,"cholecalciferol,",1,1,3.0
20189,"cholecystectomy,",1,1,3.0
20190,cholecystectomy.,1,1,3.0
20191,cholecystitis),1,1,3.0
20192,"cholecystitis,",1,1,3.0
20193,cholecystitis.,1,1,3.0
20194,"cholecystokinin,",1,1,3.0
20195,cholelithiasis,1,1,3.0
20196,cholelithiasis.,1,1,3.0
20197,"cholestasis,",1,1,3.0
20198,cholic,1,1,3.0
20199,"cholinergic,",1,1,3.0
20200,chondrocytes,1,1,3.0
20201,chondroprotective,1,1,3.0
20202,choosing,1,1,3.0
20203,chorionic,1,1,3.0
20204,chosen,1,1,3.0
20205,chow-fed,1,1,3.0
20206,christensenella,1,1,3.0
20207,chromatography-high-resolution,1,1,3.0
20208,chromatography-mass,1,1,3.0
20209,chromatography-tandem,1,1,3.0
20210,chromatography/tandem,1,1,3.0
20211,chromium,1,1,3.0
20212,chronic-care,1,1,3.0
20213,chronification.,1,1,3.0
20214,ci).,1,1,3.0
20215,ci):,1,1,3.0
20216,ci-aki.,1,1,3.0
20217,"ci:0.570-0.775,",1,1,3.0
20218,"ci:[-6.49,",1,1,3.0
20219,"ci=-1.012,",1,1,3.0
20220,"ci=-2.307,",1,1,3.0
20221,"ci=-2.568,",1,1,3.0
20222,"ci=-4.174,",1,1,3.0
20223,"ci=-8.651,",1,1,3.0
20224,ci],1,1,3.0
20225,cia:,1,1,3.0
20226,cicatricial,1,1,3.0
20227,cigarette,1,1,3.0
20228,ciliopathy,1,1,3.0
20229,"cim,",1,1,3.0
20230,cinema.,1,1,3.0
20231,"cinnamon,",1,1,3.0
20232,"circuit,",1,1,3.0
20233,circuit-,1,1,3.0
20234,circuit-based,1,1,3.0
20235,"circulation,",1,1,3.0
20236,circulations,1,1,3.0
20237,circumference/waist-to-hip,1,1,3.0
20238,circumflex,1,1,3.0
20239,circumventricular,1,1,3.0
20240,cirrhotic,1,1,3.0
20241,"cis,",1,1,3.0
20242,cis-eqtl,1,1,3.0
20243,cis-mendelian,1,1,3.0
20244,"cisplatin,",1,1,3.0
20245,cite,1,1,3.0
20246,citespace,1,1,3.0
20247,"citizens,",1,1,3.0
20248,citrate.,1,1,3.0
20249,ckd),1,1,3.0
20250,ckd-adapted,1,1,3.0
20251,ckd-epi,1,1,3.0
20252,"ckd-free,",1,1,3.0
20253,ckd-management,1,1,3.0
20254,"ckd-related,",1,1,3.0
20255,ckd-relevant,1,1,3.0
20256,ckd-restricted,1,1,3.0
20257,ckd-trajectories.,1,1,3.0
20258,ckd-treatment,1,1,3.0
20259,ckm-related,1,1,3.0
20260,ckmd.,1,1,3.0
20261,ckms-related,1,1,3.0
20262,cl:,1,1,3.0
20263,clamp,1,1,3.0
20264,clarification,1,1,3.0
20265,clarifies,1,1,3.0
20266,clarithromycin,1,1,3.0
20267,"clarity,",1,1,3.0
20268,class-level,1,1,3.0
20269,class;,1,1,3.0
20270,classes-including,1,1,3.0
20271,classes-insulin,1,1,3.0
20272,classifiable,1,1,3.0
20273,classification.,1,1,3.0
20274,classifications,1,1,3.0
20275,clathrin-,1,1,3.0
20276,clathrin-mediated,1,1,3.0
20277,claudin-5,1,1,3.0
20278,clazakizumab,1,1,3.0
20279,clean,1,1,3.0
20280,clearest,1,1,3.0
20281,cleavage,1,1,3.0
20282,cleaved,1,1,3.0
20283,cliff,1,1,3.0
20284,"cliff,",1,1,3.0
20285,climate,1,1,3.0
20286,"clindamycin,",1,1,3.0
20287,clinformatics®,1,1,3.0
20288,clinical-eligibility,1,1,3.0
20289,clinical-risk,1,1,3.0
20290,clinical-utility,1,1,3.0
20291,clinical.,1,1,3.0
20292,clinical/ophthalmic,1,1,3.0
20293,clinicaltrials.,1,1,3.0
20294,clinicaltrials.gov.,1,1,3.0
20295,clinicaltrials.govnct04652479.,1,1,3.0
20296,clinicaltrialsregister.eu:,1,1,3.0
20297,clinician-led,1,1,3.0
20298,clinician-recorded,1,1,3.0
20299,clinician-supervised,1,1,3.0
20300,"clinician-supervised,",1,1,3.0
20301,clinicians',1,1,3.0
20302,clinicians.,1,1,3.0
20303,clinico-laboratory,1,1,3.0
20304,clinicopathological,1,1,3.0
20305,clinics,1,1,3.0
20306,clocks,1,1,3.0
20307,clomiphene,1,1,3.0
20308,clonal,1,1,3.0
20309,clonazepam,1,1,3.0
20310,clone.,1,1,3.0
20311,closest,1,1,3.0
20312,clostridia,1,1,3.0
20313,"clostridia,",1,1,3.0
20314,"clostridiaceae,",1,1,3.0
20315,clozapine-,1,1,3.0
20316,clozapine-associated,1,1,3.0
20317,clpph's,1,1,3.0
20318,"cluster,",1,1,3.0
20319,clustering.,1,1,3.0
20320,"clusters),",1,1,3.0
20321,"clusters,",1,1,3.0
20322,cm2).,1,1,3.0
20323,"cmax,",1,1,3.0
20324,cmds,1,1,3.0
20325,cns-specific,1,1,3.0
20326,cns.,1,1,3.0
20327,co-activation.,1,1,3.0
20328,co-administered,1,1,3.0
20329,co-administered.,1,1,3.0
20330,co-administration.,1,1,3.0
20331,"co-agonist,",1,1,3.0
20332,co-creation,1,1,3.0
20333,"co-culture,",1,1,3.0
20334,co-existence,1,1,3.0
20335,co-existing,1,1,3.0
20336,"co-exposure,",1,1,3.0
20337,"co-expressed,",1,1,3.0
20338,co-expression,1,1,3.0
20339,co-folding,1,1,3.0
20340,co-immunoprecipitation,1,1,3.0
20341,co-ingestion,1,1,3.0
20342,co-led,1,1,3.0
20343,co-management,1,1,3.0
20344,co-morbidities,1,1,3.0
20345,"co-occur,",1,1,3.0
20346,"co-occurrence,",1,1,3.0
20347,co-opt,1,1,3.0
20348,co-opting,1,1,3.0
20349,"co-pathology,",1,1,3.0
20350,co-prevalence,1,1,3.0
20351,co-segregation.,1,1,3.0
20352,co-targeting,1,1,3.0
20353,co-therapeutic,1,1,3.0
20354,co-therapies.,1,1,3.0
20355,co-therapy,1,1,3.0
20356,co-treatment.,1,1,3.0
20357,"co-use,",1,1,3.0
20358,co-variation,1,1,3.0
20359,co2e/person/year.,1,1,3.0
20360,"coacervate,",1,1,3.0
20361,coacervates,1,1,3.0
20362,"coaches,",1,1,3.0
20363,coaching.,1,1,3.0
20364,coactivator-1-alpha,1,1,3.0
20365,coactivator-1α,1,1,3.0
20366,"coagonists,",1,1,3.0
20367,coagulation,1,1,3.0
20368,coagulopathy,1,1,3.0
20369,coating,1,1,3.0
20370,cochran,1,1,3.0
20371,"cochrane,",1,1,3.0
20372,coders,1,1,3.0
20373,codes),1,1,3.0
20374,"codes,",1,1,3.0
20375,coe,1,1,3.0
20376,coe),1,1,3.0
20377,coefficient,1,1,3.0
20378,coenzyme,1,1,3.0
20379,coercion,1,1,3.0
20380,"coexist,",1,1,3.0
20381,"cognition,",1,1,3.0
20382,"cognitions,",1,1,3.0
20383,cognitions.,1,1,3.0
20384,cognitive-computational,1,1,3.0
20385,coherent,1,1,3.0
20386,"coherent,",1,1,3.0
20387,"cohesion,",1,1,3.0
20388,cohort's,1,1,3.0
20389,cohort).,1,1,3.0
20390,cohort);,1,1,3.0
20391,cohorts',1,1,3.0
20392,cohorts),1,1,3.0
20393,cohorts-studies,1,1,3.0
20394,cohorts.conclusionglp-1,1,1,3.0
20395,cohorts.resultsthe,1,1,3.0
20396,cohorts:,1,1,3.0
20397,cohorts;,1,1,3.0
20398,coincided,1,1,3.0
20399,"col1a1,",1,1,3.0
20400,col4a1,1,1,3.0
20401,"col4a1,",1,1,3.0
20402,"colchicine),",1,1,3.0
20403,colchicine;,1,1,3.0
20404,cold-chain,1,1,3.0
20405,colic,1,1,3.0
20406,"colic,",1,1,3.0
20407,colic.,1,1,3.0
20408,collaborating,1,1,3.0
20409,"collaborations,",1,1,3.0
20410,"collaborative,",1,1,3.0
20411,"collagen,",1,1,3.0
20412,collagen-induced,1,1,3.0
20413,collapse.,1,1,3.0
20414,collapsing,1,1,3.0
20415,collating,1,1,3.0
20416,colleagues,1,1,3.0
20417,"collected,",1,1,3.0
20418,"collection,",1,1,3.0
20419,college,1,1,3.0
20420,collinsella,1,1,3.0
20421,colloidal,1,1,3.0
20422,colocalization,1,1,3.0
20423,colon.,1,1,3.0
20424,colony-stimulating,1,1,3.0
20425,columbia.,1,1,3.0
20426,column,1,1,3.0
20427,columns,1,1,3.0
20428,coma,1,1,3.0
20429,combat,1,1,3.0
20430,combination-therapy,1,1,3.0
20431,combination.,1,1,3.0
20432,combinations.,1,1,3.0
20433,combinatorial,1,1,3.0
20434,combined-use,1,1,3.0
20435,comfort.,1,1,3.0
20436,comisa.,1,1,3.0
20437,commend,1,1,3.0
20438,commended,1,1,3.0
20439,commensals,1,1,3.0
20440,comment,1,1,3.0
20441,comments,1,1,3.0
20442,"commercial,",1,1,3.0
20443,commissioned,1,1,3.0
20444,"commitment,",1,1,3.0
20445,"committee,",1,1,3.0
20446,"committees,",1,1,3.0
20447,committing,1,1,3.0
20448,common-soil,1,1,3.0
20449,common;,1,1,3.0
20450,communication-driven,1,1,3.0
20451,communicatively,1,1,3.0
20452,communities,1,1,3.0
20453,"communities,",1,1,3.0
20454,communities.,1,1,3.0
20455,community;,1,1,3.0
20456,comorbidities),1,1,3.0
20457,comorbidities).,1,1,3.0
20458,comorbidities.conditional,1,1,3.0
20459,comorbidities.strong,1,1,3.0
20460,comorbidity-based,1,1,3.0
20461,comorbidity-focused,1,1,3.0
20462,comorbidity-guided,1,1,3.0
20463,comorbidity-were,1,1,3.0
20464,comorbidity;,1,1,3.0
20465,comorbidity].,1,1,3.0
20466,"companies,",1,1,3.0
20467,company,1,1,3.0
20468,company-reported,1,1,3.0
20469,comparable.,1,1,3.0
20470,comparably,1,1,3.0
20471,"comparator,and",1,1,3.0
20472,comparator-specific,1,1,3.0
20473,comparator-treated,1,1,3.0
20474,compared:,1,1,3.0
20475,comparison;,1,1,3.0
20476,"comparisons),",1,1,3.0
20477,comparisons).,1,1,3.0
20478,"compartmentalization,",1,1,3.0
20479,compartments,1,1,3.0
20480,compartments;,1,1,3.0
20481,compass-31,1,1,3.0
20482,"compatibility,",1,1,3.0
20483,compels,1,1,3.0
20484,"compensation,",1,1,3.0
20485,compensation.new,1,1,3.0
20486,"competence,",1,1,3.0
20487,competency,1,1,3.0
20488,"competition,",1,1,3.0
20489,"competitive,",1,1,3.0
20490,compiled,1,1,3.0
20491,compkt,1,1,3.0
20492,complementarily,1,1,3.0
20493,complementarity,1,1,3.0
20494,"complementarity,",1,1,3.0
20495,complemented,1,1,3.0
20496,complementing,1,1,3.0
20497,"complete,",1,1,3.0
20498,complete-case,1,1,3.0
20499,complete.,1,1,3.0
20500,completed),1,1,3.0
20501,completed;,1,1,3.0
20502,completeness,1,1,3.0
20503,complex.,1,1,3.0
20504,complex;,1,1,3.0
20505,complexities,1,1,3.0
20506,"complexities,",1,1,3.0
20507,complicated.,1,1,3.0
20508,complicates,1,1,3.0
20509,complication),1,1,3.0
20510,"complications),",1,1,3.0
20511,complications.methodswe,1,1,3.0
20512,complications.resultsa,1,1,3.0
20513,complications;,1,1,3.0
20514,complies,1,1,3.0
20515,"components,",1,1,3.0
20516,components.,1,1,3.0
20517,composed,1,1,3.0
20518,"composite,",1,1,3.0
20519,"composite-outcome,",1,1,3.0
20520,composites,1,1,3.0
20521,"compositi,",1,1,3.0
20522,composition-guided,1,1,3.0
20523,"compositional,",1,1,3.0
20524,"compound,",1,1,3.0
20525,compound.,1,1,3.0
20526,compounded-product,1,1,3.0
20527,comprehension,1,1,3.0
20528,compressing,1,1,3.0
20529,"compressive,",1,1,3.0
20530,compromise,1,1,3.0
20531,computable,1,1,3.0
20532,computatıonal,1,1,3.0
20533,computerized,1,1,3.0
20534,con,1,1,3.0
20535,con),1,1,3.0
20536,conceals,1,1,3.0
20537,concentrate,1,1,3.0
20538,concentrated.,1,1,3.0
20539,concentration-,1,1,3.0
20540,concentration-dependently,1,1,3.0
20541,concentration.,1,1,3.0
20542,concentration;,1,1,3.0
20543,concentrations:,1,1,3.0
20544,concentric,1,1,3.0
20545,"conception,",1,1,3.0
20546,conceptualisation,1,1,3.0
20547,conceptualization,1,1,3.0
20548,conceptualizations,1,1,3.0
20549,conceptualize,1,1,3.0
20550,conceptualized,1,1,3.0
20551,"conceptualized,",1,1,3.0
20552,conceptualizes,1,1,3.0
20553,concerning,1,1,3.0
20554,"concerning,",1,1,3.0
20555,concise,1,1,3.0
20556,"conclude,",1,1,3.0
20557,concluded,1,1,3.0
20558,concluding,1,1,3.0
20559,conclusion.,1,1,3.0
20560,"conclusions,",1,1,3.0
20561,conclusions;,1,1,3.0
20562,concordance,1,1,3.0
20563,"concordant,",1,1,3.0
20564,concordant.,1,1,3.0
20565,"concurrent,",1,1,3.0
20566,"conditioning,",1,1,3.0
20567,conduct,1,1,3.0
20568,conducted:,1,1,3.0
20569,conducted;,1,1,3.0
20570,conduction,1,1,3.0
20571,conductive,1,1,3.0
20572,"conference-level,",1,1,3.0
20573,conferences.,1,1,3.0
20574,confersuperior,1,1,3.0
20575,confines,1,1,3.0
20576,confirmatory,1,1,3.0
20577,"confirmed,",1,1,3.0
20578,"conflicting,",1,1,3.0
20579,conflicts,1,1,3.0
20580,conformation,1,1,3.0
20581,conformation.,1,1,3.0
20582,conformationally,1,1,3.0
20583,confounding;,1,1,3.0
20584,confronting.,1,1,3.0
20585,confusa,1,1,3.0
20586,"confusion,",1,1,3.0
20587,"congeners,",1,1,3.0
20588,congress,1,1,3.0
20589,"connection,",1,1,3.0
20590,connections.,1,1,3.0
20591,connectivity;,1,1,3.0
20592,"consensus,",1,1,3.0
20593,consensus-based,1,1,3.0
20594,"consensus-based,",1,1,3.0
20595,consensus-defined,1,1,3.0
20596,"consent,",1,1,3.0
20597,consent.,1,1,3.0
20598,consent.strong,1,1,3.0
20599,"consented,",1,1,3.0
20600,consequential,1,1,3.0
20601,consequential.,1,1,3.0
20602,"conservation,",1,1,3.0
20603,conservatively,1,1,3.0
20604,conservatively.,1,1,3.0
20605,considered;,1,1,3.0
20606,considers,1,1,3.0
20607,consistent-transformation,1,1,3.0
20608,consistent.,1,1,3.0
20609,consolidated,1,1,3.0
20610,consolidates,1,1,3.0
20611,consort,1,1,3.0
20612,consortia,1,1,3.0
20613,conspire,1,1,3.0
20614,constant-temperature,1,1,3.0
20615,constituent,1,1,3.0
20616,"constituents,",1,1,3.0
20617,constitutively,1,1,3.0
20618,constrained.,1,1,3.0
20619,constrains,1,1,3.0
20620,constraint,1,1,3.0
20621,constraints.,1,1,3.0
20622,constrictor,1,1,3.0
20623,"construct,",1,1,3.0
20624,constructing,1,1,3.0
20625,"construction,",1,1,3.0
20626,constructions,1,1,3.0
20627,consultation.,1,1,3.0
20628,consultations,1,1,3.0
20629,consumed:,1,1,3.0
20630,consumer-driven,1,1,3.0
20631,contacted,1,1,3.0
20632,"contacted,",1,1,3.0
20633,contacts,1,1,3.0
20634,"contacts,",1,1,3.0
20635,containing;,1,1,3.0
20636,contemplating,1,1,3.0
20637,content.,1,1,3.0
20638,contested,1,1,3.0
20639,context-adapted,1,1,3.0
20640,context-dependent.,1,1,3.0
20641,context-dependent;,1,1,3.0
20642,context-sensitive,1,1,3.0
20643,context-specific,1,1,3.0
20644,contexts:,1,1,3.0
20645,"contextual,",1,1,3.0
20646,contextualized,1,1,3.0
20647,contingent,1,1,3.0
20648,continual,1,1,3.0
20649,"continuation,",1,1,3.0
20650,continuation.,1,1,3.0
20651,"continuity,",1,1,3.0
20652,continuity-of-care,1,1,3.0
20653,continuity.,1,1,3.0
20654,"continuous,",1,1,3.0
20655,contour,1,1,3.0
20656,contouring.,1,1,3.0
20657,"contraception,",1,1,3.0
20658,contraceptives;,1,1,3.0
20659,contracted,1,1,3.0
20660,"contraction,",1,1,3.0
20661,contracts,1,1,3.0
20662,contradict,1,1,3.0
20663,contralateral,1,1,3.0
20664,contransporter-2,1,1,3.0
20665,contrast-based,1,1,3.0
20666,contrast-enhanced,1,1,3.0
20667,contrasted,1,1,3.0
20668,contributed.,1,1,3.0
20669,contributes.,1,1,3.0
20670,"contributions,",1,1,3.0
20671,contributors.,1,1,3.0
20672,contributors;,1,1,3.0
20673,control).,1,1,3.0
20674,"control2-5,",1,1,3.0
20675,control;,1,1,3.0
20676,controlled.,1,1,3.0
20677,"controls),",1,1,3.0
20678,controversial,1,1,3.0
20679,"controversial,",1,1,3.0
20680,"controversies,",1,1,3.0
20681,"controversy,",1,1,3.0
20682,convenience,1,1,3.0
20683,convenient,1,1,3.0
20684,convergence-and,1,1,3.0
20685,convergence.,1,1,3.0
20686,convergence;,1,1,3.0
20687,converges,1,1,3.0
20688,conversion.,1,1,3.0
20689,conversions,1,1,3.0
20690,convertase,1,1,3.0
20691,cooperative,1,1,3.0
20692,coordinately,1,1,3.0
20693,coordination.,1,1,3.0
20694,copay,1,1,3.0
20695,"copd,",1,1,3.0
20696,copenhagen,1,1,3.0
20697,"coping,",1,1,3.0
20698,coproporphyrin-i,1,1,3.0
20699,coptis,1,1,3.0
20700,cord.,1,1,3.0
20701,cornerstones,1,1,3.0
20702,coronavirus,1,1,3.0
20703,corporation,1,1,3.0
20704,correction),1,1,3.0
20705,correction).,1,1,3.0
20706,"correction,",1,1,3.0
20707,correlating,1,1,3.0
20708,correlational,1,1,3.0
20709,correlations,1,1,3.0
20710,correlations.,1,1,3.0
20711,correlative,1,1,3.0
20712,correspond,1,1,3.0
20713,corroborates,1,1,3.0
20714,"cortex,",1,1,3.0
20715,cortex.,1,1,3.0
20716,corticosteroids,1,1,3.0
20717,"corticosteroids,",1,1,3.0
20718,corticosteroids.,1,1,3.0
20719,corticosterone,1,1,3.0
20720,cortisol-mediated,1,1,3.0
20721,cost-benefit,1,1,3.0
20722,cost-consuming,1,1,3.0
20723,cost-effective.,1,1,3.0
20724,cost-effectiveness.,1,1,3.0
20725,cost-efficacy,1,1,3.0
20726,cost/insurance,1,1,3.0
20727,cotransporter-1/2,1,1,3.0
20728,"cough,",1,1,3.0
20729,coulomb,1,1,3.0
20730,"council,",1,1,3.0
20731,counsel,1,1,3.0
20732,counseled,1,1,3.0
20733,"counseling),",1,1,3.0
20734,counselling.,1,1,3.0
20735,count.,1,1,3.0
20736,counter-regulatory,1,1,3.0
20737,counteracted,1,1,3.0
20738,"counterbalance,",1,1,3.0
20739,"counterbalanced,",1,1,3.0
20740,countermeasure,1,1,3.0
20741,"countermeasures,",1,1,3.0
20742,countermeasures.,1,1,3.0
20743,counterparts,1,1,3.0
20744,"counterparts,",1,1,3.0
20745,counting',1,1,3.0
20746,"countries,",1,1,3.0
20747,country,1,1,3.0
20748,country's,1,1,3.0
20749,"country,",1,1,3.0
20750,county,1,1,3.0
20751,coupled.,1,1,3.0
20752,coupling.,1,1,3.0
20753,course;,1,1,3.0
20754,courses,1,1,3.0
20755,covariance,1,1,3.0
20756,covariate,1,1,3.0
20757,"covariates,,",1,1,3.0
20758,"cover,",1,1,3.0
20759,covered;,1,1,3.0
20760,cox-2,1,1,3.0
20761,"cox-2,",1,1,3.0
20762,cox-proportional,1,1,3.0
20763,co₂e/year,1,1,3.0
20764,"cp,",1,1,3.0
20765,cp-i.,1,1,3.0
20766,"cpap,",1,1,3.0
20767,cpap-intolerant,1,1,3.0
20768,cprd,1,1,3.0
20769,cpt1,1,1,3.0
20770,cradle-to-gate,1,1,3.0
20771,craniopharyngioma,1,1,3.0
20772,crates,1,1,3.0
20773,craving.,1,1,3.0
20774,cravings.,1,1,3.0
20775,crc.,1,1,3.0
20776,crd42024505558).,1,1,3.0
20777,crd420251024082).,1,1,3.0
20778,"crd420251034652),",1,1,3.0
20779,crd420251074381).,1,1,3.0
20780,crd420251130232.,1,1,3.0
20781,crd420251149266.,1,1,3.0
20782,crd420251150683.,1,1,3.0
20783,crd420251155026).,1,1,3.0
20784,crd420251162316).,1,1,3.0
20785,crd420251176164).,1,1,3.0
20786,crd420251231137.,1,1,3.0
20787,crd420251270326.,1,1,3.0
20788,crd420261279841.,1,1,3.0
20789,crd420261320840.,1,1,3.0
20790,crd420261321430.,1,1,3.0
20791,crd420261327235.,1,1,3.0
20792,crd420261352699.,1,1,3.0
20793,crd420261354386.,1,1,3.0
20794,crd420261360886.,1,1,3.0
20795,crds.,1,1,3.0
20796,"creatine,",1,1,3.0
20797,creb,1,1,3.0
20798,"creb,",1,1,3.0
20799,creb-driven,1,1,3.0
20800,"credence,",1,1,3.0
20801,"credibility,",1,1,3.0
20802,crispatus,1,1,3.0
20803,crispr,1,1,3.0
20804,criteria.conditional,1,1,3.0
20805,criteria;,1,1,3.0
20806,"criterion,",1,1,3.0
20807,critical.,1,1,3.0
20808,critiques,1,1,3.0
20809,cross,1,1,3.0
20810,cross-disorder,1,1,3.0
20811,cross-feeding-propionate,1,1,3.0
20812,cross-intervention,1,1,3.0
20813,cross-national,1,1,3.0
20814,cross-organ,1,1,3.0
20815,"cross-over,",1,1,3.0
20816,"cross-sectional,",1,1,3.0
20817,cross-system,1,1,3.0
20818,cross-talk,1,1,3.0
20819,cross-talk.,1,1,3.0
20820,cross-verification,1,1,3.0
20821,crossbred,1,1,3.0
20822,crossed,1,1,3.0
20823,crosslink,1,1,3.0
20824,crosslinking,1,1,3.0
20825,crossover.,1,1,3.0
20826,crp/hs-crp,1,1,3.0
20827,"crp/hs-crp,",1,1,3.0
20828,crp/hs-crp.,1,1,3.0
20829,crps,1,1,3.0
20830,crucially,1,1,3.0
20831,crush,1,1,3.0
20832,crypt,1,1,3.0
20833,crystal,1,1,3.0
20834,css,1,1,3.0
20835,ctla4,1,1,3.0
20836,"ctla4,",1,1,3.0
20837,ctri/2025/04/085487,1,1,3.0
20838,ctx,1,1,3.0
20839,ctx),1,1,3.0
20840,"ctx,",1,1,3.0
20841,cubic,1,1,3.0
20842,cue-elicited,1,1,3.0
20843,cue-reactivity,1,1,3.0
20844,"cue-reactivity,",1,1,3.0
20845,cues,1,1,3.0
20846,cug,1,1,3.0
20847,culprit,1,1,3.0
20848,cultivar,1,1,3.0
20849,cultivars.,1,1,3.0
20850,culturally,1,1,3.0
20851,cultured,1,1,3.0
20852,"cultures,",1,1,3.0
20853,cultures.,1,1,3.0
20854,cummings,1,1,3.0
20855,"cummings,",1,1,3.0
20856,cuprizone,1,1,3.0
20857,curated-module,1,1,3.0
20858,"curcumin,",1,1,3.0
20859,curcumin-encapsulating,1,1,3.0
20860,curcumin-glucuronide,1,1,3.0
20861,curcumin-sulfate.,1,1,3.0
20862,curcumin;,1,1,3.0
20863,current-mediated,1,1,3.0
20864,"currently,",1,1,3.0
20865,currents.,1,1,3.0
20866,curriculum,1,1,3.0
20867,"curve,",1,1,3.0
20868,"curves,",1,1,3.0
20869,custom,1,1,3.0
20870,cut,1,1,3.0
20871,cut-off,1,1,3.0
20872,cut-offs,1,1,3.0
20873,"cutoff,",1,1,3.0
20874,"cv,",1,1,3.0
20875,"cvi,",1,1,3.0
20876,cvi.,1,1,3.0
20877,cvot,1,1,3.0
20878,cvots,1,1,3.0
20879,"cvots,",1,1,3.0
20880,cvots.,1,1,3.0
20881,cxcr4,1,1,3.0
20882,cy/+iu,1,1,3.0
20883,"cyanocobalamin,",1,1,3.0
20884,cyclase/camp,1,1,3.0
20885,cyclin,1,1,3.0
20886,"cycling,",1,1,3.0
20887,cyclization.,1,1,3.0
20888,"cyclosporine,",1,1,3.0
20889,cyp,1,1,3.0
20890,cyp2d6,1,1,3.0
20891,cyp2d6/cyp2c9,1,1,3.0
20892,cyp3a,1,1,3.0
20893,"cyp3a,",1,1,3.0
20894,cyp3a4,1,1,3.0
20895,cyp3a4/oatp1b/p-gp,1,1,3.0
20896,cyp7a1),1,1,3.0
20897,cyrtonema,1,1,3.0
20898,cyst,1,1,3.0
20899,cytoarchitecture.,1,1,3.0
20900,cytocompatibility,1,1,3.0
20901,"cytocompatibility,",1,1,3.0
20902,cytokeratin-18-associated,1,1,3.0
20903,cytokines.,1,1,3.0
20904,cytometry.,1,1,3.0
20905,"cytoplasm,",1,1,3.0
20906,cytoprotective,1,1,3.0
20907,"cytotoxicity,",1,1,3.0
20908,d&d,1,1,3.0
20909,d),1,1,3.0
20910,d-amino,1,1,3.0
20911,d-fructose,1,1,3.0
20912,d-mediated,1,1,3.0
20913,d001),1,1,3.0
20914,d1,1,1,3.0
20915,d;,1,1,3.0
20916,da),1,1,3.0
20917,"da),",1,1,3.0
20918,da-modulating,1,1,3.0
20919,da-related,1,1,3.0
20920,daergic,1,1,3.0
20921,damage-associated,1,1,3.0
20922,damaging,1,1,3.0
20923,dampen,1,1,3.0
20924,dampening,1,1,3.0
20925,dampens,1,1,3.0
20926,damps,1,1,3.0
20927,danuglipron,1,1,3.0
20928,"dapa-ckd,",1,1,3.0
20929,"dapagliflozin),",1,1,3.0
20930,dapagliflozin-associated,1,1,3.0
20931,dapi:,1,1,3.0
20932,"daprodustat,",1,1,3.0
20933,dasatinib,1,1,3.0
20934,data-dependent,1,1,3.0
20935,data-mining,1,1,3.0
20936,data:,1,1,3.0
20937,data;,1,1,3.0
20938,database.conclusionspharmacovigilance,1,1,3.0
20939,databases:,1,1,3.0
20940,datalink,1,1,3.0
20941,dataset),1,1,3.0
20942,"dataset,",1,1,3.0
20943,dataset.,1,1,3.0
20944,datasets,1,1,3.0
20945,datasets.,1,1,3.0
20946,date;,1,1,3.0
20947,"dates,",1,1,3.0
20948,dates;,1,1,3.0
20949,"day,",1,1,3.0
20950,day-of-surgery,1,1,3.0
20951,day-to-day,1,1,3.0
20952,days).,1,1,3.0
20953,days/week),1,1,3.0
20954,days/wk),1,1,3.0
20955,days:,1,1,3.0
20956,"dce,",1,1,3.0
20957,dcm.,1,1,3.0
20958,"dd,",1,1,3.0
20959,dd.,1,1,3.0
20960,dd01;,1,1,3.0
20961,ddi,1,1,3.0
20962,ddis,1,1,3.0
20963,ddp-4i,1,1,3.0
20964,de-contextualization.,1,1,3.0
20965,de-intensification-related,1,1,3.0
20966,de-risking,1,1,3.0
20967,de.,1,1,3.0
20968,deactivation).,1,1,3.0
20969,death),1,1,3.0
20970,debate.,1,1,3.0
20971,debate:,1,1,3.0
20972,debated.,1,1,3.0
20973,debilitating,1,1,3.0
20974,deceleration,1,1,3.0
20975,decision-analytic,1,1,3.0
20976,decision-curve,1,1,3.0
20977,decision-support,1,1,3.0
20978,decisions;,1,1,3.0
20979,decisive,1,1,3.0
20980,declaration,1,1,3.0
20981,declaring,1,1,3.0
20982,declining,1,1,3.0
20983,decode,1,1,3.0
20984,decompensation.,1,1,3.0
20985,decomposed,1,1,3.0
20986,"decomposition,",1,1,3.0
20987,decompression-and-fusion,1,1,3.0
20988,decongestants.,1,1,3.0
20989,"decongestion,",1,1,3.0
20990,deconjugation,1,1,3.0
20991,decoration,1,1,3.0
20992,decoupling,1,1,3.0
20993,"dedicated,",1,1,3.0
20994,dedoose,1,1,3.0
20995,deduplicated,1,1,3.0
20996,"deduplication),",1,1,3.0
20997,"deduplication,",1,1,3.0
20998,deemed,1,1,3.0
20999,"deeper,",1,1,3.0
21000,"defaults,",1,1,3.0
21001,"defect,",1,1,3.0
21002,defect.,1,1,3.0
21003,"defects,",1,1,3.0
21004,defects.,1,1,3.0
21005,"defences,",1,1,3.0
21006,defended,1,1,3.0
21007,defensible,1,1,3.0
21008,deficiency);,1,1,3.0
21009,deficiency.,1,1,3.0
21010,deficit),1,1,3.0
21011,"deficit,",1,1,3.0
21012,defined:,1,1,3.0
21013,defines,1,1,3.0
21014,definite,1,1,3.0
21015,"definition,",1,1,3.0
21016,definitive.,1,1,3.0
21017,defocus,1,1,3.0
21018,degeneration.,1,1,3.0
21019,degradation),1,1,3.0
21020,degraded,1,1,3.0
21021,degree.,1,1,3.0
21022,dehydration,1,1,3.0
21023,dehydroepiandrosterone,1,1,3.0
21024,dehydrogenase,1,1,3.0
21025,dehydrogenase;,1,1,3.0
21026,deintensification,1,1,3.0
21027,delay.,1,1,3.0
21028,delayed),1,1,3.0
21029,"delays,",1,1,3.0
21030,delegate,1,1,3.0
21031,deleted-case,1,1,3.0
21032,deliberate,1,1,3.0
21033,delineating,1,1,3.0
21034,delineation,1,1,3.0
21035,delivered.,1,1,3.0
21036,"delivery,",1,1,3.0
21037,delivery-related,1,1,3.0
21038,delivery-short-chain,1,1,3.0
21039,delivery:,1,1,3.0
21040,delocalized,1,1,3.0
21041,delphinidin-3-o-galactoside,1,1,3.0
21042,"demand,",1,1,3.0
21043,demand-driven,1,1,3.0
21044,demand.,1,1,3.0
21045,demethoxycurcumin,1,1,3.0
21046,demethylase,1,1,3.0
21047,demographics.,1,1,3.0
21048,demográfica,1,1,3.0
21049,demonstrable,1,1,3.0
21050,"demonstrated,",1,1,3.0
21051,demoted,1,1,3.0
21052,demyelinating,1,1,3.0
21053,"demyelinating,",1,1,3.0
21054,demyelination.,1,1,3.0
21055,denaturant,1,1,3.0
21056,"denifanstat,",1,1,3.0
21057,denmark,1,1,3.0
21058,"denmark,",1,1,3.0
21059,"denominators,",1,1,3.0
21060,denominators.,1,1,3.0
21061,deoxycalyxin,1,1,3.0
21062,deoxyribonucleic,1,1,3.0
21063,department/critical-care,1,1,3.0
21064,depleted,1,1,3.0
21065,deployable,1,1,3.0
21066,deployed,1,1,3.0
21067,deployment,1,1,3.0
21068,deployment-oriented,1,1,3.0
21069,"depolarization,",1,1,3.0
21070,deposition'.,1,1,3.0
21071,deposits.,1,1,3.0
21072,depot-specific,1,1,3.0
21073,"depots,",1,1,3.0
21074,"depression),",1,1,3.0
21075,depression-,1,1,3.0
21076,deprivation-further,1,1,3.0
21077,depth,1,1,3.0
21078,"depth,",1,1,3.0
21079,depth.,1,1,3.0
21080,derangements,1,1,3.0
21081,derangements.,1,1,3.0
21082,derivation,1,1,3.0
21083,derivation.,1,1,3.0
21084,derives,1,1,3.0
21085,"dermatitis,",1,1,3.0
21086,"dermatologic,",1,1,3.0
21087,dermatoses,1,1,3.0
21088,dermatoses.,1,1,3.0
21089,dermatosis,1,1,3.0
21090,dermis.,1,1,3.0
21091,dersimonian-laird,1,1,3.0
21092,desaturation.,1,1,3.0
21093,descending,1,1,3.0
21094,"described,",1,1,3.0
21095,descriptors,1,1,3.0
21096,desensitization-a,1,1,3.0
21097,deserve,1,1,3.0
21098,"desiccation,",1,1,3.0
21099,design:,1,1,3.0
21100,designated,1,1,3.0
21101,"designed,",1,1,3.0
21102,desired,1,1,3.0
21103,"destabilization,",1,1,3.0
21104,destabilizes,1,1,3.0
21105,desulfovibrio,1,1,3.0
21106,desulfovibrio.,1,1,3.0
21107,desulfuricans-h2s-r.,1,1,3.0
21108,"detail,",1,1,3.0
21109,"details,",1,1,3.0
21110,detectably,1,1,3.0
21111,"detected,",1,1,3.0
21112,"detent.""",1,1,3.0
21113,deteriorate,1,1,3.0
21114,deteriorates,1,1,3.0
21115,"deterioration,",1,1,3.0
21116,"determination,",1,1,3.0
21117,"deterministic,",1,1,3.0
21118,detrimental,1,1,3.0
21119,devastating,1,1,3.0
21120,"develop,",1,1,3.0
21121,"developed,",1,1,3.0
21122,"developers,",1,1,3.0
21123,"developing,",1,1,3.0
21124,developments.,1,1,3.0
21125,"deviation,",1,1,3.0
21126,deviations).,1,1,3.0
21127,"device,",1,1,3.0
21128,device-based,1,1,3.0
21129,device-derived,1,1,3.0
21130,device-related,1,1,3.0
21131,device/excipient,1,1,3.0
21132,devices.,1,1,3.0
21133,"dexamethasone,",1,1,3.0
21134,dexcom,1,1,3.0
21135,dextran,1,1,3.0
21136,dextromethorphan,1,1,3.0
21137,dextrose,1,1,3.0
21138,dft,1,1,3.0
21139,dhea-induced,1,1,3.0
21140,"diabetes""",1,1,3.0
21141,diabetes-,1,1,3.0
21142,diabetes-cancer,1,1,3.0
21143,"diabetes-labeled,",1,1,3.0
21144,diabetes-like,1,1,3.0
21145,diabetes-only,1,1,3.0
21146,"diabetes-technologies,",1,1,3.0
21147,"diabetes.""",1,1,3.0
21148,diabetes/dkd,1,1,3.0
21149,diabetes;,1,1,3.0
21150,"diabetic,",1,1,3.0
21151,"diabetics,",1,1,3.0
21152,diabetogenic,1,1,3.0
21153,diabetologists,1,1,3.0
21154,diabetologists),1,1,3.0
21155,diabetology.,1,1,3.0
21156,diadema,1,1,3.0
21157,diagnose,1,1,3.0
21158,diagnosis:,1,1,3.0
21159,"diagnostic,",1,1,3.0
21160,diagnostics,1,1,3.0
21161,"diagnostics,",1,1,3.0
21162,dialysate.,1,1,3.0
21163,dialysis),1,1,3.0
21164,dialysis-free,1,1,3.0
21165,dialysis.,1,1,3.0
21166,dialyzing,1,1,3.0
21167,dian,1,1,3.0
21168,"diaphoresis,",1,1,3.0
21169,diary.,1,1,3.0
21170,diarylheptanoid,1,1,3.0
21171,diarylheptanoid-chalcone,1,1,3.0
21172,diarylheptanoids,1,1,3.0
21173,dichotomized,1,1,3.0
21174,dictate,1,1,3.0
21175,dictated,1,1,3.0
21176,die,1,1,3.0
21177,"diet),",1,1,3.0
21178,diet-,1,1,3.0
21179,diet-alone,1,1,3.0
21180,"diet-arm,",1,1,3.0
21181,"diet-dependent,",1,1,3.0
21182,diet-driven,1,1,3.0
21183,diet-epigenome,1,1,3.0
21184,diet-fed,1,1,3.0
21185,diet-microbiome-host,1,1,3.0
21186,diet-plus-exercise,1,1,3.0
21187,diet-quality-adjusted,1,1,3.0
21188,diet-related,1,1,3.0
21189,diet/exercise,1,1,3.0
21190,diet:,1,1,3.0
21191,"dietary,",1,1,3.0
21192,dietitian/lifestyle,1,1,3.0
21193,"differed,",1,1,3.0
21194,difference-in-difference,1,1,3.0
21195,different;,1,1,3.0
21196,differentiate,1,1,3.0
21197,differentiates,1,1,3.0
21198,differentiator:,1,1,3.0
21199,differently,1,1,3.0
21200,difficile,1,1,3.0
21201,"difficile,",1,1,3.0
21202,difficulty,1,1,3.0
21203,difluoroacetic,1,1,3.0
21204,"digestibility,",1,1,3.0
21205,"digestion,",1,1,3.0
21206,"digestive,",1,1,3.0
21207,digestive/hepatic,1,1,3.0
21208,"digital,",1,1,3.0
21209,digital-care,1,1,3.0
21210,digital-feature,1,1,3.0
21211,digitally,1,1,3.0
21212,digitally-delivered,1,1,3.0
21213,dilation,1,1,3.0
21214,"dilation,",1,1,3.0
21215,dilator,1,1,3.0
21216,dilemmas.,1,1,3.0
21217,dilute-and-shoot,1,1,3.0
21218,"dilution,",1,1,3.0
21219,dimensionality,1,1,3.0
21220,dimensions.,1,1,3.0
21221,dimensions:,1,1,3.0
21222,dimerizing,1,1,3.0
21223,dimethyl,1,1,3.0
21224,dimethylformamide,1,1,3.0
21225,dimorphic,1,1,3.0
21226,dip,1,1,3.0
21227,dipeptidyl-peptidase-4,1,1,3.0
21228,diploma/ged,1,1,3.0
21229,"dipole-dipole,",1,1,3.0
21230,directing,1,1,3.0
21231,"direction,",1,1,3.0
21232,direction.,1,1,3.0
21233,"directional,",1,1,3.0
21234,"directions,",1,1,3.0
21235,directory,1,1,3.0
21236,directs,1,1,3.0
21237,"disadvantage,",1,1,3.0
21238,disadvantaged,1,1,3.0
21239,disadvantages,1,1,3.0
21240,disadvantages.,1,1,3.0
21241,disagree,1,1,3.0
21242,disambiguate,1,1,3.0
21243,disappeared,1,1,3.0
21244,"discharge),",1,1,3.0
21245,"discharge,",1,1,3.0
21246,discharge.strong,1,1,3.0
21247,disciplines,1,1,3.0
21248,disclosed.,1,1,3.0
21249,discloses,1,1,3.0
21250,disclosures,1,1,3.0
21251,discomforting,1,1,3.0
21252,"discontinuers,",1,1,3.0
21253,discontinuity,1,1,3.0
21254,"discontinuity,",1,1,3.0
21255,discordance,1,1,3.0
21256,discordant,1,1,3.0
21257,discourages,1,1,3.0
21258,"discourse,",1,1,3.0
21259,discourse.,1,1,3.0
21260,discovered,1,1,3.0
21261,discrepancies,1,1,3.0
21262,discrete-choice,1,1,3.0
21263,discriminating,1,1,3.0
21264,"discrimination,",1,1,3.0
21265,discussion.,1,1,3.0
21266,discussion:,1,1,3.0
21267,"disease"")",1,1,3.0
21268,disease),1,1,3.0
21269,disease-agnostic,1,1,3.0
21270,disease-free,1,1,3.0
21271,disease-increases,1,1,3.0
21272,disease-interception,1,1,3.0
21273,"disease-modifying,",1,1,3.0
21274,disease-stage,1,1,3.0
21275,"disease.""",1,1,3.0
21276,disease.across,1,1,3.0
21277,disease:,1,1,3.0
21278,disease].,1,1,3.0
21279,diseases6.,1,1,3.0
21280,disentangling,1,1,3.0
21281,disintegrating,1,1,3.0
21282,dislocation,1,1,3.0
21283,disordersand,1,1,3.0
21284,"disparities,",1,1,3.0
21285,"disparity,",1,1,3.0
21286,disparity.,1,1,3.0
21287,dispense,1,1,3.0
21288,dispensings,1,1,3.0
21289,displaying,1,1,3.0
21290,disposal,1,1,3.0
21291,disposal.,1,1,3.0
21292,disposition,1,1,3.0
21293,disposition.,1,1,3.0
21294,disproportionality.,1,1,3.0
21295,"disruption,",1,1,3.0
21296,disruptive,1,1,3.0
21297,disruptors,1,1,3.0
21298,dissected,1,1,3.0
21299,dissection,1,1,3.0
21300,dissociable,1,1,3.0
21301,dissociate,1,1,3.0
21302,dissociates,1,1,3.0
21303,dissociating,1,1,3.0
21304,dissolving,1,1,3.0
21305,distances,1,1,3.0
21306,distinct.,1,1,3.0
21307,distinctions,1,1,3.0
21308,distinctiveness,1,1,3.0
21309,distortion,1,1,3.0
21310,"distributed,",1,1,3.0
21311,distributed.,1,1,3.0
21312,district,1,1,3.0
21313,disulfide-bridge,1,1,3.0
21314,disulfide-rich,1,1,3.0
21315,diterpenoid,1,1,3.0
21316,diterpenoids,1,1,3.0
21317,dithiothreitol,1,1,3.0
21318,diuretics,1,1,3.0
21319,dive,1,1,3.0
21320,"diverge,",1,1,3.0
21321,"divergence,",1,1,3.0
21322,divergences,1,1,3.0
21323,"diversion,",1,1,3.0
21324,diversity.,1,1,3.0
21325,diverts,1,1,3.0
21326,division,1,1,3.0
21327,"divorced,",1,1,3.0
21328,dizziness,1,1,3.0
21329,"dka,",1,1,3.0
21330,dls-specific,1,1,3.0
21331,dm-related,1,1,3.0
21332,dm.,1,1,3.0
21333,dmadds,1,1,3.0
21334,"dmadds,",1,1,3.0
21335,"dme,",1,1,3.0
21336,dme.,1,1,3.0
21337,dmf,1,1,3.0
21338,dmf.,1,1,3.0
21339,dmn-mediated,1,1,3.0
21340,dmns,1,1,3.0
21341,dmxaa,1,1,3.0
21342,dna-methylation,1,1,3.0
21343,dna:,1,1,3.0
21344,dna;,1,1,3.0
21345,docked,1,1,3.0
21346,docking.,1,1,3.0
21347,docking;,1,1,3.0
21348,documents.,1,1,3.0
21349,"docusate,",1,1,3.0
21350,dodecyl,1,1,3.0
21351,doi:,1,1,3.0
21352,doing,1,1,3.0
21353,domain-containing-3,1,1,3.0
21354,domains),1,1,3.0
21355,"domestically,",1,1,3.0
21356,domestically.,1,1,3.0
21357,dominance,1,1,3.0
21358,dominantly,1,1,3.0
21359,dominating,1,1,3.0
21360,donepezil,1,1,3.0
21361,donor,1,1,3.0
21362,donor-conditioned,1,1,3.0
21363,donor-derived,1,1,3.0
21364,dor,1,1,3.0
21365,dorper,1,1,3.0
21366,dorsal,1,1,3.0
21367,dorsi,1,1,3.0
21368,"dose-dependent,",1,1,3.0
21369,dose-driven,1,1,3.0
21370,dose-escalated,1,1,3.0
21371,dose-exposure,1,1,3.0
21372,dose-finding,1,1,3.0
21373,dose-intensity,1,1,3.0
21374,dose-limiting,1,1,3.0
21375,dose-related,1,1,3.0
21376,dose-related.,1,1,3.0
21377,dose-response.,1,1,3.0
21378,dose-time,1,1,3.0
21379,dotap-mediated,1,1,3.0
21380,"double-blinded,",1,1,3.0
21381,double-counting,1,1,3.0
21382,double-crossover,1,1,3.0
21383,double-digit,1,1,3.0
21384,"double-edged,",1,1,3.0
21385,double-eged,1,1,3.0
21386,double-masked,1,1,3.0
21387,"double-masked,",1,1,3.0
21388,doubling,1,1,3.0
21389,"douyin,",1,1,3.0
21390,"down-titrate,",1,1,3.0
21391,downregulate,1,1,3.0
21392,downregulated.,1,1,3.0
21393,"downstream,",1,1,3.0
21394,"downward,",1,1,3.0
21395,dp,1,1,3.0
21396,dpn),1,1,3.0
21397,dpn-related,1,1,3.0
21398,dpp-4).,1,1,3.0
21399,dpp-iv,1,1,3.0
21400,"dpp4i),",1,1,3.0
21401,dpp4i;,1,1,3.0
21402,dpp4is.,1,1,3.0
21403,"dr,",1,1,3.0
21404,"drafting,",1,1,3.0
21405,drain,1,1,3.0
21406,draining,1,1,3.0
21407,dramatically.,1,1,3.0
21408,drank,1,1,3.0
21409,dream-enactment,1,1,3.0
21410,drg,1,1,3.0
21411,"drg,",1,1,3.0
21412,drg.,1,1,3.0
21413,drift,1,1,3.0
21414,drinking.,1,1,3.0
21415,"drive,",1,1,3.0
21416,drivers.,1,1,3.0
21417,dronabinol,1,1,3.0
21418,drop-off,1,1,3.0
21419,droplets,1,1,3.0
21420,dropout,1,1,3.0
21421,drove,1,1,3.0
21422,drp1,1,1,3.0
21423,drug's,1,1,3.0
21424,drug-,1,1,3.0
21425,drug-class-specific,1,1,3.0
21426,drug-development,1,1,3.0
21427,drug-device,1,1,3.0
21428,drug-mediated,1,1,3.0
21429,drug-responsive,1,1,3.0
21430,drug-taking,1,1,3.0
21431,"drugs,""",1,1,3.0
21432,drugs:,1,1,3.0
21433,drugs:orforglipron,1,1,3.0
21434,drummond,1,1,3.0
21435,"dsc,",1,1,3.0
21436,dsn,1,1,3.0
21437,dss-induced,1,1,3.0
21438,dtsqc,1,1,3.0
21439,dtt-responsive,1,1,3.0
21440,dual-endpoint,1,1,3.0
21441,dual-layer,1,1,3.0
21442,dual-pathway,1,1,3.0
21443,dual-target,1,1,3.0
21444,dual-therapy,1,1,3.0
21445,"dual-therapy,",1,1,3.0
21446,dual-transporter-targeted,1,1,3.0
21447,dual/triple,1,1,3.0
21448,duality,1,1,3.0
21449,ducts,1,1,3.0
21450,"dul,",1,1,3.0
21451,dul.,1,1,3.0
21452,dulaglutide-induced,1,1,3.0
21453,dulaglutide;,1,1,3.0
21454,"dumping,",1,1,3.0
21455,"dunedinpace,",1,1,3.0
21456,"duodenum,",1,1,3.0
21457,dupilumab,1,1,3.0
21458,"dupilumab,",1,1,3.0
21459,"duplicates,",1,1,3.0
21460,"duplicates,123",1,1,3.0
21461,durability),1,1,3.0
21462,durability.,1,1,3.0
21463,duration),1,1,3.0
21464,duration:,1,1,3.0
21465,"dvt,",1,1,3.0
21466,dxa-based,1,1,3.0
21467,"dynamic,",1,1,3.0
21468,dynamics-ranging,1,1,3.0
21469,dynamics-the,1,1,3.0
21470,dynamics.,1,1,3.0
21471,dynamin-related,1,1,3.0
21472,dynasty.,1,1,3.0
21473,dyrk1a.,1,1,3.0
21474,"dysautonomia,",1,1,3.0
21475,dysbiosis-directed,1,1,3.0
21476,dysesthesia,1,1,3.0
21477,"dysesthesias,",1,1,3.0
21478,"dysfunction),",1,1,3.0
21479,dysfunction-,1,1,3.0
21480,"dysfunction-adma,",1,1,3.0
21481,dysfunction-such,1,1,3.0
21482,dysfunctionassociated,1,1,3.0
21483,dysfunctions.,1,1,3.0
21484,dysglycemic,1,1,3.0
21485,dyslipidaemia.,1,1,3.0
21486,dyslipidaemic,1,1,3.0
21487,dysmotility,1,1,3.0
21488,dyspepsia,1,1,3.0
21489,dysphagia/dysarthria,1,1,3.0
21490,dysphonia,1,1,3.0
21491,dyspnoea.,1,1,3.0
21492,dysregulation;,1,1,3.0
21493,"e)-3-(4-substitutedphenyl)-2-(3-(3,4-dichlorophenyl)",1,1,3.0
21494,"e,",1,1,3.0
21495,e-selectin,1,1,3.0
21496,"e-selectin,",1,1,3.0
21497,e-value,1,1,3.0
21498,"e/e',",1,1,3.0
21499,e10),1,1,3.0
21500,e11,1,1,3.0
21501,"e11.40),",1,1,3.0
21502,ea.,1,1,3.0
21503,ea/sea-treated,1,1,3.0
21504,"each,",1,1,3.0
21505,"eae,",1,1,3.0
21506,earlier-generation,1,1,3.0
21507,"early,",1,1,3.0
21508,early-access,1,1,3.0
21509,early-life,1,1,3.0
21510,early.,1,1,3.0
21511,ease,1,1,3.0
21512,easier.,1,1,3.0
21513,easo-efad-ecpo,1,1,3.0
21514,eastern,1,1,3.0
21515,eat-derived,1,1,3.0
21516,eating),1,1,3.0
21517,eating-,1,1,3.0
21518,eating-related,1,1,3.0
21519,eating;,1,1,3.0
21520,eb05];,1,1,3.0
21521,ebgm).,1,1,3.0
21522,ebmt-alone,1,1,3.0
21523,ebsco,1,1,3.0
21524,ec50,1,1,3.0
21525,ecd),1,1,3.0
21526,"ecg,",1,1,3.0
21527,echocardiographic,1,1,3.0
21528,echocardiography.,1,1,3.0
21529,echomri),1,1,3.0
21530,"ecim,",1,1,3.0
21531,ecology,1,1,3.0
21532,"ecology,",1,1,3.0
21533,economically,1,1,3.0
21534,economics,1,1,3.0
21535,economy;,1,1,3.0
21536,ecosystem.,1,1,3.0
21537,eczema,1,1,3.0
21538,ed.,1,1,3.0
21539,edd,1,1,3.0
21540,edd.,1,1,3.0
21541,edds,1,1,3.0
21542,edible,1,1,3.0
21543,editing,1,1,3.0
21544,edition,1,1,3.0
21545,"editorial,",1,1,3.0
21546,editorials,1,1,3.0
21547,"editors,",1,1,3.0
21548,edmonton,1,1,3.0
21549,edss,1,1,3.0
21550,educating,1,1,3.0
21551,education.,1,1,3.0
21552,ee,1,1,3.0
21553,eef1a1,1,1,3.0
21554,eeg/video-eeg,1,1,3.0
21555,effectively.,1,1,3.0
21556,effector.,1,1,3.0
21557,effects:,1,1,3.0
21558,efferent,1,1,3.0
21559,efficacy-effectiveness,1,1,3.0
21560,efficacyof,1,1,3.0
21561,efficiency.,1,1,3.0
21562,efficient,1,1,3.0
21563,"efficient,",1,1,3.0
21564,efficiently,1,1,3.0
21565,"effluvium,",1,1,3.0
21566,efflux,1,1,3.0
21567,"efflux,",1,1,3.0
21568,effort,1,1,3.0
21569,"effort,",1,1,3.0
21570,effort-based,1,1,3.0
21571,"efforts,",1,1,3.0
21572,efpeglenatide's,1,1,3.0
21573,"efruxifermin,",1,1,3.0
21574,egcg,1,1,3.0
21575,egd.,1,1,3.0
21576,egfp-labelled,1,1,3.0
21577,egg,1,1,3.0
21578,eggshell,1,1,3.0
21579,egr1,1,1,3.0
21580,egr1-mediated,1,1,3.0
21581,egr;,1,1,3.0
21582,egypt.,1,1,3.0
21583,ehr-based,1,1,3.0
21584,eicosatrienoic,1,1,3.0
21585,eight-month,1,1,3.0
21586,eighty-three,1,1,3.0
21587,either.,1,1,3.0
21588,ela-lys12(γglupal),1,1,3.0
21589,elaborated,1,1,3.0
21590,elaborates,1,1,3.0
21591,elastographic,1,1,3.0
21592,"elastography,",1,1,3.0
21593,elderly.,1,1,3.0
21594,electric,1,1,3.0
21595,electrically,1,1,3.0
21596,electrocardiography,1,1,3.0
21597,electrolyte-dependent,1,1,3.0
21598,electrolytes,1,1,3.0
21599,electromagnetic,1,1,3.0
21600,"electrophoresis,",1,1,3.0
21601,electrophysiologic,1,1,3.0
21602,electrophysiology,1,1,3.0
21603,"electrophysiology,",1,1,3.0
21604,electrospinning,1,1,3.0
21605,electrospun,1,1,3.0
21606,electrostatically,1,1,3.0
21607,"electrostatically,",1,1,3.0
21608,electrostatics:,1,1,3.0
21609,elegantly,1,1,3.0
21610,element,1,1,3.0
21611,"element,",1,1,3.0
21612,element-binding,1,1,3.0
21613,elevate,1,1,3.0
21614,elevated.,1,1,3.0
21615,elevated;,1,1,3.0
21616,elevating,1,1,3.0
21617,"elevations,",1,1,3.0
21618,elicit,1,1,3.0
21619,"eliminated,",1,1,3.0
21620,eliminates,1,1,3.0
21621,eliminating,1,1,3.0
21622,elimination,1,1,3.0
21623,"elimination,",1,1,3.0
21624,elisa,1,1,3.0
21625,elisa:,1,1,3.0
21626,elixhauser,1,1,3.0
21627,ellagitannins,1,1,3.0
21628,"elongation,",1,1,3.0
21629,elongation.,1,1,3.0
21630,elongation;,1,1,3.0
21631,eloralintide,1,1,3.0
21632,eloralintide's,1,1,3.0
21633,elucidates,1,1,3.0
21634,elucidation,1,1,3.0
21635,elusive-realised,1,1,3.0
21636,elution,1,1,3.0
21637,embedding,1,1,3.0
21638,embryonic,1,1,3.0
21639,emerge.,1,1,3.0
21640,"emergencies,",1,1,3.0
21641,"emerges,",1,1,3.0
21642,emesis.,1,1,3.0
21643,emission.,1,1,3.0
21644,emotive,1,1,3.0
21645,"empa-kidney,",1,1,3.0
21646,emperor-preserved,1,1,3.0
21647,emphasise,1,1,3.0
21648,"emphasised,",1,1,3.0
21649,emphasises,1,1,3.0
21650,empiric,1,1,3.0
21651,employs,1,1,3.0
21652,empty,1,1,3.0
21653,empty-vector,1,1,3.0
21654,emptying),1,1,3.0
21655,emulate,1,1,3.0
21656,emulating,1,1,3.0
21657,emulation.,1,1,3.0
21658,emulations,1,1,3.0
21659,emulsion,1,1,3.0
21660,enacted,1,1,3.0
21661,enactive,1,1,3.0
21662,"encapsulation,",1,1,3.0
21663,encephalomyelitis/chronic,1,1,3.0
21664,encephalopathy,1,1,3.0
21665,encephalopathy.,1,1,3.0
21666,encoding,1,1,3.0
21667,encompassed,1,1,3.0
21668,"encounter,",1,1,3.0
21669,encounter;,1,1,3.0
21670,encountered,1,1,3.0
21671,"encounters,",1,1,3.0
21672,encouraged,1,1,3.0
21673,"encouraging,",1,1,3.0
21674,"end-feet,",1,1,3.0
21675,"end-of-study,",1,1,3.0
21676,end-product,1,1,3.0
21677,endes,1,1,3.0
21678,ending,1,1,3.0
21679,"endocannabinoids,",1,1,3.0
21680,endocrine-like,1,1,3.0
21681,endocrine-metabolic,1,1,3.0
21682,endocrine-metabolic-gut-brain,1,1,3.0
21683,endocrinological,1,1,3.0
21684,endocrinologists,1,1,3.0
21685,endocrinopathies,1,1,3.0
21686,endocytosis.,1,1,3.0
21687,endogenously,1,1,3.0
21688,endometrium,1,1,3.0
21689,endorse,1,1,3.0
21690,endorses,1,1,3.0
21691,endorsing,1,1,3.0
21692,endoscopist's,1,1,3.0
21693,"endoscopy,",1,1,3.0
21694,endosomal-mitochondrial,1,1,3.0
21695,"endothelial,",1,1,3.0
21696,endothelial-astrocyte,1,1,3.0
21697,endothelial-derived,1,1,3.0
21698,endothelial-stabilising,1,1,3.0
21699,endothelium,1,1,3.0
21700,"endothelium,",1,1,3.0
21701,"endotoxemia,",1,1,3.0
21702,endotoxemia.,1,1,3.0
21703,endotoxin,1,1,3.0
21704,endotypes.,1,1,3.0
21705,"endotyping,",1,1,3.0
21706,endovascular,1,1,3.0
21707,endpoints).,1,1,3.0
21708,energetics.,1,1,3.0
21709,energy-intake,1,1,3.0
21710,energy/protein,1,1,3.0
21711,enforced,1,1,3.0
21712,engagement-persistence,1,1,3.0
21713,engagement;,1,1,3.0
21714,engendered,1,1,3.0
21715,engines:,1,1,3.0
21716,england,1,1,3.0
21717,"enhancement,",1,1,3.0
21718,enhancer,1,1,3.0
21719,"enhancer,",1,1,3.0
21720,"enhancers,",1,1,3.0
21721,enhancers.,1,1,3.0
21722,enhancing.,1,1,3.0
21723,enjoyable,1,1,3.0
21724,enjoyment,1,1,3.0
21725,enkephalin/dor,1,1,3.0
21726,enkephalin/δ-opioid,1,1,3.0
21727,enquire,1,1,3.0
21728,enrolled;,1,1,3.0
21729,enrollment.,1,1,3.0
21730,enrolment,1,1,3.0
21731,ensembles,1,1,3.0
21732,ensembles.,1,1,3.0
21733,ensmust00000155383,1,1,3.0
21734,ensuing,1,1,3.0
21735,ensures,1,1,3.0
21736,"entail,",1,1,3.0
21737,enterocytes,1,1,3.0
21738,enterocytic,1,1,3.0
21739,enteroendocrine-like,1,1,3.0
21740,enterohepatic,1,1,3.0
21741,enteropancreatic,1,1,3.0
21742,enterprise,1,1,3.0
21743,entities,1,1,3.0
21744,entitled,1,1,3.0
21745,entity.,1,1,3.0
21746,entpd1,1,1,3.0
21747,entpd3,1,1,3.0
21748,entrenchment,1,1,3.0
21749,"entry,",1,1,3.0
21750,environments.,1,1,3.0
21751,"enzyme),",1,1,3.0
21752,"enzyme,",1,1,3.0
21753,enzyme-,1,1,3.0
21754,enzyme.,1,1,3.0
21755,eosin,1,1,3.0
21756,"eosin,",1,1,3.0
21757,eosinophilic,1,1,3.0
21758,epic's,1,1,3.0
21759,"epidemic,",1,1,3.0
21760,epidemic.,1,1,3.0
21761,"epigenetic,",1,1,3.0
21762,episode,1,1,3.0
21763,"episode,",1,1,3.0
21764,"episodes,",1,1,3.0
21765,epistemonikos,1,1,3.0
21766,"epithelial,",1,1,3.0
21767,epithelium,1,1,3.0
21768,"epithelium,",1,1,3.0
21769,eplerenone).,1,1,3.0
21770,eq-5d-5l).,1,1,3.0
21771,eqtlgen,1,1,3.0
21772,equations.,1,1,3.0
21773,equitably,1,1,3.0
21774,equity,1,1,3.0
21775,"equity,",1,1,3.0
21776,equivalence.,1,1,3.0
21777,"equivalent,",1,1,3.0
21778,equivalents,1,1,3.0
21779,"equivalents),",1,1,3.0
21780,equivalents).,1,1,3.0
21781,eras,1,1,3.0
21782,erasing,1,1,3.0
21783,erk-dependent,1,1,3.0
21784,erk-mediated,1,1,3.0
21785,erk/egr1/wnt5a/jnk,1,1,3.0
21786,"erk1/2,",1,1,3.0
21787,"errors,",1,1,3.0
21788,errors.,1,1,3.0
21789,ertugliflozin,1,1,3.0
21790,ertugliflozin),1,1,3.0
21791,"eructation,",1,1,3.0
21792,"eruptions,",1,1,3.0
21793,"erythema,",1,1,3.0
21794,erythritol,1,1,3.0
21795,erythropoiesis-stimulating,1,1,3.0
21796,escape,1,1,3.0
21797,"escape,",1,1,3.0
21798,"esophagectomy,",1,1,3.0
21799,esophagitis,1,1,3.0
21800,esposure,1,1,3.0
21801,esr1-associated,1,1,3.0
21802,"essay,",1,1,3.0
21803,"esterification,",1,1,3.0
21804,estimable.,1,1,3.0
21805,estimand.,1,1,3.0
21806,estimands,1,1,3.0
21807,estimate),1,1,3.0
21808,estimated.,1,1,3.0
21809,estimation.,1,1,3.0
21810,estimator.,1,1,3.0
21811,estimators,1,1,3.0
21812,estrogen-driven,1,1,3.0
21813,estrogenic,1,1,3.0
21814,etc.,1,1,3.0
21815,etco₂,1,1,3.0
21816,etd,1,1,3.0
21817,ethanol,1,1,3.0
21818,ether,1,1,3.0
21819,ethics,1,1,3.0
21820,ethics-approved,1,1,3.0
21821,"ethnic,",1,1,3.0
21822,ethnopharmacological,1,1,3.0
21823,ethyl,1,1,3.0
21824,ethyl),1,1,3.0
21825,"ethyl,",1,1,3.0
21826,etiologies,1,1,3.0
21827,etiologies.,1,1,3.0
21828,etiology-specific,1,1,3.0
21829,eudravigilance,1,1,3.0
21830,eudravigilance.,1,1,3.0
21831,euglycaemic,1,1,3.0
21832,euglycemic,1,1,3.0
21833,eugonadal,1,1,3.0
21834,europepmc,1,1,3.0
21835,euroqol,1,1,3.0
21836,eus-guided,1,1,3.0
21837,euthyroid,1,1,3.0
21838,evade,1,1,3.0
21839,"evaluate,",1,1,3.0
21840,"evaluated,",1,1,3.0
21841,evaluation),1,1,3.0
21842,evaluation-to,1,1,3.0
21843,evaluator,1,1,3.0
21844,"evasion,",1,1,3.0
21845,event).,1,1,3.0
21846,events).,1,1,3.0
21847,events-remains,1,1,3.0
21848,events.strong,1,1,3.0
21849,events/h),1,1,3.0
21850,events/h).,1,1,3.0
21851,eventual,1,1,3.0
21852,"eventually,",1,1,3.0
21853,ever-evolving,1,1,3.0
21854,ever-use.,1,1,3.0
21855,evidence),1,1,3.0
21856,evidence-from,1,1,3.0
21857,evidence-gap.,1,1,3.0
21858,"evidence-informed,",1,1,3.0
21859,"evident,",1,1,3.0
21860,evidentiary,1,1,3.0
21861,evogliptin,1,1,3.0
21862,evogliptin),1,1,3.0
21863,evoke(+),1,1,3.0
21864,evoke/evoke+,1,1,3.0
21865,evokes,1,1,3.0
21866,"evolution,",1,1,3.0
21867,evolves,1,1,3.0
21868,"ex-4,",1,1,3.0
21869,ex4,1,1,3.0
21870,exacerbate,1,1,3.0
21871,exacerbates,1,1,3.0
21872,exacerbating,1,1,3.0
21873,exacerbation.,1,1,3.0
21874,"exacerbations,",1,1,3.0
21875,exactly,1,1,3.0
21876,exactly.,1,1,3.0
21877,exaggerated,1,1,3.0
21878,example,1,1,3.0
21879,exceedingly,1,1,3.0
21880,excellence,1,1,3.0
21881,excess/adiponectin,1,1,3.0
21882,exchange-based,1,1,3.0
21883,exchanger,1,1,3.0
21884,"exchanges,",1,1,3.0
21885,"excitability,",1,1,3.0
21886,"excluded,",1,1,3.0
21887,"exclusion,",1,1,3.0
21888,exclusion.,1,1,3.0
21889,"exclusions,",1,1,3.0
21890,"exclusively,",1,1,3.0
21891,"excursions,",1,1,3.0
21892,excursions.,1,1,3.0
21893,executed,1,1,3.0
21894,execution,1,1,3.0
21895,executive/processing-speed,1,1,3.0
21896,exemplifies,1,1,3.0
21897,"exenatide),",1,1,3.0
21898,exenatide-pd3,1,1,3.0
21899,exenatide.,1,1,3.0
21900,exendin,1,1,3.0
21901,"exendin(9-39),",1,1,3.0
21902,exendin-4-functionalized,1,1,3.0
21903,exendin-4.,1,1,3.0
21904,exendin-4/exenatide,1,1,3.0
21905,exendin-based,1,1,3.0
21906,exendin-linker-apelin,1,1,3.0
21907,exercise-based,1,1,3.0
21908,exercise-only,1,1,3.0
21909,exercising,1,1,3.0
21910,exhaustion,1,1,3.0
21911,"exhaustion,",1,1,3.0
21912,exhibiting,1,1,3.0
21913,existed,1,1,3.0
21914,"existed,",1,1,3.0
21915,existence,1,1,3.0
21916,exists.,1,1,3.0
21917,exocrine,1,1,3.0
21918,exocytosis,1,1,3.0
21919,exocytosis.,1,1,3.0
21920,exome,1,1,3.0
21921,exosomes,1,1,3.0
21922,"expanded,",1,1,3.0
21923,"expands,",1,1,3.0
21924,"expansion,",1,1,3.0
21925,expansion.,1,1,3.0
21926,expectancy,1,1,3.0
21927,expectations,1,1,3.0
21928,"expectations,",1,1,3.0
21929,"expected,",1,1,3.0
21930,expenditures.,1,1,3.0
21931,experience.,1,1,3.0
21932,"experiences,",1,1,3.0
21933,experiences.,1,1,3.0
21934,experiment.,1,1,3.0
21935,"experimental,",1,1,3.0
21936,"expert-driven,",1,1,3.0
21937,expertise,1,1,3.0
21938,"expiry,",1,1,3.0
21939,explainability,1,1,3.0
21940,explaining,1,1,3.0
21941,explanation.,1,1,3.0
21942,"exploration,",1,1,3.0
21943,"exploratory,",1,1,3.0
21944,"exponentially,",1,1,3.0
21945,exposed),1,1,3.0
21946,"exposed),",1,1,3.0
21947,exposure-induced,1,1,3.0
21948,exposure-injury-structure-function,1,1,3.0
21949,exposure/outcome,1,1,3.0
21950,"exposures,",1,1,3.0
21951,exposures.,1,1,3.0
21952,expressions,1,1,3.0
21953,exquisitely,1,1,3.0
21954,extant,1,1,3.0
21955,extended-interval,1,1,3.0
21956,extended-release).,1,1,3.0
21957,extension-phase,1,1,3.0
21958,extension.,1,1,3.0
21959,extensions,1,1,3.0
21960,"extensively,",1,1,3.0
21961,extent.,1,1,3.0
21962,external-consistency,1,1,3.0
21963,extra,1,1,3.0
21964,"extract,",1,1,3.0
21965,extractable,1,1,3.0
21966,extracutaneous,1,1,3.0
21967,extraordinary,1,1,3.0
21968,extremities.,1,1,3.0
21969,extrinsic,1,1,3.0
21970,"extrusion,",1,1,3.0
21971,"eyes,",1,1,3.0
21972,"ezetimibe,",1,1,3.0
21973,f,1,1,3.0
21974,f-box,1,1,3.0
21975,f10,1,1,3.0
21976,f12.x,1,1,3.0
21977,fabrication,1,1,3.0
21978,"face,""",1,1,3.0
21979,face.,1,1,3.0
21980,faced,1,1,3.0
21981,facets,1,1,3.0
21982,facilitating,1,1,3.0
21983,facilitation,1,1,3.0
21984,fact:,1,1,3.0
21985,"factor,",1,1,3.0
21986,factor-κb,1,1,3.0
21987,factor;,1,1,3.0
21988,fad,1,1,3.0
21989,faecalibacterium,1,1,3.0
21990,faecalibaculum),1,1,3.0
21991,"faecalibaculum,",1,1,3.0
21992,"faecalicatena,",1,1,3.0
21993,faecousia,1,1,3.0
21994,"faers,",1,1,3.0
21995,faers-based,1,1,3.0
21996,"fails,",1,1,3.0
21997,"failure""",1,1,3.0
21998,"failure),",1,1,3.0
21999,failure-type,1,1,3.0
22000,"failures,",1,1,3.0
22001,"fair,",1,1,3.0
22002,fair-to-good,1,1,3.0
22003,falling,1,1,3.0
22004,falls.,1,1,3.0
22005,false-positive,1,1,3.0
22006,falsifiable,1,1,3.0
22007,"familial,",1,1,3.0
22008,familiar,1,1,3.0
22009,familiarity,1,1,3.0
22010,"families,",1,1,3.0
22011,family-level,1,1,3.0
22012,far-reaching,1,1,3.0
22013,fasciculine,1,1,3.0
22014,fashioning,1,1,3.0
22015,fasn,1,1,3.0
22016,"fast,",1,1,3.0
22017,fast-acting,1,1,3.0
22018,fasted),1,1,3.0
22019,fasting-mimetic,1,1,3.0
22020,fat-intensity,1,1,3.0
22021,fat-soluble,1,1,3.0
22022,"fat-soluble,",1,1,3.0
22023,fat/fat-free,1,1,3.0
22024,fat],1,1,3.0
22025,fate.,1,1,3.0
22026,fatherhood,1,1,3.0
22027,fats,1,1,3.0
22028,"fats,",1,1,3.0
22029,fatty-acid,1,1,3.0
22030,"favorable,",1,1,3.0
22031,favorable-profile,1,1,3.0
22032,fc,1,1,3.0
22033,fc-fusion,1,1,3.0
22034,fd,1,1,3.0
22035,fda-reported,1,1,3.0
22036,fda/ema,1,1,3.0
22037,fdr,1,1,3.0
22038,fdr-positive,1,1,3.0
22039,fdr-significant,1,1,3.0
22040,fe2+,1,1,3.0
22041,"fe2+,",1,1,3.0
22042,fears,1,1,3.0
22043,feasibility.,1,1,3.0
22044,feasible.esge,1,1,3.0
22045,febrile,1,1,3.0
22046,fed-batch,1,1,3.0
22047,fedrated,1,1,3.0
22048,feeds,1,1,3.0
22049,female-identifying,1,1,3.0
22050,female.,1,1,3.0
22051,female;,1,1,3.0
22052,"fentanyl,",1,1,3.0
22053,"ferritin,",1,1,3.0
22054,fertile,1,1,3.0
22055,"fertility,",1,1,3.0
22056,"ffar2,",1,1,3.0
22057,ffar2/ffar3,1,1,3.0
22058,"ffar3,",1,1,3.0
22059,ffar4,1,1,3.0
22060,ffml),1,1,3.0
22061,ffs.,1,1,3.0
22062,fg:,1,1,3.0
22063,fga.,1,1,3.0
22064,fgf-21,1,1,3.0
22065,fgf15,1,1,3.0
22066,fgf19,1,1,3.0
22067,"fgf21,which",1,1,3.0
22068,fgf21/β-klotho,1,1,3.0
22069,fh-related,1,1,3.0
22070,"fib-4,",1,1,3.0
22071,"fibers,",1,1,3.0
22072,"fibrillation),",1,1,3.0
22073,"fibrillation/flutter,",1,1,3.0
22074,fibrillation/flutter.,1,1,3.0
22075,"fibrils,",1,1,3.0
22076,fibrogenesis,1,1,3.0
22077,fibroscan-ast,1,1,3.0
22078,fibroscan®,1,1,3.0
22079,fibroscan®;,1,1,3.0
22080,fibrosis).,1,1,3.0
22081,fibrosis:,1,1,3.0
22082,"fibrotic,",1,1,3.0
22083,fidelity,1,1,3.0
22084,"fidelity,",1,1,3.0
22085,field's,1,1,3.0
22086,field:,1,1,3.0
22087,fields.,1,1,3.0
22088,fifty-five,1,1,3.0
22089,figure.,1,1,3.0
22090,filamin,1,1,3.0
22091,fill/multiple,1,1,3.0
22092,filler-like,1,1,3.0
22093,filling,1,1,3.0
22094,fills),1,1,3.0
22095,"films,",1,1,3.0
22096,films.,1,1,3.0
22097,filters,1,1,3.0
22098,filters.,1,1,3.0
22099,final-titer,1,1,3.0
22100,finally,1,1,3.0
22101,"financial,",1,1,3.0
22102,finding.,1,1,3.0
22103,fine,1,1,3.0
22104,fine-one,1,1,3.0
22105,fine-stratification,1,1,3.0
22106,finite,1,1,3.0
22107,finland,1,1,3.0
22108,finland.,1,1,3.0
22109,finngen,1,1,3.0
22110,finngen.,1,1,3.0
22111,firing,1,1,3.0
22112,firmicutes,1,1,3.0
22113,firmness,1,1,3.0
22114,"first""",1,1,3.0
22115,first-degree,1,1,3.0
22116,first-ever,1,1,3.0
22117,first-generation,1,1,3.0
22118,first-in-human,1,1,3.0
22119,"first-line,",1,1,3.0
22120,first-recorded,1,1,3.0
22121,first-user,1,1,3.0
22122,fischer,1,1,3.0
22123,"fisetin,",1,1,3.0
22124,fish,1,1,3.0
22125,fish.,1,1,3.0
22126,fisher,1,1,3.0
22127,fission,1,1,3.0
22128,"fission,",1,1,3.0
22129,fit,1,1,3.0
22130,fitbits,1,1,3.0
22131,fitness,1,1,3.0
22132,"fitness,",1,1,3.0
22133,fits,1,1,3.0
22134,fitzpatrick,1,1,3.0
22135,five-,1,1,3.0
22136,five-fold,1,1,3.0
22137,five-state,1,1,3.0
22138,five;,1,1,3.0
22139,fixed-timepoint,1,1,3.0
22140,flagging,1,1,3.0
22141,flags,1,1,3.0
22142,flare,1,1,3.0
22143,"flares,",1,1,3.0
22144,flavonoids.,1,1,3.0
22145,"flavonols,",1,1,3.0
22146,flavor,1,1,3.0
22147,flavor-flavor,1,1,3.0
22148,flavor-nutrient,1,1,3.0
22149,flavored,1,1,3.0
22150,"flexibility,",1,1,3.0
22151,flexibility.,1,1,3.0
22152,flexible,1,1,3.0
22153,"flexneri,",1,1,3.0
22154,flight,1,1,3.0
22155,flight-associated,1,1,3.0
22156,flora;,1,1,3.0
22157,flow-mediated,1,1,3.0
22158,flow-nmr,1,1,3.0
22159,flow.,1,1,3.0
22160,"flu""",1,1,3.0
22161,"fluctuations,",1,1,3.0
22162,"fluid,",1,1,3.0
22163,"fluids,",1,1,3.0
22164,flux.,1,1,3.0
22165,fmoc-based,1,1,3.0
22166,fmoc-protected,1,1,3.0
22167,fmt),1,1,3.0
22168,fmt.,1,1,3.0
22169,focal,1,1,3.0
22170,foenum-graecum,1,1,3.0
22171,"foenum-graecum,",1,1,3.0
22172,folate-dependent,1,1,3.0
22173,folding/redox,1,1,3.0
22174,folds,1,1,3.0
22175,folds.,1,1,3.0
22176,folklore.,1,1,3.0
22177,follicles.,1,1,3.0
22178,folliculogenesis,1,1,3.0
22179,follow-up:,1,1,3.0
22180,"fondaparinux,",1,1,3.0
22181,food-associated,1,1,3.0
22182,food-cue,1,1,3.0
22183,food-derived,1,1,3.0
22184,food-level,1,1,3.0
22185,food-seeking,1,1,3.0
22186,food.,1,1,3.0
22187,foodborne,1,1,3.0
22188,"foot,",1,1,3.0
22189,footnotes,1,1,3.0
22190,footprint.,1,1,3.0
22191,footprints,1,1,3.0
22192,"force,",1,1,3.0
22193,ford,1,1,3.0
22194,forefront,1,1,3.0
22195,forest,1,1,3.0
22196,forestall,1,1,3.0
22197,forests.,1,1,3.0
22198,forkhead,1,1,3.0
22199,"form,",1,1,3.0
22200,formats,1,1,3.0
22201,formats.,1,1,3.0
22202,formed,1,1,3.0
22203,formidable,1,1,3.0
22204,"forms,",1,1,3.0
22205,forms.,1,1,3.0
22206,formulary,1,1,3.0
22207,"fortunately,",1,1,3.0
22208,forty,1,1,3.0
22209,forty-eight,1,1,3.0
22210,forty-four,1,1,3.0
22211,forty-three,1,1,3.0
22212,found;,1,1,3.0
22213,founded,1,1,3.0
22214,four-cluster,1,1,3.0
22215,four-principle,1,1,3.0
22216,fourier-transform,1,1,3.0
22217,fourteen,1,1,3.0
22218,"foxa1,",1,1,3.0
22219,foxa1-mediated,1,1,3.0
22220,foxo3a,1,1,3.0
22221,"foxp3,",1,1,3.0
22222,fqhc,1,1,3.0
22223,fr,1,1,3.0
22224,"fraction""",1,1,3.0
22225,"fraction"")",1,1,3.0
22226,fraction),1,1,3.0
22227,fraction:,1,1,3.0
22228,fractionation,1,1,3.0
22229,fractions.,1,1,3.0
22230,fracture-centred,1,1,3.0
22231,fragmentation,1,1,3.0
22232,fragments.,1,1,3.0
22233,frailty-related,1,1,3.0
22234,frailty.,1,1,3.0
22235,framework-from,1,1,3.0
22236,framework-the,1,1,3.0
22237,framework:,1,1,3.0
22238,frameworks.,1,1,3.0
22239,frameworks:,1,1,3.0
22240,"framing,",1,1,3.0
22241,framingham,1,1,3.0
22242,"framingham,",1,1,3.0
22243,frc,1,1,3.0
22244,free-testosterone,1,1,3.0
22245,free-text,1,1,3.0
22246,french,1,1,3.0
22247,frequencies.,1,1,3.0
22248,"frequency,",1,1,3.0
22249,frequent;,1,1,3.0
22250,frequently.,1,1,3.0
22251,from:,1,1,3.0
22252,"front,",1,1,3.0
22253,front-loaded,1,1,3.0
22254,frontrunner,1,1,3.0
22255,fructose,1,1,3.0
22256,fruitful,1,1,3.0
22257,"fruits,",1,1,3.0
22258,"fsg,",1,1,3.0
22259,fsh,1,1,3.0
22260,"fsh,",1,1,3.0
22261,fsh.,1,1,3.0
22262,"ft3,",1,1,3.0
22263,"ftir,",1,1,3.0
22264,fuel,1,1,3.0
22265,"fulfillment,",1,1,3.0
22266,"full,",1,1,3.0
22267,full-agonist,1,1,3.0
22268,full-scan,1,1,3.0
22269,"fullness,",1,1,3.0
22270,function),1,1,3.0
22271,function-centered,1,1,3.0
22272,function-related,1,1,3.0
22273,"function/damage,",1,1,3.0
22274,functionality,1,1,3.0
22275,functionalization,1,1,3.0
22276,functionalized,1,1,3.0
22277,functionally,1,1,3.0
22278,"functionally,",1,1,3.0
22279,functioned,1,1,3.0
22280,functioning,1,1,3.0
22281,"functioning,",1,1,3.0
22282,funded,1,1,3.0
22283,"funders,",1,1,3.0
22284,funding.,1,1,3.0
22285,fundoplication,1,1,3.0
22286,fundoplication.,1,1,3.0
22287,fungus,1,1,3.0
22288,further.,1,1,3.0
22289,"fusion-related,",1,1,3.0
22290,fusion-specific,1,1,3.0
22291,fusion-which,1,1,3.0
22292,futility,1,1,3.0
22293,"future,",1,1,3.0
22294,fxiiia,1,1,3.0
22295,fxr-modulating,1,1,3.0
22296,fxr.,1,1,3.0
22297,fxr/shp/srebp-1c,1,1,3.0
22298,"g),",1,1,3.0
22299,"g-formula,",1,1,3.0
22300,g-protein,1,1,3.0
22301,g-protein-biased,1,1,3.0
22302,g.,1,1,3.0
22303,g/day,1,1,3.0
22304,g/day.,1,1,3.0
22305,g/kg,1,1,3.0
22306,g/kg/day,1,1,3.0
22307,g/l]).,1,1,3.0
22308,g6,1,1,3.0
22309,"g__acetatifactor,",1,1,3.0
22310,"g__anaerovorax),",1,1,3.0
22311,"g__anaerovorax,",1,1,3.0
22312,"g__lachnoclostridium,",1,1,3.0
22313,gabaergic,1,1,3.0
22314,"gain),",1,1,3.0
22315,gains.,1,1,3.0
22316,galactomannans,1,1,3.0
22317,galactomannans.,1,1,3.0
22318,galectin-3,1,1,3.0
22319,"galectin-3,",1,1,3.0
22320,"gallstones,",1,1,3.0
22321,gamma),1,1,3.0
22322,gamma-glutamyl,1,1,3.0
22323,gamma;,1,1,3.0
22324,ganglia,1,1,3.0
22325,"garlic,",1,1,3.0
22326,"gasseri,",1,1,3.0
22327,gastrectomy.,1,1,3.0
22328,gastric-emptying,1,1,3.0
22329,gastro-oesophageal,1,1,3.0
22330,gastroenterological,1,1,3.0
22331,gastrointestinal-related,1,1,3.0
22332,gastrointestinal-related),1,1,3.0
22333,gastrointestinal.relevance,1,1,3.0
22334,gastrointestinal/hepatobiliary,1,1,3.0
22335,"gastroparesis,",1,1,3.0
22336,gastroparesis.,1,1,3.0
22337,gastroplasty,1,1,3.0
22338,gastroscopy,1,1,3.0
22339,gastrostomy,1,1,3.0
22340,gata6-dependent,1,1,3.0
22341,gate-keeping,1,1,3.0
22342,gather,1,1,3.0
22343,gathered,1,1,3.0
22344,gathering,1,1,3.0
22345,"gaunt,",1,1,3.0
22346,gavaged,1,1,3.0
22347,gave,1,1,3.0
22348,gbts,1,1,3.0
22349,gc),1,1,3.0
22350,gc-innervating,1,1,3.0
22351,gcase,1,1,3.0
22352,gcg/pc1,1,1,3.0
22353,"gcgr,",1,1,3.0
22354,gcgr-/-,1,1,3.0
22355,gcgr-deficient,1,1,3.0
22356,"gdf-15,",1,1,3.0
22357,gdf15,1,1,3.0
22358,gdm.,1,1,3.0
22359,gdn).,1,1,3.0
22360,gdp,1,1,3.0
22361,ged,1,1,3.0
22362,"gene,",1,1,3.0
22363,gene-related,1,1,3.0
22364,genera,1,1,3.0
22365,genera.,1,1,3.0
22366,general/injection-site,1,1,3.0
22367,generalisability.,1,1,3.0
22368,generalisation,1,1,3.0
22369,"generalizability,",1,1,3.0
22370,generalize,1,1,3.0
22371,"generally,",1,1,3.0
22372,"generation,",1,1,3.0
22373,generation.,1,1,3.0
22374,generations,1,1,3.0
22375,generics,1,1,3.0
22376,generics.,1,1,3.0
22377,genetics,1,1,3.0
22378,genetics),1,1,3.0
22379,genital-safety,1,1,3.0
22380,genomic,1,1,3.0
22381,genotoxicity,1,1,3.0
22382,"genotype),",1,1,3.0
22383,genotyping,1,1,3.0
22384,"genotyping,",1,1,3.0
22385,genotyping.,1,1,3.0
22386,gentamicin,1,1,3.0
22387,genus,1,1,3.0
22388,geometries,1,1,3.0
22389,geometry,1,1,3.0
22390,"geometry,",1,1,3.0
22391,geometry-cargo,1,1,3.0
22392,gerd-related,1,1,3.0
22393,geriatric,1,1,3.0
22394,germany,1,1,3.0
22395,germany),1,1,3.0
22396,germinal,1,1,3.0
22397,geroprotection,1,1,3.0
22398,"geroprotection,",1,1,3.0
22399,geroprotection.,1,1,3.0
22400,"geroprotective,",1,1,3.0
22401,"geroprotectors,",1,1,3.0
22402,geroscience,1,1,3.0
22403,gerotherapeutic,1,1,3.0
22404,"gerotherapeutic,",1,1,3.0
22405,gerotherapeutics.,1,1,3.0
22406,"gestational,",1,1,3.0
22407,gfap,1,1,3.0
22408,"gfap,",1,1,3.0
22409,gfp:,1,1,3.0
22410,gfr,1,1,3.0
22411,gh-resistant,1,1,3.0
22412,gh/igf-1,1,1,3.0
22413,gh/tsh-producing,1,1,3.0
22414,ghr,1,1,3.0
22415,"gi-aes,",1,1,3.0
22416,gi-related,1,1,3.0
22417,gip(1-42),1,1,3.0
22418,gip-based,1,1,3.0
22419,gip-positive,1,1,3.0
22420,gip.,1,1,3.0
22421,gip/glp-1/glucagon,1,1,3.0
22422,gip/glp-1ra,1,1,3.0
22423,gip/glp-1ra.,1,1,3.0
22424,gip/glp-1ras',1,1,3.0
22425,gipr),1,1,3.0
22426,gipr.,1,1,3.0
22427,gipr/glp1r,1,1,3.0
22428,girl,1,1,3.0
22429,github,1,1,3.0
22430,gksset's,1,1,3.0
22431,glands,1,1,3.0
22432,glar,1,1,3.0
22433,glar.,1,1,3.0
22434,glar/exe,1,1,3.0
22435,"glar/exe,",1,1,3.0
22436,glargine],1,1,3.0
22437,"glasses,",1,1,3.0
22438,gld.,1,1,3.0
22439,"glds,",1,1,3.0
22440,glds.,1,1,3.0
22441,glean,1,1,3.0
22442,"glia,",1,1,3.0
22443,"glial,",1,1,3.0
22444,gliflozins),1,1,3.0
22445,glimins-class,1,1,3.0
22446,glinides).,1,1,3.0
22447,glipizide).,1,1,3.0
22448,gliptins,1,1,3.0
22449,glk,1,1,3.0
22450,global-regional,1,1,3.0
22451,globe,1,1,3.0
22452,globular,1,1,3.0
22453,globulins,1,1,3.0
22454,glomerulomegaly,1,1,3.0
22455,"glomerulonephritis,",1,1,3.0
22456,glomerulopathy,1,1,3.0
22457,glomerulosclerosis.,1,1,3.0
22458,glp-1's,1,1,3.0
22459,glp-1(7-36)-,1,1,3.0
22460,glp-1(7-37),1,1,3.0
22461,glp-1(9-36)-induced,1,1,3.0
22462,glp-1(a8g)-fc,1,1,3.0
22463,glp-1(a8g)/gip(1-30)-fc,1,1,3.0
22464,glp-1(a8g)/gip(1-30)-fc.,1,1,3.0
22465,glp-1(a8g)/gip(3-30)-fc,1,1,3.0
22466,glp-1(a8g)/gip(3-30)-fc;,1,1,3.0
22467,glp-1(a8g)/gip(a2g)-fc,1,1,3.0
22468,glp-1(a8g)/gip(a2g)-fc;,1,1,3.0
22469,glp-1-consistent,1,1,3.0
22470,glp-1-degrading,1,1,3.0
22471,glp-1-dependent,1,1,3.0
22472,glp-1-gip,1,1,3.0
22473,"glp-1-insulin,",1,1,3.0
22474,"glp-1-metformin,",1,1,3.0
22475,glp-1-producing,1,1,3.0
22476,glp-1-ra,1,1,3.0
22477,glp-1-ras.,1,1,3.0
22478,glp-1-ras;,1,1,3.0
22479,glp-1-receptor,1,1,3.0
22480,glp-1-secreting,1,1,3.0
22481,"glp-1-sglt2i,",1,1,3.0
22482,glp-1-sulfonylurea,1,1,3.0
22483,glp-1-treatment.,1,1,3.0
22484,glp-1/apj,1,1,3.0
22485,glp-1/gcg,1,1,3.0
22486,glp-1/gip/gcg,1,1,3.0
22487,glp-1/gipra,1,1,3.0
22488,glp-1/glp1-gip,1,1,3.0
22489,glp-1/glucagon,1,1,3.0
22490,glp-1/pyy,1,1,3.0
22491,glp-1a-exposed,1,1,3.0
22492,glp-1a.,1,1,3.0
22493,glp-1r-ampk,1,1,3.0
22494,glp-1r-based,1,1,3.0
22495,glp-1r-engaging,1,1,3.0
22496,glp-1r-related,1,1,3.0
22497,glp-1r-targeting,1,1,3.0
22498,glp-1r/glucose-dependent,1,1,3.0
22499,glp-1ra's,1,1,3.0
22500,"glp-1ra),",1,1,3.0
22501,glp-1ra+glucose-dependent,1,1,3.0
22502,glp-1ra+neuropeptidey1/y2,1,1,3.0
22503,glp-1ra-exposed,1,1,3.0
22504,glp-1ra-induced,1,1,3.0
22505,glp-1ra-related,1,1,3.0
22506,glp-1ra-supported,1,1,3.0
22507,glp-1ra.1,1,1,3.0
22508,glp-1ra/gip,1,1,3.0
22509,glp-1ra/incretin-based,1,1,3.0
22510,glp-1ras/tirzepatide,1,1,3.0
22511,glp-1rats,1,1,3.0
22512,"glp-1rs,",1,1,3.0
22513,glp-1rtanycytekd,1,1,3.0
22514,"glp-1s""]",1,1,3.0
22515,glp-1s.,1,1,3.0
22516,glp-based,1,1,3.0
22517,"glp1-ras,",1,1,3.0
22518,glp1-ras.,1,1,3.0
22519,glp1-ras;,1,1,3.0
22520,glp1a.,1,1,3.0
22521,glp1r(glucagon,1,1,3.0
22522,"glp1r,",1,1,3.0
22523,glp1r-deficient,1,1,3.0
22524,glp1ra-dependent,1,1,3.0
22525,glp1ra-mediated,1,1,3.0
22526,glp1ras.,1,1,3.0
22527,glpa,1,1,3.0
22528,glpa.,1,1,3.0
22529,glpg0974.,1,1,3.0
22530,glucagon-1,1,1,3.0
22531,glucagon-immunoreactive,1,1,3.0
22532,glucagon-induced,1,1,3.0
22533,glucagon-like-peptide-1,1,1,3.0
22534,glucagon.,1,1,3.0
22535,glucagon/glp-1,1,1,3.0
22536,"glucocorticoid,",1,1,3.0
22537,glucocorticoids.,1,1,3.0
22538,"glucogalactomannans,",1,1,3.0
22539,glucokinase,1,1,3.0
22540,glucolipid,1,1,3.0
22541,glucolipotoxic,1,1,3.0
22542,gluconeogenesis,1,1,3.0
22543,"gluconeogenesis,",1,1,3.0
22544,glucosamine,1,1,3.0
22545,glucose),1,1,3.0
22546,glucose-centric,1,1,3.0
22547,glucose-independent,1,1,3.0
22548,glucose-mediated,1,1,3.0
22549,glucose-related,1,1,3.0
22550,glucose-sensitive,1,1,3.0
22551,glucose-stabilising,1,1,3.0
22552,glucose/insulin,1,1,3.0
22553,glucose;,1,1,3.0
22554,"glucotoxicity,",1,1,3.0
22555,"glut2),",1,1,3.0
22556,glut4,1,1,3.0
22557,glutamate,1,1,3.0
22558,glutathione,1,1,3.0
22559,"glutathione,",1,1,3.0
22560,glycaemia-lowering,1,1,3.0
22561,"glycaemic,",1,1,3.0
22562,glycation,1,1,3.0
22563,"glycation,",1,1,3.0
22564,glycemia-based,1,1,3.0
22565,glycemia-only,1,1,3.0
22566,"glycine,",1,1,3.0
22567,glycodeoxycholate,1,1,3.0
22568,"glycol)),",1,1,3.0
22569,glycolysis,1,1,3.0
22570,glycolysis-related,1,1,3.0
22571,glycomacropeptide,1,1,3.0
22572,glycoside,1,1,3.0
22573,glymphatic,1,1,3.0
22574,gm,1,1,3.0
22575,gm-derived,1,1,3.0
22576,"gm2824,",1,1,3.0
22577,gm2824.,1,1,3.0
22578,gnf4877,1,1,3.0
22579,gnf4877),1,1,3.0
22580,gnrh,1,1,3.0
22581,go.,1,1,3.0
22582,go/no,1,1,3.0
22583,goal),1,1,3.0
22584,goals,1,1,3.0
22585,goc,1,1,3.0
22586,goes,1,1,3.0
22587,going,1,1,3.0
22588,golgi,1,1,3.0
22589,gonadotropins.,1,1,3.0
22590,gone,1,1,3.0
22591,goto-kakizaki,1,1,3.0
22592,"gout),",1,1,3.0
22593,gout).,1,1,3.0
22594,gov,1,1,3.0
22595,"governance,",1,1,3.0
22596,"government,",1,1,3.0
22597,governmental,1,1,3.0
22598,governs,1,1,3.0
22599,gpcr-tailored,1,1,3.0
22600,"gpcrvp,",1,1,3.0
22601,"gpr107,",1,1,3.0
22602,"gpr119,",1,1,3.0
22603,gprotein-coupled,1,1,3.0
22604,gpx4,1,1,3.0
22605,"gpx4/fsp1,",1,1,3.0
22606,"gr-7,",1,1,3.0
22607,grabs,1,1,3.0
22608,gradient.,1,1,3.0
22609,grading.,1,1,3.0
22610,"gradually,",1,1,3.0
22611,graft-related,1,1,3.0
22612,grafting,1,1,3.0
22613,grafting.,1,1,3.0
22614,grams,1,1,3.0
22615,grants,1,1,3.0
22616,"granular,",1,1,3.0
22617,granules,1,1,3.0
22618,granulocytic,1,1,3.0
22619,granulomatous,1,1,3.0
22620,graph,1,1,3.0
22621,gravitational,1,1,3.0
22622,green;,1,1,3.0
22623,grip,1,1,3.0
22624,gross,1,1,3.0
22625,"grounding,",1,1,3.0
22626,groundwork,1,1,3.0
22627,group's,1,1,3.0
22628,"group(t2dm),",1,1,3.0
22629,group-associated,1,1,3.0
22630,group-based,1,1,3.0
22631,group-specific,1,1,3.0
22632,grown,1,1,3.0
22633,growth.,1,1,3.0
22634,gs-coupled,1,1,3.0
22635,gsdmd:,1,1,3.0
22636,gsk-,1,1,3.0
22637,gsk3β,1,1,3.0
22638,"gt,",1,1,3.0
22639,gt.,1,1,3.0
22640,guanosine,1,1,3.0
22641,guardians.,1,1,3.0
22642,guardrails,1,1,3.0
22643,guidance;,1,1,3.0
22644,guide.,1,1,3.0
22645,guideline-based,1,1,3.0
22646,"guilds,",1,1,3.0
22647,guinea-pig,1,1,3.0
22648,guinea-pig.,1,1,3.0
22649,"gut,""",1,1,3.0
22650,"gut-adipose,",1,1,3.0
22651,gut-barrier-mediated,1,1,3.0
22652,"gut-brain,",1,1,3.0
22653,gut-centered,1,1,3.0
22654,gut-directed,1,1,3.0
22655,gut-endocrine,1,1,3.0
22656,gut-hormone,1,1,3.0
22657,"gut-hormone,",1,1,3.0
22658,gut-liver-kidney,1,1,3.0
22659,gut-pancreas,1,1,3.0
22660,gut-related,1,1,3.0
22661,gut-restricted,1,1,3.0
22662,gut-secreted,1,1,3.0
22663,gut-skin,1,1,3.0
22664,gwas,1,1,3.0
22665,gynaecologic,1,1,3.0
22666,gynaecology,1,1,3.0
22667,gynecologic,1,1,3.0
22668,"gynecology,",1,1,3.0
22669,gα,1,1,3.0
22670,gαs-related,1,1,3.0
22671,gαs/adenylate,1,1,3.0
22672,h&e,1,1,3.0
22673,"h/day,",1,1,3.0
22674,h2o2,1,1,3.0
22675,habit,1,1,3.0
22676,habits.,1,1,3.0
22677,habitual,1,1,3.0
22678,haematologic,1,1,3.0
22679,haematology,1,1,3.0
22680,haemodynamics,1,1,3.0
22681,haemolysis,1,1,3.0
22682,"hair,",1,1,3.0
22683,half-lives.,1,1,3.0
22684,"hallmark,",1,1,3.0
22685,hallmark.,1,1,3.0
22686,"hallucinations,",1,1,3.0
22687,"halting,",1,1,3.0
22688,halved,1,1,3.0
22689,hand,1,1,3.0
22690,"hand,",1,1,3.0
22691,hand-searched.,1,1,3.0
22692,"hand-searches,",1,1,3.0
22693,handled,1,1,3.0
22694,handling,1,1,3.0
22695,handling.,1,1,3.0
22696,handling.new,1,1,3.0
22697,"hands,",1,1,3.0
22698,hangzhou,1,1,3.0
22699,haptoglobin).,1,1,3.0
22700,harm;,1,1,3.0
22701,harmful,1,1,3.0
22702,"harmine,",1,1,3.0
22703,harmine-pka-dyrk1a,1,1,3.0
22704,harmonization,1,1,3.0
22705,harmony,1,1,3.0
22706,harms;,1,1,3.0
22707,harness,1,1,3.0
22708,harnessing,1,1,3.0
22709,hartung-knapp-sidik-jonkman,1,1,3.0
22710,harvested,1,1,3.0
22711,harvested.,1,1,3.0
22712,"has,",1,1,3.0
22713,"has-bled,",1,1,3.0
22714,haugh,1,1,3.0
22715,hazard-ratio,1,1,3.0
22716,hb8#3,1,1,3.0
22717,hba1c:,1,1,3.0
22718,hba1c;,1,1,3.0
22719,hba1c<inf>dcct</inf>,1,1,3.0
22720,hba1c],1,1,3.0
22721,"hblt,",1,1,3.0
22722,hbond-n93,1,1,3.0
22723,hbond-y240,1,1,3.0
22724,hcc.,1,1,3.0
22725,hcmec/d3,1,1,3.0
22726,hcu,1,1,3.0
22727,"hcu,",1,1,3.0
22728,hcu-free,1,1,3.0
22729,hdl-c.,1,1,3.0
22730,"hdl-cholesterol,",1,1,3.0
22731,hdl/triglycerides,1,1,3.0
22732,headache.,1,1,3.0
22733,"healing,",1,1,3.0
22734,health-10,1,1,3.0
22735,health-data,1,1,3.0
22736,health-including,1,1,3.0
22737,health-record,1,1,3.0
22738,health-system,1,1,3.0
22739,health.new,1,1,3.0
22740,health/appearance,1,1,3.0
22741,healthcare's,1,1,3.0
22742,"healthcare,",1,1,3.0
22743,healthcare-related,1,1,3.0
22744,hearing.,1,1,3.0
22745,heart-derived,1,1,3.0
22746,heart-liver,1,1,3.0
22747,heavier,1,1,3.0
22748,heavy-drinking,1,1,3.0
22749,hedonic-reward,1,1,3.0
22750,hei,1,1,3.0
22751,heightens,1,1,3.0
22752,held,1,1,3.0
22753,held-out,1,1,3.0
22754,helicity,1,1,3.0
22755,helped,1,1,3.0
22756,helper,1,1,3.0
22757,"helpful,",1,1,3.0
22758,helsinki,1,1,3.0
22759,"hematologic,",1,1,3.0
22760,hematoma,1,1,3.0
22761,hemiplegia/hemiparesis,1,1,3.0
22762,hemodiafiltration.,1,1,3.0
22763,"hemodialysis,",1,1,3.0
22764,hemodynamically,1,1,3.0
22765,hemoglobin-a1c,1,1,3.0
22766,"hemoglobin-a1c,",1,1,3.0
22767,hemoglobinopathies,1,1,3.0
22768,"hemoglobinopathies,",1,1,3.0
22769,hemoglobinopathy,1,1,3.0
22770,hemolysis-driven,1,1,3.0
22771,"hemorrhage,",1,1,3.0
22772,hemostasis,1,1,3.0
22773,henry,1,1,3.0
22774,hens.,1,1,3.0
22775,heparin,1,1,3.0
22776,hepatically,1,1,3.0
22777,"hepatocellular,",1,1,3.0
22778,hepatocyte,1,1,3.0
22779,hepatocytes,1,1,3.0
22780,"hepatokines,",1,1,3.0
22781,hepatology.,1,1,3.0
22782,"hepatoprotective,",1,1,3.0
22783,hepatotoxicity,1,1,3.0
22784,"herb,",1,1,3.0
22785,herb-drug,1,1,3.0
22786,herbs,1,1,3.0
22787,here.,1,1,3.0
22788,hereafter,1,1,3.0
22789,hernia,1,1,3.0
22790,herringbone,1,1,3.0
22791,hesitancy,1,1,3.0
22792,heterogeneity:,1,1,3.0
22793,heterogeneous:,1,1,3.0
22794,hexamer-to-heptamer,1,1,3.0
22795,"hexapeptide,",1,1,3.0
22796,"hfd,",1,1,3.0
22797,hfd-associated,1,1,3.0
22798,hfd-treated,1,1,3.0
22799,hff.,1,1,3.0
22800,hfpef-obesity,1,1,3.0
22801,hfpef-specific,1,1,3.0
22802,"hfref,",1,1,3.0
22803,hfs-ii,1,1,3.0
22804,hg).,1,1,3.0
22805,hglp-1r,1,1,3.0
22806,hhf.,1,1,3.0
22807,hhf;,1,1,3.0
22808,"hhsn268200800007c,",1,1,3.0
22809,"hhsn268201200036c,",1,1,3.0
22810,"hhsn268201800001c,",1,1,3.0
22811,hiapp,1,1,3.0
22812,hidden,1,1,3.0
22813,hierarchy,1,1,3.0
22814,hierarchy.,1,1,3.0
22815,hif-1-mediated,1,1,3.0
22816,high-adiposity,1,1,3.0
22817,high-affinity,1,1,3.0
22818,high-ascvd-risk,1,1,3.0
22819,high-bioavailability,1,1,3.0
22820,high-carbohydrate,1,1,3.0
22821,high-certainty,1,1,3.0
22822,high-cholesterol,1,1,3.0
22823,high-energy,1,1,3.0
22824,high-exposure,1,1,3.0
22825,high-fat-fed,1,1,3.0
22826,high-fat/fructose,1,1,3.0
22827,high-fructose,1,1,3.0
22828,high-glycemic,1,1,3.0
22829,high-grade,1,1,3.0
22830,high-income,1,1,3.0
22831,high-intensity,1,1,3.0
22832,high-level,1,1,3.0
22833,high-magnitude,1,1,3.0
22834,high-molecular-weight,1,1,3.0
22835,high-performance,1,1,3.0
22836,high-pressure,1,1,3.0
22837,high-responder,1,1,3.0
22838,high-volume,1,1,3.0
22839,high/normal/low-dose,1,1,3.0
22840,high/very,1,1,3.0
22841,high:,1,1,3.0
22842,highdefinition,1,1,3.0
22843,higher-or,1,1,3.0
22844,higher-order,1,1,3.0
22845,higher-ranking,1,1,3.0
22846,highest-risk,1,1,3.0
22847,highlighted.,1,1,3.0
22848,hill,1,1,3.0
22849,hindbrain,1,1,3.0
22850,hinder,1,1,3.0
22851,hindering,1,1,3.0
22852,hip-specific,1,1,3.0
22853,hips;,1,1,3.0
22854,hirsutism,1,1,3.0
22855,"hispanic,",1,1,3.0
22856,hispanic:,1,1,3.0
22857,hispidin,1,1,3.0
22858,histologically.,1,1,3.0
22859,histology-assessed,1,1,3.0
22860,histology-based,1,1,3.0
22861,histology;,1,1,3.0
22862,histomorphometry,1,1,3.0
22863,"histomorphometry,",1,1,3.0
22864,histone,1,1,3.0
22865,"histopathology,",1,1,3.0
22866,historically,1,1,3.0
22867,history.,1,1,3.0
22868,"hitherto,",1,1,3.0
22869,hiv-reservoir,1,1,3.0
22870,hk-2,1,1,3.0
22871,hk2/vdac1/nlrp3,1,1,3.0
22872,hmw,1,1,3.0
22873,hn001,1,1,3.0
22874,hn019,1,1,3.0
22875,hodgkin,1,1,3.0
22876,hodgkin's,1,1,3.0
22877,"hold,",1,1,3.0
22878,holding,1,1,3.0
22879,"holistic,",1,1,3.0
22880,"hollowing,",1,1,3.0
22881,"homa-b,",1,1,3.0
22882,homa-based,1,1,3.0
22883,homa-ir.,1,1,3.0
22884,homa-s,1,1,3.0
22885,homeostasis-homeostatic,1,1,3.0
22886,homeostasis-related,1,1,3.0
22887,homeostasis:,1,1,3.0
22888,homes,1,1,3.0
22889,homogeneous,1,1,3.0
22890,homolog,1,1,3.0
22891,homolog),1,1,3.0
22892,homologous,1,1,3.0
22893,hop-based,1,1,3.0
22894,hope,1,1,3.0
22895,hopping,1,1,3.0
22896,horizon.,1,1,3.0
22897,horizons,1,1,3.0
22898,horizons.,1,1,3.0
22899,hormone-receptor,1,1,3.0
22900,hormone-related,1,1,3.0
22901,hormone-targeting,1,1,3.0
22902,hormones/motility,1,1,3.0
22903,hospital-,1,1,3.0
22904,hospital-based,1,1,3.0
22905,hospital-defined,1,1,3.0
22906,hospital.,1,1,3.0
22907,hospitalised,1,1,3.0
22908,hospitalization.,1,1,3.0
22909,hospitals.,1,1,3.0
22910,host-cell,1,1,3.0
22911,host-derived,1,1,3.0
22912,host-microbiome,1,1,3.0
22913,hosted,1,1,3.0
22914,hotspots,1,1,3.0
22915,hour.,1,1,3.0
22916,hours.,1,1,3.0
22917,hours;,1,1,3.0
22918,housed,1,1,3.0
22919,household,1,1,3.0
22920,housekeeping.,1,1,3.0
22921,housing,1,1,3.0
22922,"however,the",1,1,3.0
22923,hplc-ms/ms,1,1,3.0
22924,hr).,1,1,3.0
22925,hr-range,1,1,3.0
22926,hr.,1,1,3.0
22927,hr:,1,1,3.0
22928,"hr=0.33,",1,1,3.0
22929,hr=0.48;,1,1,3.0
22930,hr=0.50;,1,1,3.0
22931,hr=0.54;,1,1,3.0
22932,hr=0.55;,1,1,3.0
22933,hr=0.60;,1,1,3.0
22934,"hr=0.67,",1,1,3.0
22935,hrms/ms,1,1,3.0
22936,hrs/ahrs,1,1,3.0
22937,hs-diabetes,1,1,3.0
22938,hs-tnt,1,1,3.0
22939,"hs.however,",1,1,3.0
22940,hsa,1,1,3.0
22941,"hscrp,",1,1,3.0
22942,"hsf1,",1,1,3.0
22943,hsf1.,1,1,3.0
22944,hsp,1,1,3.0
22945,hspa5,1,1,3.0
22946,"hspa5,",1,1,3.0
22947,hspa5/bip,1,1,3.0
22948,hsps.,1,1,3.0
22949,http://glp1.tanlab.org.,1,1,3.0
22950,"https://center6.umin.ac.jp/cgi-open-bin/ctr_e/ctr_view.cgi?recptno=r000055239,",1,1,3.0
22951,"https://center6.umin.ac.jp/cgi-open-bin/ctr_e/ctr_view.cgi?recptno=r000055242,",1,1,3.0
22952,https://clinicaltrials.gov/study/nct02496611].,1,1,3.0
22953,https://clinicaltrials.gov/study/nct06365385.,1,1,3.0
22954,https://clinicaltrials.gov/study/nct07611201.,1,1,3.0
22955,https://ctri.nic.in/clinicaltrials/pmaindet2.php?enchid=mtiwnjmx&enc=&username=.,1,1,3.0
22956,https://doi.org/10.1007/s40200-026-02089-x.,1,1,3.0
22957,https://dts.podtrac.com/redirect.mp3/www.asn-online.org/media/podcast/jasn/2026_06_12_asn0000001061.mp3.,1,1,3.0
22958,https://github.com/huising-lab/hart-et-al.-diabetologia-2026,1,1,3.0
22959,https://www.clinicaltrials.gov;,1,1,3.0
22960,"https://www.crd.york.ac.uk/prospero/,",1,1,3.0
22961,"https://www.crd.york.ac.uk/prospero/view/crd420251150683,",1,1,3.0
22962,https://www.crd.york.ac.uk/prospero/view/crd420261320374,1,1,3.0
22963,"https://www.crd.york.ac.uk/prospero/view/crd420261327235,",1,1,3.0
22964,"https://www.crd.york.ac.uk/prospero/view/crd420261354386,",1,1,3.0
22965,hu,1,1,3.0
22966,hua,1,1,3.0
22967,huadong,1,1,3.0
22968,hubs,1,1,3.0
22969,"human,",1,1,3.0
22970,human-derived,1,1,3.0
22971,human-exposure,1,1,3.0
22972,human-guided,1,1,3.0
22973,human-irrelevant,1,1,3.0
22974,human-level,1,1,3.0
22975,humeana,1,1,3.0
22976,humoral,1,1,3.0
22977,humour,1,1,3.0
22978,"hunger""",1,1,3.0
22979,hunger.,1,1,3.0
22980,hurley,1,1,3.0
22981,hvs.,1,1,3.0
22982,hybrid-care,1,1,3.0
22983,hybrid-treated,1,1,3.0
22984,hybridization,1,1,3.0
22985,hybridization.,1,1,3.0
22986,hyd-l71,1,1,3.0
22987,hyd-w237/hyd-f96,1,1,3.0
22988,hydrastis,1,1,3.0
22989,hydration,1,1,3.0
22990,"hydration,",1,1,3.0
22991,hydration.,1,1,3.0
22992,hydrocarbon,1,1,3.0
22993,hydrogen-bond,1,1,3.0
22994,hydrolysis,1,1,3.0
22995,hydrophilicity,1,1,3.0
22996,hydrophobicity,1,1,3.0
22997,hydrostatic,1,1,3.0
22998,hydroxide,1,1,3.0
22999,hydroxylase,1,1,3.0
23000,hyper-immunogenic,1,1,3.0
23001,"hyper-responsiveness,",1,1,3.0
23002,hyperactivity).,1,1,3.0
23003,hyperaemic,1,1,3.0
23004,"hyperalgesia,",1,1,3.0
23005,hyperaminoacidemia.,1,1,3.0
23006,hyperandrogenism,1,1,3.0
23007,"hypercholesterolaemia,",1,1,3.0
23008,hypercholesterolemia,1,1,3.0
23009,"hypercholesterolemia,",1,1,3.0
23010,hyperemia,1,1,3.0
23011,hyperfiltration,1,1,3.0
23012,hyperglycaemia-driven,1,1,3.0
23013,hyperglycemia-driven,1,1,3.0
23014,hyperglycemia-induced,1,1,3.0
23015,hyperglycemic-obesity,1,1,3.0
23016,hyperglycolysis,1,1,3.0
23017,hyperhidrosis.,1,1,3.0
23018,hyperkalaemia,1,1,3.0
23019,"hyperkalaemia,",1,1,3.0
23020,hyperkalemia,1,1,3.0
23021,hyperkeratotic,1,1,3.0
23022,hypermethylation,1,1,3.0
23023,hypermetropic,1,1,3.0
23024,"hyperoxaluria,",1,1,3.0
23025,hyperphagia.,1,1,3.0
23026,hyperphosphorylated,1,1,3.0
23027,hyperpigmentation),1,1,3.0
23028,"hyperreactivity,",1,1,3.0
23029,hypersecretion,1,1,3.0
23030,hypersecretion.,1,1,3.0
23031,"hypersensitivity,",1,1,3.0
23032,hypersomnolence,1,1,3.0
23033,hypertension-related,1,1,3.0
23034,"hypertensive,",1,1,3.0
23035,hyperthyroidism,1,1,3.0
23036,hypertriglyceridemia,1,1,3.0
23037,"hypertriglyceridemia,",1,1,3.0
23038,hypertriglyceridemia-induced,1,1,3.0
23039,hypertrophic,1,1,3.0
23040,hypertrophied,1,1,3.0
23041,hypertrophy,1,1,3.0
23042,"hypertrophy,",1,1,3.0
23043,hypertrophy.,1,1,3.0
23044,hypholomine,1,1,3.0
23045,hypnopompic,1,1,3.0
23046,hypocaloric,1,1,3.0
23047,hypoglycaemia-related,1,1,3.0
23048,hypogonadal,1,1,3.0
23049,"hypogonadism,",1,1,3.0
23050,hypolipidemic,1,1,3.0
23051,"hypomotility,",1,1,3.0
23052,hypotension,1,1,3.0
23053,"hypotension,",1,1,3.0
23054,hypotensive,1,1,3.0
23055,"hypothalamic,",1,1,3.0
23056,hypothalamus-centered,1,1,3.0
23057,hypothalamus-pituitary-testis,1,1,3.0
23058,hypothalamus.,1,1,3.0
23059,"hypotheses,",1,1,3.0
23060,hypothesis-generating;,1,1,3.0
23061,hypothesise,1,1,3.0
23062,hypothesised,1,1,3.0
23063,hypothesize,1,1,3.0
23064,hypothesized.,1,1,3.0
23065,hypotonia,1,1,3.0
23066,"hypotonia,",1,1,3.0
23067,hypoxemia.conditional,1,1,3.0
23068,"hypoxia,",1,1,3.0
23069,hypoxia-induced,1,1,3.0
23070,hypoxia-inducible,1,1,3.0
23071,hypoxia.,1,1,3.0
23072,hz,1,1,3.0
23073,h·ng/ml.,1,1,3.0
23074,hölscher,1,1,3.0
23075,"i&ndash;vi,",1,1,3.0
23076,i.p.,1,1,3.0
23077,i.v.,1,1,3.0
23078,i1088),1,1,3.0
23079,i1088-mediated,1,1,3.0
23080,"i2,",1,1,3.0
23081,i2.,1,1,3.0
23082,iapp,1,1,3.0
23083,iauc(0-120min),1,1,3.0
23084,iauc0-180min,1,1,3.0
23085,iauc0-60min,1,1,3.0
23086,iba1-or,1,1,3.0
23087,ibd-related,1,1,3.0
23088,"ibogaine,",1,1,3.0
23089,"ibs,",1,1,3.0
23090,ibs-d,1,1,3.0
23091,ibs-related,1,1,3.0
23092,ibts',1,1,3.0
23093,"ibts,",1,1,3.0
23094,"ic,",1,1,3.0
23095,ic025];,1,1,3.0
23096,ic50,1,1,3.0
23097,icam-1,1,1,3.0
23098,"icam-1,",1,1,3.0
23099,icd-10-cm,1,1,3.0
23100,icd-9,1,1,3.0
23101,icd-coded,1,1,3.0
23102,"ice,",1,1,3.0
23103,ice-induced,1,1,3.0
23104,ice.,1,1,3.0
23105,iceland,1,1,3.0
23106,"icers,",1,1,3.0
23107,ichd,1,1,3.0
23108,icodec),1,1,3.0
23109,icosapent,1,1,3.0
23110,icosema.,1,1,3.0
23111,ide,1,1,3.0
23112,ide's,1,1,3.0
23113,"ide,",1,1,3.0
23114,ide-mediated,1,1,3.0
23115,ideal,1,1,3.0
23116,ideally,1,1,3.0
23117,ideals,1,1,3.0
23118,"idegasp,",1,1,3.0
23119,identically.,1,1,3.0
23120,identification.,1,1,3.0
23121,identities,1,1,3.0
23122,identity-enhancing,1,1,3.0
23123,identity-related,1,1,3.0
23124,identity/function,1,1,3.0
23125,ietsi,1,1,3.0
23126,"iglarlixi,",1,1,3.0
23127,iglartitrated.,1,1,3.0
23128,ignore,1,1,3.0
23129,ii-induced,1,1,3.0
23130,"iia,",1,1,3.0
23131,iih.,1,1,3.0
23132,iiht,1,1,3.0
23133,iihts,1,1,3.0
23134,iii),1,1,3.0
23135,iii).,1,1,3.0
23136,iii-iv).,1,1,3.0
23137,ikk/nf-κb-mediated,1,1,3.0
23138,ikzf2,1,1,3.0
23139,il-10.,1,1,3.0
23140,il-17,1,1,3.0
23141,il-1β),1,1,3.0
23142,il-1β/nlrp3,1,1,3.0
23143,il-22-induced,1,1,3.0
23144,il-22.,1,1,3.0
23145,il-22/stat3,1,1,3.0
23146,"il-33,",1,1,3.0
23147,il-6),1,1,3.0
23148,il-6.,1,1,3.0
23149,il-6/glp-1/pyy,1,1,3.0
23150,il18,1,1,3.0
23151,il18:,1,1,3.0
23152,il1b,1,1,3.0
23153,"il1b,",1,1,3.0
23154,il1b/il1-beta,1,1,3.0
23155,il1b/il1-beta:,1,1,3.0
23156,il6,1,1,3.0
23157,"il6,",1,1,3.0
23158,ild,1,1,3.0
23159,"ileus,",1,1,3.0
23160,"ili,",1,1,3.0
23161,illegal,1,1,3.0
23162,"illness,",1,1,3.0
23163,illness.,1,1,3.0
23164,illnesses,1,1,3.0
23165,"illnesses,",1,1,3.0
23166,illumina,1,1,3.0
23167,illuminating,1,1,3.0
23168,illustrate,1,1,3.0
23169,illustrated,1,1,3.0
23170,illustrating,1,1,3.0
23171,illustration,1,1,3.0
23172,image.,1,1,3.0
23173,imaged,1,1,3.0
23174,imaging),1,1,3.0
23175,imaging-confirmed,1,1,3.0
23176,imaging-proton,1,1,3.0
23177,imbalanced,1,1,3.0
23178,imbalances,1,1,3.0
23179,imm,1,1,3.0
23180,"immobilization,",1,1,3.0
23181,immortalised,1,1,3.0
23182,immortalized,1,1,3.0
23183,imms.,1,1,3.0
23184,immune-tumor,1,1,3.0
23185,immune-vascular,1,1,3.0
23186,immunity.,1,1,3.0
23187,immunoassay.,1,1,3.0
23188,immunoblotting,1,1,3.0
23189,immunocytochemistry,1,1,3.0
23190,immunogenic,1,1,3.0
23191,"immunohistochemistry,",1,1,3.0
23192,immunohistochemistry.,1,1,3.0
23193,"immunologic,",1,1,3.0
23194,immunology,1,1,3.0
23195,immunometabolism,1,1,3.0
23196,"immunomodulation,",1,1,3.0
23197,immunoprecipitation.,1,1,3.0
23198,immunoprevention.,1,1,3.0
23199,immunosenescence,1,1,3.0
23200,"immunosenescence,",1,1,3.0
23201,immunosenescence.,1,1,3.0
23202,immunostaining,1,1,3.0
23203,immunosuppressant,1,1,3.0
23204,"immunosuppression,",1,1,3.0
23205,immunosuppression.,1,1,3.0
23206,impacted,1,1,3.0
23207,impactful,1,1,3.0
23208,impacting,1,1,3.0
23209,"impacts,",1,1,3.0
23210,impacts;,1,1,3.0
23211,impairment).,1,1,3.0
23212,impairment-even,1,1,3.0
23213,impedance.,1,1,3.0
23214,impending,1,1,3.0
23215,imperfectly,1,1,3.0
23216,implant/expander,1,1,3.0
23217,implantation,1,1,3.0
23218,implantation),1,1,3.0
23219,"implantation,",1,1,3.0
23220,"implants),",1,1,3.0
23221,"implement,",1,1,3.0
23222,implementation-oriented,1,1,3.0
23223,implication,1,1,3.0
23224,implying,1,1,3.0
23225,import,1,1,3.0
23226,imposed,1,1,3.0
23227,impotence,1,1,3.0
23228,impotence.,1,1,3.0
23229,imprecise,1,1,3.0
23230,imprecision,1,1,3.0
23231,"imprecision,",1,1,3.0
23232,imprecision.,1,1,3.0
23233,impressions.,1,1,3.0
23234,impressive,1,1,3.0
23235,imprint,1,1,3.0
23236,improved.,1,1,3.0
23237,improved:,1,1,3.0
23238,impurity,1,1,3.0
23239,in-application,1,1,3.0
23240,in-center,1,1,3.0
23241,"in-flight,",1,1,3.0
23242,in-hospital,1,1,3.0
23243,in-house,1,1,3.0
23244,in-person,1,1,3.0
23245,in-silico,1,1,3.0
23246,in:,1,1,3.0
23247,inaccuracies,1,1,3.0
23248,inactivation,1,1,3.0
23249,inactive-,1,1,3.0
23250,inaugural,1,1,3.0
23251,inbody720.,1,1,3.0
23252,inborn,1,1,3.0
23253,incarcerations,1,1,3.0
23254,incentive,1,1,3.0
23255,inceptions,1,1,3.0
23256,incident-treatment,1,1,3.0
23257,incidental:,1,1,3.0
23258,incidents,1,1,3.0
23259,"include,",1,1,3.0
23260,included).,1,1,3.0
23261,inclusion.,1,1,3.0
23262,inclusive,1,1,3.0
23263,inclusive),1,1,3.0
23264,"income,",1,1,3.0
23265,income.,1,1,3.0
23266,"incomplete,",1,1,3.0
23267,inconclusive,1,1,3.0
23268,"inconclusive,",1,1,3.0
23269,inconsistencies,1,1,3.0
23270,"inconsistency,",1,1,3.0
23271,inconsistently.,1,1,3.0
23272,incontinence,1,1,3.0
23273,incorporation.,1,1,3.0
23274,increases.,1,1,3.0
23275,increasing.,1,1,3.0
23276,incretin-associated,1,1,3.0
23277,incretin/insulin,1,1,3.0
23278,incretins.,1,1,3.0
23279,incubations,1,1,3.0
23280,incur,1,1,3.0
23281,indefinite,1,1,3.0
23282,independence.,1,1,3.0
23283,independently.,1,1,3.0
23284,independently;,1,1,3.0
23285,indeterminate,1,1,3.0
23286,"index),",1,1,3.0
23287,index).,1,1,3.0
23288,index-2025,1,1,3.0
23289,index-2;,1,1,3.0
23290,index-defined,1,1,3.0
23291,index-derived,1,1,3.0
23292,index-independent,1,1,3.0
23293,index/homa-ir;,1,1,3.0
23294,indexed,1,1,3.0
23295,india's,1,1,3.0
23296,"india,",1,1,3.0
23297,indian,1,1,3.0
23298,"indicated,",1,1,3.0
23299,indicated.,1,1,3.0
23300,indicated;,1,1,3.0
23301,indicatethat,1,1,3.0
23302,indication;,1,1,3.0
23303,indicative,1,1,3.0
23304,"indicator,",1,1,3.0
23305,indicators.,1,1,3.0
23306,indices),1,1,3.0
23307,indices.,1,1,3.0
23308,indigenous,1,1,3.0
23309,indirect;,1,1,3.0
23310,"indirectly,",1,1,3.0
23311,indirectness.,1,1,3.0
23312,indispensable,1,1,3.0
23313,individual's,1,1,3.0
23314,"individual,",1,1,3.0
23315,individual-level,1,1,3.0
23316,individualised,1,1,3.0
23317,individualization,1,1,3.0
23318,individualization;,1,1,3.0
23319,individualizing,1,1,3.0
23320,"individually,",1,1,3.0
23321,individually;,1,1,3.0
23322,individuals',1,1,3.0
23323,individuals),1,1,3.0
23324,"individuals),",1,1,3.0
23325,individuals-exposing,1,1,3.0
23326,individuals.next-generation,1,1,3.0
23327,individuals:,1,1,3.0
23328,inducible,1,1,3.0
23329,"industry,",1,1,3.0
23330,industry-affiliated,1,1,3.0
23331,industry;,1,1,3.0
23332,ineffective,1,1,3.0
23333,inequitable,1,1,3.0
23334,inequities,1,1,3.0
23335,inequities.,1,1,3.0
23336,inert,1,1,3.0
23337,inert.,1,1,3.0
23338,inertia,1,1,3.0
23339,"infancy,",1,1,3.0
23340,infantile,1,1,3.0
23341,infection-related,1,1,3.0
23342,infections).,1,1,3.0
23343,inferred,1,1,3.0
23344,infertility,1,1,3.0
23345,"infertility,",1,1,3.0
23346,infertility.,1,1,3.0
23347,infiltration.,1,1,3.0
23348,infinity,1,1,3.0
23349,"infinity,",1,1,3.0
23350,inflamed,1,1,3.0
23351,inflammaging-centered,1,1,3.0
23352,inflammaging-the,1,1,3.0
23353,inflammasome-directed,1,1,3.0
23354,inflammation),1,1,3.0
23355,"inflammation),",1,1,3.0
23356,inflammation-driven,1,1,3.0
23357,inflammation-guided,1,1,3.0
23358,inflammation-induced,1,1,3.0
23359,inflammation-targeted,1,1,3.0
23360,inflammatory-metabolic,1,1,3.0
23361,inflection,1,1,3.0
23362,infliximab,1,1,3.0
23363,influencer,1,1,3.0
23364,influx,1,1,3.0
23365,"influx,",1,1,3.0
23366,informally,1,1,3.0
23367,informatics,1,1,3.0
23368,information.,1,1,3.0
23369,"informed,",1,1,3.0
23370,informing,1,1,3.0
23371,infrared,1,1,3.0
23372,"infusion,",1,1,3.0
23373,infusions.,1,1,3.0
23374,ingelheim;,1,1,3.0
23375,ingested,1,1,3.0
23376,ingredient,1,1,3.0
23377,ingredients.,1,1,3.0
23378,inherently,1,1,3.0
23379,inheritance,1,1,3.0
23380,inhibition;,1,1,3.0
23381,inhibitor),1,1,3.0
23382,inhibitor-1,1,1,3.0
23383,"inhibitor-1,",1,1,3.0
23384,inhibitors).,1,1,3.0
23385,"inhibitors,sulfonylureas,",1,1,3.0
23386,inhibitors-show,1,1,3.0
23387,inhibitors;,1,1,3.0
23388,initial-insult,1,1,3.0
23389,"initially,",1,1,3.0
23390,initiation).,1,1,3.0
23391,initiations,1,1,3.0
23392,initiative,1,1,3.0
23393,initiators/10,1,1,3.0
23394,injected),1,1,3.0
23395,"injection-experienced),",1,1,3.0
23396,injection-naïve/400,1,1,3.0
23397,injuries,1,1,3.0
23398,injury-induced,1,1,3.0
23399,injury;,1,1,3.0
23400,innovations.,1,1,3.0
23401,innovative.,1,1,3.0
23402,innovators,1,1,3.0
23403,"innovators,",1,1,3.0
23404,inoscavin,1,1,3.0
23405,inovalon,1,1,3.0
23406,inovalon®,1,1,3.0
23407,"inpatient,",1,1,3.0
23408,inpatient/ed,1,1,3.0
23409,inpatient/emergency,1,1,3.0
23410,"input,",1,1,3.0
23411,inquire,1,1,3.0
23412,inquiry,1,1,3.0
23413,"insecurity,",1,1,3.0
23414,insensitivity,1,1,3.0
23415,insertion,1,1,3.0
23416,insight.,1,1,3.0
23417,insights.,1,1,3.0
23418,insr/irs-1/pi3k/akt/glut-4,1,1,3.0
23419,instability).,1,1,3.0
23420,instability.,1,1,3.0
23421,"instagram,",1,1,3.0
23422,instance,1,1,3.0
23423,instances),1,1,3.0
23424,instantaneous,1,1,3.0
23425,"institute,",1,1,3.0
23426,"institutet,",1,1,3.0
23427,institution,1,1,3.0
23428,institution's,1,1,3.0
23429,institutional.,1,1,3.0
23430,"institutions,",1,1,3.0
23431,institutions.,1,1,3.0
23432,instrips,1,1,3.0
23433,"instructions,",1,1,3.0
23434,instructive,1,1,3.0
23435,instrument.,1,1,3.0
23436,instrumental,1,1,3.0
23437,"instrumental,",1,1,3.0
23438,instrumented,1,1,3.0
23439,instruments,1,1,3.0
23440,"instruments,",1,1,3.0
23441,"insufficiency,",1,1,3.0
23442,insufficiency.,1,1,3.0
23443,insulin-degrading,1,1,3.0
23444,"insulin-exclusive,",1,1,3.0
23445,insulin-glucagon-glp-1,1,1,3.0
23446,"insulin-inclusive,",1,1,3.0
23447,"insulin-modulating,",1,1,3.0
23448,insulin-naive,1,1,3.0
23449,insulin-resistance,1,1,3.0
23450,insulin-sensitivity-targeting,1,1,3.0
23451,insulin-stimulating,1,1,3.0
23452,insulin/glp-1,1,1,3.0
23453,insulin/igf-1,1,1,3.0
23454,"insulin/igf-1,",1,1,3.0
23455,insulin/noninsulin,1,1,3.0
23456,insulinaemic,1,1,3.0
23457,insulinemic,1,1,3.0
23458,insulinogenic,1,1,3.0
23459,insulins.,1,1,3.0
23460,insurance-,1,1,3.0
23461,insurance-reimbursed,1,1,3.0
23462,insurer,1,1,3.0
23463,"insurers,",1,1,3.0
23464,intact.,1,1,3.0
23465,integer,1,1,3.0
23466,integrase,1,1,3.0
23467,"integrated""",1,1,3.0
23468,integrates:,1,1,3.0
23469,intellectual,1,1,3.0
23470,intelligence-enabled,1,1,3.0
23471,intelligence.,1,1,3.0
23472,intending,1,1,3.0
23473,intense,1,1,3.0
23474,intensely,1,1,3.0
23475,intensification.,1,1,3.0
23476,intensifies,1,1,3.0
23477,intensifying,1,1,3.0
23478,"intensive,",1,1,3.0
23479,"intent-to-treat,",1,1,3.0
23480,inter-assay,1,1,3.0
23481,inter-needle,1,1,3.0
23482,inter-relationships,1,1,3.0
23483,inter-reviewer,1,1,3.0
23484,inter-set,1,1,3.0
23485,interacting,1,1,3.0
23486,interaction),1,1,3.0
23487,"interaction,",1,1,3.0
23488,interactions:,1,1,3.0
23489,interactive,1,1,3.0
23490,interactome,1,1,3.0
23491,intercellular,1,1,3.0
23492,interception,1,1,3.0
23493,"interception,",1,1,3.0
23494,interchangeability;,1,1,3.0
23495,intercohort,1,1,3.0
23496,interconnections,1,1,3.0
23497,interconversion,1,1,3.0
23498,intercurrent,1,1,3.0
23499,"interestingly,",1,1,3.0
23500,interests,1,1,3.0
23501,interface.,1,1,3.0
23502,interfere,1,1,3.0
23503,"interference,",1,1,3.0
23504,interfering,1,1,3.0
23505,"interferon-γ,",1,1,3.0
23506,interim,1,1,3.0
23507,"interindividual,",1,1,3.0
23508,interkeratinocyte,1,1,3.0
23509,interleukin-1,1,1,3.0
23510,"interleukin-10,",1,1,3.0
23511,interleukin-1β,1,1,3.0
23512,interleukin-2,1,1,3.0
23513,interleukin-22,1,1,3.0
23514,"interleukin-6,",1,1,3.0
23515,interleukin-directed,1,1,3.0
23516,interlobular,1,1,3.0
23517,interlocking,1,1,3.0
23518,intermediary,1,1,3.0
23519,intermediate-term,1,1,3.0
23520,intermediates,1,1,3.0
23521,"intermediates,",1,1,3.0
23522,intermediates.,1,1,3.0
23523,internalization),1,1,3.0
23524,"internalization,",1,1,3.0
23525,internalization.,1,1,3.0
23526,"internalized,",1,1,3.0
23527,internally,1,1,3.0
23528,"interplay,",1,1,3.0
23529,interpretability,1,1,3.0
23530,"interpretability,",1,1,3.0
23531,interpretable,1,1,3.0
23532,interpretation;,1,1,3.0
23533,"interpreted,",1,1,3.0
23534,interquartile,1,1,3.0
23535,interrogate,1,1,3.0
23536,interrogating,1,1,3.0
23537,interrogation,1,1,3.0
23538,interrupt,1,1,3.0
23539,interrupting,1,1,3.0
23540,interruption,1,1,3.0
23541,"interruption,",1,1,3.0
23542,"interruptions,",1,1,3.0
23543,intersectional,1,1,3.0
23544,intersections,1,1,3.0
23545,intersects,1,1,3.0
23546,interspecies,1,1,3.0
23547,intertriginous,1,1,3.0
23548,intertwined;,1,1,3.0
23549,interval.,1,1,3.0
23550,interval[ci],1,1,3.0
23551,intervals;,1,1,3.0
23552,"intervene""",1,1,3.0
23553,intervention-comparator,1,1,3.0
23554,intervention-related,1,1,3.0
23555,intervention.strong,1,1,3.0
23556,intervention:,1,1,3.0
23557,"interventions),",1,1,3.0
23558,interventions-senolytics,1,1,3.0
23559,interventions:,1,1,3.0
23560,"interview,",1,1,3.0
23561,interviewed,1,1,3.0
23562,"intestinal,",1,1,3.0
23563,intestinal-derived,1,1,3.0
23564,intestinal-related,1,1,3.0
23565,intestinalis-butyrate,1,1,3.0
23566,intestinalis.,1,1,3.0
23567,intestinally,1,1,3.0
23568,"intestine,",1,1,3.0
23569,intestine-liver-pancreas,1,1,3.0
23570,intima-media,1,1,3.0
23571,intimately,1,1,3.0
23572,intl-abca1,1,1,3.0
23573,into:,1,1,3.0
23574,intodisease,1,1,3.0
23575,intra-class,1,1,3.0
23576,intra-islet,1,1,3.0
23577,intracerebral,1,1,3.0
23578,intractable.,1,1,3.0
23579,intradialytic,1,1,3.0
23580,intraductal,1,1,3.0
23581,intraglomerular,1,1,3.0
23582,"intraindividual,",1,1,3.0
23583,intrainsular,1,1,3.0
23584,intraocular,1,1,3.0
23585,"intraoperative,",1,1,3.0
23586,intrathoracic,1,1,3.0
23587,intravenously,1,1,3.0
23588,intricately,1,1,3.0
23589,intrinsically,1,1,3.0
23590,"introduce,",1,1,3.0
23591,introduced;,1,1,3.0
23592,"introduction,",1,1,3.0
23593,introductiondiabetes,1,1,3.0
23594,intrusive,1,1,3.0
23595,"intrusive,",1,1,3.0
23596,"intubation,",1,1,3.0
23597,intuitive,1,1,3.0
23598,inulin.,1,1,3.0
23599,inundated,1,1,3.0
23600,invaluable.,1,1,3.0
23601,invasiveness),1,1,3.0
23602,"invasiveness,",1,1,3.0
23603,inventory-iii,1,1,3.0
23604,inventory.,1,1,3.0
23605,inverse-probability-of-censoring-weights,1,1,3.0
23606,investigated:,1,1,3.0
23607,investigator,1,1,3.0
23608,"investment,",1,1,3.0
23609,investor,1,1,3.0
23610,"invitations,",1,1,3.0
23611,"involved,",1,1,3.0
23612,involved.,1,1,3.0
23613,involved;,1,1,3.0
23614,"involvement,",1,1,3.0
23615,ion.,1,1,3.0
23616,ionic,1,1,3.0
23617,"ipfd,",1,1,3.0
23618,"ipgtt,",1,1,3.0
23619,"ipmns,",1,1,3.0
23620,iptw-weighted,1,1,3.0
23621,ipw,1,1,3.0
23622,iqr,1,1,3.0
23623,ir,1,1,3.0
23624,"ir,",1,1,3.0
23625,"irb-approved,",1,1,3.0
23626,irbesartan,1,1,3.0
23627,irf3,1,1,3.0
23628,"irisin,",1,1,3.0
23629,irisin/apelin-related,1,1,3.0
23630,iron-deficiency,1,1,3.0
23631,iron-dependent,1,1,3.0
23632,iron-mediated,1,1,3.0
23633,irregular,1,1,3.0
23634,irs-1,1,1,3.0
23635,ischaemia),1,1,3.0
23636,ischemia-reperfusion,1,1,3.0
23637,ischemia.,1,1,3.0
23638,ischemia;,1,1,3.0
23639,"ischemic,",1,1,3.0
23640,islet.,1,1,3.0
23641,isoform,1,1,3.0
23642,isolate,1,1,3.0
23643,"isolated,",1,1,3.0
23644,"isolates,",1,1,3.0
23645,isoquinoline,1,1,3.0
23646,isorhamnetin's,1,1,3.0
23647,"isr-,",1,1,3.0
23648,isr/atf4/chop-associated,1,1,3.0
23649,israeli,1,1,3.0
23650,issue,1,1,3.0
23651,issue;,1,1,3.0
23652,it-themselves,1,1,3.0
23653,it.,1,1,3.0
23654,itaconate,1,1,3.0
23655,"italy,",1,1,3.0
23656,"itching,",1,1,3.0
23657,item,1,1,3.0
23658,item-level,1,1,3.0
23659,items.,1,1,3.0
23660,iterative,1,1,3.0
23661,itself;,1,1,3.0
23662,iu/day,1,1,3.0
23663,iu/l,1,1,3.0
23664,iu/l;,1,1,3.0
23665,"iu/min,",1,1,3.0
23666,iu1,1,1,3.0
23667,iv.,1,1,3.0
23668,i²=98%),1,1,3.0
23669,j/m2),1,1,3.0
23670,jadad,1,1,3.0
23671,"jader,",1,1,3.0
23672,"jak/stat,",1,1,3.0
23673,jan,1,1,3.0
23674,"japan,",1,1,3.0
23675,japan-driven,1,1,3.0
23676,japan.,1,1,3.0
23677,japonica).,1,1,3.0
23678,japonicus,1,1,3.0
23679,"jeddah,",1,1,3.0
23680,jejunal,1,1,3.0
23681,"jejunum,",1,1,3.0
23682,jerusalem,1,1,3.0
23683,jiang,1,1,3.0
23684,jingfen,1,1,3.0
23685,jnj-64565111,1,1,3.0
23686,jnk,1,1,3.0
23687,"johnsonii,",1,1,3.0
23688,joint-related,1,1,3.0
23689,joint.,1,1,3.0
23690,jointly,1,1,3.0
23691,"jointly,",1,1,3.0
23692,"joints,",1,1,3.0
23693,joints.,1,1,3.0
23694,journalism,1,1,3.0
23695,"journals,",1,1,3.0
23696,journey.,1,1,3.0
23697,journeys.,1,1,3.0
23698,jq1,1,1,3.0
23699,judgment,1,1,3.0
23700,juice,1,1,3.0
23701,jumpstart),1,1,3.0
23702,jumpstart.,1,1,3.0
23703,junctions,1,1,3.0
23704,"justice,",1,1,3.0
23705,justice.,1,1,3.0
23706,justified,1,1,3.0
23707,"justified,",1,1,3.0
23708,justified.,1,1,3.0
23709,k,1,1,3.0
23710,k-prototypes,1,1,3.0
23711,k.,1,1,3.0
23712,k58),1,1,3.0
23713,kameda,1,1,3.0
23714,kap,1,1,3.0
23715,kaplan,1,1,3.0
23716,kaplan-meier-derived,1,1,3.0
23717,"kappa-b),",1,1,3.0
23718,kappa.,1,1,3.0
23719,karelia,1,1,3.0
23720,karolinska,1,1,3.0
23721,"katsumadai,",1,1,3.0
23722,kcal/day,1,1,3.0
23723,kcal/kg/d,1,1,3.0
23724,kcal/mol,1,1,3.0
23725,kcal/mol),1,1,3.0
23726,"kcal/mol,",1,1,3.0
23727,kcal/mol.,1,1,3.0
23728,kccq-css,1,1,3.0
23729,kd-induced,1,1,3.0
23730,kd.,1,1,3.0
23731,kda,1,1,3.0
23732,kda),1,1,3.0
23733,kdigo-harmonised,1,1,3.0
23734,"keap1,",1,1,3.0
23735,keep,1,1,3.0
23736,"kefir,",1,1,3.0
23737,kept,1,1,3.0
23738,keratinocyte,1,1,3.0
23739,keratinocytes.,1,1,3.0
23740,"ketogenesis,",1,1,3.0
23741,ketosis,1,1,3.0
23742,key.,1,1,3.0
23743,keywords.,1,1,3.0
23744,kfre,1,1,3.0
23745,kfre-risk,1,1,3.0
23746,"kg),",1,1,3.0
23747,kg-1).,1,1,3.0
23748,"kg.m-2,",1,1,3.0
23749,kg/m2],1,1,3.0
23750,kg/m²).,1,1,3.0
23751,"kg/m²,",1,1,3.0
23752,kg/m².,1,1,3.0
23753,kgco₂e/year.,1,1,3.0
23754,kickstarting,1,1,3.0
23755,kidney-derived,1,1,3.0
23756,"kidney-failure,",1,1,3.0
23757,kidney-focused,1,1,3.0
23758,kidney-microvascular,1,1,3.0
23759,kidney-on-a-chip,1,1,3.0
23760,kidney-outcome,1,1,3.0
23761,kidney-protection,1,1,3.0
23762,kidney-risk,1,1,3.0
23763,kidney-volume,1,1,3.0
23764,kidneys,1,1,3.0
23765,kidneys?,1,1,3.0
23766,"kim-1,",1,1,3.0
23767,"kimchi,",1,1,3.0
23768,"kinase),",1,1,3.0
23769,"kinase,",1,1,3.0
23770,kinase-1,1,1,3.0
23771,kinase/nod-like,1,1,3.0
23772,kinetics,1,1,3.0
23773,kits.,1,1,3.0
23774,klotho,1,1,3.0
23775,km,1,1,3.0
23776,knees),1,1,3.0
23777,knockdown.,1,1,3.0
23778,knockout,1,1,3.0
23779,knowing,1,1,3.0
23780,knowledge-practice,1,1,3.0
23781,knowledge.,1,1,3.0
23782,ko),1,1,3.0
23783,komodo,1,1,3.0
23784,korea),1,1,3.0
23785,korsakoff,1,1,3.0
23786,"kpa,",1,1,3.0
23787,kpdm.,1,1,3.0
23788,"krt,",1,1,3.0
23789,"kruskal-wallis,",1,1,3.0
23790,kynurenic,1,1,3.0
23791,kynurenine-induced,1,1,3.0
23792,kyoto,1,1,3.0
23793,kyphoplasty,1,1,3.0
23794,l-cells.,1,1,3.0
23795,"l-glutamine,",1,1,3.0
23796,l.),1,1,3.0
23797,l260f,1,1,3.0
23798,l260f3.53b,1,1,3.0
23799,la,1,1,3.0
23800,"laacf),",1,1,3.0
23801,label),1,1,3.0
23802,"label,",1,1,3.0
23803,labelling,1,1,3.0
23804,labelling/safety-related,1,1,3.0
23805,labelling/srlc,1,1,3.0
23806,labile,1,1,3.0
23807,labor,1,1,3.0
23808,labor-intensive,1,1,3.0
23809,laboratory-assessed,1,1,3.0
23810,labyrinths.,1,1,3.0
23811,"lachnoclostridium,",1,1,3.0
23812,"lachnospiraceae,",1,1,3.0
23813,lactam,1,1,3.0
23814,lactate-associated,1,1,3.0
23815,lactate-mediated,1,1,3.0
23816,lactate-microbial,1,1,3.0
23817,"lactate/ldh,",1,1,3.0
23818,lactation.,1,1,3.0
23819,lactiplantibacillus,1,1,3.0
23820,lactis,1,1,3.0
23821,lactobacillaceae),1,1,3.0
23822,"lactobacillaceae,",1,1,3.0
23823,"lactobacillus,",1,1,3.0
23824,lactobacillus.,1,1,3.0
23825,lactobacillus/tudca/tcdca,1,1,3.0
23826,lag-period,1,1,3.0
23827,lagged,1,1,3.0
23828,lamina,1,1,3.0
23829,lamp,1,1,3.0
23830,lancaster,1,1,3.0
23831,landscape-including,1,1,3.0
23832,"landscapes,",1,1,3.0
23833,"lanifibranor,",1,1,3.0
23834,lanifibranor.,1,1,3.0
23835,larger.,1,1,3.0
23836,laryngologists,1,1,3.0
23837,last-dose,1,1,3.0
23838,lasted,1,1,3.0
23839,late-laying,1,1,3.0
23840,late-phase,1,1,3.0
23841,late.,1,1,3.0
23842,latencies,1,1,3.0
23843,latency,1,1,3.0
23844,later),1,1,3.0
23845,lateral,1,1,3.0
23846,laterality,1,1,3.0
23847,latest-case-version,1,1,3.0
23848,launch.,1,1,3.0
23849,launched,1,1,3.0
23850,"lauric,",1,1,3.0
23851,lautropia,1,1,3.0
23852,lavage,1,1,3.0
23853,law.,1,1,3.0
23854,layered,1,1,3.0
23855,layered:,1,1,3.0
23856,lb),1,1,3.0
23857,"lb),",1,1,3.0
23858,lbm,1,1,3.0
23859,"lbm,",1,1,3.0
23860,lc-hrms,1,1,3.0
23861,"lc-ms,",1,1,3.0
23862,lc-ms/ms,1,1,3.0
23863,lcfa),1,1,3.0
23864,lcfas,1,1,3.0
23865,"lcfas,",1,1,3.0
23866,lcr86),1,1,3.0
23867,ld-il2,1,1,3.0
23868,"ld-il2,",1,1,3.0
23869,ld-mediated,1,1,3.0
23870,ldh:,1,1,3.0
23871,"ldl-cholesterol,",1,1,3.0
23872,ldlr,1,1,3.0
23873,ldlr-dependent,1,1,3.0
23874,lds.,1,1,3.0
23875,lead.,1,1,3.0
23876,"leak,",1,1,3.0
23877,leakage,1,1,3.0
23878,leakiness,1,1,3.0
23879,learned,1,1,3.0
23880,learning-,1,1,3.0
23881,leave-out,1,1,3.0
23882,"lecanemab,",1,1,3.0
23883,lee,1,1,3.0
23884,left-ventricular,1,1,3.0
23885,legally,1,1,3.0
23886,legislation.esge,1,1,3.0
23887,legislative,1,1,3.0
23888,legs,1,1,3.0
23889,"legumes,",1,1,3.0
23890,"length-of-stay,",1,1,3.0
23891,lengths,1,1,3.0
23892,"lens,",1,1,3.0
23893,lens.,1,1,3.0
23894,"lenses,",1,1,3.0
23895,lentivirus-mediated,1,1,3.0
23896,"leptin,",1,1,3.0
23897,leptogranulimonas,1,1,3.0
23898,lesions,1,1,3.0
23899,"lesions,",1,1,3.0
23900,less-than-desired,1,1,3.0
23901,lessen,1,1,3.0
23902,lessened,1,1,3.0
23903,lesser,1,1,3.0
23904,lesson,1,1,3.0
23905,lessons,1,1,3.0
23906,lethal,1,1,3.0
23907,letrozole,1,1,3.0
23908,"letrozole,",1,1,3.0
23909,"letter,",1,1,3.0
23910,letters,1,1,3.0
23911,leu32,1,1,3.0
23912,"leu32,",1,1,3.0
23913,leucine-rich-containing,1,1,3.0
23914,leukemia,1,1,3.0
23915,leukemias,1,1,3.0
23916,"leukemias,",1,1,3.0
23917,leukocyte,1,1,3.0
23918,leumit,1,1,3.0
23919,"leuprorelin,",1,1,3.0
23920,level),1,1,3.0
23921,lever,1,1,3.0
23922,leverages,1,1,3.0
23923,lexisnexis,1,1,3.0
23924,lh.,1,1,3.0
23925,lh;,1,1,3.0
23926,li,1,1,3.0
23927,liability.,1,1,3.0
23928,liability;,1,1,3.0
23929,"library,""",1,1,3.0
23930,lies,1,1,3.0
23931,life-course,1,1,3.0
23932,life-saving,1,1,3.0
23933,lifecourse,1,1,3.0
23934,"lifespan,",1,1,3.0
23935,"lifespans,",1,1,3.0
23936,lifestyle-focused,1,1,3.0
23937,lifestyle.,1,1,3.0
23938,"lifted,",1,1,3.0
23939,lifting,1,1,3.0
23940,"ligand,",1,1,3.0
23941,"ligands,",1,1,3.0
23942,ligands.,1,1,3.0
23943,ligase,1,1,3.0
23944,"ligase,",1,1,3.0
23945,ligases.,1,1,3.0
23946,ligation,1,1,3.0
23947,lighter,1,1,3.0
23948,lighthouse,1,1,3.0
23949,like-peptide,1,1,3.0
23950,liked,1,1,3.0
23951,"likewise,",1,1,3.0
23952,liking,1,1,3.0
23953,liking),1,1,3.0
23954,lilacs,1,1,3.0
23955,lilly.,1,1,3.0
23956,limb-related,1,1,3.0
23957,limb-threatening,1,1,3.0
23958,"limbic,",1,1,3.0
23959,"limbs,",1,1,3.0
23960,"limit,",1,1,3.0
23961,limitation,1,1,3.0
23962,limited;,1,1,3.0
23963,"limits,",1,1,3.0
23964,limosilactobacillus,1,1,3.0
23965,linagliptin),1,1,3.0
23966,line-derived,1,1,3.0
23967,line.,1,1,3.0
23968,line;,1,1,3.0
23969,lineage-related,1,1,3.0
23970,lineage-stabilizing,1,1,3.0
23971,"linear,",1,1,3.0
23972,linearity,1,1,3.0
23973,linearly,1,1,3.0
23974,link;,1,1,3.0
23975,linkages,1,1,3.0
23976,linker,1,1,3.0
23977,"links,",1,1,3.0
23978,"lipase,",1,1,3.0
23979,lipedema.,1,1,3.0
23980,"lipemia,",1,1,3.0
23981,lipid-buffering,1,1,3.0
23982,lipid-driven,1,1,3.0
23983,lipid-induced,1,1,3.0
23984,"lipid-lowering,",1,1,3.0
23985,lipid-poor,1,1,3.0
23986,lipid-sensing,1,1,3.0
23987,lipid-sensing-dependent,1,1,3.0
23988,lipid-stressed,1,1,3.0
23989,"lipidaemias),",1,1,3.0
23990,lipidated,1,1,3.0
23991,lipidation,1,1,3.0
23992,"lipidation,",1,1,3.0
23993,lipidomic,1,1,3.0
23994,lipidomics,1,1,3.0
23995,lipoabdominoplasty,1,1,3.0
23996,lipodystrophy,1,1,3.0
23997,"lipohypertrophy,",1,1,3.0
23998,lipohypertrophy.,1,1,3.0
23999,lipolysis,1,1,3.0
24000,"lipophagy,",1,1,3.0
24001,lipophilic,1,1,3.0
24002,"lipopolysaccharide,",1,1,3.0
24003,lipopolysaccharide;,1,1,3.0
24004,lipopolysaccharides,1,1,3.0
24005,lipoprotein),1,1,3.0
24006,"lipoproteins,",1,1,3.0
24007,"liposomes,",1,1,3.0
24008,liquid-only,1,1,3.0
24009,liquid.,1,1,3.0
24010,lira-pretreated,1,1,3.0
24011,liraglutide-and,1,1,3.0
24012,liraglutide-associated,1,1,3.0
24013,liraglutide-concentrated,1,1,3.0
24014,liraglutide-related,1,1,3.0
24015,lispro,1,1,3.0
24016,list.,1,1,3.0
24017,lists.,1,1,3.0
24018,literacy,1,1,3.0
24019,"literatures,",1,1,3.0
24020,lithogenic,1,1,3.0
24021,live-birth,1,1,3.0
24022,liver-associated,1,1,3.0
24023,liver-centric,1,1,3.0
24024,liver-directed,1,1,3.0
24025,liver-pancreas,1,1,3.0
24026,liver-secreted,1,1,3.0
24027,liver-targeted,1,1,3.0
24028,liver.,1,1,3.0
24029,"livertox®,",1,1,3.0
24030,lives.,1,1,3.0
24031,lixipark,1,1,3.0
24032,"lixisenatide,",1,1,3.0
24033,"lklkll,",1,1,3.0
24034,lmics,1,1,3.0
24035,"lnuacr,",1,1,3.0
24036,load.,1,1,3.0
24037,"lobe,",1,1,3.0
24038,loci.,1,1,3.0
24039,locoregional,1,1,3.0
24040,locus,1,1,3.0
24041,lods,1,1,3.0
24042,log2(fold,1,1,3.0
24043,logical,1,1,3.0
24044,logistical,1,1,3.0
24045,logistics.,1,1,3.0
24046,logit,1,1,3.0
24047,"lombardy,",1,1,3.0
24048,long-duration,1,1,3.0
24049,long-lasting,1,1,3.0
24050,long-overdue,1,1,3.0
24051,long-standing,1,1,3.0
24052,longer-acting,1,1,3.0
24053,"longer-acting,",1,1,3.0
24054,longevity,1,1,3.0
24055,longevity-promoting,1,1,3.0
24056,longissimus,1,1,3.0
24057,longitudinally,1,1,3.0
24058,"longitudinally,",1,1,3.0
24059,look,1,1,3.0
24060,"look-alikes,",1,1,3.0
24061,look-back,1,1,3.0
24062,"loop,",1,1,3.0
24063,loops,1,1,3.0
24064,loqs,1,1,3.0
24065,lor:,1,1,3.0
24066,lorcaserin.,1,1,3.0
24067,"lorundrostat),",1,1,3.0
24068,los.,1,1,3.0
24069,loss).,1,1,3.0
24070,loss-affects,1,1,3.0
24071,loss-focused,1,1,3.0
24072,loss-matched,1,1,3.0
24073,loss-of-function,1,1,3.0
24074,loss-oriented,1,1,3.0
24075,loss:,1,1,3.0
24076,"losses,",1,1,3.0
24077,low-burden,1,1,3.0
24078,low-caloric,1,1,3.0
24079,"low-certainty,",1,1,3.0
24080,low-cost.,1,1,3.0
24081,low-engagement,1,1,3.0
24082,"low-grade,",1,1,3.0
24083,low-income,1,1,3.0
24084,low-intensity,1,1,3.0
24085,low-oligomeric,1,1,3.0
24086,low-polyphenol,1,1,3.0
24087,low-responder,1,1,3.0
24088,low-upf,1,1,3.0
24089,lower-burden,1,1,3.0
24090,lower-cost,1,1,3.0
24091,lower-dose,1,1,3.0
24092,lower-risk,1,1,3.0
24093,lower-than-expected,1,1,3.0
24094,lower-threshold,1,1,3.0
24095,lower.,1,1,3.0
24096,"lowered,",1,1,3.0
24097,lowering;,1,1,3.0
24098,"loxenatide,",1,1,3.0
24099,"lp(a),",1,1,3.0
24100,lp(a).,1,1,3.0
24101,lpc-37,1,1,3.0
24102,lps/ifn-γ.,1,1,3.0
24103,lps:,1,1,3.0
24104,"lr08,",1,1,3.0
24105,"lra05,",1,1,3.0
24106,"lrr,",1,1,3.0
24107,lrr-,1,1,3.0
24108,lt.,1,1,3.0
24109,ltd.,1,1,3.0
24110,luma,1,1,3.0
24111,lumen,1,1,3.0
24112,lumen.,1,1,3.0
24113,"luminal,",1,1,3.0
24114,lung-function,1,1,3.0
24115,lungs,1,1,3.0
24116,"lupeol,",1,1,3.0
24117,lupeol.,1,1,3.0
24118,luteinizing,1,1,3.0
24119,lux,1,1,3.0
24120,lvad-era,1,1,3.0
24121,lvad-specific,1,1,3.0
24122,"lxr,",1,1,3.0
24123,lymphatic,1,1,3.0
24124,lymphoid,1,1,3.0
24125,lysosomal,1,1,3.0
24126,m/i,1,1,3.0
24127,m0-,1,1,3.0
24128,m1/m2,1,1,3.0
24129,m2-associated,1,1,3.0
24130,"m2/year),",1,1,3.0
24131,"m2/year,",1,1,3.0
24132,m2/year;,1,1,3.0
24133,m2;,1,1,3.0
24134,m2;95%,1,1,3.0
24135,m;,1,1,3.0
24136,macce,1,1,3.0
24137,macce.,1,1,3.0
24138,"maces,",1,1,3.0
24139,maces.,1,1,3.0
24140,machine-learning-assisted,1,1,3.0
24141,machine-learning/ai-based,1,1,3.0
24142,machinery,1,1,3.0
24143,"macrocyclic,",1,1,3.0
24144,macrogenomic,1,1,3.0
24145,macrolides,1,1,3.0
24146,"macromolecule,",1,1,3.0
24147,"macronutrient,",1,1,3.0
24148,macrophage;,1,1,3.0
24149,mad,1,1,3.0
24150,"mad,",1,1,3.0
24151,maestro-nash,1,1,3.0
24152,"mafa,",1,1,3.0
24153,"mafb,",1,1,3.0
24154,mafld.,1,1,3.0
24155,mage,1,1,3.0
24156,magnetically,1,1,3.0
24157,"magnitude,",1,1,3.0
24158,magnitude.,1,1,3.0
24159,"maintenance,",1,1,3.0
24160,maintenance;,1,1,3.0
24161,"major,",1,1,3.0
24162,majority-minority,1,1,3.0
24163,"make,",1,1,3.0
24164,"making,",1,1,3.0
24165,"mala,",1,1,3.0
24166,malabsorption,1,1,3.0
24167,"malabsorption,",1,1,3.0
24168,malabsorptive,1,1,3.0
24169,malaise,1,1,3.0
24170,"malaise,",1,1,3.0
24171,male/female,1,1,3.0
24172,"maleficence,",1,1,3.0
24173,males.,1,1,3.0
24174,males;,1,1,3.0
24175,"malignancies,",1,1,3.0
24176,malignancies;,1,1,3.0
24177,malignancy-first,1,1,3.0
24178,malignancy.,1,1,3.0
24179,"malo,",1,1,3.0
24180,"malondialdehyde,",1,1,3.0
24181,maltase-glucoamylase,1,1,3.0
24182,mam-associated,1,1,3.0
24183,mam-dependent,1,1,3.0
24184,mam-regulated,1,1,3.0
24185,manageable,1,1,3.0
24186,"management/obesity,",1,1,3.0
24187,manager.,1,1,3.0
24188,mandarin,1,1,3.0
24189,mandates,1,1,3.0
24190,mandating,1,1,3.0
24191,mandatory,1,1,3.0
24192,"mandatory,",1,1,3.0
24193,mandibular,1,1,3.0
24194,manifestation.,1,1,3.0
24195,manifests,1,1,3.0
24196,manipulated,1,1,3.0
24197,"manipulation,",1,1,3.0
24198,"manipulations,",1,1,3.0
24199,"mann-whitney,",1,1,3.0
24200,mannitol,1,1,3.0
24201,manometry,1,1,3.0
24202,mantel-haenszel,1,1,3.0
24203,manually,1,1,3.0
24204,manually.,1,1,3.0
24205,"manufacturable,",1,1,3.0
24206,manufacturer-funded,1,1,3.0
24207,manufacturer-recommended,1,1,3.0
24208,manufacturers,1,1,3.0
24209,manufacturing.,1,1,3.0
24210,manufacturing;,1,1,3.0
24211,manuscript.,1,1,3.0
24212,mao,1,1,3.0
24213,"mapk,",1,1,3.0
24214,mapk3,1,1,3.0
24215,"mapping,",1,1,3.0
24216,"march5,",1,1,3.0
24217,march5-dependent,1,1,3.0
24218,margin.,1,1,3.0
24219,marine,1,1,3.0
24220,marital,1,1,3.0
24221,mark,1,1,3.0
24222,"marked,",1,1,3.0
24223,"market,",1,1,3.0
24224,market.,1,1,3.0
24225,marketing,1,1,3.0
24226,marketplaces.,1,1,3.0
24227,marketscan®,1,1,3.0
24228,marking,1,1,3.0
24229,marks.,1,1,3.0
24230,mart,1,1,3.0
24231,mash-related,1,1,3.0
24232,mash;,1,1,3.0
24233,masld/mash,1,1,3.0
24234,massachusetts,1,1,3.0
24235,master,1,1,3.0
24236,"mastery,",1,1,3.0
24237,matched-cohort,1,1,3.0
24238,matched.,1,1,3.0
24239,matching),1,1,3.0
24240,"matching),",1,1,3.0
24241,matching).,1,1,3.0
24242,mate1);,1,1,3.0
24243,materia,1,1,3.0
24244,materially,1,1,3.0
24245,"materials,",1,1,3.0
24246,"maternal,",1,1,3.0
24247,mathematical,1,1,3.0
24248,mating,1,1,3.0
24249,matrices.,1,1,3.0
24250,matrix.,1,1,3.0
24251,"matsuda),",1,1,3.0
24252,matsuda;,1,1,3.0
24253,maturation,1,1,3.0
24254,maturation.,1,1,3.0
24255,mature.,1,1,3.0
24256,maturity-onset,1,1,3.0
24257,"max,",1,1,3.0
24258,maxillofacial,1,1,3.0
24259,maximally,1,1,3.0
24260,maximum-dose,1,1,3.0
24261,"maze,",1,1,3.0
24262,"mcid,",1,1,3.0
24263,mcmaster,1,1,3.0
24264,mdc,1,1,3.0
24265,"mdd,",1,1,3.0
24266,"mean-field,",1,1,3.0
24267,"meaningful,",1,1,3.0
24268,meanings,1,1,3.0
24269,means,1,1,3.0
24270,"means,",1,1,3.0
24271,"measurable,",1,1,3.0
24272,"measure,",1,1,3.0
24273,measurement.,1,1,3.0
24274,measurements),1,1,3.0
24275,measurements.,1,1,3.0
24276,measures;,1,1,3.0
24277,meat,1,1,3.0
24278,mechanics-dissolution,1,1,3.0
24279,mechanics/poisson-boltzmann,1,1,3.0
24280,mechanism-aligned,1,1,3.0
24281,mechanism-guided,1,1,3.0
24282,mechanism-informed,1,1,3.0
24283,mechanism-oriented,1,1,3.0
24284,mechanism:,1,1,3.0
24285,mechanisms),1,1,3.0
24286,mechanisms-including,1,1,3.0
24287,mechanisms-such,1,1,3.0
24288,mechanisms-trem2,1,1,3.0
24289,mechanisms.new,1,1,3.0
24290,mechanisms.this,1,1,3.0
24291,mechanisms:,1,1,3.0
24292,mechanistic-/clinical,1,1,3.0
24293,mechanistically.,1,1,3.0
24294,mechanometabolic,1,1,3.0
24295,med,1,1,3.0
24296,medfine-rwd,1,1,3.0
24297,media's,1,1,3.0
24298,medial,1,1,3.0
24299,median.,1,1,3.0
24300,mediators.,1,1,3.0
24301,"medica""",1,1,3.0
24302,"medicaid,",1,1,3.0
24303,"medical,",1,1,3.0
24304,medicalization,1,1,3.0
24305,medication's,1,1,3.0
24306,"medication),",1,1,3.0
24307,medication-acquisition,1,1,3.0
24308,medication-date,1,1,3.0
24309,medication-defined,1,1,3.0
24310,medication-field,1,1,3.0
24311,medication-level,1,1,3.0
24312,medication-specific,1,1,3.0
24313,medication-use/device,1,1,3.0
24314,medications:,1,1,3.0
24315,"medicine),",1,1,3.0
24316,medicine/natural,1,1,3.0
24317,medicines.,1,1,3.0
24318,medicolegal,1,1,3.0
24319,medicus,1,1,3.0
24320,mediterranean,1,1,3.0
24321,medium-,1,1,3.0
24322,medium-chain,1,1,3.0
24323,medium.,1,1,3.0
24324,megestrol,1,1,3.0
24325,meglitinides.,1,1,3.0
24326,meier,1,1,3.0
24327,mek1/2,1,1,3.0
24328,melanocortin,1,1,3.0
24329,"melanoma,",1,1,3.0
24330,melanoma.,1,1,3.0
24331,melatonin),1,1,3.0
24332,mellitus),1,1,3.0
24333,mellitus;,1,1,3.0
24334,member-level,1,1,3.0
24335,membership.,1,1,3.0
24336,membership;,1,1,3.0
24337,membrane.,1,1,3.0
24338,membranes,1,1,3.0
24339,membranes.,1,1,3.0
24340,memory-related,1,1,3.0
24341,men;,1,1,3.0
24342,menarche,1,1,3.0
24343,menopause-stratified,1,1,3.0
24344,menoyoung,1,1,3.0
24345,mentions,1,1,3.0
24346,"mentions,",1,1,3.0
24347,menus.,1,1,3.0
24348,merative™,1,1,3.0
24349,merip-qpcr.,1,1,3.0
24350,mesenchymal,1,1,3.0
24351,mesh,1,1,3.0
24352,messengers,1,1,3.0
24353,"met-233i,",1,1,3.0
24354,meta-analyses),1,1,3.0
24355,meta-analysis;,1,1,3.0
24356,meta-analytical,1,1,3.0
24357,meta-analyze,1,1,3.0
24358,"meta-analyzed,",1,1,3.0
24359,meta-epidemiological,1,1,3.0
24360,"meta-inflammation,",1,1,3.0
24361,metabolic-cardiac,1,1,3.0
24362,metabolic-health,1,1,3.0
24363,metabolic-regulating,1,1,3.0
24364,metabolic-targeted,1,1,3.0
24365,metabolism-improving,1,1,3.0
24366,metabolism-oriented,1,1,3.0
24367,metabolism-regulatory,1,1,3.0
24368,metabolism-specific,1,1,3.0
24369,metabolite-intermediate,1,1,3.0
24370,metabolites),1,1,3.0
24371,"metabolites-succinate,",1,1,3.0
24372,"metabolome,",1,1,3.0
24373,"metabolomic,",1,1,3.0
24374,metabolomics.,1,1,3.0
24375,metald;,1,1,3.0
24376,metalloproteinase-1,1,1,3.0
24377,"metalloproteinases,",1,1,3.0
24378,meter),1,1,3.0
24379,meters),1,1,3.0
24380,metformin's,1,1,3.0
24381,metformin-associated,1,1,3.0
24382,metformin-improve,1,1,3.0
24383,metformin-only,1,1,3.0
24384,metformin/sodium-glucose,1,1,3.0
24385,metformin;,1,1,3.0
24386,methacrylate,1,1,3.0
24387,methacrylate)-co-(oligo,1,1,3.0
24388,methacrylation,1,1,3.0
24389,methadone,1,1,3.0
24390,"methadone,",1,1,3.0
24391,methadone.,1,1,3.0
24392,methanol,1,1,3.0
24393,method-specific,1,1,3.0
24394,"methodological,",1,1,3.0
24395,methodologically,1,1,3.0
24396,methodology.,1,1,3.0
24397,methotrexate.,1,1,3.0
24398,"methyl,",1,1,3.0
24399,"methylation,",1,1,3.0
24400,methylglyoxal-induced,1,1,3.0
24401,methylprednisolone,1,1,3.0
24402,methyltransferase,1,1,3.0
24403,"mets,",1,1,3.0
24404,mettl14,1,1,3.0
24405,mettl14-dependent,1,1,3.0
24406,mettl14-driven,1,1,3.0
24407,mg/dl).,1,1,3.0
24408,"mg/dl],",1,1,3.0
24409,mg/g),1,1,3.0
24410,"mg/g),",1,1,3.0
24411,mg/g).,1,1,3.0
24412,"mg/g,",1,1,3.0
24413,mg/g;,1,1,3.0
24414,"mg/gcr,",1,1,3.0
24415,mg/kg)-induced,1,1,3.0
24416,"mg/kg,",1,1,3.0
24417,"mg/kg/day,",1,1,3.0
24418,mg/kg/min).,1,1,3.0
24419,mg/kg/min;,1,1,3.0
24420,mg/kg;,1,1,3.0
24421,mg/l,1,1,3.0
24422,mg/l.,1,1,3.0
24423,"mg/week),",1,1,3.0
24424,mg/week;,1,1,3.0
24425,mg;,1,1,3.0
24426,mg]),1,1,3.0
24427,mg·week-1,1,1,3.0
24428,mg·week-1),1,1,3.0
24429,mice).,1,1,3.0
24430,mice-a,1,1,3.0
24431,micelle,1,1,3.0
24432,micelle-like,1,1,3.0
24433,"micelles,",1,1,3.0
24434,michigan,1,1,3.0
24435,"michigan,",1,1,3.0
24436,michiganders,1,1,3.0
24437,micro-computed,1,1,3.0
24438,"micro-ct,",1,1,3.0
24439,micro-ct:,1,1,3.0
24440,microbe-metabolite,1,1,3.0
24441,microbially,1,1,3.0
24442,microbiological,1,1,3.0
24443,microbiome-,1,1,3.0
24444,microbiome-associated,1,1,3.0
24445,microbiome-directed,1,1,3.0
24446,microbiome-metabolome,1,1,3.0
24447,microbiome:,1,1,3.0
24448,microbiota-based,1,1,3.0
24449,microbiota-centered,1,1,3.0
24450,microbiota-dependent,1,1,3.0
24451,microbiota-enteroendocrine,1,1,3.0
24452,microbiota-gut-astrocyte,1,1,3.0
24453,microbiota-incretin,1,1,3.0
24454,microbiota-mediated,1,1,3.0
24455,microbiota-metabolite,1,1,3.0
24456,microbiota-preserving,1,1,3.0
24457,microchip,1,1,3.0
24458,microcirculatory,1,1,3.0
24459,microdosing.,1,1,3.0
24460,microenvironmental,1,1,3.0
24461,microenvironments,1,1,3.0
24462,microenvironments.,1,1,3.0
24463,microfluidic-assisted,1,1,3.0
24464,microglia,1,1,3.0
24465,microglia.,1,1,3.0
24466,"microgravity,",1,1,3.0
24467,micromachined,1,1,3.0
24468,microneedles,1,1,3.0
24469,micronucleus,1,1,3.0
24470,micronutrients.,1,1,3.0
24471,microorganisms,1,1,3.0
24472,microparticles,1,1,3.0
24473,micrornas,1,1,3.0
24474,"micrornas,",1,1,3.0
24475,"microscopy,",1,1,3.0
24476,microscopy.,1,1,3.0
24477,microsomes,1,1,3.0
24478,"microvasculature,",1,1,3.0
24479,mid,1,1,3.0
24480,mid-30s,1,1,3.0
24481,mid-epigastric,1,1,3.0
24482,midwestern,1,1,3.0
24483,mifepristone.,1,1,3.0
24484,migraine-specific,1,1,3.0
24485,migraine.,1,1,3.0
24486,mild),1,1,3.0
24487,mild.,1,1,3.0
24488,milder,1,1,3.0
24489,mildly,1,1,3.0
24490,milieu,1,1,3.0
24491,milieu.,1,1,3.0
24492,militaris,1,1,3.0
24493,"militaris,",1,1,3.0
24494,"militaris,cm-1a02",1,1,3.0
24495,militaris.,1,1,3.0
24496,milligram,1,1,3.0
24497,million.,1,1,3.0
24498,mimicking,1,1,3.0
24499,min.,1,1,3.0
24500,min;,1,1,3.0
24501,mined,1,1,3.0
24502,mineralizing,1,1,3.0
24503,ming,1,1,3.0
24504,mini-mental,1,1,3.0
24505,minipigs,1,1,3.0
24506,"minipigs,",1,1,3.0
24507,minireview,1,1,3.0
24508,minoxidil.,1,1,3.0
24509,minus,1,1,3.0
24510,minutes),1,1,3.0
24511,minutes).,1,1,3.0
24512,minutes;,1,1,3.0
24513,mir-138-5p,1,1,3.0
24514,mir-33a,1,1,3.0
24515,"mirage""-a",1,1,3.0
24516,mirna,1,1,3.0
24517,mirrors,1,1,3.0
24518,mirrors-but,1,1,3.0
24519,misalignment,1,1,3.0
24520,"misclassification,",1,1,3.0
24521,misdifferentiation,1,1,3.0
24522,misfolded,1,1,3.0
24523,misfolding,1,1,3.0
24524,"mishandling,",1,1,3.0
24525,misjudge,1,1,3.0
24526,"missing,",1,1,3.0
24527,missing-at-random,1,1,3.0
24528,mississippi,1,1,3.0
24529,misunderstood.,1,1,3.0
24530,mitigation.,1,1,3.0
24531,mito-met,1,1,3.0
24532,mito-q10,1,1,3.0
24533,"mitochondria,",1,1,3.0
24534,mitochondria-associated,1,1,3.0
24535,mitochondria-directed,1,1,3.0
24536,mitochondria-targeted,1,1,3.0
24537,"mitochondrial,",1,1,3.0
24538,mitochondrial-targeted,1,1,3.0
24539,mitoros,1,1,3.0
24540,miu/ml,1,1,3.0
24541,mixed-data,1,1,3.0
24542,mixed-methods,1,1,3.0
24543,mixing,1,1,3.0
24544,mk-626-induced,1,1,3.0
24545,ml-derived,1,1,3.0
24546,ml/min,1,1,3.0
24547,ml/min).,1,1,3.0
24548,"ml/min,",1,1,3.0
24549,ml/min.,1,1,3.0
24550,ml/min;,1,1,3.0
24551,"mlf,",1,1,3.0
24552,ml·kg-1,1,1,3.0
24553,mm-gbsa,1,1,3.0
24554,mm/pbsa-based,1,1,3.0
24555,mme/hour;,1,1,3.0
24556,mme;,1,1,3.0
24557,mmhg,1,1,3.0
24558,mmhg).,1,1,3.0
24559,"mmol.l-1,",1,1,3.0
24560,mmol/l]).,1,1,3.0
24561,mmol/mol).,1,1,3.0
24562,"mmol/mol,",1,1,3.0
24563,mmol/mol]).,1,1,3.0
24564,mmol·h·l-¹·d-¹,1,1,3.0
24565,mmp-1,1,1,3.0
24566,mmp-3,1,1,3.0
24567,mmp-9,1,1,3.0
24568,"mmp9,",1,1,3.0
24569,"mmrm,",1,1,3.0
24570,"mmtt,",1,1,3.0
24571,mm·120,1,1,3.0
24572,mn,1,1,3.0
24573,"mn-c-800-800,",1,1,3.0
24574,"mn-t-1000-800,",1,1,3.0
24575,mna,1,1,3.0
24576,mnemonic).,1,1,3.0
24577,mobilization.,1,1,3.0
24578,modafinil),1,1,3.0
24579,model-,1,1,3.0
24580,model-dependent,1,1,3.0
24581,model-derived,1,1,3.0
24582,model;,1,1,3.0
24583,"modeled,",1,1,3.0
24584,"modeling,",1,1,3.0
24585,"models),",1,1,3.0
24586,models.methodsin,1,1,3.0
24587,"moderate),",1,1,3.0
24588,moderate-intensity,1,1,3.0
24589,moderate-severe,1,1,3.0
24590,moderate.,1,1,3.0
24591,moderators.,1,1,3.0
24592,modes.,1,1,3.0
24593,modifiability,1,1,3.0
24594,modification;,1,1,3.0
24595,"modifier,",1,1,3.0
24596,"modifiers,",1,1,3.0
24597,modulation;,1,1,3.0
24598,modulators-for,1,1,3.0
24599,modulators-myostatin,1,1,3.0
24600,modulatory,1,1,3.0
24601,module,1,1,3.0
24602,modules,1,1,3.0
24603,"modules,",1,1,3.0
24604,mody6.,1,1,3.0
24605,moiety,1,1,3.0
24606,molecularly,1,1,3.0
24607,"molecule,",1,1,3.0
24608,"molecules,",1,1,3.0
24609,molybdate-mediated,1,1,3.0
24610,"moment,",1,1,3.0
24611,moments.,1,1,3.0
24612,monetary,1,1,3.0
24613,monitoring.strong,1,1,3.0
24614,monitors,1,1,3.0
24615,monkeys,1,1,3.0
24616,"mono,",1,1,3.0
24617,mono-agonist,1,1,3.0
24618,"monoagonist,",1,1,3.0
24619,monocrotaline-,1,1,3.0
24620,monocyte,1,1,3.0
24621,"monocytes,",1,1,3.0
24622,monocytes.,1,1,3.0
24623,monodispersed,1,1,3.0
24624,"monoglycerides,",1,1,3.0
24625,monograph.,1,1,3.0
24626,monographs.,1,1,3.0
24627,monolayers,1,1,3.0
24628,"monolayers,",1,1,3.0
24629,monomeric,1,1,3.0
24630,"monopole-dipole,",1,1,3.0
24631,monopole-monopole,1,1,3.0
24632,monosaccharide,1,1,3.0
24633,monosodium,1,1,3.0
24634,monotherapies.,1,1,3.0
24635,monotherapy).,1,1,3.0
24636,monotonic,1,1,3.0
24637,monte,1,1,3.0
24638,month.,1,1,3.0
24639,month:,1,1,3.0
24640,montreal,1,1,3.0
24641,"mood,",1,1,3.0
24642,moose,1,1,3.0
24643,"moose,",1,1,3.0
24644,morbidly,1,1,3.0
24645,more-clinical-benefits,1,1,3.0
24646,more.,1,1,3.0
24647,morphine,1,1,3.0
24648,morphogenesis,1,1,3.0
24649,morphologic,1,1,3.0
24650,morphological,1,1,3.0
24651,"morusin,",1,1,3.0
24652,mossy,1,1,3.0
24653,"most,",1,1,3.0
24654,most-visited,1,1,3.0
24655,most.,1,1,3.0
24656,motif,1,1,3.0
24657,motility.,1,1,3.0
24658,motivation-reliably,1,1,3.0
24659,mounjaro,1,1,3.0
24660,mounts,1,1,3.0
24661,"mounts,",1,1,3.0
24662,"mouse,",1,1,3.0
24663,"mouth,",1,1,3.0
24664,moves,1,1,3.0
24665,"mras,",1,1,3.0
24666,mrc),1,1,3.0
24667,mrc.,1,1,3.0
24668,mrc1,1,1,3.0
24669,mri,1,1,3.0
24670,"mri,",1,1,3.0
24671,mri-pdff,1,1,3.0
24672,mri-proton,1,1,3.0
24673,mri.,1,1,3.0
24674,ms.,1,1,3.0
24675,msu:,1,1,3.0
24676,mt,1,1,3.0
24677,mtdna,1,1,3.0
24678,mtdna-cgas-sting-related,1,1,3.0
24679,mtdna:,1,1,3.0
24680,"mtor,",1,1,3.0
24681,mtros:,1,1,3.0
24682,mu-opioid,1,1,3.0
24683,"mu/l*min,",1,1,3.0
24684,mucin,1,1,3.0
24685,mucin-associated,1,1,3.0
24686,"muciniphila,",1,1,3.0
24687,mucinous,1,1,3.0
24688,"mucoadhesion,",1,1,3.0
24689,mucodiffusion.,1,1,3.0
24690,"mucosa,",1,1,3.0
24691,"mucus,",1,1,3.0
24692,multi,1,1,3.0
24693,multi-agonists,1,1,3.0
24694,"multi-agonists,",1,1,3.0
24695,multi-agonists.,1,1,3.0
24696,multi-arm,1,1,3.0
24697,multi-biomarker,1,1,3.0
24698,multi-center,1,1,3.0
24699,multi-compartment,1,1,3.0
24700,multi-component,1,1,3.0
24701,multi-database,1,1,3.0
24702,multi-domain,1,1,3.0
24703,multi-institutional,1,1,3.0
24704,multi-item,1,1,3.0
24705,multi-layered,1,1,3.0
24706,multi-level:,1,1,3.0
24707,"multi-omics,",1,1,3.0
24708,multi-pronged,1,1,3.0
24709,multi-protein,1,1,3.0
24710,multi-setting,1,1,3.0
24711,"multi-site,",1,1,3.0
24712,multi-source,1,1,3.0
24713,multi-state,1,1,3.0
24714,multi-targeted,1,1,3.0
24715,multi-tiered,1,1,3.0
24716,multiagonist,1,1,3.0
24717,multicellular,1,1,3.0
24718,multicentric,1,1,3.0
24719,multidirectional,1,1,3.0
24720,"multidisciplinary,",1,1,3.0
24721,multidrug,1,1,3.0
24722,multifactor,1,1,3.0
24723,multifrequency,1,1,3.0
24724,multihormone,1,1,3.0
24725,multiinstitutional,1,1,3.0
24726,"multiomic,",1,1,3.0
24727,"multiomics,",1,1,3.0
24728,multiomics.,1,1,3.0
24729,multiparametric,1,1,3.0
24730,multiple-ascending,1,1,3.0
24731,multiple-imputation,1,1,3.0
24732,multiplex,1,1,3.0
24733,multiplexed,1,1,3.0
24734,multiplicity,1,1,3.0
24735,multiplicity.,1,1,3.0
24736,multipole,1,1,3.0
24737,"multipole,",1,1,3.0
24738,multisociety,1,1,3.0
24739,multistakeholder,1,1,3.0
24740,multistep,1,1,3.0
24741,multitissue,1,1,3.0
24742,multivariable-adjusted,1,1,3.0
24743,multivariably.,1,1,3.0
24744,"murf1,",1,1,3.0
24745,muribaculaceae,1,1,3.0
24746,muscle-conscious,1,1,3.0
24747,muscle-derived,1,1,3.0
24748,muscle-preservation,1,1,3.0
24749,muscle-preserving,1,1,3.0
24750,muscle-targeted,1,1,3.0
24751,muscle-vulnerability,1,1,3.0
24752,muscles,1,1,3.0
24753,"muscles,",1,1,3.0
24754,muscles.,1,1,3.0
24755,"muscular,",1,1,3.0
24756,"musculature,",1,1,3.0
24757,"musculoskeletal,",1,1,3.0
24758,"mutagenesis,",1,1,3.0
24759,mutation-induced,1,1,3.0
24760,mutation.,1,1,3.0
24761,mutations.,1,1,3.0
24762,muted,1,1,3.0
24763,mvs.,1,1,3.0
24764,myalgic,1,1,3.0
24765,myeloid-associated,1,1,3.0
24766,myeloma,1,1,3.0
24767,myeloma.,1,1,3.0
24768,"myoblasts,",1,1,3.0
24769,myocardium,1,1,3.0
24770,"myocytes,",1,1,3.0
24771,myocytes.,1,1,3.0
24772,myograph.,1,1,3.0
24773,myokine,1,1,3.0
24774,myokine-enteroendocrine-substrate,1,1,3.0
24775,myopathy,1,1,3.0
24776,myostatin,1,1,3.0
24777,myosteatosis.,1,1,3.0
24778,"myotubes,",1,1,3.0
24779,myotubes.,1,1,3.0
24780,"myricetin,",1,1,3.0
24781,"m²),",1,1,3.0
24782,"m²,",1,1,3.0
24783,m²;,1,1,3.0
24784,n-(8-[2-hydroxybenzoyl],1,1,3.0
24785,n-(8-[2-hydroxybenzoyl]amino),1,1,3.0
24786,n-[8-(2-hydroxybenzoyl),1,1,3.0
24787,n-[8-(2-hydroxybenzoyl)amino],1,1,3.0
24788,"n-acetylcysteine,",1,1,3.0
24789,n-acetylcysteine;,1,1,3.0
24790,n-dodecyl-β-d-maltoside-based,1,1,3.0
24791,n-methyl-d-aspartate,1,1,3.0
24792,"n-oxide,",1,1,3.0
24793,"n01hc55222,",1,1,3.0
24794,"n01hc85079,",1,1,3.0
24795,"n01hc85080,",1,1,3.0
24796,"n01hc85081,",1,1,3.0
24797,"n01hc85082,",1,1,3.0
24798,"n01hc85083,",1,1,3.0
24799,"n01hc85086,",1,1,3.0
24800,n6-methyladenosine,1,1,3.0
24801,n=,1,1,3.0
24802,"n=1,572)",1,1,3.0
24803,n=11).,1,1,3.0
24804,n=132;,1,1,3.0
24805,n=134).,1,1,3.0
24806,n=135;,1,1,3.0
24807,n=16,1,1,3.0
24808,"n=2,492)",1,1,3.0
24809,n=38).,1,1,3.0
24810,"n=66),",1,1,3.0
24811,"n=68),",1,1,3.0
24812,na,1,1,3.0
24813,"na+,",1,1,3.0
24814,na+-ca2+,1,1,3.0
24815,"na,",1,1,3.0
24816,na-driven,1,1,3.0
24817,nac:,1,1,3.0
24818,nacl,1,1,3.0
24819,nad+-supporting,1,1,3.0
24820,nad+/senescence,1,1,3.0
24821,nad+/sirt1-foxo3a-nrf2,1,1,3.0
24822,"nadir,",1,1,3.0
24823,nad⁺-consuming,1,1,3.0
24824,"nafld,",1,1,3.0
24825,nails,1,1,3.0
24826,"naion,",1,1,3.0
24827,"naldemedine,",1,1,3.0
24828,naltrexone-bupropion,1,1,3.0
24829,naltrexone.,1,1,3.0
24830,naltrexone/bupropion).,1,1,3.0
24831,name.,1,1,3.0
24832,namely,1,1,3.0
24833,"namely,",1,1,3.0
24834,nano-encapsulated,1,1,3.0
24835,nanoassemblies,1,1,3.0
24836,nanoassembly-based,1,1,3.0
24837,nanocarriers,1,1,3.0
24838,nanoemulsions,1,1,3.0
24839,"nanoemulsions,",1,1,3.0
24840,nanofiber-based,1,1,3.0
24841,"nanomedicine,",1,1,3.0
24842,nanomicellar,1,1,3.0
24843,nanomicelle.,1,1,3.0
24844,nanoparticle-based,1,1,3.0
24845,nanoparticle-enhanced,1,1,3.0
24846,"nanoparticles,",1,1,3.0
24847,nanostructured,1,1,3.0
24848,nanotechnology-based,1,1,3.0
24849,nanotoxicological,1,1,3.0
24850,narcoms,1,1,3.0
24851,narrates,1,1,3.0
24852,narrative-context,1,1,3.0
24853,narratively.,1,1,3.0
24854,"narratives,",1,1,3.0
24855,narrow-spectrum,1,1,3.0
24856,narrower,1,1,3.0
24857,nascent,1,1,3.0
24858,natriuresis,1,1,3.0
24859,naturally,1,1,3.0
24860,nature.,1,1,3.0
24861,nausea),1,1,3.0
24862,nauseating,1,1,3.0
24863,navajo,1,1,3.0
24864,navigates,1,1,3.0
24865,navigation.,1,1,3.0
24866,ncfm,1,1,3.0
24867,nci-h716.,1,1,3.0
24868,"nct02496611,",1,1,3.0
24869,nct04019197.,1,1,3.0
24870,nct04153929;,1,1,3.0
24871,nct04184622,1,1,3.0
24872,nct04591782.,1,1,3.0
24873,nct04657003,1,1,3.0
24874,nct04667377;,1,1,3.0
24875,nct05013229).,1,1,3.0
24876,nct05114018,1,1,3.0
24877,nct05152277.,1,1,3.0
24878,nct05259033;,1,1,3.0
24879,nct05287906.,1,1,3.0
24880,nct05646706.,1,1,3.0
24881,nct05813912.,1,1,3.0
24882,nct05869903.,1,1,3.0
24883,nct05869903;,1,1,3.0
24884,nct05872620).,1,1,3.0
24885,nct06010004,1,1,3.0
24886,"nct06041217,",1,1,3.0
24887,nct06066515.).,1,1,3.0
24888,"nct06124807,",1,1,3.0
24889,nct06162715.,1,1,3.0
24890,nct06467604.,1,1,3.0
24891,nct06559527.,1,1,3.0
24892,nct06770621.,1,1,3.0
24893,nct06789263.,1,1,3.0
24894,nct06854952.,1,1,3.0
24895,nct07013409,1,1,3.0
24896,nct07014709.,1,1,3.0
24897,nct07370922.,1,1,3.0
24898,nct07611201;,1,1,3.0
24899,ndev-associated,1,1,3.0
24900,ndevs.,1,1,3.0
24901,"nds,",1,1,3.0
24902,ne),1,1,3.0
24903,near-term,1,1,3.0
24904,nearest,1,1,3.0
24905,necessary.,1,1,3.0
24906,"necroptosis,",1,1,3.0
24907,nedd4l-dependent,1,1,3.0
24908,nedd4l-mediated,1,1,3.0
24909,need.,1,1,3.0
24910,"needle,",1,1,3.0
24911,needle-free,1,1,3.0
24912,"nefa,",1,1,3.0
24913,nefa-induced,1,1,3.0
24914,negated,1,1,3.0
24915,"negative,",1,1,3.0
24916,neglecting,1,1,3.0
24917,neighbor,1,1,3.0
24918,"nemolizumab,",1,1,3.0
24919,nens.,1,1,3.0
24920,neoadjuvant,1,1,3.0
24921,neoantigen-based,1,1,3.0
24922,"nephrectomy,",1,1,3.0
24923,nephrolithiasis,1,1,3.0
24924,"nephrolithiasis,",1,1,3.0
24925,nephrolithiasis.,1,1,3.0
24926,nephrologic,1,1,3.0
24927,nephrologists',1,1,3.0
24928,"nephrology,",1,1,3.0
24929,nephron,1,1,3.0
24930,"nephroprotection,",1,1,3.0
24931,nephrotic,1,1,3.0
24932,nephrotoxic,1,1,3.0
24933,neprilysin,1,1,3.0
24934,nervosa,1,1,3.0
24935,nets,1,1,3.0
24936,nets.,1,1,3.0
24937,network),1,1,3.0
24938,"network,a",1,1,3.0
24939,network-level,1,1,3.0
24940,network-wide,1,1,3.0
24941,networks,1,1,3.0
24942,neun-positive,1,1,3.0
24943,neuraly.,1,1,3.0
24944,neuro-gastroenterological,1,1,3.0
24945,neuro-icu,1,1,3.0
24946,neuro-immune,1,1,3.0
24947,neuro-metabolic,1,1,3.0
24948,neuroanatomical,1,1,3.0
24949,neuroblu,1,1,3.0
24950,neurochemical,1,1,3.0
24951,neurod1-y297d,1,1,3.0
24952,"neurodifferentiation,",1,1,3.0
24953,neuroendocrine-metabolic,1,1,3.0
24954,neurofibrillary,1,1,3.0
24955,neurogenesis,1,1,3.0
24956,"neurogenesis,",1,1,3.0
24957,neurogenic,1,1,3.0
24958,neurogenin,1,1,3.0
24959,neuroglia,1,1,3.0
24960,"neuroglia,",1,1,3.0
24961,neuroglycopenic,1,1,3.0
24962,"neurohypophysis,",1,1,3.0
24963,neuroimmune,1,1,3.0
24964,"neurologic,",1,1,3.0
24965,neuromodulators.,1,1,3.0
24966,neuromodulatory,1,1,3.0
24967,neuromuscular,1,1,3.0
24968,neuron-centered,1,1,3.0
24969,neuron-centric,1,1,3.0
24970,neuron-derived,1,1,3.0
24971,neurones;,1,1,3.0
24972,neuronostatin,1,1,3.0
24973,neurons),1,1,3.0
24974,neuroocular,1,1,3.0
24975,neuropathological,1,1,3.0
24976,neuropathy-related,1,1,3.0
24977,neuropeptides,1,1,3.0
24978,"neuropharmacology,",1,1,3.0
24979,neuroplastic,1,1,3.0
24980,neuroprotection.,1,1,3.0
24981,"neuropsychiatric,",1,1,3.0
24982,neuropsychological,1,1,3.0
24983,"neuropsychological,",1,1,3.0
24984,"neuroscience,",1,1,3.0
24985,neurotoxic,1,1,3.0
24986,neurotoxicity,1,1,3.0
24987,neurotoxicity-associated,1,1,3.0
24988,neurotransmission.,1,1,3.0
24989,neurotransmitter,1,1,3.0
24990,neurovascular-protective,1,1,3.0
24991,"neutral,",1,1,3.0
24992,neutral-lipid,1,1,3.0
24993,neutralisation,1,1,3.0
24994,neutralization,1,1,3.0
24995,neutralizing,1,1,3.0
24996,neutrophil,1,1,3.0
24997,neutrophil-net,1,1,3.0
24998,neutrophil-to-lymphocyte,1,1,3.0
24999,neutrophilic,1,1,3.0
25000,never-users).,1,1,3.0
25001,never/rarely,1,1,3.0
25002,"new-users,",1,1,3.0
25003,"next,",1,1,3.0
25004,nextida,1,1,3.0
25005,"nexus,",1,1,3.0
25006,"nf-κb,",1,1,3.0
25007,nf-κb/cox-2,1,1,3.0
25008,nf-κb/jnk,1,1,3.0
25009,nf-κb/tgf-β-linked,1,1,3.0
25010,"ng/ml,",1,1,3.0
25011,ng/ml.,1,1,3.0
25012,"ng28,",1,1,3.0
25013,nhe1,1,1,3.0
25014,nhs.,1,1,3.0
25015,"niacinamide,",1,1,3.0
25016,nice,1,1,3.0
25017,niches,1,1,3.0
25018,nicotine-mediated,1,1,3.0
25019,nicotinic,1,1,3.0
25020,nicotininc,1,1,3.0
25021,niddm.,1,1,3.0
25022,night,1,1,3.0
25023,nightmare,1,1,3.0
25024,nighttime,1,1,3.0
25025,"nigra,",1,1,3.0
25026,nigricans,1,1,3.0
25027,"nigricans,",1,1,3.0
25028,nigrostriatal,1,1,3.0
25029,nihss,1,1,3.0
25030,ninety-day,1,1,3.0
25031,ninety-two,1,1,3.0
25032,nitrosative,1,1,3.0
25033,"nkx6.1,",1,1,3.0
25034,nlrc4:,1,1,3.0
25035,nlrp1b:,1,1,3.0
25036,nlrp3-il-1β,1,1,3.0
25037,nlrp3/sirt,1,1,3.0
25038,nlrp3:,1,1,3.0
25039,nma.,1,1,3.0
25040,nmda,1,1,3.0
25041,"nmnat2,",1,1,3.0
25042,nmol,1,1,3.0
25043,nmol/kg),1,1,3.0
25044,nmol/l),1,1,3.0
25045,nmol/l).,1,1,3.0
25046,"nmol/l*min,",1,1,3.0
25047,"nmol/l,",1,1,3.0
25048,nmol/l.,1,1,3.0
25049,nmr,1,1,3.0
25050,"nmr,",1,1,3.0
25051,nn1213.,1,1,3.0
25052,nnts,1,1,3.0
25053,no-centered,1,1,3.0
25054,no-intervention,1,1,3.0
25055,no-restoring,1,1,3.0
25056,no.:,1,1,3.0
25057,no;,1,1,3.0
25058,nod,1,1,3.0
25059,"nod-,",1,1,3.0
25060,nod-scid,1,1,3.0
25061,node-splitting,1,1,3.0
25062,nodes-the,1,1,3.0
25063,nodularis,1,1,3.0
25064,nodule,1,1,3.0
25065,nodules,1,1,3.0
25066,"noise"",",1,1,3.0
25067,noise.,1,1,3.0
25068,noise:,1,1,3.0
25069,nominal,1,1,3.0
25070,non,1,1,3.0
25071,non-12-oh,1,1,3.0
25072,non-adherence,1,1,3.0
25073,non-amyloid,1,1,3.0
25074,non-asians.,1,1,3.0
25075,non-athletic,1,1,3.0
25076,non-autonomous,1,1,3.0
25077,non-aversive,1,1,3.0
25078,non-breakfast,1,1,3.0
25079,non-caloric,1,1,3.0
25080,non-ckd,1,1,3.0
25081,non-compartmental,1,1,3.0
25082,non-cp,1,1,3.0
25083,"non-diabetic,",1,1,3.0
25084,non-dimerizing,1,1,3.0
25085,non-disordered,1,1,3.0
25086,non-endocrine,1,1,3.0
25087,non-er,1,1,3.0
25088,"non-ers,",1,1,3.0
25089,non-ers.,1,1,3.0
25090,non-escalation.,1,1,3.0
25091,non-exclusive,1,1,3.0
25092,"non-fda-approved,",1,1,3.0
25093,"non-glp-1ras,",1,1,3.0
25094,non-glp-1ras.,1,1,3.0
25095,non-glycemic,1,1,3.0
25096,non-hdl,1,1,3.0
25097,"non-hdl-c,",1,1,3.0
25098,non-hispanic,1,1,3.0
25099,non-hodgkin,1,1,3.0
25100,non-hodgkin's,1,1,3.0
25101,non-hormonal,1,1,3.0
25102,non-human,1,1,3.0
25103,non-inferior,1,1,3.0
25104,non-inferiority.,1,1,3.0
25105,"non-initiation,",1,1,3.0
25106,non-initiators,1,1,3.0
25107,non-ischemic,1,1,3.0
25108,non-lean,1,1,3.0
25109,non-maleficence,1,1,3.0
25110,"non-maleficence,",1,1,3.0
25111,non-melanoma,1,1,3.0
25112,non-metformin,1,1,3.0
25113,non-missing,1,1,3.0
25114,non-motor,1,1,3.0
25115,non-mutually,1,1,3.0
25116,non-natural,1,1,3.0
25117,non-neoplastic,1,1,3.0
25118,non-omics,1,1,3.0
25119,non-overlapping,1,1,3.0
25120,non-parametric,1,1,3.0
25121,"non-peptide,",1,1,3.0
25122,non-pharmaceutical,1,1,3.0
25123,non-prescribed,1,1,3.0
25124,non-psychiatric,1,1,3.0
25125,non-pws,1,1,3.0
25126,non-randomised,1,1,3.0
25127,non-response-commonly,1,1,3.0
25128,non-serious,1,1,3.0
25129,"non-serious,",1,1,3.0
25130,non-significantly,1,1,3.0
25131,non-smi,1,1,3.0
25132,non-specialist,1,1,3.0
25133,non-starch,1,1,3.0
25134,non-stigmatizing,1,1,3.0
25135,non-stroke,1,1,3.0
25136,non-surgical,1,1,3.0
25137,non-sympathomimetic,1,1,3.0
25138,non-t2,1,1,3.0
25139,non-targeted,1,1,3.0
25140,non-testers,1,1,3.0
25141,non-tirzepatide,1,1,3.0
25142,non-treatment,1,1,3.0
25143,non-user,1,1,3.0
25144,non-users),1,1,3.0
25145,"non-validated,",1,1,3.0
25146,non-vision-threatening,1,1,3.0
25147,non-weight-bearing,1,1,3.0
25148,non-white;,1,1,3.0
25149,nonadherence,1,1,3.0
25150,nonadherent,1,1,3.0
25151,nonalcoholic,1,1,3.0
25152,noncausal,1,1,3.0
25153,noncirrhotic,1,1,3.0
25154,nonclassical,1,1,3.0
25155,nonclinical,1,1,3.0
25156,noncomparative,1,1,3.0
25157,nondestructive,1,1,3.0
25158,nondialysis,1,1,3.0
25159,nonearly,1,1,3.0
25160,noneligible,1,1,3.0
25161,nonemergent,1,1,3.0
25162,nonenforced,1,1,3.0
25163,nonesterified,1,1,3.0
25164,"nonglp-1ra,",1,1,3.0
25165,noninfectious,1,1,3.0
25166,noninformative,1,1,3.0
25167,noninvasively,1,1,3.0
25168,nonlinearity,1,1,3.0
25169,"nonlinearity=0.932),",1,1,3.0
25170,"nonmaleficence,",1,1,3.0
25171,nonmetabolic,1,1,3.0
25172,nonmutually,1,1,3.0
25173,nonnutritive,1,1,3.0
25174,nonopioid,1,1,3.0
25175,nonparametric,1,1,3.0
25176,"nonpeptide,",1,1,3.0
25177,nonpharmacological,1,1,3.0
25178,nonpsychiatric,1,1,3.0
25179,nonrenal,1,1,3.0
25180,nonresponse,1,1,3.0
25181,"nonresponse,",1,1,3.0
25182,nonsignificant.,1,1,3.0
25183,nonspecific,1,1,3.0
25184,nonstandard,1,1,3.0
25185,nonsurgical,1,1,3.0
25186,"nonuse,",1,1,3.0
25187,nonusers).,1,1,3.0
25188,nordicc3m,1,1,3.0
25189,normal-,1,1,3.0
25190,normal-weight,1,1,3.0
25191,normal/low-dose,1,1,3.0
25192,normalise,1,1,3.0
25193,"normalization,",1,1,3.0
25194,normalize,1,1,3.0
25195,normalized.,1,1,3.0
25196,normalizing,1,1,3.0
25197,normo-,1,1,3.0
25198,normoglycemia,1,1,3.0
25199,normoglycemic,1,1,3.0
25200,normotensive,1,1,3.0
25201,northern,1,1,3.0
25202,norway,1,1,3.0
25203,nos,1,1,3.0
25204,not-for-profit,1,1,3.0
25205,note,1,1,3.0
25206,"note,",1,1,3.0
25207,"noted,",1,1,3.0
25208,noted.,1,1,3.0
25209,notes,1,1,3.0
25210,notherapeutic,1,1,3.0
25211,noting,1,1,3.0
25212,notoriety,1,1,3.0
25213,nov,1,1,3.0
25214,now.,1,1,3.0
25215,npo,1,1,3.0
25216,nps,1,1,3.0
25217,npy,1,1,3.0
25218,npy/agrp,1,1,3.0
25219,nrem,1,1,3.0
25220,nrf2,1,1,3.0
25221,nrf2-independent,1,1,3.0
25222,nrf2-nf-κb,1,1,3.0
25223,nrtis,1,1,3.0
25224,ns.,1,1,3.0
25225,"nss,",1,1,3.0
25226,"nst,",1,1,3.0
25227,nst-gpr107,1,1,3.0
25228,ns×3,1,1,3.0
25229,nt-probnp).,1,1,3.0
25230,nt5e,1,1,3.0
25231,"ntcp,",1,1,3.0
25232,nuanced,1,1,3.0
25233,nuances,1,1,3.0
25234,nucleotide,1,1,3.0
25235,nucleotide-binding,1,1,3.0
25236,nud,1,1,3.0
25237,"nud,",1,1,3.0
25238,null).,1,1,3.0
25239,nullified,1,1,3.0
25240,"number,",1,1,3.0
25241,number;,1,1,3.0
25242,numberically,1,1,3.0
25243,numeric,1,1,3.0
25244,nurse-led,1,1,3.0
25245,nurses,1,1,3.0
25246,nursing,1,1,3.0
25247,nutri-specific,1,1,3.0
25248,nutrient-dense,1,1,3.0
25249,nutrient-driven,1,1,3.0
25250,nutrient-rich,1,1,3.0
25251,nutrient-sensing,1,1,3.0
25252,"nutrient-sensing,",1,1,3.0
25253,nutrient-stimulated,1,1,3.0
25254,nutrient-stimulating,1,1,3.0
25255,nutrition-focused,1,1,3.0
25256,nutrition-specific,1,1,3.0
25257,nutritionally,1,1,3.0
25258,"nvamd,",1,1,3.0
25259,nω-nitro-l-arginine,1,1,3.0
25260,o,1,1,3.0
25261,o'malley.,1,1,3.0
25262,o-6,1,1,3.0
25263,o2k-respirometer.,1,1,3.0
25264,oa),1,1,3.0
25265,oa-obesity,1,1,3.0
25266,oa-related,1,1,3.0
25267,"oads,",1,1,3.0
25268,oagb,1,1,3.0
25269,"oao,",1,1,3.0
25270,"oats,",1,1,3.0
25271,oaxaca-blinder,1,1,3.0
25272,ob-ckd,1,1,3.0
25273,ob-ckd.,1,1,3.0
25274,"obedigithum,",1,1,3.0
25275,"obesity),",1,1,3.0
25276,obesity).,1,1,3.0
25277,obesity-,1,1,3.0
25278,obesity-based,1,1,3.0
25279,obesity-driven,1,1,3.0
25280,obesity-fuels,1,1,3.0
25281,"obesity-labeled,",1,1,3.0
25282,"obesity-related,",1,1,3.0
25283,obesity-treatment,1,1,3.0
25284,obesity/glp-1,1,1,3.0
25285,obesity/glp-1-based,1,1,3.0
25286,obesity/overweight,1,1,3.0
25287,obesity1.,1,1,3.0
25288,objectionable.,1,1,3.0
25289,objectiveto,1,1,3.0
25290,obligation,1,1,3.0
25291,obligations,1,1,3.0
25292,obscure,1,1,3.0
25293,obscure.,1,1,3.0
25294,obscures,1,1,3.0
25295,observational),1,1,3.0
25296,observations-pre-treatment,1,1,3.0
25297,observations.strong,1,1,3.0
25298,observed;,1,1,3.0
25299,obstacles,1,1,3.0
25300,"obstetrical,",1,1,3.0
25301,obstetricians,1,1,3.0
25302,"obstruction,",1,1,3.0
25303,"obstruction/ileus,",1,1,3.0
25304,obstruction/ileus.,1,1,3.0
25305,obtained.,1,1,3.0
25306,obvious,1,1,3.0
25307,occasionally,1,1,3.0
25308,occasions,1,1,3.0
25309,occludin,1,1,3.0
25310,"occludin,",1,1,3.0
25311,occupational,1,1,3.0
25312,occupy,1,1,3.0
25313,occurrence.,1,1,3.0
25314,occurrence/prevalence,1,1,3.0
25315,occurrences,1,1,3.0
25316,"occurs,",1,1,3.0
25317,occurs.,1,1,3.0
25318,oceania,1,1,3.0
25319,ocn,1,1,3.0
25320,ocn-gpr158-mediated,1,1,3.0
25321,"ocps,",1,1,3.0
25322,"oct1/oct2,",1,1,3.0
25323,october-november,1,1,3.0
25324,oculomotor,1,1,3.0
25325,"odds,",1,1,3.0
25326,odt,1,1,3.0
25327,oecd,1,1,3.0
25328,"oedema,",1,1,3.0
25329,oesophagus,1,1,3.0
25330,oesophagus/oesophageal,1,1,3.0
25331,of-neuropsychiatric,1,1,3.0
25332,of:,1,1,3.0
25333,ofcollagen-induced,1,1,3.0
25334,off-label.,1,1,3.0
25335,off-target,1,1,3.0
25336,offerings,1,1,3.0
25337,"offices,",1,1,3.0
25338,"offloading,",1,1,3.0
25339,offset,1,1,3.0
25340,offsetting,1,1,3.0
25341,"ogtt,",1,1,3.0
25342,ogtt-derived,1,1,3.0
25343,ogtt:,1,1,3.0
25344,ohio,1,1,3.0
25345,oil.,1,1,3.0
25346,"oils,",1,1,3.0
25347,ojps',1,1,3.0
25348,ojps.,1,1,3.0
25349,olanzapine,1,1,3.0
25350,olanzapine-treated,1,1,3.0
25351,old),1,1,3.0
25352,older.,1,1,3.0
25353,older.methodsthe,1,1,3.0
25354,oldest,1,1,3.0
25355,oligomeric,1,1,3.0
25356,oligomerization,1,1,3.0
25357,oligonucleotide,1,1,3.0
25358,oligonucleotides,1,1,3.0
25359,"om-experienced,",1,1,3.0
25360,om-naïve,1,1,3.0
25361,om-naïve/400,1,1,3.0
25362,om.,1,1,3.0
25363,"omission,",1,1,3.0
25364,omitted,1,1,3.0
25365,omnibus,1,1,3.0
25366,omop,1,1,3.0
25367,"oms,",1,1,3.0
25368,"on,",1,1,3.0
25369,on:,1,1,3.0
25370,"once-daily,",1,1,3.0
25371,"once-weekly,",1,1,3.0
25372,"oncology,",1,1,3.0
25373,"ondansetron,",1,1,3.0
25374,ondansetron.,1,1,3.0
25375,one-anastomosis,1,1,3.0
25376,one-day-old,1,1,3.0
25377,one-half,1,1,3.0
25378,"one-page,",1,1,3.0
25379,one-sided,1,1,3.0
25380,one-size-fits-all,1,1,3.0
25381,one-week,1,1,3.0
25382,"one-year,",1,1,3.0
25383,oneflorida+,1,1,3.0
25384,ongoing-trial,1,1,3.0
25385,ongoing.,1,1,3.0
25386,oniglt,1,1,3.0
25387,"onions,",1,1,3.0
25388,online-purchased,1,1,3.0
25389,onlinemeta,1,1,3.0
25390,ontario,1,1,3.0
25391,onto,1,1,3.0
25392,"ontologies,",1,1,3.0
25393,ontology,1,1,3.0
25394,onward,1,1,3.0
25395,open-access,1,1,3.0
25396,open-heart,1,1,3.0
25397,openalex,1,1,3.0
25398,opened,1,1,3.0
25399,operate,1,1,3.0
25400,operates.,1,1,3.0
25401,operation,1,1,3.0
25402,"operational,",1,1,3.0
25403,operationalised,1,1,3.0
25404,operations,1,1,3.0
25405,ophiopogon,1,1,3.0
25406,opiates,1,1,3.0
25407,opinion.,1,1,3.0
25408,opinion:,1,1,3.0
25409,opinions,1,1,3.0
25410,opioid-negative,1,1,3.0
25411,opioid-related,1,1,3.0
25412,opioid-seeking,1,1,3.0
25413,opioids,1,1,3.0
25414,"opioids,",1,1,3.0
25415,opioids.,1,1,3.0
25416,"opportunity,",1,1,3.0
25417,opposed,1,1,3.0
25418,opposing,1,1,3.0
25419,opposite,1,1,3.0
25420,optical,1,1,3.0
25421,optimised,1,1,3.0
25422,optimized.,1,1,3.0
25423,"option,",1,1,3.0
25424,option.,1,1,3.0
25425,optum's,1,1,3.0
25426,optumlabs,1,1,3.0
25427,or:0.401-0.634;,1,1,3.0
25428,"or:0.418-0.593,",1,1,3.0
25429,"or:0.563-0.697,",1,1,3.0
25430,oral/periodontal,1,1,3.0
25431,orbital,1,1,3.0
25432,"orc,",1,1,3.0
25433,"order,",1,1,3.0
25434,order-level,1,1,3.0
25435,order.,1,1,3.0
25436,ordering,1,1,3.0
25437,orders.,1,1,3.0
25438,orexin,1,1,3.0
25439,orf,1,1,3.0
25440,orforglipron's,1,1,3.0
25441,orforglipron),1,1,3.0
25442,orforglipron-like,1,1,3.0
25443,orforglipron-treated,1,1,3.0
25444,organ-by-organ,1,1,3.0
25445,organ-level,1,1,3.0
25446,organ-like,1,1,3.0
25447,organellar,1,1,3.0
25448,organelles,1,1,3.0
25449,organised,1,1,3.0
25450,organize,1,1,3.0
25451,organizing,1,1,3.0
25452,organoids,1,1,3.0
25453,"organoids),",1,1,3.0
25454,organs/tissues.,1,1,3.0
25455,orgasm,1,1,3.0
25456,orientation,1,1,3.0
25457,origin,1,1,3.0
25458,oro-sensory,1,1,3.0
25459,oroboros,1,1,3.0
25460,oromucosal,1,1,3.0
25461,oropharyngeal,1,1,3.0
25462,orthokeratology.,1,1,3.0
25463,orthopedic,1,1,3.0
25464,osa-driven,1,1,3.0
25465,oscillations-and,1,1,3.0
25466,"oscillibacter),",1,1,3.0
25467,"oscillibacter,",1,1,3.0
25468,osmolality,1,1,3.0
25469,"osteoarthritis),",1,1,3.0
25470,osteoblast-like,1,1,3.0
25471,osteoblastic,1,1,3.0
25472,"osteoclastogenesis,",1,1,3.0
25473,osteocyte-derived,1,1,3.0
25474,osteolysis.,1,1,3.0
25475,"osteomyelitis,",1,1,3.0
25476,osteopenia.,1,1,3.0
25477,osteopontin).,1,1,3.0
25478,osteoporosis;,1,1,3.0
25479,"otalgia,",1,1,3.0
25480,"others),",1,1,3.0
25481,"others,",1,1,3.0
25482,otolaryngologic,1,1,3.0
25483,otologic,1,1,3.0
25484,otoscopic,1,1,3.0
25485,otu,1,1,3.0
25486,oud-related,1,1,3.0
25487,oud/aud,1,1,3.0
25488,ourselves,1,1,3.0
25489,"out.""",1,1,3.0
25490,outcome),1,1,3.0
25491,"outcome),",1,1,3.0
25492,outcome-level,1,1,3.0
25493,outcome-stratified,1,1,3.0
25494,outcome;,1,1,3.0
25495,outcomes),1,1,3.0
25496,outcomes).,1,1,3.0
25497,outcomes-including,1,1,3.0
25498,outer,1,1,3.0
25499,outlined.,1,1,3.0
25500,outlining,1,1,3.0
25501,outlying,1,1,3.0
25502,"outpatients,",1,1,3.0
25503,outperform,1,1,3.0
25504,outperforming,1,1,3.0
25505,outputs,1,1,3.0
25506,outstanding,1,1,3.0
25507,"ovarian,",1,1,3.0
25508,ovarian-centric,1,1,3.0
25509,ovariectomized,1,1,3.0
25510,ovaries,1,1,3.0
25511,"ovaries,",1,1,3.0
25512,"ovary,",1,1,3.0
25513,"ovatus,",1,1,3.0
25514,over-time,1,1,3.0
25515,overactivation,1,1,3.0
25516,"overactivation,",1,1,3.0
25517,overarching,1,1,3.0
25518,overcome.,1,1,3.0
25519,overcoming,1,1,3.0
25520,"overconsumption,",1,1,3.0
25521,overestimation.,1,1,3.0
25522,overexpression.,1,1,3.0
25523,overfeeding,1,1,3.0
25524,overfeeding.,1,1,3.0
25525,overlap-informed,1,1,3.0
25526,overlapped,1,1,3.0
25527,overlaps,1,1,3.0
25528,overnutrition-induced,1,1,3.0
25529,overstate,1,1,3.0
25530,overweight/obese),1,1,3.0
25531,"ovid,",1,1,3.0
25532,ovid®,1,1,3.0
25533,"ovulation,",1,1,3.0
25534,ovulatory,1,1,3.0
25535,own.,1,1,3.0
25536,ownership,1,1,3.0
25537,oxalate,1,1,3.0
25538,oxazole-containing,1,1,3.0
25539,oxford-royal,1,1,3.0
25540,oxidant,1,1,3.0
25541,oxidation.,1,1,3.0
25542,"oxide,",1,1,3.0
25543,oxphos-regulating,1,1,3.0
25544,"oxybate,",1,1,3.0
25545,oxygen-stress,1,1,3.0
25546,"ozempic"".",1,1,3.0
25547,"ozempic),",1,1,3.0
25548,"ozempic,",1,1,3.0
25549,ozone.,1,1,3.0
25550,"ozympic,",1,1,3.0
25551,"p-akt308,",1,1,3.0
25552,"p-akt473,",1,1,3.0
25553,p-glycoprotein,1,1,3.0
25554,"p-gp,",1,1,3.0
25555,p-gsk-3β,1,1,3.0
25556,p-mtor,1,1,3.0
25557,"p-pi3k,",1,1,3.0
25558,"p-s6,",1,1,3.0
25559,"p-selectin,",1,1,3.0
25560,p-trend=0.028).,1,1,3.0
25561,p-values),1,1,3.0
25562,"p.tyr297asp),",1,1,3.0
25563,p1np),1,1,3.0
25564,p62,1,1,3.0
25565,p<.001).,1,1,3.0
25566,p<0.0001),1,1,3.0
25567,p<0.0001).,1,1,3.0
25568,p<0.0001.,1,1,3.0
25569,p<0.001;,1,1,3.0
25570,p<0·0001,1,1,3.0
25571,p=.002;,1,1,3.0
25572,"p=.02),",1,1,3.0
25573,"p=.03),",1,1,3.0
25574,"p=0.00002),",1,1,3.0
25575,p=0.0001),1,1,3.0
25576,"p=0.0002),",1,1,3.0
25577,p=0.0007).,1,1,3.0
25578,"p=0.0008),",1,1,3.0
25579,p=0.001),1,1,3.0
25580,p=0.0016),1,1,3.0
25581,p=0.002).,1,1,3.0
25582,p=0.0024).,1,1,3.0
25583,"p=0.0032),",1,1,3.0
25584,p=0.006),1,1,3.0
25585,p=0.0078;,1,1,3.0
25586,p=0.0086).,1,1,3.0
25587,p=0.009).,1,1,3.0
25588,p=0.01),1,1,3.0
25589,p=0.016),1,1,3.0
25590,p=0.02).,1,1,3.0
25591,"p=0.021),",1,1,3.0
25592,"p=0.0342),",1,1,3.0
25593,p=0.041),1,1,3.0
25594,p=0.059).,1,1,3.0
25595,p=0.05;,1,1,3.0
25596,p=0.084).,1,1,3.0
25597,"p=0.10),",1,1,3.0
25598,p=0.15).,1,1,3.0
25599,p=0.19).,1,1,3.0
25600,"p=0.20),",1,1,3.0
25601,p=0.24),1,1,3.0
25602,p=0.31),1,1,3.0
25603,p=0.50).,1,1,3.0
25604,p=0.53),1,1,3.0
25605,p=0.86).,1,1,3.0
25606,p=0·04).,1,1,3.0
25607,"pace,",1,1,3.0
25608,packaging,1,1,3.0
25609,pad.,1,1,3.0
25610,paediatrics,1,1,3.0
25611,paediatrics.,1,1,3.0
25612,pai-1,1,1,3.0
25613,paid,1,1,3.0
25614,pain/function,1,1,3.0
25615,pain/osteoarthritis,1,1,3.0
25616,painless,1,1,3.0
25617,pair-fed,1,1,3.0
25618,paired-end,1,1,3.0
25619,palliated,1,1,3.0
25620,palm,1,1,3.0
25621,palmitate-based,1,1,3.0
25622,palpitations,1,1,3.0
25623,"palpitations,",1,1,3.0
25624,pan-ppar,1,1,3.0
25625,pan-tissue,1,1,3.0
25626,pancreas-liver,1,1,3.0
25627,"pancreatic,",1,1,3.0
25628,pancreatitis-directed,1,1,3.0
25629,pancreatitis-related,1,1,3.0
25630,pancreatitis/cholangitis/cholelithiasis,1,1,3.0
25631,"pancrelipase,",1,1,3.0
25632,pancytopenia.,1,1,3.0
25633,"pandemic,",1,1,3.0
25634,panellists,1,1,3.0
25635,"panels,",1,1,3.0
25636,panniculectomy,1,1,3.0
25637,"panniculectomy,",1,1,3.0
25638,"panoptosis,",1,1,3.0
25639,"papers,",1,1,3.0
25640,papilla,1,1,3.0
25641,parabrachial,1,1,3.0
25642,paracardiac,1,1,3.0
25643,paracasei,1,1,3.0
25644,paracetamol;,1,1,3.0
25645,"paradigms,",1,1,3.0
25646,"paradox,""",1,1,3.0
25647,paradoxically,1,1,3.0
25648,"paragasseri,",1,1,3.0
25649,parallel-arm,1,1,3.0
25650,parallel.,1,1,3.0
25651,parallels,1,1,3.0
25652,parameters),1,1,3.0
25653,paramount,1,1,3.0
25654,parapharyngeal,1,1,3.0
25655,parasympathetic,1,1,3.0
25656,parathyroid,1,1,3.0
25657,parent,1,1,3.0
25658,parent-reported,1,1,3.0
25659,parenteral,1,1,3.0
25660,"parents,",1,1,3.0
25661,parity,1,1,3.0
25662,"park7/dj-1,",1,1,3.0
25663,parkinsonian,1,1,3.0
25664,"paroxetine,",1,1,3.0
25665,parp,1,1,3.0
25666,"partially,",1,1,3.0
25667,participant's,1,1,3.0
25668,"participant,",1,1,3.0
25669,participants',1,1,3.0
25670,participants.resultshigher,1,1,3.0
25671,participants:,1,1,3.0
25672,participating,1,1,3.0
25673,participation,1,1,3.0
25674,particle-induced,1,1,3.0
25675,"particles,",1,1,3.0
25676,particles.,1,1,3.0
25677,partitioning.,1,1,3.0
25678,partly.,1,1,3.0
25679,partner,1,1,3.0
25680,"partner,",1,1,3.0
25681,parts.,1,1,3.0
25682,party,1,1,3.0
25683,pasc,1,1,3.0
25684,"pasc,",1,1,3.0
25685,pasireotide,1,1,3.0
25686,"pasireotide,",1,1,3.0
25687,pass,1,1,3.0
25688,"pass,",1,1,3.0
25689,patch-clamp,1,1,3.0
25690,"patches,",1,1,3.0
25691,patchy,1,1,3.0
25692,patellar,1,1,3.0
25693,patency,1,1,3.0
25694,paternal-exposure,1,1,3.0
25695,paternally,1,1,3.0
25696,path,1,1,3.0
25697,pathobiology,1,1,3.0
25698,pathobiont,1,1,3.0
25699,pathobionts,1,1,3.0
25700,pathogen-associated,1,1,3.0
25701,pathogen-specific,1,1,3.0
25702,"pathogenesis,",1,1,3.0
25703,pathogenicity,1,1,3.0
25704,pathogenicity.,1,1,3.0
25705,pathologic,1,1,3.0
25706,"pathophysiologic,",1,1,3.0
25707,paths,1,1,3.0
25708,pathway-associated,1,1,3.0
25709,pathway-inhibition,1,1,3.0
25710,pathway:,1,1,3.0
25711,pathways-including,1,1,3.0
25712,pathways-to,1,1,3.0
25713,pathways;,1,1,3.0
25714,patid,1,1,3.0
25715,patient-administered,1,1,3.0
25716,"patient-centered,",1,1,3.0
25717,patient-centred,1,1,3.0
25718,patient-centric,1,1,3.0
25719,patient-derived,1,1,3.0
25720,patient-friendly,1,1,3.0
25721,patient-informed,1,1,3.0
25722,patient-related,1,1,3.0
25723,patient-specific,1,1,3.0
25724,patient-specific.,1,1,3.0
25725,patient-years;,1,1,3.0
25726,patient`s,1,1,3.0
25727,"patients),",1,1,3.0
25728,patients).,1,1,3.0
25729,patients/year),1,1,3.0
25730,"patients/year),",1,1,3.0
25731,patients/year).,1,1,3.0
25732,patients:,1,1,3.0
25733,pattern).,1,1,3.0
25734,pattern:,1,1,3.0
25735,"pause,",1,1,3.0
25736,pave,1,1,3.0
25737,paving,1,1,3.0
25738,"pay,",1,1,3.0
25739,payer.,1,1,3.0
25740,pbh;,1,1,3.0
25741,pbmcs,1,1,3.0
25742,pbs,1,1,3.0
25743,pbs:,1,1,3.0
25744,pc1,1,1,3.0
25745,"pce,",1,1,3.0
25746,"pcgrimage,",1,1,3.0
25747,pch,1,1,3.0
25748,pci-related,1,1,3.0
25749,pci.,1,1,3.0
25750,pcos/pmos,1,1,3.0
25751,pcp,1,1,3.0
25752,"pcps,",1,1,3.0
25753,pcsk9-mediated,1,1,3.0
25754,pd-related,1,1,3.0
25755,"pdac,",1,1,3.0
25756,pdc,1,1,3.0
25757,"pdx1,",1,1,3.0
25758,peaking,1,1,3.0
25759,pearldiver,1,1,3.0
25760,"pectin,",1,1,3.0
25761,pediatric-versus-adult,1,1,3.0
25762,pediatrician,1,1,3.0
25763,"pediatricians,",1,1,3.0
25764,"peer-reviewed,",1,1,3.0
25765,peers,1,1,3.0
25766,pegol,1,1,3.0
25767,pemafibrate,1,1,3.0
25768,pemphigoid,1,1,3.0
25769,pemphigus,1,1,3.0
25770,pending).,1,1,3.0
25771,penetrance,1,1,3.0
25772,penetrance.,1,1,3.0
25773,penetrant,1,1,3.0
25774,"penetrant,",1,1,3.0
25775,"penetration,",1,1,3.0
25776,penetration.,1,1,3.0
25777,penetrative,1,1,3.0
25778,pentose,1,1,3.0
25779,pentoxifylline,1,1,3.0
25780,people's,1,1,3.0
25781,people.,1,1,3.0
25782,pepsin,1,1,3.0
25783,"peptide,",1,1,3.0
25784,peptide-,1,1,3.0
25785,peptide-1-based,1,1,3.0
25786,peptide-1-immunoreactive,1,1,3.0
25787,peptide-based.,1,1,3.0
25788,peptide.,1,1,3.0
25789,per-patient,1,1,3.0
25790,per-person-per-month),1,1,3.0
25791,per-protocol,1,1,3.0
25792,per-tablet,1,1,3.0
25793,percentages,1,1,3.0
25794,percentile,1,1,3.0
25795,"percentile,",1,1,3.0
25796,"perception,",1,1,3.0
25797,perception.,1,1,3.0
25798,perceptual,1,1,3.0
25799,performance.conditional,1,1,3.0
25800,performance;,1,1,3.0
25801,performed;,1,1,3.0
25802,"perfusion,",1,1,3.0
25803,peri-endoscopic,1,1,3.0
25804,peri-implant,1,1,3.0
25805,pericentral,1,1,3.0
25806,periconceptual,1,1,3.0
25807,"pericytes,",1,1,3.0
25808,perinatal,1,1,3.0
25809,perinephric,1,1,3.0
25810,period.glycaemic,1,1,3.0
25811,periodic,1,1,3.0
25812,periodontitis,1,1,3.0
25813,periodontitis-associated,1,1,3.0
25814,periods-are,1,1,3.0
25815,"perioperative,",1,1,3.0
25816,perioperative/postoperative,1,1,3.0
25817,peripapillary,1,1,3.0
25818,"peripartum,",1,1,3.0
25819,peripherally,1,1,3.0
25820,perirenal,1,1,3.0
25821,peristaltic,1,1,3.0
25822,peritubal,1,1,3.0
25823,perivascular,1,1,3.0
25824,permanent,1,1,3.0
25825,permeable,1,1,3.0
25826,permit,1,1,3.0
25827,permutational,1,1,3.0
25828,"peroxide,",1,1,3.0
25829,peroxide-induced,1,1,3.0
25830,peroxisomes.,1,1,3.0
25831,perpetuate,1,1,3.0
25832,perpetuating,1,1,3.0
25833,"persist,",1,1,3.0
25834,persist:,1,1,3.0
25835,persistence;,1,1,3.0
25836,persistent-use,1,1,3.0
25837,persistent-user,1,1,3.0
25838,"persists,",1,1,3.0
25839,persists.,1,1,3.0
25840,"person-years),",1,1,3.0
25841,"person-years,",1,1,3.0
25842,person-years.,1,1,3.0
25843,personal,1,1,3.0
25844,personnel,1,1,3.0
25845,persons,1,1,3.0
25846,"perspectives,",1,1,3.0
25847,perspectives:,1,1,3.0
25848,pertinent,1,1,3.0
25849,perturb,1,1,3.0
25850,perturbation,1,1,3.0
25851,"perturbation,",1,1,3.0
25852,"peru,",1,1,3.0
25853,"pervasive,",1,1,3.0
25854,"pet,",1,1,3.0
25855,pet/cmr,1,1,3.0
25856,petd,1,1,3.0
25857,peto,1,1,3.0
25858,petrelintide,1,1,3.0
25859,"petrelintide,",1,1,3.0
25860,"pfizer,",1,1,3.0
25861,pg/ml),1,1,3.0
25862,"pg/ml),",1,1,3.0
25863,"pg/ml,",1,1,3.0
25864,pg/ml.,1,1,3.0
25865,pg/ml;,1,1,3.0
25866,"pgc-1α),",1,1,3.0
25867,"ph-gradients,",1,1,3.0
25868,pharma-driven,1,1,3.0
25869,pharmaca,1,1,3.0
25870,"pharmaceuticals,",1,1,3.0
25871,pharmacies,1,1,3.0
25872,"pharmacies,",1,1,3.0
25873,pharmacist,1,1,3.0
25874,pharmacist-integrated,1,1,3.0
25875,"pharmacists,",1,1,3.0
25876,pharmacoengineering,1,1,3.0
25877,pharmacogenetics,1,1,3.0
25878,"pharmacokinetic,",1,1,3.0
25879,"pharmacologic,",1,1,3.0
25880,pharmacological),1,1,3.0
25881,pharmacologically.,1,1,3.0
25882,pharmacologicallysubstantially,1,1,3.0
25883,pharmacomicrobiomics.,1,1,3.0
25884,"pharmacosimilars,",1,1,3.0
25885,pharmacosimilars.,1,1,3.0
25886,pharmacotherapies-including,1,1,3.0
25887,pharmacotherapy-and,1,1,3.0
25888,pharmacotherapy-related,1,1,3.0
25889,pharmacovigilance.,1,1,3.0
25890,"pharmatech,",1,1,3.0
25891,pharmetrics,1,1,3.0
25892,phase).,1,1,3.0
25893,phase-specific,1,1,3.0
25894,phase.,1,1,3.0
25895,phased,1,1,3.0
25896,phases,1,1,3.0
25897,phenoage,1,1,3.0
25898,"phenomena,",1,1,3.0
25899,phenomena.,1,1,3.0
25900,"phenomenon,",1,1,3.0
25901,phenomenon.,1,1,3.0
25902,"phenotype""",1,1,3.0
25903,phenotype-by-time,1,1,3.0
25904,"phenotype-driven,",1,1,3.0
25905,phenotype-informed,1,1,3.0
25906,phenotype-proteome,1,1,3.0
25907,phenotype:,1,1,3.0
25908,phenotypes-to,1,1,3.0
25909,"phenotyping"",",1,1,3.0
25910,phentermine-topiramate,1,1,3.0
25911,phentermine/topiramate.,1,1,3.0
25912,phentermine/topiramate;,1,1,3.0
25913,phenyl),1,1,3.0
25914,phenylketonuria,1,1,3.0
25915,philosophical,1,1,3.0
25916,phluorin,1,1,3.0
25917,phosphatase,1,1,3.0
25918,phosphate,1,1,3.0
25919,"phosphate,",1,1,3.0
25920,phosphate-buffered,1,1,3.0
25921,phosphate-citrate,1,1,3.0
25922,phospho-eif2α,1,1,3.0
25923,phospholamban,1,1,3.0
25924,phosphoproteomics,1,1,3.0
25925,phosphorus,1,1,3.0
25926,phosphorylation-dependent,1,1,3.0
25927,phosphorylation-effects,1,1,3.0
25928,phosphorylation.,1,1,3.0
25929,photo-coded,1,1,3.0
25930,photos,1,1,3.0
25931,phototypes,1,1,3.0
25932,phycocyanin),1,1,3.0
25933,phylogenetic,1,1,3.0
25934,phylogenetics,1,1,3.0
25935,phylum-level,1,1,3.0
25936,physically,1,1,3.0
25937,physician's,1,1,3.0
25938,physician-led,1,1,3.0
25939,physician-reported,1,1,3.0
25940,physiology-based,1,1,3.0
25941,phytosomes,1,1,3.0
25942,pi,1,1,3.0
25943,pi3k,1,1,3.0
25944,pi3k/akt-ampk-ppar,1,1,3.0
25945,pi3k/akt/foxo1,1,1,3.0
25946,pi:c).,1,1,3.0
25947,picots,1,1,3.0
25948,picrosirius,1,1,3.0
25949,picture,1,1,3.0
25950,pid1,1,1,3.0
25951,pid1-3,1,1,3.0
25952,"pill,",1,1,3.0
25953,pillar,1,1,3.0
25954,pills,1,1,3.0
25955,pimonidazole,1,1,3.0
25956,pink1:,1,1,3.0
25957,piog,1,1,3.0
25958,piog:,1,1,3.0
25959,pioglitazone;,1,1,3.0
25960,pioneer,1,1,3.0
25961,piracetam,1,1,3.0
25962,"pis,",1,1,3.0
25963,"pitfalls,",1,1,3.0
25964,pitolisant,1,1,3.0
25965,"pk,",1,1,3.0
25966,pka/creb,1,1,3.0
25967,pkd1,1,1,3.0
25968,pku,1,1,3.0
25969,"placebo),",1,1,3.0
25970,placebo-adjusted,1,1,3.0
25971,placebo-corrected,1,1,3.0
25972,placebo-group,1,1,3.0
25973,placental,1,1,3.0
25974,plan-level,1,1,3.0
25975,planning.,1,1,3.0
25976,"plans,",1,1,3.0
25977,plans-data,1,1,3.0
25978,plans.,1,1,3.0
25979,"plant-based,",1,1,3.0
25980,plaque,1,1,3.0
25981,plaque-stabilizing,1,1,3.0
25982,plaques,1,1,3.0
25983,"plaques,",1,1,3.0
25984,plasma;,1,1,3.0
25985,"plasticity,",1,1,3.0
25986,plate,1,1,3.0
25987,plateau,1,1,3.0
25988,plateaued,1,1,3.0
25989,"plateaued,",1,1,3.0
25990,plateauing,1,1,3.0
25991,plateaus,1,1,3.0
25992,platform),1,1,3.0
25993,"plausibility,",1,1,3.0
25994,plausibility.,1,1,3.0
25995,player,1,1,3.0
25996,players,1,1,3.0
25997,plc-gq-ca2+-camkii,1,1,3.0
25998,please,1,1,3.0
25999,plication,1,1,3.0
26000,plot,1,1,3.0
26001,"plot,",1,1,3.0
26002,"plumpness,",1,1,3.0
26003,pluripotent,1,1,3.0
26004,pm);,1,1,3.0
26005,pmol/kg/min),1,1,3.0
26006,pmol/l;,1,1,3.0
26007,"pmol/l]),",1,1,3.0
26008,pmos:,1,1,3.0
26009,pms.,1,1,3.0
26010,pneumonia;,1,1,3.0
26011,"pneumonitis,",1,1,3.0
26012,pnpho,1,1,3.0
26013,pnpla3,1,1,3.0
26014,pocket,1,1,3.0
26015,"pocket,",1,1,3.0
26016,podcast,1,1,3.0
26017,"podocyte,",1,1,3.0
26018,podocyte-intrinsic,1,1,3.0
26019,podocyte-specific,1,1,3.0
26020,podocytes,1,1,3.0
26021,poentially,1,1,3.0
26022,point-of-care,1,1,3.0
26023,point-of-service,1,1,3.0
26024,point.,1,1,3.0
26025,pointing,1,1,3.0
26026,points).,1,1,3.0
26027,poisoning,1,1,3.0
26028,"poland,",1,1,3.0
26029,polar,1,1,3.0
26030,polarization.,1,1,3.0
26031,polarized,1,1,3.0
26032,"policies""",1,1,3.0
26033,policymakers.,1,1,3.0
26034,polish,1,1,3.0
26035,polish-speaking,1,1,3.0
26036,polyagonist,1,1,3.0
26037,polyamine-based,1,1,3.0
26038,polyarthropathies,1,1,3.0
26039,"polydipsia,",1,1,3.0
26040,polyethylene,1,1,3.0
26041,polygonatum,1,1,3.0
26042,polyhormonal,1,1,3.0
26043,"polymer,",1,1,3.0
26044,polymethyl,1,1,3.0
26045,polypeptid,1,1,3.0
26046,polypeptide-based,1,1,3.0
26047,polypeptide-gip/glp-1,1,1,3.0
26048,polypeptide-y4,1,1,3.0
26049,"polypeptide/glp-1ras,",1,1,3.0
26050,"polyphagia,",1,1,3.0
26051,polypharmacy,1,1,3.0
26052,"polysaccharides,",1,1,3.0
26053,polysynaptic,1,1,3.0
26054,pomc/cart,1,1,3.0
26055,pomegranate,1,1,3.0
26056,"pomj,",1,1,3.0
26057,pomj:,1,1,3.0
26058,"poor,",1,1,3.0
26059,poor-quality,1,1,3.0
26060,populace,1,1,3.0
26061,popular,1,1,3.0
26062,"popular,",1,1,3.0
26063,"popularity,",1,1,3.0
26064,popularized,1,1,3.0
26065,population-,1,1,3.0
26066,"population-based,",1,1,3.0
26067,population;,1,1,3.0
26068,populationlevel,1,1,3.0
26069,porosity,1,1,3.0
26070,porphyria.,1,1,3.0
26071,porphyromonas),1,1,3.0
26072,portal-insulin-determined,1,1,3.0
26073,portion,1,1,3.0
26074,"portion,",1,1,3.0
26075,"poses,",1,1,3.0
26076,posibil6eskd,1,1,3.0
26077,positing,1,1,3.0
26078,positive-feedback,1,1,3.0
26079,positivity,1,1,3.0
26080,possessing,1,1,3.0
26081,"possible,",1,1,3.0
26082,"post-,",1,1,3.0
26083,post-2014,1,1,3.0
26084,"post-2021,",1,1,3.0
26085,post-2022,1,1,3.0
26086,post-atr,1,1,3.0
26087,"post-biotics,",1,1,3.0
26088,post-deployment,1,1,3.0
26089,post-detection,1,1,3.0
26090,post-ea.,1,1,3.0
26091,post-ebmt,1,1,3.0
26092,post-endoscopy,1,1,3.0
26093,"post-exercise,",1,1,3.0
26094,post-exercise.,1,1,3.0
26095,post-incretin,1,1,3.0
26096,post-index.,1,1,3.0
26097,post-injury,1,1,3.0
26098,post-insult,1,1,3.0
26099,post-meal,1,1,3.0
26100,post-menopausal,1,1,3.0
26101,post-menopause,1,1,3.0
26102,post-metabolic/bariatric-surgery,1,1,3.0
26103,post-mortem,1,1,3.0
26104,post-ogtt,1,1,3.0
26105,post-partum.,1,1,3.0
26106,post-pci,1,1,3.0
26107,post-randomization,1,1,3.0
26108,post-series,1,1,3.0
26109,post-stroke,1,1,3.0
26110,post-surgical,1,1,3.0
26111,post-test,1,1,3.0
26112,post-transcriptional,1,1,3.0
26113,post-traumatic,1,1,3.0
26114,post-treatment,1,1,3.0
26115,"post-treatment,",1,1,3.0
26116,post-treatment.,1,1,3.0
26117,post-treatment;,1,1,3.0
26118,post-washout.,1,1,3.0
26119,post-withdrawal,1,1,3.0
26120,postacute,1,1,3.0
26121,postbiotic,1,1,3.0
26122,postbiotic-mediated,1,1,3.0
26123,postbiotics,1,1,3.0
26124,"postbiotics,",1,1,3.0
26125,postexertional,1,1,3.0
26126,"postmenopausal),",1,1,3.0
26127,postmenopause,1,1,3.0
26128,postmortem,1,1,3.0
26129,postoperative),1,1,3.0
26130,postoperatively,1,1,3.0
26131,"postpartum,",1,1,3.0
26132,postprandially.,1,1,3.0
26133,postrema,1,1,3.0
26134,"posts,",1,1,3.0
26135,posts.,1,1,3.0
26136,posttransplantation,1,1,3.0
26137,potency.,1,1,3.0
26138,"potent,",1,1,3.0
26139,potentialmolecular,1,1,3.0
26140,potentiated,1,1,3.0
26141,potentiating,1,1,3.0
26142,poultry,1,1,3.0
26143,pounds).,1,1,3.0
26144,pounds.,1,1,3.0
26145,power;,1,1,3.0
26146,powerfully,1,1,3.0
26147,"ppar,",1,1,3.0
26148,ppar-α-dependent,1,1,3.0
26149,ppar-γ,1,1,3.0
26150,"ppard,",1,1,3.0
26151,pparg,1,1,3.0
26152,"pparg,",1,1,3.0
26153,pparg/pparγ:,1,1,3.0
26154,pparα-autophagy,1,1,3.0
26155,pparγ.,1,1,3.0
26156,"ppg,",1,1,3.0
26157,ppka,1,1,3.0
26158,"ppka,",1,1,3.0
26159,ppm,1,1,3.0
26160,ppo.,1,1,3.0
26161,"pr,",1,1,3.0
26162,"pr-a,",1,1,3.0
26163,pr.,1,1,3.0
26164,practice:,1,1,3.0
26165,practitioners,1,1,3.0
26166,pragmatic-priority,1,1,3.0
26167,"pramlintide,",1,1,3.0
26168,"prazosin,",1,1,3.0
26169,"pre-,",1,1,3.0
26170,"pre-/post-,",1,1,3.0
26171,pre-adipocytes,1,1,3.0
26172,pre-analytical,1,1,3.0
26173,pre-and,1,1,3.0
26174,pre-appointment,1,1,3.0
26175,pre-capillary,1,1,3.0
26176,pre-ckd,1,1,3.0
26177,pre-defined,1,1,3.0
26178,pre-diabetes,1,1,3.0
26179,pre-dna,1,1,3.0
26180,"pre-feeding,",1,1,3.0
26181,pre-index,1,1,3.0
26182,pre-kidney,1,1,3.0
26183,pre-mbs,1,1,3.0
26184,pre-onset,1,1,3.0
26185,pre-procedural,1,1,3.0
26186,pre-trained,1,1,3.0
26187,preabsorption,1,1,3.0
26188,preadolescent,1,1,3.0
26189,prebiotic,1,1,3.0
26190,prebiotics,1,1,3.0
26191,prebiotics),1,1,3.0
26192,"prebiotics/synbiotics,",1,1,3.0
26193,precautions,1,1,3.0
26194,"precautions,",1,1,3.0
26195,precede,1,1,3.0
26196,"precipitants,",1,1,3.0
26197,precipitates,1,1,3.0
26198,precipitating,1,1,3.0
26199,precipitation,1,1,3.0
26200,"precision,",1,1,3.0
26201,precision-based,1,1,3.0
26202,precision-guided,1,1,3.0
26203,"precision-medicine,",1,1,3.0
26204,preclinical-to-clinical,1,1,3.0
26205,preclinical.,1,1,3.0
26206,preclinically,1,1,3.0
26207,precluded,1,1,3.0
26208,precocious,1,1,3.0
26209,"preconception,",1,1,3.0
26210,prediabetes-with,1,1,3.0
26211,prediabetic),1,1,3.0
26212,predictable,1,1,3.0
26213,prediction.,1,1,3.0
26214,predictive.,1,1,3.0
26215,predictor.,1,1,3.0
26216,"predictors,",1,1,3.0
26217,predispose,1,1,3.0
26218,predisposed,1,1,3.0
26219,predisposes,1,1,3.0
26220,predisposition,1,1,3.0
26221,"predisposition,",1,1,3.0
26222,"predispositions,",1,1,3.0
26223,"predominance,",1,1,3.0
26224,predominance.,1,1,3.0
26225,"predominantly,",1,1,3.0
26226,predominate,1,1,3.0
26227,predominated.,1,1,3.0
26228,predominately,1,1,3.0
26229,preeclampsia,1,1,3.0
26230,preeclampsia.,1,1,3.0
26231,preferable,1,1,3.0
26232,"preference,",1,1,3.0
26233,preference.,1,1,3.0
26234,preference.conditional,1,1,3.0
26235,prefrontal,1,1,3.0
26236,"pregnancy-related,",1,1,3.0
26237,"pregnenolone,",1,1,3.0
26238,"prehabilitation,",1,1,3.0
26239,prehabilitation.,1,1,3.0
26240,prejudice,1,1,3.0
26241,"preliminary,",1,1,3.0
26242,preliminary.,1,1,3.0
26243,"preload,",1,1,3.0
26244,premier,1,1,3.0
26245,preoccupation,1,1,3.0
26246,"preoperative,",1,1,3.0
26247,preoperatively,1,1,3.0
26248,"preoperatively,",1,1,3.0
26249,"preparation,",1,1,3.0
26250,preparation.,1,1,3.0
26251,preparations.future,1,1,3.0
26252,"prepared,",1,1,3.0
26253,preparing,1,1,3.0
26254,preprint,1,1,3.0
26255,preproglucagon,1,1,3.0
26256,preregister,1,1,3.0
26257,preregistration,1,1,3.0
26258,prerequisites,1,1,3.0
26259,"prerequisites,",1,1,3.0
26260,prescribe,1,1,3.0
26261,"prescribed,",1,1,3.0
26262,prescribers,1,1,3.0
26263,prescription-months,1,1,3.0
26264,prescription-record,1,1,3.0
26265,prescription-recorded,1,1,3.0
26266,prescriptions;,1,1,3.0
26267,prescriptive,1,1,3.0
26268,"prescriptive,",1,1,3.0
26269,presentation:,1,1,3.0
26270,presentations.,1,1,3.0
26271,"presented,",1,1,3.0
26272,presented.,1,1,3.0
26273,presenters,1,1,3.0
26274,preservation.,1,1,3.0
26275,"preserved,",1,1,3.0
26276,pressing,1,1,3.0
26277,pressure-overload,1,1,3.0
26278,"pressures,",1,1,3.0
26279,presumably,1,1,3.0
26280,presumed,1,1,3.0
26281,presystemic,1,1,3.0
26282,pretreatment.,1,1,3.0
26283,"prevalent,",1,1,3.0
26284,prevent's,1,1,3.0
26285,preventable,1,1,3.0
26286,preventative,1,1,3.0
26287,"preventing,",1,1,3.0
26288,"prevention"".",1,1,3.0
26289,prevention).,1,1,3.0
26290,preventt2,1,1,3.0
26291,"previously,",1,1,3.0
26292,"prevotella,",1,1,3.0
26293,price-reduction,1,1,3.0
26294,"prices,",1,1,3.0
26295,"primary,",1,1,3.0
26296,primary:,1,1,3.0
26297,primates;,1,1,3.0
26298,prime,1,1,3.0
26299,primed,1,1,3.0
26300,priming;,1,1,3.0
26301,primitive,1,1,3.0
26302,"principles,",1,1,3.0
26303,principles.,1,1,3.0
26304,priori,1,1,3.0
26305,prioritisation.,1,1,3.0
26306,prioritise,1,1,3.0
26307,prioritising,1,1,3.0
26308,prioritization.,1,1,3.0
26309,prioritizes,1,1,3.0
26310,prisma-guided,1,1,3.0
26311,prisma-scr-based,1,1,3.0
26312,prisons.,1,1,3.0
26313,"privately,",1,1,3.0
26314,privileged,1,1,3.0
26315,pro-,1,1,3.0
26316,pro-b-type,1,1,3.0
26317,pro-opiomelanocortin,1,1,3.0
26318,pro-seizure,1,1,3.0
26319,pro-thrombotic,1,1,3.0
26320,"proactive,",1,1,3.0
26321,proactively,1,1,3.0
26322,"probabilistic,",1,1,3.0
26323,proband,1,1,3.0
26324,probes.,1,1,3.0
26325,probing,1,1,3.0
26326,"probiotic,",1,1,3.0
26327,probiotic-modulated,1,1,3.0
26328,problematic,1,1,3.0
26329,"problems,",1,1,3.0
26330,probucol,1,1,3.0
26331,procedure.strong,1,1,3.0
26332,proceedings,1,1,3.0
26333,"process,",1,1,3.0
26334,processes;,1,1,3.0
26335,"processing),",1,1,3.0
26336,processing.,1,1,3.0
26337,procollagen,1,1,3.0
26338,procurement,1,1,3.0
26339,procyanidins,1,1,3.0
26340,prodrugs,1,1,3.0
26341,producers:,1,1,3.0
26342,product-level,1,1,3.0
26343,product-quality,1,1,3.0
26344,product.,1,1,3.0
26345,product;,1,1,3.0
26346,"production),",1,1,3.0
26347,productivities.,1,1,3.0
26348,produxion,1,1,3.0
26349,professionals',1,1,3.0
26350,professionals.,1,1,3.0
26351,professions,1,1,3.0
26352,profile),1,1,3.0
26353,"profile),",1,1,3.0
26354,profile-particularly,1,1,3.0
26355,profile;,1,1,3.0
26356,profiled,1,1,3.0
26357,profiling.,1,1,3.0
26358,progenitor-associated,1,1,3.0
26359,progenitors,1,1,3.0
26360,"progesterone,",1,1,3.0
26361,progestogen-only,1,1,3.0
26362,prognosis;,1,1,3.0
26363,"prognostic,",1,1,3.0
26364,prognostication.,1,1,3.0
26365,"program,",1,1,3.0
26366,programmatic,1,1,3.0
26367,"programme,",1,1,3.0
26368,programme:,1,1,3.0
26369,programmes.,1,1,3.0
26370,"programming,",1,1,3.0
26371,programming.,1,1,3.0
26372,"programs),",1,1,3.0
26373,progranulin/sortilin,1,1,3.0
26374,progressing,1,1,3.0
26375,progression-free,1,1,3.0
26376,proinflammatory,1,1,3.0
26377,"proinsulin,",1,1,3.0
26378,proinsulin-to-c-peptide,1,1,3.0
26379,project.,1,1,3.0
26380,projection,1,1,3.0
26381,projects,1,1,3.0
26382,"prolactin,",1,1,3.0
26383,prolific,1,1,3.0
26384,prolongation);,1,1,3.0
26385,prolonged-feeding,1,1,3.0
26386,prolongs,1,1,3.0
26387,prominence.,1,1,3.0
26388,prominently,1,1,3.0
26389,promis-10,1,1,3.0
26390,"promise,",1,1,3.0
26391,promise:,1,1,3.0
26392,promises,1,1,3.0
26393,promising.,1,1,3.0
26394,promotemitophagic,1,1,3.0
26395,promotion,1,1,3.0
26396,"promotion,",1,1,3.0
26397,prompted;,1,1,3.0
26398,prompting,1,1,3.0
26399,promptly,1,1,3.0
26400,proms,1,1,3.0
26401,proms;,1,1,3.0
26402,promyelocyte/myelocyte,1,1,3.0
26403,"pronounced,",1,1,3.0
26404,propagate,1,1,3.0
26405,"propagation,",1,1,3.0
26406,propanoic,1,1,3.0
26407,propelled,1,1,3.0
26408,"propensity,",1,1,3.0
26409,propeptide,1,1,3.0
26410,"propeptide,",1,1,3.0
26411,properties:,1,1,3.0
26412,propionate,1,1,3.0
26413,propofol,1,1,3.0
26414,propofol.,1,1,3.0
26415,proportionately,1,1,3.0
26416,"proportions,",1,1,3.0
26417,proposal,1,1,3.0
26418,proposal.,1,1,3.0
26419,proposals,1,1,3.0
26420,proposed:,1,1,3.0
26421,propositions:,1,1,3.0
26422,proprotein,1,1,3.0
26423,proquest,1,1,3.0
26424,prospectively.,1,1,3.0
26425,prospects.,1,1,3.0
26426,prospero-registered,1,1,3.0
26427,prospero:,1,1,3.0
26428,protease,1,1,3.0
26429,proteases,1,1,3.0
26430,proteasome.,1,1,3.0
26431,protective.,1,1,3.0
26432,protects,1,1,3.0
26433,protein's,1,1,3.0
26434,protein-,1,1,3.0
26435,protein-1,1,1,3.0
26436,protein-folding,1,1,3.0
26437,protein-ligand,1,1,3.0
26438,protein-mediated,1,1,3.0
26439,protein.,1,1,3.0
26440,protein;,1,1,3.0
26441,"proteinopathy,",1,1,3.0
26442,proteins:,1,1,3.0
26443,proteomics.,1,1,3.0
26444,proteostasis,1,1,3.0
26445,"proteostasis,",1,1,3.0
26446,proteostatic,1,1,3.0
26447,proteotoxicity.,1,1,3.0
26448,protocol).,1,1,3.0
26449,protocol-directed,1,1,3.0
26450,protocol-driven,1,1,3.0
26451,protocol-prohibited,1,1,3.0
26452,protocol.,1,1,3.0
26453,"protocols,",1,1,3.0
26454,proton,1,1,3.0
26455,prototypes,1,1,3.0
26456,prototypical,1,1,3.0
26457,prove,1,1,3.0
26458,proved,1,1,3.0
26459,provided.,1,1,3.0
26460,provider-facing,1,1,3.0
26461,provider-reported,1,1,3.0
26462,providers).,1,1,3.0
26463,"providers,",1,1,3.0
26464,providers.,1,1,3.0
26465,provinces,1,1,3.0
26466,"provision,",1,1,3.0
26467,"provocative,",1,1,3.0
26468,proxies,1,1,3.0
26469,proximity,1,1,3.0
26470,pruning,1,1,3.0
26471,pruning-plasticity-metabolic,1,1,3.0
26472,prurigo,1,1,3.0
26473,pruritic,1,1,3.0
26474,pruritus,1,1,3.0
26475,"pruritus,",1,1,3.0
26476,ps,1,1,3.0
26477,ps-stable,1,1,3.0
26478,ps-stratification,1,1,3.0
26479,psa,1,1,3.0
26480,psd.,1,1,3.0
26481,pseudarthrosis.,1,1,3.0
26482,pseudo-germ-free,1,1,3.0
26483,"pseudo-islets,",1,1,3.0
26484,pseudo-islets.,1,1,3.0
26485,pseudocyst,1,1,3.0
26486,"pseudocyst,",1,1,3.0
26487,pseudonymised,1,1,3.0
26488,pseudopapilloedema-related,1,1,3.0
26489,"psg),",1,1,3.0
26490,psm.,1,1,3.0
26491,pso,1,1,3.0
26492,"psud,",1,1,3.0
26493,psychedelic,1,1,3.0
26494,"psychedelics,",1,1,3.0
26495,psychiatry.,1,1,3.0
26496,"psychinfo,",1,1,3.0
26497,"psychodietetics,",1,1,3.0
26498,psychomotor,1,1,3.0
26499,psychopathological,1,1,3.0
26500,psychopharmacological,1,1,3.0
26501,psychosis,1,1,3.0
26502,"psychostimulants,",1,1,3.0
26503,psychotherapy,1,1,3.0
26504,psychotropics.,1,1,3.0
26505,"psycinfo,",1,1,3.0
26506,pt-class,1,1,3.0
26507,ptau217,1,1,3.0
26508,pth,1,1,3.0
26509,puberty,1,1,3.0
26510,"puberty,",1,1,3.0
26511,public's,1,1,3.0
26512,"public,",1,1,3.0
26513,public-facing,1,1,3.0
26514,publication.,1,1,3.0
26515,"publications,",1,1,3.0
26516,publications.,1,1,3.0
26517,published.,1,1,3.0
26518,pubmed),1,1,3.0
26519,pufa,1,1,3.0
26520,pufas),1,1,3.0
26521,puget,1,1,3.0
26522,"pull-down,",1,1,3.0
26523,pullulan-methacrylate,1,1,3.0
26524,"pulsatility,",1,1,3.0
26525,pump.,1,1,3.0
26526,pumps.,1,1,3.0
26527,puncture,1,1,3.0
26528,pupil,1,1,3.0
26529,purchasable,1,1,3.0
26530,purchase,1,1,3.0
26531,purchasing,1,1,3.0
26532,pure,1,1,3.0
26533,purification,1,1,3.0
26534,purine,1,1,3.0
26535,purity.,1,1,3.0
26536,purkinje,1,1,3.0
26537,purported,1,1,3.0
26538,purposes,1,1,3.0
26539,pursue,1,1,3.0
26540,pursued,1,1,3.0
26541,pushing,1,1,3.0
26542,pv,1,1,3.0
26543,pws-associated,1,1,3.0
26544,pws-related,1,1,3.0
26545,"pwv,",1,1,3.0
26546,pxr/sult2a1,1,1,3.0
26547,pxr/sult2a1/ca7s/glp-1,1,1,3.0
26548,pycard/asc:,1,1,3.0
26549,pyd,1,1,3.0
26550,pyridoxamine.,1,1,3.0
26551,pyrimidine,1,1,3.0
26552,pyroptosis-related,1,1,3.0
26553,pyroptosis.,1,1,3.0
26554,pyy),1,1,3.0
26555,"pyy),",1,1,3.0
26556,pyy.,1,1,3.0
26557,"pyy3-36,",1,1,3.0
26558,pyy3-36.,1,1,3.0
26559,q10,1,1,3.0
26560,q3-2025,1,1,3.0
26561,q4),1,1,3.0
26562,q48-72h,1,1,3.0
26563,q48h,1,1,3.0
26564,"qaly,",1,1,3.0
26565,qalys),1,1,3.0
26566,"qalys,",1,1,3.0
26567,qf,1,1,3.0
26568,qmdr,1,1,3.0
26569,qmdr.,1,1,3.0
26570,qol,1,1,3.0
26571,qpcr,1,1,3.0
26572,qrt-pcr,1,1,3.0
26573,qst,1,1,3.0
26574,qt,1,1,3.0
26575,quadriceps,1,1,3.0
26576,qualitatively.,1,1,3.0
26577,qualities,1,1,3.0
26578,quality-control-,1,1,3.0
26579,quality;,1,1,3.0
26580,quantifiable,1,1,3.0
26581,quantification.,1,1,3.0
26582,quantified.,1,1,3.0
26583,quantifies,1,1,3.0
26584,quantitation,1,1,3.0
26585,quantitatively.,1,1,3.0
26586,quantum,1,1,3.0
26587,quarter),1,1,3.0
26588,quarter.,1,1,3.0
26589,quarters,1,1,3.0
26590,quartile).,1,1,3.0
26591,quartiles,1,1,3.0
26592,"quartiles,",1,1,3.0
26593,quasi-experimental,1,1,3.0
26594,"quasi-experimental,",1,1,3.0
26595,quasi-irreversible,1,1,3.0
26596,"quercetin),",1,1,3.0
26597,questioned,1,1,3.0
26598,"questionnaire,",1,1,3.0
26599,questionnaire-9,1,1,3.0
26600,questionnaire-clinical,1,1,3.0
26601,"questionnaires),",1,1,3.0
26602,"questionnaires,",1,1,3.0
26603,questionnaires.,1,1,3.0
26604,"questions,",1,1,3.0
26605,questions:,1,1,3.0
26606,quinidine.,1,1,3.0
26607,quit,1,1,3.0
26608,quite,1,1,3.0
26609,quote,1,1,3.0
26610,quoted,1,1,3.0
26611,r-dna,1,1,3.0
26612,r01ag023629,1,1,3.0
26613,r01hl144483,1,1,3.0
26614,"r01hl146145,",1,1,3.0
26615,"r01hl172803,",1,1,3.0
26616,r12).,1,1,3.0
26617,r131q,1,1,3.0
26618,"r131q,",1,1,3.0
26619,r2,1,1,3.0
26620,r5,1,1,3.0
26621,r<sub>direct<|sub>,1,1,3.0
26622,r_direct,1,1,3.0
26623,ra).,1,1,3.0
26624,ra:,1,1,3.0
26625,"race),",1,1,3.0
26626,race.,1,1,3.0
26627,"race/ethnicity,",1,1,3.0
26628,radioactive,1,1,3.0
26629,radiotracers,1,1,3.0
26630,ram,1,1,3.0
26631,raman,1,1,3.0
26632,rams,1,1,3.0
26633,ran,1,1,3.0
26634,random-parameters,1,1,3.0
26635,"randomisation),",1,1,3.0
26636,randomised.,1,1,3.0
26637,randomization.,1,1,3.0
26638,randomization.methodswe,1,1,3.0
26639,"randomized-trial,",1,1,3.0
26640,range:,1,1,3.0
26641,"ranitidine,",1,1,3.0
26642,"ranking,",1,1,3.0
26643,rankl-dependent,1,1,3.0
26644,rankl-driven,1,1,3.0
26645,ranks,1,1,3.0
26646,"rapamycin,",1,1,3.0
26647,rare-event,1,1,3.0
26648,"rarely,",1,1,3.0
26649,rarer,1,1,3.0
26650,ras',1,1,3.0
26651,ras)-now,1,1,3.0
26652,ras):,1,1,3.0
26653,ras-exemplified,1,1,3.0
26654,ras]),1,1,3.0
26655,"rash,",1,1,3.0
26656,"rasi,",1,1,3.0
26657,rate).,1,1,3.0
26658,rate-limiting,1,1,3.0
26659,rates;,1,1,3.0
26660,rating,1,1,3.0
26661,ratio-to-baseline,1,1,3.0
26662,ratio.,1,1,3.0
26663,ratio;,1,1,3.0
26664,ratio=1.29;,1,1,3.0
26665,ratio=1.34;,1,1,3.0
26666,ratio[hr],1,1,3.0
26667,"rational,",1,1,3.0
26668,"rationales,",1,1,3.0
26669,rationalized,1,1,3.0
26670,rationally,1,1,3.0
26671,rationing,1,1,3.0
26672,raw,1,1,3.0
26673,raw264.7,1,1,3.0
26674,rbd,1,1,3.0
26675,"rc,",1,1,3.0
26676,rcr,1,1,3.0
26677,rct-level,1,1,3.0
26678,rcts;,1,1,3.0
26679,rds,1,1,3.0
26680,rdw,1,1,3.0
26681,re-development,1,1,3.0
26682,re-emerged,1,1,3.0
26683,re-emergence,1,1,3.0
26684,re-energised,1,1,3.0
26685,re-engage,1,1,3.0
26686,re-evaluated,1,1,3.0
26687,re-evaluation,1,1,3.0
26688,re-examine,1,1,3.0
26689,re-initiation,1,1,3.0
26690,"re-injury,",1,1,3.0
26691,"re-rupture,",1,1,3.0
26692,re-sensitization.,1,1,3.0
26693,re-titration,1,1,3.0
26694,"reach,",1,1,3.0
26695,"reactions""",1,1,3.0
26696,reactivation,1,1,3.0
26697,"reactive,",1,1,3.0
26698,reactivity,1,1,3.0
26699,reader,1,1,3.0
26700,readiness.,1,1,3.0
26701,reading.,1,1,3.0
26702,"readmission,",1,1,3.0
26703,readmission.,1,1,3.0
26704,readmission.esge,1,1,3.0
26705,"readouts,",1,1,3.0
26706,readouts.,1,1,3.0
26707,real,1,1,3.0
26708,real-life,1,1,3.0
26709,realise,1,1,3.0
26710,realizing,1,1,3.0
26711,reanalyzed,1,1,3.0
26712,rearrangements.,1,1,3.0
26713,"reason,",1,1,3.0
26714,reasonably,1,1,3.0
26715,reasons.,1,1,3.0
26716,reassessment,1,1,3.0
26717,"reassessment,",1,1,3.0
26718,reassignment,1,1,3.0
26719,reassurance.,1,1,3.0
26720,"reassuring,",1,1,3.0
26721,rebounded,1,1,3.0
26722,recalculation,1,1,3.0
26723,recall,1,1,3.0
26724,recalled,1,1,3.0
26725,recalls.,1,1,3.0
26726,receives,1,1,3.0
26727,receptor).,1,1,3.0
26728,receptor-agonist,1,1,3.0
26729,receptor-beta,1,1,3.0
26730,receptor-centric,1,1,3.0
26731,receptor-dependent.,1,1,3.0
26732,receptor-expressing,1,1,3.0
26733,receptor-expression,1,1,3.0
26734,receptor-glp-1,1,1,3.0
26735,receptor-neprilysin,1,1,3.0
26736,receptor-positive,1,1,3.0
26737,receptor-potentiated,1,1,3.0
26738,receptor-primed,1,1,3.0
26739,receptor-related,1,1,3.0
26740,receptor-specific,1,1,3.0
26741,receptor-β-arrestin,1,1,3.0
26742,"receptor-γ,",1,1,3.0
26743,receptors-1,1,1,3.0
26744,rechallenge,1,1,3.0
26745,"rechallenge,",1,1,3.0
26746,recipient,1,1,3.0
26747,reciprocal,1,1,3.0
26748,reclaim,1,1,3.0
26749,reclassification.,1,1,3.0
26750,reclassify,1,1,3.0
26751,recognisable,1,1,3.0
26752,recognising,1,1,3.0
26753,recognition.,1,1,3.0
26754,"recognized,",1,1,3.0
26755,recognizes,1,1,3.0
26756,"recolonization/clearance,",1,1,3.0
26757,recombinant-origin,1,1,3.0
26758,recommendations.graphical,1,1,3.0
26759,recommended.,1,1,3.0
26760,recomposition,1,1,3.0
26761,recomposition.,1,1,3.0
26762,reconcilable.,1,1,3.0
26763,reconcile,1,1,3.0
26764,reconciliation,1,1,3.0
26765,reconfigure,1,1,3.0
26766,reconfigures,1,1,3.0
26767,reconstruct,1,1,3.0
26768,reconstructive,1,1,3.0
26769,reconstructs,1,1,3.0
26770,"recorded,",1,1,3.0
26771,recorded;,1,1,3.0
26772,recordings,1,1,3.0
26773,recoveries,1,1,3.0
26774,"recovery"",",1,1,3.0
26775,recovery),1,1,3.0
26776,recovery.clinically,1,1,3.0
26777,recovery;,1,1,3.0
26778,recruiting,1,1,3.0
26779,recruits,1,1,3.0
26780,rectal,1,1,3.0
26781,recurrence-free,1,1,3.0
26782,recurrences,1,1,3.0
26783,"recurrent,",1,1,3.0
26784,"recycling,",1,1,3.0
26785,"red,",1,1,3.0
26786,"reddit,",1,1,3.0
26787,redirect,1,1,3.0
26788,reduced-ef,1,1,3.0
26789,reduced-frequency,1,1,3.0
26790,reduced-intensity,1,1,3.0
26791,"reduction),",1,1,3.0
26792,reductionist,1,1,3.0
26793,reductions),1,1,3.0
26794,"reductions,",1,1,3.0
26795,reductions;,1,1,3.0
26796,ree.,1,1,3.0
26797,refer,1,1,3.0
26798,referable,1,1,3.0
26799,references,1,1,3.0
26800,"references,",1,1,3.0
26801,"referral,",1,1,3.0
26802,referral.,1,1,3.0
26803,refills,1,1,3.0
26804,"refills,",1,1,3.0
26805,refinement,1,1,3.0
26806,refining,1,1,3.0
26807,reflection,1,1,3.0
26808,reflux.,1,1,3.0
26809,reforms,1,1,3.0
26810,"reforms,",1,1,3.0
26811,refraction,1,1,3.0
26812,reframes,1,1,3.0
26813,refresh.,1,1,3.0
26814,refute,1,1,3.0
26815,refuted.,1,1,3.0
26816,regenerate,1,1,3.0
26817,regimen),1,1,3.0
26818,regimen.,1,1,3.0
26819,region-dependent,1,1,3.0
26820,region-selective,1,1,3.0
26821,regions.,1,1,3.0
26822,"register-based,",1,1,3.0
26823,register.,1,1,3.0
26824,"registered,",1,1,3.0
26825,"registers,",1,1,3.0
26826,registrated,1,1,3.0
26827,"registrations,",1,1,3.0
26828,"registry-india,",1,1,3.0
26829,registry:,1,1,3.0
26830,regression.resultsamong,1,1,3.0
26831,regressions,1,1,3.0
26832,"regressions,",1,1,3.0
26833,regularly.,1,1,3.0
26834,regulator-specific,1,1,3.0
26835,rehearsed:,1,1,3.0
26836,reimbursement.,1,1,3.0
26837,reinforce,1,1,3.0
26838,"reinforced,",1,1,3.0
26839,reinforces,1,1,3.0
26840,reinstated,1,1,3.0
26841,reinstatement,1,1,3.0
26842,reintervention,1,1,3.0
26843,reintroduced,1,1,3.0
26844,reintroduction,1,1,3.0
26845,reintroduction.,1,1,3.0
26846,rejecting,1,1,3.0
26847,rejection,1,1,3.0
26848,"rejection,",1,1,3.0
26849,rejects,1,1,3.0
26850,"rejuvenation,",1,1,3.0
26851,"relapse),",1,1,3.0
26852,relapse-like,1,1,3.0
26853,relating,1,1,3.0
26854,relative-effect,1,1,3.0
26855,relaxation.,1,1,3.0
26856,relays,1,1,3.0
26857,"releases,",1,1,3.0
26858,releasing,1,1,3.0
26859,"relevance,",1,1,3.0
26860,relevance.new,1,1,3.0
26861,relevance:,1,1,3.0
26862,reliability;,1,1,3.0
26863,reliably.,1,1,3.0
26864,relied,1,1,3.0
26865,rem,1,1,3.0
26866,remainder,1,1,3.0
26867,"remained,",1,1,3.0
26868,remained.,1,1,3.0
26869,"remaining,",1,1,3.0
26870,remarkably.,1,1,3.0
26871,remediation,1,1,3.0
26872,remimazolam,1,1,3.0
26873,remnant,1,1,3.0
26874,remodeling),1,1,3.0
26875,remodeling;,1,1,3.0
26876,remote,1,1,3.0
26877,remote-care,1,1,3.0
26878,remotely,1,1,3.0
26879,removal,1,1,3.0
26880,removal.,1,1,3.0
26881,remove,1,1,3.0
26882,removing,1,1,3.0
26883,"renal-cell,",1,1,3.0
26884,renal-impairment,1,1,3.0
26885,renal-transplant,1,1,3.0
26886,renal/dehydration,1,1,3.0
26887,rencofilstat,1,1,3.0
26888,renewal.,1,1,3.0
26889,reno-protective,1,1,3.0
26890,reoperations.,1,1,3.0
26891,reorganized,1,1,3.0
26892,reorient,1,1,3.0
26893,repair-hypoxic,1,1,3.0
26894,repeat-binding,1,1,3.0
26895,repeat-tested,1,1,3.0
26896,repeated-dose,1,1,3.0
26897,repeated-measures,1,1,3.0
26898,repeatedly,1,1,3.0
26899,repeating,1,1,3.0
26900,repetitions.,1,1,3.0
26901,repetitive,1,1,3.0
26902,"replace,",1,1,3.0
26903,replaced,1,1,3.0
26904,replacement.,1,1,3.0
26905,replacements,1,1,3.0
26906,replacements.,1,1,3.0
26907,replenished,1,1,3.0
26908,replenishment,1,1,3.0
26909,replicate,1,1,3.0
26910,replicate:,1,1,3.0
26911,replicates,1,1,3.0
26912,replicates.,1,1,3.0
26913,"replication,",1,1,3.0
26914,reportedly,1,1,3.0
26915,reporting),1,1,3.0
26916,"reports),",1,1,3.0
26917,"repositioning,",1,1,3.0
26918,"represents,",1,1,3.0
26919,repression,1,1,3.0
26920,repressor,1,1,3.0
26921,reproduce,1,1,3.0
26922,reproducibly,1,1,3.0
26923,reproduction,1,1,3.0
26924,reproduction.,1,1,3.0
26925,reproductive-endocrine,1,1,3.0
26926,reprograming,1,1,3.0
26927,reprograms,1,1,3.0
26928,repulsion,1,1,3.0
26929,"repulsion,",1,1,3.0
26930,repulsive,1,1,3.0
26931,repurposing-remains,1,1,3.0
26932,request,1,1,3.0
26933,request.,1,1,3.0
26934,requests,1,1,3.0
26935,required.strong,1,1,3.0
26936,requirements;,1,1,3.0
26937,"resamples,",1,1,3.0
26938,rescaled,1,1,3.0
26939,rescue),1,1,3.0
26940,rescues,1,1,3.0
26941,rescuing,1,1,3.0
26942,research)-reported,1,1,3.0
26943,researched.,1,1,3.0
26944,researches,1,1,3.0
26945,resection,1,1,3.0
26946,resemble,1,1,3.0
26947,resembling,1,1,3.0
26948,"resent,",1,1,3.0
26949,reserve.,1,1,3.0
26950,reserving,1,1,3.0
26951,reservoir,1,1,3.0
26952,reset.,1,1,3.0
26953,"reshaped,",1,1,3.0
26954,reside,1,1,3.0
26955,"residents),",1,1,3.0
26956,residents.,1,1,3.0
26957,residing,1,1,3.0
26958,residue,1,1,3.0
26959,residues,1,1,3.0
26960,"resilience,",1,1,3.0
26961,resilience.,1,1,3.0
26962,resist,1,1,3.0
26963,resistance).,1,1,3.0
26964,resistance-based,1,1,3.0
26965,resistant;,1,1,3.0
26966,resistin,1,1,3.0
26967,resistin-tlr4,1,1,3.0
26968,resists,1,1,3.0
26969,"resmetirom,",1,1,3.0
26970,resmetiron,1,1,3.0
26971,resolved.,1,1,3.0
26972,resolves,1,1,3.0
26973,resolving,1,1,3.0
26974,resonance-based,1,1,3.0
26975,resource.,1,1,3.0
26976,resources.,1,1,3.0
26977,respectively).p-selectin,1,1,3.0
26978,respectively.medications,1,1,3.0
26979,respirometry,1,1,3.0
26980,respirometry.,1,1,3.0
26981,respond,1,1,3.0
26982,responders.,1,1,3.0
26983,"response-prediction,",1,1,3.0
26984,responses-a,1,1,3.0
26985,responsibility,1,1,3.0
26986,"responsible,",1,1,3.0
26987,"responsiveness,",1,1,3.0
26988,responsivity,1,1,3.0
26989,"rest,",1,1,3.0
26990,restabilisation,1,1,3.0
26991,resting-state,1,1,3.0
26992,restoration-also,1,1,3.0
26993,restorative,1,1,3.0
26994,restore.,1,1,3.0
26995,"restraint,",1,1,3.0
26996,restraint.,1,1,3.0
26997,restricting,1,1,3.0
26998,restrictions,1,1,3.0
26999,"restrictions,",1,1,3.0
27000,restrictive,1,1,3.0
27001,restructuring,1,1,3.0
27002,resultsdemonstrate,1,1,3.0
27003,resumption.,1,1,3.0
27004,resurgence,1,1,3.0
27005,retained.,1,1,3.0
27006,retatrutide-treated,1,1,3.0
27007,"retear,",1,1,3.0
27008,retears,1,1,3.0
27009,"reticulum,",1,1,3.0
27010,reticulum-mitochondria,1,1,3.0
27011,"retina,",1,1,3.0
27012,retinal/ocular,1,1,3.0
27013,"retinoids,",1,1,3.0
27014,retinopathy-related,1,1,3.0
27015,retrieval,1,1,3.0
27016,retrieved.,1,1,3.0
27017,retrospective:,1,1,3.0
27018,returning,1,1,3.0
27019,"reuptake,",1,1,3.0
27020,reusing,1,1,3.0
27021,reuteri,1,1,3.0
27022,revascularization).,1,1,3.0
27023,reverses,1,1,3.0
27024,reversibly,1,1,3.0
27025,revert,1,1,3.0
27026,review/meta-analysis,1,1,3.0
27027,reviewers.,1,1,3.0
27028,reviewing,1,1,3.0
27029,reviews.,1,1,3.0
27030,reviews/expert,1,1,3.0
27031,reviews/meta-analyses:,1,1,3.0
27032,revision),1,1,3.0
27033,revision-were,1,1,3.0
27034,revision.,1,1,3.0
27035,revisional,1,1,3.0
27036,revisits,1,1,3.0
27037,revolutionizing,1,1,3.0
27038,reward),1,1,3.0
27039,reward-deficiency,1,1,3.0
27040,reward-driven,1,1,3.0
27041,reward-processing,1,1,3.0
27042,"rewind,",1,1,3.0
27043,rewiring,1,1,3.0
27044,rewriting,1,1,3.0
27045,rfrs,1,1,3.0
27046,rgcvia,1,1,3.0
27047,rgv.,1,1,3.0
27048,rheumatic,1,1,3.0
27049,rheumatoid,1,1,3.0
27050,rheumatoidarthritis,1,1,3.0
27051,rheumatology,1,1,3.0
27052,"rheumatology,",1,1,3.0
27053,"rhinoplasty,",1,1,3.0
27054,rhinoplasty.,1,1,3.0
27055,rhr,1,1,3.0
27056,rhythms,1,1,3.0
27057,ribonucleic,1,1,3.0
27058,ribonucleotides,1,1,3.0
27059,riboside,1,1,3.0
27060,richness,1,1,3.0
27061,riddle.,1,1,3.0
27062,rifamycin,1,1,3.0
27063,rife,1,1,3.0
27064,rigor,1,1,3.0
27065,"rigorous,",1,1,3.0
27066,rigorously,1,1,3.0
27067,ring,1,1,3.0
27068,ring.,1,1,3.0
27069,ripe,1,1,3.0
27070,ripk3,1,1,3.0
27071,"rising,",1,1,3.0
27072,rising.,1,1,3.0
27073,risk).,1,1,3.0
27074,risk-based,1,1,3.0
27075,risk-enhancing,1,1,3.0
27076,risk-mitigation,1,1,3.0
27077,risk-modifying,1,1,3.0
27078,risk-reduction,1,1,3.0
27079,risk-stratified,1,1,3.0
27080,"risk-stratified,",1,1,3.0
27081,risk.conclusionexternal,1,1,3.0
27082,risks:,1,1,3.0
27083,risks;,1,1,3.0
27084,risky,1,1,3.0
27085,rival,1,1,3.0
27086,rivals,1,1,3.0
27087,"riyadh,",1,1,3.0
27088,rizatriptan,1,1,3.0
27089,rld,1,1,3.0
27090,rmsd,1,1,3.0
27091,"rmsd,",1,1,3.0
27092,"rna,",1,1,3.0
27093,rna-based,1,1,3.0
27094,rna-mediated,1,1,3.0
27095,rnas,1,1,3.0
27096,rnfl,1,1,3.0
27097,rob-2,1,1,3.0
27098,robins,1,1,3.0
27099,robins-i,1,1,3.0
27100,"robins-i,",1,1,3.0
27101,robust.,1,1,3.0
27102,rockwood,1,1,3.0
27103,rodent),1,1,3.0
27104,rodentium.,1,1,3.0
27105,"roles,",1,1,3.0
27106,rolipram,1,1,3.0
27107,"root,",1,1,3.0
27108,root-mean-square,1,1,3.0
27109,roots,1,1,3.0
27110,ror-ranked,1,1,3.0
27111,rorr,1,1,3.0
27112,ros,1,1,3.0
27113,"ros/c-jnk,",1,1,3.0
27114,ros:,1,1,3.0
27115,roscohumeanols,1,1,3.0
27116,roseburia,1,1,3.0
27117,roseburia),1,1,3.0
27118,roseburia-to-desulfovibrio,1,1,3.0
27119,"rosuvastatin,",1,1,3.0
27120,roughly,1,1,3.0
27121,rounds,1,1,3.0
27122,rounds).,1,1,3.0
27123,"route,",1,1,3.0
27124,route.,1,1,3.0
27125,routine-care,1,1,3.0
27126,routines,1,1,3.0
27127,royal,1,1,3.0
27128,rplc,1,1,3.0
27129,rps,1,1,3.0
27130,rps6,1,1,3.0
27131,rps:,1,1,3.0
27132,rt,1,1,3.0
27133,rt-qpcr,1,1,3.0
27134,"rt-qpcr,",1,1,3.0
27135,"ruboxistaurin,",1,1,3.0
27136,ruled,1,1,3.0
27137,"rules,",1,1,3.0
27138,rules.,1,1,3.0
27139,ruminal,1,1,3.0
27140,"ruminal,",1,1,3.0
27141,ruminants.,1,1,3.0
27142,"ruminococcaceae,",1,1,3.0
27143,run,1,1,3.0
27144,running,1,1,3.0
27145,runtime.,1,1,3.0
27146,"rupture,",1,1,3.0
27147,rvx-208,1,1,3.0
27148,rwd,1,1,3.0
27149,rwe's,1,1,3.0
27150,rwe.,1,1,3.0
27151,ryanodine,1,1,3.0
27152,"rybelsus,",1,1,3.0
27153,s),1,1,3.0
27154,"s,",1,1,3.0
27155,s.c.,1,1,3.0
27156,s/10.88,1,1,3.0
27157,s/142.95,1,1,3.0
27158,"s/16,804.86",1,1,3.0
27159,"s/18,135.52",1,1,3.0
27160,s/23.65,1,1,3.0
27161,s/26.83,1,1,3.0
27162,s/57.95,1,1,3.0
27163,s/9.59,1,1,3.0
27164,s1p/s1p1/akt/erk/enos,1,1,3.0
27165,"s__acutalibacter_muris,",1,1,3.0
27166,s_obs,1,1,3.0
27167,saba,1,1,3.0
27168,saccharolytic,1,1,3.0
27169,saccharomyces,1,1,3.0
27170,sachet,1,1,3.0
27171,sachets,1,1,3.0
27172,sacubitril/valsartan,1,1,3.0
27173,safe.,1,1,3.0
27174,safeguards,1,1,3.0
27175,safety-constrained,1,1,3.0
27176,safety-focused,1,1,3.0
27177,safety-oriented,1,1,3.0
27178,sal,1,1,3.0
27179,salacia,1,1,3.0
27180,sales.,1,1,3.0
27181,salience,1,1,3.0
27182,"saligenin,",1,1,3.0
27183,saline-treated,1,1,3.0
27184,saline;,1,1,3.0
27185,salivarius),1,1,3.0
27186,salt-gradient,1,1,3.0
27187,salty,1,1,3.0
27188,salud,1,1,3.0
27189,"salvage,",1,1,3.0
27190,same-day,1,1,3.0
27191,sameness.,1,1,3.0
27192,sample),1,1,3.0
27193,sample;,1,1,3.0
27194,"samples,",1,1,3.0
27195,sanger,1,1,3.0
27196,sanghuangporus,1,1,3.0
27197,sanra,1,1,3.0
27198,sans.,1,1,3.0
27199,sar,1,1,3.0
27200,sarcolemmal,1,1,3.0
27201,sarcopenia-related,1,1,3.0
27202,sars,1,1,3.0
27203,sas,1,1,3.0
27204,sasp-derived,1,1,3.0
27205,satiation.,1,1,3.0
27206,satiety-related,1,1,3.0
27207,satisfaction;,1,1,3.0
27208,saturated,1,1,3.0
27209,"saturated,",1,1,3.0
27210,savings,1,1,3.0
27211,saw,1,1,3.0
27212,sax,1,1,3.0
27213,"saxagliptin,",1,1,3.0
27214,saxs,1,1,3.0
27215,sbm,1,1,3.0
27216,sbp,1,1,3.0
27217,scaffolds,1,1,3.0
27218,"scaffolds,",1,1,3.0
27219,scalability,1,1,3.0
27220,"scalable,",1,1,3.0
27221,scale-2,1,1,3.0
27222,scale-up,1,1,3.0
27223,scale;,1,1,3.0
27224,scales.,1,1,3.0
27225,"scarce,",1,1,3.0
27226,scarcely,1,1,3.0
27227,scattered.,1,1,3.0
27228,scavenged,1,1,3.0
27229,"scenario,",1,1,3.0
27230,scenario-based,1,1,3.0
27231,scfa-gpcr-metabolic,1,1,3.0
27232,scfa-gpr41/43-glp-1,1,1,3.0
27233,scfa-mediated,1,1,3.0
27234,scfa-producing,1,1,3.0
27235,scfas-gpr43,1,1,3.0
27236,scfas-gpr43-pyy/glp-1,1,1,3.0
27237,schedule,1,1,3.0
27238,scheduler.,1,1,3.0
27239,"schedules,",1,1,3.0
27240,schizophrenia.,1,1,3.0
27241,"sciences,",1,1,3.0
27242,"scientific,",1,1,3.0
27243,scientific.,1,1,3.0
27244,scientifically,1,1,3.0
27245,scintigraphic,1,1,3.0
27246,scintigraphy,1,1,3.0
27247,sciwind,1,1,3.0
27248,sclerosis,1,1,3.0
27249,"sclerosis,",1,1,3.0
27250,sclerosis.,1,1,3.0
27251,sclerostin,1,1,3.0
27252,scope,1,1,3.0
27253,scope-of-practice,1,1,3.0
27254,"scopolamine,",1,1,3.0
27255,scopus),1,1,3.0
27256,scopus-based,1,1,3.0
27257,score),1,1,3.0
27258,"score),",1,1,3.0
27259,score-adjusted,1,1,3.0
27260,score-based,1,1,3.0
27261,score-defined,1,1,3.0
27262,score-matching,1,1,3.0
27263,score-weighted,1,1,3.0
27264,"score-weighting,",1,1,3.0
27265,score.,1,1,3.0
27266,score2-op,1,1,3.0
27267,score;,1,1,3.0
27268,scores:,1,1,3.0
27269,"screen,",1,1,3.0
27270,screened),1,1,3.0
27271,screening;,1,1,3.0
27272,screenings,1,1,3.0
27273,screens,1,1,3.0
27274,scs,1,1,3.0
27275,"scs,",1,1,3.0
27276,scs.,1,1,3.0
27277,sct-,1,1,3.0
27278,sctr,1,1,3.0
27279,scwat,1,1,3.0
27280,scx,1,1,3.0
27281,sd:,1,1,3.0
27282,sd;,1,1,3.0
27283,sdb.,1,1,3.0
27284,se,1,1,3.0
27285,se.,1,1,3.0
27286,search.,1,1,3.0
27287,searched.,1,1,3.0
27288,searching.,1,1,3.0
27289,seasonings,1,1,3.0
27290,seborrheic,1,1,3.0
27291,second-degree,1,1,3.0
27292,second-order,1,1,3.0
27293,secondarily,1,1,3.0
27294,secondary-suspect,1,1,3.0
27295,secondary-suspect-driven,1,1,3.0
27296,secondary.,1,1,3.0
27297,secondary:,1,1,3.0
27298,secret,1,1,3.0
27299,secretagogic,1,1,3.0
27300,secretin-stimulated,1,1,3.0
27301,secretion-sensitivity,1,1,3.0
27302,"secretomes,",1,1,3.0
27303,sections,1,1,3.0
27304,"sections,",1,1,3.0
27305,sectors.,1,1,3.0
27306,secukinumab,1,1,3.0
27307,secular,1,1,3.0
27308,security.,1,1,3.0
27309,sedation-analgesia,1,1,3.0
27310,sedation-related,1,1,3.0
27311,sedation.,1,1,3.0
27312,sedative,1,1,3.0
27313,sedds,1,1,3.0
27314,sedimentation,1,1,3.0
27315,seekers,1,1,3.0
27316,seem,1,1,3.0
27317,seer,1,1,3.0
27318,seer/faers,1,1,3.0
27319,"segment,",1,1,3.0
27320,segment-specific,1,1,3.0
27321,segmental,1,1,3.0
27322,segments.,1,1,3.0
27323,"select-like,",1,1,3.0
27324,select.,1,1,3.0
27325,selection;,1,1,3.0
27326,selective-reporting,1,1,3.0
27327,self-administering,1,1,3.0
27328,self-administrating,1,1,3.0
27329,self-administration,1,1,3.0
27330,"self-administration,",1,1,3.0
27331,self-assembly,1,1,3.0
27332,self-assessments),1,1,3.0
27333,self-association,1,1,3.0
27334,"self-control,",1,1,3.0
27335,self-devaluation/fear,1,1,3.0
27336,self-efficacy,1,1,3.0
27337,self-emulsifying,1,1,3.0
27338,self-harm.,1,1,3.0
27339,self-injury-related,1,1,3.0
27340,self-management.,1,1,3.0
27341,self-measured,1,1,3.0
27342,self-monitored,1,1,3.0
27343,self-monitoring),1,1,3.0
27344,self-monitoring).,1,1,3.0
27345,self-nanoemulsifying,1,1,3.0
27346,"self-regulation,",1,1,3.0
27347,self-reinforcing,1,1,3.0
27348,self-report,1,1,3.0
27349,self-report;,1,1,3.0
27350,"self-reported,",1,1,3.0
27351,self-sustaining,1,1,3.0
27352,sell,1,1,3.0
27353,"selonsertib,",1,1,3.0
27354,"sem),",1,1,3.0
27355,sem.,1,1,3.0
27356,"sema-specific,",1,1,3.0
27357,sema-vr,1,1,3.0
27358,semaglutide).,1,1,3.0
27359,"semaglutide,""",1,1,3.0
27360,"semaglutide-,",1,1,3.0
27361,semaglutide-concentrated,1,1,3.0
27362,semaglutide-containing,1,1,3.0
27363,"semaglutide-dominant),",1,1,3.0
27364,semaglutide-for,1,1,3.0
27365,semaglutide-like,1,1,3.0
27366,semaglutide-loaded,1,1,3.0
27367,semaglutide-mediated,1,1,3.0
27368,semaglutide-naion,1,1,3.0
27369,semaglutide-regulated,1,1,3.0
27370,semaglutide-related,1,1,3.0
27371,semaglutide-treated).,1,1,3.0
27372,semaglutide:,1,1,3.0
27373,semaglutide;,1,1,3.0
27374,"semen,",1,1,3.0
27375,semi-irreversible.,1,1,3.0
27376,semi-quantitative,1,1,3.0
27377,semiannual,1,1,3.0
27378,seminal,1,1,3.0
27379,"seminar,",1,1,3.0
27380,seminars.,1,1,3.0
27381,seminiferous,1,1,3.0
27382,senescence-directed,1,1,3.0
27383,senescence.,1,1,3.0
27384,seniors,1,1,3.0
27385,senomorphic,1,1,3.0
27386,sensations.,1,1,3.0
27387,sensed,1,1,3.0
27388,sensing;,1,1,3.0
27389,"sensitivity),",1,1,3.0
27390,sensitivity/resistance,1,1,3.0
27391,sensitization.,1,1,3.0
27392,sent,1,1,3.0
27393,sentiment,1,1,3.0
27394,sentiments,1,1,3.0
27395,sentinel,1,1,3.0
27396,"sep,",1,1,3.0
27397,"sep-pyy,",1,1,3.0
27398,"separately,",1,1,3.0
27399,separating,1,1,3.0
27400,"separation,",1,1,3.0
27401,separation;,1,1,3.0
27402,sepsis-induced,1,1,3.0
27403,sepsis.,1,1,3.0
27404,sequelae.,1,1,3.0
27405,sequences.,1,1,3.0
27406,sequencing.,1,1,3.0
27407,ser31,1,1,3.0
27408,sera.,1,1,3.0
27409,serendipitous,1,1,3.0
27410,serially,1,1,3.0
27411,"series,",1,1,3.0
27412,"serotonin,",1,1,3.0
27413,serum-transfer,1,1,3.0
27414,serum/glucocorticoid-regulated,1,1,3.0
27415,"service,",1,1,3.0
27416,service.,1,1,3.0
27417,ses.,1,1,3.0
27418,sessions.,1,1,3.0
27419,set's,1,1,3.0
27420,set-point,1,1,3.0
27421,set-point.,1,1,3.0
27422,set.,1,1,3.0
27423,"setmelanotide,",1,1,3.0
27424,sets),1,1,3.0
27425,setting),1,1,3.0
27426,settings;,1,1,3.0
27427,settled.,1,1,3.0
27428,seven-mold,1,1,3.0
27429,seventeen,1,1,3.0
27430,seventy-one,1,1,3.0
27431,seventy-two,1,1,3.0
27432,several-fold,1,1,3.0
27433,"severe,",1,1,3.0
27434,severity;,1,1,3.0
27435,sex-adjusted,1,1,3.0
27436,"sex-hormone,",1,1,3.0
27437,sex-inclusive,1,1,3.0
27438,"sex/gender,",1,1,3.0
27439,"sexes,",1,1,3.0
27440,sexually,1,1,3.0
27441,sf,1,1,3.0
27442,"sf-1,",1,1,3.0
27443,sf-36,1,1,3.0
27444,sg-can,1,1,3.0
27445,sg.,1,1,3.0
27446,sgk2-acsl4,1,1,3.0
27447,"sglt-inhibitors,",1,1,3.0
27448,sglt2-i,1,1,3.0
27449,sglt2i's,1,1,3.0
27450,sglt2i),1,1,3.0
27451,sglt2is.,1,1,3.0
27452,sglt2is;,1,1,3.0
27453,sham-control,1,1,3.0
27454,shams,1,1,3.0
27455,shannon,1,1,3.0
27456,shanxi,1,1,3.0
27457,"shape,",1,1,3.0
27458,shaping,1,1,3.0
27459,shapley,1,1,3.0
27460,shareholder-driven,1,1,3.0
27461,sharjah.,1,1,3.0
27462,sharp,1,1,3.0
27463,"sharpness,",1,1,3.0
27464,shedding.,1,1,3.0
27465,sheep,1,1,3.0
27466,sheep.,1,1,3.0
27467,shemountain:,1,1,3.0
27468,shi,1,1,3.0
27469,shi-zhen,1,1,3.0
27470,"shifts,",1,1,3.0
27471,shifts.,1,1,3.0
27472,shigella,1,1,3.0
27473,shipt,1,1,3.0
27474,"shocks,",1,1,3.0
27475,shopper,1,1,3.0
27476,shore,1,1,3.0
27477,"short,",1,1,3.0
27478,short-chain-fatty-acid-producing,1,1,3.0
27479,short-lived,1,1,3.0
27480,short-video,1,1,3.0
27481,shortened,1,1,3.0
27482,shortening,1,1,3.0
27483,"shortening,",1,1,3.0
27484,shortens,1,1,3.0
27485,shortform,1,1,3.0
27486,shotgun,1,1,3.0
27487,shoulder,1,1,3.0
27488,showcasing,1,1,3.0
27489,shown).,1,1,3.0
27490,"shown,",1,1,3.0
27491,"shp,",1,1,3.0
27492,shrinker,1,1,3.0
27493,shuttle,1,1,3.0
27494,"shuttle,",1,1,3.0
27495,sick-day,1,1,3.0
27496,sickest,1,1,3.0
27497,sickle,1,1,3.0
27498,"side,",1,1,3.0
27499,side-effects,1,1,3.0
27500,"side-effects,",1,1,3.0
27501,"sigma,",1,1,3.0
27502,sign;,1,1,3.0
27503,signal-prioritisation,1,1,3.0
27504,signaled,1,1,3.0
27505,signaling);,1,1,3.0
27506,signaling-as,1,1,3.0
27507,signaling-intestinal,1,1,3.0
27508,signaling.new,1,1,3.0
27509,signals:,1,1,3.0
27510,signature,1,1,3.0
27511,signature.,1,1,3.0
27512,"signatures,",1,1,3.0
27513,signatures-rest,1,1,3.0
27514,signatures.,1,1,3.0
27515,signify,1,1,3.0
27516,"signs,",1,1,3.0
27517,signs.,1,1,3.0
27518,silencing.,1,1,3.0
27519,"silhouette,",1,1,3.0
27520,"siloed,",1,1,3.0
27521,silos,1,1,3.0
27522,silos.,1,1,3.0
27523,"similarities,",1,1,3.0
27524,simulations),1,1,3.0
27525,"simultaneously,",1,1,3.0
27526,simultaneously;,1,1,3.0
27527,"simvastatin,",1,1,3.0
27528,singhealth,1,1,3.0
27529,single-agent,1,1,3.0
27530,single-analyte,1,1,3.0
27531,single-arm,1,1,3.0
27532,single-ascending,1,1,3.0
27533,single-ascending-dose,1,1,3.0
27534,"single-centre,",1,1,3.0
27535,single-cohort,1,1,3.0
27536,"single-dose,",1,1,3.0
27537,single-event,1,1,3.0
27538,single-institution,1,1,3.0
27539,single-nuclei,1,1,3.0
27540,single-nucleotide,1,1,3.0
27541,single-nucleus,1,1,3.0
27542,single-sequence,1,1,3.0
27543,single-substance,1,1,3.0
27544,single-target,1,1,3.0
27545,single-vision,1,1,3.0
27546,singleton,1,1,3.0
27547,sinking,1,1,3.0
27548,sino-american,1,1,3.0
27549,sinopulmonary,1,1,3.0
27550,sinusitis,1,1,3.0
27551,sinusoidal,1,1,3.0
27552,sirius,1,1,3.0
27553,sirna-mediated,1,1,3.0
27554,sirna.,1,1,3.0
27555,sirt7,1,1,3.0
27556,"sitagliptin-,",1,1,3.0
27557,site-,1,1,3.0
27558,site-directed,1,1,3.0
27559,site-related,1,1,3.0
27560,sites],1,1,3.0
27561,sites]),1,1,3.0
27562,sitosterol,1,1,3.0
27563,situations,1,1,3.0
27564,situations.,1,1,3.0
27565,six-cluster,1,1,3.0
27566,six-membered,1,1,3.0
27567,six-month,1,1,3.0
27568,"six3,",1,1,3.0
27569,sixty,1,1,3.0
27570,sixty-five,1,1,3.0
27571,sixty-two,1,1,3.0
27572,skewed,1,1,3.0
27573,"skills,",1,1,3.0
27574,"skin,",1,1,3.0
27575,skin-penetration,1,1,3.0
27576,skin-related,1,1,3.0
27577,"sl),",1,1,3.0
27578,slaughter.,1,1,3.0
27579,"slc2a2,",1,1,3.0
27580,slc5a2/sglt2,1,1,3.0
27581,sld,1,1,3.0
27582,"sld,",1,1,3.0
27583,sleep-directed,1,1,3.0
27584,sleep.,1,1,3.0
27585,sleepiness,1,1,3.0
27586,sleeping,1,1,3.0
27587,slight,1,1,3.0
27588,slimness,1,1,3.0
27589,sln,1,1,3.0
27590,slns,1,1,3.0
27591,slope.,1,1,3.0
27592,slower,1,1,3.0
27593,sma,1,1,3.0
27594,sma.,1,1,3.0
27595,small-study,1,1,3.0
27596,small.,1,1,3.0
27597,smallest,1,1,3.0
27598,"smas,",1,1,3.0
27599,smbg,1,1,3.0
27600,smd.,1,1,3.0
27601,smds.,1,1,3.0
27602,smg-pnpho,1,1,3.0
27603,smi).,1,1,3.0
27604,smokers).,1,1,3.0
27605,"smokers,",1,1,3.0
27606,smoking),1,1,3.0
27607,smooth-muscle,1,1,3.0
27608,"sn,",1,1,3.0
27609,snacks.,1,1,3.0
27610,snapshot.,1,1,3.0
27611,snp,1,1,3.0
27612,so-called,1,1,3.0
27613,soc.,1,1,3.0
27614,"sociability),",1,1,3.0
27615,societies,1,1,3.0
27616,"society,",1,1,3.0
27617,"sociodemographic,",1,1,3.0
27618,socioeconomically,1,1,3.0
27619,sociomedical,1,1,3.0
27620,sociopolitical,1,1,3.0
27621,sodium-dependent,1,1,3.0
27622,sodium-hydrogen,1,1,3.0
27623,softened,1,1,3.0
27624,software,1,1,3.0
27625,software-supported,1,1,3.0
27626,soleus,1,1,3.0
27627,soli-d,1,1,3.0
27628,"soli-d,",1,1,3.0
27629,solid-meal,1,1,3.0
27630,solid-state,1,1,3.0
27631,solids.,1,1,3.0
27632,solitary,1,1,3.0
27633,solriamfetol,1,1,3.0
27634,solute-driven,1,1,3.0
27635,solution-state,1,1,3.0
27636,solution.,1,1,3.0
27637,solutions,1,1,3.0
27638,solvent-poses,1,1,3.0
27639,solvents,1,1,3.0
27640,"somatostatin,",1,1,3.0
27641,"somatostatin-ss2,",1,1,3.0
27642,sometimes,1,1,3.0
27643,"somnolence,",1,1,3.0
27644,soon,1,1,3.0
27645,sorted,1,1,3.0
27646,"soul,",1,1,3.0
27647,"soul-like,",1,1,3.0
27648,sound,1,1,3.0
27649,sounds,1,1,3.0
27650,source-specific,1,1,3.0
27651,sources.,1,1,3.0
27652,"sox4,",1,1,3.0
27653,soybean,1,1,3.0
27654,spacing,1,1,3.0
27655,spacing),1,1,3.0
27656,spain,1,1,3.0
27657,"spain,",1,1,3.0
27658,spain.,1,1,3.0
27659,span,1,1,3.0
27660,spanned,1,1,3.0
27661,sparing,1,1,3.0
27662,spark-cvd,1,1,3.0
27663,"sparse,",1,1,3.0
27664,spc-focused,1,1,3.0
27665,spc-specific,1,1,3.0
27666,spcs,1,1,3.0
27667,"spcs,",1,1,3.0
27668,spearman's,1,1,3.0
27669,specialist-confirmation,1,1,3.0
27670,specialists,1,1,3.0
27671,specialities.,1,1,3.0
27672,specialization,1,1,3.0
27673,specializing,1,1,3.0
27674,"species,",1,1,3.0
27675,species-specific,1,1,3.0
27676,specifically.,1,1,3.0
27677,specification,1,1,3.0
27678,"specification,",1,1,3.0
27679,specify,1,1,3.0
27680,"spectacles,",1,1,3.0
27681,spectrofluorometric,1,1,3.0
27682,"spectrometry,",1,1,3.0
27683,spectrometry.,1,1,3.0
27684,"spectrophotometry,",1,1,3.0
27685,"spectroscopic,",1,1,3.0
27686,spectroscopically,1,1,3.0
27687,"spectrum,",1,1,3.0
27688,speculate,1,1,3.0
27689,speculative,1,1,3.0
27690,"speed,",1,1,3.0
27691,speeds,1,1,3.0
27692,spending,1,1,3.0
27693,spent,1,1,3.0
27694,"spermidine,",1,1,3.0
27695,spherically,1,1,3.0
27696,"sphinganine,",1,1,3.0
27697,"sphingolipid,",1,1,3.0
27698,sphingolipids,1,1,3.0
27699,"spices,",1,1,3.0
27700,spiked,1,1,3.0
27701,spikes.,1,1,3.0
27702,spillover,1,1,3.0
27703,spine.,1,1,3.0
27704,spirocyclic,1,1,3.0
27705,splenic,1,1,3.0
27706,"splicing,",1,1,3.0
27707,split,1,1,3.0
27708,sponges,1,1,3.0
27709,sponging,1,1,3.0
27710,sponsored,1,1,3.0
27711,spontaneous-reporting,1,1,3.0
27712,"spo₂),",1,1,3.0
27713,spp.,1,1,3.0
27714,"spp.,",1,1,3.0
27715,"spps,",1,1,3.0
27716,spurred,1,1,3.0
27717,sputum,1,1,3.0
27718,"sq22536,",1,1,3.0
27719,sq22536.,1,1,3.0
27720,"sr,",1,1,3.0
27721,"srebp-2,",1,1,3.0
27722,"ss-31),",1,1,3.0
27723,"sstr2,",1,1,3.0
27724,sstr3.,1,1,3.0
27725,st-segment,1,1,3.0
27726,"st25l),",1,1,3.0
27727,sta:,1,1,3.0
27728,stabilisation,1,1,3.0
27729,stabilised,1,1,3.0
27730,stabilises,1,1,3.0
27731,stability-indicating,1,1,3.0
27732,stability-testing,1,1,3.0
27733,stable.,1,1,3.0
27734,stably,1,1,3.0
27735,"stachyose,",1,1,3.0
27736,"staff,",1,1,3.0
27737,staff.,1,1,3.0
27738,staffing.,1,1,3.0
27739,stage-based,1,1,3.0
27740,stage-dependent,1,1,3.0
27741,stagger,1,1,3.0
27742,"staging,",1,1,3.0
27743,stagnated,1,1,3.0
27744,"staining,",1,1,3.0
27745,stainings,1,1,3.0
27746,stakeholders,1,1,3.0
27747,stand-alone,1,1,3.0
27748,standard.,1,1,3.0
27749,standardisation,1,1,3.0
27750,standardization.,1,1,3.0
27751,"standards-of-care,",1,1,3.0
27752,stands,1,1,3.0
27753,stapling,1,1,3.0
27754,stars),1,1,3.0
27755,"start,",1,1,3.0
27756,start.,1,1,3.0
27757,started.,1,1,3.0
27758,starvation,1,1,3.0
27759,starvation-related,1,1,3.0
27760,stata,1,1,3.0
27761,state-of-the-art,1,1,3.0
27762,state-transition,1,1,3.0
27763,state.,1,1,3.0
27764,"statement,",1,1,3.0
27765,statement.,1,1,3.0
27766,statement:,1,1,3.0
27767,"statements,",1,1,3.0
27768,statements.,1,1,3.0
27769,statewide,1,1,3.0
27770,"statin,",1,1,3.0
27771,station.,1,1,3.0
27772,stations,1,1,3.0
27773,statistic.,1,1,3.0
27774,statistician.,1,1,3.0
27775,"statistics,",1,1,3.0
27776,statistics.,1,1,3.0
27777,"stature,",1,1,3.0
27778,"status),",1,1,3.0
27779,statute,1,1,3.0
27780,"stay,",1,1,3.0
27781,stay.,1,1,3.0
27782,stays,1,1,3.0
27783,steadily,1,1,3.0
27784,stearic,1,1,3.0
27785,steatohepatitis).,1,1,3.0
27786,steep,1,1,3.0
27787,steeper,1,1,3.0
27788,steeply,1,1,3.0
27789,stemming,1,1,3.0
27790,"stemness,",1,1,3.0
27791,stems,1,1,3.0
27792,stenosis-centered,1,1,3.0
27793,stent-associated,1,1,3.0
27794,"sterile,",1,1,3.0
27795,steroidogenic,1,1,3.0
27796,steroids,1,1,3.0
27797,sterol,1,1,3.0
27798,"stigma-informed,",1,1,3.0
27799,stigma-reducing,1,1,3.0
27800,stigmatized.,1,1,3.0
27801,stigmatizing,1,1,3.0
27802,"still,",1,1,3.0
27803,still-preclinical,1,1,3.0
27804,stimulatin,1,1,3.0
27805,sting-associated,1,1,3.0
27806,sting-related,1,1,3.0
27807,sting/p65,1,1,3.0
27808,"stinging,",1,1,3.0
27809,stock-outs,1,1,3.0
27810,stockholm,1,1,3.0
27811,stockholm.,1,1,3.0
27812,"stomach,",1,1,3.0
27813,stomach.,1,1,3.0
27814,"stone,",1,1,3.0
27815,stool,1,1,3.0
27816,stop,1,1,3.0
27817,stopped,1,1,3.0
27818,stores,1,1,3.0
27819,"strains,",1,1,3.0
27820,strand,1,1,3.0
27821,strand-specific,1,1,3.0
27822,strata,1,1,3.0
27823,strata;,1,1,3.0
27824,strategies-are,1,1,3.0
27825,strategies-including,1,1,3.0
27826,strategiesfundingthe,1,1,3.0
27827,stratifications,1,1,3.0
27828,stratum,1,1,3.0
27829,streamline,1,1,3.0
27830,streamlined,1,1,3.0
27831,strength-focused,1,1,3.0
27832,strengthened,1,1,3.0
27833,strengthens,1,1,3.0
27834,strengths.,1,1,3.0
27835,"streptozotocin,",1,1,3.0
27836,"streptozotocin-induced,",1,1,3.0
27837,streptozotocin.,1,1,3.0
27838,streptozotocin;,1,1,3.0
27839,stress-response,1,1,3.0
27840,stress-survival-associated,1,1,3.0
27841,stress;,1,1,3.0
27842,stressor,1,1,3.0
27843,"stressors,",1,1,3.0
27844,striatum,1,1,3.0
27845,stricture,1,1,3.0
27846,"stricture,",1,1,3.0
27847,striking,1,1,3.0
27848,"strikingly,",1,1,3.0
27849,stringent,1,1,3.0
27850,strobe,1,1,3.0
27851,stroke),1,1,3.0
27852,stroke-related,1,1,3.0
27853,stroke-specific,1,1,3.0
27854,"stronger,",1,1,3.0
27855,"structurally,",1,1,3.0
27856,structure-based,1,1,3.0
27857,structure-guided,1,1,3.0
27858,structure.,1,1,3.0
27859,"structures,",1,1,3.0
27860,structures.,1,1,3.0
27861,"studied,",1,1,3.0
27862,studies),1,1,3.0
27863,studies).,1,1,3.0
27864,studies:,1,1,3.0
27865,"study"".",1,1,3.0
27866,"study),",1,1,3.0
27867,study-arm,1,1,3.0
27868,study-arm-level,1,1,3.0
27869,study-level,1,1,3.0
27870,study.objectivesglucagon-like,1,1,3.0
27871,study.objectivesto,1,1,3.0
27872,study:,1,1,3.0
27873,stz-induced,1,1,3.0
27874,stz:,1,1,3.0
27875,sub-analyses,1,1,3.0
27876,"sub-statements),",1,1,3.0
27877,subacute,1,1,3.0
27878,subcellular,1,1,3.0
27879,subchondral,1,1,3.0
27880,subclasses,1,1,3.0
27881,subclasses.,1,1,3.0
27882,"subclinical,",1,1,3.0
27883,"subcohort,",1,1,3.0
27884,subcortical,1,1,3.0
27885,subcutaneous-equivalent,1,1,3.0
27886,subdistribution,1,1,3.0
27887,subendocardial,1,1,3.0
27888,subgroup-specific,1,1,3.0
27889,"subjective,",1,1,3.0
27890,subjects.,1,1,3.0
27891,submitted,1,1,3.0
27892,suboptimal:,1,1,3.0
27893,subpopulation,1,1,3.0
27894,subpopulation.,1,1,3.0
27895,subscale,1,1,3.0
27896,subscales),1,1,3.0
27897,subscore,1,1,3.0
27898,"subset,",1,1,3.0
27899,"subsets,",1,1,3.0
27900,subsets.,1,1,3.0
27901,subsidies,1,1,3.0
27902,subsidy,1,1,3.0
27903,"substance,",1,1,3.0
27904,substantia,1,1,3.0
27905,substantially.,1,1,3.0
27906,substitute,1,1,3.0
27907,substitutes,1,1,3.0
27908,substituting,1,1,3.0
27909,substitution.,1,1,3.0
27910,substrate-1.,1,1,3.0
27911,substrate.,1,1,3.0
27912,substrate;,1,1,3.0
27913,substrates,1,1,3.0
27914,"substrates,",1,1,3.0
27915,substrates-an,1,1,3.0
27916,subtype.,1,1,3.0
27917,subtypes).,1,1,3.0
27918,subverted,1,1,3.0
27919,success.,1,1,3.0
27920,success;,1,1,3.0
27921,sucralose,1,1,3.0
27922,suctioning,1,1,3.0
27923,"sud,",1,1,3.0
27924,sud-related,1,1,3.0
27925,sud;,1,1,3.0
27926,suffered,1,1,3.0
27927,sufficiency,1,1,3.0
27928,sufficiently,1,1,3.0
27929,"sugar,",1,1,3.0
27930,suicidal-ideation,1,1,3.0
27931,"suicidality,",1,1,3.0
27932,"suicide,",1,1,3.0
27933,suicide-screening,1,1,3.0
27934,suicide/self-injury,1,1,3.0
27935,"suitability,",1,1,3.0
27936,"sulfonylurea,",1,1,3.0
27937,sulfonylurea.,1,1,3.0
27938,sulfoxide,1,1,3.0
27939,sulodexide,1,1,3.0
27940,sulphate,1,1,3.0
27941,sulphonylurea,1,1,3.0
27942,sulphonylureas,1,1,3.0
27943,sulphonylureas.,1,1,3.0
27944,sum,1,1,3.0
27945,summaries.,1,1,3.0
27946,summarise,1,1,3.0
27947,"summarised,",1,1,3.0
27948,summarised.,1,1,3.0
27949,"summarize,",1,1,3.0
27950,summarizing,1,1,3.0
27951,summary:,1,1,3.0
27952,"summit,",1,1,3.0
27953,summit-like,1,1,3.0
27954,sunk-cost,1,1,3.0
27955,sunrouge,1,1,3.0
27956,superecliptic,1,1,3.0
27957,superior;,1,1,3.0
27958,"superiority,",1,1,3.0
27959,superiority.,1,1,3.0
27960,superlearner,1,1,3.0
27961,supernatant,1,1,3.0
27962,"supernatant,",1,1,3.0
27963,superseded,1,1,3.0
27964,supervised,1,1,3.0
27965,"supervised,",1,1,3.0
27966,supervision,1,1,3.0
27967,supplement-drug,1,1,3.0
27968,supplement.,1,1,3.0
27969,"supplement/adjuvant,",1,1,3.0
27970,supplementary.,1,1,3.0
27971,supplementing,1,1,3.0
27972,supplied,1,1,3.0
27973,"supply,",1,1,3.0
27974,supportive.,1,1,3.0
27975,"supports,",1,1,3.0
27976,suppressant,1,1,3.0
27977,suppressor,1,1,3.0
27978,supramolecular,1,1,3.0
27979,supraphysiological,1,1,3.0
27980,sural,1,1,3.0
27981,"surface,",1,1,3.0
27982,surfaces,1,1,3.0
27983,surge,1,1,3.0
27984,"surgeon,",1,1,3.0
27985,"surgeons,",1,1,3.0
27986,"surgeries,",1,1,3.0
27987,surgery),1,1,3.0
27988,surgery-induced,1,1,3.0
27989,surgery-particularly,1,1,3.0
27990,"surgery/acdf,",1,1,3.0
27991,surgery;,1,1,3.0
27992,surgical),1,1,3.0
27993,"surgical,",1,1,3.0
27994,surgical-site-infection,1,1,3.0
27995,surging,1,1,3.0
27996,surmount-1:,1,1,3.0
27997,surmount-2,1,1,3.0
27998,surmount-2:,1,1,3.0
27999,surpass,1,1,3.0
28000,surpass-cvot,1,1,3.0
28001,surpassing,1,1,3.0
28002,surrogates),1,1,3.0
28003,surround,1,1,3.0
28004,surrounded,1,1,3.0
28005,surrounds,1,1,3.0
28006,surveillance.,1,1,3.0
28007,survey),1,1,3.0
28008,"survey,",1,1,3.0
28009,survey-weighted,1,1,3.0
28010,survey.,1,1,3.0
28011,survival;,1,1,3.0
28012,survive,1,1,3.0
28013,surviving,1,1,3.0
28014,survivor.,1,1,3.0
28015,survivorship,1,1,3.0
28016,"survivorship,",1,1,3.0
28017,"suspected,",1,1,3.0
28018,suspectum),1,1,3.0
28019,"suspectum),",1,1,3.0
28020,suspension,1,1,3.0
28021,"suspension,",1,1,3.0
28022,"sustain-6,",1,1,3.0
28023,sustain/step/select,1,1,3.0
28024,sustainably,1,1,3.0
28025,sustained-release,1,1,3.0
28026,sustaining,1,1,3.0
28027,sustains,1,1,3.0
28028,sweden,1,1,3.0
28029,"sweden,",1,1,3.0
28030,"sweetener,",1,1,3.0
28031,sweetener.,1,1,3.0
28032,sweeteners,1,1,3.0
28033,sweeteners.,1,1,3.0
28034,sweets,1,1,3.0
28035,"swelling,stiffness,",1,1,3.0
28036,swelling.,1,1,3.0
28037,swiftly,1,1,3.0
28038,swiss,1,1,3.0
28039,switches,1,1,3.0
28040,sydney,1,1,3.0
28041,symbiotic,1,1,3.0
28042,"symmetrical,",1,1,3.0
28043,symmetry,1,1,3.0
28044,symposium,1,1,3.0
28045,symptom-based,1,1,3.0
28046,"symptomatic,",1,1,3.0
28047,symptomatically,1,1,3.0
28048,"symptomatically,",1,1,3.0
28049,symptoms),1,1,3.0
28050,symptoms).,1,1,3.0
28051,symptoms-is,1,1,3.0
28052,symptoms;,1,1,3.0
28053,"synaptic,",1,1,3.0
28054,synaptic-points,1,1,3.0
28055,synbiotic,1,1,3.0
28056,"synbiotics,",1,1,3.0
28057,synchronize-1,1,1,3.0
28058,"syncollin,",1,1,3.0
28059,syndrome;,1,1,3.0
28060,syndromic,1,1,3.0
28061,"synergy,",1,1,3.0
28062,synonymous,1,1,3.0
28063,synthesised.,1,1,3.0
28064,"synthesize,",1,1,3.0
28065,synthesizer,1,1,3.0
28066,syrcle,1,1,3.0
28067,system-based,1,1,3.0
28068,"systemic,",1,1,3.0
28069,systemically,1,1,3.0
28070,"t-cho,",1,1,3.0
28071,t-test,1,1,3.0
28072,t-test;,1,1,3.0
28073,t-tests,1,1,3.0
28074,t-tubule-associated,1,1,3.0
28075,t.,1,1,3.0
28076,t1d-onset,1,1,3.0
28077,"t1d-phenotype,",1,1,3.0
28078,"t1dm,",1,1,3.0
28079,t2,1,1,3.0
28080,"t2,",1,1,3.0
28081,t2d-ckd,1,1,3.0
28082,"t2d-ckd,",1,1,3.0
28083,t2d-like,1,1,3.0
28084,t2d-only,1,1,3.0
28085,t2d-related,1,1,3.0
28086,"t2dm),",1,1,3.0
28087,t2dm.level,1,1,3.0
28088,t2dm.methodsthe,1,1,3.0
28089,t2dm:,1,1,3.0
28090,t2dm;,1,1,3.0
28091,t2dm∩obesity,1,1,3.0
28092,"tab,",1,1,3.0
28093,"tables,",1,1,3.0
28094,tablet),1,1,3.0
28095,"tablet,",1,1,3.0
28096,"tablets,",1,1,3.0
28097,tac,1,1,3.0
28098,"tac,",1,1,3.0
28099,"tachycardia,",1,1,3.0
28100,tackling,1,1,3.0
28101,tags,1,1,3.0
28102,tail-cuff,1,1,3.0
28103,tailor,1,1,3.0
28104,tailoring,1,1,3.0
28105,taiwan,1,1,3.0
28106,"taiwan,",1,1,3.0
28107,taking:,1,1,3.0
28108,tangles,1,1,3.0
28109,"tangles,",1,1,3.0
28110,tannic,1,1,3.0
28111,tanycyte,1,1,3.0
28112,tanycyte-specific,1,1,3.0
28113,tapering,1,1,3.0
28114,"target-engagement,",1,1,3.0
28115,target-specific,1,1,3.0
28116,"targeted,",1,1,3.0
28117,"targeting,",1,1,3.0
28118,targeting.,1,1,3.0
28119,targets:,1,1,3.0
28120,targets;,1,1,3.0
28121,tartrate,1,1,3.0
28122,task-based,1,1,3.0
28123,task-dependent,1,1,3.0
28124,tasks,1,1,3.0
28125,"taste,",1,1,3.0
28126,tau-positive,1,1,3.0
28127,taurolithocholate,1,1,3.0
28128,taxa.,1,1,3.0
28129,taxon,1,1,3.0
28130,taxonomic,1,1,3.0
28131,"taxonomy,",1,1,3.0
28132,"tb,",1,1,3.0
28133,tb.n:,1,1,3.0
28134,tb.sp:,1,1,3.0
28135,tb.th:,1,1,3.0
28136,tbi.,1,1,3.0
28137,tbil,1,1,3.0
28138,tc,1,1,3.0
28139,"tc,",1,1,3.0
28140,tca,1,1,3.0
28141,tcf7l2,1,1,3.0
28142,"tcho,",1,1,3.0
28143,"tea,",1,1,3.0
28144,teaching,1,1,3.0
28145,team.,1,1,3.0
28146,"teams,",1,1,3.0
28147,technetium-99,1,1,3.0
28148,technicians,1,1,3.0
28149,"technicians,",1,1,3.0
28150,techniques:,1,1,3.0
28151,technology.,1,1,3.0
28152,"teeth/mouth/tongue""",1,1,3.0
28153,telehealth,1,1,3.0
28154,telehealth-only,1,1,3.0
28155,telemedicine-based,1,1,3.0
28156,telemonitoring.,1,1,3.0
28157,telephone,1,1,3.0
28158,telopeptide,1,1,3.0
28159,temperature,1,1,3.0
28160,temperature-shift,1,1,3.0
28161,templates,1,1,3.0
28162,"temporality,",1,1,3.0
28163,temporarily,1,1,3.0
28164,temporary,1,1,3.0
28165,"ten""",1,1,3.0
28166,tendency,1,1,3.0
28167,tendinopathy,1,1,3.0
28168,"tendinopathy,",1,1,3.0
28169,tendon-directed,1,1,3.0
28170,tendon-specific,1,1,3.0
28171,tenogenic,1,1,3.0
28172,tensin,1,1,3.0
28173,tensions,1,1,3.0
28174,teratogenic,1,1,3.0
28175,teratogenicity,1,1,3.0
28176,"terazosin,",1,1,3.0
28177,"term,",1,1,3.0
28178,term.,1,1,3.0
28179,term:,1,1,3.0
28180,terminal,1,1,3.0
28181,"terminated,",1,1,3.0
28182,termination,1,1,3.0
28183,terminology.,1,1,3.0
28184,terms:,1,1,3.0
28185,"tern-601,",1,1,3.0
28186,"terrors),",1,1,3.0
28187,tertiles,1,1,3.0
28188,test),1,1,3.0
28189,test-based,1,1,3.0
28190,test;,1,1,3.0
28191,"tested,",1,1,3.0
28192,"testes,",1,1,3.0
28193,testicular,1,1,3.0
28194,testing;,1,1,3.0
28195,testosterone/dihydrotestosterone,1,1,3.0
28196,testosterone;,1,1,3.0
28197,tetrachloride,1,1,3.0
28198,"tetracyclines,",1,1,3.0
28199,tetrahydrobiopterin-dihydrobiopterin,1,1,3.0
28200,"tetranectin,",1,1,3.0
28201,"text,",1,1,3.0
28202,text.,1,1,3.0
28203,texts,1,1,3.0
28204,texture,1,1,3.0
28205,textured,1,1,3.0
28206,tezepelumab,1,1,3.0
28207,tf-5,1,1,3.0
28208,"tf-5,",1,1,3.0
28209,tf_bo,1,1,3.0
28210,"tf_bo,",1,1,3.0
28211,"tg,",1,1,3.0
28212,tga,1,1,3.0
28213,"tgfb1,",1,1,3.0
28214,tgfβ/smad,1,1,3.0
28215,tgr5-gs,1,1,3.0
28216,tgr5/pka/mek/erk,1,1,3.0
28217,th1/th17,1,1,3.0
28218,th2,1,1,3.0
28219,tha:,1,1,3.0
28220,"than,",1,1,3.0
28221,theories,1,1,3.0
28222,theory-based,1,1,3.0
28223,therapeutic),1,1,3.0
28224,"therapies),",1,1,3.0
28225,therapies-including,1,1,3.0
28226,therapies-sodium-glucose,1,1,3.0
28227,therapies.new,1,1,3.0
28228,therapies;,1,1,3.0
28229,"therapy),",1,1,3.0
28230,therapy.in,1,1,3.0
28231,therapy/counseling,1,1,3.0
28232,thereafter,1,1,3.0
28233,therefor,1,1,3.0
28234,"thereof,",1,1,3.0
28235,"thermogenesis,",1,1,3.0
28236,thermogenic,1,1,3.0
28237,"thermogenics,",1,1,3.0
28238,thiazide,1,1,3.0
28239,thiazide-type,1,1,3.0
28240,"thiazolidinedione,",1,1,3.0
28241,thiazolidinedionespiog,1,1,3.0
28242,"thickening,",1,1,3.0
28243,thickness,1,1,3.0
28244,thickness;,1,1,3.0
28245,thinness.,1,1,3.0
28246,thirst,1,1,3.0
28247,thirty-one,1,1,3.0
28248,thirty-seven,1,1,3.0
28249,thirty-six,1,1,3.0
28250,thirty-three,1,1,3.0
28251,thorough,1,1,3.0
28252,thought,1,1,3.0
28253,thoughtful,1,1,3.0
28254,"thoughtful,",1,1,3.0
28255,thoughts.,1,1,3.0
28256,thp-1,1,1,3.0
28257,thp-1:,1,1,3.0
28258,thr-β,1,1,3.0
28259,threat,1,1,3.0
28260,three-factor,1,1,3.0
28261,three-hour,1,1,3.0
28262,three-layer,1,1,3.0
28263,"three-period,",1,1,3.0
28264,three-replicate,1,1,3.0
28265,three-tier,1,1,3.0
28266,three-year,1,1,3.0
28267,threonine,1,1,3.0
28268,"threshold,",1,1,3.0
28269,threshold-based,1,1,3.0
28270,threshold-excess,1,1,3.0
28271,"thresholded,",1,1,3.0
28272,thrice,1,1,3.0
28273,thrice-daily,1,1,3.0
28274,thrice-weekly,1,1,3.0
28275,thrombectomy,1,1,3.0
28276,thrombo-inflammatory,1,1,3.0
28277,"thromboembolic,",1,1,3.0
28278,"thromboembolism,",1,1,3.0
28279,thromboinflammation,1,1,3.0
28280,"thromboinflammation,",1,1,3.0
28281,thromboinflammatory,1,1,3.0
28282,thromboprophylactic,1,1,3.0
28283,thrombosis.,1,1,3.0
28284,throughout.,1,1,3.0
28285,"thymoquinone,",1,1,3.0
28286,"thyroid,",1,1,3.0
28287,thyroid-hormone,1,1,3.0
28288,thyroid-stimulating,1,1,3.0
28289,thyrotoxicosis,1,1,3.0
28290,tibetan,1,1,3.0
28291,tibial,1,1,3.0
28292,"tied,",1,1,3.0
28293,"tiered,",1,1,3.0
28294,"tiers,",1,1,3.0
28295,tiers.,1,1,3.0
28296,ties,1,1,3.0
28297,tiktok),1,1,3.0
28298,till,1,1,3.0
28299,tilt,1,1,3.0
28300,time).,1,1,3.0
28301,"time-horizon,",1,1,3.0
28302,time-in-range,1,1,3.0
28303,time-matched,1,1,3.0
28304,time-response,1,1,3.0
28305,time-restricted,1,1,3.0
28306,time-series,1,1,3.0
28307,time-to-initiation,1,1,3.0
28308,time-to-peak,1,1,3.0
28309,timepoints.,1,1,3.0
28310,timing-dependent,1,1,3.0
28311,tip,1,1,3.0
28312,tips,1,1,3.0
28313,tir,1,1,3.0
28314,tirzepatide).,1,1,3.0
28315,"tirzepatide,""",1,1,3.0
28316,tirzepatide-mediated,1,1,3.0
28317,tissue-based,1,1,3.0
28318,tissue-dependent,1,1,3.0
28319,tissue-level,1,1,3.0
28320,tissue-resident,1,1,3.0
28321,titer,1,1,3.0
28322,titles,1,1,3.0
28323,tja.,1,1,3.0
28324,tjas,1,1,3.0
28325,tjr.,1,1,3.0
28326,tlr4,1,1,3.0
28327,tm1/2,1,1,3.0
28328,tm4,1,1,3.0
28329,tnf-α),1,1,3.0
28330,"tnf-α),",1,1,3.0
28331,tnf-α;,1,1,3.0
28332,tnf/tnf-α:,1,1,3.0
28333,to:,1,1,3.0
28334,tobacco-related,1,1,3.0
28335,toc,1,1,3.0
28336,tolerability/safety,1,1,3.0
28337,tolerability/usability.,1,1,3.0
28338,tolerable,1,1,3.0
28339,tolerated.,1,1,3.0
28340,tolvaptan,1,1,3.0
28341,tomm20:,1,1,3.0
28342,tomography;,1,1,3.0
28343,tone,1,1,3.0
28344,tongue,1,1,3.0
28345,tonometry,1,1,3.0
28346,toolbox,1,1,3.0
28347,toolkit.,1,1,3.0
28348,tooth,1,1,3.0
28349,top-down,1,1,3.0
28350,top-ranked,1,1,3.0
28351,topic,1,1,3.0
28352,"topic,",1,1,3.0
28353,"topical,",1,1,3.0
28354,topics,1,1,3.0
28355,"topics,",1,1,3.0
28356,"topiramate),",1,1,3.0
28357,topological,1,1,3.0
28358,"topologies,",1,1,3.0
28359,toronto,1,1,3.0
28360,tos-oma-oac,1,1,3.0
28361,"total),",1,1,3.0
28362,totalling,1,1,3.0
28363,totals,1,1,3.0
28364,toughness.,1,1,3.0
28365,"toxicity,",1,1,3.0
28366,toxin-induced,1,1,3.0
28367,toxinology,1,1,3.0
28368,"toxins,",1,1,3.0
28369,"tracers,",1,1,3.0
28370,"tracing,",1,1,3.0
28371,tracking,1,1,3.0
28372,"tracking,",1,1,3.0
28373,"tract,",1,1,3.0
28374,tractable,1,1,3.0
28375,traction,1,1,3.0
28376,trade-off,1,1,3.0
28377,"trade-offs,",1,1,3.0
28378,"tradeoffs,",1,1,3.0
28379,"traditions,",1,1,3.0
28380,training-induced,1,1,3.0
28381,training.strong,1,1,3.0
28382,"training/unfamiliarity,",1,1,3.0
28383,"traits,",1,1,3.0
28384,traits.,1,1,3.0
28385,trajectory.,1,1,3.0
28386,"tramadol,",1,1,3.0
28387,trans-ancestry,1,1,3.0
28388,trans-signaling,1,1,3.0
28389,transactivation,1,1,3.0
28390,transaminase,1,1,3.0
28391,transaminases,1,1,3.0
28392,"transaminases,",1,1,3.0
28393,transbuccal,1,1,3.0
28394,transcellular,1,1,3.0
28395,transcribed,1,1,3.0
28396,"transcript,",1,1,3.0
28397,transcriptase,1,1,3.0
28398,transcriptase-polymerase,1,1,3.0
28399,"transcriptional,",1,1,3.0
28400,transcriptome-wide,1,1,3.0
28401,"transcripts,",1,1,3.0
28402,transducers,1,1,3.0
28403,"transfer,",1,1,3.0
28404,transfer.,1,1,3.0
28405,transferable,1,1,3.0
28406,"transferase,",1,1,3.0
28407,transformation,1,1,3.0
28408,transfusion-dependent,1,1,3.0
28409,transfusions.,1,1,3.0
28410,transgenic,1,1,3.0
28411,transit),1,1,3.0
28412,transit.,1,1,3.0
28413,"transition),",1,1,3.0
28414,"transitions,",1,1,3.0
28415,translatable,1,1,3.0
28416,translational.,1,1,3.0
28417,translocase,1,1,3.0
28418,translocation,1,1,3.0
28419,translocation.,1,1,3.0
28420,transparency,1,1,3.0
28421,"transparency,",1,1,3.0
28422,"transparent,",1,1,3.0
28423,"transplant,",1,1,3.0
28424,transplant-enabling,1,1,3.0
28425,transplant-related,1,1,3.0
28426,transplantation-positioning,1,1,3.0
28427,transplanted,1,1,3.0
28428,transplants,1,1,3.0
28429,"transport,",1,1,3.0
28430,transporting,1,1,3.0
28431,transposase-accessible,1,1,3.0
28432,transsphenoidal,1,1,3.0
28433,transverse-colon,1,1,3.0
28434,transwell,1,1,3.0
28435,trapezoidal-stack,1,1,3.0
28436,treat.,1,1,3.0
28437,treated.,1,1,3.0
28438,treating.,1,1,3.0
28439,treatise,1,1,3.0
28440,treatment),1,1,3.0
28441,treatment-,1,1,3.0
28442,treatment-aligned,1,1,3.0
28443,treatment-assignment,1,1,3.0
28444,treatment-by-subgroup,1,1,3.0
28445,treatment-class,1,1,3.0
28446,treatment-eligible,1,1,3.0
28447,treatment-exposed,1,1,3.0
28448,"treatment-intensification,",1,1,3.0
28449,treatment-interaction,1,1,3.0
28450,treatment-limiting,1,1,3.0
28451,treatment-persistence,1,1,3.0
28452,treatment-refractory,1,1,3.0
28453,treatment-response,1,1,3.0
28454,treatment-responsive,1,1,3.0
28455,treatment-seeking,1,1,3.0
28456,treatment-stratified,1,1,3.0
28457,treatment.importanceobesity,1,1,3.0
28458,treatments).,1,1,3.0
28459,tree-structured,1,1,3.0
28460,"tregs,",1,1,3.0
28461,trem2,1,1,3.0
28462,tremendous,1,1,3.0
28463,"trend,",1,1,3.0
28464,trend.,1,1,3.0
28465,trended,1,1,3.0
28466,tri-buffer,1,1,3.0
28467,triad,1,1,3.0
28468,triad.,1,1,3.0
28469,triage,1,1,3.0
28470,triaging,1,1,3.0
28471,trial's,1,1,3.0
28472,trial-design,1,1,3.0
28473,trial-to-practice,1,1,3.0
28474,trial:,1,1,3.0
28475,trial;,1,1,3.0
28476,trialling,1,1,3.0
28477,trials',1,1,3.0
28478,trials).,1,1,3.0
28479,trials:,1,1,3.0
28480,"triangle""-to",1,1,3.0
28481,"triangle,",1,1,3.0
28482,"triggers,",1,1,3.0
28483,triggers.,1,1,3.0
28484,"triglycerides),",1,1,3.0
28485,trigonella,1,1,3.0
28486,triiodothyronine,1,1,3.0
28487,trim-and-fill,1,1,3.0
28488,trimester,1,1,3.0
28489,trimester.,1,1,3.0
28490,trimethylamine,1,1,3.0
28491,"trimming,",1,1,3.0
28492,trinetx's,1,1,3.0
28493,trinetx.,1,1,3.0
28494,trinetx®,1,1,3.0
28495,tripartite,1,1,3.0
28496,triphosphate;,1,1,3.0
28497,"triple,",1,1,3.0
28498,triple-agonist,1,1,3.0
28499,triplet,1,1,3.0
28500,trophic,1,1,3.0
28501,tropomyosin,1,1,3.0
28502,troponin,1,1,3.0
28503,troponin.,1,1,3.0
28504,trough,1,1,3.0
28505,trough.,1,1,3.0
28506,trpv1,1,1,3.0
28507,trt,1,1,3.0
28508,trunk.,1,1,3.0
28509,trust,1,1,3.0
28510,trying,1,1,3.0
28511,"tsa,",1,1,3.0
28512,ttt1,1,1,3.0
28513,tubular-glomerular,1,1,3.0
28514,tubules,1,1,3.0
28515,tubules.,1,1,3.0
28516,tubuloglomerular,1,1,3.0
28517,"tubuloids,",1,1,3.0
28518,tudca/tcdca,1,1,3.0
28519,tudca/tcdca).,1,1,3.0
28520,tumor-related,1,1,3.0
28521,tumorigenesis,1,1,3.0
28522,"tumors,",1,1,3.0
28523,tunel,1,1,3.0
28524,tunnels,1,1,3.0
28525,turbinates,1,1,3.0
28526,turing's,1,1,3.0
28527,turmeric,1,1,3.0
28528,"turnover,",1,1,3.0
28529,turnover.,1,1,3.0
28530,turnover.new,1,1,3.0
28531,twenty-five,1,1,3.0
28532,twenty-four,1,1,3.0
28533,twenty-nine,1,1,3.0
28534,twenty-two,1,1,3.0
28535,"twice,",1,1,3.0
28536,twice-daily,1,1,3.0
28537,"two,",1,1,3.0
28538,two-,1,1,3.0
28539,two-agent,1,1,3.0
28540,"two-arm,",1,1,3.0
28541,"two-armed,",1,1,3.0
28542,"two-formulation,",1,1,3.0
28543,two-photon,1,1,3.0
28544,two-round,1,1,3.0
28545,two-sided,1,1,3.0
28546,two-year,1,1,3.0
28547,"tyg,",1,1,3.0
28548,"tyk2,",1,1,3.0
28549,tympanometry,1,1,3.0
28550,type-1,1,1,3.0
28551,type2,1,1,3.0
28552,type;,1,1,3.0
28553,types.,1,1,3.0
28554,types;,1,1,3.0
28555,tyr,1,1,3.0
28556,"tyr202,",1,1,3.0
28557,tyr2052.75/gln221,1,1,3.0
28558,tyr315,1,1,3.0
28559,tyrosine,1,1,3.0
28560,tyrosine-regulated,1,1,3.0
28561,tyrosine-tyrosine,1,1,3.0
28562,tzd,1,1,3.0
28563,tzds,1,1,3.0
28564,tzp;,1,1,3.0
28565,"tβ-mca,",1,1,3.0
28566,u-937,1,1,3.0
28567,"u.s.,",1,1,3.0
28568,"u/day,",1,1,3.0
28569,u/day;,1,1,3.0
28570,u/l),1,1,3.0
28571,"u01hl080295,",1,1,3.0
28572,"u01hl130114,",1,1,3.0
28573,u100),1,1,3.0
28574,"u100),",1,1,3.0
28575,"u100,",1,1,3.0
28576,uacr.,1,1,3.0
28577,uae-based,1,1,3.0
28578,ubiquitin-proteasome,1,1,3.0
28579,ubt251.,1,1,3.0
28580,"uc,",1,1,3.0
28581,ucp2).,1,1,3.0
28582,uhplc-ms.,1,1,3.0
28583,"uk,",1,1,3.0
28584,uk-based,1,1,3.0
28585,uk.,1,1,3.0
28586,ukpds,1,1,3.0
28587,"ulceration,",1,1,3.0
28588,uln;,1,1,3.0
28589,"ultimate,",1,1,3.0
28590,ultra-high-molecular-weight,1,1,3.0
28591,ultrasonography,1,1,3.0
28592,"ultrasound,",1,1,3.0
28593,ultrasound.,1,1,3.0
28594,ultrastructural,1,1,3.0
28595,ultrastructure,1,1,3.0
28596,ultraviolet-visible,1,1,3.0
28597,umbrella,1,1,3.0
28598,umin000048469;,1,1,3.0
28599,umin000048471.,1,1,3.0
28600,unacceptably,1,1,3.0
28601,unaddressed,1,1,3.0
28602,unaddressed.,1,1,3.0
28603,unaffected,1,1,3.0
28604,unaffordable,1,1,3.0
28605,"unanesthetized,",1,1,3.0
28606,unattempted,1,1,3.0
28607,unavailable,1,1,3.0
28608,"unavailable,",1,1,3.0
28609,unbiased,1,1,3.0
28610,uncertain:,1,1,3.0
28611,uncharacterized,1,1,3.0
28612,uncharacterized.,1,1,3.0
28613,unchecked,1,1,3.0
28614,unclassified,1,1,3.0
28615,"unclassified_f__lachnospiraceae,",1,1,3.0
28616,uncommon.,1,1,3.0
28617,unconfirmed,1,1,3.0
28618,unconfirmed.,1,1,3.0
28619,unconfounded,1,1,3.0
28620,uncontrollable,1,1,3.0
28621,uncoupled,1,1,3.0
28622,"uncoupling,",1,1,3.0
28623,uncoupling.,1,1,3.0
28624,undated,1,1,3.0
28625,under-appreciated,1,1,3.0
28626,under-described,1,1,3.0
28627,under-explored.,1,1,3.0
28628,under-investigated.,1,1,3.0
28629,under-prescribing,1,1,3.0
28630,under-representation,1,1,3.0
28631,under-tested,1,1,3.0
28632,underdeveloped.,1,1,3.0
28633,underdocumented,1,1,3.0
28634,underestimated.,1,1,3.0
28635,underestimation,1,1,3.0
28636,underevaluated.,1,1,3.0
28637,underexplored,1,1,3.0
28638,underlining,1,1,3.0
28639,undermines,1,1,3.0
28640,underpinnings,1,1,3.0
28641,"underrealized,",1,1,3.0
28642,underrecognized.,1,1,3.0
28643,underrepresentation,1,1,3.0
28644,"underrepresentation,",1,1,3.0
28645,underscored,1,1,3.0
28646,"understandable,",1,1,3.0
28647,"understanding,",1,1,3.0
28648,understandings,1,1,3.0
28649,"understood,",1,1,3.0
28650,understudied,1,1,3.0
28651,undertake,1,1,3.0
28652,undertaken,1,1,3.0
28653,"undertreated,",1,1,3.0
28654,"underused,",1,1,3.0
28655,underutilised,1,1,3.0
28656,underutilized,1,1,3.0
28657,underutilized.,1,1,3.0
28658,underwater,1,1,3.0
28659,underway,1,1,3.0
28660,underweight,1,1,3.0
28661,"underweight,",1,1,3.0
28662,underweight/undernutrition,1,1,3.0
28663,undetermined,1,1,3.0
28664,undifferentiated,1,1,3.0
28665,undisclosed,1,1,3.0
28666,undoubtedly,1,1,3.0
28667,unequal,1,1,3.0
28668,"unexpectedly,",1,1,3.0
28669,unexplained,1,1,3.0
28670,unexplored,1,1,3.0
28671,unexposed;,1,1,3.0
28672,unfamiliar,1,1,3.0
28673,unfavorable,1,1,3.0
28674,unfavourable,1,1,3.0
28675,"unfolding,",1,1,3.0
28676,"unfortunately,",1,1,3.0
28677,unfractionated,1,1,3.0
28678,uni-,1,1,3.0
28679,"uniform,",1,1,3.0
28680,unimpaired,1,1,3.0
28681,"unimpairment,",1,1,3.0
28682,union,1,1,3.0
28683,"unit,",1,1,3.0
28684,unit.,1,1,3.0
28685,unite,1,1,3.0
28686,units/day,1,1,3.0
28687,units/day),1,1,3.0
28688,"universal,",1,1,3.0
28689,universities,1,1,3.0
28690,"unknown,",1,1,3.0
28691,unlabelled,1,1,3.0
28692,unless,1,1,3.0
28693,unliteral,1,1,3.0
28694,"unloading,",1,1,3.0
28695,unmarried,1,1,3.0
28696,unnecessary,1,1,3.0
28697,unnecessary.,1,1,3.0
28698,unopposed,1,1,3.0
28699,unordered,1,1,3.0
28700,unpeeled,1,1,3.0
28701,unprompted,1,1,3.0
28702,"unproven,",1,1,3.0
28703,unravelling,1,1,3.0
28704,unrealistic,1,1,3.0
28705,unrecognized,1,1,3.0
28706,unrefreshing,1,1,3.0
28707,unrelated,1,1,3.0
28708,unreliable.,1,1,3.0
28709,"unremarkable,",1,1,3.0
28710,unremitted,1,1,3.0
28711,unreplicated,1,1,3.0
28712,unreported,1,1,3.0
28713,unrestrained,1,1,3.0
28714,unsatisfactory,1,1,3.0
28715,unsaturated,1,1,3.0
28716,unsettled,1,1,3.0
28717,unspecified,1,1,3.0
28718,unstandardized,1,1,3.0
28719,unsuccessful,1,1,3.0
28720,unsuccessful;,1,1,3.0
28721,unsuitable,1,1,3.0
28722,unsupervised,1,1,3.0
28723,unsustained,1,1,3.0
28724,untested,1,1,3.0
28725,untested.,1,1,3.0
28726,unusual,1,1,3.0
28727,unveil,1,1,3.0
28728,unveils,1,1,3.0
28729,unwanted,1,1,3.0
28730,unwanted.,1,1,3.0
28731,unwell,1,1,3.0
28732,up-regulate,1,1,3.0
28733,up-regulated,1,1,3.0
28734,"up-titrate,",1,1,3.0
28735,up-to-date,1,1,3.0
28736,updating,1,1,3.0
28737,"upfs),",1,1,3.0
28738,upper-gastrointestinal,1,1,3.0
28739,upper-middle-income,1,1,3.0
28740,upr,1,1,3.0
28741,upregulate,1,1,3.0
28742,upregulates,1,1,3.0
28743,uptake;,1,1,3.0
28744,"upward,",1,1,3.0
28745,uraemic,1,1,3.0
28746,urate;,1,1,3.0
28747,urban,1,1,3.0
28748,"uremia,",1,1,3.0
28749,uremia.,1,1,3.0
28750,"urgency,",1,1,3.0
28751,uric,1,1,3.0
28752,url:,1,1,3.0
28753,ursodeoxycholic,1,1,3.0
28754,"urticaria,",1,1,3.0
28755,us.,1,1,3.0
28756,usa),1,1,3.0
28757,"usability,",1,1,3.0
28758,usage;,1,1,3.0
28759,use),1,1,3.0
28760,"use),",1,1,3.0
28761,use-process,1,1,3.0
28762,use;,1,1,3.0
28763,used:,1,1,3.0
28764,useful.,1,1,3.0
28765,usefully,1,1,3.0
28766,usp14,1,1,3.0
28767,uterine,1,1,3.0
28768,"utilisation-context,",1,1,3.0
28769,utilising,1,1,3.0
28770,"utilization),",1,1,3.0
28771,uveitis,1,1,3.0
28772,v,1,1,3.0
28773,"v-0219,",1,1,3.0
28774,v-0219.,1,1,3.0
28775,v-shape,1,1,3.0
28776,v.16.0.,1,1,3.0
28777,v1,1,1,3.0
28778,v1.1.,1,1,3.0
28779,"v10,",1,1,3.0
28780,v2,1,1,3.0
28781,v2-receptor,1,1,3.0
28782,v2.0,1,1,3.0
28783,v30.,1,1,3.0
28784,va/dod,1,1,3.0
28785,vaccination,1,1,3.0
28786,vaccination.,1,1,3.0
28787,vagally,1,1,3.0
28788,vaginal,1,1,3.0
28789,valid;,1,1,3.0
28790,validated.,1,1,3.0
28791,validation;,1,1,3.0
28792,valorization,1,1,3.0
28793,"valuable,",1,1,3.0
28794,value),1,1,3.0
28795,value-effects,1,1,3.0
28796,value-scaled,1,1,3.0
28797,value;,1,1,3.0
28798,valued,1,1,3.0
28799,values.resultsglp-1,1,1,3.0
28800,"variable,",1,1,3.0
28801,variably,1,1,3.0
28802,variance.,1,1,3.0
28803,variance;,1,1,3.0
28804,variant-dependent,1,1,3.0
28805,variant-effect,1,1,3.0
28806,variants);,1,1,3.0
28807,"variants,",1,1,3.0
28808,"variations,",1,1,3.0
28809,varied:,1,1,3.0
28810,variously,1,1,3.0
28811,vascularity,1,1,3.0
28812,vasculature,1,1,3.0
28813,vasculopathy.,1,1,3.0
28814,vaso-protective,1,1,3.0
28815,vasomotor,1,1,3.0
28816,vasopressin,1,1,3.0
28817,"vasoprotective,",1,1,3.0
28818,vasovagal,1,1,3.0
28819,vast,1,1,3.0
28820,vat,1,1,3.0
28821,vcam-1,1,1,3.0
28822,vcam-1.,1,1,3.0
28823,vegetarian,1,1,3.0
28824,"vehicle,",1,1,3.0
28825,vehicle-treated,1,1,3.0
28826,vehicles,1,1,3.0
28827,veillonella,1,1,3.0
28828,vein.,1,1,3.0
28829,velocity,1,1,3.0
28830,vendors,1,1,3.0
28831,"venom,",1,1,3.0
28832,venovenous,1,1,3.0
28833,ventromedial,1,1,3.0
28834,verasight's,1,1,3.0
28835,verdict,1,1,3.0
28836,verification.,1,1,3.0
28837,verifying,1,1,3.0
28838,"vermis,",1,1,3.0
28839,versus1.85%,1,1,3.0
28840,"vertebrates,",1,1,3.0
28841,vertebroplasty,1,1,3.0
28842,"vertigo,",1,1,3.0
28843,vesicle/endocytic,1,1,3.0
28844,vestibule,1,1,3.0
28845,vgat-expressing,1,1,3.0
28846,"viability,",1,1,3.0
28847,vial,1,1,3.0
28848,vials;,1,1,3.0
28849,vibration,1,1,3.0
28850,vicinity,1,1,3.0
28851,"vicious,",1,1,3.0
28852,video,1,1,3.0
28853,viewpoint,1,1,3.0
28854,"viewpoint,",1,1,3.0
28855,viewpoint.,1,1,3.0
28856,vigilance.,1,1,3.0
28857,"villi,",1,1,3.0
28858,villin-creert2,1,1,3.0
28859,villus,1,1,3.0
28860,villus:crypt,1,1,3.0
28861,vina,1,1,3.0
28862,vina/gnina,1,1,3.0
28863,violent,1,1,3.0
28864,"vip,",1,1,3.0
28865,virchow,1,1,3.0
28866,virologically,1,1,3.0
28867,virome,1,1,3.0
28868,virtually,1,1,3.0
28869,virus-mediated,1,1,3.0
28870,"visceral,",1,1,3.0
28871,viscosity,1,1,3.0
28872,visfatin,1,1,3.0
28873,visibly,1,1,3.0
28874,vision-threatening,1,1,3.0
28875,visit.,1,1,3.0
28876,visit:,1,1,3.0
28877,visits),1,1,3.0
28878,visualization.,1,1,3.0
28879,vitamins,1,1,3.0
28880,vitroand,1,1,3.0
28881,vldl-c,1,1,3.0
28882,vmat2,1,1,3.0
28883,vo2,1,1,3.0
28884,voltage-gated,1,1,3.0
28885,volts,1,1,3.0
28886,volume-depletion,1,1,3.0
28887,volume:tissue,1,1,3.0
28888,volume;,1,1,3.0
28889,volumes-as,1,1,3.0
28890,volumes.,1,1,3.0
28891,volumetric,1,1,3.0
28892,"voluntary,",1,1,3.0
28893,"vosviewer,",1,1,3.0
28894,vpt,1,1,3.0
28895,"vrce,",1,1,3.0
28896,vta-centered,1,1,3.0
28897,vtdr/dme,1,1,3.0
28898,"vte,",1,1,3.0
28899,"vtrna2-1,",1,1,3.0
28900,vulgaris,1,1,3.0
28901,"vvs,",1,1,3.0
28902,vying,1,1,3.0
28903,vδ1+,1,1,3.0
28904,vδ2+,1,1,3.0
28905,waist-to-height,1,1,3.0
28906,wait-to-fail,1,1,3.0
28907,waited,1,1,3.0
28908,waiting,1,1,3.0
28909,"wanfang,",1,1,3.0
28910,warping,1,1,3.0
28911,"washout,",1,1,3.0
28912,wasting.,1,1,3.0
28913,water),1,1,3.0
28914,water.,1,1,3.0
28915,water:,1,1,3.0
28916,watershed,1,1,3.0
28917,wave,1,1,3.0
28918,wd-fed,1,1,3.0
28919,we.,1,1,3.0
28920,weak.,1,1,3.0
28921,weakening,1,1,3.0
28922,weakens,1,1,3.0
28923,weaker.,1,1,3.0
28924,weakest,1,1,3.0
28925,weakness,1,1,3.0
28926,weapon,1,1,3.0
28927,wear-particle,1,1,3.0
28928,"wearables,",1,1,3.0
28929,web).,1,1,3.0
28930,weber-effect,1,1,3.0
28931,website.,1,1,3.0
28932,websites,1,1,3.0
28933,week.,1,1,3.0
28934,weekly).,1,1,3.0
28935,weekly;,1,1,3.0
28936,weeks]),1,1,3.0
28937,wegovy,1,1,3.0
28938,wegovy),1,1,3.0
28939,"wegovy,",1,1,3.0
28940,weibull,1,1,3.0
28941,weigh,1,1,3.0
28942,"weight),",1,1,3.0
28943,weight-centred,1,1,3.0
28944,weight-change,1,1,3.0
28945,"weight-dependent,",1,1,3.0
28946,weight-focused,1,1,3.0
28947,weight-gain,1,1,3.0
28948,weight-independent.,1,1,3.0
28949,"weight-loss,",1,1,3.0
28950,weight-loss-induced,1,1,3.0
28951,weight-loss-related,1,1,3.0
28952,weight-loss.,1,1,3.0
28953,weight-mediated,1,1,3.0
28954,weight-modifying,1,1,3.0
28955,weight-modulating,1,1,3.0
28956,weight-neutral,1,1,3.0
28957,weight-of-evidence,1,1,3.0
28958,weight-stigma,1,1,3.0
28959,weight-trajectory,1,1,3.0
28960,"weight/composition,",1,1,3.0
28961,weight:,1,1,3.0
28962,"weights,",1,1,3.0
28963,weissella,1,1,3.0
28964,welch's,1,1,3.0
28965,welcomed,1,1,3.0
28966,well-based,1,1,3.0
28967,well-being.,1,1,3.0
28968,well-defined,1,1,3.0
28969,well-known,1,1,3.0
28970,well-recognized,1,1,3.0
28971,well-studied,1,1,3.0
28972,well-treated,1,1,3.0
28973,wellbeing,1,1,3.0
28974,wellness,1,1,3.0
28975,were:,1,1,3.0
28976,wernicke's,1,1,3.0
28977,wes,1,1,3.0
28978,"western,",1,1,3.0
28979,westernized,1,1,3.0
28980,wet/dry,1,1,3.0
28981,wfs1,1,1,3.0
28982,whenever,1,1,3.0
28983,whf,1,1,3.0
28984,"whf,",1,1,3.0
28985,"which,",1,1,3.0
28986,white;,1,1,3.0
28987,who's,1,1,3.0
28988,"whole-body),",1,1,3.0
28989,whole-cell,1,1,3.0
28990,"whole-kidney,",1,1,3.0
28991,widely.,1,1,3.0
28992,wider,1,1,3.0
28993,widowed,1,1,3.0
28994,wikim51,1,1,3.0
28995,willingness,1,1,3.0
28996,"window""",1,1,3.0
28997,"window.""",1,1,3.0
28998,window;,1,1,3.0
28999,windows,1,1,3.0
29000,windows.,1,1,3.0
29001,wire,1,1,3.0
29002,wise,1,1,3.0
29003,with:,1,1,3.0
29004,withdrawal-related,1,1,3.0
29005,withdrawals,1,1,3.0
29006,withdrawals.,1,1,3.0
29007,withdrawn,1,1,3.0
29008,withdrew,1,1,3.0
29009,withholding,1,1,3.0
29010,within-participant,1,1,3.0
29011,within-trial,1,1,3.0
29012,without).,1,1,3.0
29013,witnessed,1,1,3.0
29014,wk:,1,1,3.0
29015,"wl,",1,1,3.0
29016,wnt,1,1,3.0
29017,womac.,1,1,3.0
29018,"woman,",1,1,3.0
29019,women),1,1,3.0
29020,women-specific,1,1,3.0
29021,word-of-mouth,1,1,3.0
29022,wore,1,1,3.0
29023,"work,",1,1,3.0
29024,workers,1,1,3.0
29025,"workflow,",1,1,3.0
29026,workflow-oriented,1,1,3.0
29027,workflows.,1,1,3.0
29028,workload,1,1,3.0
29029,works,1,1,3.0
29030,workshops,1,1,3.0
29031,"wound,",1,1,3.0
29032,wound-healing,1,1,3.0
29033,wrinkle,1,1,3.0
29034,wrinkle-modulating,1,1,3.0
29035,wrinkles,1,1,3.0
29036,"writing,",1,1,3.0
29037,wrvu,1,1,3.0
29038,wsph,1,1,3.0
29039,"wss,",1,1,3.0
29040,wt),1,1,3.0
29041,wy-14643.,1,1,3.0
29042,xbp1-splicing,1,1,3.0
29043,xenobiotics.,1,1,3.0
29044,xiaoji,1,1,3.0
29045,xiiia,1,1,3.0
29046,xylanibacter,1,1,3.0
29047,y),1,1,3.0
29048,y-maze).,1,1,3.0
29049,y/pancreatic,1,1,3.0
29050,y2423.45-t3165.46h-bond-mediated,1,1,3.0
29051,year-over-year,1,1,3.0
29052,year.results608,1,1,3.0
29053,year:,1,1,3.0
29054,yearly,1,1,3.0
29055,yet.,1,1,3.0
29056,ykl-40,1,1,3.0
29057,yme1l-slc25a33,1,1,3.0
29058,"yohimbine,",1,1,3.0
29059,yorkshire,1,1,3.0
29060,youden,1,1,3.0
29061,young-onset,1,1,3.0
29062,"younger,",1,1,3.0
29063,youtube,1,1,3.0
29064,ypxjf's,1,1,3.0
29065,"ypxjf,",1,1,3.0
29066,yr),1,1,3.0
29067,"yr,",1,1,3.0
29068,yr.,1,1,3.0
29069,yunpi,1,1,3.0
29070,z-score,1,1,3.0
29071,"z-score,",1,1,3.0
29072,zealand,1,1,3.0
29073,zebrafish,1,1,3.0
29074,zepbound),1,1,3.0
29075,zero).,1,1,3.0
29076,"zfp423,",1,1,3.0
29077,zhao,1,1,3.0
29078,zibotentan,1,1,3.0
29079,"zilebesiran,",1,1,3.0
29080,ziltivekimab,1,1,3.0
29081,"ziltivekimab,",1,1,3.0
29082,"zo-1,",1,1,3.0
29083,zone,1,1,3.0
29084,~15%,1,1,3.0
29085,~25%,1,1,3.0
29086,"~30,000",1,1,3.0
29087,~30-40%,1,1,3.0
29088,~30-question,1,1,3.0
29089,~53,1,1,3.0
29090,~9%,1,1,3.0
29091,£16,1,1,3.0
29092,£19,1,1,3.0
29093,£31,1,1,3.0
29094,£32,1,1,3.0
29095,©,1,1,3.0
29096,°c,1,1,3.0
29097,"°c,",1,1,3.0
29098,±60,1,1,3.0
29099,å).,1,1,3.0
29100,å;,1,1,3.0
29101,÷,1,1,3.0
29102,α-2,1,1,3.0
29103,α-cell-derived,1,1,3.0
29104,"α-glucosidase),",1,1,3.0
29105,"α-glucosidase,",1,1,3.0
29106,α-glucosidase.,1,1,3.0
29107,"α-synuclein,",1,1,3.0
29108,α4β2,1,1,3.0
29109,α6β2,1,1,3.0
29110,β-arrestin-dependent,1,1,3.0
29111,β-arrestin-mediated,1,1,3.0
29112,β-catenin-independent,1,1,3.0
29113,β-cell-protective,1,1,3.0
29114,β-cell-specific,1,1,3.0
29115,β-cell-supportive,1,1,3.0
29116,β-cells;,1,1,3.0
29117,β-d-fructofuranosyl-(2,1,1,3.0
29118,"β-glucan,",1,1,3.0
29119,β-glucan.,1,1,3.0
29120,β-lip,1,1,3.0
29121,β-thalassaemia,1,1,3.0
29122,β-thalassemia,1,1,3.0
29123,γ,1,1,3.0
29124,δ_obs,1,1,3.0
29125,δcpeptide0-120/δglucose0-120,1,1,3.0
29126,δisr0-120/δgluc0-120,1,1,3.0
29127,ε4,1,1,3.0
29128,"ζ-potential,",1,1,3.0
29129,ζ-potential.,1,1,3.0
29130,κ,1,1,3.0
29131,κ-opioid,1,1,3.0
29132,μg),1,1,3.0
29133,"μg,",1,1,3.0
29134,μg/kg,1,1,3.0
29135,μg/kg),1,1,3.0
29136,μg;,1,1,3.0
29137,"μm,",1,1,3.0
29138,τ²,1,1,3.0
29139,χ2,1,1,3.0
29140,χ2=4.01).,1,1,3.0
29141,"χ²,",1,1,3.0
29142,ω;,1,1,3.0
29143,"€,",1,1,3.0
29144,€/qaly.,1,1,3.0
29145,"€100,000/qaly.",1,1,3.0
29146,"€25,225,",1,1,3.0
29147,"€25,589/qaly.",1,1,3.0
29148,€2685,1,1,3.0
29149,€3.8-12.6,1,1,3.0
29150,"€30,000/qaly.",1,1,3.0
29151,"€31,052",1,1,3.0
29152,€5827,1,1,3.0
29153,→1)-β-d-fructofuranosyl-(2,1,1,3.0
29154,"→1,6)-β-d-fructofuranosyl-(2",1,1,3.0
29155,"→1,6)-β-d-fructofuranosyl-(2→.",1,1,3.0
29156,∼,1,1,3.0
29157,∼1.9%,1,1,3.0
29158,∼50%,1,1,3.0
29159,∼70%,1,1,3.0
29160,∼€1.9-6.2,1,1,3.0
29161,≈140,1,1,3.0
29162,≈6,1,1,3.0
29163,≤-0.7,1,1,3.0
29164,≤.05.,1,1,3.0
29165,"≤0.210),",1,1,3.0
29166,≤0.210;,1,1,3.0
29167,≤18,1,1,3.0
29168,≤53.0,1,1,3.0
29169,≤7,1,1,3.0
29170,≤7%,1,1,3.0
29171,≥0.311).,1,1,3.0
29172,≥0.311;,1,1,3.0
29173,≥0.5,1,1,3.0
29174,≥0.5%,1,1,3.0
29175,"≥0.5%,",1,1,3.0
29176,≥0.7,1,1,3.0
29177,≥0.8,1,1,3.0
29178,≥1%,1,1,3.0
29179,≥1.0%,1,1,3.0
29180,≥1.0%.,1,1,3.0
29181,≥1.2,1,1,3.0
29182,≥1.3;,1,1,3.0
29183,≥1.5,1,1,3.0
29184,"≥10),",1,1,3.0
29185,≥15%.,1,1,3.0
29186,≥16,1,1,3.0
29187,≥21,1,1,3.0
29188,≥24,1,1,3.0
29189,≥25,1,1,3.0
29190,≥25%,1,1,3.0
29191,≥3.,1,1,3.0
29192,≥4-5),1,1,3.0
29193,≥45,1,1,3.0
29194,≥48,1,1,3.0
29195,≥5%),1,1,3.0
29196,≥5%.,1,1,3.0
29197,"≥50%,",1,1,3.0
29198,≥75,1,1,3.0
29199,≥80%),1,1,3.0
29200,≥8·0%),1,1,3.0
29201,≥90,1,1,3.0
29202,〈,1,1,3.0
29203,〉,1,1,3.0
