rank,term,cf,df,idf
1,glp-1,1736,574,0.24108810760202645
2,receptor,1171,793,0.10072681268239621
3,patients,1096,405,0.3925449767853314
4,weight,1032,389,0.41005039867429227
5,risk,968,409,0.38827669199265824
6,obesity,959,466,0.3316140833099998
7,diabetes,845,529,0.27654432796481426
8,95,838,254,0.595166283380062
9,metabolic,823,373,0.4282911681913124
10,agonists,807,602,0.22040350874217546
11,ci,782,225,0.6478174818886375
12,associated,770,427,0.3695721249749761
13,2,769,484,0.3151546383555875
14,outcomes,761,394,0.4045037781744259
15,glucagon-like,751,695,0.1580151954098861
16,p,748,222,0.6536470255493614
17,treatment,744,412,0.38510278396686537
18,peptide-1,691,644,0.19111413264018792
19,clinical,675,414,0.3829996588791011
20,semaglutide,649,228,0.6420651529995463
21,effects,647,390,0.40893539297350084
22,study,644,418,0.3788237182249648
23,evidence,636,366,0.43651891460558934
24,use,632,313,0.5044556624535516
25,studies,595,315,0.5016894462103995
26,disease,585,321,0.4934949675951279
27,not,572,366,0.43651891460558934
28,1,566,319,0.49620931694281883
29,type,555,417,0.37986394502624254
30,loss,549,269,0.570247719997592
31,using,534,359,0.44490555142168087
32,cardiovascular,499,210,0.6777807052660807
33,therapy,495,259,0.5867002359187482
34,glp-1ra,490,140,0.853871964321762
35,including,463,355,0.4497716469449059
36,adults,461,263,0.5800442515102422
37,insulin,431,194,0.712198270069774
38,trials,423,245,0.6108339156354675
39,included,422,281,0.5512936800949201
40,glp-1ras,421,161,0.7931741239681503
41,data,417,296,0.5287082889410615
42,ra,415,132,0.8794260687941502
43,among,414,259,0.5867002359187482
44,compared,387,243,0.6143937264016878
45,review,387,307,0.5128616245228135
46,body,372,219,0.6595558851598817
47,tirzepatide,368,137,0.8632794328435932
48,management,367,246,0.6090648928966209
49,across,362,259,0.5867002359187482
50,potential,362,281,0.5512936800949201
51,significant,362,247,0.6073030467403343
52,lower,357,209,0.679853713888946
53,findings,348,314,0.5030703519267851
54,inhibitors,346,192,0.7166987712964503
55,ras,345,141,0.8507808873446201
56,therapies,335,217,0.6635402661514704
57,increased,334,236,0.6270879970298935
58,reduced,334,247,0.6073030467403343
59,hr,333,86,1.0655015487564323
60,no,328,242,0.6161846340195687
61,glucose,326,155,0.8096683018297085
62,events,317,174,0.7594507517174003
63,kidney,315,123,0.9100948885606021
64,agonist,312,245,0.6108339156354675
65,baseline,310,160,0.7958800173440752
66,health,310,223,0.6516951369518393
67,mg,309,107,0.9706162223147904
68,adverse,308,204,0.6903698325741012
69,safety,306,188,0.7258421507363202
70,analysis,304,216,0.6655462488490691
71,therapeutic,295,211,0.6757175447023074
72,however,293,253,0.596879478824182
73,cohort,292,183,0.7375489102695705
74,participants,292,136,0.8664610916297825
75,reduction,285,177,0.7520267336381934
76,years,277,178,0.7495799976911061
77,also,276,221,0.6556077263148893
78,remains,273,249,0.6038006529042637
79,vs,273,111,0.9546770212133426
80,analyses,270,178,0.7495799976911061
81,t2dm,266,102,0.9913998282380825
82,primary,264,202,0.6946486305533762
83,used,262,207,0.6840296545430823
84,control,255,192,0.7166987712964503
85,significantly,246,178,0.7495799976911061
86,without,245,176,0.7544873321858502
87,higher,243,158,0.8013429130455774
88,efficacy,242,190,0.721246399047171
89,liver,240,96,1.0177287669604316
90,group,239,117,0.9318141382538383
91,3,238,156,0.8068754016455384
92,mechanisms,238,176,0.7544873321858502
93,bmi,233,110,0.958607314841775
94,n,233,108,0.9665762445130504
95,benefits,231,188,0.7258421507363202
96,kg,230,126,0.8996294548824371
97,showed,225,176,0.7544873321858502
98,mass,224,139,0.8569851997459049
99,chronic,223,182,0.7399286120149252
100,gip,223,114,0.9430951486635274
101,t2d,223,76,1.1191864077192086
102,changes,222,155,0.8096683018297085
103,conducted,219,203,0.6925039620867871
104,limited,219,195,0.709965388637482
105,surgery,219,96,1.0177287669604316
106,mortality,217,107,0.9706162223147904
107,mean,216,141,0.8507808873446201
108,assessed,213,178,0.7495799976911061
109,observed,212,172,0.7644715530924511
110,remain,212,196,0.707743928643524
111,agents,211,164,0.7851561519523022
112,signaling,210,114,0.9430951486635274
113,drug,202,135,0.8696662315049939
114,major,202,159,0.7986028756795486
115,versus,202,111,0.9546770212133426
116,effect,200,152,0.8181564120552274
117,glp-1r,198,60,1.2218487496163564
118,current,197,164,0.7851561519523022
119,outcome,197,151,0.8210230527068305
120,trial,196,135,0.8696662315049939
121,months,195,99,1.00436480540245
122,randomized,195,140,0.853871964321762
123,care,194,130,0.8860566476931633
124,oral,194,94,1.0268721464003012
125,levels,193,114,0.9430951486635274
126,although,192,165,0.7825160557860937
127,individuals,191,123,0.9100948885606021
128,support,191,161,0.7931741239681503
129,users,190,79,1.1023729087095586
130,medications,189,121,0.9172146296835498
131,total,187,146,0.8356471442155629
132,improved,186,153,0.8153085691824012
133,pathways,185,147,0.8326826652518239
134,strategies,185,145,0.8386319977650251
135,dual,183,141,0.8507808873446201
136,placebo,183,73,1.136677139879544
137,cardiometabolic,182,113,0.9469215565165803
138,exposure,182,100,1.0
139,sglt2i,182,47,1.3279021420642825
140,dysfunction,180,127,0.8961962790440432
141,models,179,150,0.8239087409443188
142,long-term,178,129,0.889410289700751
143,mellitus,177,161,0.7931741239681503
144,differences,176,135,0.8696662315049939
145,evaluated,176,152,0.8181564120552274
146,association,175,123,0.9100948885606021
147,0.001,174,87,1.0604807473813815
148,failure,173,120,0.9208187539523752
149,hba1c,173,83,1.080921907623926
150,identified,173,145,0.8386319977650251
151,peptide,173,118,0.9281179926938746
152,reported,173,127,0.8961962790440432
153,ckd,172,50,1.3010299956639813
154,function,171,113,0.9469215565165803
155,demonstrated,170,152,0.8181564120552274
156,combination,167,87,1.0604807473813815
157,within,165,143,0.8446639625349383
158,index,160,134,0.8728952016351924
159,renal,160,85,1.0705810742857074
160,12,158,93,1.0315170514460648
161,reductions,158,122,0.9136401693252517
162,age,157,130,0.8860566476931633
163,research,157,136,0.8664610916297825
164,patient,156,123,0.9100948885606021
165,retrospective,155,149,0.826813731587726
166,emerging,154,142,0.8477116556169435
167,glycemic,153,110,0.958607314841775
168,role,153,125,0.9030899869919435
169,5,152,94,1.0268721464003012
170,clinically,152,126,0.8996294548824371
171,complications,151,88,1.0555173278498313
172,following,151,112,0.9507819773298184
173,gastrointestinal,151,112,0.9507819773298184
174,mechanistic,151,111,0.9546770212133426
175,change,149,87,1.0604807473813815
176,heart,149,97,1.0132282657337552
177,ratio,149,117,0.9318141382538383
178,liraglutide,148,70,1.1549019599857433
179,groups,147,97,1.0132282657337552
180,particularly,147,135,0.8696662315049939
181,greater,146,109,0.9625735020593764
182,observational,146,109,0.9625735020593764
183,performed,146,132,0.8794260687941502
184,6,145,87,1.0604807473813815
185,food,145,82,1.0861861476162833
186,evaluate,143,138,0.8601209135987635
187,bariatric,142,72,1.1426675035687315
188,m2,142,83,1.080921907623926
189,metformin,142,81,1.0915149811213503
190,inflammation,141,102,0.9913998282380825
191,initiation,141,82,1.0861861476162833
192,follow-up,140,110,0.958607314841775
193,model,140,101,0.9956786262173575
194,real-world,140,105,0.978810700930062
195,substantial,139,124,0.906578314837765
196,results,138,118,0.9281179926938746
197,benefit,137,106,0.9746941347352298
198,framework,137,106,0.9746941347352298
199,improve,137,122,0.9136401693252517
200,medication,137,80,1.0969100130080565
201,overall,137,115,0.9393021596463883
202,controlled,136,112,0.9507819773298184
203,dose,136,84,1.0757207139381184
204,two,135,109,0.9625735020593764
205,masld,134,38,1.4202164033831899
206,secondary,134,113,0.9469215565165803
207,high,133,99,1.00436480540245
208,overweight,133,83,1.080921907623926
209,people,133,77,1.1135092748275182
210,expression,132,67,1.1739251972991736
211,incidence,132,85,1.0705810742857074
212,low,132,84,1.0757207139381184
213,mice,132,61,1.2146701649892329
214,systemic,132,103,0.9871627752948278
215,human,131,83,1.080921907623926
216,score,131,106,0.9746941347352298
217,days,130,81,1.0915149811213503
218,intake,130,62,1.207608310501746
219,suggest,130,120,0.9208187539523752
220,fat,129,62,1.207608310501746
221,interventions,129,101,0.9956786262173575
222,time,129,95,1.0222763947111522
223,weeks,129,80,1.0969100130080565
224,factors,128,95,1.0222763947111522
225,key,128,116,0.9355420107730815
226,30,127,102,0.9913998282380825
227,development,127,102,0.9913998282380825
228,central,126,103,0.9871627752948278
229,10,125,93,1.0315170514460648
230,disorders,125,84,1.0757207139381184
231,early,125,95,1.0222763947111522
232,matching,125,84,1.0757207139381184
233,whereas,125,108,0.9665762445130504
234,2025,124,114,0.9430951486635274
235,inflammatory,124,77,1.1135092748275182
236,reduce,124,104,0.9829666607012196
237,hepatic,123,69,1.1611509092627448
238,one,123,98,1.0087739243075051
239,population,123,106,0.9746941347352298
240,sensitivity,123,91,1.0409586076789064
241,4,122,85,1.0705810742857074
242,based,122,107,0.9706162223147904
243,blood,122,78,1.1079053973095196
244,increasingly,122,117,0.9318141382538383
245,cells,121,61,1.2146701649892329
246,decreased,121,89,1.0506099933550872
247,drugs,121,82,1.0861861476162833
248,incretin-based,121,74,1.1307682802690238
249,lifestyle,121,79,1.1023729087095586
250,phase,121,73,1.136677139879544
251,populations,121,95,1.0222763947111522
252,sodium-glucose,121,119,0.9244530386074693
253,secretion,120,75,1.1249387366083
254,lipid,119,75,1.1249387366083
255,needed,119,115,0.9393021596463883
256,beyond,118,108,0.9665762445130504
257,established,118,105,0.978810700930062
258,network,118,97,1.0132282657337552
259,pharmacological,118,87,1.0604807473813815
260,regarding,118,96,1.0177287669604316
261,confidence,116,107,0.9706162223147904
262,consistent,116,101,0.9956786262173575
263,despite,116,112,0.9507819773298184
264,rr,116,30,1.5228787452803376
265,aimed,115,113,0.9469215565165803
266,gastric,115,58,1.2365720064370627
267,future,114,104,0.9829666607012196
268,resistance,114,86,1.0655015487564323
269,all-cause,113,54,1.2676062401770316
270,assessment,113,92,1.0362121726544447
271,mace,113,39,1.408935392973501
272,muscle,113,53,1.275724130399211
273,odds,113,71,1.1487416512809248
274,response,112,70,1.1549019599857433
275,cancer,111,36,1.4436974992327127
276,direct,111,96,1.0177287669604316
277,identify,111,102,0.9913998282380825
278,protein,111,78,1.1079053973095196
279,molecular,110,80,1.0969100130080565
280,propensity,110,94,1.0268721464003012
281,responses,110,71,1.1487416512809248
282,activity,109,81,1.0915149811213503
283,common,109,99,1.00436480540245
284,impact,109,96,1.0177287669604316
285,treated,108,86,1.0655015487564323
286,gut,107,65,1.1870866433571445
287,novel,107,88,1.0555173278498313
288,prospective,107,101,0.9956786262173575
289,rates,107,83,1.080921907623926
290,risks,107,72,1.1426675035687315
291,sglt2,107,61,1.2146701649892329
292,pancreatic,106,50,1.3010299956639813
293,rate,106,82,1.0861861476162833
294,target,106,87,1.0604807473813815
295,stress,105,75,1.1249387366083
296,syndrome,105,67,1.1739251972991736
297,acute,104,67,1.1739251972991736
298,alone,104,71,1.1487416512809248
299,improvements,104,83,1.080921907623926
300,metabolism,103,80,1.0969100130080565
301,cell,102,61,1.2146701649892329
302,profile,102,85,1.0705810742857074
303,well,102,94,1.0268721464003012
304,recent,101,89,1.0506099933550872
305,effective,100,88,1.0555173278498313
306,fibrosis,100,43,1.3665315444204134
307,mitochondrial,100,44,1.3565473235138126
308,quality,100,63,1.2006594505464183
309,reporting,100,54,1.2676062401770316
310,estimated,99,82,1.0861861476162833
311,preclinical,99,74,1.1307682802690238
312,respectively,99,80,1.0969100130080565
313,available,98,84,1.0757207139381184
314,axis,98,70,1.1549019599857433
315,difference,98,73,1.136677139879544
316,glucagon,98,53,1.275724130399211
317,hazard,98,76,1.1191864077192086
318,increase,98,82,1.0861861476162833
319,insulinotropic,98,94,1.0268721464003012
320,provide,98,91,1.0409586076789064
321,systematic,98,77,1.1135092748275182
322,additional,97,78,1.1079053973095196
323,conditions,97,77,1.1135092748275182
324,dietary,97,52,1.2839966563652008
325,disorder,97,66,1.1804560644581314
326,glucose-dependent,97,94,1.0268721464003012
327,incretin,97,62,1.207608310501746
328,rather,97,79,1.1023729087095586
329,ratios,97,88,1.0555173278498313
330,yet,97,95,1.0222763947111522
331,activation,96,74,1.1307682802690238
332,approaches,96,86,1.0655015487564323
333,meta-analysis,96,66,1.1804560644581314
334,polypeptide,96,92,1.0362121726544447
335,pubmed,96,95,1.0222763947111522
336,year,96,59,1.2291479883578558
337,fasting,95,51,1.2924298239020637
338,increasing,95,88,1.0555173278498313
339,multiple,95,87,1.0604807473813815
340,progression,95,63,1.2006594505464183
341,intestinal,94,44,1.3565473235138126
342,receiving,94,62,1.207608310501746
343,regulation,94,75,1.1249387366083
344,system,94,84,1.0757207139381184
345,combined,93,71,1.1487416512809248
346,first,93,78,1.1079053973095196
347,nutritional,93,43,1.3665315444204134
348,promising,93,88,1.0555173278498313
349,three,93,76,1.1191864077192086
350,defined,92,83,1.080921907623926
351,diabetic,92,63,1.2006594505464183
352,orforglipron,92,19,1.721246399047171
353,practice,92,65,1.1870866433571445
354,heterogeneity,91,68,1.1674910872937636
355,relative,91,72,1.1426675035687315
356,2026,90,82,1.0861861476162833
357,appetite,90,60,1.2218487496163564
358,assess,90,84,1.0757207139381184
359,energy,90,60,1.2218487496163564
360,postoperative,90,36,1.4436974992327127
361,via,90,82,1.0861861476162833
362,need,89,85,1.0705810742857074
363,tissue,89,61,1.2146701649892329
364,associations,88,69,1.1611509092627448
365,burden,88,76,1.1191864077192086
366,improvement,88,63,1.2006594505464183
367,injury,88,58,1.2365720064370627
368,narrative,88,78,1.1079053973095196
369,prescribed,88,67,1.1739251972991736
370,women,88,43,1.3665315444204134
371,diseases,87,55,1.2596373105057561
372,matched,87,62,1.207608310501746
373,provides,87,83,1.080921907623926
374,composition,86,58,1.2365720064370627
375,diet,86,58,1.2365720064370627
376,period,86,65,1.1870866433571445
377,strategy,86,78,1.1079053973095196
378,functional,85,68,1.1674910872937636
379,important,85,78,1.1079053973095196
380,male,85,58,1.2365720064370627
381,median,85,57,1.2441251443275085
382,per,85,56,1.2518119729937995
383,week,85,41,1.3872161432802645
384,comorbidities,84,71,1.1487416512809248
385,due,84,76,1.1191864077192086
386,8,83,54,1.2676062401770316
387,acid,83,55,1.2596373105057561
388,analyzed,83,78,1.1079053973095196
389,characterized,83,79,1.1023729087095586
390,female,83,63,1.2006594505464183
391,g,83,54,1.2676062401770316
392,new,83,70,1.1549019599857433
393,pooled,83,47,1.3279021420642825
394,symptoms,83,57,1.2441251443275085
395,adjusted,82,60,1.2218487496163564
396,antidiabetic,82,42,1.3767507096020994
397,cohorts,82,68,1.1674910872937636
398,intervention,82,63,1.2006594505464183
399,status,82,62,1.207608310501746
400,access,81,50,1.3010299956639813
401,discontinuation,81,56,1.2518119729937995
402,independent,81,74,1.1307682802690238
403,obese,81,46,1.337242168318426
404,pathway,81,60,1.2218487496163564
405,pressure,81,46,1.337242168318426
406,relevant,81,74,1.1307682802690238
407,case,80,52,1.2839966563652008
408,several,80,75,1.1249387366083
409,24,79,47,1.3279021420642825
410,concerns,79,73,1.136677139879544
411,criteria,79,65,1.1870866433571445
412,e,79,48,1.3187587626244128
413,hf,79,14,1.853871964321762
414,monitoring,79,61,1.2146701649892329
415,similar,79,63,1.2006594505464183
416,unclear,79,79,1.1023729087095586
417,design,78,69,1.1611509092627448
418,homeostasis,78,60,1.2218487496163564
419,severe,78,55,1.2596373105057561
420,treatments,78,60,1.2218487496163564
421,perioperative,77,42,1.3767507096020994
422,suggests,77,71,1.1487416512809248
423,administration,76,62,1.207608310501746
424,approach,76,70,1.1549019599857433
425,l,76,33,1.4814860601221125
426,markers,76,54,1.2676062401770316
427,profiles,76,61,1.2146701649892329
428,regulatory,76,58,1.2365720064370627
429,2024,75,65,1.1870866433571445
430,cognitive,75,26,1.585026652029182
431,elevated,75,60,1.2218487496163564
432,literature,75,66,1.1804560644581314
433,meaningful,75,67,1.1739251972991736
434,pharmacotherapy,75,53,1.275724130399211
435,regression,75,71,1.1487416512809248
436,certainty,74,25,1.6020599913279623
437,death,74,47,1.3279021420642825
438,dulaglutide,74,33,1.4814860601221125
439,global,74,69,1.1611509092627448
440,bias,73,54,1.2676062401770316
441,plasma,73,49,1.3098039199714864
442,stroke,73,33,1.4814860601221125
443,t1d,73,17,1.7695510786217261
444,adherence,72,44,1.3565473235138126
445,older,72,47,1.3279021420642825
446,trinetx,72,69,1.1611509092627448
447,egfr,71,31,1.5086383061657274
448,embase,71,71,1.1487416512809248
449,followed,71,68,1.1674910872937636
450,related,71,65,1.1870866433571445
451,reports,71,44,1.3565473235138126
452,statistically,71,58,1.2365720064370627
453,targeting,71,63,1.2006594505464183
454,undergoing,71,43,1.3665315444204134
455,diagnosis,70,55,1.2596373105057561
456,distinct,70,62,1.207608310501746
457,medical,70,53,1.275724130399211
458,prior,70,53,1.275724130399211
459,received,70,55,1.2596373105057561
460,aged,69,60,1.2218487496163564
461,characteristics,69,61,1.2146701649892329
462,driven,69,66,1.1804560644581314
463,examined,69,62,1.207608310501746
464,hormone,69,51,1.2924298239020637
465,primarily,69,64,1.193820026016113
466,signals,69,44,1.3565473235138126
467,biomarkers,68,57,1.2441251443275085
468,composite,68,38,1.4202164033831899
469,exercise,68,38,1.4202164033831899
470,hfpef,68,19,1.721246399047171
471,inhibitor,68,46,1.337242168318426
472,dysfunction-associated,67,57,1.2441251443275085
473,include,67,57,1.2441251443275085
474,large,67,58,1.2365720064370627
475,level,67,45,1.3467874862246563
476,md,67,22,1.6575773191777938
477,mechanism,67,51,1.2924298239020637
478,remained,67,62,1.207608310501746
479,vascular,67,40,1.3979400086720377
480,comparative,66,53,1.275724130399211
481,healthcare,66,46,1.337242168318426
482,initiated,66,56,1.2518119729937995
483,parameters,66,57,1.2441251443275085
484,randomised,66,49,1.3098039199714864
485,supporting,66,61,1.2146701649892329
486,0,65,24,1.6197887582883939
487,anti-inflammatory,65,53,1.275724130399211
488,controls,65,46,1.337242168318426
489,eligible,65,56,1.2518119729937995
490,integrated,65,59,1.2291479883578558
491,often,65,61,1.2146701649892329
492,prescribing,65,32,1.494850021680094
493,prevention,65,39,1.408935392973501
494,pulmonary,65,26,1.585026652029182
495,searched,65,65,1.1870866433571445
496,selected,65,58,1.2365720064370627
497,subgroup,65,49,1.3098039199714864
498,underlying,65,60,1.2218487496163564
499,0.05,64,35,1.4559319556497243
500,af,64,11,1.9586073148417749
501,effectiveness,64,48,1.3187587626244128
502,glucose-lowering,64,48,1.3187587626244128
503,interval,64,59,1.2291479883578558
504,least,64,49,1.3098039199714864
505,physical,64,44,1.3565473235138126
506,active,63,57,1.2441251443275085
507,addition,63,56,1.2518119729937995
508,cvd,63,18,1.744727494896694
509,dipeptidyl,63,58,1.2365720064370627
510,factor,63,55,1.2596373105057561
511,min,63,33,1.4814860601221125
512,rcts,63,30,1.5228787452803376
513,specific,63,57,1.2441251443275085
514,surgical,63,43,1.3665315444204134
515,challenges,62,55,1.2596373105057561
516,modulation,62,55,1.2596373105057561
517,monotherapy,62,27,1.5686362358410126
518,revealed,62,53,1.275724130399211
519,translational,62,54,1.2676062401770316
520,approved,61,52,1.2839966563652008
521,compare,61,59,1.2291479883578558
522,comprehensive,61,55,1.2596373105057561
523,evaluation,61,53,1.275724130399211
524,hormones,61,37,1.431798275933005
525,intervals,61,59,1.2291479883578558
526,microbiota,61,34,1.4685210829577449
527,psychiatric,61,27,1.5686362358410126
528,targets,61,48,1.3187587626244128
529,7,60,45,1.3467874862246563
530,bone,60,26,1.585026652029182
531,demonstrate,60,57,1.2441251443275085
532,eating,60,29,1.537602002101044
533,event,60,48,1.3187587626244128
534,mash,60,16,1.7958800173440752
535,occurred,60,45,1.3467874862246563
536,oxidative,60,45,1.3467874862246563
537,patterns,60,47,1.3279021420642825
538,structural,60,41,1.3872161432802645
539,15,59,50,1.3010299956639813
540,classes,59,43,1.3665315444204134
541,contribute,59,52,1.2839966563652008
542,developed,59,54,1.2676062401770316
543,emerged,59,59,1.2291479883578558
544,largely,59,55,1.2596373105057561
545,leading,59,58,1.2365720064370627
546,lean,59,27,1.5686362358410126
547,longitudinal,59,46,1.337242168318426
548,obesity-related,59,42,1.3767507096020994
549,present,59,56,1.2518119729937995
550,range,59,42,1.3767507096020994
551,suggesting,59,57,1.2441251443275085
552,utilization,59,33,1.4814860601221125
553,adipose,58,42,1.3767507096020994
554,adolescents,58,21,1.6777807052660807
555,cholesterol,58,29,1.537602002101044
556,cotransporter-2,58,57,1.2441251443275085
557,database,58,52,1.2839966563652008
558,dpp4i,58,18,1.744727494896694
559,electronic,58,56,1.2518119729937995
560,exploratory,58,46,1.337242168318426
561,implications,58,53,1.275724130399211
562,ml,58,37,1.431798275933005
563,18,57,46,1.337242168318426
564,class,57,43,1.3665315444204134
565,cox,57,54,1.2676062401770316
566,dl,57,24,1.6197887582883939
567,endocrine,57,38,1.4202164033831899
568,four,57,52,1.2839966563652008
569,highlight,57,57,1.2441251443275085
570,impaired,57,50,1.3010299956639813
571,individual,57,54,1.2676062401770316
572,initiating,57,46,1.337242168318426
573,standard,57,44,1.3565473235138126
574,test,57,42,1.3767507096020994
575,approximately,56,48,1.3187587626244128
576,biological,56,45,1.3467874862246563
577,critical,56,51,1.2924298239020637
578,enhanced,56,50,1.3010299956639813
579,frequently,56,55,1.2596373105057561
580,growing,56,54,1.2676062401770316
581,guidelines,56,50,1.3010299956639813
582,interactions,56,47,1.3279021420642825
583,investigated,56,54,1.2676062401770316
584,reducing,56,50,1.3010299956639813
585,serum,56,40,1.3979400086720377
586,sleep,56,29,1.537602002101044
587,9,55,36,1.4436974992327127
588,different,55,49,1.3098039199714864
589,duration,55,45,1.3467874862246563
590,emptying,55,34,1.4685210829577449
591,endpoint,55,43,1.3665315444204134
592,endpoints,55,46,1.337242168318426
593,fatty,55,40,1.3979400086720377
594,found,55,46,1.337242168318426
595,incident,55,31,1.5086383061657274
596,linked,55,50,1.3010299956639813
597,small,55,47,1.3279021420642825
598,consistently,54,51,1.2924298239020637
599,given,54,50,1.3010299956639813
600,peptidase-4,54,50,1.3010299956639813
601,science,54,53,1.275724130399211
602,search,54,45,1.3467874862246563
603,sustained,54,49,1.3098039199714864
604,therefore,54,53,1.275724130399211
605,tolerability,54,37,1.431798275933005
606,weight-loss,54,38,1.4202164033831899
607,20,53,45,1.3467874862246563
608,50,53,42,1.3767507096020994
609,achieved,53,41,1.3872161432802645
610,c,53,25,1.6020599913279623
611,clinicaltrials,53,48,1.3187587626244128
612,dpp-4,53,28,1.5528419686577808
613,heterogeneous,53,49,1.3098039199714864
614,involving,53,52,1.2839966563652008
615,measures,53,48,1.3187587626244128
616,meta-analyses,53,44,1.3565473235138126
617,methods,53,49,1.3098039199714864
618,myocardial,53,40,1.3979400086720377
619,pain,53,31,1.5086383061657274
620,production,53,36,1.4436974992327127
621,scores,53,35,1.4559319556497243
622,severity,53,38,1.4202164033831899
623,sex,53,45,1.3467874862246563
624,shown,53,53,1.275724130399211
625,single,53,43,1.3665315444204134
626,subcutaneous,53,43,1.3665315444204134
627,alcohol,52,17,1.7695510786217261
628,balance,52,43,1.3665315444204134
629,causal,52,48,1.3187587626244128
630,comparisons,52,43,1.3665315444204134
631,context,52,48,1.3187587626244128
632,cotransporter,52,51,1.2924298239020637
633,daily,52,37,1.431798275933005
634,endothelial,52,25,1.6020599913279623
635,glycaemic,52,37,1.431798275933005
636,hypertension,52,39,1.408935392973501
637,influence,52,48,1.3187587626244128
638,receptors,52,31,1.5086383061657274
639,remodeling,52,37,1.431798275933005
640,residual,52,39,1.408935392973501
641,s,52,38,1.4202164033831899
642,show,52,50,1.3010299956639813
643,validation,52,44,1.3565473235138126
644,17,51,46,1.337242168318426
645,absolute,51,39,1.408935392973501
646,cochrane,51,43,1.3665315444204134
647,confirmed,51,47,1.3279021420642825
648,generally,51,48,1.3187587626244128
649,gov,51,46,1.337242168318426
650,highlights,51,51,1.2924298239020637
651,hypoglycemia,51,20,1.6989700043360187
652,improving,51,48,1.3187587626244128
653,moderate,51,44,1.3565473235138126
654,preoperative,51,29,1.537602002101044
655,prescription,51,34,1.4685210829577449
656,records,51,48,1.3187587626244128
657,sd,51,28,1.5528419686577808
658,steatotic,51,47,1.3279021420642825
659,structured,51,38,1.4202164033831899
660,targeted,51,45,1.3467874862246563
661,together,51,48,1.3187587626244128
662,0.0001,50,28,1.5528419686577808
663,address,50,46,1.337242168318426
664,cardiac,50,33,1.4814860601221125
665,complementary,50,45,1.3467874862246563
666,complex,50,47,1.3279021420642825
667,currently,50,44,1.3565473235138126
668,independently,50,46,1.337242168318426
669,inhibition,50,35,1.4559319556497243
670,protection,50,40,1.3979400086720377
671,report,50,42,1.3767507096020994
672,required,50,46,1.337242168318426
673,stage,50,27,1.5686362358410126
674,understanding,50,44,1.3565473235138126
675,vitro,50,37,1.431798275933005
676,web,50,48,1.3187587626244128
677,ad,49,14,1.853871964321762
678,advances,49,42,1.3767507096020994
679,concentrations,49,29,1.537602002101044
680,dementia,49,13,1.8860566476931633
681,evaluating,49,46,1.337242168318426
682,gain,49,36,1.4436974992327127
683,peripheral,49,36,1.4436974992327127
684,physiological,49,33,1.4814860601221125
685,points,49,31,1.5086383061657274
686,postprandial,49,22,1.6575773191777938
687,strong,49,35,1.4559319556497243
688,supports,49,47,1.3279021420642825
689,suppression,49,38,1.4202164033831899
690,according,48,43,1.3665315444204134
691,alongside,48,46,1.337242168318426
692,decline,48,39,1.408935392973501
693,determine,48,48,1.3187587626244128
694,establish,48,45,1.3467874862246563
695,less,48,43,1.3665315444204134
696,medline,48,47,1.3279021420642825
697,preserved,48,45,1.3467874862246563
698,proportion,48,36,1.4436974992327127
699,rats,48,23,1.6382721639824072
700,require,48,46,1.337242168318426
701,toward,48,44,1.3565473235138126
702,asthma,47,8,2.0969100130080562
703,considered,47,45,1.3467874862246563
704,day,47,33,1.4814860601221125
705,genetic,47,36,1.4436974992327127
706,gipr,47,16,1.7958800173440752
707,glp-1-based,47,28,1.5528419686577808
708,impairment,47,31,1.5086383061657274
709,induced,47,42,1.3767507096020994
710,january,47,46,1.337242168318426
711,june,47,46,1.337242168318426
712,percentage,47,33,1.4814860601221125
713,represent,47,46,1.337242168318426
714,selection,47,43,1.3665315444204134
715,60,46,31,1.5086383061657274
716,90,46,35,1.4559319556497243
717,brain,46,30,1.5228787452803376
718,discuss,46,40,1.3979400086720377
719,doses,46,34,1.4685210829577449
720,highly,46,41,1.3872161432802645
721,hospitalization,46,25,1.6020599913279623
722,immune,46,31,1.5086383061657274
723,investigation,46,43,1.3665315444204134
724,measured,46,44,1.3565473235138126
725,national,46,39,1.408935392973501
726,osa,46,9,2.0457574905606752
727,potentially,46,43,1.3665315444204134
728,prevalence,46,38,1.4202164033831899
729,recommendations,46,39,1.408935392973501
730,subgroups,46,33,1.4814860601221125
731,survey,46,28,1.5528419686577808
732,tolerance,46,33,1.4814860601221125
733,uncertain,46,42,1.3767507096020994
734,14,45,38,1.4202164033831899
735,2023,45,39,1.408935392973501
736,attenuated,45,42,1.3767507096020994
737,fraction,45,38,1.4202164033831899
738,importance,45,41,1.3872161432802645
739,increases,45,41,1.3872161432802645
740,limitations,45,40,1.3979400086720377
741,microbial,45,22,1.6575773191777938
742,modest,45,42,1.3767507096020994
743,phenotype,45,34,1.4685210829577449
744,produced,45,42,1.3767507096020994
745,properties,45,36,1.4436974992327127
746,proportional,45,44,1.3565473235138126
747,protective,45,40,1.3979400086720377
748,routine,45,41,1.3872161432802645
749,scopus,45,45,1.3467874862246563
750,widely,45,43,1.3665315444204134
751,comparison,44,37,1.431798275933005
752,delivery,44,28,1.5528419686577808
753,depression,44,20,1.6989700043360187
754,examine,44,43,1.3665315444204134
755,healthy,44,36,1.4436974992327127
756,interaction,44,34,1.4685210829577449
757,interpreted,44,43,1.3665315444204134
758,life,44,35,1.4559319556497243
759,likely,44,40,1.3979400086720377
760,medicine,44,36,1.4436974992327127
761,modification,44,37,1.431798275933005
762,pancreatitis,44,16,1.7958800173440752
763,represents,44,42,1.3767507096020994
764,reviews,44,32,1.494850021680094
765,robust,44,41,1.3872161432802645
766,sglt-2,44,19,1.721246399047171
767,survival,44,26,1.585026652029182
768,underwent,44,36,1.4436974992327127
769,cardiorenal,43,27,1.5686362358410126
770,december,43,39,1.408935392973501
771,estimates,43,28,1.5528419686577808
772,glp1-ra,43,11,1.9586073148417749
773,indirect,43,33,1.4814860601221125
774,known,43,41,1.3872161432802645
775,positive,43,36,1.4436974992327127
776,prevent,43,29,1.537602002101044
777,published,43,39,1.408935392973501
778,states,43,33,1.4814860601221125
779,sulfonylureas,43,29,1.537602002101044
780,vivo,43,32,1.494850021680094
781,atrial,42,23,1.6382721639824072
782,cellular,42,31,1.5086383061657274
783,comparable,42,36,1.4436974992327127
784,differ,42,40,1.3979400086720377
785,estimate,42,38,1.4202164033831899
786,examines,42,42,1.3767507096020994
787,existing,42,36,1.4436974992327127
788,highlighting,42,41,1.3872161432802645
789,hypothesis-generating,42,41,1.3872161432802645
790,multivariable,42,33,1.4814860601221125
791,offer,42,42,1.3767507096020994
792,persistent,42,30,1.5228787452803376
793,relationship,42,38,1.4202164033831899
794,skeletal,42,26,1.585026652029182
795,synthesis,42,30,1.5228787452803376
796,uacr,42,12,1.9208187539523751
797,value,42,36,1.4436974992327127
798,weekly,42,35,1.4559319556497243
799,accumulation,41,29,1.537602002101044
800,action,41,38,1.4202164033831899
801,cause,41,41,1.3872161432802645
802,comorbidity,41,34,1.4685210829577449
803,consumption,41,27,1.5686362358410126
804,morbidity,41,38,1.4202164033831899
805,pcos,41,10,2.0
806,standardized,41,34,1.4685210829577449
807,volume,41,24,1.6197887582883939
808,additionally,40,39,1.408935392973501
809,advanced,40,33,1.4814860601221125
810,aging,40,23,1.6382721639824072
811,agonism,40,24,1.6197887582883939
812,alternative,40,31,1.5086383061657274
813,cost,40,25,1.6020599913279623
814,cv,40,10,2.0
815,exhibited,40,32,1.494850021680094
816,favorable,40,35,1.4559319556497243
817,gaps,40,35,1.4559319556497243
818,help,40,36,1.4436974992327127
819,individualized,40,37,1.431798275933005
820,maintenance,40,29,1.537602002101044
821,optimal,40,33,1.4814860601221125
822,pediatric,40,20,1.6989700043360187
823,predominantly,40,35,1.4559319556497243
824,random-effects,40,39,1.408935392973501
825,recognized,40,39,1.408935392973501
826,retatrutide,40,16,1.7958800173440752
827,sglt2is,40,15,1.8239087409443189
828,shared,40,35,1.4559319556497243
829,signalling,40,27,1.5686362358410126
830,skin,40,18,1.744727494896694
831,stable,40,34,1.4685210829577449
832,systems,40,37,1.431798275933005
833,though,40,38,1.4202164033831899
834,β-cell,40,21,1.6777807052660807
835,100,39,28,1.5528419686577808
836,16,39,32,1.494850021680094
837,25,39,34,1.4685210829577449
838,adult,39,35,1.4559319556497243
839,background,39,33,1.4814860601221125
840,completed,39,33,1.4814860601221125
841,considerations,39,31,1.5086383061657274
842,ejection,39,32,1.494850021680094
843,met,39,32,1.494850021680094
844,once-weekly,39,27,1.5686362358410126
845,rapid,39,35,1.4559319556497243
846,recorded,39,25,1.6020599913279623
847,screening,39,31,1.5086383061657274
848,trajectories,39,24,1.6197887582883939
849,validated,39,35,1.4559319556497243
850,0.01,38,26,1.585026652029182
851,31,38,36,1.4436974992327127
852,40,38,31,1.5086383061657274
853,b,38,17,1.7695510786217261
854,beneficial,38,34,1.4685210829577449
855,circulating,38,23,1.6382721639824072
856,continued,38,30,1.5228787452803376
857,coronary,38,20,1.6989700043360187
858,cross-sectional,38,35,1.4559319556497243
859,dpp-4i,38,11,1.9586073148417749
860,essential,38,37,1.431798275933005
861,exenatide,38,24,1.6197887582883939
862,furthermore,38,36,1.4436974992327127
863,high-risk,38,32,1.494850021680094
864,history,38,26,1.585026652029182
865,hormonal,38,31,1.5086383061657274
866,hypoglycaemia,38,20,1.6989700043360187
867,incompletely,38,37,1.431798275933005
868,many,38,35,1.4559319556497243
869,mechanistically,38,36,1.4436974992327127
870,mmol,38,19,1.721246399047171
871,multidisciplinary,38,35,1.4559319556497243
872,naion,38,9,2.0457574905606752
873,procedures,38,28,1.5528419686577808
874,products,38,19,1.721246399047171
875,propose,38,37,1.431798275933005
876,release,38,24,1.6197887582883939
877,sema,38,8,2.0969100130080562
878,visceral,38,23,1.6382721639824072
879,1-year,37,18,1.744727494896694
880,11,37,32,1.494850021680094
881,21,37,33,1.4814860601221125
882,36,37,23,1.6382721639824072
883,biomarker,37,28,1.5528419686577808
884,broader,37,34,1.4685210829577449
885,capacity,37,30,1.5228787452803376
886,ckm,37,13,1.8860566476931633
887,comparing,37,36,1.4436974992327127
888,confounding,37,34,1.4685210829577449
889,d,37,23,1.6382721639824072
890,decrease,37,30,1.5228787452803376
891,directly,37,33,1.4814860601221125
892,experimental,37,33,1.4814860601221125
893,h,37,24,1.6197887582883939
894,i2,37,14,1.853871964321762
895,information,37,32,1.494850021680094
896,interest,37,36,1.4436974992327127
897,investigate,37,36,1.4436974992327127
898,neuropathy,37,21,1.6777807052660807
899,opioid,37,11,1.9586073148417749
900,particular,37,36,1.4436974992327127
901,plus,37,26,1.585026652029182
902,testing,37,32,1.494850021680094
903,tests,37,32,1.494850021680094
904,u,37,30,1.5228787452803376
905,0.83,36,32,1.494850021680094
906,27,36,32,1.494850021680094
907,90-day,36,16,1.7958800173440752
908,accompanied,36,34,1.4685210829577449
909,aims,36,35,1.4559319556497243
910,attention,36,35,1.4559319556497243
911,behavioral,36,26,1.585026652029182
912,candidate,36,31,1.5086383061657274
913,cases,36,28,1.5528419686577808
914,children,36,12,1.9208187539523751
915,commonly,36,34,1.4685210829577449
916,diagnosed,36,30,1.5228787452803376
917,dkd,36,10,2.0
918,explore,36,35,1.4559319556497243
919,formulations,36,26,1.585026652029182
920,managing,36,34,1.4685210829577449
921,now,36,35,1.4559319556497243
922,pd,36,9,2.0457574905606752
923,poorly,36,35,1.4559319556497243
924,precision,36,34,1.4685210829577449
925,relevance,36,35,1.4559319556497243
926,stability,36,28,1.5528419686577808
927,stratification,36,32,1.494850021680094
928,subsequent,36,33,1.4814860601221125
929,substantially,36,34,1.4685210829577449
930,suggested,36,31,1.5086383061657274
931,transformed,36,36,1.4436974992327127
932,urinary,36,23,1.6382721639824072
933,applied,35,33,1.4814860601221125
934,appropriate,35,33,1.4814860601221125
935,barriers,35,25,1.6020599913279623
936,beta,35,9,2.0457574905606752
937,biology,35,30,1.5228787452803376
938,calculated,35,35,1.4559319556497243
939,claims,35,32,1.494850021680094
940,contrast,35,35,1.4559319556497243
941,exert,35,33,1.4814860601221125
942,experienced,35,31,1.5086383061657274
943,feeding,35,16,1.7958800173440752
944,hazards,35,29,1.537602002101044
945,hrs,35,27,1.5686362358410126
946,implementation,35,31,1.5086383061657274
947,linking,35,34,1.4685210829577449
948,options,35,34,1.4685210829577449
949,peptides,35,21,1.6777807052660807
950,prevalent,35,35,1.4559319556497243
951,promote,35,34,1.4685210829577449
952,public,35,30,1.5228787452803376
953,serious,35,32,1.494850021680094
954,supplementation,35,21,1.6777807052660807
955,systematically,35,35,1.4559319556497243
956,thereby,35,32,1.494850021680094
957,understood,35,35,1.4559319556497243
958,visits,35,20,1.6989700043360187
959,warranted,35,33,1.4814860601221125
960,001,34,19,1.721246399047171
961,1.73,34,23,1.6382721639824072
962,2.4,34,19,1.721246399047171
963,65,34,19,1.721246399047171
964,adjunct,34,27,1.5686362358410126
965,antagonists,34,30,1.5228787452803376
966,cgm,34,11,1.9586073148417749
967,clinicians,34,29,1.537602002101044
968,conventional,34,27,1.5686362358410126
969,date,34,30,1.5228787452803376
970,derived,34,33,1.4814860601221125
971,dosing,34,26,1.585026652029182
972,excluded,34,33,1.4814860601221125
973,ischemic,34,22,1.6575773191777938
974,knowledge,34,26,1.585026652029182
975,notably,34,34,1.4685210829577449
976,number,34,33,1.4814860601221125
977,practical,34,34,1.4685210829577449
978,providing,34,32,1.494850021680094
979,stratified,34,31,1.5086383061657274
980,triple,34,21,1.6777807052660807
981,white,34,21,1.6777807052660807
982,35,33,26,1.585026652029182
983,aim,33,33,1.4814860601221125
984,altered,33,32,1.494850021680094
985,area,33,28,1.5528419686577808
986,binding,33,17,1.7695510786217261
987,chinese,33,22,1.6575773191777938
988,comparator,33,27,1.5686362358410126
989,condition,33,30,1.5228787452803376
990,continuous,33,32,1.494850021680094
991,costs,33,17,1.7695510786217261
992,counseling,33,21,1.6777807052660807
993,focus,33,33,1.4814860601221125
994,frequent,33,31,1.5086383061657274
995,growth,33,26,1.585026652029182
996,insights,33,32,1.494850021680094
997,integrating,33,32,1.494850021680094
998,mediated,33,30,1.5228787452803376
999,nutrition,33,25,1.6020599913279623
1000,previously,33,28,1.5528419686577808
1001,short-term,33,23,1.6382721639824072
1002,six,33,30,1.5228787452803376
1003,strength,33,22,1.6575773191777938
1004,summarizes,33,32,1.494850021680094
1005,000,32,21,1.6777807052660807
1006,2022,32,29,1.537602002101044
1007,28,32,30,1.5228787452803376
1008,achieving,32,24,1.6197887582883939
1009,acids,32,24,1.6197887582883939
1010,aes,32,13,1.8860566476931633
1011,barrier,32,24,1.6197887582883939
1012,collectively,32,32,1.494850021680094
1013,complication,32,31,1.5086383061657274
1014,confirm,32,32,1.494850021680094
1015,coverage,32,16,1.7958800173440752
1016,dm,32,10,2.0
1017,enrolled,32,28,1.5528419686577808
1018,fibrillation,32,22,1.6575773191777938
1019,guide,32,32,1.494850021680094
1020,intolerance,32,19,1.721246399047171
1021,landscape,32,27,1.5686362358410126
1022,larger,32,31,1.5086383061657274
1023,living,32,23,1.6382721639824072
1024,mbs,32,10,2.0
1025,men,32,17,1.7695510786217261
1026,metabolites,32,18,1.744727494896694
1027,pathophysiology,32,29,1.537602002101044
1028,percent,32,24,1.6197887582883939
1029,persistence,32,16,1.7958800173440752
1030,prespecified,32,27,1.5686362358410126
1031,promoting,32,30,1.5228787452803376
1032,regain,32,19,1.721246399047171
1033,resulting,32,31,1.5086383061657274
1034,side,32,28,1.5528419686577808
1035,specifically,32,31,1.5086383061657274
1036,steatohepatitis,32,26,1.585026652029182
1037,timing,32,26,1.585026652029182
1038,13,31,26,1.585026652029182
1039,addressing,31,30,1.5228787452803376
1040,adjustment,31,24,1.6197887582883939
1041,along,31,26,1.585026652029182
1042,better,31,30,1.5228787452803376
1043,conclusions,31,27,1.5686362358410126
1044,enhance,31,28,1.5528419686577808
1045,faers,31,13,1.8860566476931633
1046,frequency,31,25,1.6020599913279623
1047,general,31,29,1.537602002101044
1048,guidance,31,24,1.6197887582883939
1049,hemoglobin,31,30,1.5228787452803376
1050,hyperglycemia,31,21,1.6777807052660807
1051,infarction,31,26,1.585026652029182
1052,mouse,31,24,1.6197887582883939
1053,noise,31,7,2.154901959985743
1054,pharmacotherapies,31,23,1.6382721639824072
1055,post,31,21,1.6777807052660807
1056,predicted,31,22,1.6575773191777938
1057,recently,31,29,1.537602002101044
1058,recurrence,31,13,1.8860566476931633
1059,shift,31,31,1.5086383061657274
1060,therapeutics,31,26,1.585026652029182
1061,32,30,19,1.721246399047171
1062,article,30,30,1.5228787452803376
1063,basal,30,23,1.6382721639824072
1064,behaviors,30,21,1.6777807052660807
1065,circumference,30,22,1.6575773191777938
1066,cis,30,30,1.5228787452803376
1067,collaborative,30,30,1.5228787452803376
1068,define,30,29,1.537602002101044
1069,diverse,30,30,1.5228787452803376
1070,emergency,30,24,1.6197887582883939
1071,especially,30,29,1.537602002101044
1072,fewer,30,26,1.585026652029182
1073,five,30,24,1.6197887582883939
1074,glomerular,30,26,1.585026652029182
1075,greatest,30,27,1.5686362358410126
1076,inception,30,30,1.5228787452803376
1077,infection,30,23,1.6382721639824072
1078,initial,30,28,1.5528419686577808
1079,insurance,30,21,1.6777807052660807
1080,isolated,30,20,1.6989700043360187
1081,modulating,30,29,1.537602002101044
1082,ongoing,30,25,1.6020599913279623
1083,pharmacologic,30,27,1.5686362358410126
1084,pmos,30,6,2.221848749616356
1085,possible,30,29,1.537602002101044
1086,program,30,22,1.6575773191777938
1087,reproductive,30,14,1.853871964321762
1088,requires,30,28,1.5528419686577808
1089,screened,30,28,1.5528419686577808
1090,steatosis,30,22,1.6575773191777938
1091,synthesizes,30,30,1.5228787452803376
1092,triglycerides,30,22,1.6575773191777938
1093,unique,30,26,1.585026652029182
1094,various,30,29,1.537602002101044
1095,vitamin,30,15,1.8239087409443189
1096,0.89,29,24,1.6197887582883939
1097,0.94,29,25,1.6020599913279623
1098,22,29,27,1.5686362358410126
1099,actions,29,27,1.5686362358410126
1100,adiposity,29,27,1.5686362358410126
1101,articles,29,19,1.721246399047171
1102,basis,29,26,1.585026652029182
1103,bioavailability,29,18,1.744727494896694
1104,camp,29,17,1.7695510786217261
1105,causality,29,26,1.585026652029182
1106,challenge,29,28,1.5528419686577808
1107,demonstrating,29,28,1.5528419686577808
1108,documented,29,19,1.721246399047171
1109,exendin-4,29,15,1.8239087409443189
1110,experience,29,27,1.5686362358410126
1111,flow,29,21,1.6777807052660807
1112,ghrelin,29,13,1.8860566476931633
1113,indicating,29,28,1.5528419686577808
1114,integration,29,27,1.5686362358410126
1115,led,29,25,1.6020599913279623
1116,like,29,26,1.585026652029182
1117,meal,29,17,1.7695510786217261
1118,nausea,29,27,1.5686362358410126
1119,pathological,29,23,1.6382721639824072
1120,performance,29,21,1.6777807052660807
1121,prospero,29,29,1.537602002101044
1122,randomly,29,18,1.744727494896694
1123,rapidly,29,29,1.537602002101044
1124,rare,29,27,1.5686362358410126
1125,receive,29,25,1.6020599913279623
1126,reward,29,20,1.6989700043360187
1127,series,29,17,1.7695510786217261
1128,supported,29,26,1.585026652029182
1129,terms,29,25,1.6020599913279623
1130,variable,29,26,1.585026652029182
1131,0.97,28,26,1.585026652029182
1132,alzheimer's,28,17,1.7695510786217261
1133,anti-obesity,28,18,1.744727494896694
1134,atherosclerotic,28,22,1.6575773191777938
1135,become,28,28,1.5528419686577808
1136,behavior,28,20,1.6989700043360187
1137,best,28,17,1.7695510786217261
1138,compounds,28,16,1.7958800173440752
1139,contemporary,28,24,1.6197887582883939
1140,content,28,19,1.721246399047171
1141,databases,28,26,1.585026652029182
1142,diagnostic,28,23,1.6382721639824072
1143,dialysis,28,11,1.9586073148417749
1144,dysregulation,28,26,1.585026652029182
1145,engagement,28,20,1.6989700043360187
1146,evidence-based,28,27,1.5686362358410126
1147,high-fat,28,18,1.744727494896694
1148,indicate,28,28,1.5528419686577808
1149,indicated,28,28,1.5528419686577808
1150,logistic,28,27,1.5686362358410126
1151,neuroprotective,28,20,1.6989700043360187
1152,normal,28,19,1.721246399047171
1153,oa,28,6,2.221848749616356
1154,offers,28,28,1.5528419686577808
1155,online,28,20,1.6989700043360187
1156,pairs,28,20,1.6989700043360187
1157,progressive,28,27,1.5686362358410126
1158,provided,28,27,1.5686362358410126
1159,recommend,28,12,1.9208187539523751
1160,reference,28,19,1.721246399047171
1161,registered,28,27,1.5686362358410126
1162,rgc,28,4,2.3979400086720375
1163,roles,28,23,1.6382721639824072
1164,significance,28,26,1.585026652029182
1165,state,28,24,1.6197887582883939
1166,traditional,28,25,1.6020599913279623
1167,treating,28,23,1.6382721639824072
1168,unknown,28,28,1.5528419686577808
1169,work,28,25,1.6020599913279623
1170,worldwide,28,27,1.5686362358410126
1171,0.91,27,25,1.6020599913279623
1172,72,27,16,1.7958800173440752
1173,aspiration,27,12,1.9208187539523751
1174,broad,27,23,1.6382721639824072
1175,complete,27,23,1.6382721639824072
1176,excess,27,25,1.6020599913279623
1177,extend,27,26,1.585026652029182
1178,extracted,27,27,1.5686362358410126
1179,features,27,26,1.585026652029182
1180,fusion,27,11,1.9586073148417749
1181,glp1r,27,13,1.8860566476931633
1182,hair,27,5,2.3010299956639813
1183,hypothesis,27,22,1.6575773191777938
1184,incremental,27,19,1.721246399047171
1185,indications,27,27,1.5686362358410126
1186,integrity,27,23,1.6382721639824072
1187,involved,27,27,1.5686362358410126
1188,linear,27,26,1.585026652029182
1189,mental,27,17,1.7695510786217261
1190,microbiome,27,16,1.7958800173440752
1191,mild,27,22,1.6575773191777938
1192,million,27,20,1.6989700043360187
1193,m²,27,18,1.744727494896694
1194,neural,27,19,1.721246399047171
1195,objective,27,27,1.5686362358410126
1196,optic,27,14,1.853871964321762
1197,phenotypes,27,24,1.6197887582883939
1198,physicians,27,13,1.8860566476931633
1199,proposed,27,25,1.6020599913279623
1200,psychological,27,14,1.853871964321762
1201,questions,27,26,1.585026652029182
1202,revision,27,13,1.8860566476931633
1203,ror,27,9,2.0457574905606752
1204,social,27,22,1.6575773191777938
1205,sodium,27,21,1.6777807052660807
1206,statistical,27,24,1.6197887582883939
1207,thyroid,27,17,1.7695510786217261
1208,0.76,26,22,1.6575773191777938
1209,a1c,26,22,1.6575773191777938
1210,acdf,26,5,2.3010299956639813
1211,adjunctive,26,21,1.6777807052660807
1212,administered,26,24,1.6197887582883939
1213,amylin,26,12,1.9208187539523751
1214,anxiety,26,15,1.8239087409443189
1215,assigned,26,16,1.7958800173440752
1216,ca2,26,6,2.221848749616356
1217,cannot,26,26,1.585026652029182
1218,dedicated,26,23,1.6382721639824072
1219,delayed,26,22,1.6575773191777938
1220,disparities,26,10,2.0
1221,double-blind,26,26,1.585026652029182
1222,downstream,26,23,1.6382721639824072
1223,dynamics,26,23,1.6382721639824072
1224,endogenous,26,19,1.721246399047171
1225,evolving,26,25,1.6020599913279623
1226,filtration,26,24,1.6197887582883939
1227,fully,26,25,1.6020599913279623
1228,hhf,26,6,2.221848749616356
1229,indicates,26,23,1.6382721639824072
1230,library,26,25,1.6020599913279623
1231,mainly,26,25,1.6020599913279623
1232,marked,26,25,1.6020599913279623
1233,neuropsychiatric,26,12,1.9208187539523751
1234,platform,26,20,1.6989700043360187
1235,poor,26,26,1.585026652029182
1236,prediabetes,26,12,1.9208187539523751
1237,promise,26,25,1.6020599913279623
1238,rationale,26,24,1.6197887582883939
1239,requirements,26,21,1.6777807052660807
1240,respiratory,26,19,1.721246399047171
1241,safe,26,25,1.6020599913279623
1242,scale,26,24,1.6197887582883939
1243,setting,26,24,1.6197887582883939
1244,0.69,25,24,1.6197887582883939
1245,0.79,25,24,1.6197887582883939
1246,0.87,25,22,1.6575773191777938
1247,19,25,23,1.6382721639824072
1248,75,25,21,1.6777807052660807
1249,80,25,22,1.6575773191777938
1250,albuminuria,25,17,1.7695510786217261
1251,analysed,25,22,1.6575773191777938
1252,aud,25,6,2.221848749616356
1253,bile,25,17,1.7695510786217261
1254,carcinoma,25,21,1.6777807052660807
1255,characterize,25,24,1.6197887582883939
1256,clarify,25,24,1.6197887582883939
1257,collected,25,24,1.6197887582883939
1258,combining,25,22,1.6575773191777938
1259,contributes,25,24,1.6197887582883939
1260,cost-effectiveness,25,9,2.0457574905606752
1261,demographic,25,21,1.6777807052660807
1262,expanding,25,24,1.6197887582883939
1263,fda,25,20,1.6989700043360187
1264,focused,25,25,1.6020599913279623
1265,functions,25,23,1.6382721639824072
1266,grade,25,21,1.6777807052660807
1267,highest,25,22,1.6575773191777938
1268,hospital,25,22,1.6575773191777938
1269,inclusion,25,24,1.6197887582883939
1270,insufficient,25,25,1.6020599913279623
1271,joint,25,17,1.7695510786217261
1272,kaplan-meier,25,20,1.6989700043360187
1273,lack,25,24,1.6197887582883939
1274,longer,25,24,1.6197887582883939
1275,markedly,25,25,1.6020599913279623
1276,mediation,25,17,1.7695510786217261
1277,medicare,25,14,1.853871964321762
1278,modern,25,16,1.7958800173440752
1279,optimization,25,22,1.6575773191777938
1280,preliminary,25,24,1.6197887582883939
1281,prescriptions,25,17,1.7695510786217261
1282,presence,25,19,1.721246399047171
1283,recovery,25,18,1.744727494896694
1284,repair,25,16,1.7958800173440752
1285,rygb,25,9,2.0457574905606752
1286,select,25,14,1.853871964321762
1287,settings,25,21,1.6777807052660807
1288,signal,25,19,1.721246399047171
1289,spectrum,25,21,1.6777807052660807
1290,superior,25,24,1.6197887582883939
1291,taking,25,18,1.744727494896694
1292,thus,25,24,1.6197887582883939
1293,withdrawal,25,15,1.8239087409443189
1294,0.88,24,18,1.744727494896694
1295,48,24,17,1.7695510786217261
1296,achieve,24,24,1.6197887582883939
1297,alterations,24,18,1.744727494896694
1298,amino,24,16,1.7958800173440752
1299,approval,24,21,1.6777807052660807
1300,covariates,24,22,1.6575773191777938
1301,critically,24,24,1.6197887582883939
1302,db,24,6,2.221848749616356
1303,eligibility,24,17,1.7695510786217261
1304,emphasis,24,24,1.6197887582883939
1305,epithelial,24,15,1.8239087409443189
1306,esge,24,1,3.0
1307,focusing,24,24,1.6197887582883939
1308,gap,24,23,1.6382721639824072
1309,hs,24,5,2.3010299956639813
1310,ii,24,21,1.6777807052660807
1311,iii,24,22,1.6575773191777938
1312,imaging,24,21,1.6777807052660807
1313,inform,24,21,1.6777807052660807
1314,initiators,24,14,1.853871964321762
1315,inverse,24,21,1.6777807052660807
1316,islets,24,13,1.8860566476931633
1317,males,24,17,1.7695510786217261
1318,mechanical,24,12,1.9208187539523751
1319,mineralocorticoid,24,24,1.6197887582883939
1320,negative,24,22,1.6575773191777938
1321,neuroinflammation,24,17,1.7695510786217261
1322,newly,24,18,1.744727494896694
1323,nlrp3,24,18,1.744727494896694
1324,obstructive,24,24,1.6197887582883939
1325,pharmacology,24,22,1.6575773191777938
1326,pharmacovigilance,24,18,1.744727494896694
1327,presented,24,23,1.6382721639824072
1328,prisma,24,23,1.6382721639824072
1329,probability,24,22,1.6575773191777938
1330,pyy,24,15,1.8239087409443189
1331,record,24,22,1.6575773191777938
1332,reduces,24,23,1.6382721639824072
1333,reflect,24,23,1.6382721639824072
1334,remission,24,12,1.9208187539523751
1335,selective,24,21,1.6777807052660807
1336,serve,24,23,1.6382721639824072
1337,sg,24,8,2.0969100130080562
1338,subsequently,24,24,1.6197887582883939
1339,treat,24,24,1.6197887582883939
1340,trend,24,24,1.6197887582883939
1341,uptake,24,15,1.8239087409443189
1342,vomiting,24,22,1.6575773191777938
1343,waist,24,20,1.6989700043360187
1344,water,24,12,1.9208187539523751
1345,worsening,24,15,1.8239087409443189
1346,0.74,23,21,1.6777807052660807
1347,0.81,23,21,1.6777807052660807
1348,0.85,23,21,1.6777807052660807
1349,1.5,23,19,1.721246399047171
1350,2021,23,21,1.6777807052660807
1351,26,23,16,1.7958800173440752
1352,affect,23,23,1.6382721639824072
1353,affects,23,23,1.6382721639824072
1354,airway,23,14,1.853871964321762
1355,ampk,23,19,1.721246399047171
1356,analogs,23,13,1.8860566476931633
1357,application,23,22,1.6575773191777938
1358,artery,23,15,1.8239087409443189
1359,candidates,23,20,1.6989700043360187
1360,challenging,23,23,1.6382721639824072
1361,comprising,23,23,1.6382721639824072
1362,conclusion,23,23,1.6382721639824072
1363,consequences,23,19,1.721246399047171
1364,docking,23,15,1.8239087409443189
1365,ecnoglutide,23,4,2.3979400086720375
1366,esgena,23,1,3.0
1367,evaluates,23,23,1.6382721639824072
1368,family,23,19,1.721246399047171
1369,females,23,16,1.7958800173440752
1370,field,23,18,1.744727494896694
1371,finally,23,22,1.6575773191777938
1372,fmt,23,6,2.221848749616356
1373,foods,23,16,1.7958800173440752
1374,free,23,19,1.721246399047171
1375,gdm,23,2,2.6989700043360187
1376,glycated,23,23,1.6382721639824072
1377,ibd,23,4,2.3979400086720375
1378,indication,23,18,1.744727494896694
1379,induce,23,23,1.6382721639824072
1380,injectable,23,15,1.8239087409443189
1381,link,23,21,1.6777807052660807
1382,long-acting,23,19,1.721246399047171
1383,memory,23,11,1.9586073148417749
1384,modulate,23,23,1.6382721639824072
1385,option,23,22,1.6575773191777938
1386,pathophysiological,23,22,1.6575773191777938
1387,predictors,23,18,1.744727494896694
1388,pseudarthrosis,23,7,2.154901959985743
1389,recommendation,23,4,2.3979400086720375
1390,requiring,23,22,1.6575773191777938
1391,sarcopenia,23,15,1.8239087409443189
1392,site,23,17,1.7695510786217261
1393,suicide,23,5,2.3010299956639813
1394,temporal,23,22,1.6575773191777938
1395,translation,23,20,1.6989700043360187
1396,utility,23,22,1.6575773191777938
1397,ventricular,23,13,1.8860566476931633
1398,wound,23,15,1.8239087409443189
1399,0.5,22,16,1.7958800173440752
1400,0.70,22,20,1.6989700043360187
1401,0.82,22,18,1.744727494896694
1402,0.90,22,21,1.6777807052660807
1403,0.92,22,20,1.6989700043360187
1404,0.96,22,20,1.6989700043360187
1405,0.98,22,19,1.721246399047171
1406,29,22,22,1.6575773191777938
1407,33,22,16,1.7958800173440752
1408,45,22,18,1.744727494896694
1409,6-month,22,11,1.9586073148417749
1410,70,22,17,1.7695510786217261
1411,animal,22,19,1.721246399047171
1412,ascvd,22,8,2.0969100130080562
1413,asian,22,14,1.853871964321762
1414,assessments,22,20,1.6989700043360187
1415,bodyweight,22,7,2.154901959985743
1416,china,22,11,1.9586073148417749
1417,conceptual,22,19,1.721246399047171
1418,concomitant,22,21,1.6777807052660807
1419,curve,22,20,1.6989700043360187
1420,decisions,22,19,1.721246399047171
1421,demonstrates,22,22,1.6575773191777938
1422,department,22,17,1.7695510786217261
1423,descriptive,22,19,1.721246399047171
1424,detected,22,19,1.721246399047171
1425,detection,22,12,1.9208187539523751
1426,discontinued,22,17,1.7695510786217261
1427,disease-modifying,22,19,1.721246399047171
1428,distribution,22,19,1.721246399047171
1429,disturbances,22,20,1.6989700043360187
1430,driver,22,22,1.6575773191777938
1431,dyslipidemia,22,21,1.6777807052660807
1432,employed,22,21,1.6777807052660807
1433,examining,22,21,1.6777807052660807
1434,expenditure,22,16,1.7958800173440752
1435,finerenone,22,11,1.9586073148417749
1436,formulation,22,15,1.8239087409443189
1437,full,22,16,1.7958800173440752
1438,genes,22,16,1.7958800173440752
1439,iqr,22,10,2.0
1440,largest,22,18,1.744727494896694
1441,lead,22,19,1.721246399047171
1442,manner,22,20,1.6989700043360187
1443,march,22,22,1.6575773191777938
1444,medicines,22,10,2.0
1445,mixed,22,22,1.6575773191777938
1446,modulators,22,20,1.6989700043360187
1447,moreover,22,20,1.6989700043360187
1448,musculoskeletal,22,15,1.8239087409443189
1449,neurons,22,10,2.0
1450,non-users,22,16,1.7958800173440752
1451,perspective,22,21,1.6777807052660807
1452,pharmacokinetic,22,16,1.7958800173440752
1453,pharmacokinetics,22,17,1.7695510786217261
1454,placebo-controlled,22,22,1.6575773191777938
1455,potent,22,22,1.6575773191777938
1456,preserving,22,21,1.6777807052660807
1457,processes,22,20,1.6989700043360187
1458,prolonged,22,18,1.744727494896694
1459,qaly,22,6,2.221848749616356
1460,reactions,22,9,2.0457574905606752
1461,resulted,22,22,1.6575773191777938
1462,reviewed,22,22,1.6575773191777938
1463,sample,22,21,1.6777807052660807
1464,satiety,22,13,1.8860566476931633
1465,sglt-2i,22,8,2.0969100130080562
1466,suppressed,22,20,1.6989700043360187
1467,synthesized,22,21,1.6777807052660807
1468,systolic,22,17,1.7695510786217261
1469,thresholds,22,16,1.7958800173440752
1470,transcriptional,22,16,1.7958800173440752
1471,transplant,22,12,1.9208187539523751
1472,tzp,22,3,2.5228787452803374
1473,western,22,19,1.721246399047171
1474,0.56,21,21,1.6777807052660807
1475,0.65,21,20,1.6989700043360187
1476,0.72,21,17,1.7695510786217261
1477,0.93,21,20,1.6989700043360187
1478,abnormalities,21,18,1.744727494896694
1479,adequate,21,20,1.6989700043360187
1480,affected,21,20,1.6989700043360187
1481,beta-cell,21,9,2.0457574905606752
1482,c-peptide,21,13,1.8860566476931633
1483,classification,21,15,1.8239087409443189
1484,classified,21,18,1.744727494896694
1485,concentration,21,19,1.721246399047171
1486,contributing,21,21,1.6777807052660807
1487,crosstalk,21,17,1.7695510786217261
1488,cumulative,21,19,1.721246399047171
1489,deficiency,21,14,1.853871964321762
1490,degradation,21,18,1.744727494896694
1491,demographics,21,21,1.6777807052660807
1492,designed,21,21,1.6777807052660807
1493,determinants,21,18,1.744727494896694
1494,digital,21,10,2.0
1495,education,21,18,1.744727494896694
1496,even,21,20,1.6989700043360187
1497,gcgr,21,6,2.221848749616356
1498,glp-1s,21,6,2.221848749616356
1499,guideline,21,14,1.853871964321762
1500,high-dose,21,9,2.0457574905606752
1501,hoc,21,14,1.853871964321762
1502,identifying,21,20,1.6989700043360187
1503,improves,21,21,1.6777807052660807
1504,inconsistent,21,21,1.6777807052660807
1505,integrates,21,20,1.6989700043360187
1506,interpretation,21,19,1.721246399047171
1507,investigations,21,19,1.721246399047171
1508,knee,21,12,1.9208187539523751
1509,lipoprotein,21,11,1.9586073148417749
1510,make,21,12,1.9208187539523751
1511,micronutrient,21,10,2.0
1512,newer,21,20,1.6989700043360187
1513,off-label,21,14,1.853871964321762
1514,optimize,21,20,1.6989700043360187
1515,pathology,21,17,1.7695510786217261
1516,predictive,21,12,1.9208187539523751
1517,pwh,21,5,2.3010299956639813
1518,r,21,14,1.853871964321762
1519,random,21,18,1.744727494896694
1520,sedation,21,6,2.221848749616356
1521,small-molecule,21,14,1.853871964321762
1522,smd,21,7,2.154901959985743
1523,summarize,21,21,1.6777807052660807
1524,suppressing,21,21,1.6777807052660807
1525,tool,21,21,1.6777807052660807
1526,tools,21,21,1.6777807052660807
1527,tumor,21,14,1.853871964321762
1528,visual,21,8,2.0969100130080562
1529,0.02,20,16,1.7958800173440752
1530,0.1,20,16,1.7958800173440752
1531,0.52,20,18,1.744727494896694
1532,0.73,20,19,1.721246399047171
1533,2020,20,19,1.721246399047171
1534,52,20,14,1.853871964321762
1535,abundance,20,17,1.7695510786217261
1536,agent,20,18,1.744727494896694
1537,akt,20,16,1.7958800173440752
1538,assessing,20,19,1.721246399047171
1539,average,20,17,1.7695510786217261
1540,balanced,20,19,1.721246399047171
1541,beneficiaries,20,5,2.3010299956639813
1542,codes,20,17,1.7695510786217261
1543,component,20,19,1.721246399047171
1544,components,20,18,1.744727494896694
1545,consensus,20,13,1.8860566476931633
1546,containing,20,16,1.7958800173440752
1547,corresponding,20,19,1.721246399047171
1548,damage,20,18,1.744727494896694
1549,describe,20,20,1.6989700043360187
1550,differentiation,20,13,1.8860566476931633
1551,discussed,20,18,1.744727494896694
1552,domains,20,17,1.7695510786217261
1553,drive,20,20,1.6989700043360187
1554,durable,20,18,1.744727494896694
1555,end,20,19,1.721246399047171
1556,enhancing,20,18,1.744727494896694
1557,epigenetic,20,13,1.8860566476931633
1558,escalation,20,15,1.8239087409443189
1559,fi,20,2,2.6989700043360187
1560,final,20,19,1.721246399047171
1561,generated,20,19,1.721246399047171
1562,glp1-ras,20,8,2.0969100130080562
1563,informed,20,18,1.744727494896694
1564,kinase,20,17,1.7695510786217261
1565,method,20,16,1.7958800173440752
1566,metrics,20,13,1.8860566476931633
1567,modified,20,13,1.8860566476931633
1568,neurodegenerative,20,14,1.853871964321762
1569,osteoarthritis,20,17,1.7695510786217261
1570,paradigm,20,19,1.721246399047171
1571,partially,20,19,1.721246399047171
1572,peak,20,15,1.8239087409443189
1573,ph,20,5,2.3010299956639813
1574,pregnancy,20,11,1.9586073148417749
1575,process,20,19,1.721246399047171
1576,raised,20,20,1.6989700043360187
1577,rd,20,8,2.0969100130080562
1578,recurrent,20,18,1.744727494896694
1579,relatively,20,20,1.6989700043360187
1580,stimulation,20,13,1.8860566476931633
1581,studied,20,20,1.6989700043360187
1582,tested,20,19,1.721246399047171
1583,thiazolidinediones,20,14,1.853871964321762
1584,tissues,20,15,1.8239087409443189
1585,training,20,13,1.8860566476931633
1586,variability,20,18,1.744727494896694
1587,variables,20,16,1.7958800173440752
1588,yielded,20,20,1.6989700043360187
1589,0.57,19,19,1.721246399047171
1590,0.67,19,18,1.744727494896694
1591,0.77,19,19,1.721246399047171
1592,aesthetic,19,6,2.221848749616356
1593,affecting,19,19,1.721246399047171
1594,anterior,19,16,1.7958800173440752
1595,apnea,19,18,1.744727494896694
1596,appears,19,18,1.744727494896694
1597,center,19,14,1.853871964321762
1598,cerebrovascular,19,13,1.8860566476931633
1599,clear,19,18,1.744727494896694
1600,comparators,19,15,1.8239087409443189
1601,contribution,19,17,1.7695510786217261
1602,core,19,17,1.7695510786217261
1603,delay,19,17,1.7695510786217261
1604,discovery,19,14,1.853871964321762
1605,dpn,19,3,2.5228787452803374
1606,effectively,19,18,1.744727494896694
1607,eight,19,19,1.721246399047171
1608,emphasizing,19,19,1.721246399047171
1609,encompassing,19,19,1.721246399047171
1610,endoscopy,19,6,2.221848749616356
1611,favourable,19,18,1.744727494896694
1612,gastrectomy,19,14,1.853871964321762
1613,hcc,19,8,2.0969100130080562
1614,hemodynamic,19,16,1.7958800173440752
1615,humans,19,15,1.8239087409443189
1616,inhibitory,19,18,1.744727494896694
1617,july,19,18,1.744727494896694
1618,laboratory,19,18,1.744727494896694
1619,leptin,19,14,1.853871964321762
1620,long,19,18,1.744727494896694
1621,low-grade,19,19,1.721246399047171
1622,lowering,19,18,1.744727494896694
1623,measurement,19,15,1.8239087409443189
1624,media,19,13,1.8860566476931633
1625,metabolomic,19,9,2.0457574905606752
1626,mitigate,19,18,1.744727494896694
1627,mm,19,10,2.0
1628,nearly,19,18,1.744727494896694
1629,new-user,19,18,1.744727494896694
1630,non-diabetic,19,13,1.8860566476931633
1631,nutrient,19,15,1.8239087409443189
1632,obtained,19,18,1.744727494896694
1633,offering,19,19,1.721246399047171
1634,oud,19,6,2.221848749616356
1635,oxygen,19,12,1.9208187539523751
1636,part,19,16,1.7958800173440752
1637,partial,19,16,1.7958800173440752
1638,pattern,19,18,1.744727494896694
1639,policy,19,16,1.7958800173440752
1640,preferred,19,18,1.744727494896694
1641,preservation,19,19,1.721246399047171
1642,priorities,19,19,1.721246399047171
1643,procedure,19,16,1.7958800173440752
1644,product,19,15,1.8239087409443189
1645,publication,19,14,1.853871964321762
1646,quantitative,19,19,1.721246399047171
1647,size,19,19,1.721246399047171
1648,symptom,19,13,1.8860566476931633
1649,tubular,19,6,2.221848749616356
1650,unchanged,19,18,1.744727494896694
1651,united,19,16,1.7958800173440752
1652,vary,19,18,1.744727494896694
1653,0.4,18,16,1.7958800173440752
1654,0.53,18,16,1.7958800173440752
1655,0.75,18,17,1.7695510786217261
1656,0.95,18,17,1.7695510786217261
1657,46,18,17,1.7695510786217261
1658,absence,18,18,1.744727494896694
1659,account,18,18,1.744727494896694
1660,act,18,17,1.7695510786217261
1661,additive,18,15,1.8239087409443189
1662,appeared,18,15,1.8239087409443189
1663,around,18,17,1.7695510786217261
1664,arthroplasty,18,15,1.8239087409443189
1665,bowel,18,8,2.0969100130080562
1666,breast,18,9,2.0457574905606752
1667,calcium,18,17,1.7695510786217261
1668,cardioprotective,18,12,1.9208187539523751
1669,cervical,18,7,2.154901959985743
1670,communication,18,14,1.853871964321762
1671,compound,18,10,2.0
1672,confer,18,18,1.744727494896694
1673,developing,18,17,1.7695510786217261
1674,enteroendocrine,18,14,1.853871964321762
1675,expected,18,16,1.7958800173440752
1676,experiments,18,16,1.7958800173440752
1677,explored,18,18,1.744727494896694
1678,exposed,18,14,1.853871964321762
1679,expressed,18,12,1.9208187539523751
1680,fecal,18,12,1.9208187539523751
1681,gene,18,16,1.7958800173440752
1682,glargine,18,8,2.0969100130080562
1683,hscrp,18,4,2.3979400086720375
1684,https,18,16,1.7958800173440752
1685,icosema,18,3,2.5228787452803374
1686,infusion,18,8,2.0969100130080562
1687,international,18,18,1.744727494896694
1688,main,18,18,1.744727494896694
1689,methodological,18,16,1.7958800173440752
1690,mi,18,5,2.3010299956639813
1691,mrna,18,13,1.8860566476931633
1692,next-generation,18,16,1.7958800173440752
1693,occurring,18,18,1.744727494896694
1694,outline,18,18,1.744727494896694
1695,ovary,18,14,1.853871964321762
1696,phenotyping,18,16,1.7958800173440752
1697,physiology,18,14,1.853871964321762
1698,pk,18,8,2.0969100130080562
1699,play,18,18,1.744727494896694
1700,preventing,18,17,1.7695510786217261
1701,processing,18,12,1.9208187539523751
1702,profiling,18,14,1.853871964321762
1703,programs,18,17,1.7695510786217261
1704,proteins,18,17,1.7695510786217261
1705,readmission,18,12,1.9208187539523751
1706,regimen,18,11,1.9586073148417749
1707,replacement,18,18,1.744727494896694
1708,restriction,18,13,1.8860566476931633
1709,retention,18,15,1.8239087409443189
1710,retinopathy,18,9,2.0457574905606752
1711,showing,18,18,1.744727494896694
1712,similarly,18,17,1.7695510786217261
1713,sleeve,18,15,1.8239087409443189
1714,smi,18,3,2.5228787452803374
1715,socioeconomic,18,11,1.9586073148417749
1716,substance,18,14,1.853871964321762
1717,survodutide,18,5,2.3010299956639813
1718,synthesize,18,18,1.744727494896694
1719,tka,18,4,2.3979400086720375
1720,trajectory,18,15,1.8239087409443189
1721,utilized,18,17,1.7695510786217261
1722,values,18,18,1.744727494896694
1723,weighting,18,16,1.7958800173440752
1724,0.60,17,17,1.7695510786217261
1725,0.86,17,16,1.7958800173440752
1726,1.00,17,15,1.8239087409443189
1727,2019,17,10,2.0
1728,23,17,14,1.853871964321762
1729,3.0,17,12,1.9208187539523751
1730,47,17,16,1.7958800173440752
1731,63,17,17,1.7695510786217261
1732,add-on,17,12,1.9208187539523751
1733,age-related,17,14,1.853871964321762
1734,analytical,17,11,1.9586073148417749
1735,august,17,17,1.7695510786217261
1736,biliary,17,4,2.3979400086720375
1737,bioactive,17,12,1.9208187539523751
1738,cancers,17,11,1.9586073148417749
1739,causes,17,16,1.7958800173440752
1740,cirrhosis,17,14,1.853871964321762
1741,combine,17,5,2.3010299956639813
1742,confirmation,17,17,1.7695510786217261
1743,convergence,17,15,1.8239087409443189
1744,crossover,17,16,1.7958800173440752
1745,depressive,17,9,2.0457574905606752
1746,dermatologic,17,9,2.0457574905606752
1747,described,17,17,1.7695510786217261
1748,diet-induced,17,15,1.8239087409443189
1749,dr,17,4,2.3979400086720375
1750,dysphagia,17,7,2.154901959985743
1751,economic,17,9,2.0457574905606752
1752,ed,17,8,2.0969100130080562
1753,empagliflozin,17,7,2.154901959985743
1754,endoscopic,17,12,1.9208187539523751
1755,equitable,17,14,1.853871964321762
1756,gi,17,9,2.0457574905606752
1757,hepatocellular,17,16,1.7958800173440752
1758,hospitalisation,17,8,2.0969100130080562
1759,identifier,17,15,1.8239087409443189
1760,il-6,17,13,1.8860566476931633
1761,infections,17,12,1.9208187539523751
1762,injection,17,10,2.0
1763,learning,17,12,1.9208187539523751
1764,lines,17,12,1.9208187539523751
1765,little,17,17,1.7695510786217261
1766,lost,17,13,1.8860566476931633
1767,lung,17,8,2.0969100130080562
1768,macrophages,17,5,2.3010299956639813
1769,mazdutide,17,5,2.3010299956639813
1770,medicaid,17,6,2.221848749616356
1771,minimal,17,17,1.7695510786217261
1772,panel,17,10,2.0
1773,past,17,17,1.7695510786217261
1774,pathogenesis,17,17,1.7695510786217261
1775,pivotal,17,15,1.8239087409443189
1776,pka,17,10,2.0
1777,practices,17,12,1.9208187539523751
1778,prediction,17,13,1.8860566476931633
1779,priority,17,14,1.853871964321762
1780,pro-inflammatory,17,15,1.8239087409443189
1781,progress,17,17,1.7695510786217261
1782,promotes,17,17,1.7695510786217261
1783,recognition,17,15,1.8239087409443189
1784,reflux,17,10,2.0
1785,regimens,17,12,1.9208187539523751
1786,reveal,17,17,1.7695510786217261
1787,reverse,17,13,1.8860566476931633
1788,samples,17,15,1.8239087409443189
1789,satisfaction,17,7,2.154901959985743
1790,score-matched,17,15,1.8239087409443189
1791,shows,17,17,1.7695510786217261
1792,sirt1,17,11,1.9586073148417749
1793,stiffness,17,11,1.9586073148417749
1794,strongly,17,17,1.7695510786217261
1795,suicidality,17,9,2.0457574905606752
1796,transplantation,17,13,1.8860566476931633
1797,venous,17,8,2.0969100130080562
1798,washout,17,12,1.9208187539523751
1799,yy,17,13,1.8860566476931633
1800,0.3,16,13,1.8860566476931633
1801,0.45,16,14,1.853871964321762
1802,0.54,16,15,1.8239087409443189
1803,0.84,16,14,1.853871964321762
1804,1.0,16,14,1.853871964321762
1805,1.7,16,14,1.853871964321762
1806,2.5,16,10,2.0
1807,34,16,10,2.0
1808,37,16,13,1.8860566476931633
1809,41,16,13,1.8860566476931633
1810,42,16,16,1.7958800173440752
1811,54,16,14,1.853871964321762
1812,abca1,16,3,2.5228787452803374
1813,adenocarcinoma,16,5,2.3010299956639813
1814,alter,16,16,1.7958800173440752
1815,appear,16,16,1.7958800173440752
1816,areas,16,15,1.8239087409443189
1817,assays,16,14,1.853871964321762
1818,auc,16,10,2.0
1819,base,16,16,1.7958800173440752
1820,bidirectional,16,15,1.8239087409443189
1821,cessation,16,12,1.9208187539523751
1822,characterised,16,15,1.8239087409443189
1823,considering,16,16,1.7958800173440752
1824,conversely,16,15,1.8239087409443189
1825,correlated,16,11,1.9586073148417749
1826,craving,16,11,1.9586073148417749
1827,decision-making,16,15,1.8239087409443189
1828,deficiencies,16,11,1.9586073148417749
1829,diastolic,16,13,1.8860566476931633
1830,differential,16,15,1.8239087409443189
1831,disrupted,16,15,1.8239087409443189
1832,dpp4is,16,7,2.154901959985743
1833,ethical,16,7,2.154901959985743
1834,exhibit,16,15,1.8239087409443189
1835,expert,16,12,1.9208187539523751
1836,ferroptosis,16,5,2.3010299956639813
1837,finding,16,16,1.7958800173440752
1838,fluid,16,9,2.0457574905606752
1839,glp1ra,16,5,2.3010299956639813
1840,haemoglobin,16,14,1.853871964321762
1841,hip,16,11,1.9586073148417749
1842,homa-ir,16,9,2.0457574905606752
1843,identification,16,14,1.853871964321762
1844,immunometabolic,16,12,1.9208187539523751
1845,implicated,16,15,1.8239087409443189
1846,importantly,16,16,1.7958800173440752
1847,islet,16,9,2.0457574905606752
1848,links,16,16,1.7958800173440752
1849,magnitude,16,15,1.8239087409443189
1850,month,16,11,1.9586073148417749
1851,nad,16,7,2.154901959985743
1852,nervous,16,16,1.7958800173440752
1853,neurological,16,12,1.9208187539523751
1854,neuronal,16,12,1.9208187539523751
1855,nine,16,16,1.7958800173440752
1856,nt-probnp,16,7,2.154901959985743
1857,observations,16,13,1.8860566476931633
1858,october,16,14,1.853871964321762
1859,ocular,16,7,2.154901959985743
1860,onset,16,13,1.8860566476931633
1861,organ,16,12,1.9208187539523751
1862,osteoporosis,16,7,2.154901959985743
1863,periods,16,16,1.7958800173440752
1864,persisted,16,14,1.853871964321762
1865,personalized,16,15,1.8239087409443189
1866,pharmaceuticals,16,8,2.0969100130080562
1867,pharmacy,16,6,2.221848749616356
1868,pioglitazone,16,9,2.0457574905606752
1869,polycystic,16,13,1.8860566476931633
1870,polysaccharides,16,7,2.154901959985743
1871,pr,16,2,2.6989700043360187
1872,presents,16,14,1.853871964321762
1873,previous,16,15,1.8239087409443189
1874,produce,16,15,1.8239087409443189
1875,questionnaire,16,15,1.8239087409443189
1876,ranging,16,16,1.7958800173440752
1877,rat,16,8,2.0969100130080562
1878,regulate,16,16,1.7958800173440752
1879,regulating,16,15,1.8239087409443189
1880,relationships,16,15,1.8239087409443189
1881,repurposed,16,10,2.0
1882,resmetirom,16,10,2.0
1883,responsiveness,16,10,2.0
1884,restricted,16,14,1.853871964321762
1885,result,16,16,1.7958800173440752
1886,rise,16,15,1.8239087409443189
1887,second,16,15,1.8239087409443189
1888,sequence,16,14,1.853871964321762
1889,seven,16,16,1.7958800173440752
1890,short,16,16,1.7958800173440752
1891,sites,16,14,1.853871964321762
1892,still,16,16,1.7958800173440752
1893,strongest,16,16,1.7958800173440752
1894,surveillance,16,16,1.7958800173440752
1895,synergistic,16,14,1.853871964321762
1896,threshold,16,14,1.853871964321762
1897,trends,16,16,1.7958800173440752
1898,types,16,15,1.8239087409443189
1899,uk,16,14,1.853871964321762
1900,uncertainty,16,16,1.7958800173440752
1901,upper,16,11,1.9586073148417749
1902,variants,16,10,2.0
1903,weight-related,16,15,1.8239087409443189
1904,window,16,13,1.8860566476931633
1905,0.04,15,12,1.9208187539523751
1906,0.47,15,15,1.8239087409443189
1907,0.50,15,14,1.853871964321762
1908,0.55,15,14,1.853871964321762
1909,0.59,15,15,1.8239087409443189
1910,0.61,15,15,1.8239087409443189
1911,0.7,15,13,1.8860566476931633
1912,0.78,15,14,1.853871964321762
1913,05,15,9,2.0457574905606752
1914,1.8,15,14,1.853871964321762
1915,1000,15,8,2.0969100130080562
1916,120,15,11,1.9586073148417749
1917,43,15,14,1.853871964321762
1918,49,15,14,1.853871964321762
1919,adequately,15,14,1.853871964321762
1920,adolescent,15,10,2.0
1921,aggregation,15,7,2.154901959985743
1922,ahi,15,4,2.3979400086720375
1923,anthropometric,15,11,1.9586073148417749
1924,april,15,15,1.8239087409443189
1925,arrhythmia,15,5,2.3010299956639813
1926,bacterial,15,6,2.221848749616356
1927,black,15,5,2.3010299956639813
1928,bypass,15,13,1.8860566476931633
1929,cardiovascular-kidney-metabolic,15,12,1.9208187539523751
1930,certain,15,14,1.853871964321762
1931,closely,15,15,1.8239087409443189
1932,cns,15,8,2.0969100130080562
1933,colonic,15,11,1.9586073148417749
1934,combinations,15,12,1.9208187539523751
1935,competing,15,9,2.0457574905606752
1936,compounded,15,7,2.154901959985743
1937,consideration,15,15,1.8239087409443189
1938,coordinated,15,13,1.8860566476931633
1939,crc,15,2,2.6989700043360187
1940,cyclic,15,9,2.0457574905606752
1941,discharge,15,6,2.221848749616356
1942,dynamic,15,13,1.8860566476931633
1943,er,15,6,2.221848749616356
1944,esophageal,15,3,2.5228787452803374
1945,expanded,15,15,1.8239087409443189
1946,feasibility,15,8,2.0969100130080562
1947,february,15,15,1.8239087409443189
1948,foundational,15,12,1.9208187539523751
1949,fractures,15,10,2.0
1950,genetically,15,9,2.0457574905606752
1951,gld,15,3,2.5228787452803374
1952,google,15,15,1.8239087409443189
1953,gut-brain,15,9,2.0457574905606752
1954,hidradenitis,15,12,1.9208187539523751
1955,hispanic,15,6,2.221848749616356
1956,hypoglycemic,15,11,1.9586073148417749
1957,hypothalamic,15,11,1.9586073148417749
1958,ibs,15,2,2.6989700043360187
1959,influences,15,14,1.853871964321762
1960,inpatient,15,9,2.0457574905606752
1961,intensification,15,8,2.0969100130080562
1962,ketoacidosis,15,11,1.9586073148417749
1963,lacking,15,15,1.8239087409443189
1964,landmark,15,12,1.9208187539523751
1965,large-scale,15,14,1.853871964321762
1966,local,15,13,1.8860566476931633
1967,macrophage,15,7,2.154901959985743
1968,magnetic,15,15,1.8239087409443189
1969,measurements,15,15,1.8239087409443189
1970,meet,15,15,1.8239087409443189
1971,nationwide,15,15,1.8239087409443189
1972,nf-κb,15,11,1.9586073148417749
1973,occur,15,15,1.8239087409443189
1974,opportunities,15,14,1.853871964321762
1975,parallel,15,15,1.8239087409443189
1976,patient-reported,15,8,2.0969100130080562
1977,phentermine,15,8,2.0969100130080562
1978,phosphorylation,15,12,1.9208187539523751
1979,predictor,15,11,1.9586073148417749
1980,producing,15,15,1.8239087409443189
1981,protocol,15,13,1.8860566476931633
1982,psychosocial,15,11,1.9586073148417749
1983,publications,15,14,1.853871964321762
1984,quantified,15,15,1.8239087409443189
1985,rebound,15,4,2.3979400086720375
1986,recipients,15,8,2.0969100130080562
1987,regardless,15,11,1.9586073148417749
1988,reprogramming,15,13,1.8860566476931633
1989,resonance,15,14,1.853871964321762
1990,restoring,15,14,1.853871964321762
1991,reviewers,15,15,1.8239087409443189
1992,right,15,7,2.154901959985743
1993,scientific,15,13,1.8860566476931633
1994,set,15,12,1.9208187539523751
1995,sex-specific,15,8,2.0969100130080562
1996,si,15,3,2.5228787452803374
1997,stages,15,14,1.853871964321762
1998,success,15,15,1.8239087409443189
1999,summary,15,14,1.853871964321762
2000,suppurativa,15,12,1.9208187539523751
2001,switching,15,7,2.154901959985743
2002,thrombosis,15,11,1.9586073148417749
2003,tnf-α,15,12,1.9208187539523751
2004,transient,15,14,1.853871964321762
2005,transition,15,13,1.8860566476931633
2006,understand,15,15,1.8239087409443189
2007,upregulated,15,12,1.9208187539523751
2008,upstream,15,14,1.853871964321762
2009,variation,15,14,1.853871964321762
2010,woman,15,14,1.853871964321762
2011,0.00001,14,4,2.3979400086720375
2012,0.58,14,14,1.853871964321762
2013,0.62,14,11,1.9586073148417749
2014,0.66,14,13,1.8860566476931633
2015,1.31,14,13,1.8860566476931633
2016,1.4,14,13,1.8860566476931633
2017,44,14,13,1.8860566476931633
2018,67,14,11,1.9586073148417749
2019,abdominal,14,8,2.0969100130080562
2020,ability,14,14,1.853871964321762
2021,absorption,14,11,1.9586073148417749
2022,advice,14,2,2.6989700043360187
2023,analogues,14,11,1.9586073148417749
2024,animals,14,9,2.0457574905606752
2025,annual,14,9,2.0457574905606752
2026,another,14,12,1.9208187539523751
2027,attenuation,14,12,1.9208187539523751
2028,awareness,14,10,2.0
2029,axes,14,11,1.9586073148417749
2030,ba,14,3,2.5228787452803374
2031,between-group,14,11,1.9586073148417749
2032,billion,14,8,2.0969100130080562
2033,capture,14,13,1.8860566476931633
2034,caution,14,12,1.9208187539523751
2035,cautiously,14,14,1.853871964321762
2036,cavi,14,2,2.6989700043360187
2037,comprised,14,14,1.853871964321762
2038,concern,14,14,1.853871964321762
2039,concurrent,14,12,1.9208187539523751
2040,consequently,14,14,1.853871964321762
2041,cost-effective,14,8,2.0969100130080562
2042,cp,14,2,2.6989700043360187
2043,crp,14,7,2.154901959985743
2044,da,14,3,2.5228787452803374
2045,deaths,14,10,2.0
2046,declined,14,11,1.9586073148417749
2047,decreasing,14,10,2.0
2048,definitive,14,12,1.9208187539523751
2049,dependence,14,5,2.3010299956639813
2050,dermatology,14,7,2.154901959985743
2051,determined,14,14,1.853871964321762
2052,develop,14,12,1.9208187539523751
2053,device,14,12,1.9208187539523751
2054,disproportionality,14,10,2.0
2055,disruption,14,13,1.8860566476931633
2056,dose-dependent,14,12,1.9208187539523751
2057,driving,14,14,1.853871964321762
2058,ea,14,2,2.6989700043360187
2059,epidemiological,14,12,1.9208187539523751
2060,evaluations,14,11,1.9586073148417749
2061,evoke,14,4,2.3979400086720375
2062,excessive,14,14,1.853871964321762
2063,expand,14,14,1.853871964321762
2064,facial,14,6,2.221848749616356
2065,facilitate,14,14,1.853871964321762
2066,fda-approved,14,9,2.0457574905606752
2067,fracture,14,6,2.221848749616356
2068,frailty,14,7,2.154901959985743
2069,frameworks,14,12,1.9208187539523751
2070,generation,14,11,1.9586073148417749
2071,high-quality,14,13,1.8860566476931633
2072,hippocampal,14,6,2.221848749616356
2073,hold,14,8,2.0969100130080562
2074,hospitalizations,14,11,1.9586073148417749
2075,imbalance,14,12,1.9208187539523751
2076,inadequate,14,9,2.0457574905606752
2077,inflammasome,14,13,1.8860566476931633
2078,initially,14,14,1.853871964321762
2079,intensive,14,13,1.8860566476931633
2080,intermittent,14,9,2.0457574905606752
2081,limit,14,14,1.853871964321762
2082,maintained,14,13,1.8860566476931633
2083,maintaining,14,14,1.853871964321762
2084,mediators,14,10,2.0
2085,microvascular,14,11,1.9586073148417749
2086,modestly,14,14,1.853871964321762
2087,modifications,14,13,1.8860566476931633
2088,mol,14,9,2.0457574905606752
2089,motivation,14,7,2.154901959985743
2090,mr,14,4,2.3979400086720375
2091,natural,14,11,1.9586073148417749
2092,needs,14,13,1.8860566476931633
2093,neurohormonal,14,8,2.0969100130080562
2094,obesity-associated,14,12,1.9208187539523751
2095,ovarian,14,11,1.9586073148417749
2096,partly,14,14,1.853871964321762
2097,permeability,14,9,2.0457574905606752
2098,postmenopausal,14,6,2.221848749616356
2099,probiotic,14,6,2.221848749616356
2100,pronounced,14,13,1.8860566476931633
2101,randomization,14,12,1.9208187539523751
2102,ranking,14,10,2.0
2103,reactive,14,13,1.8860566476931633
2104,regulator,14,13,1.8860566476931633
2105,repeated,14,14,1.853871964321762
2106,resolution,14,12,1.9208187539523751
2107,restoration,14,10,2.0
2108,rising,14,14,1.853871964321762
2109,salivary,14,4,2.3979400086720375
2110,scholar,14,14,1.853871964321762
2111,senescence,14,7,2.154901959985743
2112,separate,14,14,1.853871964321762
2113,sizes,14,14,1.853871964321762
2114,sources,14,12,1.9208187539523751
2115,species,14,13,1.8860566476931633
2116,sr,14,2,2.6989700043360187
2117,statins,14,11,1.9586073148417749
2118,stigma,14,9,2.0457574905606752
2119,stimulate,14,13,1.8860566476931633
2120,structure,14,11,1.9586073148417749
2121,suicidal,14,7,2.154901959985743
2122,superiority,14,10,2.0
2123,suppress,14,13,1.8860566476931633
2124,techniques,14,12,1.9208187539523751
2125,testosterone,14,5,2.3010299956639813
2126,tha,14,4,2.3979400086720375
2127,throughout,14,14,1.853871964321762
2128,triglyceride,14,12,1.9208187539523751
2129,vulnerability,14,10,2.0
2130,young,14,9,2.0457574905606752
2131,younger,14,11,1.9586073148417749
2132,0.002,13,11,1.9586073148417749
2133,0.34,13,13,1.8860566476931633
2134,0.44,13,13,1.8860566476931633
2135,0.46,13,11,1.9586073148417749
2136,0.6,13,9,2.0457574905606752
2137,0.68,13,13,1.8860566476931633
2138,0.99,13,11,1.9586073148417749
2139,1.09,13,8,2.0969100130080562
2140,1.14,13,12,1.9208187539523751
2141,1.16,13,11,1.9586073148417749
2142,12-month,13,12,1.9208187539523751
2143,180,13,11,1.9586073148417749
2144,2010,13,12,1.9208187539523751
2145,2016,13,12,1.9208187539523751
2146,2018,13,11,1.9586073148417749
2147,30-day,13,9,2.0457574905606752
2148,365,13,7,2.154901959985743
2149,5.7,13,11,1.9586073148417749
2150,61,13,13,1.8860566476931633
2151,64,13,12,1.9208187539523751
2152,68,13,12,1.9208187539523751
2153,ablation,13,7,2.154901959985743
2154,accessibility,13,13,1.8860566476931633
2155,activated,13,9,2.0457574905606752
2156,activating,13,10,2.0
2157,adjusting,13,12,1.9208187539523751
2158,adjuvant,13,7,2.154901959985743
2159,ahr,13,4,2.3979400086720375
2160,already,13,12,1.9208187539523751
2161,alt,13,7,2.154901959985743
2162,apoptosis,13,12,1.9208187539523751
2163,argue,13,13,1.8860566476931633
2164,arthritis,13,7,2.154901959985743
2165,bacteria,13,10,2.0
2166,bc,13,2,2.6989700043360187
2167,bipolar,13,6,2.221848749616356
2168,blockade,13,9,2.0457574905606752
2169,c3m,13,1,3.0
2170,clearance,13,9,2.0457574905606752
2171,clinic,13,11,1.9586073148417749
2172,cm,13,6,2.221848749616356
2173,community,13,7,2.154901959985743
2174,consider,13,13,1.8860566476931633
2175,constrained,13,13,1.8860566476931633
2176,contents,13,9,2.0457574905606752
2177,cornerstone,13,13,1.8860566476931633
2178,correction,13,9,2.0457574905606752
2179,cravings,13,7,2.154901959985743
2180,decades,13,13,1.8860566476931633
2181,differed,13,13,1.8860566476931633
2182,discusses,13,13,1.8860566476931633
2183,domain,13,9,2.0457574905606752
2184,durability,13,13,1.8860566476931633
2185,dysbiosis,13,10,2.0
2186,elective,13,9,2.0457574905606752
2187,emulation,13,12,1.9208187539523751
2188,enhances,13,13,1.8860566476931633
2189,enrichment,13,12,1.9208187539523751
2190,ensure,13,12,1.9208187539523751
2191,equations,13,8,2.0969100130080562
2192,era,13,12,1.9208187539523751
2193,european,13,10,2.0
2194,exclusion,13,13,1.8860566476931633
2195,explain,13,13,1.8860566476931633
2196,fold,13,9,2.0457574905606752
2197,foot,13,3,2.5228787452803374
2198,formation,13,11,1.9586073148417749
2199,gerd,13,6,2.221848749616356
2200,glp-1a,13,4,2.3979400086720375
2201,healing,13,10,2.0
2202,hiv,13,6,2.221848749616356
2203,ideation,13,7,2.154901959985743
2204,identifies,13,13,1.8860566476931633
2205,il-1β,13,11,1.9586073148417749
2206,impair,13,13,1.8860566476931633
2207,includes,13,12,1.9208187539523751
2208,institute,13,11,1.9586073148417749
2209,involvement,13,13,1.8860566476931633
2210,i²,13,8,2.0969100130080562
2211,later,13,10,2.0
2212,lipids,13,12,1.9208187539523751
2213,lps,13,9,2.0457574905606752
2214,making,13,12,1.9208187539523751
2215,maximum,13,11,1.9586073148417749
2216,measure,13,11,1.9586073148417749
2217,metabolically,13,13,1.8860566476931633
2218,mlf,13,1,3.0
2219,molecules,13,11,1.9586073148417749
2220,mood,13,7,2.154901959985743
2221,multicenter,13,13,1.8860566476931633
2222,multicentre,13,13,1.8860566476931633
2223,nerve,13,11,1.9586073148417749
2224,new-onset,13,9,2.0457574905606752
2225,nm,13,9,2.0457574905606752
2226,non-glp-1,13,10,2.0
2227,objectives,13,13,1.8860566476931633
2228,occurrence,13,10,2.0
2229,once-daily,13,10,2.0
2230,ophthalmic,13,10,2.0
2231,organs,13,9,2.0457574905606752
2232,output,13,13,1.8860566476931633
2233,overview,13,13,1.8860566476931633
2234,pairwise,13,9,2.0457574905606752
2235,pathogenic,13,10,2.0
2236,perceived,13,6,2.221848749616356
2237,perspectives,13,12,1.9208187539523751
2238,pi3k,13,11,1.9586073148417749
2239,powered,13,12,1.9208187539523751
2240,precise,13,12,1.9208187539523751
2241,pressures,13,10,2.0
2242,probiotics,13,9,2.0457574905606752
2243,procedural,13,7,2.154901959985743
2244,projected,13,6,2.221848749616356
2245,proportions,13,10,2.0
2246,proposes,13,13,1.8860566476931633
2247,prr,13,5,2.3010299956639813
2248,psoriasis,13,9,2.0457574905606752
2249,question,13,13,1.8860566476931633
2250,race,13,12,1.9208187539523751
2251,raising,13,13,1.8860566476931633
2252,register,13,13,1.8860566476931633
2253,representing,13,13,1.8860566476931633
2254,respondents,13,6,2.221848749616356
2255,retained,13,13,1.8860566476931633
2256,retinal,13,8,2.0969100130080562
2257,rigorous,13,13,1.8860566476931633
2258,robustness,13,11,1.9586073148417749
2259,seen,13,13,1.8860566476931633
2260,sensing,13,9,2.0457574905606752
2261,sequencing,13,11,1.9586073148417749
2262,simulations,13,11,1.9586073148417749
2263,simultaneously,13,13,1.8860566476931633
2264,sitagliptin,13,5,2.3010299956639813
2265,started,13,10,2.0
2266,statements,13,9,2.0457574905606752
2267,stronger,13,13,1.8860566476931633
2268,subjects,13,7,2.154901959985743
2269,suboptimal,13,13,1.8860566476931633
2270,subtypes,13,10,2.0
2271,successfully,13,13,1.8860566476931633
2272,sustain,13,12,1.9208187539523751
2273,synthetic,13,9,2.0457574905606752
2274,tailored,13,13,1.8860566476931633
2275,unit,13,11,1.9586073148417749
2276,varied,13,13,1.8860566476931633
2277,view,13,12,1.9208187539523751
2278,virtual,13,6,2.221848749616356
2279,visit,13,11,1.9586073148417749
2280,warrants,13,13,1.8860566476931633
2281,wc,13,3,2.5228787452803374
2282,widespread,13,13,1.8860566476931633
2283,z,13,4,2.3979400086720375
2284,0.37,12,11,1.9586073148417749
2285,0.48,12,10,2.0
2286,0.63,12,12,1.9208187539523751
2287,0.71,12,10,2.0
2288,0.8,12,9,2.0457574905606752
2289,1.04,12,12,1.9208187539523751
2290,1.19,12,11,1.9586073148417749
2291,1.2,12,12,1.9208187539523751
2292,10-year,12,7,2.154901959985743
2293,12-week,12,9,2.0457574905606752
2294,2-year,12,9,2.0457574905606752
2295,2.0,12,11,1.9586073148417749
2296,2.1,12,11,1.9586073148417749
2297,200,12,10,2.0
2298,2013,12,10,2.0
2299,4.0,12,12,1.9208187539523751
2300,66,12,12,1.9208187539523751
2301,79,12,10,2.0
2302,academic,12,11,1.9586073148417749
2303,acceptable,12,12,1.9208187539523751
2304,accounted,12,10,2.0
2305,activities,12,10,2.0
2306,adaptive,12,10,2.0
2307,adiponectin,12,8,2.0969100130080562
2308,advancing,12,10,2.0
2309,ae,12,9,2.0457574905606752
2310,ai,12,4,2.3979400086720375
2311,alpha,12,2,2.6989700043360187
2312,antagonism,12,8,2.0969100130080562
2313,antipsychotic,12,6,2.221848749616356
2314,aom,12,2,2.6989700043360187
2315,applications,12,9,2.0457574905606752
2316,availability,12,12,1.9208187539523751
2317,biochemical,12,11,1.9586073148417749
2318,biologically,12,12,1.9208187539523751
2319,brca1,12,1,3.0
2320,bw,12,3,2.5228787452803374
2321,caloric,12,11,1.9586073148417749
2322,captured,12,12,1.9208187539523751
2323,careful,12,12,1.9208187539523751
2324,centers,12,7,2.154901959985743
2325,choice,12,10,2.0
2326,circuits,12,7,2.154901959985743
2327,co-transporter,12,12,1.9208187539523751
2328,coded,12,9,2.0457574905606752
2329,complicated,12,11,1.9586073148417749
2330,conditional,12,6,2.221848749616356
2331,considerable,12,12,1.9208187539523751
2332,consumed,12,7,2.154901959985743
2333,continuum,12,11,1.9586073148417749
2334,coupling,12,7,2.154901959985743
2335,course,12,10,2.0
2336,covered,12,7,2.154901959985743
2337,cycle,12,11,1.9586073148417749
2338,deposition,12,11,1.9586073148417749
2339,describes,12,12,1.9208187539523751
2340,designs,12,11,1.9586073148417749
2341,deterioration,12,10,2.0
2342,directions,12,12,1.9208187539523751
2343,distinguish,12,12,1.9208187539523751
2344,divided,12,12,1.9208187539523751
2345,dme,12,3,2.5228787452803374
2346,dna,12,11,1.9586073148417749
2347,dopaminergic,12,6,2.221848749616356
2348,earlier,12,12,1.9208187539523751
2349,ebmt,12,1,3.0
2350,ehr,12,6,2.221848749616356
2351,elderly,12,8,2.0969100130080562
2352,enabling,12,12,1.9208187539523751
2353,enrollees,12,3,2.5228787452803374
2354,environment,12,12,1.9208187539523751
2355,environmental,12,8,2.0969100130080562
2356,enzymes,12,9,2.0457574905606752
2357,erectile,12,5,2.3010299956639813
2358,exacerbation,12,5,2.3010299956639813
2359,excluding,12,12,1.9208187539523751
2360,explained,12,11,1.9586073148417749
2361,foundation,12,12,1.9208187539523751
2362,fxr,12,3,2.5228787452803374
2363,gained,12,11,1.9586073148417749
2364,gallbladder,12,5,2.3010299956639813
2365,generate,12,12,1.9208187539523751
2366,globally,12,12,1.9208187539523751
2367,glycemia,12,7,2.154901959985743
2368,harm,12,11,1.9586073148417749
2369,icd-10,12,10,2.0
2370,incomplete,12,11,1.9586073148417749
2371,incorporating,12,12,1.9208187539523751
2372,induction,12,10,2.0
2373,injections,12,9,2.0457574905606752
2374,intensity,12,10,2.0
2375,interconnected,12,12,1.9208187539523751
2376,intracellular,12,12,1.9208187539523751
2377,intravenous,12,8,2.0969100130080562
2378,ion,12,6,2.221848749616356
2379,iron,12,9,2.0457574905606752
2380,issues,12,12,1.9208187539523751
2381,japanese,12,7,2.154901959985743
2382,l-cells,12,7,2.154901959985743
2383,language,12,8,2.0969100130080562
2384,ldl,12,8,2.0969100130080562
2385,liquid,12,10,2.0
2386,lncrna,12,2,2.6989700043360187
2387,lowered,12,12,1.9208187539523751
2388,lowest,12,10,2.0
2389,m,12,10,2.0
2390,majority,12,12,1.9208187539523751
2391,managed,12,12,1.9208187539523751
2392,matrix,12,9,2.0457574905606752
2393,mendelian,12,11,1.9586073148417749
2394,meta-regression,12,9,2.0457574905606752
2395,metabolite,12,11,1.9586073148417749
2396,metald,12,1,3.0
2397,mmhg,12,8,2.0969100130080562
2398,motility,12,10,2.0
2399,mtor,12,9,2.0457574905606752
2400,multimodal,12,11,1.9586073148417749
2401,natriuretic,12,9,2.0457574905606752
2402,neoplasms,12,5,2.3010299956639813
2403,next,12,9,2.0457574905606752
2404,november,12,12,1.9208187539523751
2405,obstruction,12,6,2.221848749616356
2406,operative,12,5,2.3010299956639813
2407,orally,12,12,1.9208187539523751
2408,original,12,11,1.9586073148417749
2409,ozempic,12,8,2.0969100130080562
2410,p-value,12,3,2.5228787452803374
2411,paediatric,12,4,2.3979400086720375
2412,paired,12,7,2.154901959985743
2413,pancreas,12,8,2.0969100130080562
2414,patient's,12,9,2.0457574905606752
2415,pbh,12,3,2.5228787452803374
2416,pce,12,1,3.0
2417,perceptions,12,8,2.0969100130080562
2418,pharmaceutical,12,10,2.0
2419,plausible,12,12,1.9208187539523751
2420,pleiotropic,12,11,1.9586073148417749
2421,polarization,12,5,2.3010299956639813
2422,positively,12,9,2.0457574905606752
2423,preserve,12,12,1.9208187539523751
2424,principles,12,11,1.9586073148417749
2425,prognostic,12,6,2.221848749616356
2426,programme,12,7,2.154901959985743
2427,psm,12,8,2.0969100130080562
2428,pyroptosis,12,6,2.221848749616356
2429,rodent,12,9,2.0457574905606752
2430,roux-en-y,12,11,1.9586073148417749
2431,sensitive,12,9,2.0457574905606752
2432,september,12,11,1.9586073148417749
2433,signatures,12,12,1.9208187539523751
2434,source,12,11,1.9586073148417749
2435,specificity,12,11,1.9586073148417749
2436,spinal,12,5,2.3010299956639813
2437,surrounding,12,10,2.0
2438,symptomatic,12,10,2.0
2439,t,12,8,2.0969100130080562
2440,term,12,11,1.9586073148417749
2441,tgr5,12,7,2.154901959985743
2442,theoretical,12,10,2.0
2443,topiramate,12,6,2.221848749616356
2444,tract,12,12,1.9208187539523751
2445,transcription,12,8,2.0969100130080562
2446,translate,12,12,1.9208187539523751
2447,twl,12,3,2.5228787452803374
2448,ultimately,12,12,1.9208187539523751
2449,unadjusted,12,8,2.0969100130080562
2450,untreated,12,9,2.0457574905606752
2451,updated,12,12,1.9208187539523751
2452,validate,12,12,1.9208187539523751
2453,vulnerable,12,12,1.9208187539523751
2454,y,12,11,1.9586073148417749
2455,α-cell,12,2,2.6989700043360187
2456,0.03,11,11,1.9586073148417749
2457,0.06,11,9,2.0457574905606752
2458,0.11,11,7,2.154901959985743
2459,0.12,11,11,1.9586073148417749
2460,0.27,11,10,2.0
2461,0.35,11,11,1.9586073148417749
2462,0.36,11,10,2.0
2463,0.42,11,10,2.0
2464,0.64,11,11,1.9586073148417749
2465,0.80,11,10,2.0
2466,1.03,11,8,2.0969100130080562
2467,1.05,11,11,1.9586073148417749
2468,1.06,11,10,2.0
2469,1.10,11,11,1.9586073148417749
2470,2.3,11,11,1.9586073148417749
2471,2017,11,10,2.0
2472,5.8,11,10,2.0
2473,57,11,10,2.0
2474,6.0,11,7,2.154901959985743
2475,76,11,10,2.0
2476,81,11,9,2.0457574905606752
2477,85,11,10,2.0
2478,absent,11,10,2.0
2479,acm,11,3,2.5228787452803374
2480,activates,11,10,2.0
2481,active-comparator,11,11,1.9586073148417749
2482,adding,11,8,2.0969100130080562
2483,affordability,11,10,2.0
2484,anti-diabetic,11,9,2.0457574905606752
2485,atherosclerosis,11,10,2.0
2486,authors,11,9,2.0457574905606752
2487,autophagy,11,8,2.0969100130080562
2488,collaboration,11,8,2.0969100130080562
2489,comorbid,11,11,1.9586073148417749
2490,complexity,11,10,2.0
2491,concept,11,11,1.9586073148417749
2492,consisted,11,11,1.9586073148417749
2493,count,11,5,2.3010299956639813
2494,decompensation,11,6,2.221848749616356
2495,decreases,11,9,2.0457574905606752
2496,definitions,11,11,1.9586073148417749
2497,degeneration,11,10,2.0
2498,demand,11,10,2.0
2499,density,11,10,2.0
2500,descriptively,11,11,1.9586073148417749
2501,disc,11,5,2.3010299956639813
2502,dpp4,11,7,2.154901959985743
2503,drug-induced,11,9,2.0457574905606752
2504,egd,11,4,2.3979400086720375
2505,elicited,11,9,2.0457574905606752
2506,elucidate,11,11,1.9586073148417749
2507,emotional,11,6,2.221848749616356
2508,enzyme,11,9,2.0457574905606752
2509,explores,11,11,1.9586073148417749
2510,extending,11,11,1.9586073148417749
2511,external,11,9,2.0457574905606752
2512,extracellular,11,10,2.0
2513,face,11,11,1.9586073148417749
2514,form,11,9,2.0457574905606752
2515,gastrocnemius,11,2,2.6989700043360187
2516,gcg,11,4,2.3979400086720375
2517,glp1ras,11,5,2.3010299956639813
2518,goal,11,8,2.0969100130080562
2519,guided,11,11,1.9586073148417749
2520,head-to-head,11,9,2.0457574905606752
2521,hemodialysis,11,4,2.3979400086720375
2522,host,11,9,2.0457574905606752
2523,idiopathic,11,7,2.154901959985743
2524,ischaemic,11,6,2.221848749616356
2525,iv,11,6,2.221848749616356
2526,left,11,9,2.0457574905606752
2527,limits,11,11,1.9586073148417749
2528,macronutrient,11,7,2.154901959985743
2529,made,11,10,2.0
2530,maintain,11,11,1.9586073148417749
2531,manage,11,9,2.0457574905606752
2532,menopause,11,6,2.221848749616356
2533,morphology,11,8,2.0969100130080562
2534,multimorbidity,11,10,2.0
2535,nephrectomy,11,3,2.5228787452803374
2536,net,11,9,2.0457574905606752
2537,neuroendocrine,11,9,2.0457574905606752
2538,non-invasive,11,10,2.0
2539,non-significant,11,9,2.0457574905606752
2540,nondiabetic,11,7,2.154901959985743
2541,noted,11,11,1.9586073148417749
2542,novo,11,11,1.9586073148417749
2543,nuclear,11,10,2.0
2544,numerous,11,11,1.9586073148417749
2545,ogtt,11,7,2.154901959985743
2546,others,11,11,1.9586073148417749
2547,parkinson's,11,9,2.0457574905606752
2548,periprosthetic,11,6,2.221848749616356
2549,persist,11,10,2.0
2550,pharmacodynamic,11,9,2.0457574905606752
2551,pi,11,3,2.5228787452803374
2552,position,11,10,2.0
2553,pragmatic,11,8,2.0969100130080562
2554,pre,11,6,2.221848749616356
2555,preventive,11,10,2.0
2556,price,11,5,2.3010299956639813
2557,prospectively,11,11,1.9586073148417749
2558,providers,11,8,2.0969100130080562
2559,q,11,5,2.3010299956639813
2560,quercetin,11,5,2.3010299956639813
2561,ranked,11,7,2.154901959985743
2562,ratings,11,8,2.0969100130080562
2563,rational,11,10,2.0
2564,reached,11,11,1.9586073148417749
2565,reaching,11,10,2.0
2566,reflecting,11,11,1.9586073148417749
2567,reflects,11,10,2.0
2568,region,11,10,2.0
2569,regional,11,10,2.0
2570,registries,11,11,1.9586073148417749
2571,registry,11,9,2.0457574905606752
2572,renoprotective,11,10,2.0
2573,restored,11,11,1.9586073148417749
2574,sarcopenic,11,9,2.0457574905606752
2575,satiation,11,5,2.3010299956639813
2576,seeking,11,8,2.0969100130080562
2577,self-reported,11,7,2.154901959985743
2578,sequential,11,10,2.0
2579,services,11,7,2.154901959985743
2580,shifts,11,9,2.0457574905606752
2581,short-chain,11,11,1.9586073148417749
2582,signs,11,6,2.221848749616356
2583,single-center,11,11,1.9586073148417749
2584,smoking,11,8,2.0969100130080562
2585,solid,11,9,2.0457574905606752
2586,statement,11,11,1.9586073148417749
2587,successful,11,7,2.154901959985743
2588,sugar,11,5,2.3010299956639813
2589,surgeons,11,5,2.3010299956639813
2590,taken,11,11,1.9586073148417749
2591,transit,11,7,2.154901959985743
2592,turnover,11,5,2.3010299956639813
2593,typically,11,11,1.9586073148417749
2594,uncommon,11,11,1.9586073148417749
2595,underscore,11,11,1.9586073148417749
2596,underscores,11,11,1.9586073148417749
2597,unresolved,11,10,2.0
2598,varying,11,11,1.9586073148417749
2599,weighted,11,8,2.0969100130080562
2600,workflow,11,5,2.3010299956639813
2601,worse,11,9,2.0457574905606752
2602,zenagamtide,11,3,2.5228787452803374
2603,β,11,7,2.154901959985743
2604,μm,11,8,2.0969100130080562
2605,0.003,10,9,2.0457574905606752
2606,0.25,10,10,2.0
2607,0.40,10,8,2.0969100130080562
2608,0.43,10,9,2.0457574905606752
2609,0.49,10,10,2.0
2610,0.51,10,10,2.0
2611,01,10,7,2.154901959985743
2612,1.02,10,10,2.0
2613,1.07,10,9,2.0457574905606752
2614,1.12,10,10,2.0
2615,1.15,10,8,2.0969100130080562
2616,1.18,10,10,2.0
2617,1.26,10,10,2.0
2618,1.30,10,9,2.0457574905606752
2619,1.45,10,9,2.0457574905606752
2620,14-day,10,6,2.221848749616356
2621,17.2,10,7,2.154901959985743
2622,2.7,10,7,2.154901959985743
2623,2014,10,8,2.0969100130080562
2624,3.6,10,7,2.154901959985743
2625,38,10,9,2.0457574905606752
2626,5-year,10,9,2.0457574905606752
2627,5.4,10,8,2.0969100130080562
2628,5.5,10,7,2.154901959985743
2629,55,10,10,2.0
2630,58,10,9,2.0457574905606752
2631,82,10,10,2.0
2632,accelerated,10,9,2.0457574905606752
2633,accounting,10,10,2.0
2634,acsl4,10,3,2.5228787452803374
2635,adaptation,10,9,2.0457574905606752
2636,addressed,10,10,2.0
2637,adequacy,10,8,2.0969100130080562
2638,administrative,10,9,2.0457574905606752
2639,ali,10,2,2.6989700043360187
2640,alleviate,10,10,2.0
2641,alleviated,10,9,2.0457574905606752
2642,allocated,10,5,2.3010299956639813
2643,american,10,9,2.0457574905606752
2644,anesthesia,10,7,2.154901959985743
2645,antiobesity,10,7,2.154901959985743
2646,apparent,10,8,2.0969100130080562
2647,arterial,10,7,2.154901959985743
2648,assay,10,6,2.221848749616356
2649,ast,10,6,2.221848749616356
2650,attempts,10,5,2.3010299956639813
2651,behavioural,10,6,2.221848749616356
2652,building,10,9,2.0457574905606752
2653,cannabis,10,2,2.6989700043360187
2654,cardio-kidney-metabolic,10,7,2.154901959985743
2655,carry,10,10,2.0
2656,categorized,10,10,2.0
2657,ccs,10,1,3.0
2658,characteristic,10,9,2.0457574905606752
2659,commercial,10,10,2.0
2660,conflicting,10,10,2.0
2661,contexts,10,9,2.0457574905606752
2662,continue,10,8,2.0969100130080562
2663,contributed,10,10,2.0
2664,countries,10,9,2.0457574905606752
2665,coupled,10,9,2.0457574905606752
2666,creatinine,10,7,2.154901959985743
2667,crucial,10,10,2.0
2668,cytokine,10,10,2.0
2669,cytokines,10,9,2.0457574905606752
2670,dapagliflozin,10,4,2.3979400086720375
2671,dd01,10,1,3.0
2672,decision,10,9,2.0457574905606752
2673,deep,10,10,2.0
2674,defining,10,9,2.0457574905606752
2675,difficult,10,10,2.0
2676,digoxin,10,2,2.6989700043360187
2677,direction,10,10,2.0
2678,directionally,10,8,2.0969100130080562
2679,disability,10,10,2.0
2680,disordered,10,8,2.0969100130080562
2681,dysregulated,10,10,2.0
2682,edema,10,8,2.0969100130080562
2683,endocrinology,10,8,2.0969100130080562
2684,english-language,10,10,2.0
2685,enrollment,10,7,2.154901959985743
2686,errors,10,7,2.154901959985743
2687,estimand,10,6,2.221848749616356
2688,exerts,10,10,2.0
2689,exist,10,10,2.0
2690,experiences,10,6,2.221848749616356
2691,fed,10,10,2.0
2692,fgf21,10,6,2.221848749616356
2693,fib-4,10,3,2.5228787452803374
2694,fibrotic,10,9,2.0457574905606752
2695,formal,10,10,2.0
2696,glds,10,3,2.5228787452803374
2697,glp1,10,8,2.0969100130080562
2698,half,10,9,2.0457574905606752
2699,half-life,10,8,2.0969100130080562
2700,hfref,10,3,2.5228787452803374
2701,highlighted,10,10,2.0
2702,hsf1,10,2,2.6989700043360187
2703,hunger,10,9,2.0457574905606752
2704,icodec,10,4,2.3979400086720375
2705,illness,10,7,2.154901959985743
2706,incorporated,10,10,2.0
2707,induces,10,10,2.0
2708,inhibited,10,6,2.221848749616356
2709,insight,10,8,2.0969100130080562
2710,integrative,10,8,2.0969100130080562
2711,intended,10,10,2.0
2712,interact,10,10,2.0
2713,interquartile,10,6,2.221848749616356
2714,irr,10,5,2.3010299956639813
2715,ischemia,10,4,2.3979400086720375
2716,ldl-c,10,7,2.154901959985743
2717,limiting,10,9,2.0457574905606752
2718,line,10,8,2.0969100130080562
2719,low-dose,10,6,2.221848749616356
2720,lumbar,10,3,2.5228787452803374
2721,man,10,9,2.0457574905606752
2722,map,10,10,2.0
2723,mediator,10,8,2.0969100130080562
2724,metabolomics,10,9,2.0457574905606752
2725,modelling,10,6,2.221848749616356
2726,modifiable,10,10,2.0
2727,modifiers,10,9,2.0457574905606752
2728,mras,10,3,2.5228787452803374
2729,multifactorial,10,10,2.0
2730,necrosis,10,9,2.0457574905606752
2731,nmol,10,6,2.221848749616356
2732,nonusers,10,9,2.0457574905606752
2733,notable,10,9,2.0457574905606752
2734,nsmras,10,3,2.5228787452803374
2735,null,10,9,2.0457574905606752
2736,obesity-labeled,10,1,3.0
2737,occurs,10,10,2.0
2738,open-label,10,10,2.0
2739,organizations,10,10,2.0
2740,pathologies,10,5,2.3010299956639813
2741,pemf,10,1,3.0
2742,perfusion,10,8,2.0969100130080562
2743,pg,10,6,2.221848749616356
2744,pharmacologically,10,10,2.0
2745,phenotypic,10,8,2.0969100130080562
2746,policies,10,10,2.0
2747,population-based,10,10,2.0
2748,potency,10,9,2.0457574905606752
2749,pparα,10,2,2.6989700043360187
2750,preparation,10,4,2.3979400086720375
2751,problem,10,10,2.0
2752,professional,10,10,2.0
2753,prognosis,10,8,2.0969100130080562
2754,prompted,10,10,2.0
2755,raises,10,9,2.0457574905606752
2756,rasi,10,2,2.6989700043360187
2757,reaction,10,8,2.0969100130080562
2758,recognised,10,8,2.0969100130080562
2759,recommended,10,9,2.0457574905606752
2760,reimbursement,10,7,2.154901959985743
2761,relapse,10,7,2.154901959985743
2762,remodelling,10,7,2.154901959985743
2763,representative,10,8,2.0969100130080562
2764,resource,10,7,2.154901959985743
2765,resources,10,10,2.0
2766,revealing,10,10,2.0
2767,rna,10,7,2.154901959985743
2768,rvo,10,2,2.6989700043360187
2769,salt,10,5,2.3010299956639813
2770,searches,10,9,2.0457574905606752
2771,sem,10,2,2.6989700043360187
2772,separation,10,8,2.0969100130080562
2773,service,10,8,2.0969100130080562
2774,sglt2-i,10,1,3.0
2775,slow,10,10,2.0
2776,soul,10,5,2.3010299956639813
2777,spanning,10,10,2.0
2778,spatial,10,10,2.0
2779,spine,10,4,2.3979400086720375
2780,standardised,10,10,2.0
2781,statistics,10,10,2.0
2782,stem,10,8,2.0969100130080562
2783,substrate,10,9,2.0457574905606752
2784,sucra,10,4,2.3979400086720375
2785,sustainable,10,8,2.0969100130080562
2786,tablet,10,4,2.3979400086720375
2787,teaes,10,4,2.3979400086720375
2788,ten,10,9,2.0457574905606752
2789,tendon,10,3,2.5228787452803374
2790,testable,10,10,2.0
2791,towards,10,10,2.0
2792,traits,10,7,2.154901959985743
2793,treatment-emergent,10,8,2.0969100130080562
2794,ubt251,10,1,3.0
2795,underscoring,10,10,2.0
2796,upf,10,2,2.6989700043360187
2797,useful,10,10,2.0
2798,variance,10,8,2.0969100130080562
2799,vein,10,10,2.0
2800,viewed,10,9,2.0457574905606752
2801,warrant,10,10,2.0
2802,weights,10,9,2.0457574905606752
2803,www,10,10,2.0
2804,yielding,10,10,2.0
2805,0.007,9,9,2.0457574905606752
2806,0.021,9,8,2.0969100130080562
2807,0.13,9,9,2.0457574905606752
2808,0.14,9,8,2.0969100130080562
2809,0.2,9,8,2.0969100130080562
2810,0.21,9,7,2.154901959985743
2811,0.22,9,9,2.0457574905606752
2812,0.33,9,9,2.0457574905606752
2813,1.01,9,8,2.0969100130080562
2814,1.17,9,9,2.0457574905606752
2815,1.21,9,8,2.0969100130080562
2816,1.28,9,7,2.154901959985743
2817,1.3,9,7,2.154901959985743
2818,1.55,9,9,2.0457574905606752
2819,1.6,9,9,2.0457574905606752
2820,1.63,9,8,2.0969100130080562
2821,2.2,9,9,2.0457574905606752
2822,2.6,9,9,2.0457574905606752
2823,2.8,9,9,2.0457574905606752
2824,2015,9,9,2.0457574905606752
2825,4.3,9,9,2.0457574905606752
2826,4.7,9,8,2.0969100130080562
2827,51,9,7,2.154901959985743
2828,59,9,8,2.0969100130080562
2829,7.2,9,7,2.154901959985743
2830,73,9,9,2.0457574905606752
2831,83,9,9,2.0457574905606752
2832,84,9,6,2.221848749616356
2833,9.0,9,7,2.154901959985743
2834,addiction,9,6,2.221848749616356
2835,adherent,9,4,2.3979400086720375
2836,advantage,9,9,2.0457574905606752
2837,ageing,9,4,2.3979400086720375
2838,alopecia,9,4,2.3979400086720375
2839,amd,9,2,2.6989700043360187
2840,amylin-based,9,3,2.5228787452803374
2841,analytic,9,9,2.0457574905606752
2842,anemia,9,5,2.3010299956639813
2843,antagonist,9,9,2.0457574905606752
2844,atrophy,9,6,2.221848749616356
2845,attenuates,9,9,2.0457574905606752
2846,attenuating,9,8,2.0969100130080562
2847,automated,9,5,2.3010299956639813
2848,aversive,9,4,2.3979400086720375
2849,bayesian,9,9,2.0457574905606752
2850,berberine,9,5,2.3010299956639813
2851,biogenesis,9,6,2.221848749616356
2852,bip,9,3,2.5228787452803374
2853,bm,9,1,3.0
2854,buprenorphine,9,3,2.5228787452803374
2855,c-reactive,9,9,2.0457574905606752
2856,cagrisema,9,5,2.3010299956639813
2857,canonical,9,7,2.154901959985743
2858,capable,9,9,2.0457574905606752
2859,carbon,9,3,2.5228787452803374
2860,cardiomyocyte,9,4,2.3979400086720375
2861,category,9,7,2.154901959985743
2862,cecal,9,5,2.3010299956639813
2863,cgmp-aa,9,1,3.0
2864,chemical,9,7,2.154901959985743
2865,citation,9,7,2.154901959985743
2866,ckmd,9,1,3.0
2867,clusters,9,3,2.5228787452803374
2868,co-administration,9,8,2.0969100130080562
2869,coexist,9,9,2.0457574905606752
2870,completion,9,7,2.154901959985743
2871,constituents,9,6,2.221848749616356
2872,contributor,9,8,2.0969100130080562
2873,controlling,9,9,2.0457574905606752
2874,cordycepin,9,3,2.5228787452803374
2875,cue,9,6,2.221848749616356
2876,cvi,9,1,3.0
2877,delaying,9,9,2.0457574905606752
2878,depending,9,9,2.0457574905606752
2879,depletion,9,9,2.0457574905606752
2880,determinant,9,9,2.0457574905606752
2881,dimensions,9,9,2.0457574905606752
2882,divergent,9,8,2.0969100130080562
2883,diversity,9,8,2.0969100130080562
2884,dominant,9,9,2.0457574905606752
2885,downregulation,9,8,2.0969100130080562
2886,drivers,9,9,2.0457574905606752
2887,drives,9,9,2.0457574905606752
2888,duct,9,2,2.6989700043360187
2889,eat,9,3,2.5228787452803374
2890,eg,9,3,2.5228787452803374
2891,enable,9,9,2.0457574905606752
2892,end-stage,9,9,2.0457574905606752
2893,epidemiology,9,9,2.0457574905606752
2894,equivalence,9,5,2.3010299956639813
2895,establishing,9,9,2.0457574905606752
2896,etd,9,3,2.5228787452803374
2897,eustachian,9,3,2.5228787452803374
2898,exe,9,2,2.6989700043360187
2899,exists,9,9,2.0457574905606752
2900,expansion,9,9,2.0457574905606752
2901,experiencing,9,9,2.0457574905606752
2902,experts,9,8,2.0969100130080562
2903,extended,9,9,2.0457574905606752
2904,extension,9,7,2.154901959985743
2905,extent,9,9,2.0457574905606752
2906,extract,9,9,2.0457574905606752
2907,fail,9,9,2.0457574905606752
2908,fatigue,9,6,2.221848749616356
2909,feasible,9,9,2.0457574905606752
2910,first-line,9,9,2.0457574905606752
2911,fpg,9,4,2.3979400086720375
2912,gestational,9,8,2.0969100130080562
2913,glar,9,1,3.0
2914,glial,9,7,2.154901959985743
2915,glutag,9,4,2.3979400086720375
2916,glycaemia,9,5,2.3010299956639813
2917,grouped,9,9,2.0457574905606752
2918,hdl-c,9,6,2.221848749616356
2919,headache,9,5,2.3010299956639813
2920,hfd,9,5,2.3010299956639813
2921,hff,9,2,2.6989700043360187
2922,histological,9,9,2.0457574905606752
2923,historical,9,8,2.0969100130080562
2924,hypotheses,9,9,2.0457574905606752
2925,identity,9,5,2.3010299956639813
2926,impacts,9,8,2.0969100130080562
2927,incorporation,9,7,2.154901959985743
2928,indices,9,9,2.0457574905606752
2929,influencing,9,9,2.0457574905606752
2930,inhibits,9,5,2.3010299956639813
2931,instability,9,8,2.0969100130080562
2932,institutional,9,6,2.221848749616356
2933,insufficiently,9,9,2.0457574905606752
2934,interplay,9,9,2.0457574905606752
2935,intracranial,9,6,2.221848749616356
2936,introduced,9,9,2.0457574905606752
2937,japan,9,5,2.3010299956639813
2938,knockdown,9,8,2.0969100130080562
2939,ld,9,1,3.0
2940,length,9,7,2.154901959985743
2941,liability,9,5,2.3010299956639813
2942,lifespan,9,7,2.154901959985743
2943,likelihood,9,9,2.0457574905606752
2944,liver-related,9,9,2.0457574905606752
2945,longer-term,9,9,2.0457574905606752
2946,lp,9,3,2.5228787452803374
2947,lysate,9,2,2.6989700043360187
2948,maces,9,4,2.3979400086720375
2949,meals,9,8,2.0969100130080562
2950,mets,9,2,2.6989700043360187
2951,modeling,9,8,2.0969100130080562
2952,modify,9,8,2.0969100130080562
2953,modulates,9,9,2.0457574905606752
2954,monitored,9,9,2.0457574905606752
2955,morbid,9,4,2.3979400086720375
2956,moving,9,8,2.0969100130080562
2957,ms,9,5,2.3010299956639813
2958,muciniphila,9,5,2.3010299956639813
2959,mucosal,9,6,2.221848749616356
2960,multi-omics,9,9,2.0457574905606752
2961,na,9,3,2.5228787452803374
2962,nafld,9,5,2.3010299956639813
2963,negatively,9,8,2.0969100130080562
2964,nephrology,9,6,2.221848749616356
2965,neuropathic,9,4,2.3979400086720375
2966,neutral,9,8,2.0969100130080562
2967,nitric,9,9,2.0457574905606752
2968,non-peptide,9,9,2.0457574905606752
2969,operating,9,8,2.0969100130080562
2970,optimizing,9,9,2.0457574905606752
2971,organization,9,8,2.0969100130080562
2972,outlines,9,9,2.0457574905606752
2973,outside,9,8,2.0969100130080562
2974,overdose,9,6,2.221848749616356
2975,ovid,9,7,2.154901959985743
2976,oxide,9,9,2.0457574905606752
2977,pad,9,2,2.6989700043360187
2978,participant,9,8,2.0969100130080562
2979,pdac,9,2,2.6989700043360187
2980,peptidase,9,9,2.0457574905606752
2981,phytochemicals,9,5,2.3010299956639813
2982,pji,9,3,2.5228787452803374
2983,pneumonia,9,7,2.154901959985743
2984,point,9,9,2.0457574905606752
2985,population-level,9,9,2.0457574905606752
2986,positioning,9,8,2.0969100130080562
2987,pre-existing,9,8,2.0969100130080562
2988,prehabilitation,9,4,2.3979400086720375
2989,preload,9,2,2.6989700043360187
2990,premature,9,9,2.0457574905606752
2991,preparations,9,6,2.221848749616356
2992,presentation,9,8,2.0969100130080562
2993,proliferation,9,7,2.154901959985743
2994,pyrin,9,7,2.154901959985743
2995,pyy3-36,9,1,3.0
2996,qualitative,9,8,2.0969100130080562
2997,quantify,9,9,2.0457574905606752
2998,queried,9,9,2.0457574905606752
2999,randomisation,9,7,2.154901959985743
3000,ranged,9,7,2.154901959985743
3001,redox,9,9,2.0457574905606752
3002,reflected,9,9,2.0457574905606752
3003,registration,9,9,2.0457574905606752
3004,regulated,9,9,2.0457574905606752
3005,regulators,9,9,2.0457574905606752
3006,remaining,9,9,2.0457574905606752
3007,renin-angiotensin,9,9,2.0457574905606752
3008,resistant,9,4,2.3979400086720375
3009,resolved,9,9,2.0457574905606752
3010,restore,9,9,2.0457574905606752
3011,reticulum,9,8,2.0969100130080562
3012,rhythm,9,4,2.3979400086720375
3013,saline,9,9,2.0457574905606752
3014,saudi,9,5,2.3010299956639813
3015,scenarios,9,7,2.154901959985743
3016,secretory,9,9,2.0457574905606752
3017,served,9,9,2.0457574905606752
3018,sgk2,9,1,3.0
3019,shape,9,9,2.0457574905606752
3020,share,9,9,2.0457574905606752
3021,simple,9,9,2.0457574905606752
3022,slows,9,7,2.154901959985743
3023,sst,9,1,3.0
3024,stabilization,9,9,2.0457574905606752
3025,stc-1,9,7,2.154901959985743
3026,stepwise,9,9,2.0457574905606752
3027,subjective,9,6,2.221848749616356
3028,subset,9,9,2.0457574905606752
3029,supplementary,9,8,2.0969100130080562
3030,susceptibility,9,7,2.154901959985743
3031,syndromes,9,5,2.3010299956639813
3032,taste,9,2,2.6989700043360187
3033,tg,9,5,2.3010299956639813
3034,toxicity,9,9,2.0457574905606752
3035,trained,9,6,2.221848749616356
3036,translating,9,8,2.0969100130080562
3037,treatment-related,9,9,2.0457574905606752
3038,triggers,9,9,2.0457574905606752
3039,tube,9,3,2.5228787452803374
3040,u100,9,1,3.0
3041,uncontrolled,9,8,2.0969100130080562
3042,uniform,9,9,2.0457574905606752
3043,unmet,9,9,2.0457574905606752
3044,utilisation,9,7,2.154901959985743
3045,version,9,9,2.0457574905606752
3046,0.009,8,8,2.0969100130080562
3047,0.09,8,8,2.0969100130080562
3048,0.15,8,7,2.154901959985743
3049,0.19,8,7,2.154901959985743
3050,0.30,8,7,2.154901959985743
3051,0.38,8,8,2.0969100130080562
3052,0001,8,4,2.3979400086720375
3053,1.1,8,8,2.0969100130080562
3054,1.23,8,8,2.0969100130080562
3055,1.24,8,7,2.154901959985743
3056,1.27,8,8,2.0969100130080562
3057,1.39,8,8,2.0969100130080562
3058,1.84,8,8,2.0969100130080562
3059,1.96,8,7,2.154901959985743
3060,13.4,8,8,2.0969100130080562
3061,14-3-3-ζ,8,1,3.0
3062,3-point,8,6,2.221848749616356
3063,3.5,8,8,2.0969100130080562
3064,3.9,8,8,2.0969100130080562
3065,39,8,8,2.0969100130080562
3066,4.9,8,8,2.0969100130080562
3067,53,8,8,2.0969100130080562
3068,6.8,8,7,2.154901959985743
3069,6.9,8,8,2.0969100130080562
3070,7.5,8,7,2.154901959985743
3071,71,8,7,2.154901959985743
3072,88,8,7,2.154901959985743
3073,96,8,5,2.3010299956639813
3074,97,8,7,2.154901959985743
3075,aad,8,1,3.0
3076,achievement,8,5,2.3010299956639813
3077,adjustments,8,7,2.154901959985743
3078,admission,8,3,2.5228787452803374
3079,adoption,8,8,2.0969100130080562
3080,agreement,8,6,2.221848749616356
3081,albumin,8,7,2.154901959985743
3082,albumin-to-creatinine,8,8,2.0969100130080562
3083,alleviates,8,7,2.154901959985743
3084,amputation,8,4,2.3979400086720375
3085,analog,8,8,2.0969100130080562
3086,analogue,8,8,2.0969100130080562
3087,antihyperglycemic,8,4,2.3979400086720375
3088,aoms,8,4,2.3979400086720375
3089,aor,8,3,2.5228787452803374
3090,appetitive,8,4,2.3979400086720375
3091,asia,8,5,2.3010299956639813
3092,aspects,8,6,2.221848749616356
3093,attended,8,2,2.6989700043360187
3094,attenuate,8,7,2.154901959985743
3095,avexitide,8,1,3.0
3096,biologic,8,7,2.154901959985743
3097,biopsy,8,7,2.154901959985743
3098,bleeding,8,4,2.3979400086720375
3099,body-weight,8,7,2.154901959985743
3100,bofanglutide,8,2,2.6989700043360187
3101,bp,8,3,2.5228787452803374
3102,breathing,8,5,2.3010299956639813
3103,bupropion,8,5,2.3010299956639813
3104,c57bl,8,8,2.0969100130080562
3105,cascade,8,8,2.0969100130080562
3106,cascades,8,8,2.0969100130080562
3107,categories,8,8,2.0969100130080562
3108,catheter,8,4,2.3979400086720375
3109,centres,8,6,2.221848749616356
3110,chain,8,8,2.0969100130080562
3111,chromatin,8,6,2.221848749616356
3112,chromatography,8,2,2.6989700043360187
3113,cluster,8,5,2.3010299956639813
3114,collagen,8,8,2.0969100130080562
3115,compensation,8,3,2.5228787452803374
3116,comprehensively,8,8,2.0969100130080562
3117,conformational,8,6,2.221848749616356
3118,constipation,8,6,2.221848749616356
3119,contact,8,7,2.154901959985743
3120,continuity,8,5,2.3010299956639813
3121,contributions,8,8,2.0969100130080562
3122,contributors,8,8,2.0969100130080562
3123,controversial,8,8,2.0969100130080562
3124,conversion,8,7,2.154901959985743
3125,corticosteroid,8,5,2.3010299956639813
3126,created,8,7,2.154901959985743
3127,cutaneous,8,5,2.3010299956639813
3128,d001,8,1,3.0
3129,declines,8,8,2.0969100130080562
3130,degree,8,8,2.0969100130080562
3131,delivered,8,8,2.0969100130080562
3132,derivatives,8,7,2.154901959985743
3133,developments,8,8,2.0969100130080562
3134,diets,8,6,2.221848749616356
3135,digestion,8,6,2.221848749616356
3136,directed,8,8,2.0969100130080562
3137,discourse,8,6,2.221848749616356
3138,discussion,8,8,2.0969100130080562
3139,dka,8,4,2.3979400086720375
3140,documentation,8,5,2.3010299956639813
3141,downregulated,8,7,2.154901959985743
3142,dvt,8,2,2.6989700043360187
3143,dyrk1a,8,1,3.0
3144,eloralintide,8,4,2.3979400086720375
3145,elucidated,8,8,2.0969100130080562
3146,emerge,8,8,2.0969100130080562
3147,emergence,8,8,2.0969100130080562
3148,enables,8,8,2.0969100130080562
3149,endoplasmic,8,7,2.154901959985743
3150,enos,8,4,2.3979400086720375
3151,escalating,8,6,2.221848749616356
3152,evident,8,8,2.0969100130080562
3153,evolved,8,7,2.154901959985743
3154,ex-4,8,1,3.0
3155,excretion,8,5,2.3010299956639813
3156,extensive,8,8,2.0969100130080562
3157,fast,8,5,2.3010299956639813
3158,fat-free,8,5,2.3010299956639813
3159,fc,8,2,2.6989700043360187
3160,federated,8,8,2.0969100130080562
3161,fermentation,8,4,2.3979400086720375
3162,fibroblast,8,8,2.0969100130080562
3163,fixed-ratio,8,6,2.221848749616356
3164,flux,8,8,2.0969100130080562
3165,focuses,8,8,2.0969100130080562
3166,frequentist,8,8,2.0969100130080562
3167,fundamental,8,8,2.0969100130080562
3168,gbts,8,1,3.0
3169,gh,8,2,2.6989700043360187
3170,gila,8,1,3.0
3171,glp-1-ras,8,1,3.0
3172,gm2824,8,1,3.0
3173,good,8,8,2.0969100130080562
3174,governing,8,8,2.0969100130080562
3175,grading,8,8,2.0969100130080562
3176,handling,8,7,2.154901959985743
3177,homeostatic,8,8,2.0969100130080562
3178,hospitals,8,8,2.0969100130080562
3179,hours,8,5,2.3010299956639813
3180,hyperglycaemia,8,8,2.0969100130080562
3181,hyperphagia,8,4,2.3979400086720375
3182,hypogonadism,8,2,2.6989700043360187
3183,hypothesized,8,8,2.0969100130080562
3184,hypoxia,8,2,2.6989700043360187
3185,ibts,8,1,3.0
3186,icer,8,4,2.3979400086720375
3187,igf-1,8,4,2.3979400086720375
3188,iih,8,2,2.6989700043360187
3189,immunomodulatory,8,8,2.0969100130080562
3190,impedance,8,7,2.154901959985743
3191,inadequately,8,8,2.0969100130080562
3192,incorporate,8,8,2.0969100130080562
3193,incretins,8,6,2.221848749616356
3194,injection-site,8,4,2.3979400086720375
3195,innovative,8,8,2.0969100130080562
3196,insulins,8,3,2.5228787452803374
3197,integrate,8,8,2.0969100130080562
3198,investigational,8,8,2.0969100130080562
3199,iptw,8,4,2.3979400086720375
3200,irrespective,8,6,2.221848749616356
3201,isorhamnetin,8,1,3.0
3202,items,8,8,2.0969100130080562
3203,journal,8,5,2.3010299956639813
3204,laparoscopic,8,6,2.221848749616356
3205,late,8,8,2.0969100130080562
3206,leads,8,8,2.0969100130080562
3207,leaving,8,8,2.0969100130080562
3208,lipedema,8,1,3.0
3209,lixisenatide,8,6,2.221848749616356
3210,loading,8,7,2.154901959985743
3211,loxenatide,8,1,3.0
3212,m1,8,3,2.5228787452803374
3213,manufacturing,8,6,2.221848749616356
3214,marker,8,8,2.0969100130080562
3215,material,8,8,2.0969100130080562
3216,mdd,8,2,2.6989700043360187
3217,mediating,8,7,2.154901959985743
3218,membrane,8,8,2.0969100130080562
3219,mixed-effects,8,7,2.154901959985743
3220,modeled,8,5,2.3010299956639813
3221,monotherapies,8,5,2.3010299956639813
3222,monster,8,1,3.0
3223,mrc,8,1,3.0
3224,murine,8,8,2.0969100130080562
3225,name,8,3,2.5228787452803374
3226,nature,8,8,2.0969100130080562
3227,ne,8,1,3.0
3228,necessary,8,8,2.0969100130080562
3229,nicotinamide,8,5,2.3010299956639813
3230,non-alcoholic,8,7,2.154901959985743
3231,non-insulin,8,4,2.3979400086720375
3232,non-steroidal,8,8,2.0969100130080562
3233,nonarteritic,8,8,2.0969100130080562
3234,nonsteroidal,8,8,2.0969100130080562
3235,nor,8,7,2.154901959985743
3236,noteworthy,8,8,2.0969100130080562
3237,np,8,2,2.6989700043360187
3238,nrf2,8,8,2.0969100130080562
3239,ns,8,4,2.3979400086720375
3240,observation,8,8,2.0969100130080562
3241,om,8,1,3.0
3242,one-year,8,7,2.154901959985743
3243,opportunity,8,8,2.0969100130080562
3244,order,8,8,2.0969100130080562
3245,outpatient,8,6,2.221848749616356
3246,overcome,8,8,2.0969100130080562
3247,overlap,8,6,2.221848749616356
3248,overlapping,8,6,2.221848749616356
3249,overload,8,7,2.154901959985743
3250,owing,8,7,2.154901959985743
3251,oxidation,8,6,2.221848749616356
3252,peer-reviewed,8,6,2.221848749616356
3253,pet,8,3,2.5228787452803374
3254,plausibility,8,7,2.154901959985743
3255,pn,8,2,2.6989700043360187
3256,poisson,8,8,2.0969100130080562
3257,polyendocrine,8,7,2.154901959985743
3258,poses,8,8,2.0969100130080562
3259,postoperatively,8,6,2.221848749616356
3260,posts,8,2,2.6989700043360187
3261,pre-surgery,8,2,2.6989700043360187
3262,principal,8,8,2.0969100130080562
3263,private,8,7,2.154901959985743
3264,probabilistic,8,7,2.154901959985743
3265,progressively,8,8,2.0969100130080562
3266,proinsulin,8,1,3.0
3267,proliferator-activated,8,8,2.0969100130080562
3268,propensity-score,8,8,2.0969100130080562
3269,protocols,8,8,2.0969100130080562
3270,proven,8,8,2.0969100130080562
3271,purpose,8,8,2.0969100130080562
3272,pwo,8,1,3.0
3273,pws,8,2,2.6989700043360187
3274,quality-adjusted,8,5,2.3010299956639813
3275,rarely,8,8,2.0969100130080562
3276,regarded,8,8,2.0969100130080562
3277,regeneration,8,7,2.154901959985743
3278,regenerative,8,6,2.221848749616356
3279,regular,8,7,2.154901959985743
3280,regulates,8,7,2.154901959985743
3281,renin-angiotensin-aldosterone,8,8,2.0969100130080562
3282,reshaped,8,8,2.0969100130080562
3283,ribupatide,8,1,3.0
3284,rosuvastatin,8,2,2.6989700043360187
3285,route,8,6,2.221848749616356
3286,rwe,8,3,2.5228787452803374
3287,rybelsus,8,5,2.3010299956639813
3288,scfa,8,6,2.221848749616356
3289,schizophrenia,8,5,2.3010299956639813
3290,serving,8,7,2.154901959985743
3291,sexes,8,6,2.221848749616356
3292,sexual,8,3,2.5228787452803374
3293,shorter,8,6,2.221848749616356
3294,smaller,8,8,2.0969100130080562
3295,smooth,8,3,2.5228787452803374
3296,sociodemographic,8,6,2.221848749616356
3297,sparse,8,8,2.0969100130080562
3298,starting,8,8,2.0969100130080562
3299,statistic,8,5,2.3010299956639813
3300,stevia,8,1,3.0
3301,stimulated,8,6,2.221848749616356
3302,stimuli,8,5,2.3010299956639813
3303,sting,8,2,2.6989700043360187
3304,subtype,8,6,2.221848749616356
3305,summit,8,5,2.3010299956639813
3306,surface,8,7,2.154901959985743
3307,surrogate,8,8,2.0969100130080562
3308,survivors,8,3,2.5228787452803374
3309,suspected,8,6,2.221848749616356
3310,synthesised,8,7,2.154901959985743
3311,synthesises,8,8,2.0969100130080562
3312,t1dm,8,2,2.6989700043360187
3313,taxa,8,6,2.221848749616356
3314,technology,8,7,2.154901959985743
3315,thermogenesis,8,5,2.3010299956639813
3316,thromboembolic,8,6,2.221848749616356
3317,thrombotic,8,2,2.6989700043360187
3318,time-to-event,8,8,2.0969100130080562
3319,times,8,7,2.154901959985743
3320,tissue-specific,8,7,2.154901959985743
3321,tja,8,3,2.5228787452803374
3322,tolerated,8,8,2.0969100130080562
3323,trafficking,8,6,2.221848749616356
3324,transporter,8,7,2.154901959985743
3325,ulcers,8,2,2.6989700043360187
3326,ultrasound,8,5,2.3010299956639813
3327,uncertainties,8,7,2.154901959985743
3328,unproven,8,8,2.0969100130080562
3329,upregulation,8,8,2.0969100130080562
3330,urine,8,6,2.221848749616356
3331,uses,8,8,2.0969100130080562
3332,usual,8,6,2.221848749616356
3333,viable,8,6,2.221848749616356
3334,vision,8,3,2.5228787452803374
3335,vital,8,6,2.221848749616356
3336,wilac,8,1,3.0
3337,ypxjf,8,1,3.0
3338,α-glucosidase,8,7,2.154901959985743
3339,β-cells,8,7,2.154901959985743
3340,β-glucan,8,1,3.0
3341,0.005,7,7,2.154901959985743
3342,0.08,7,7,2.154901959985743
3343,0.10,7,7,2.154901959985743
3344,0.17,7,7,2.154901959985743
3345,0.31,7,7,2.154901959985743
3346,0.32,7,7,2.154901959985743
3347,0.39,7,7,2.154901959985743
3348,0.41,7,7,2.154901959985743
3349,0.9,7,5,2.3010299956639813
3350,1-3,7,5,2.3010299956639813
3351,1.22,7,7,2.154901959985743
3352,1.42,7,7,2.154901959985743
3353,1.56,7,5,2.3010299956639813
3354,1.57,7,7,2.154901959985743
3355,1.65,7,7,2.154901959985743
3356,1.69,7,7,2.154901959985743
3357,1.71,7,7,2.154901959985743
3358,1.91,7,7,2.154901959985743
3359,10.0,7,7,2.154901959985743
3360,10.5,7,6,2.221848749616356
3361,12.2,7,7,2.154901959985743
3362,155383,7,1,3.0
3363,2.20,7,7,2.154901959985743
3364,2.37,7,5,2.3010299956639813
3365,3-year,7,5,2.3010299956639813
3366,3.1,7,7,2.154901959985743
3367,3.2,7,7,2.154901959985743
3368,4.2,7,7,2.154901959985743
3369,56,7,7,2.154901959985743
3370,6.2,7,7,2.154901959985743
3371,6.3,7,7,2.154901959985743
3372,6.5,7,7,2.154901959985743
3373,7.0,7,6,2.221848749616356
3374,7.8,7,7,2.154901959985743
3375,77,7,7,2.154901959985743
3376,8.5,7,7,2.154901959985743
3377,91,7,7,2.154901959985743
3378,92,7,6,2.221848749616356
3379,98,7,7,2.154901959985743
3380,a8g,7,1,3.0
3381,aberrant,7,7,2.154901959985743
3382,ac,7,6,2.221848749616356
3383,accelerate,7,7,2.154901959985743
3384,accordance,7,7,2.154901959985743
3385,accuracy,7,6,2.221848749616356
3386,accurate,7,7,2.154901959985743
3387,adipokine,7,7,2.154901959985743
3388,adjuncts,7,7,2.154901959985743
3389,admissions,7,4,2.3979400086720375
3390,adpn,7,1,3.0
3391,advantages,7,7,2.154901959985743
3392,affinity,7,6,2.221848749616356
3393,aid,7,4,2.3979400086720375
3394,akkermansia,7,5,2.3010299956639813
3395,allow,7,7,2.154901959985743
3396,almost,7,7,2.154901959985743
3397,alternatives,7,7,2.154901959985743
3398,angiotensin,7,7,2.154901959985743
3399,anorexia,7,5,2.3010299956639813
3400,anorexigenic,7,5,2.3010299956639813
3401,antipsychotic-induced,7,4,2.3979400086720375
3402,apc,7,1,3.0
3403,applicability,7,7,2.154901959985743
3404,arabia,7,4,2.3979400086720375
3405,architecture,7,6,2.221848749616356
3406,ard,7,2,2.6989700043360187
3407,arise,7,6,2.221848749616356
3408,at-risk,7,5,2.3010299956639813
3409,atherogenic,7,6,2.221848749616356
3410,attributable,7,7,2.154901959985743
3411,attributed,7,7,2.154901959985743
3412,bbb,7,2,2.6989700043360187
3413,bdnf,7,3,2.5228787452803374
3414,began,7,6,2.221848749616356
3415,bgm0504,7,1,3.0
3416,bilibili,7,1,3.0
3417,bioenergetics,7,6,2.221848749616356
3418,blood-brain,7,7,2.154901959985743
3419,bmd,7,3,2.5228787452803374
3420,bodies,7,5,2.3010299956639813
3421,brs,7,1,3.0
3422,budget,7,3,2.5228787452803374
3423,calorie,7,2,2.6989700043360187
3424,cardiomyopathy,7,6,2.221848749616356
3425,cer,7,1,3.0
3426,checklist,7,5,2.3010299956639813
3427,ci-aki,7,1,3.0
3428,cn,7,2,2.6989700043360187
3429,co-agonists,7,4,2.3979400086720375
3430,collapse,7,6,2.221848749616356
3431,colonoscopy,7,4,2.3979400086720375
3432,comes,7,6,2.221848749616356
3433,compartments,7,5,2.3010299956639813
3434,complement,7,7,2.154901959985743
3435,concentrated,7,7,2.154901959985743
3436,concurrently,7,7,2.154901959985743
3437,consent,7,4,2.3979400086720375
3438,consistency,7,6,2.221848749616356
3439,construct,7,4,2.3979400086720375
3440,continues,7,7,2.154901959985743
3441,contouring,7,3,2.5228787452803374
3442,contraindications,7,4,2.3979400086720375
3443,converge,7,7,2.154901959985743
3444,converging,7,7,2.154901959985743
3445,conversations,7,3,2.5228787452803374
3446,correlation,7,7,2.154901959985743
3447,cortical,7,6,2.221848749616356
3448,crisis,7,7,2.154901959985743
3449,criterion,7,6,2.221848749616356
3450,ctni,7,1,3.0
3451,curcumin,7,4,2.3979400086720375
3452,danish,7,5,2.3010299956639813
3453,dataset,7,7,2.154901959985743
3454,de,7,6,2.221848749616356
3455,debate,7,6,2.221848749616356
3456,deficit,7,7,2.154901959985743
3457,definition,7,6,2.221848749616356
3458,delta,7,2,2.6989700043360187
3459,depend,7,7,2.154901959985743
3460,dermatologists,7,4,2.3979400086720375
3461,detailed,7,7,2.154901959985743
3462,developmental,7,4,2.3979400086720375
3463,deviation,7,5,2.3010299956639813
3464,differing,7,6,2.221848749616356
3465,dimension,7,4,2.3979400086720375
3466,disease-specific,7,7,2.154901959985743
3467,dominated,7,7,2.154901959985743
3468,dose-response,7,5,2.3010299956639813
3469,drinking,7,3,2.5228787452803374
3470,dul,7,1,3.0
3471,durations,7,5,2.3010299956639813
3472,dyslipidaemia,7,7,2.154901959985743
3473,ectopic,7,6,2.221848749616356
3474,elevation,7,7,2.154901959985743
3475,elevations,7,4,2.3979400086720375
3476,embolism,7,7,2.154901959985743
3477,emphasize,7,7,2.154901959985743
3478,emphasized,7,7,2.154901959985743
3479,endometrial,7,5,2.3010299956639813
3480,engaged,7,5,2.3010299956639813
3481,engages,7,7,2.154901959985743
3482,enhancement,7,6,2.221848749616356
3483,enriched,7,7,2.154901959985743
3484,every,7,7,2.154901959985743
3485,evolution,7,7,2.154901959985743
3486,exact,7,7,2.154901959985743
3487,examination,7,7,2.154901959985743
3488,except,7,7,2.154901959985743
3489,exploration,7,7,2.154901959985743
3490,exposures,7,6,2.221848749616356
3491,extended-release,7,3,2.5228787452803374
3492,factor-α,7,7,2.154901959985743
3493,failed,7,6,2.221848749616356
3494,fertility,7,5,2.3010299956639813
3495,fiber,7,5,2.3010299956639813
3496,fisetin,7,3,2.5228787452803374
3497,flutter,7,3,2.5228787452803374
3498,footprint,7,2,2.6989700043360187
3499,forced,7,3,2.5228787452803374
3500,fragmented,7,7,2.154901959985743
3501,ft3,7,1,3.0
3502,fundamentally,7,7,2.154901959985743
3503,fusion-related,7,2,2.6989700043360187
3504,gains,7,6,2.221848749616356
3505,generalizability,7,7,2.154901959985743
3506,glaucoma,7,2,2.6989700043360187
3507,glp,7,6,2.221848749616356
3508,glp-1ra-based,7,2,2.6989700043360187
3509,glucose-stimulated,7,6,2.221848749616356
3510,gut-liver,7,6,2.221848749616356
3511,harmine,7,1,3.0
3512,heart-failure,7,3,2.5228787452803374
3513,height,7,7,2.154901959985743
3514,herein,7,7,2.154901959985743
3515,histologic,7,4,2.3979400086720375
3516,holistic,7,7,2.154901959985743
3517,hydrocodone,7,1,3.0
3518,hypertensive,7,6,2.221848749616356
3519,hypothetical,7,5,2.3010299956639813
3520,ia,7,1,3.0
3521,iec-ppara,7,1,3.0
3522,iex,7,1,3.0
3523,iglarlixi,7,2,2.6989700043360187
3524,il-22,7,1,3.0
3525,ileus,7,2,2.6989700043360187
3526,impairs,7,6,2.221848749616356
3527,implemented,7,7,2.154901959985743
3528,implementing,7,7,2.154901959985743
3529,in-depth,7,7,2.154901959985743
3530,inconclusive,7,7,2.154901959985743
3531,india,7,4,2.3979400086720375
3532,indirectly,7,7,2.154901959985743
3533,individually,7,7,2.154901959985743
3534,inference,7,7,2.154901959985743
3535,infrastructure,7,6,2.221848749616356
3536,inhibit,7,6,2.221848749616356
3537,instrip,7,1,3.0
3538,insufficiency,7,5,2.3010299956639813
3539,interindividual,7,7,2.154901959985743
3540,interview,7,5,2.3010299956639813
3541,interviews,7,3,2.5228787452803374
3542,intrapancreatic,7,2,2.6989700043360187
3543,introduction,7,7,2.154901959985743
3544,investigates,7,7,2.154901959985743
3545,jader,7,3,2.5228787452803374
3546,lactobacillus,7,6,2.221848749616356
3547,last,7,7,2.154901959985743
3548,leucine,7,1,3.0
3549,ligands,7,6,2.221848749616356
3550,lipid-lowering,7,6,2.221848749616356
3551,lipopolysaccharide,7,7,2.154901959985743
3552,liraglutide's,7,2,2.6989700043360187
3553,loop,7,7,2.154901959985743
3554,loosening,7,5,2.3010299956639813
3555,low-density,7,7,2.154901959985743
3556,lupeol,7,1,3.0
3557,macular,7,7,2.154901959985743
3558,maladaptive,7,7,2.154901959985743
3559,malignancies,7,6,2.221848749616356
3560,malnutrition,7,5,2.3010299956639813
3561,malo,7,2,2.6989700043360187
3562,manifestations,7,7,2.154901959985743
3563,market,7,6,2.221848749616356
3564,marketscan,7,5,2.3010299956639813
3565,max,7,4,2.3979400086720375
3566,measurable,7,7,2.154901959985743
3567,meeting,7,7,2.154901959985743
3568,melanoma,7,3,2.5228787452803374
3569,members,7,6,2.221848749616356
3570,methodology,7,5,2.3010299956639813
3571,microscopy,7,5,2.3010299956639813
3572,migraine,7,1,3.0
3573,mitigated,7,7,2.154901959985743
3574,mitigating,7,7,2.154901959985743
3575,modifies,7,7,2.154901959985743
3576,monitor,7,7,2.154901959985743
3577,multi-organ,7,6,2.221848749616356
3578,multi-target,7,5,2.3010299956639813
3579,multidimensional,7,6,2.221848749616356
3580,multifaceted,7,7,2.154901959985743
3581,mutation,7,3,2.5228787452803374
3582,myeloid,7,2,2.6989700043360187
3583,naltrexone,7,5,2.3010299956639813
3584,narratively,7,7,2.154901959985743
3585,networks,7,7,2.154901959985743
3586,neurodegeneration,7,5,2.3010299956639813
3587,ng,7,4,2.3979400086720375
3588,nma,7,3,2.5228787452803374
3589,none,7,7,2.154901959985743
3590,nonfatal,7,4,2.3979400086720375
3591,nordisk,7,7,2.154901959985743
3592,nst,7,1,3.0
3593,nt,7,1,3.0
3594,numbers,7,7,2.154901959985743
3595,ocn,7,2,2.6989700043360187
3596,open,7,7,2.154901959985743
3597,optimized,7,7,2.154901959985743
3598,orders,7,3,2.5228787452803374
3599,overexpression,7,6,2.221848749616356
3600,oxytocin,7,1,3.0
3601,painful,7,2,2.6989700043360187
3602,paper,7,7,2.154901959985743
3603,papilledema,7,2,2.6989700043360187
3604,pe,7,2,2.6989700043360187
3605,pectin,7,1,3.0
3606,peg,7,2,2.6989700043360187
3607,pending,7,7,2.154901959985743
3608,peroxisome,7,6,2.221848749616356
3609,person-years,7,5,2.3010299956639813
3610,phenomenon,7,6,2.221848749616356
3611,place,7,7,2.154901959985743
3612,placed,7,7,2.154901959985743
3613,plan,7,5,2.3010299956639813
3614,platforms,7,6,2.221848749616356
3615,pomj,7,1,3.0
3616,poorer,7,5,2.3010299956639813
3617,possibility,7,7,2.154901959985743
3618,post-ea,7,1,3.0
3619,post-marketing,7,7,2.154901959985743
3620,postpartum,7,2,2.6989700043360187
3621,pp,7,2,2.6989700043360187
3622,ppar,7,6,2.221848749616356
3623,preconception,7,5,2.3010299956639813
3624,preference,7,5,2.3010299956639813
3625,preferential,7,5,2.3010299956639813
3626,procedure-specific,7,4,2.3979400086720375
3627,progenitor,7,3,2.5228787452803374
3628,promoted,7,7,2.154901959985743
3629,promoter,7,5,2.3010299956639813
3630,raas,7,6,2.221848749616356
3631,raasi,7,1,3.0
3632,rapamycin,7,7,2.154901959985743
3633,rds,7,6,2.221848749616356
3634,reasons,7,5,2.3010299956639813
3635,recruitment,7,7,2.154901959985743
3636,reliability,7,6,2.221848749616356
3637,reliance,7,7,2.154901959985743
3638,reshaping,7,7,2.154901959985743
3639,respective,7,6,2.221848749616356
3640,retrieved,7,7,2.154901959985743
3641,reversed,7,7,2.154901959985743
3642,rrs,7,7,2.154901959985743
3643,scalable,7,6,2.221848749616356
3644,scopolamine,7,1,3.0
3645,second-line,7,5,2.3010299956639813
3646,secretagogues,7,3,2.5228787452803374
3647,selectively,7,6,2.221848749616356
3648,separated,7,7,2.154901959985743
3649,sepsis,7,5,2.3010299956639813
3650,sets,7,6,2.221848749616356
3651,sglt-2is,7,2,2.6989700043360187
3652,shifting,7,7,2.154901959985743
3653,shortages,7,5,2.3010299956639813
3654,simultaneous,7,4,2.3979400086720375
3655,since,7,7,2.154901959985743
3656,single-level,7,1,3.0
3657,slowing,7,6,2.221848749616356
3658,society,7,6,2.221848749616356
3659,solely,7,7,2.154901959985743
3660,solids,7,2,2.6989700043360187
3661,spectroscopy,7,5,2.3010299956639813
3662,ssi,7,2,2.6989700043360187
3663,sstr2,7,1,3.0
3664,stachyose,7,1,3.0
3665,stay,7,5,2.3010299956639813
3666,sterile,7,6,2.221848749616356
3667,storage,7,5,2.3010299956639813
3668,strengths,7,6,2.221848749616356
3669,structurally,7,7,2.154901959985743
3670,structures,7,7,2.154901959985743
3671,subclinical,7,5,2.3010299956639813
3672,sublingual,7,2,2.6989700043360187
3673,sud,7,2,2.6989700043360187
3674,supportive,7,6,2.221848749616356
3675,suppresses,7,6,2.221848749616356
3676,synthase,7,6,2.221848749616356
3677,tau,7,4,2.3979400086720375
3678,tb,7,2,2.6989700043360187
3679,technologies,7,6,2.221848749616356
3680,thematic,7,6,2.221848749616356
3681,third,7,7,2.154901959985743
3682,top,7,6,2.221848749616356
3683,tramadol,7,1,3.0
3684,translated,7,7,2.154901959985743
3685,transport,7,7,2.154901959985743
3686,twelve,7,7,2.154901959985743
3687,unavailable,7,7,2.154901959985743
3688,units,7,7,2.154901959985743
3689,usa,7,6,2.221848749616356
3690,utilizing,7,7,2.154901959985743
3691,validity,7,7,2.154901959985743
3692,valuable,7,7,2.154901959985743
3693,viability,7,7,2.154901959985743
3694,videos,7,2,2.6989700043360187
3695,vigilance,7,5,2.3010299956639813
3696,well-established,7,7,2.154901959985743
3697,wl,7,1,3.0
3698,world,7,7,2.154901959985743
3699,yield,7,6,2.221848749616356
3700,yr,7,2,2.6989700043360187
3701,μg,7,4,2.3979400086720375
3702,0.07,6,5,2.3010299956639813
3703,0.16,6,6,2.221848749616356
3704,0.18,6,6,2.221848749616356
3705,0.20,6,6,2.221848749616356
3706,0.23,6,6,2.221848749616356
3707,0.24,6,6,2.221848749616356
3708,0.26,6,6,2.221848749616356
3709,0.28,6,6,2.221848749616356
3710,0.29,6,6,2.221848749616356
3711,02,6,5,2.3010299956639813
3712,1.08,6,6,2.221848749616356
3713,1.11,6,5,2.3010299956639813
3714,1.29,6,6,2.221848749616356
3715,1.32,6,6,2.221848749616356
3716,1.38,6,6,2.221848749616356
3717,1.41,6,6,2.221848749616356
3718,1.43,6,5,2.3010299956639813
3719,1.52,6,6,2.221848749616356
3720,1.58,6,5,2.3010299956639813
3721,1.79,6,6,2.221848749616356
3722,10.6,6,6,2.221848749616356
3723,11.2,6,5,2.3010299956639813
3724,112,6,6,2.221848749616356
3725,118,6,6,2.221848749616356
3726,12-18,6,2,2.6989700043360187
3727,12.4,6,6,2.221848749616356
3728,142,6,6,2.221848749616356
3729,168,6,5,2.3010299956639813
3730,2.03,6,6,2.221848749616356
3731,2.9,6,6,2.221848749616356
3732,3-6,6,3,2.5228787452803374
3733,3.44,6,6,2.221848749616356
3734,3b,6,6,2.221848749616356
3735,4.5,6,6,2.221848749616356
3736,48-week,6,1,3.0
3737,5.6,6,6,2.221848749616356
3738,500,6,6,2.221848749616356
3739,6.1,6,6,2.221848749616356
3740,78,6,6,2.221848749616356
3741,8.0,6,6,2.221848749616356
3742,8.1,6,6,2.221848749616356
3743,94,6,4,2.3979400086720375
3744,a1,6,3,2.5228787452803374
3745,acting,6,6,2.221848749616356
3746,actionable,6,6,2.221848749616356
3747,activate,6,6,2.221848749616356
3748,acts,6,6,2.221848749616356
3749,acutely,6,5,2.3010299956639813
3750,adaptations,6,5,2.3010299956639813
3751,added,6,6,2.221848749616356
3752,addresses,6,6,2.221848749616356
3753,adhesion,6,3,2.5228787452803374
3754,adipocyte,6,3,2.5228787452803374
3755,adipocytes,6,4,2.3979400086720375
3756,adipogenic,6,2,2.6989700043360187
3757,aerobic,6,5,2.3010299956639813
3758,aibd,6,1,3.0
3759,ais,6,2,2.6989700043360187
3760,aki,6,2,2.6989700043360187
3761,algorithm,6,6,2.221848749616356
3762,algorithms,6,6,2.221848749616356
3763,aligned,6,6,2.221848749616356
3764,ambulatory,6,3,2.5228787452803374
3765,ameliorated,6,6,2.221848749616356
3766,aminotransferase,6,5,2.3010299956639813
3767,anesthetic,6,5,2.3010299956639813
3768,antidepressant,6,3,2.5228787452803374
3769,antipsychotics,6,4,2.3979400086720375
3770,apnoea,6,5,2.3010299956639813
3771,apolipoprotein,6,4,2.3979400086720375
3772,applicable,6,6,2.221848749616356
3773,aqueous,6,5,2.3010299956639813
3774,artificial,6,6,2.221848749616356
3775,assignment,6,6,2.221848749616356
3776,asx,6,1,3.0
3777,atp,6,5,2.3010299956639813
3778,attain-1,6,2,2.6989700043360187
3779,attractive,6,6,2.221848749616356
3780,autoimmune,6,6,2.221848749616356
3781,autonomic,6,6,2.221848749616356
3782,avoidance,6,4,2.3979400086720375
3783,aβ,6,4,2.3979400086720375
3784,bbi,6,1,3.0
3785,beginning,6,6,2.221848749616356
3786,benchmarks,6,5,2.3010299956639813
3787,biased,6,5,2.3010299956639813
3788,binge,6,3,2.5228787452803374
3789,bioelectrical,6,6,2.221848749616356
3790,blot,6,6,2.221848749616356
3791,blotting,6,6,2.221848749616356
3792,bnp,6,2,2.6989700043360187
3793,body-composition,6,5,2.3010299956639813
3794,bone-brain,6,1,3.0
3795,bootstrap,6,3,2.5228787452803374
3796,breve,6,1,3.0
3797,broadly,6,6,2.221848749616356
3798,caco-2,6,6,2.221848749616356
3799,calibration,6,3,2.5228787452803374
3800,carbohydrate,6,4,2.3979400086720375
3801,carbohydrates,6,4,2.3979400086720375
3802,carefully,6,6,2.221848749616356
3803,carvacrol,6,1,3.0
3804,case-control,6,6,2.221848749616356
3805,caused,6,6,2.221848749616356
3806,cell-specific,6,3,2.5228787452803374
3807,changed,6,6,2.221848749616356
3808,channel,6,4,2.3979400086720375
3809,child,6,4,2.3979400086720375
3810,childhood,6,5,2.3010299956639813
3811,cholecystitis,6,5,2.3010299956639813
3812,cim,6,1,3.0
3813,circulation,6,6,2.221848749616356
3814,class-wide,6,5,2.3010299956639813
3815,classical,6,6,2.221848749616356
3816,cli,6,2,2.6989700043360187
3817,co-transporter-2,6,6,2.221848749616356
3818,coding,6,5,2.3010299956639813
3819,colon,6,4,2.3979400086720375
3820,colorectal,6,5,2.3010299956639813
3821,compelling,6,6,2.221848749616356
3822,competence,6,3,2.5228787452803374
3823,completely,6,6,2.221848749616356
3824,compounding,6,5,2.3010299956639813
3825,compromising,6,6,2.221848749616356
3826,computational,6,5,2.3010299956639813
3827,conditioned,6,5,2.3010299956639813
3828,confounders,6,6,2.221848749616356
3829,consisting,6,6,2.221848749616356
3830,consultation,6,6,2.221848749616356
3831,contained,6,4,2.3979400086720375
3832,context-dependent,6,6,2.221848749616356
3833,continuously,6,6,2.221848749616356
3834,convergent,6,5,2.3010299956639813
3835,coordination,6,5,2.3010299956639813
3836,ct130,6,1,3.0
3837,cuff,6,3,2.5228787452803374
3838,curves,6,6,2.221848749616356
3839,dates,6,5,2.3010299956639813
3840,de-identified,6,6,2.221848749616356
3841,decade,6,6,2.221848749616356
3842,deficits,6,6,2.221848749616356
3843,degenerative,6,2,2.6989700043360187
3844,deliver,6,6,2.221848749616356
3845,delphi,6,4,2.3979400086720375
3846,detect,6,5,2.3010299956639813
3847,detectable,6,5,2.3010299956639813
3848,devices,6,4,2.3979400086720375
3849,dexamethasone,6,2,2.6989700043360187
3850,diabetes-labeled,6,1,3.0
3851,diagnoses,6,6,2.221848749616356
3852,differentiated,6,6,2.221848749616356
3853,digestibility,6,2,2.6989700043360187
3854,digestive,6,5,2.3010299956639813
3855,diminished,6,6,2.221848749616356
3856,dio,6,5,2.3010299956639813
3857,dispensing,6,6,2.221848749616356
3858,disproportionate,6,6,2.221848749616356
3859,distinguishing,6,5,2.3010299956639813
3860,douyin,6,1,3.0
3861,drawn,6,6,2.221848749616356
3862,drug-related,6,5,2.3010299956639813
3863,early-stage,6,5,2.3010299956639813
3864,editorial,6,6,2.221848749616356
3865,eec,6,1,3.0
3866,efficiency,6,5,2.3010299956639813
3867,effluvium,6,3,2.5228787452803374
3868,egger's,6,4,2.3979400086720375
3869,elastography,6,5,2.3010299956639813
3870,electrostatic,6,2,2.6989700043360187
3871,eleven,6,6,2.221848749616356
3872,elisa,6,6,2.221848749616356
3873,enabled,6,6,2.221848749616356
3874,encounter,6,5,2.3010299956639813
3875,engage,6,6,2.221848749616356
3876,enkephalin,6,1,3.0
3877,enzymatic,6,6,2.221848749616356
3878,epidemic,6,6,2.221848749616356
3879,episodes,6,5,2.3010299956639813
3880,equivalent,6,5,2.3010299956639813
3881,erk,6,4,2.3979400086720375
3882,exacerbations,6,4,2.3979400086720375
3883,excellent,6,6,2.221848749616356
3884,exclusions,6,6,2.221848749616356
3885,exerted,6,6,2.221848749616356
3886,exhibits,6,6,2.221848749616356
3887,expands,6,6,2.221848749616356
3888,expiratory,6,3,2.5228787452803374
3889,explicit,6,5,2.3010299956639813
3890,explicitly,6,6,2.221848749616356
3891,extends,6,5,2.3010299956639813
3892,eye,6,5,2.3010299956639813
3893,fate,6,4,2.3979400086720375
3894,favoring,6,6,2.221848749616356
3895,feed,6,2,2.6989700043360187
3896,ffs,6,1,3.0
3897,fixed-dose,6,4,2.3979400086720375
3898,fluctuations,6,6,2.221848749616356
3899,follows,6,6,2.221848749616356
3900,forms,6,5,2.3010299956639813
3901,foxa1,6,1,3.0
3902,fsh,6,3,2.5228787452803374
3903,fullness,6,4,2.3979400086720375
3904,gastroesophageal,6,6,2.221848749616356
3905,gastroparesis,6,4,2.3979400086720375
3906,geometric,6,5,2.3010299956639813
3907,german,6,3,2.5228787452803374
3908,geroprotective,6,4,2.3979400086720375
3909,gland,6,2,2.6989700043360187
3910,glucocorticoid,6,4,2.3979400086720375
3911,goals,6,6,2.221848749616356
3912,gpr119,6,3,2.5228787452803374
3913,gpr43,6,1,3.0
3914,gr,6,1,3.0
3915,graded,6,5,2.3010299956639813
3916,green,6,4,2.3979400086720375
3917,gt,6,1,3.0
3918,hallmark,6,6,2.221848749616356
3919,hallmarks,6,4,2.3979400086720375
3920,hap,6,1,3.0
3921,hierarchical,6,6,2.221848749616356
3922,high-sensitivity,6,6,2.221848749616356
3923,hospitalized,6,4,2.3979400086720375
3924,hs-crp,6,3,2.5228787452803374
3925,hub,6,4,2.3979400086720375
3926,hundred,6,5,2.3010299956639813
3927,hydrophobic,6,5,2.3010299956639813
3928,hypoxic,6,3,2.5228787452803374
3929,i1088,6,1,3.0
3930,iarc,6,1,3.0
3931,immunity,6,5,2.3010299956639813
3932,infectious,6,5,2.3010299956639813
3933,inflammaging,6,3,2.5228787452803374
3934,influenced,6,6,2.221848749616356
3935,infusions,6,2,2.6989700043360187
3936,innate,6,5,2.3010299956639813
3937,insulin-independent,6,4,2.3979400086720375
3938,intention-to-treat,6,6,2.221848749616356
3939,intermediate,6,4,2.3979400086720375
3940,interventional,6,5,2.3010299956639813
3941,inulin,6,2,2.6989700043360187
3942,investigators,6,6,2.221848749616356
3943,involves,6,6,2.221848749616356
3944,ir,6,4,2.3979400086720375
3945,ird,6,1,3.0
3946,issue,6,6,2.221848749616356
3947,jumpstart,6,1,3.0
3948,junction,6,3,2.5228787452803374
3949,kc,6,1,3.0
3950,kcal,6,5,2.3010299956639813
3951,labels,6,3,2.5228787452803374
3952,lactate,6,6,2.221848749616356
3953,lb,6,3,2.5228787452803374
3954,lds,6,1,3.0
3955,ligand,6,6,2.221848749616356
3956,linagliptin,6,2,2.6989700043360187
3957,lipotoxicity,6,6,2.221848749616356
3958,live,6,6,2.221848749616356
3959,ln,6,3,2.5228787452803374
3960,load,6,4,2.3979400086720375
3961,losing,6,6,2.221848749616356
3962,losses,6,6,2.221848749616356
3963,lrr,6,2,2.6989700043360187
3964,lt,6,2,2.6989700043360187
3965,lvad,6,1,3.0
3966,mafld,6,3,2.5228787452803374
3967,mala,6,1,3.0
3968,malformations,6,3,2.5228787452803374
3969,malignancy,6,6,2.221848749616356
3970,march5,6,1,3.0
3971,markov,6,6,2.221848749616356
3972,materials,6,6,2.221848749616356
3973,matrices,6,5,2.3010299956639813
3974,matsuda,6,2,2.6989700043360187
3975,maximal,6,6,2.221848749616356
3976,mda,6,4,2.3979400086720375
3977,mdi,6,1,3.0
3978,mds,6,5,2.3010299956639813
3979,mediate,6,2,2.6989700043360187
3980,mediates,6,6,2.221848749616356
3981,microglial,6,5,2.3010299956639813
3982,mineral,6,5,2.3010299956639813
3983,minimally,6,5,2.3010299956639813
3984,minutes,6,4,2.3979400086720375
3985,missing,6,6,2.221848749616356
3986,mmtt,6,2,2.6989700043360187
3987,modulated,6,6,2.221848749616356
3988,molecule,6,5,2.3010299956639813
3989,monthly,6,5,2.3010299956639813
3990,mostly,6,6,2.221848749616356
3991,mtc,6,2,2.6989700043360187
3992,multi-agonist,6,4,2.3979400086720375
3993,mvs,6,1,3.0
3994,nadir,6,3,2.5228787452803374
3995,neck,6,2,2.6989700043360187
3996,neither,6,5,2.3010299956639813
3997,neuroimaging,6,5,2.3010299956639813
3998,neuroprotection,6,6,2.221848749616356
3999,neurovascular,6,4,2.3979400086720375
4000,nevertheless,6,6,2.221848749616356
4001,nmsc,6,1,3.0
4002,nnt,6,2,2.6989700043360187
4003,non-arteritic,6,4,2.3979400086720375
4004,noninvasive,6,3,2.5228787452803374
4005,nonrandomized,6,4,2.3979400086720375
4006,nutrients,6,6,2.221848749616356
4007,nvamd,6,1,3.0
4008,nvamd-c,6,1,3.0
4009,nvamd-cp,6,1,3.0
4010,one-third,6,6,2.221848749616356
4011,organ-specific,6,6,2.221848749616356
4012,organized,6,6,2.221848749616356
4013,os,6,2,2.6989700043360187
4014,outpatients,6,5,2.3010299956639813
4015,pairing,6,5,2.3010299956639813
4016,panoptosis,6,1,3.0
4017,paradox,6,5,2.3010299956639813
4018,parameter,6,6,2.221848749616356
4019,permeation,6,4,2.3979400086720375
4020,peroxidation,6,4,2.3979400086720375
4021,persists,6,6,2.221848749616356
4022,pharmacodynamics,6,6,2.221848749616356
4023,phenotype-based,6,4,2.3979400086720375
4024,pipeline,6,6,2.221848749616356
4025,planning,6,5,2.3010299956639813
4026,plastic,6,4,2.3979400086720375
4027,platelet,6,2,2.6989700043360187
4028,plays,6,6,2.221848749616356
4029,positions,6,5,2.3010299956639813
4030,post-bariatric,6,5,2.3010299956639813
4031,post-cessation,6,3,2.5228787452803374
4032,post-vaccination,6,1,3.0
4033,potassium,6,6,2.221848749616356
4034,power,6,6,2.221848749616356
4035,powerful,6,6,2.221848749616356
4036,pparγ,6,4,2.3979400086720375
4037,ppha,6,1,3.0
4038,prandial,6,3,2.5228787452803374
4039,pre-operative,6,4,2.3979400086720375
4040,prebiotics,6,5,2.3010299956639813
4041,precursors,6,6,2.221848749616356
4042,preferences,6,6,2.221848749616356
4043,presentations,6,6,2.221848749616356
4044,prioritize,6,6,2.221848749616356
4045,produces,6,6,2.221848749616356
4046,prolong,6,6,2.221848749616356
4047,proof,6,6,2.221848749616356
4048,q4,6,2,2.6989700043360187
4049,quarter,6,4,2.3979400086720375
4050,questionnaires,6,4,2.3979400086720375
4051,rank,6,5,2.3010299956639813
4052,reach,6,6,2.221848749616356
4053,reassuring,6,5,2.3010299956639813
4054,receiver,6,5,2.3010299956639813
4055,recognizing,6,6,2.221848749616356
4056,recombinant,6,3,2.5228787452803374
4057,referral,6,6,2.221848749616356
4058,refine,6,6,2.221848749616356
4059,regurgitation,6,1,3.0
4060,relapsing,6,6,2.221848749616356
4061,reliable,6,4,2.3979400086720375
4062,reoperation,6,5,2.3010299956639813
4063,repurposing,6,6,2.221848749616356
4064,rescue,6,3,2.5228787452803374
4065,respect,6,6,2.221848749616356
4066,respiration,6,3,2.5228787452803374
4067,responder,6,5,2.3010299956639813
4068,responsible,6,6,2.221848749616356
4069,restores,6,6,2.221848749616356
4070,revascularization,6,5,2.3010299956639813
4071,reveals,6,6,2.221848749616356
4072,rgv,6,1,3.0
4073,rna-seq,6,5,2.3010299956639813
4074,roadmap,6,6,2.221848749616356
4075,rob,6,6,2.221848749616356
4076,robins-i,6,6,2.221848749616356
4077,rose,6,6,2.221848749616356
4078,rotator,6,3,2.5228787452803374
4079,rwg,6,1,3.0
4080,scaffold,6,6,2.221848749616356
4081,scenario,6,4,2.3979400086720375
4082,scfas,6,6,2.221848749616356
4083,self-medication,6,2,2.6989700043360187
4084,sensors,6,6,2.221848749616356
4085,separately,6,5,2.3010299956639813
4086,serial,6,6,2.221848749616356
4087,serves,6,6,2.221848749616356
4088,sgt-m,6,1,3.0
4089,silencing,6,5,2.3010299956639813
4090,smg,6,1,3.0
4091,sought,6,6,2.221848749616356
4092,south,6,5,2.3010299956639813
4093,spectrometry,6,5,2.3010299956639813
4094,spontaneous,6,6,2.221848749616356
4095,squamous,6,2,2.6989700043360187
4096,staining,6,6,2.221848749616356
4097,standard-dose,6,1,3.0
4098,start,6,6,2.221848749616356
4099,step,6,6,2.221848749616356
4100,stimulating,6,5,2.3010299956639813
4101,strata,6,5,2.3010299956639813
4102,strengthen,6,6,2.221848749616356
4103,su,6,1,3.0
4104,sub-group,6,2,2.6989700043360187
4105,substitution,6,5,2.3010299956639813
4106,suicide-related,6,2,2.6989700043360187
4107,supplemented,6,6,2.221848749616356
4108,supplements,6,4,2.3979400086720375
4109,supply,6,6,2.221848749616356
4110,surveys,6,6,2.221848749616356
4111,synergy,6,5,2.3010299956639813
4112,taiwan,6,3,2.5228787452803374
4113,tbi,6,1,3.0
4114,telogen,6,3,2.5228787452803374
4115,terminology,6,5,2.3010299956639813
4116,tertiary,6,6,2.221848749616356
4117,thiamine,6,4,2.3979400086720375
4118,thromboembolism,6,6,2.221848749616356
4119,tight,6,2,2.6989700043360187
4120,time-dependent,6,5,2.3010299956639813
4121,timepoints,6,4,2.3979400086720375
4122,tirzepatide's,6,5,2.3010299956639813
4123,titration,6,5,2.3010299956639813
4124,transcripts,6,2,2.6989700043360187
4125,transfer,6,6,2.221848749616356
4126,transformative,6,6,2.221848749616356
4127,trial-level,6,2,2.6989700043360187
4128,tsa,6,2,2.6989700043360187
4129,tumors,6,3,2.5228787452803374
4130,tumour,6,4,2.3979400086720375
4131,two-week,6,1,3.0
4132,uc,6,1,3.0
4133,udca,6,1,3.0
4134,underexplored,6,6,2.221848749616356
4135,underrepresented,6,6,2.221848749616356
4136,unexposed,6,5,2.3010299956639813
4137,unified,6,6,2.221848749616356
4138,university,6,5,2.3010299956639813
4139,unregulated,6,6,2.221848749616356
4140,update,6,5,2.3010299956639813
4141,urgent,6,6,2.221848749616356
4142,varies,6,6,2.221848749616356
4143,vertebral,6,1,3.0
4144,veterans,6,3,2.5228787452803374
4145,warranting,6,6,2.221848749616356
4146,wat,6,2,2.6989700043360187
4147,way,6,6,2.221848749616356
4148,weight-management,6,5,2.3010299956639813
4149,wk,6,5,2.3010299956639813
4150,wmd,6,1,3.0
4151,ybx1,6,1,3.0
4152,γδ,6,1,3.0
4153,η2p,6,1,3.0
4154,0.0002,5,5,2.3010299956639813
4155,0.004,5,5,2.3010299956639813
4156,0.006,5,5,2.3010299956639813
4157,0.008,5,5,2.3010299956639813
4158,0.012,5,5,2.3010299956639813
4159,0.014,5,5,2.3010299956639813
4160,0.016,5,4,2.3979400086720375
4161,0.022,5,5,2.3010299956639813
4162,0.023,5,5,2.3010299956639813
4163,0.026,5,5,2.3010299956639813
4164,0.034,5,5,2.3010299956639813
4165,0.040,5,5,2.3010299956639813
4166,031,5,4,2.3979400086720375
4167,04,5,4,2.3979400086720375
4168,1.33,5,5,2.3010299956639813
4169,1.37,5,5,2.3010299956639813
4170,1.40,5,5,2.3010299956639813
4171,1.46,5,5,2.3010299956639813
4172,1.53,5,5,2.3010299956639813
4173,1.89,5,5,2.3010299956639813
4174,1.9,5,5,2.3010299956639813
4175,1.98,5,5,2.3010299956639813
4176,10.4,5,5,2.3010299956639813
4177,10.7,5,5,2.3010299956639813
4178,10.8,5,5,2.3010299956639813
4179,104,5,4,2.3979400086720375
4180,106,5,5,2.3010299956639813
4181,107,5,5,2.3010299956639813
4182,109,5,5,2.3010299956639813
4183,11.1,5,5,2.3010299956639813
4184,11.4,5,4,2.3979400086720375
4185,11.8,5,5,2.3010299956639813
4186,113,5,5,2.3010299956639813
4187,114,5,5,2.3010299956639813
4188,119,5,5,2.3010299956639813
4189,12.3,5,5,2.3010299956639813
4190,123,5,5,2.3010299956639813
4191,132,5,4,2.3979400086720375
4192,135,5,3,2.5228787452803374
4193,140,5,5,2.3010299956639813
4194,143,5,5,2.3010299956639813
4195,151,5,5,2.3010299956639813
4196,16.0,5,5,2.3010299956639813
4197,18-month,5,3,2.5228787452803374
4198,182.5,5,1,3.0
4199,196,5,5,2.3010299956639813
4200,1b,5,4,2.3979400086720375
4201,2-ha,5,1,3.0
4202,2.39,5,5,2.3010299956639813
4203,2.67,5,3,2.5228787452803374
4204,200-mg,5,1,3.0
4205,2006,5,4,2.3979400086720375
4206,242,5,4,2.3979400086720375
4207,2557,5,1,3.0
4208,299,5,4,2.3979400086720375
4209,3.4,5,5,2.3010299956639813
4210,3.52,5,5,2.3010299956639813
4211,3.8,5,5,2.3010299956639813
4212,300,5,5,2.3010299956639813
4213,32.6,5,5,2.3010299956639813
4214,34.9,5,5,2.3010299956639813
4215,380,5,2,2.6989700043360187
4216,395,5,2,2.6989700043360187
4217,3a,5,2,2.6989700043360187
4218,4.1,5,5,2.3010299956639813
4219,5.9,5,4,2.3979400086720375
4220,5b,5,1,3.0
4221,6.7,5,5,2.3010299956639813
4222,62,5,5,2.3010299956639813
4223,69,5,5,2.3010299956639813
4224,6j,5,5,2.3010299956639813
4225,7.1,5,5,2.3010299956639813
4226,7.3,5,5,2.3010299956639813
4227,7.6,5,5,2.3010299956639813
4228,7.7,5,4,2.3979400086720375
4229,8.7,5,5,2.3010299956639813
4230,8.9,5,5,2.3010299956639813
4231,86,5,5,2.3010299956639813
4232,9.3,5,5,2.3010299956639813
4233,9.4,5,5,2.3010299956639813
4234,9.8,5,4,2.3979400086720375
4235,93,5,5,2.3010299956639813
4236,able,5,5,2.3010299956639813
4237,abnormal,5,5,2.3010299956639813
4238,abolished,5,5,2.3010299956639813
4239,accelerating,5,5,2.3010299956639813
4240,accompanying,5,5,2.3010299956639813
4241,accordingly,5,5,2.3010299956639813
4242,accumulating,5,5,2.3010299956639813
4243,accurately,5,5,2.3010299956639813
4244,activator,5,4,2.3979400086720375
4245,adds,5,2,2.6989700043360187
4246,adenosine,5,5,2.3010299956639813
4247,adverse-event,5,5,2.3010299956639813
4248,aga,5,2,2.6989700043360187
4249,agency,5,5,2.3010299956639813
4250,alignment,5,5,2.3010299956639813
4251,alleviating,5,5,2.3010299956639813
4252,alters,5,5,2.3010299956639813
4253,alzheimer,5,2,2.6989700043360187
4254,amplification,5,5,2.3010299956639813
4255,anaesthesia,5,1,3.0
4256,analyse,5,4,2.3979400086720375
4257,analyze,5,4,2.3979400086720375
4258,antibiotic,5,5,2.3010299956639813
4259,antibiotics,5,3,2.5228787452803374
4260,antioxidant,5,5,2.3010299956639813
4261,antiretroviral,5,4,2.3979400086720375
4262,aortic,5,2,2.6989700043360187
4263,applying,5,5,2.3010299956639813
4264,appointment,5,2,2.6989700043360187
4265,appropriateness,5,3,2.5228787452803374
4266,argues,5,5,2.3010299956639813
4267,arm,5,3,2.5228787452803374
4268,arrhythmias,5,5,2.3010299956639813
4269,arthroscopic,5,2,2.6989700043360187
4270,aseptic,5,4,2.3979400086720375
4271,associative,5,5,2.3010299956639813
4272,astrocyte,5,4,2.3979400086720375
4273,attendance,5,3,2.5228787452803374
4274,attitudes,5,4,2.3979400086720375
4275,attributes,5,3,2.5228787452803374
4276,authorities,5,3,2.5228787452803374
4277,avenue,5,5,2.3010299956639813
4278,aware,5,5,2.3010299956639813
4279,axial,5,2,2.6989700043360187
4280,base-case,5,3,2.5228787452803374
4281,basic,5,5,2.3010299956639813
4282,bca,5,1,3.0
4283,becoming,5,5,2.3010299956639813
4284,behaviour,5,5,2.3010299956639813
4285,between-class,5,1,3.0
4286,binds,5,5,2.3010299956639813
4287,biologics,5,4,2.3979400086720375
4288,biomarker-guided,5,4,2.3979400086720375
4289,birth,5,5,2.3010299956639813
4290,blockers,5,5,2.3010299956639813
4291,bolus,5,4,2.3979400086720375
4292,boundaries,5,3,2.5228787452803374
4293,bpm,5,2,2.6989700043360187
4294,breakthroughs,5,4,2.3979400086720375
4295,bsh,5,2,2.6989700043360187
4296,butyrate,5,3,2.5228787452803374
4297,ca,5,1,3.0
4298,ca7s,5,1,3.0
4299,cabg,5,1,3.0
4300,calendar,5,4,2.3979400086720375
4301,calls,5,5,2.3010299956639813
4302,calorimetry,5,3,2.5228787452803374
4303,canada,5,3,2.5228787452803374
4304,carcinogenicity,5,1,3.0
4305,cardiology,5,4,2.3979400086720375
4306,caregivers,5,1,3.0
4307,carrying,5,4,2.3979400086720375
4308,cartilage,5,4,2.3979400086720375
4309,causing,5,5,2.3010299956639813
4310,cautious,5,5,2.3010299956639813
4311,censoring,5,3,2.5228787452803374
4312,cerebellar,5,1,3.0
4313,characterise,5,5,2.3010299956639813
4314,characterization,5,3,2.5228787452803374
4315,chi-square,5,5,2.3010299956639813
4316,ci95,5,1,3.0
4317,circadian,5,5,2.3010299956639813
4318,circuit,5,5,2.3010299956639813
4319,circuitry,5,5,2.3010299956639813
4320,city,5,5,2.3010299956639813
4321,ckd-specific,5,4,2.3979400086720375
4322,close,5,5,2.3010299956639813
4323,cmds,5,1,3.0
4324,co-occurrence,5,5,2.3010299956639813
4325,coexisting,5,5,2.3010299956639813
4326,colitis,5,3,2.5228787452803374
4327,collection,5,5,2.3010299956639813
4328,combines,5,5,2.3010299956639813
4329,commentary,5,4,2.3979400086720375
4330,companion,5,3,2.5228787452803374
4331,comparability,5,3,2.5228787452803374
4332,comparatively,5,5,2.3010299956639813
4333,compatible,5,5,2.3010299956639813
4334,compensatory,5,5,2.3010299956639813
4335,compliance,5,5,2.3010299956639813
4336,conclude,5,5,2.3010299956639813
4337,concordant,5,5,2.3010299956639813
4338,confers,5,5,2.3010299956639813
4339,conservative,5,5,2.3010299956639813
4340,considerably,5,5,2.3010299956639813
4341,constraints,5,4,2.3979400086720375
4342,contains,5,5,2.3010299956639813
4343,continuation,5,5,2.3010299956639813
4344,controversies,5,4,2.3979400086720375
4345,coordinate,5,5,2.3010299956639813
4346,corrected,5,3,2.5228787452803374
4347,cortex,5,4,2.3979400086720375
4348,counselling,5,4,2.3979400086720375
4349,counterparts,5,5,2.3010299956639813
4350,counts,5,5,2.3010299956639813
4351,cpap,5,2,2.6989700043360187
4352,crd,5,5,2.3010299956639813
4353,creating,5,5,2.3010299956639813
4354,credible,5,4,2.3979400086720375
4355,crucially,5,5,2.3010299956639813
4356,cultural,5,3,2.5228787452803374
4357,cvots,5,3,2.5228787452803374
4358,cyclosporine,5,2,2.6989700043360187
4359,daytime,5,4,2.3979400086720375
4360,de-intensification,5,1,3.0
4361,deeper,5,5,2.3010299956639813
4362,defect,5,3,2.5228787452803374
4363,deidentified,5,5,2.3010299956639813
4364,dependent,5,5,2.3010299956639813
4365,depends,5,5,2.3010299956639813
4366,derive,5,5,2.3010299956639813
4367,description,5,5,2.3010299956639813
4368,determining,5,5,2.3010299956639813
4369,diarrhoea,5,5,2.3010299956639813
4370,directional,5,5,2.3010299956639813
4371,discontinue,5,5,2.3010299956639813
4372,discontinuers,5,3,2.5228787452803374
4373,discontinuing,5,4,2.3979400086720375
4374,discrimination,5,4,2.3979400086720375
4375,displayed,5,5,2.3010299956639813
4376,disproportionately,5,5,2.3010299956639813
4377,disrupts,5,4,2.3979400086720375
4378,distinction,5,5,2.3010299956639813
4379,distributed,5,5,2.3010299956639813
4380,disturbance,5,4,2.3979400086720375
4381,diuretics,5,4,2.3979400086720375
4382,donors,5,2,2.6989700043360187
4383,dopamine,5,4,2.3979400086720375
4384,efforts,5,5,2.3010299956639813
4385,ela-lys12,5,1,3.0
4386,electrolyte,5,5,2.3010299956639813
4387,elongation,5,1,3.0
4388,ema,5,4,2.3979400086720375
4389,enrolling,5,5,2.3010299956639813
4390,enteral,5,2,2.6989700043360187
4391,entry,5,4,2.3979400086720375
4392,eoss,5,1,3.0
4393,epicardial,5,4,2.3979400086720375
4394,epilepsy,5,1,3.0
4395,equally,5,4,2.3979400086720375
4396,estrogen,5,3,2.5228787452803374
4397,ethnicity,5,5,2.3010299956639813
4398,evidenced,5,5,2.3010299956639813
4399,evolve,5,5,2.3010299956639813
4400,evt,5,1,3.0
4401,exceeded,5,5,2.3010299956639813
4402,exclusively,5,5,2.3010299956639813
4403,excursions,5,4,2.3979400086720375
4404,exerting,5,5,2.3010299956639813
4405,experiment,5,3,2.5228787452803374
4406,experimentally,5,4,2.3979400086720375
4407,explanation,5,5,2.3010299956639813
4408,explanations,5,5,2.3010299956639813
4409,extraction,5,5,2.3010299956639813
4410,f2-f3,5,4,2.3979400086720375
4411,fails,5,5,2.3010299956639813
4412,fair,5,4,2.3979400086720375
4413,falls,5,5,2.3010299956639813
4414,far,5,5,2.3010299956639813
4415,faster,5,3,2.5228787452803374
4416,fentanyl,5,1,3.0
4417,fetal,5,3,2.5228787452803374
4418,fev1,5,1,3.0
4419,fields,5,4,2.3979400086720375
4420,fill,5,5,2.3010299956639813
4421,film,5,2,2.6989700043360187
4422,financial,5,5,2.3010299956639813
4423,finger,5,2,2.6989700043360187
4424,fixed-effects,5,5,2.3010299956639813
4425,flexibility,5,5,2.3010299956639813
4426,fm,5,2,2.6989700043360187
4427,food-related,5,3,2.5228787452803374
4428,frail,5,3,2.5228787452803374
4429,funnel,5,4,2.3979400086720375
4430,gallstones,5,3,2.5228787452803374
4431,gamma,5,4,2.3979400086720375
4432,generalized,5,5,2.3010299956639813
4433,genital,5,5,2.3010299956639813
4434,genome-wide,5,4,2.3979400086720375
4435,gk,5,2,2.6989700043360187
4436,glp-1rs,5,4,2.3979400086720375
4437,glycolytic,5,2,2.6989700043360187
4438,gradient,5,4,2.3979400086720375
4439,graft,5,2,2.6989700043360187
4440,great,5,5,2.3010299956639813
4441,gynecologists,5,2,2.6989700043360187
4442,haemodynamic,5,4,2.3979400086720375
4443,hard,5,5,2.3010299956639813
4444,harmonised,5,5,2.3010299956639813
4445,hb8,5,1,3.0
4446,hblt,5,1,3.0
4447,healthier,5,3,2.5228787452803374
4448,heavy,5,3,2.5228787452803374
4449,hemodynamics,5,4,2.3979400086720375
4450,hepatotoxicity,5,2,2.6989700043360187
4451,hfd-fed,5,2,2.6989700043360187
4452,hg,5,4,2.3979400086720375
4453,hgp,5,1,3.0
4454,histology,5,5,2.3010299956639813
4455,ho,5,1,3.0
4456,hour,5,2,2.6989700043360187
4457,hypersensitivity,5,3,2.5228787452803374
4458,ice,5,1,3.0
4459,icers,5,3,2.5228787452803374
4460,idegasp,5,1,3.0
4461,ifn-γ,5,2,2.6989700043360187
4462,iglarreduced,5,1,3.0
4463,inappropriate,5,2,2.6989700043360187
4464,incretin-related,5,5,2.3010299956639813
4465,inducing,5,5,2.3010299956639813
4466,infiltration,5,4,2.3979400086720375
4467,insecurity,5,2,2.6989700043360187
4468,instead,5,5,2.3010299956639813
4469,instructions,5,5,2.3010299956639813
4470,insulin-deficient,5,2,2.6989700043360187
4471,intensified,5,3,2.5228787452803374
4472,interface,5,4,2.3979400086720375
4473,interleukin,5,3,2.5228787452803374
4474,internal,5,5,2.3010299956639813
4475,intraoperative,5,2,2.6989700043360187
4476,intrinsic,5,5,2.3010299956639813
4477,invasive,5,4,2.3979400086720375
4478,involve,5,5,2.3010299956639813
4479,ipmn,5,1,3.0
4480,irisin,5,2,2.6989700043360187
4481,irreversible,5,4,2.3979400086720375
4482,irrs,5,3,2.5228787452803374
4483,iu,5,4,2.3979400086720375
4484,kansas,5,5,2.3010299956639813
4485,keywords,5,5,2.3010299956639813
4486,kidneyintelx,5,1,3.0
4487,kpdm,5,1,3.0
4488,latest,5,5,2.3010299956639813
4489,layer,5,4,2.3979400086720375
4490,laying,5,2,2.6989700043360187
4491,leader,5,5,2.3010299956639813
4492,libitum,5,4,2.3979400086720375
4493,life-threatening,5,5,2.3010299956639813
4494,lifelong,5,5,2.3010299956639813
4495,limb,5,3,2.5228787452803374
4496,lists,5,5,2.3010299956639813
4497,lor,5,1,3.0
4498,low-protein,5,1,3.0
4499,luminal,5,4,2.3979400086720375
4500,lv,5,2,2.6989700043360187
4501,machine,5,4,2.3979400086720375
4502,mainland,5,3,2.5228787452803374
4503,mammalian,5,4,2.3979400086720375
4504,manager,5,4,2.3979400086720375
4505,mandated,5,1,3.0
4506,mapping,5,5,2.3010299956639813
4507,massiliensis,5,1,3.0
4508,mcf,5,1,3.0
4509,mci,5,3,2.5228787452803374
4510,meaningfully,5,4,2.3979400086720375
4511,medium,5,5,2.3010299956639813
4512,melanocortin-4,5,2,2.6989700043360187
4513,membership,5,3,2.5228787452803374
4514,metabolic-bariatric,5,1,3.0
4515,microenvironment,5,5,2.3010299956639813
4516,micronutrients,5,5,2.3010299956639813
4517,midazolam,5,2,2.6989700043360187
4518,misinformation,5,4,2.3979400086720375
4519,mitigation,5,5,2.3010299956639813
4520,mitochondria,5,4,2.3979400086720375
4521,mixed-meal,5,5,2.3010299956639813
4522,moderate-to-severe,5,3,2.5228787452803374
4523,modifier,5,4,2.3979400086720375
4524,mody,5,1,3.0
4525,monocytes,5,1,3.0
4526,monophosphate,5,5,2.3010299956639813
4527,motor,5,4,2.3979400086720375
4528,move,5,5,2.3010299956639813
4529,mri,5,4,2.3979400086720375
4530,mtdna,5,4,2.3979400086720375
4531,muct,5,1,3.0
4532,multi-level,5,2,2.6989700043360187
4533,multi-receptor,5,5,2.3010299956639813
4534,narratives,5,3,2.5228787452803374
4535,nasal,5,1,3.0
4536,native,5,3,2.5228787452803374
4537,navigating,5,5,2.3010299956639813
4538,necessarily,5,5,2.3010299956639813
4539,nens,5,1,3.0
4540,neovascular,5,4,2.3979400086720375
4541,neuropeptide,5,4,2.3979400086720375
4542,never,5,4,2.3979400086720375
4543,newcastle-ottawa,5,5,2.3010299956639813
4544,nhs,5,3,2.5228787452803374
4545,nod-like,5,4,2.3979400086720375
4546,non-glp-1ra,5,5,2.3010299956639813
4547,non-glp-1ras,5,3,2.5228787452803374
4548,non-inferiority,5,3,2.5228787452803374
4549,non-obese,5,3,2.5228787452803374
4550,normalization,5,5,2.3010299956639813
4551,normalized,5,5,2.3010299956639813
4552,north,5,5,2.3010299956639813
4553,nuclei,5,2,2.6989700043360187
4554,nud,5,1,3.0
4555,oao,5,1,3.0
4556,oatp1b,5,1,3.0
4557,obstetrician-gynecologists,5,2,2.6989700043360187
4558,occupancy,5,3,2.5228787452803374
4559,oil,5,4,2.3979400086720375
4560,ojps,5,1,3.0
4561,on-treatment,5,4,2.3979400086720375
4562,oncology,5,5,2.3010299956639813
4563,one-to-one,5,5,2.3010299956639813
4564,org,5,5,2.3010299956639813
4565,orlistat,5,5,2.3010299956639813
4566,orofacial,5,1,3.0
4567,orthopaedic,5,3,2.5228787452803374
4568,osteolysis,5,1,3.0
4569,osteoporotic,5,2,2.6989700043360187
4570,outperformed,5,4,2.3979400086720375
4571,overt,5,4,2.3979400086720375
4572,ox,5,1,3.0
4573,oxycodone,5,1,3.0
4574,p1np,5,2,2.6989700043360187
4575,pap,5,2,2.6989700043360187
4576,parallel-group,5,5,2.3010299956639813
4577,particle,5,4,2.3979400086720375
4578,pasteurized,5,1,3.0
4579,patent,5,4,2.3979400086720375
4580,pathophysiologic,5,4,2.3979400086720375
4581,patient-centered,5,5,2.3010299956639813
4582,patient-level,5,4,2.3979400086720375
4583,payer,5,4,2.3979400086720375
4584,payers,5,4,2.3979400086720375
4585,pci,5,2,2.6989700043360187
4586,pcps,5,1,3.0
4587,penetration,5,4,2.3979400086720375
4588,peptide-based,5,5,2.3010299956639813
4589,perception,5,5,2.3010299956639813
4590,peri-operative,5,2,2.6989700043360187
4591,periodontal,5,1,3.0
4592,person,5,3,2.5228787452803374
4593,plasticity,5,5,2.3010299956639813
4594,po,5,1,3.0
4595,pool,5,5,2.3010299956639813
4596,pose,5,5,2.3010299956639813
4597,positioned,5,5,2.3010299956639813
4598,possess,5,5,2.3010299956639813
4599,possesses,5,5,2.3010299956639813
4600,post-mbs,5,2,2.6989700043360187
4601,post-treatment,5,5,2.3010299956639813
4602,postmarketing,5,3,2.5228787452803374
4603,postviral,5,1,3.0
4604,pounds,5,3,2.5228787452803374
4605,ppg,5,2,2.6989700043360187
4606,pr-a,5,1,3.0
4607,pre-clinical,5,4,2.3979400086720375
4608,pre-surgical,5,2,2.6989700043360187
4609,preceding,5,5,2.3010299956639813
4610,predefined,5,5,2.3010299956639813
4611,predominance,5,5,2.3010299956639813
4612,presenting,5,5,2.3010299956639813
4613,prevents,5,5,2.3010299956639813
4614,prioritized,5,4,2.3979400086720375
4615,problems,5,4,2.3979400086720375
4616,professionals,5,4,2.3979400086720375
4617,programmes,5,5,2.3010299956639813
4618,proliferative,5,5,2.3010299956639813
4619,prominent,5,5,2.3010299956639813
4620,propensity-matched,5,5,2.3010299956639813
4621,proteasomal,5,2,2.6989700043360187
4622,protect,5,4,2.3979400086720375
4623,ps,5,5,2.3010299956639813
4624,psoriatic,5,3,2.5228787452803374
4625,psud,5,1,3.0
4626,pulse,5,4,2.3979400086720375
4627,pump,5,2,2.6989700043360187
4628,pyruvate,5,4,2.3979400086720375
4629,qalys,5,4,2.3979400086720375
4630,qualified,5,4,2.3979400086720375
4631,quality-of-life,5,4,2.3979400086720375
4632,ra-based,5,4,2.3979400086720375
4633,racial,5,4,2.3979400086720375
4634,radical,5,3,2.5228787452803374
4635,raise,5,5,2.3010299956639813
4636,rankings,5,4,2.3979400086720375
4637,read,5,4,2.3979400086720375
4638,readmissions,5,5,2.3010299956639813
4639,readouts,5,5,2.3010299956639813
4640,real-time,5,5,2.3010299956639813
4641,recruited,5,5,2.3010299956639813
4642,referred,5,4,2.3979400086720375
4643,refractory,5,4,2.3979400086720375
4644,regions,5,5,2.3010299956639813
4645,relation,5,5,2.3010299956639813
4646,relies,5,5,2.3010299956639813
4647,rely,5,5,2.3010299956639813
4648,reoperations,5,3,2.5228787452803374
4649,repeat,5,5,2.3010299956639813
4650,replication,5,5,2.3010299956639813
4651,reporter,5,4,2.3979400086720375
4652,reserve,5,4,2.3979400086720375
4653,residence,5,3,2.5228787452803374
4654,residents,5,1,3.0
4655,resorption,5,3,2.5228787452803374
4656,responders,5,3,2.5228787452803374
4657,responsivity,5,3,2.5228787452803374
4658,restraint,5,2,2.6989700043360187
4659,revolutionized,5,5,2.3010299956639813
4660,reward-related,5,4,2.3979400086720375
4661,rich,5,5,2.3010299956639813
4662,routinely,5,5,2.3010299956639813
4663,sagging,5,2,2.6989700043360187
4664,sasp,5,3,2.5228787452803374
4665,scan,5,2,2.6989700043360187
4666,scoping,5,4,2.3979400086720375
4667,screen,5,5,2.3010299956639813
4668,self-injury,5,1,3.0
4669,semen,5,2,2.6989700043360187
4670,senescence-associated,5,5,2.3010299956639813
4671,sessions,5,3,2.5228787452803374
4672,sick,5,2,2.6989700043360187
4673,simulated,5,5,2.3010299956639813
4674,slightly,5,4,2.3979400086720375
4675,slope,5,4,2.3979400086720375
4676,solution,5,4,2.3979400086720375
4677,spanish,5,4,2.3979400086720375
4678,sphinganine,5,1,3.0
4679,ssds,5,1,3.0
4680,st26-pf-f1,5,1,3.0
4681,staging,5,5,2.3010299956639813
4682,standardization,5,5,2.3010299956639813
4683,steroid,5,2,2.6989700043360187
4684,streptozotocin-induced,5,1,3.0
4685,sucrose,5,3,2.5228787452803374
4686,sufficient,5,4,2.3979400086720375
4687,sulfation,5,2,2.6989700043360187
4688,sulfonylurea,5,5,2.3010299956639813
4689,summarized,5,5,2.3010299956639813
4690,surgeon,5,3,2.5228787452803374
4691,surgeries,5,4,2.3979400086720375
4692,surmount-1,5,3,2.5228787452803374
4693,survodutide's,5,1,3.0
4694,synaptic,5,5,2.3010299956639813
4695,synergistically,5,5,2.3010299956639813
4696,t-tests,5,5,2.3010299956639813
4697,tablets,5,4,2.3979400086720375
4698,team,5,4,2.3979400086720375
4699,tended,5,3,2.5228787452803374
4700,tern-601,5,1,3.0
4701,theory,5,5,2.3010299956639813
4702,therapeutic-dose,5,2,2.6989700043360187
4703,therapeutically,5,5,2.3010299956639813
4704,thymol,5,1,3.0
4705,tia,5,1,3.0
4706,timely,5,5,2.3010299956639813
4707,toxicology,5,3,2.5228787452803374
4708,trabecular,5,2,2.6989700043360187
4709,trigger,5,2,2.6989700043360187
4710,triple-therapy,5,1,3.0
4711,tuberculosis,5,2,2.6989700043360187
4712,two-sample,5,5,2.3010299956639813
4713,two-step,5,4,2.3979400086720375
4714,type-2,5,4,2.3979400086720375
4715,tzds,5,3,2.5228787452803374
4716,underlie,5,5,2.3010299956639813
4717,unexplored,5,5,2.3010299956639813
4718,uniquely,5,5,2.3010299956639813
4719,universal,5,5,2.3010299956639813
4720,updates,5,4,2.3979400086720375
4721,upfs,5,2,2.6989700043360187
4722,v,5,5,2.3010299956639813
4723,vagal,5,3,2.5228787452803374
4724,valid,5,4,2.3979400086720375
4725,variant,5,4,2.3979400086720375
4726,verified,5,5,2.3010299956639813
4727,vicious,5,5,2.3010299956639813
4728,vso,5,1,3.0
4729,wegovy,5,5,2.3010299956639813
4730,weight-lowering,5,4,2.3979400086720375
4731,well-being,5,4,2.3979400086720375
4732,whole-body,5,4,2.3979400086720375
4733,wild-type,5,5,2.3010299956639813
4734,willingness-to-pay,5,4,2.3979400086720375
4735,within-group,5,3,2.5228787452803374
4736,worsen,5,5,2.3010299956639813
4737,wt,5,2,2.6989700043360187
4738,x,5,4,2.3979400086720375
4739,york,5,5,2.3010299956639813
4740,zero,5,5,2.3010299956639813
4741,zfp423,5,1,3.0
4742,γglupal,5,1,3.0
4743,δbfm,5,1,3.0
4744,0.0,4,4,2.3979400086720375
4745,0.013,4,4,2.3979400086720375
4746,0.015,4,4,2.3979400086720375
4747,0.017,4,4,2.3979400086720375
4748,0.024,4,4,2.3979400086720375
4749,0.044,4,2,2.6989700043360187
4750,0.311,4,2,2.6989700043360187
4751,0.514,4,4,2.3979400086720375
4752,00,4,3,2.5228787452803374
4753,004,4,4,2.3979400086720375
4754,1.13,4,4,2.3979400086720375
4755,1.20,4,3,2.5228787452803374
4756,1.34,4,4,2.3979400086720375
4757,1.44,4,4,2.3979400086720375
4758,1.47,4,4,2.3979400086720375
4759,1.49,4,4,2.3979400086720375
4760,1.51,4,3,2.5228787452803374
4761,1.54,4,4,2.3979400086720375
4762,1.59,4,4,2.3979400086720375
4763,1.62,4,4,2.3979400086720375
4764,1.64,4,4,2.3979400086720375
4765,1.67,4,4,2.3979400086720375
4766,1.68,4,3,2.5228787452803374
4767,1.76,4,4,2.3979400086720375
4768,1.80,4,4,2.3979400086720375
4769,1.83,4,4,2.3979400086720375
4770,1.85,4,3,2.5228787452803374
4771,1.88,4,4,2.3979400086720375
4772,1.97,4,4,2.3979400086720375
4773,10.9,4,4,2.3979400086720375
4774,101,4,4,2.3979400086720375
4775,11.3,4,4,2.3979400086720375
4776,115,4,4,2.3979400086720375
4777,12.6,4,4,2.3979400086720375
4778,122,4,3,2.5228787452803374
4779,13.0,4,4,2.3979400086720375
4780,13.9,4,4,2.3979400086720375
4781,139,4,4,2.3979400086720375
4782,14.0,4,3,2.5228787452803374
4783,14.8,4,4,2.3979400086720375
4784,141,4,4,2.3979400086720375
4785,145,4,4,2.3979400086720375
4786,15.5,4,4,2.3979400086720375
4787,150,4,3,2.5228787452803374
4788,155,4,3,2.5228787452803374
4789,16.3,4,4,2.3979400086720375
4790,16.5,4,4,2.3979400086720375
4791,16.8,4,4,2.3979400086720375
4792,161,4,3,2.5228787452803374
4793,169,4,4,2.3979400086720375
4794,184,4,2,2.6989700043360187
4795,185,4,4,2.3979400086720375
4796,195,4,2,2.6989700043360187
4797,198,4,3,2.5228787452803374
4798,199,4,4,2.3979400086720375
4799,2-hydroxybenzoyl,4,4,2.3979400086720375
4800,2-years,4,1,3.0
4801,2.02,4,4,2.3979400086720375
4802,2.05,4,4,2.3979400086720375
4803,2.06,4,4,2.3979400086720375
4804,2.34,4,4,2.3979400086720375
4805,2.45,4,4,2.3979400086720375
4806,2.76,4,4,2.3979400086720375
4807,2.81,4,4,2.3979400086720375
4808,20.7,4,4,2.3979400086720375
4809,2000,4,4,2.3979400086720375
4810,2012,4,4,2.3979400086720375
4811,209,4,4,2.3979400086720375
4812,213,4,4,2.3979400086720375
4813,216,4,4,2.3979400086720375
4814,23.6,4,4,2.3979400086720375
4815,243,4,4,2.3979400086720375
4816,250,4,4,2.3979400086720375
4817,256,4,4,2.3979400086720375
4818,260,4,4,2.3979400086720375
4819,27.0,4,4,2.3979400086720375
4820,292,4,4,2.3979400086720375
4821,2b,4,3,2.5228787452803374
4822,3.3,4,3,2.5228787452803374
4823,3.83,4,4,2.3979400086720375
4824,3.85,4,4,2.3979400086720375
4825,3.98,4,4,2.3979400086720375
4826,310,4,4,2.3979400086720375
4827,319,4,2,2.6989700043360187
4828,325,4,1,3.0
4829,35.2,4,3,2.5228787452803374
4830,35.7,4,4,2.3979400086720375
4831,39.1,4,4,2.3979400086720375
4832,4-point,4,2,2.6989700043360187
4833,4.6,4,4,2.3979400086720375
4834,400,4,1,3.0
4835,423,4,4,2.3979400086720375
4836,44.0,4,4,2.3979400086720375
4837,580,4,1,3.0
4838,6.4,4,4,2.3979400086720375
4839,6.6,4,4,2.3979400086720375
4840,7.4,4,4,2.3979400086720375
4841,7.9,4,4,2.3979400086720375
4842,786,4,3,2.5228787452803374
4843,8-wk,4,2,2.6989700043360187
4844,8.2,4,4,2.3979400086720375
4845,8.4,4,4,2.3979400086720375
4846,832,4,4,2.3979400086720375
4847,87,4,4,2.3979400086720375
4848,89,4,4,2.3979400086720375
4849,9.1,4,4,2.3979400086720375
4850,9.5,4,4,2.3979400086720375
4851,9.7,4,4,2.3979400086720375
4852,9.9,4,4,2.3979400086720375
4853,abstracts,4,4,2.3979400086720375
4854,acceptance,4,2,2.6989700043360187
4855,accepted,4,3,2.5228787452803374
4856,accounts,4,4,2.3979400086720375
4857,accumulate,4,4,2.3979400086720375
4858,acetate,4,4,2.3979400086720375
4859,achievable,4,4,2.3979400086720375
4860,acidic,4,3,2.5228787452803374
4861,add,4,4,2.3979400086720375
4862,adipokines,4,2,2.6989700043360187
4863,adjust,4,4,2.3979400086720375
4864,admitted,4,4,2.3979400086720375
4865,affordable,4,3,2.5228787452803374
4866,agencies,4,4,2.3979400086720375
4867,agenda,4,4,2.3979400086720375
4868,agent-specific,4,4,2.3979400086720375
4869,agis,4,2,2.6989700043360187
4870,ago,4,4,2.3979400086720375
4871,aha,4,2,2.6989700043360187
4872,al,4,4,2.3979400086720375
4873,alcohol-associated,4,2,2.6989700043360187
4874,alex,4,1,3.0
4875,allowing,4,4,2.3979400086720375
4876,altering,4,4,2.3979400086720375
4877,ameliorate,4,4,2.3979400086720375
4878,ameliorates,4,3,2.5228787452803374
4879,america,4,2,2.6989700043360187
4880,amount,4,4,2.3979400086720375
4881,amp-activated,4,4,2.3979400086720375
4882,amplified,4,4,2.3979400086720375
4883,amplify,4,4,2.3979400086720375
4884,amyloid,4,2,2.6989700043360187
4885,analytics,4,4,2.3979400086720375
4886,angiography,4,2,2.6989700043360187
4887,anticancer,4,1,3.0
4888,antihyperglycaemic,4,2,2.6989700043360187
4889,antihypertensive,4,2,2.6989700043360187
4890,antipsychotic-treated,4,2,2.6989700043360187
4891,appetite-related,4,4,2.3979400086720375
4892,appraisal,4,4,2.3979400086720375
4893,appraise,4,4,2.3979400086720375
4894,appraises,4,4,2.3979400086720375
4895,approvals,4,4,2.3979400086720375
4896,apr,4,1,3.0
4897,armamentarium,4,4,2.3979400086720375
4898,assesses,4,4,2.3979400086720375
4899,assistance,4,3,2.5228787452803374
4900,astrocytic,4,4,2.3979400086720375
4901,asvs,4,1,3.0
4902,asymmetric,4,4,2.3979400086720375
4903,atcc,4,1,3.0
4904,attain-2,4,1,3.0
4905,attending,4,3,2.5228787452803374
4906,attitude,4,1,3.0
4907,attributing,4,4,2.3979400086720375
4908,attribution,4,3,2.5228787452803374
4909,auc0,4,2,2.6989700043360187
4910,augment,4,4,2.3979400086720375
4911,augmentation,4,4,2.3979400086720375
4912,aural,4,2,2.6989700043360187
4913,authorization,4,3,2.5228787452803374
4914,autoantibody,4,2,2.6989700043360187
4915,autonomy,4,4,2.3979400086720375
4916,ax,4,1,3.0
4917,barrett's,4,1,3.0
4918,bas,4,2,2.6989700043360187
4919,basal-bolus,4,4,2.3979400086720375
4920,bd,4,1,3.0
4921,benign,4,2,2.6989700043360187
4922,benjamini-hochberg,4,4,2.3979400086720375
4923,beverages,4,2,2.6989700043360187
4924,bibliometric,4,1,3.0
4925,bioassays,4,2,2.6989700043360187
4926,bioavailable,4,4,2.3979400086720375
4927,biobank,4,3,2.5228787452803374
4928,biopsychosocial,4,2,2.6989700043360187
4929,biweekly,4,1,3.0
4930,blackcurrant,4,1,3.0
4931,blindness,4,1,3.0
4932,bmis,4,1,3.0
4933,bo,4,1,3.0
4934,borderline,4,3,2.5228787452803374
4935,brainstem,4,2,2.6989700043360187
4936,branded,4,3,2.5228787452803374
4937,bridging,4,4,2.3979400086720375
4938,bs,4,1,3.0
4939,cagrilintide,4,3,2.5228787452803374
4940,cancer-related,4,2,2.6989700043360187
4941,caprylate,4,4,2.3979400086720375
4942,capturing,4,4,2.3979400086720375
4943,cardio-oncology,4,1,3.0
4944,cargo,4,2,2.6989700043360187
4945,carried,4,3,2.5228787452803374
4946,causation,4,2,2.6989700043360187
4947,cause-specific,4,4,2.3979400086720375
4948,cd14,4,1,3.0
4949,centre,4,4,2.3979400086720375
4950,cerebral,4,4,2.3979400086720375
4951,cgm-derived,4,4,2.3979400086720375
4952,chapter,4,3,2.5228787452803374
4953,charcot,4,1,3.0
4954,charge,4,2,2.6989700043360187
4955,checkpoint,4,3,2.5228787452803374
4956,cholecystokinin,4,4,2.3979400086720375
4957,cholelithiasis,4,3,2.5228787452803374
4958,clearer,4,4,2.3979400086720375
4959,clearly,4,4,2.3979400086720375
4960,clinician,4,4,2.3979400086720375
4961,clostridia,4,1,3.0
4962,clozapine,4,1,3.0
4963,clustering,4,3,2.5228787452803374
4964,co,4,3,2.5228787452803374
4965,co-culture,4,4,2.3979400086720375
4966,co-secreted,4,3,2.5228787452803374
4967,co-treatment,4,3,2.5228787452803374
4968,coagonists,4,2,2.6989700043360187
4969,coi,4,1,3.0
4970,com,4,4,2.3979400086720375
4971,comfort,4,3,2.5228787452803374
4972,commercially,4,4,2.3979400086720375
4973,compares,4,4,2.3979400086720375
4974,competitive,4,4,2.3979400086720375
4975,comprises,4,4,2.3979400086720375
4976,concepts,4,4,2.3979400086720375
4977,confirming,4,3,2.5228787452803374
4978,conjunction,4,3,2.5228787452803374
4979,consecutive,4,4,2.3979400086720375
4980,constitutes,4,4,2.3979400086720375
4981,constitutive,4,3,2.5228787452803374
4982,continuing,4,4,2.3979400086720375
4983,contraction,4,2,2.6989700043360187
4984,convened,4,4,2.3979400086720375
4985,coprimary,4,2,2.6989700043360187
4986,correlations,4,4,2.3979400086720375
4987,corresponded,4,4,2.3979400086720375
4988,corroborate,4,4,2.3979400086720375
4989,cosmetic,4,4,2.3979400086720375
4990,cosmos,4,3,2.5228787452803374
4991,counteract,4,4,2.3979400086720375
4992,counterregulatory,4,3,2.5228787452803374
4993,covid-19,4,2,2.6989700043360187
4994,cp-i,4,1,3.0
4995,cps,4,1,3.0
4996,creb,4,3,2.5228787452803374
4997,credibility,4,1,3.0
4998,crps,4,1,3.0
4999,ctr,4,1,3.0
5000,ctx,4,2,2.6989700043360187
5001,culminating,4,4,2.3979400086720375
5002,cyclase,4,4,2.3979400086720375
5003,cycles,4,4,2.3979400086720375
5004,cyp3a4,4,2,2.6989700043360187
5005,cytosolic,4,4,2.3979400086720375
5006,danuglipron,4,3,2.5228787452803374
5007,dca,4,1,3.0
5008,dce,4,1,3.0
5009,dcm,4,1,3.0
5010,declamping,4,1,3.0
5011,deduplication,4,4,2.3979400086720375
5012,defects,4,4,2.3979400086720375
5013,definitively,4,4,2.3979400086720375
5014,dehiscence,4,4,2.3979400086720375
5015,delineate,4,4,2.3979400086720375
5016,delivers,4,4,2.3979400086720375
5017,dental,4,2,2.6989700043360187
5018,depots,4,3,2.5228787452803374
5019,describing,4,4,2.3979400086720375
5020,detail,4,4,2.3979400086720375
5021,details,4,4,2.3979400086720375
5022,deterministic,4,4,2.3979400086720375
5023,diabetes-related,4,4,2.3979400086720375
5024,diarrhea,4,3,2.5228787452803374
5025,dichotomous,4,4,2.3979400086720375
5026,differentially,4,4,2.3979400086720375
5027,dilemmas,4,1,3.0
5028,dili,4,1,3.0
5029,discectomy,4,4,2.3979400086720375
5030,disparity,4,2,2.6989700043360187
5031,dissociation,4,4,2.3979400086720375
5032,distance,4,3,2.5228787452803374
5033,distress,4,3,2.5228787452803374
5034,documents,4,4,2.3979400086720375
5035,domain-containing,4,3,2.5228787452803374
5036,dose-dependently,4,4,2.3979400086720375
5037,downregulating,4,4,2.3979400086720375
5038,downward,4,4,2.3979400086720375
5039,dramatically,4,4,2.3979400086720375
5040,draw,4,4,2.3979400086720375
5041,drg,4,1,3.0
5042,drug-specific,4,4,2.3979400086720375
5043,drug-target,4,4,2.3979400086720375
5044,dtw,4,1,3.0
5045,dual-therapy,4,1,3.0
5046,ductal,4,3,2.5228787452803374
5047,ducts,4,1,3.0
5048,duodenal,4,4,2.3979400086720375
5049,dysautonomia,4,1,3.0
5050,ec50,4,3,2.5228787452803374
5051,ecosystem,4,3,2.5228787452803374
5052,educational,4,4,2.3979400086720375
5053,efflux,4,4,2.3979400086720375
5054,efpeglenatide,4,1,3.0
5055,egr,4,1,3.0
5056,eli,4,4,2.3979400086720375
5057,embedded,4,4,2.3979400086720375
5058,emerges,4,4,2.3979400086720375
5059,emission,4,3,2.5228787452803374
5060,emphasizes,4,4,2.3979400086720375
5061,emulated,4,4,2.3979400086720375
5062,encapsulation,4,2,2.6989700043360187
5063,encompasses,4,4,2.3979400086720375
5064,encounters,4,3,2.5228787452803374
5065,end-diastolic,4,3,2.5228787452803374
5066,endothelin,4,4,2.3979400086720375
5067,energetics,4,4,2.3979400086720375
5068,energies,4,3,2.5228787452803374
5069,engineering,4,4,2.3979400086720375
5070,english,4,4,2.3979400086720375
5071,entity,4,4,2.3979400086720375
5072,epithelium,4,4,2.3979400086720375
5073,eq-5d-5l,4,2,2.6989700043360187
5074,equation,4,4,2.3979400086720375
5075,equity,4,4,2.3979400086720375
5076,eqw,4,1,3.0
5077,ers,4,1,3.0
5078,erythritol,4,1,3.0
5079,ester,4,2,2.6989700043360187
5080,estimating,4,4,2.3979400086720375
5081,et,4,4,2.3979400086720375
5082,eta,4,1,3.0
5083,etr,4,1,3.0
5084,ex,4,4,2.3979400086720375
5085,exacerbated,4,4,2.3979400086720375
5086,exceeding,4,4,2.3979400086720375
5087,exchange,4,3,2.5228787452803374
5088,exercise-induced,4,3,2.5228787452803374
5089,exit,4,1,3.0
5090,expectancy,4,4,2.3979400086720375
5091,explains,4,4,2.3979400086720375
5092,exscel,4,2,2.6989700043360187
5093,extensor,4,1,3.0
5094,facing,4,4,2.3979400086720375
5095,fairness,4,2,2.6989700043360187
5096,fall,4,4,2.3979400086720375
5097,favored,4,4,2.3979400086720375
5098,feedback,4,4,2.3979400086720375
5099,ferritin,4,2,2.6989700043360187
5100,ferroptosis-related,4,2,2.6989700043360187
5101,fibrillary,4,3,2.5228787452803374
5102,fibroscan,4,2,2.6989700043360187
5103,fibrosis-4,4,4,2.3979400086720375
5104,films,4,2,2.6989700043360187
5105,find,4,4,2.3979400086720375
5106,fixed,4,4,2.3979400086720375
5107,follicle,4,2,2.6989700043360187
5108,follow,4,4,2.3979400086720375
5109,force,4,3,2.5228787452803374
5110,formally,4,4,2.3979400086720375
5111,fragmentation,4,4,2.3979400086720375
5112,funding,4,3,2.5228787452803374
5113,g-protein-coupled,4,4,2.3979400086720375
5114,g168s,4,1,3.0
5115,gender,4,4,2.3979400086720375
5116,generics,4,3,2.5228787452803374
5117,give,4,4,2.3979400086720375
5118,glipizide,4,2,2.6989700043360187
5119,glp-1-fc,4,2,2.6989700043360187
5120,glp-1-related,4,2,2.6989700043360187
5121,glp-1ra-associated,4,4,2.3979400086720375
5122,glycolipid,4,2,2.6989700043360187
5123,gm,4,3,2.5228787452803374
5124,go,4,3,2.5228787452803374
5125,govern,4,4,2.3979400086720375
5126,gpcrvp,4,1,3.0
5127,gpx4,4,4,2.3979400086720375
5128,granule,4,2,2.6989700043360187
5129,guarantee,4,3,2.5228787452803374
5130,guideline-directed,4,3,2.5228787452803374
5131,guideline-recommended,4,3,2.5228787452803374
5132,gut-derived,4,4,2.3979400086720375
5133,gut-lung,4,1,3.0
5134,gynaecological,4,1,3.0
5135,gynecological,4,2,2.6989700043360187
5136,hads,4,1,3.0
5137,haematological,4,2,2.6989700043360187
5138,handgrip,4,2,2.6989700043360187
5139,hcp,4,1,3.0
5140,hdl,4,4,2.3979400086720375
5141,hdm1002,4,1,3.0
5142,health-related,4,3,2.5228787452803374
5143,healthspan,4,2,2.6989700043360187
5144,heart-kidney,4,1,3.0
5145,hedonic,4,3,2.5228787452803374
5146,helps,4,4,2.3979400086720375
5147,hens,4,1,3.0
5148,hepatology,4,3,2.5228787452803374
5149,hepg2,4,3,2.5228787452803374
5150,heterozygous,4,4,2.3979400086720375
5151,high-density,4,4,2.3979400086720375
5152,high-upf,4,1,3.0
5153,hippocampus,4,4,2.3979400086720375
5154,holds,4,4,2.3979400086720375
5155,home,4,2,2.6989700043360187
5156,hpc,4,1,3.0
5157,hsps,4,1,3.0
5158,hygiene,4,1,3.0
5159,hyperinsulinemia,4,3,2.5228787452803374
5160,hyperlipidemia,4,4,2.3979400086720375
5161,hypertriglyceridemia,4,4,2.3979400086720375
5162,hypoglossal,4,3,2.5228787452803374
5163,hypothalamic-pituitary-adrenal,4,4,2.3979400086720375
5164,hypothalamus,4,3,2.5228787452803374
5165,iauc,4,3,2.5228787452803374
5166,iglar,4,2,2.6989700043360187
5167,iglartitrated,4,1,3.0
5168,il1b,4,2,2.6989700043360187
5169,imms,4,1,3.0
5170,immune-mediated,4,4,2.3979400086720375
5171,immune-metabolic,4,3,2.5228787452803374
5172,immunohistochemistry,4,4,2.3979400086720375
5173,immunoreactivity,4,2,2.6989700043360187
5174,impairing,4,4,2.3979400086720375
5175,impairments,4,4,2.3979400086720375
5176,imputation,4,3,2.5228787452803374
5177,inadvertent,4,4,2.3979400086720375
5178,income,4,2,2.6989700043360187
5179,indicator,4,4,2.3979400086720375
5180,indicators,4,4,2.3979400086720375
5181,inf,4,1,3.0
5182,informative,4,4,2.3979400086720375
5183,informs,4,4,2.3979400086720375
5184,ingestion,4,3,2.5228787452803374
5185,inhibiting,4,4,2.3979400086720375
5186,initiate,4,4,2.3979400086720375
5187,innovation,4,3,2.5228787452803374
5188,innovations,4,4,2.3979400086720375
5189,inotropic,4,2,2.6989700043360187
5190,input,4,4,2.3979400086720375
5191,inputs,4,4,2.3979400086720375
5192,instrument,4,4,2.3979400086720375
5193,insulin-like,4,4,2.3979400086720375
5194,insured,4,2,2.6989700043360187
5195,intact,4,4,2.3979400086720375
5196,intelligence,4,4,2.3979400086720375
5197,interdisciplinary,4,4,2.3979400086720375
5198,interleukin-6,4,4,2.3979400086720375
5199,interrelated,4,4,2.3979400086720375
5200,intersect,4,4,2.3979400086720375
5201,intertwined,4,4,2.3979400086720375
5202,intestine,4,4,2.3979400086720375
5203,inverse-variance,4,3,2.5228787452803374
5204,inversely,4,3,2.5228787452803374
5205,investigating,4,4,2.3979400086720375
5206,investment,4,4,2.3979400086720375
5207,ip,4,2,2.6989700043360187
5208,ipfd,4,1,3.0
5209,ipmns,4,1,3.0
5210,isolation,4,4,2.3979400086720375
5211,justice,4,4,2.3979400086720375
5212,justify,4,4,2.3979400086720375
5213,k,4,3,2.5228787452803374
5214,kccq,4,3,2.5228787452803374
5215,kd,4,2,2.6989700043360187
5216,ketosis,4,3,2.5228787452803374
5217,kidney-protective,4,3,2.5228787452803374
5218,krt,4,1,3.0
5219,label,4,4,2.3979400086720375
5220,lacked,4,4,2.3979400086720375
5221,latter,4,4,2.3979400086720375
5222,lca,4,1,3.0
5223,leaf,4,2,2.6989700043360187
5224,leave,4,2,2.6989700043360187
5225,leveraging,4,4,2.3979400086720375
5226,levodopa,4,2,2.6989700043360187
5227,lie,4,4,2.3979400086720375
5228,light,4,4,2.3979400086720375
5229,likewise,4,4,2.3979400086720375
5230,lilly,4,4,2.3979400086720375
5231,lineage,4,3,2.5228787452803374
5232,lipase,4,4,2.3979400086720375
5233,lipotoxic,4,3,2.5228787452803374
5234,lira,4,1,3.0
5235,lispro,4,1,3.0
5236,list,4,4,2.3979400086720375
5237,listing,4,3,2.5228787452803374
5238,lizard,4,1,3.0
5239,locally,4,4,2.3979400086720375
5240,loci,4,2,2.6989700043360187
5241,log-rank,4,3,2.5228787452803374
5242,long-chain,4,4,2.3979400086720375
5243,longitudinally,4,4,2.3979400086720375
5244,los,4,2,2.6989700043360187
5245,low-carbohydrate,4,1,3.0
5246,lps-induced,4,3,2.5228787452803374
5247,lsg,4,2,2.6989700043360187
5248,lsm,4,1,3.0
5249,lymphoma,4,1,3.0
5250,lys1972,4,1,3.0
5251,m6a,4,1,3.0
5252,ma,4,1,3.0
5253,mapped,4,4,2.3979400086720375
5254,marrow,4,4,2.3979400086720375
5255,masked,4,4,2.3979400086720375
5256,maternal,4,2,2.6989700043360187
5257,maze,4,2,2.6989700043360187
5258,mcp-1,4,2,2.6989700043360187
5259,meanwhile,4,4,2.3979400086720375
5260,mechanics,4,3,2.5228787452803374
5261,medicinal,4,4,2.3979400086720375
5262,medullary,4,4,2.3979400086720375
5263,mention,4,3,2.5228787452803374
5264,mesolimbic,4,4,2.3979400086720375
5265,microbiota-bile,4,2,2.6989700043360187
5266,microdosing,4,1,3.0
5267,militaris,4,2,2.6989700043360187
5268,minimum,4,4,2.3979400086720375
5269,mixture,4,3,2.5228787452803374
5270,mmp,4,1,3.0
5271,mo,4,2,2.6989700043360187
5272,mobile,4,2,2.6989700043360187
5273,mobility,4,3,2.5228787452803374
5274,modalities,4,4,2.3979400086720375
5275,model-based,4,3,2.5228787452803374
5276,mono,4,4,2.3979400086720375
5277,monographs,4,1,3.0
5278,morris,4,2,2.6989700043360187
5279,motivated,4,3,2.5228787452803374
5280,motivational,4,3,2.5228787452803374
5281,mouth,4,3,2.5228787452803374
5282,moved,4,4,2.3979400086720375
5283,mrt,4,1,3.0
5284,mstn,4,2,2.6989700043360187
5285,mtorc1,4,2,2.6989700043360187
5286,mucus,4,2,2.6989700043360187
5287,mulberry,4,2,2.6989700043360187
5288,multinational,4,4,2.3979400086720375
5289,multisystem,4,4,2.3979400086720375
5290,multivariate,4,4,2.3979400086720375
5291,muscle-related,4,2,2.6989700043360187
5292,muscle-to-fat,4,2,2.6989700043360187
5293,myotubes,4,3,2.5228787452803374
5294,n-acetylcysteine,4,3,2.5228787452803374
5295,n-terminal,4,4,2.3979400086720375
5296,nanoemulsion,4,1,3.0
5297,naranjo,4,4,2.3979400086720375
5298,nci-h716,4,4,2.3979400086720375
5299,near,4,4,2.3979400086720375
5300,nephropathy,4,4,2.3979400086720375
5301,neuroarthropathy,4,1,3.0
5302,neurobiological,4,4,2.3979400086720375
5303,neurod1,4,1,3.0
5304,neuroplasticity,4,3,2.5228787452803374
5305,nicotine,4,2,2.6989700043360187
5306,nmr,4,3,2.5228787452803374
5307,non-cgm,4,1,3.0
5308,non-randomized,4,4,2.3979400086720375
5309,nonetheless,4,4,2.3979400086720375
5310,noninsulin,4,3,2.5228787452803374
5311,nonobese,4,2,2.6989700043360187
5312,nonscarring,4,1,3.0
5313,npy,4,3,2.5228787452803374
5314,npy4,4,1,3.0
5315,numerically,4,3,2.5228787452803374
5316,nyha,4,3,2.5228787452803374
5317,obstetric,4,3,2.5228787452803374
5318,oedema,4,2,2.6989700043360187
5319,oesophagus,4,1,3.0
5320,offered,4,4,2.3979400086720375
5321,old,4,4,2.3979400086720375
5322,oncologic,4,3,2.5228787452803374
5323,operates,4,4,2.3979400086720375
5324,optimisation,4,4,2.3979400086720375
5325,optimise,4,4,2.3979400086720375
5326,organoids,4,3,2.5228787452803374
5327,originally,4,4,2.3979400086720375
5328,ors,4,4,2.3979400086720375
5329,osteogenic,4,4,2.3979400086720375
5330,ovulation,4,3,2.5228787452803374
5331,oxidized,4,4,2.3979400086720375
5332,oxphos,4,2,2.6989700043360187
5333,p65,4,2,2.6989700043360187
5334,pa,4,1,3.0
5335,padj,4,1,3.0
5336,panels,4,4,2.3979400086720375
5337,participate,4,4,2.3979400086720375
5338,parts,4,4,2.3979400086720375
5339,passive,4,3,2.5228787452803374
5340,patulous,4,3,2.5228787452803374
5341,pentosus,4,1,3.0
5342,periconceptional,4,1,3.0
5343,permutation,4,2,2.6989700043360187
5344,personalised,4,3,2.5228787452803374
5345,pgc-1α,4,2,2.6989700043360187
5346,pharmacogenomic,4,3,2.5228787452803374
5347,phenotype-driven,4,4,2.3979400086720375
5348,phenotype-guided,4,3,2.5228787452803374
5349,photo,4,1,3.0
5350,physician,4,3,2.5228787452803374
5351,physiologic,4,4,2.3979400086720375
5352,pilot,4,4,2.3979400086720375
5353,piog,4,1,3.0
5354,plans,4,4,2.3979400086720375
5355,plant-based,4,4,2.3979400086720375
5356,plasminogen,4,3,2.5228787452803374
5357,players,4,3,2.5228787452803374
5358,plumeria,4,1,3.0
5359,pm,4,3,2.5228787452803374
5360,podocyte,4,1,3.0
5361,portal,4,3,2.5228787452803374
5362,possibly,4,4,2.3979400086720375
5363,post-hoc,4,3,2.5228787452803374
5364,post-translational,4,4,2.3979400086720375
5365,post-transplant,4,3,2.5228787452803374
5366,postbariatric,4,4,2.3979400086720375
5367,postcessation,4,2,2.6989700043360187
5368,posterior,4,3,2.5228787452803374
5369,precipitants,4,2,2.6989700043360187
5370,prediabetic,4,2,2.6989700043360187
5371,predict,4,3,2.5228787452803374
5372,predicting,4,4,2.3979400086720375
5373,predictions,4,3,2.5228787452803374
5374,predicts,4,3,2.5228787452803374
5375,predominant,4,4,2.3979400086720375
5376,pregnancies,4,3,2.5228787452803374
5377,preoperatively,4,4,2.3979400086720375
5378,prepared,4,3,2.5228787452803374
5379,preserves,4,4,2.3979400086720375
5380,pretreatment,4,4,2.3979400086720375
5381,pricing,4,4,2.3979400086720375
5382,primary-study,4,1,3.0
5383,primary-suspect,4,2,2.6989700043360187
5384,privately,4,3,2.5228787452803374
5385,proactive,4,4,2.3979400086720375
5386,probabilities,4,3,2.5228787452803374
5387,producer,4,2,2.6989700043360187
5388,productivity,4,1,3.0
5389,profoundly,4,4,2.3979400086720375
5390,programming,4,4,2.3979400086720375
5391,progressed,4,3,2.5228787452803374
5392,propensity-score-matched,4,3,2.5228787452803374
5393,propionate,4,4,2.3979400086720375
5394,protein-coupled,4,4,2.3979400086720375
5395,proteolytic,4,3,2.5228787452803374
5396,proteomic,4,3,2.5228787452803374
5397,proteostasis,4,4,2.3979400086720375
5398,proximal,4,4,2.3979400086720375
5399,pt-simd,4,1,3.0
5400,puberty,4,3,2.5228787452803374
5401,pulley,4,1,3.0
5402,qd,4,1,3.0
5403,quantitatively,4,4,2.3979400086720375
5404,quarterly,4,3,2.5228787452803374
5405,quinidine,4,1,3.0
5406,random-effect,4,4,2.3979400086720375
5407,rated,4,4,2.3979400086720375
5408,rcr,4,1,3.0
5409,re-rupture,4,1,3.0
5410,reactivity,4,4,2.3979400086720375
5411,readily,4,4,2.3979400086720375
5412,readiness,4,4,2.3979400086720375
5413,reassurance,4,4,2.3979400086720375
5414,recapitulated,4,4,2.3979400086720375
5415,receptor-level,4,3,2.5228787452803374
5416,reclassification,4,2,2.6989700043360187
5417,recurring,4,3,2.5228787452803374
5418,refeeding,4,1,3.0
5419,released,4,4,2.3979400086720375
5420,reliably,4,4,2.3979400086720375
5421,renewed,4,4,2.3979400086720375
5422,representation,4,3,2.5228787452803374
5423,requirement,4,3,2.5228787452803374
5424,reshape,4,4,2.3979400086720375
5425,responding,4,3,2.5228787452803374
5426,responsive,4,4,2.3979400086720375
5427,restrictions,4,4,2.3979400086720375
5428,rests,4,4,2.3979400086720375
5429,reversal,4,4,2.3979400086720375
5430,reversible,4,4,2.3979400086720375
5431,revised,4,4,2.3979400086720375
5432,rheumatologic,4,1,3.0
5433,rhi,4,1,3.0
5434,riiβ-knockout,4,1,3.0
5435,risk-benefit,4,4,2.3979400086720375
5436,risk-factor,4,3,2.5228787452803374
5437,risk-of-bias,4,3,2.5228787452803374
5438,rn,4,2,2.6989700043360187
5439,root,4,3,2.5228787452803374
5440,rorr,4,1,3.0
5441,ros,4,4,2.3979400086720375
5442,rubra,4,1,3.0
5443,rules,4,4,2.3979400086720375
5444,run-in,4,3,2.5228787452803374
5445,salivarius,4,1,3.0
5446,sc,4,1,3.0
5447,sciencedirect,4,4,2.3979400086720375
5448,sciences,4,4,2.3979400086720375
5449,sdb,4,1,3.0
5450,se,4,4,2.3979400086720375
5451,searching,4,4,2.3979400086720375
5452,secreted,4,4,2.3979400086720375
5453,secretin,4,1,3.0
5454,sedds,4,1,3.0
5455,selecting,4,4,2.3979400086720375
5456,selectivity,4,4,2.3979400086720375
5457,self-controlled,4,2,2.6989700043360187
5458,semaglutide's,4,4,2.3979400086720375
5459,semaglutide-induced,4,4,2.3979400086720375
5460,semaglutide-treated,4,3,2.5228787452803374
5461,senescent,4,4,2.3979400086720375
5462,senolytics,4,4,2.3979400086720375
5463,ser2448,4,1,3.0
5464,setmelanotide,4,2,2.6989700043360187
5465,sex-dependent,4,2,2.6989700043360187
5466,sexual-function,4,2,2.6989700043360187
5467,sf-1,4,1,3.0
5468,sga,4,1,3.0
5469,shedding,4,4,2.3979400086720375
5470,shifted,4,4,2.3979400086720375
5471,short-acting,4,4,2.3979400086720375
5472,similarities,4,4,2.3979400086720375
5473,simplification,4,1,3.0
5474,simvastatin,4,1,3.0
5475,single-arm,4,4,2.3979400086720375
5476,sixteen,4,4,2.3979400086720375
5477,sleep-disordered,4,2,2.6989700043360187
5478,sleep-related,4,3,2.5228787452803374
5479,sm-2,4,1,3.0
5480,smas,4,1,3.0
5481,smbg,4,2,2.6989700043360187
5482,snac,4,4,2.3979400086720375
5483,soc,4,1,3.0
5484,soft-tissue,4,1,3.0
5485,somatostatin,4,3,2.5228787452803374
5486,specialist,4,4,2.3979400086720375
5487,sprague-dawley,4,4,2.3979400086720375
5488,sstr3,4,1,3.0
5489,st25,4,1,3.0
5490,staff,4,4,2.3979400086720375
5491,standards,4,4,2.3979400086720375
5492,stat3,4,1,3.0
5493,state-dependent,4,3,2.5228787452803374
5494,static,4,3,2.5228787452803374
5495,stimulates,4,4,2.3979400086720375
5496,stomach,4,4,2.3979400086720375
5497,strain,4,3,2.5228787452803374
5498,strengthening,4,4,2.3979400086720375
5499,stress-induced,4,2,2.6989700043360187
5500,strict,4,4,2.3979400086720375
5501,stromal,4,3,2.5228787452803374
5502,structure-activity,4,4,2.3979400086720375
5503,study-defined,4,1,3.0
5504,study-specific,4,3,2.5228787452803374
5505,subcutaneously,4,4,2.3979400086720375
5506,subjected,4,4,2.3979400086720375
5507,subsets,4,4,2.3979400086720375
5508,suitable,4,4,2.3979400086720375
5509,supplement,4,4,2.3979400086720375
5510,sustainability,4,4,2.3979400086720375
5511,sweet,4,3,2.5228787452803374
5512,swelling,4,4,2.3979400086720375
5513,switch,4,4,2.3979400086720375
5514,sympathetic,4,4,2.3979400086720375
5515,tachycardia,4,2,2.6989700043360187
5516,tamoxifen,4,2,2.6989700043360187
5517,termed,4,4,2.3979400086720375
5518,terminated,4,3,2.5228787452803374
5519,tetrahydrocurcumin,4,1,3.0
5520,thickness,4,3,2.5228787452803374
5521,time-to-onset,4,3,2.5228787452803374
5522,tobacco,4,4,2.3979400086720375
5523,tomography,4,4,2.3979400086720375
5524,topical,4,3,2.5228787452803374
5525,track,4,4,2.3979400086720375
5526,traditionally,4,4,2.3979400086720375
5527,transcript,4,3,2.5228787452803374
5528,transcriptomic,4,4,2.3979400086720375
5529,transiently,4,4,2.3979400086720375
5530,transmission,4,4,2.3979400086720375
5531,transparent,4,4,2.3979400086720375
5532,traumatic,4,2,2.6989700043360187
5533,treatment-resistant,4,3,2.5228787452803374
5534,tree-based,4,1,3.0
5535,true,4,4,2.3979400086720375
5536,turn,4,4,2.3979400086720375
5537,twenty,4,4,2.3979400086720375
5538,twenty-three,4,4,2.3979400086720375
5539,ug,4,1,3.0
5540,uln,4,1,3.0
5541,uncoupling,4,3,2.5228787452803374
5542,uncover,4,4,2.3979400086720375
5543,under-recognized,4,4,2.3979400086720375
5544,underappreciated,4,4,2.3979400086720375
5545,underserved,4,3,2.5228787452803374
5546,undescribed,4,2,2.6989700043360187
5547,unhealthy,4,4,2.3979400086720375
5548,unifying,4,4,2.3979400086720375
5549,unimolecular,4,4,2.3979400086720375
5550,univariable,4,3,2.5228787452803374
5551,universally,4,4,2.3979400086720375
5552,unlike,4,4,2.3979400086720375
5553,unloading,4,2,2.6989700043360187
5554,unprecedented,4,4,2.3979400086720375
5555,uremic,4,4,2.3979400086720375
5556,urgently,4,4,2.3979400086720375
5557,usage,4,2,2.6989700043360187
5558,v20,4,1,3.0
5559,variations,4,4,2.3979400086720375
5560,variety,4,4,2.3979400086720375
5561,vehicle,4,3,2.5228787452803374
5562,venomous,4,1,3.0
5563,vildagliptin,4,1,3.0
5564,voluntary,4,4,2.3979400086720375
5565,vrce,4,1,3.0
5566,vvs,4,1,3.0
5567,warehouse,4,4,2.3979400086720375
5568,warning,4,4,2.3979400086720375
5569,weight-independent,4,4,2.3979400086720375
5570,well-tolerated,4,4,2.3979400086720375
5571,whole,4,3,2.5228787452803374
5572,wide,4,4,2.3979400086720375
5573,wnt5a,4,1,3.0
5574,workforce,4,2,2.6989700043360187
5575,workshop,4,2,2.6989700043360187
5576,wss,4,1,3.0
5577,xa1416,4,1,3.0
5578,zinc,4,4,2.3979400086720375
5579,α-synuclein,4,3,2.5228787452803374
5580,β-catenin,4,3,2.5228787452803374
5581,β-d-fructofuranosyl,4,1,3.0
5582,δ,4,4,2.3979400086720375
5583,δasm,4,1,3.0
5584,0-1,3,3,2.5228787452803374
5585,0.019,3,3,2.5228787452803374
5586,0.027,3,3,2.5228787452803374
5587,0.032,3,3,2.5228787452803374
5588,0.037,3,3,2.5228787452803374
5589,0.039,3,3,2.5228787452803374
5590,0.041,3,3,2.5228787452803374
5591,0.043,3,3,2.5228787452803374
5592,0.210,3,1,3.0
5593,0.211,3,1,3.0
5594,0.310,3,1,3.0
5595,0.702,3,3,2.5228787452803374
5596,025,3,3,2.5228787452803374
5597,038,3,3,2.5228787452803374
5598,052,3,3,2.5228787452803374
5599,065,3,2,2.6989700043360187
5600,07,3,3,2.5228787452803374
5601,071,3,2,2.6989700043360187
5602,1-2,3,3,2.5228787452803374
5603,1-h,3,1,3.0
5604,1.25,3,3,2.5228787452803374
5605,1.36,3,3,2.5228787452803374
5606,1.48,3,3,2.5228787452803374
5607,1.50,3,3,2.5228787452803374
5608,1.61,3,3,2.5228787452803374
5609,1.81,3,3,2.5228787452803374
5610,1.87,3,3,2.5228787452803374
5611,1.94,3,3,2.5228787452803374
5612,10.1,3,3,2.5228787452803374
5613,10.70,3,3,2.5228787452803374
5614,100-200,3,1,3.0
5615,108,3,3,2.5228787452803374
5616,11.0,3,3,2.5228787452803374
5617,11.6,3,3,2.5228787452803374
5618,11.9,3,3,2.5228787452803374
5619,110,3,3,2.5228787452803374
5620,12-mg,3,1,3.0
5621,12.0,3,3,2.5228787452803374
5622,129,3,3,2.5228787452803374
5623,13.1,3,3,2.5228787452803374
5624,13.2,3,3,2.5228787452803374
5625,13.3,3,3,2.5228787452803374
5626,133,3,3,2.5228787452803374
5627,134,3,1,3.0
5628,137,3,3,2.5228787452803374
5629,14.1,3,3,2.5228787452803374
5630,14.2,3,3,2.5228787452803374
5631,14.4,3,3,2.5228787452803374
5632,14.6,3,3,2.5228787452803374
5633,1404-0002,3,1,3.0
5634,1404-0036,3,1,3.0
5635,148,3,3,2.5228787452803374
5636,149,3,3,2.5228787452803374
5637,15.3,3,3,2.5228787452803374
5638,157,3,3,2.5228787452803374
5639,158,3,3,2.5228787452803374
5640,16.1,3,3,2.5228787452803374
5641,16.2,3,3,2.5228787452803374
5642,17.5,3,3,2.5228787452803374
5643,172,3,3,2.5228787452803374
5644,18.9,3,3,2.5228787452803374
5645,19.3,3,3,2.5228787452803374
5646,19.6,3,3,2.5228787452803374
5647,191,3,2,2.6989700043360187
5648,197,3,3,2.5228787452803374
5649,1a,3,2,2.6989700043360187
5650,2-point,3,1,3.0
5651,2.16,3,3,2.5228787452803374
5652,2.17,3,2,2.6989700043360187
5653,2.21,3,3,2.5228787452803374
5654,2.23,3,3,2.5228787452803374
5655,2.33,3,3,2.5228787452803374
5656,2.50,3,3,2.5228787452803374
5657,2.51,3,3,2.5228787452803374
5658,2.64,3,3,2.5228787452803374
5659,2.75,3,3,2.5228787452803374
5660,2.88,3,2,2.6989700043360187
5661,20.0,3,3,2.5228787452803374
5662,20.3,3,3,2.5228787452803374
5663,2018-2024,3,3,2.5228787452803374
5664,2030,3,3,2.5228787452803374
5665,21.7,3,3,2.5228787452803374
5666,21.9,3,3,2.5228787452803374
5667,210,3,2,2.6989700043360187
5668,22.1,3,3,2.5228787452803374
5669,22.7,3,3,2.5228787452803374
5670,22.9,3,3,2.5228787452803374
5671,220,3,3,2.5228787452803374
5672,227,3,3,2.5228787452803374
5673,229,3,3,2.5228787452803374
5674,23.2,3,3,2.5228787452803374
5675,23.4,3,3,2.5228787452803374
5676,23.9,3,3,2.5228787452803374
5677,231,3,3,2.5228787452803374
5678,233,3,3,2.5228787452803374
5679,24-hour,3,3,2.5228787452803374
5680,24-week,3,2,2.6989700043360187
5681,24.8,3,3,2.5228787452803374
5682,24.9,3,3,2.5228787452803374
5683,245,3,3,2.5228787452803374
5684,25.2,3,3,2.5228787452803374
5685,25.8,3,3,2.5228787452803374
5686,26.3,3,3,2.5228787452803374
5687,26.8,3,3,2.5228787452803374
5688,263,3,3,2.5228787452803374
5689,27.1,3,3,2.5228787452803374
5690,270,3,3,2.5228787452803374
5691,273,3,3,2.5228787452803374
5692,28.3,3,3,2.5228787452803374
5693,286,3,3,2.5228787452803374
5694,29.9,3,3,2.5228787452803374
5695,291,3,2,2.6989700043360187
5696,3-5,3,2,2.6989700043360187
5697,3-month,3,3,2.5228787452803374
5698,3.01,3,3,2.5228787452803374
5699,3.43,3,3,2.5228787452803374
5700,322,3,3,2.5228787452803374
5701,33.5,3,3,2.5228787452803374
5702,34.0,3,1,3.0
5703,34.5,3,3,2.5228787452803374
5704,342,3,3,2.5228787452803374
5705,35.1,3,3,2.5228787452803374
5706,35.9,3,3,2.5228787452803374
5707,36-mg,3,1,3.0
5708,39.8,3,3,2.5228787452803374
5709,39.9,3,3,2.5228787452803374
5710,391,3,3,2.5228787452803374
5711,3t3-l1,3,2,2.6989700043360187
5712,4.17,3,3,2.5228787452803374
5713,4.28,3,3,2.5228787452803374
5714,4.4,3,3,2.5228787452803374
5715,4.8,3,3,2.5228787452803374
5716,4.97,3,3,2.5228787452803374
5717,40.6,3,3,2.5228787452803374
5718,411,3,3,2.5228787452803374
5719,42.8,3,3,2.5228787452803374
5720,44.8,3,2,2.6989700043360187
5721,442,3,3,2.5228787452803374
5722,47.1,3,3,2.5228787452803374
5723,48.6,3,3,2.5228787452803374
5724,49.2,3,3,2.5228787452803374
5725,5-hiaa,3,1,3.0
5726,5-point,3,2,2.6989700043360187
5727,5.0,3,3,2.5228787452803374
5728,5.1,3,3,2.5228787452803374
5729,5.2,3,3,2.5228787452803374
5730,5.3,3,3,2.5228787452803374
5731,5.90,3,3,2.5228787452803374
5732,50.6,3,3,2.5228787452803374
5733,52.2,3,3,2.5228787452803374
5734,53.0,3,3,2.5228787452803374
5735,53.7,3,3,2.5228787452803374
5736,544,3,2,2.6989700043360187
5737,546,3,3,2.5228787452803374
5738,572,3,3,2.5228787452803374
5739,589,3,3,2.5228787452803374
5740,6-12,3,2,2.6989700043360187
5741,6.04,3,2,2.6989700043360187
5742,6.33,3,3,2.5228787452803374
5743,60.9,3,3,2.5228787452803374
5744,604,3,3,2.5228787452803374
5745,623,3,3,2.5228787452803374
5746,63.9,3,3,2.5228787452803374
5747,67.2,3,3,2.5228787452803374
5748,672,3,3,2.5228787452803374
5749,68.4,3,2,2.6989700043360187
5750,68.9,3,3,2.5228787452803374
5751,7-day,3,2,2.6989700043360187
5752,71.9,3,3,2.5228787452803374
5753,717,3,3,2.5228787452803374
5754,72.4,3,3,2.5228787452803374
5755,73.3,3,3,2.5228787452803374
5756,74,3,3,2.5228787452803374
5757,78.4,3,3,2.5228787452803374
5758,8.3,3,3,2.5228787452803374
5759,8.6,3,2,2.6989700043360187
5760,80.00,3,2,2.6989700043360187
5761,853,3,3,2.5228787452803374
5762,9.6,3,3,2.5228787452803374
5763,9.72,3,3,2.5228787452803374
5764,90.4,3,3,2.5228787452803374
5765,932,3,3,2.5228787452803374
5766,953,3,3,2.5228787452803374
5767,962,3,2,2.6989700043360187
5768,abnormally,3,3,2.5228787452803374
5769,abstinence,3,2,2.6989700043360187
5770,abstract,3,3,2.5228787452803374
5771,academia,3,3,2.5228787452803374
5772,acarbose,3,3,2.5228787452803374
5773,accessible,3,3,2.5228787452803374
5774,accommodate,3,3,2.5228787452803374
5775,accumulated,3,3,2.5228787452803374
5776,ache,3,1,3.0
5777,achieves,3,3,2.5228787452803374
5778,acquisition,3,3,2.5228787452803374
5779,acromegaly,3,1,3.0
5780,acted,3,3,2.5228787452803374
5781,acyl-coa,3,3,2.5228787452803374
5782,adenine,3,3,2.5228787452803374
5783,adjacent,3,3,2.5228787452803374
5784,adjustable,3,3,2.5228787452803374
5785,admet,3,2,2.6989700043360187
5786,administration-approved,3,3,2.5228787452803374
5787,adopting,3,3,2.5228787452803374
5788,adpkd,3,1,3.0
5789,advancement,3,3,2.5228787452803374
5790,advent,3,3,2.5228787452803374
5791,advised,3,3,2.5228787452803374
5792,advocate,3,3,2.5228787452803374
5793,aetiologies,3,2,2.6989700043360187
5794,age-associated,3,2,2.6989700043360187
5795,ages,3,3,2.5228787452803374
5796,aggravate,3,3,2.5228787452803374
5797,aggravated,3,3,2.5228787452803374
5798,aggregate,3,3,2.5228787452803374
5799,aion,3,1,3.0
5800,akk,3,1,3.0
5801,aldosterone,3,3,2.5228787452803374
5802,alpha-synuclein,3,1,3.0
5803,alphamissense,3,1,3.0
5804,ame,3,1,3.0
5805,ameliorating,3,3,2.5228787452803374
5806,amp,3,2,2.6989700043360187
5807,amplitude,3,3,2.5228787452803374
5808,amplitude-o,3,2,2.6989700043360187
5809,amycretin,3,2,2.6989700043360187
5810,amylin-immunoreactive,3,1,3.0
5811,anabolic,3,3,2.5228787452803374
5812,anaemia,3,3,2.5228787452803374
5813,analogous,3,3,2.5228787452803374
5814,anatomical,3,3,2.5228787452803374
5815,anchor,3,3,2.5228787452803374
5816,androgens,3,3,2.5228787452803374
5817,anion,3,2,2.6989700043360187
5818,anonymous,3,3,2.5228787452803374
5819,anthocyanins,3,3,2.5228787452803374
5820,anti-fibrotic,3,3,2.5228787452803374
5821,anti-tb,3,1,3.0
5822,antiarrhythmic,3,2,2.6989700043360187
5823,antibodies,3,3,2.5228787452803374
5824,anticipated,3,3,2.5228787452803374
5825,antidepressants,3,1,3.0
5826,antinociceptive,3,3,2.5228787452803374
5827,antipsychotic-associated,3,3,2.5228787452803374
5828,antiseizure,3,1,3.0
5829,antithrombotic,3,3,2.5228787452803374
5830,ap,3,1,3.0
5831,apelin,3,1,3.0
5832,apglp1r,3,1,3.0
5833,apnea-hypopnea,3,3,2.5228787452803374
5834,apoe,3,3,2.5228787452803374
5835,applies,3,3,2.5228787452803374
5836,appropriately,3,3,2.5228787452803374
5837,apps,3,1,3.0
5838,arises,3,3,2.5228787452803374
5839,arising,3,3,2.5228787452803374
5840,arms,3,3,2.5228787452803374
5841,arousal,3,3,2.5228787452803374
5842,arrhythmic,3,2,2.6989700043360187
5843,ascites,3,1,3.0
5844,asia's,3,1,3.0
5845,aso,3,2,2.6989700043360187
5846,assembly,3,2,2.6989700043360187
5847,assist,3,3,2.5228787452803374
5848,associate,3,3,2.5228787452803374
5849,associates,3,3,2.5228787452803374
5850,assumed,3,3,2.5228787452803374
5851,assumptions,3,3,2.5228787452803374
5852,astrocyte-neuron,3,2,2.6989700043360187
5853,astrocytes,3,3,2.5228787452803374
5854,asymptomatic,3,3,2.5228787452803374
5855,atr,3,1,3.0
5856,attempt,3,1,3.0
5857,attempted,3,3,2.5228787452803374
5858,attracted,3,3,2.5228787452803374
5859,attrition,3,3,2.5228787452803374
5860,atypical,3,3,2.5228787452803374
5861,auc0-t,3,2,2.6989700043360187
5862,augmented,3,2,2.6989700043360187
5863,australia,3,2,2.6989700043360187
5864,authoritative,3,3,2.5228787452803374
5865,authority,3,3,2.5228787452803374
5866,autophagic,3,3,2.5228787452803374
5867,avenues,3,3,2.5228787452803374
5868,b-type,3,3,2.5228787452803374
5869,b12,3,3,2.5228787452803374
5870,bacteroides,3,3,2.5228787452803374
5871,bacteroidetes,3,3,2.5228787452803374
5872,bb,3,1,3.0
5873,bbs,3,1,3.0
5874,behaviours,3,3,2.5228787452803374
5875,benchmark,3,3,2.5228787452803374
5876,beneficence,3,3,2.5228787452803374
5877,benefit-risk,3,2,2.6989700043360187
5878,beta-cells,3,3,2.5228787452803374
5879,beta-oxidation,3,2,2.6989700043360187
5880,bfi,3,1,3.0
5881,bhe,3,1,3.0
5882,bia-estimated,3,2,2.6989700043360187
5883,bid,3,1,3.0
5884,bifidobacterium,3,3,2.5228787452803374
5885,bifunctional,3,1,3.0
5886,bilateral,3,3,2.5228787452803374
5887,bilirubin,3,2,2.6989700043360187
5888,binary,3,3,2.5228787452803374
5889,binomial,3,3,2.5228787452803374
5890,bioactivity,3,3,2.5228787452803374
5891,bioenergetic,3,3,2.5228787452803374
5892,biopsy-confirmed,3,3,2.5228787452803374
5893,biosynthesis,3,3,2.5228787452803374
5894,bitter,3,1,3.0
5895,blinded,3,3,2.5228787452803374
5896,blm,3,1,3.0
5897,bloating,3,1,3.0
5898,blocking,3,2,2.6989700043360187
5899,blunted,3,3,2.5228787452803374
5900,blunting,3,3,2.5228787452803374
5901,bound,3,2,2.6989700043360187
5902,boxed,3,3,2.5228787452803374
5903,breakthrough,3,3,2.5228787452803374
5904,briggs,3,3,2.5228787452803374
5905,broaden,3,3,2.5228787452803374
5906,buccal,3,1,3.0
5907,budgets,3,2,2.6989700043360187
5908,burn,3,1,3.0
5909,c2c12,3,2,2.6989700043360187
5910,calcitonin,3,2,2.6989700043360187
5911,call,3,3,2.5228787452803374
5912,called,3,3,2.5228787452803374
5913,came,3,3,2.5228787452803374
5914,cancer-specific,3,3,2.5228787452803374
5915,candidacy,3,2,2.6989700043360187
5916,capsules,3,2,2.6989700043360187
5917,carbamazepine,3,1,3.0
5918,carbohydrate-last,3,1,3.0
5919,carcinogenesis,3,2,2.6989700043360187
5920,carcinogenic,3,1,3.0
5921,cardio-renal,3,3,2.5228787452803374
5922,cardiomems,3,1,3.0
5923,cardiomyocytes,3,2,2.6989700043360187
5924,cardiovascular-related,3,2,2.6989700043360187
5925,caregiver,3,1,3.0
5926,carriers,3,3,2.5228787452803374
5927,carries,3,3,2.5228787452803374
5928,case-product,3,1,3.0
5929,catechins,3,2,2.6989700043360187
5930,cation,3,2,2.6989700043360187
5931,cck,3,3,2.5228787452803374
5932,cd206,3,3,2.5228787452803374
5933,cd25,3,1,3.0
5934,cell-based,3,1,3.0
5935,centrally,3,3,2.5228787452803374
5936,cerebellum,3,1,3.0
5937,cf-1b03,3,1,3.0
5938,cfrd,3,1,3.0
5939,cfs,3,1,3.0
5940,cgas-sting,3,2,2.6989700043360187
5941,chaperone,3,2,2.6989700043360187
5942,chart,3,3,2.5228787452803374
5943,chemically,3,3,2.5228787452803374
5944,chemosensory,3,1,3.0
5945,chicks,3,1,3.0
5946,china's,3,3,2.5228787452803374
5947,cho,3,2,2.6989700043360187
5948,cholangitis,3,2,2.6989700043360187
5949,cholinergic,3,2,2.6989700043360187
5950,chop,3,3,2.5228787452803374
5951,chromatographic,3,3,2.5228787452803374
5952,cinahl,3,3,2.5228787452803374
5953,citrate,3,3,2.5228787452803374
5954,claim,3,3,2.5228787452803374
5955,clarithromycin,3,1,3.0
5956,clarity,3,3,2.5228787452803374
5957,clinically-eligible,3,1,3.0
5958,closer,3,3,2.5228787452803374
5959,clostridium,3,3,2.5228787452803374
5960,cm-1a02,3,1,3.0
5961,cmax,3,2,2.6989700043360187
5962,cny,3,1,3.0
5963,co-agonist,3,3,2.5228787452803374
5964,co-occur,3,3,2.5228787452803374
5965,co-primary,3,3,2.5228787452803374
5966,coaching,3,2,2.6989700043360187
5967,coadministration,3,2,2.6989700043360187
5968,coe,3,1,3.0
5969,coexists,3,3,2.5228787452803374
5970,cola,3,1,3.0
5971,cold,3,1,3.0
5972,colic,3,1,3.0
5973,colocalisation,3,1,3.0
5974,commitment,3,2,2.6989700043360187
5975,committee,3,2,2.6989700043360187
5976,communities,3,3,2.5228787452803374
5977,companies,3,1,3.0
5978,company,3,3,2.5228787452803374
5979,compartment,3,2,2.6989700043360187
5980,compatibility,3,1,3.0
5981,completing,3,3,2.5228787452803374
5982,component025,3,1,3.0
5983,comprise,3,3,2.5228787452803374
5984,computer-generated,3,3,2.5228787452803374
5985,con,3,2,2.6989700043360187
5986,concentration-time,3,3,2.5228787452803374
5987,conception,3,3,2.5228787452803374
5988,conducting,3,3,2.5228787452803374
5989,conferring,3,3,2.5228787452803374
5990,confined,3,3,2.5228787452803374
5991,confocal,3,2,2.6989700043360187
5992,consecutively,3,3,2.5228787452803374
5993,conserved,3,3,2.5228787452803374
5994,constituted,3,3,2.5228787452803374
5995,consummatory,3,2,2.6989700043360187
5996,contain,3,3,2.5228787452803374
5997,contextual,3,3,2.5228787452803374
5998,contextualize,3,3,2.5228787452803374
5999,contraception,3,2,2.6989700043360187
6000,contraceptive,3,3,2.5228787452803374
6001,contrasts,3,3,2.5228787452803374
6002,controversy,3,3,2.5228787452803374
6003,cordyceps,3,2,2.6989700043360187
6004,correct,3,3,2.5228787452803374
6005,correctly,3,3,2.5228787452803374
6006,correlates,3,3,2.5228787452803374
6007,corticosteroids,3,3,2.5228787452803374
6008,counterfeit,3,2,2.6989700043360187
6009,counterregulation,3,1,3.0
6010,cover,3,2,2.6989700043360187
6011,covering,3,3,2.5228787452803374
6012,covers,3,3,2.5228787452803374
6013,cox-2,3,3,2.5228787452803374
6014,creates,3,3,2.5228787452803374
6015,creatine,3,1,3.0
6016,cri,3,1,3.0
6017,cross-disease,3,3,2.5228787452803374
6018,csm,3,1,3.0
6019,cues,3,3,2.5228787452803374
6020,culture,3,3,2.5228787452803374
6021,cyclophilin,3,1,3.0
6022,cystic,3,3,2.5228787452803374
6023,cytometry,3,3,2.5228787452803374
6024,d3ga,3,1,3.0
6025,dd,3,1,3.0
6026,deacetylation,3,2,2.6989700043360187
6027,debilitating,3,3,2.5228787452803374
6028,decarboxylase-65,3,1,3.0
6029,decomposition,3,3,2.5228787452803374
6030,default,3,3,2.5228787452803374
6031,delays,3,3,2.5228787452803374
6032,deletion,3,3,2.5228787452803374
6033,delivering,3,3,2.5228787452803374
6034,demands,3,3,2.5228787452803374
6035,depth,3,3,2.5228787452803374
6036,dermal,3,3,2.5228787452803374
6037,dermatitis,3,2,2.6989700043360187
6038,desulfuricans,3,1,3.0
6039,diabetes-associated,3,2,2.6989700043360187
6040,diabetes-specific,3,3,2.5228787452803374
6041,did-irr,3,1,3.0
6042,dietitian,3,3,2.5228787452803374
6043,difference-in-differences,3,2,2.6989700043360187
6044,diffusion,3,3,2.5228787452803374
6045,diminish,3,3,2.5228787452803374
6046,diminishes,3,3,2.5228787452803374
6047,dinucleotide,3,3,2.5228787452803374
6048,disciplines,3,3,2.5228787452803374
6049,discontinuations,3,3,2.5228787452803374
6050,discrepancy,3,3,2.5228787452803374
6051,disease-relevant,3,2,2.6989700043360187
6052,dislocation,3,2,2.6989700043360187
6053,dispensed,3,2,2.6989700043360187
6054,disruptions,3,3,2.5228787452803374
6055,distension,3,1,3.0
6056,distinguished,3,3,2.5228787452803374
6057,distributions,3,3,2.5228787452803374
6058,diuresis,3,2,2.6989700043360187
6059,diuretic,3,3,2.5228787452803374
6060,diurnal,3,2,2.6989700043360187
6061,divergence,3,3,2.5228787452803374
6062,dmadds,3,1,3.0
6063,dmf,3,1,3.0
6064,docusate,3,2,2.6989700043360187
6065,dor,3,1,3.0
6066,double-edged,3,2,2.6989700043360187
6067,dpp-iv,3,2,2.6989700043360187
6068,drawing,3,3,2.5228787452803374
6069,drinks,3,1,3.0
6070,dul-bip,3,1,3.0
6071,dul-neo,3,1,3.0
6072,dutch,3,2,2.6989700043360187
6073,dysglycaemia,3,3,2.5228787452803374
6074,e3,3,2,2.6989700043360187
6075,eae,3,1,3.0
6076,ear,3,1,3.0
6077,early-onset,3,3,2.5228787452803374
6078,early-phase,3,3,2.5228787452803374
6079,easo,3,1,3.0
6080,echocardiography,3,3,2.5228787452803374
6081,ecm,3,1,3.0
6082,ect,3,1,3.0
6083,edd,3,1,3.0
6084,editorials,3,3,2.5228787452803374
6085,effector,3,3,2.5228787452803374
6086,ela,3,1,3.0
6087,elements,3,3,2.5228787452803374
6088,eliminate,3,3,2.5228787452803374
6089,elusive,3,3,2.5228787452803374
6090,emergent,3,3,2.5228787452803374
6091,emissions,3,2,2.6989700043360187
6092,employing,3,2,2.6989700043360187
6093,encourage,3,3,2.5228787452803374
6094,encouraging,3,3,2.5228787452803374
6095,endometrioid,3,1,3.0
6096,endurance,3,2,2.6989700043360187
6097,engagement-weight-loss,3,1,3.0
6098,engineered,3,3,2.5228787452803374
6099,enriching,3,2,2.6989700043360187
6100,entire,3,3,2.5228787452803374
6101,entirely,3,3,2.5228787452803374
6102,episodic,3,2,2.6989700043360187
6103,equivalents,3,2,2.6989700043360187
6104,eras,3,2,2.6989700043360187
6105,erythrocyte,3,3,2.5228787452803374
6106,erythroid,3,3,2.5228787452803374
6107,esa,3,1,3.0
6108,escalated,3,3,2.5228787452803374
6109,eskd,3,1,3.0
6110,esophagogastroduodenoscopy,3,3,2.5228787452803374
6111,essentially,3,3,2.5228787452803374
6112,establishes,3,3,2.5228787452803374
6113,estimation,3,2,2.6989700043360187
6114,estradiol,3,3,2.5228787452803374
6115,ethnic,3,2,2.6989700043360187
6116,ethyl,3,3,2.5228787452803374
6117,etiology,3,3,2.5228787452803374
6118,eu,3,3,2.5228787452803374
6119,eudract,3,2,2.6989700043360187
6120,eventually,3,3,2.5228787452803374
6121,everyday,3,3,2.5228787452803374
6122,ewom,3,1,3.0
6123,example,3,3,2.5228787452803374
6124,examples,3,2,2.6989700043360187
6125,exclusive,3,3,2.5228787452803374
6126,excursion,3,1,3.0
6127,exercise-associated,3,1,3.0
6128,exhaled,3,2,2.6989700043360187
6129,exogenous,3,3,2.5228787452803374
6130,explanatory,3,3,2.5228787452803374
6131,export,3,3,2.5228787452803374
6132,extensively,3,3,2.5228787452803374
6133,externally,3,3,2.5228787452803374
6134,extrahepatic,3,3,2.5228787452803374
6135,extrapolation,3,2,2.6989700043360187
6136,extremely,3,3,2.5228787452803374
6137,faces,3,3,2.5228787452803374
6138,facilitates,3,3,2.5228787452803374
6139,factor-1,3,3,2.5228787452803374
6140,factorial,3,2,2.6989700043360187
6141,failing,3,3,2.5228787452803374
6142,false,3,3,2.5228787452803374
6143,false-discovery-rate,3,2,2.6989700043360187
6144,familial,3,3,2.5228787452803374
6145,families,3,3,2.5228787452803374
6146,fasted,3,2,2.6989700043360187
6147,favorably,3,3,2.5228787452803374
6148,fdr,3,3,2.5228787452803374
6149,fea,3,1,3.0
6150,fear,3,3,2.5228787452803374
6151,feature,3,3,2.5228787452803374
6152,feces,3,3,2.5228787452803374
6153,federal,3,3,2.5228787452803374
6154,federally,3,3,2.5228787452803374
6155,fee-for-service,3,3,2.5228787452803374
6156,fermented,3,1,3.0
6157,ffml,3,1,3.0
6158,fibers,3,3,2.5228787452803374
6159,fibrogenesis,3,2,2.6989700043360187
6160,finngen,3,2,2.6989700043360187
6161,firmicutes,3,3,2.5228787452803374
6162,first-time,3,2,2.6989700043360187
6163,fixed-calorie,3,1,3.0
6164,flavonoid,3,2,2.6989700043360187
6165,flavonoids,3,3,2.5228787452803374
6166,flexible,3,3,2.5228787452803374
6167,fmt's,3,1,3.0
6168,fnq,3,1,3.0
6169,folate,3,3,2.5228787452803374
6170,folding,3,3,2.5228787452803374
6171,follicular,3,3,2.5228787452803374
6172,former,3,3,2.5228787452803374
6173,formerly,3,3,2.5228787452803374
6174,forming,3,3,2.5228787452803374
6175,formula,3,2,2.6989700043360187
6176,formulated,3,3,2.5228787452803374
6177,forward,3,3,2.5228787452803374
6178,foundayo,3,2,2.6989700043360187
6179,four-way,3,1,3.0
6180,fractions,3,1,3.0
6181,frame,3,3,2.5228787452803374
6182,framing,3,3,2.5228787452803374
6183,free-energy,3,2,2.6989700043360187
6184,frequencies,3,3,2.5228787452803374
6185,frontier,3,3,2.5228787452803374
6186,ft,3,1,3.0
6187,full-text,3,3,2.5228787452803374
6188,galactomannans,3,1,3.0
6189,ganglion,3,3,2.5228787452803374
6190,gas,3,2,2.6989700043360187
6191,gastroenterology,3,2,2.6989700043360187
6192,gcs,3,2,2.6989700043360187
6193,gdn,3,1,3.0
6194,generates,3,3,2.5228787452803374
6195,generating,3,3,2.5228787452803374
6196,generic,3,2,2.6989700043360187
6197,genitourinary,3,2,2.6989700043360187
6198,genotyping,3,3,2.5228787452803374
6199,geographic,3,3,2.5228787452803374
6200,geographical,3,3,2.5228787452803374
6201,geroprotection,3,1,3.0
6202,gfap,3,1,3.0
6203,gi-aes,3,1,3.0
6204,gip-glp-1,3,1,3.0
6205,gksset,3,1,3.0
6206,glands,3,2,2.6989700043360187
6207,glicentin,3,1,3.0
6208,glp-1-mediated,3,3,2.5228787452803374
6209,glp-1-positive,3,3,2.5228787452803374
6210,glp-1r-mediated,3,3,2.5228787452803374
6211,glp-naive,3,1,3.0
6212,glpa,3,1,3.0
6213,glucagon-based,3,2,2.6989700043360187
6214,glucoregulatory,3,1,3.0
6215,glutamic,3,1,3.0
6216,glycogen,3,1,3.0
6217,glycoside,3,2,2.6989700043360187
6218,gonadotropin,3,3,2.5228787452803374
6219,gonads,3,1,3.0
6220,government,3,3,2.5228787452803374
6221,gpcr,3,2,2.6989700043360187
6222,gpcr-specific,3,1,3.0
6223,graves,3,1,3.0
6224,greenhouse,3,2,2.6989700043360187
6225,grocery,3,1,3.0
6226,gsh,3,3,2.5228787452803374
6227,gsk-3β,3,1,3.0
6228,gut-adipose,3,2,2.6989700043360187
6229,gut-joint,3,1,3.0
6230,gut-pancreatic,3,1,3.0
6231,gut-targeted,3,3,2.5228787452803374
6232,h9c2,3,1,3.0
6233,habit,3,1,3.0
6234,habits,3,3,2.5228787452803374
6235,hamster,3,2,2.6989700043360187
6236,harmonized,3,3,2.5228787452803374
6237,hba1c-enhanced,3,1,3.0
6238,hcu,3,1,3.0
6239,head,3,2,2.6989700043360187
6240,headline,3,3,2.5228787452803374
6241,hearing,3,2,2.6989700043360187
6242,helping,3,3,2.5228787452803374
6243,hematologic,3,2,2.6989700043360187
6244,hemorrhage,3,2,2.6989700043360187
6245,hence,3,3,2.5228787452803374
6246,hepatocytes,3,3,2.5228787452803374
6247,hepatoprotective,3,3,2.5228787452803374
6248,hf-related,3,3,2.5228787452803374
6249,hif-1,3,1,3.0
6250,high-glucose,3,3,2.5228787452803374
6251,high-resolution,3,3,2.5228787452803374
6252,high-throughput,3,3,2.5228787452803374
6253,hispidin-enriched,3,1,3.0
6254,histopathology,3,3,2.5228787452803374
6255,hiv-specific,3,3,2.5228787452803374
6256,hksj,3,1,3.0
6257,hl,3,1,3.0
6258,homa-β,3,2,2.6989700043360187
6259,hordeola,3,1,3.0
6260,horizon,3,3,2.5228787452803374
6261,hormone-based,3,1,3.0
6262,hpa,3,3,2.5228787452803374
6263,hrsa,3,1,3.0
6264,hspa5,3,2,2.6989700043360187
6265,hubs,3,3,2.5228787452803374
6266,humeana,3,1,3.0
6267,hy's,3,1,3.0
6268,hybrid,3,3,2.5228787452803374
6269,hydration,3,3,2.5228787452803374
6270,hydrogen,3,2,2.6989700043360187
6271,hyperaminoacidemia,3,1,3.0
6272,hyperfiltration,3,3,2.5228787452803374
6273,hyperglycaemic,3,1,3.0
6274,hyperglycemic,3,3,2.5228787452803374
6275,hyperkalaemia,3,2,2.6989700043360187
6276,hypertrophy,3,3,2.5228787452803374
6277,hypoglycaemic,3,3,2.5228787452803374
6278,hypoxemia,3,2,2.6989700043360187
6279,hz,3,2,2.6989700043360187
6280,icd-10-cm,3,3,2.5228787452803374
6281,ic₅₀,3,2,2.6989700043360187
6282,iddm,3,1,3.0
6283,ide,3,1,3.0
6284,identical,3,3,2.5228787452803374
6285,iib,3,1,3.0
6286,il-10,3,3,2.5228787452803374
6287,ileal,3,3,2.5228787452803374
6288,ill-health,3,1,3.0
6289,illicit,3,2,2.6989700043360187
6290,imbalances,3,3,2.5228787452803374
6291,immediate,3,3,2.5228787452803374
6292,immortal,3,3,2.5228787452803374
6293,immune-cell,3,3,2.5228787452803374
6294,immunoblot,3,2,2.6989700043360187
6295,immunoblotting,3,3,2.5228787452803374
6296,immunofluorescence,3,3,2.5228787452803374
6297,immunological,3,2,2.6989700043360187
6298,immunoprecipitation,3,3,2.5228787452803374
6299,immunosenescence,3,3,2.5228787452803374
6300,imperative,3,3,2.5228787452803374
6301,implant,3,3,2.5228787452803374
6302,implantation,3,2,2.6989700043360187
6303,implement,3,3,2.5228787452803374
6304,implicate,3,3,2.5228787452803374
6305,imply,3,3,2.5228787452803374
6306,imprecision,3,3,2.5228787452803374
6307,incidences,3,3,2.5228787452803374
6308,inclusive,3,2,2.6989700043360187
6309,inconsistently,3,3,2.5228787452803374
6310,incorporates,3,3,2.5228787452803374
6311,incubation,3,2,2.6989700043360187
6312,indeed,3,3,2.5228787452803374
6313,independence,3,3,2.5228787452803374
6314,individualised,3,3,2.5228787452803374
6315,ineligible,3,2,2.6989700043360187
6316,inequalities,3,3,2.5228787452803374
6317,inertia,3,3,2.5228787452803374
6318,inferred,3,3,2.5228787452803374
6319,infertility,3,3,2.5228787452803374
6320,influential,3,2,2.6989700043360187
6321,ingredients,3,3,2.5228787452803374
6322,inos,3,3,2.5228787452803374
6323,insr,3,3,2.5228787452803374
6324,instis,3,1,3.0
6325,insulin-dependent,3,3,2.5228787452803374
6326,insulin-induced,3,2,2.6989700043360187
6327,insulin-positive,3,2,2.6989700043360187
6328,insulin-resistant,3,3,2.5228787452803374
6329,int-777,3,1,3.0
6330,intakes,3,2,2.6989700043360187
6331,interferon-γ,3,3,2.5228787452803374
6332,intermediates,3,3,2.5228787452803374
6333,internalization,3,3,2.5228787452803374
6334,interorgan,3,2,2.6989700043360187
6335,interpret,3,3,2.5228787452803374
6336,interpreting,3,3,2.5228787452803374
6337,interstitial,3,3,2.5228787452803374
6338,intestinalis,3,1,3.0
6339,intrathecal,3,1,3.0
6340,intricate,3,3,2.5228787452803374
6341,introduce,3,3,2.5228787452803374
6342,isocaloric,3,2,2.6989700043360187
6343,jak,3,3,2.5228787452803374
6344,jakmip3,3,1,3.0
6345,janus,3,3,2.5228787452803374
6346,japan's,3,1,3.0
6347,jnk,3,2,2.6989700043360187
6348,joanna,3,3,2.5228787452803374
6349,journals,3,3,2.5228787452803374
6350,justified,3,3,2.5228787452803374
6351,k58,3,1,3.0
6352,kccq-oss,3,1,3.0
6353,kdigo,3,1,3.0
6354,ketone,3,3,2.5228787452803374
6355,keyword,3,2,2.6989700043360187
6356,kfre,3,2,2.6989700043360187
6357,kidney-specific,3,3,2.5228787452803374
6358,kilograms,3,3,2.5228787452803374
6359,kinetics,3,3,2.5228787452803374
6360,ko,3,1,3.0
6361,korean,3,3,2.5228787452803374
6362,kruskal-wallis,3,2,2.6989700043360187
6363,l-1,3,1,3.0
6364,l-cell,3,2,2.6989700043360187
6365,labelling,3,1,3.0
6366,labs,3,3,2.5228787452803374
6367,lactation,3,3,2.5228787452803374
6368,lactic,3,3,2.5228787452803374
6369,lacticaseibacillus,3,2,2.6989700043360187
6370,late-stage,3,3,2.5228787452803374
6371,latent,3,3,2.5228787452803374
6372,latino,3,2,2.6989700043360187
6373,law,3,1,3.0
6374,laxity,3,2,2.6989700043360187
6375,lbm,3,1,3.0
6376,lc-ms,3,3,2.5228787452803374
6377,ld-il2,3,1,3.0
6378,ldl-cholesterol,3,2,2.6989700043360187
6379,lean-mass,3,3,2.5228787452803374
6380,least-squares,3,3,2.5228787452803374
6381,legacy,3,3,2.5228787452803374
6382,lh,3,1,3.0
6383,lhvgat,3,1,3.0
6384,life-years,3,2,2.6989700043360187
6385,lifestyle-related,3,3,2.5228787452803374
6386,lifetime,3,3,2.5228787452803374
6387,linkages,3,3,2.5228787452803374
6388,liraglutide-mediated,3,2,2.6989700043360187
6389,liver-specific,3,3,2.5228787452803374
6390,lklkll,3,1,3.0
6391,lobes,3,1,3.0
6392,lose,3,3,2.5228787452803374
6393,loss-associated,3,2,2.6989700043360187
6394,low-certainty,3,3,2.5228787452803374
6395,lps-stimulated,3,2,2.6989700043360187
6396,lvef,3,3,2.5228787452803374
6397,m1-like,3,1,3.0
6398,macce,3,1,3.0
6399,macrovascular,3,3,2.5228787452803374
6400,mad,3,1,3.0
6401,magnesium,3,3,2.5228787452803374
6402,maintains,3,3,2.5228787452803374
6403,makes,3,3,2.5228787452803374
6404,malignant,3,1,3.0
6405,malondialdehyde,3,3,2.5228787452803374
6406,mams,3,1,3.0
6407,manifest,3,3,2.5228787452803374
6408,manifestation,3,3,2.5228787452803374
6409,manipulation,3,3,2.5228787452803374
6410,manual,3,3,2.5228787452803374
6411,manuscript,3,2,2.6989700043360187
6412,marginal,3,3,2.5228787452803374
6413,marketed,3,3,2.5228787452803374
6414,marks,3,2,2.6989700043360187
6415,marrow-derived,3,3,2.5228787452803374
6416,massive,3,2,2.6989700043360187
6417,mature,3,3,2.5228787452803374
6418,maximizing,3,3,2.5228787452803374
6419,mc4r,3,1,3.0
6420,mcid,3,2,2.6989700043360187
6421,meddra,3,3,2.5228787452803374
6422,medically,3,3,2.5228787452803374
6423,medication-use,3,1,3.0
6424,meglitinides,3,1,3.0
6425,melatonin,3,3,2.5228787452803374
6426,member,3,3,2.5228787452803374
6427,menopausal,3,2,2.6989700043360187
6428,mentioned,3,3,2.5228787452803374
6429,merative,3,3,2.5228787452803374
6430,merely,3,3,2.5228787452803374
6431,messenger,3,2,2.6989700043360187
6432,meta-inflammation,3,2,2.6989700043360187
6433,metabolic-inflammatory,3,3,2.5228787452803374
6434,meters,3,3,2.5228787452803374
6435,methadone,3,3,2.5228787452803374
6436,methodologies,3,3,2.5228787452803374
6437,methyl,3,3,2.5228787452803374
6438,methylation,3,3,2.5228787452803374
6439,mfr,3,1,3.0
6440,mi-defined,3,1,3.0
6441,microalgal,3,1,3.0
6442,microbiome-based,3,3,2.5228787452803374
6443,microbiota-ba,3,1,3.0
6444,microfluidic,3,2,2.6989700043360187
6445,middle,3,2,2.6989700043360187
6446,mild-to-moderate,3,3,2.5228787452803374
6447,mimic,3,3,2.5228787452803374
6448,mini-review,3,3,2.5228787452803374
6449,minimize,3,3,2.5228787452803374
6450,minimizing,3,3,2.5228787452803374
6451,minor,3,3,2.5228787452803374
6452,misclassification,3,3,2.5228787452803374
6453,misleading,3,2,2.6989700043360187
6454,missed,3,3,2.5228787452803374
6455,mitigates,3,3,2.5228787452803374
6456,mme,3,1,3.0
6457,mmse,3,1,3.0
6458,mobilization,3,2,2.6989700043360187
6459,moderate-to-advanced,3,2,2.6989700043360187
6460,modifying,3,3,2.5228787452803374
6461,modulator,3,3,2.5228787452803374
6462,molar,3,2,2.6989700043360187
6463,moment,3,3,2.5228787452803374
6464,monkeys,3,2,2.6989700043360187
6465,monocytic,3,2,2.6989700043360187
6466,morusin,3,1,3.0
6467,motility-related,3,1,3.0
6468,mtros,3,3,2.5228787452803374
6469,mucoadhesion,3,2,2.6989700043360187
6470,multi-agonists,3,3,2.5228787452803374
6471,multi-timescale,3,1,3.0
6472,multimorbid,3,2,2.6989700043360187
6473,multiomic,3,2,2.6989700043360187
6474,muscles,3,3,2.5228787452803374
6475,mutant,3,2,2.6989700043360187
6476,mutations,3,2,2.6989700043360187
6477,n-3,3,1,3.0
6478,nanoparticle,3,3,2.5228787452803374
6479,nanoparticles,3,2,2.6989700043360187
6480,narrow,3,3,2.5228787452803374
6481,nationally,3,2,2.6989700043360187
6482,natriuresis,3,3,2.5228787452803374
6483,nco,3,1,3.0
6484,nct04184622,3,1,3.0
6485,nct04657003,3,1,3.0
6486,ne150,3,1,3.0
6487,necessitates,3,3,2.5228787452803374
6488,needle,3,1,3.0
6489,neonatal,3,3,2.5228787452803374
6490,nephrolithiasis,3,2,2.6989700043360187
6491,nephroprotective,3,3,2.5228787452803374
6492,nervosa,3,3,2.5228787452803374
6493,nets,3,1,3.0
6494,neurodevelopmental,3,3,2.5228787452803374
6495,neuroinflammatory,3,3,2.5228787452803374
6496,neuromodulators,3,1,3.0
6497,neuropeptides,3,3,2.5228787452803374
6498,neurophysiological,3,3,2.5228787452803374
6499,neurotrophic,3,3,2.5228787452803374
6500,never-users,3,1,3.0
6501,news,3,2,2.6989700043360187
6502,next-meal,3,1,3.0
6503,nihss,3,1,3.0
6504,nineteen,3,3,2.5228787452803374
6505,nitida,3,1,3.0
6506,nlr,3,1,3.0
6507,nocturnal,3,2,2.6989700043360187
6508,nodules,3,3,2.5228787452803374
6509,nominally,3,3,2.5228787452803374
6510,non-bariatric,3,1,3.0
6511,non-communicable,3,1,3.0
6512,non-ers,3,1,3.0
6513,non-initiation,3,2,2.6989700043360187
6514,non-initiators,3,1,3.0
6515,non-japan,3,1,3.0
6516,non-masld,3,1,3.0
6517,non-pharmacological,3,3,2.5228787452803374
6518,nonexudative,3,1,3.0
6519,nonsignificant,3,3,2.5228787452803374
6520,normoglycaemic,3,1,3.0
6521,nos,3,2,2.6989700043360187
6522,ntsglp1r,3,1,3.0
6523,nucleus,3,3,2.5228787452803374
6524,nutraceutical,3,2,2.6989700043360187
6525,nutri-obedigithum,3,1,3.0
6526,nutritionists,3,2,2.6989700043360187
6527,nvtdr,3,1,3.0
6528,nvu,3,1,3.0
6529,ob-ckd,3,1,3.0
6530,obesity-nonrelated,3,1,3.0
6531,observable,3,3,2.5228787452803374
6532,obtain,3,3,2.5228787452803374
6533,oc,3,1,3.0
6534,octt,3,1,3.0
6535,oesophageal,3,1,3.0
6536,oils,3,2,2.6989700043360187
6537,olanzapine,3,1,3.0
6538,olfactory,3,2,2.6989700043360187
6539,omm,3,1,3.0
6540,oncological,3,3,2.5228787452803374
6541,operational,3,2,2.6989700043360187
6542,opioids,3,3,2.5228787452803374
6543,orexigenic,3,3,2.5228787452803374
6544,organelle,3,2,2.6989700043360187
6545,orthogonal,3,2,2.6989700043360187
6546,osteoclastogenesis,3,2,2.6989700043360187
6547,osteomyelitis,3,1,3.0
6548,outlined,3,3,2.5228787452803374
6549,p-gp,3,1,3.0
6550,paced,3,1,3.0
6551,package,3,3,2.5228787452803374
6552,pai-1,3,2,2.6989700043360187
6553,pair,3,3,2.5228787452803374
6554,palmitate-induced,3,1,3.0
6555,papers,3,3,2.5228787452803374
6556,paradigms,3,3,2.5228787452803374
6557,parametric,3,3,2.5228787452803374
6558,participant-level,3,2,2.6989700043360187
6559,participated,3,3,2.5228787452803374
6560,pasc,3,1,3.0
6561,pasireotide-induced,3,1,3.0
6562,pass,3,2,2.6989700043360187
6563,paternal,3,2,2.6989700043360187
6564,paucity,3,3,2.5228787452803374
6565,pbs,3,2,2.6989700043360187
6566,pc1,3,1,3.0
6567,pcp-j-1,3,1,3.0
6568,pcr,3,3,2.5228787452803374
6569,pcs,3,1,3.0
6570,pcsk1,3,2,2.6989700043360187
6571,pdc,3,2,2.6989700043360187
6572,peer,3,2,2.6989700043360187
6573,percutaneous,3,3,2.5228787452803374
6574,perform,3,3,2.5228787452803374
6575,performing,3,2,2.6989700043360187
6576,periprocedural,3,2,2.6989700043360187
6577,peroxide,3,3,2.5228787452803374
6578,perpetrator,3,1,3.0
6579,pervasive,3,3,2.5228787452803374
6580,pf,3,1,3.0
6581,pharmacists,3,2,2.6989700043360187
6582,pharmacoepidemiological,3,2,2.6989700043360187
6583,pharmacotherapeutic,3,3,2.5228787452803374
6584,pharyngeal,3,3,2.5228787452803374
6585,phases,3,3,2.5228787452803374
6586,phosphorylated,3,3,2.5228787452803374
6587,phq-9,3,1,3.0
6588,physicochemical,3,3,2.5228787452803374
6589,physiologically,3,3,2.5228787452803374
6590,phytochemical,3,3,2.5228787452803374
6591,pi3k-akt,3,1,3.0
6592,pituitary,3,2,2.6989700043360187
6593,plant,3,3,2.5228787452803374
6594,playing,3,3,2.5228787452803374
6595,plots,3,2,2.6989700043360187
6596,pmca4,3,1,3.0
6597,pmol,3,2,2.6989700043360187
6598,polypharmacy,3,3,2.5228787452803374
6599,polyphenols,3,3,2.5228787452803374
6600,pomc,3,1,3.0
6601,popularity,3,3,2.5228787452803374
6602,posing,3,3,2.5228787452803374
6603,post-operative,3,2,2.6989700043360187
6604,postural,3,2,2.6989700043360187
6605,ppara,3,2,2.6989700043360187
6606,pparg,3,3,2.5228787452803374
6607,pr's,3,1,3.0
6608,pre-intervention,3,1,3.0
6609,pre-use,3,1,3.0
6610,precipitate,3,3,2.5228787452803374
6611,preclude,3,3,2.5228787452803374
6612,preconditioning,3,2,2.6989700043360187
6613,preexisting,3,2,2.6989700043360187
6614,pregnancy-related,3,3,2.5228787452803374
6615,pregnant,3,3,2.5228787452803374
6616,preoccupation,3,3,2.5228787452803374
6617,preprint,3,3,2.5228787452803374
6618,preprocedural,3,1,3.0
6619,prescribers,3,2,2.6989700043360187
6620,prices,3,2,2.6989700043360187
6621,prioritised,3,3,2.5228787452803374
6622,pro,3,3,2.5228787452803374
6623,probable,3,3,2.5228787452803374
6624,producers,3,1,3.0
6625,product-specific,3,2,2.6989700043360187
6626,profound,3,3,2.5228787452803374
6627,project,3,3,2.5228787452803374
6628,projections,3,3,2.5228787452803374
6629,prominence,3,3,2.5228787452803374
6630,promoters,3,3,2.5228787452803374
6631,proms,3,1,3.0
6632,proof-of-concept,3,3,2.5228787452803374
6633,propagation,3,3,2.5228787452803374
6634,proteases,3,1,3.0
6635,protecting,3,3,2.5228787452803374
6636,proteome,3,1,3.0
6637,proteomics,3,3,2.5228787452803374
6638,prothrombotic,3,3,2.5228787452803374
6639,provider,3,3,2.5228787452803374
6640,provision,3,3,2.5228787452803374
6641,proxied,3,3,2.5228787452803374
6642,proxy,3,3,2.5228787452803374
6643,ps-matched,3,2,2.6989700043360187
6644,psychiatry,3,3,2.5228787452803374
6645,psychotic,3,3,2.5228787452803374
6646,ptc,3,1,3.0
6647,pten,3,3,2.5228787452803374
6648,pulmonary-function,3,1,3.0
6649,pulsed,3,2,2.6989700043360187
6650,purely,3,3,2.5228787452803374
6651,purity,3,3,2.5228787452803374
6652,purposes,3,3,2.5228787452803374
6653,putative,3,3,2.5228787452803374
6654,pwcf,3,1,3.0
6655,qmdr,3,1,3.0
6656,qualitatively,3,3,2.5228787452803374
6657,quantification,3,3,2.5228787452803374
6658,quantity,3,3,2.5228787452803374
6659,query,3,3,2.5228787452803374
6660,r2,3,3,2.5228787452803374
6661,ra-associated,3,2,2.6989700043360187
6662,rct,3,3,2.5228787452803374
6663,reason,3,3,2.5228787452803374
6664,receptor-mediated,3,2,2.6989700043360187
6665,receptor-β,3,3,2.5228787452803374
6666,recommending,3,3,2.5228787452803374
6667,recommends,3,2,2.6989700043360187
6668,recovered,3,1,3.0
6669,red,3,2,2.6989700043360187
6670,redefined,3,3,2.5228787452803374
6671,redistribution,3,2,2.6989700043360187
6672,reduced-calorie,3,3,2.5228787452803374
6673,reductive,3,2,2.6989700043360187
6674,reference-list,3,2,2.6989700043360187
6675,referencing,3,2,2.6989700043360187
6676,referrals,3,2,2.6989700043360187
6677,reflexive,3,3,2.5228787452803374
6678,registers,3,3,2.5228787452803374
6679,reinforced,3,3,2.5228787452803374
6680,relaxation,3,2,2.6989700043360187
6681,remodel,3,3,2.5228787452803374
6682,renin-angiotensin-system,3,3,2.5228787452803374
6683,repetitions,3,1,3.0
6684,replace,3,3,2.5228787452803374
6685,repositioning,3,3,2.5228787452803374
6686,represented,3,3,2.5228787452803374
6687,reproducible,3,3,2.5228787452803374
6688,rescued,3,3,2.5228787452803374
6689,researchers,3,3,2.5228787452803374
6690,reshapes,3,3,2.5228787452803374
6691,residues,3,3,2.5228787452803374
6692,rest,3,3,2.5228787452803374
6693,retear,3,1,3.0
6694,rewarding,3,2,2.6989700043360187
6695,riddle,3,1,3.0
6696,rif,3,1,3.0
6697,riiβ-ablated,3,1,3.0
6698,risen,3,3,2.5228787452803374
6699,rises,3,3,2.5228787452803374
6700,rp,3,1,3.0
6701,rpea,3,1,3.0
6702,rs,3,1,3.0
6703,rural-urban,3,1,3.0
6704,rw,3,1,3.0
6705,rwd,3,2,2.6989700043360187
6706,safely,3,3,2.5228787452803374
6707,safety-related,3,3,2.5228787452803374
6708,sal,3,1,3.0
6709,salience,3,3,2.5228787452803374
6710,salvage,3,2,2.6989700043360187
6711,sampled,3,3,2.5228787452803374
6712,scales,3,3,2.5228787452803374
6713,scarce,3,3,2.5228787452803374
6714,scheduled,3,3,2.5228787452803374
6715,sclerosis,3,2,2.6989700043360187
6716,scoring,3,3,2.5228787452803374
6717,scs,3,1,3.0
6718,secrete,3,3,2.5228787452803374
6719,section,3,3,2.5228787452803374
6720,sedated,3,2,2.6989700043360187
6721,sedatives,3,1,3.0
6722,see,3,3,2.5228787452803374
6723,segment,3,3,2.5228787452803374
6724,segments,3,2,2.6989700043360187
6725,seizure,3,1,3.0
6726,self-devaluation,3,1,3.0
6727,self-harm,3,1,3.0
6728,self-stigma,3,2,2.6989700043360187
6729,semaglutide-associated,3,3,2.5228787452803374
6730,sep-pyy,3,1,3.0
6731,sequelae,3,3,2.5228787452803374
6732,sequences,3,3,2.5228787452803374
6733,seroma,3,2,2.6989700043360187
6734,serosal,3,1,3.0
6735,shaped,3,3,2.5228787452803374
6736,shares,3,3,2.5228787452803374
6737,sharply,3,3,2.5228787452803374
6738,shbg,3,1,3.0
6739,shortage,3,3,2.5228787452803374
6740,shortly,3,3,2.5228787452803374
6741,shr,3,1,3.0
6742,signalled,3,2,2.6989700043360187
6743,silico,3,3,2.5228787452803374
6744,simulation,3,3,2.5228787452803374
6745,single-cell,3,3,2.5228787452803374
6746,single-centre,3,3,2.5228787452803374
6747,single-dose,3,3,2.5228787452803374
6748,sirna,3,3,2.5228787452803374
6749,situ,3,3,2.5228787452803374
6750,sld,3,1,3.0
6751,sleepiness,3,2,2.6989700043360187
6752,sln,3,2,2.6989700043360187
6753,sm-1,3,1,3.0
6754,sma,3,1,3.0
6755,smad,3,3,2.5228787452803374
6756,smds,3,3,2.5228787452803374
6757,snps,3,2,2.6989700043360187
6758,societal,3,3,2.5228787452803374
6759,solubility,3,2,2.6989700043360187
6760,soluble,3,3,2.5228787452803374
6761,space,3,2,2.6989700043360187
6762,spain,3,2,2.6989700043360187
6763,spcs,3,1,3.0
6764,specialized,3,3,2.5228787452803374
6765,specified,3,3,2.5228787452803374
6766,spectroscopic,3,3,2.5228787452803374
6767,spikes,3,2,2.6989700043360187
6768,spironolactone,3,3,2.5228787452803374
6769,sred,3,1,3.0
6770,st2,3,1,3.0
6771,stabilized,3,3,2.5228787452803374
6772,standalone,3,3,2.5228787452803374
6773,statin,3,3,2.5228787452803374
6774,std,3,1,3.0
6775,steady-state,3,3,2.5228787452803374
6776,step-hfpef,3,2,2.6989700043360187
6777,stimulator,3,2,2.6989700043360187
6778,stone,3,1,3.0
6779,strains,3,3,2.5228787452803374
6780,strategic,3,3,2.5228787452803374
6781,stratifying,3,3,2.5228787452803374
6782,streptozotocin,3,3,2.5228787452803374
6783,stress-related,3,3,2.5228787452803374
6784,studying,3,3,2.5228787452803374
6785,subcohort,3,1,3.0
6786,subject,3,3,2.5228787452803374
6787,suboptimally,3,2,2.6989700043360187
6788,substances,3,3,2.5228787452803374
6789,substudy,3,3,2.5228787452803374
6790,sucralose,3,1,3.0
6791,sudden,3,3,2.5228787452803374
6792,suffering,3,2,2.6989700043360187
6793,suitability,3,3,2.5228787452803374
6794,summarises,3,3,2.5228787452803374
6795,surmount-osa,3,3,2.5228787452803374
6796,surrogates,3,3,2.5228787452803374
6797,susceptible,3,3,2.5228787452803374
6798,swedish,3,2,2.6989700043360187
6799,swim,3,3,2.5228787452803374
6800,swine,3,1,3.0
6801,sword,3,1,3.0
6802,symmetric,3,2,2.6989700043360187
6803,syncope,3,2,2.6989700043360187
6804,synthesise,3,3,2.5228787452803374
6805,t-cell,3,3,2.5228787452803374
6806,t2-low,3,1,3.0
6807,tac,3,1,3.0
6808,take,3,3,2.5228787452803374
6809,tc,3,3,2.5228787452803374
6810,tcdca,3,1,3.0
6811,tdt-induced,3,1,3.0
6812,tea,3,2,2.6989700043360187
6813,teams,3,3,2.5228787452803374
6814,telehealth,3,2,2.6989700043360187
6815,telemedicine,3,2,2.6989700043360187
6816,temporally,3,3,2.5228787452803374
6817,tension,3,2,2.6989700043360187
6818,tf-5,3,1,3.0
6819,thermal,3,3,2.5228787452803374
6820,thermodynamic,3,3,2.5228787452803374
6821,thin,3,1,3.0
6822,thoughts,3,3,2.5228787452803374
6823,thp-1,3,3,2.5228787452803374
6824,tiktok,3,2,2.6989700043360187
6825,time-varying,3,2,2.6989700043360187
6826,tirzepatide-specific,3,2,2.6989700043360187
6827,tlr4,3,2,2.6989700043360187
6828,tnf,3,3,2.5228787452803374
6829,tolvaptan,3,1,3.0
6830,tone,3,3,2.5228787452803374
6831,toxin,3,3,2.5228787452803374
6832,toxins,3,2,2.6989700043360187
6833,trait,3,3,2.5228787452803374
6834,transdermal,3,1,3.0
6835,transform,3,3,2.5228787452803374
6836,transformation,3,3,2.5228787452803374
6837,transforming,3,3,2.5228787452803374
6838,transitioned,3,3,2.5228787452803374
6839,transitioning,3,3,2.5228787452803374
6840,transitions,3,3,2.5228787452803374
6841,treats,3,3,2.5228787452803374
6842,treewas,3,1,3.0
6843,treg,3,1,3.0
6844,treg-associated,3,1,3.0
6845,triage,3,2,2.6989700043360187
6846,tried,3,3,2.5228787452803374
6847,trunk,3,3,2.5228787452803374
6848,tryptophan,3,3,2.5228787452803374
6849,trz,3,1,3.0
6850,tt,3,1,3.0
6851,tudca,3,1,3.0
6852,twas,3,1,3.0
6853,twice,3,3,2.5228787452803374
6854,two-thirds,3,3,2.5228787452803374
6855,ubiquitin,3,2,2.6989700043360187
6856,ubiquitination,3,1,3.0
6857,uncovered,3,2,2.6989700043360187
6858,underestimate,3,3,2.5228787452803374
6859,underpin,3,3,2.5228787452803374
6860,underpowered,3,3,2.5228787452803374
6861,underrecognized,3,3,2.5228787452803374
6862,underway,3,3,2.5228787452803374
6863,underweight,3,3,2.5228787452803374
6864,uneven,3,3,2.5228787452803374
6865,unexpected,3,3,2.5228787452803374
6866,unidentified,3,3,2.5228787452803374
6867,uniformly,3,3,2.5228787452803374
6868,unilateral,3,2,2.6989700043360187
6869,unmeasured,3,3,2.5228787452803374
6870,unstructured,3,1,3.0
6871,upregulating,3,3,2.5228787452803374
6872,upward,3,2,2.6989700043360187
6873,v1,3,2,2.6989700043360187
6874,v2,3,2,2.6989700043360187
6875,v30,3,1,3.0
6876,va,3,2,2.6989700043360187
6877,vaccines,3,2,2.6989700043360187
6878,value-based,3,3,2.5228787452803374
6879,var,3,1,3.0
6880,vegetables,3,2,2.6989700043360187
6881,venom,3,1,3.0
6882,venom-derived,3,2,2.6989700043360187
6883,verification,3,2,2.6989700043360187
6884,vesicles,3,3,2.5228787452803374
6885,vessel,3,1,3.0
6886,viewpoint,3,3,2.5228787452803374
6887,vigilant,3,3,2.5228787452803374
6888,viral,3,2,2.6989700043360187
6889,visibility,3,3,2.5228787452803374
6890,volumes,3,2,2.6989700043360187
6891,volunteers,3,3,2.5228787452803374
6892,vte,3,2,2.6989700043360187
6893,waist-to-hip,3,2,2.6989700043360187
6894,wait,3,1,3.0
6895,walk,3,3,2.5228787452803374
6896,wasting,3,3,2.5228787452803374
6897,weak,3,3,2.5228787452803374
6898,weaker,3,3,2.5228787452803374
6899,weakly,3,3,2.5228787452803374
6900,wearables,3,1,3.0
6901,weight-dependent,3,3,2.5228787452803374
6902,weight-loss-independent,3,2,2.6989700043360187
6903,well-balanced,3,3,2.5228787452803374
6904,well-documented,3,3,2.5228787452803374
6905,wg,3,1,3.0
6906,whereby,3,3,2.5228787452803374
6907,whf,3,1,3.0
6908,whilst,3,2,2.6989700043360187
6909,wilcoxon,3,3,2.5228787452803374
6910,wistar,3,3,2.5228787452803374
6911,wnt,3,2,2.6989700043360187
6912,woe,3,1,3.0
6913,working,3,3,2.5228787452803374
6914,worsened,3,3,2.5228787452803374
6915,written,3,3,2.5228787452803374
6916,wssq,3,1,3.0
6917,wtp,3,2,2.6989700043360187
6918,y297d,3,1,3.0
6919,ziltivekimab,3,3,2.5228787452803374
6920,α-cells,3,2,2.6989700043360187
6921,β-arrestin,3,3,2.5228787452803374
6922,δlnuacr,3,1,3.0
6923,0-100,2,2,2.6989700043360187
6924,0-120min,2,1,3.0
6925,0-5,2,2,2.6989700043360187
6926,0-iii,2,1,3.0
6927,0.00,2,1,3.0
6928,0.000,2,1,3.0
6929,0.0003,2,2,2.6989700043360187
6930,0.0006,2,2,2.6989700043360187
6931,0.0007,2,2,2.6989700043360187
6932,0.0014,2,2,2.6989700043360187
6933,0.0016,2,2,2.6989700043360187
6934,0.010,2,2,2.6989700043360187
6935,0.011,2,2,2.6989700043360187
6936,0.018,2,2,2.6989700043360187
6937,0.020,2,2,2.6989700043360187
6938,0.028,2,2,2.6989700043360187
6939,0.030,2,2,2.6989700043360187
6940,0.031,2,2,2.6989700043360187
6941,0.0342,2,2,2.6989700043360187
6942,0.035,2,2,2.6989700043360187
6943,0.045,2,2,2.6989700043360187
6944,0.046,2,2,2.6989700043360187
6945,0.049,2,2,2.6989700043360187
6946,0.056,2,1,3.0
6947,0.078,2,1,3.0
6948,0.118,2,2,2.6989700043360187
6949,0.149,2,2,2.6989700043360187
6950,0.161,2,2,2.6989700043360187
6951,0.164,2,2,2.6989700043360187
6952,0.259,2,2,2.6989700043360187
6953,0.263,2,2,2.6989700043360187
6954,0.328,2,2,2.6989700043360187
6955,0.374,2,2,2.6989700043360187
6956,0.397,2,2,2.6989700043360187
6957,0.398,2,2,2.6989700043360187
6958,0.401,2,2,2.6989700043360187
6959,0.424,2,2,2.6989700043360187
6960,0.445,2,2,2.6989700043360187
6961,0.453,2,2,2.6989700043360187
6962,0.459,2,2,2.6989700043360187
6963,0.488,2,2,2.6989700043360187
6964,0.508,2,2,2.6989700043360187
6965,0.563,2,2,2.6989700043360187
6966,0.564,2,2,2.6989700043360187
6967,0.570,2,2,2.6989700043360187
6968,0.608,2,2,2.6989700043360187
6969,0.638,2,2,2.6989700043360187
6970,0.640,2,2,2.6989700043360187
6971,0.655,2,2,2.6989700043360187
6972,0.663,2,2,2.6989700043360187
6973,0.686,2,2,2.6989700043360187
6974,0.693,2,2,2.6989700043360187
6975,0.701,2,2,2.6989700043360187
6976,0.708,2,2,2.6989700043360187
6977,0.722,2,2,2.6989700043360187
6978,0.772,2,2,2.6989700043360187
6979,0.775,2,2,2.6989700043360187
6980,0.776,2,2,2.6989700043360187
6981,0.796,2,1,3.0
6982,0.825,2,2,2.6989700043360187
6983,0.862,2,2,2.6989700043360187
6984,0.866,2,2,2.6989700043360187
6985,0.896,2,2,2.6989700043360187
6986,0.919,2,2,2.6989700043360187
6987,0.932,2,2,2.6989700043360187
6988,0.933,2,2,2.6989700043360187
6989,0.978,2,2,2.6989700043360187
6990,00266,2,2,2.6989700043360187
6991,009,2,2,2.6989700043360187
6992,013,2,2,2.6989700043360187
6993,016,2,2,2.6989700043360187
6994,026,2,2,2.6989700043360187
6995,03,2,2,2.6989700043360187
6996,033,2,2,2.6989700043360187
6997,076,2,2,2.6989700043360187
6998,08,2,2,2.6989700043360187
6999,09,2,2,2.6989700043360187
7000,1-30,2,1,3.0
7001,1-hour,2,1,3.0
7002,1-receptor,2,1,3.0
7003,1.001,2,2,2.6989700043360187
7004,1.052,2,2,2.6989700043360187
7005,1.106,2,2,2.6989700043360187
7006,1.170,2,2,2.6989700043360187
7007,1.35,2,2,2.6989700043360187
7008,1.60,2,2,2.6989700043360187
7009,1.66,2,2,2.6989700043360187
7010,1.678,2,2,2.6989700043360187
7011,1.74,2,2,2.6989700043360187
7012,1.75,2,2,2.6989700043360187
7013,1.77,2,2,2.6989700043360187
7014,1.82,2,2,2.6989700043360187
7015,1.90,2,2,2.6989700043360187
7016,1.92,2,2,2.6989700043360187
7017,1.99,2,2,2.6989700043360187
7018,10-18,2,2,2.6989700043360187
7019,10-20,2,1,3.0
7020,10.1007,2,2,2.6989700043360187
7021,10.50,2,2,2.6989700043360187
7022,10.68,2,2,2.6989700043360187
7023,100-mg,2,1,3.0
7024,102,2,2,2.6989700043360187
7025,105,2,2,2.6989700043360187
7026,1095,2,2,2.6989700043360187
7027,11.5,2,2,2.6989700043360187
7028,111,2,2,2.6989700043360187
7029,116,2,2,2.6989700043360187
7030,12.1,2,2,2.6989700043360187
7031,12.52,2,2,2.6989700043360187
7032,12.8,2,2,2.6989700043360187
7033,12.9,2,2,2.6989700043360187
7034,121,2,2,2.6989700043360187
7035,13.6,2,2,2.6989700043360187
7036,13.8,2,2,2.6989700043360187
7037,130,2,2,2.6989700043360187
7038,1348,2,1,3.0
7039,136,2,2,2.6989700043360187
7040,138,2,2,2.6989700043360187
7041,13co2,2,1,3.0
7042,14.3,2,2,2.6989700043360187
7043,14.5,2,2,2.6989700043360187
7044,140-199,2,2,2.6989700043360187
7045,147,2,2,2.6989700043360187
7046,15-fold,2,2,2.6989700043360187
7047,15.1,2,2,2.6989700043360187
7048,15.4,2,2,2.6989700043360187
7049,15.6,2,2,2.6989700043360187
7050,15.7,2,2,2.6989700043360187
7051,15.8,2,2,2.6989700043360187
7052,152,2,2,2.6989700043360187
7053,154,2,2,2.6989700043360187
7054,159,2,2,2.6989700043360187
7055,15q11,2,1,3.0
7056,16-triol,2,1,3.0
7057,16.30,2,2,2.6989700043360187
7058,16.4,2,2,2.6989700043360187
7059,16.6,2,2,2.6989700043360187
7060,16.7,2,2,2.6989700043360187
7061,16.9,2,2,2.6989700043360187
7062,160,2,2,2.6989700043360187
7063,165,2,2,2.6989700043360187
7064,166,2,2,2.6989700043360187
7065,167,2,2,2.6989700043360187
7066,16s,2,2,2.6989700043360187
7067,17.0,2,2,2.6989700043360187
7068,17.3,2,2,2.6989700043360187
7069,17.6,2,2,2.6989700043360187
7070,17.9,2,2,2.6989700043360187
7071,170,2,2,2.6989700043360187
7072,177,2,2,2.6989700043360187
7073,179,2,2,2.6989700043360187
7074,18-64,2,2,2.6989700043360187
7075,18-65,2,2,2.6989700043360187
7076,18.0,2,2,2.6989700043360187
7077,18.3,2,2,2.6989700043360187
7078,18.5,2,2,2.6989700043360187
7079,18.6,2,2,2.6989700043360187
7080,18.8,2,2,2.6989700043360187
7081,181,2,2,2.6989700043360187
7082,183,2,2,2.6989700043360187
7083,19.0,2,2,2.6989700043360187
7084,19.4,2,2,2.6989700043360187
7085,19.5,2,2,2.6989700043360187
7086,19.7,2,2,2.6989700043360187
7087,19.8,2,2,2.6989700043360187
7088,190,2,2,2.6989700043360187
7089,193,2,2,2.6989700043360187
7090,1h-magnetic,2,2,2.6989700043360187
7091,1r,2,1,3.0
7092,2-17,2,2,2.6989700043360187
7093,2-2c,2,1,3.0
7094,2-q13,2,1,3.0
7095,2-related,2,2,2.6989700043360187
7096,2.11,2,2,2.6989700043360187
7097,2.12,2,2,2.6989700043360187
7098,2.13,2,2,2.6989700043360187
7099,2.19,2,2,2.6989700043360187
7100,2.22,2,2,2.6989700043360187
7101,2.26,2,2,2.6989700043360187
7102,2.32,2,2,2.6989700043360187
7103,2.36,2,2,2.6989700043360187
7104,2.38,2,1,3.0
7105,2.44,2,2,2.6989700043360187
7106,2.46,2,2,2.6989700043360187
7107,2.53,2,2,2.6989700043360187
7108,2.62,2,2,2.6989700043360187
7109,2.70,2,2,2.6989700043360187
7110,2.79,2,2,2.6989700043360187
7111,2.86,2,2,2.6989700043360187
7112,2.89,2,2,2.6989700043360187
7113,2.99,2,2,2.6989700043360187
7114,20.1,2,2,2.6989700043360187
7115,20.2,2,2,2.6989700043360187
7116,20.4,2,2,2.6989700043360187
7117,2007-2020,2,1,3.0
7118,2008-2021,2,2,2.6989700043360187
7119,2009,2,2,2.6989700043360187
7120,2009-2022,2,1,3.0
7121,2015-2024,2,2,2.6989700043360187
7122,202,2,2,2.6989700043360187
7123,2022-2024,2,2,2.6989700043360187
7124,2024-5,2,1,3.0
7125,206,2,2,2.6989700043360187
7126,208,2,2,2.6989700043360187
7127,21.8,2,2,2.6989700043360187
7128,211,2,2,2.6989700043360187
7129,212,2,2,2.6989700043360187
7130,214,2,2,2.6989700043360187
7131,218,2,2,2.6989700043360187
7132,22.0,2,2,2.6989700043360187
7133,22.6,2,2,2.6989700043360187
7134,226,2,2,2.6989700043360187
7135,23.8,2,2,2.6989700043360187
7136,230,2,2,2.6989700043360187
7137,232,2,2,2.6989700043360187
7138,237,2,2,2.6989700043360187
7139,24-hr,2,1,3.0
7140,24.3,2,2,2.6989700043360187
7141,240,2,2,2.6989700043360187
7142,241,2,2,2.6989700043360187
7143,246,2,2,2.6989700043360187
7144,247,2,2,2.6989700043360187
7145,25.4,2,2,2.6989700043360187
7146,251,2,2,2.6989700043360187
7147,254,2,2,2.6989700043360187
7148,255,2,2,2.6989700043360187
7149,259,2,2,2.6989700043360187
7150,26-week,2,1,3.0
7151,26.1,2,2,2.6989700043360187
7152,26.2,2,2,2.6989700043360187
7153,26.5,2,2,2.6989700043360187
7154,261,2,2,2.6989700043360187
7155,265,2,2,2.6989700043360187
7156,266,2,2,2.6989700043360187
7157,267,2,2,2.6989700043360187
7158,27.7,2,2,2.6989700043360187
7159,272,2,2,2.6989700043360187
7160,279,2,2,2.6989700043360187
7161,28.7,2,2,2.6989700043360187
7162,29.1,2,2,2.6989700043360187
7163,29.3,2,2,2.6989700043360187
7164,29.6,2,2,2.6989700043360187
7165,294,2,2,2.6989700043360187
7166,297,2,2,2.6989700043360187
7167,2a,2,2,2.6989700043360187
7168,2hpg,2,1,3.0
7169,3-10,2,1,3.0
7170,3-30,2,1,3.0
7171,3-4,2,2,2.6989700043360187
7172,3-6-h,2,1,3.0
7173,3-fold,2,1,3.0
7174,3-mg,2,1,3.0
7175,3-months,2,1,3.0
7176,3.00,2,2,2.6989700043360187
7177,3.03,2,2,2.6989700043360187
7178,3.05,2,2,2.6989700043360187
7179,3.09,2,2,2.6989700043360187
7180,3.11,2,2,2.6989700043360187
7181,3.14,2,2,2.6989700043360187
7182,3.15,2,2,2.6989700043360187
7183,3.32,2,2,2.6989700043360187
7184,3.7,2,2,2.6989700043360187
7185,3.74,2,2,2.6989700043360187
7186,3.86,2,2,2.6989700043360187
7187,3.92,2,2,2.6989700043360187
7188,3.97,2,2,2.6989700043360187
7189,30.3,2,2,2.6989700043360187
7190,30.8,2,2,2.6989700043360187
7191,309,2,2,2.6989700043360187
7192,31.6,2,2,2.6989700043360187
7193,31.9,2,2,2.6989700043360187
7194,315,2,2,2.6989700043360187
7195,31st,2,2,2.6989700043360187
7196,32.3,2,2,2.6989700043360187
7197,32.4,2,2,2.6989700043360187
7198,320,2,2,2.6989700043360187
7199,3270,2,1,3.0
7200,328,2,2,2.6989700043360187
7201,33.1,2,2,2.6989700043360187
7202,33.2,2,2,2.6989700043360187
7203,34.8,2,2,2.6989700043360187
7204,3468,2,1,3.0
7205,349,2,2,2.6989700043360187
7206,351,2,2,2.6989700043360187
7207,36.0,2,2,2.6989700043360187
7208,36.1,2,2,2.6989700043360187
7209,366,2,2,2.6989700043360187
7210,37-year-old,2,2,2.6989700043360187
7211,37.5,2,2,2.6989700043360187
7212,375,2,2,2.6989700043360187
7213,38.2,2,2,2.6989700043360187
7214,381,2,2,2.6989700043360187
7215,385,2,2,2.6989700043360187
7216,388,2,1,3.0
7217,39.45,2,2,2.6989700043360187
7218,39.6,2,2,2.6989700043360187
7219,393,2,2,2.6989700043360187
7220,3c,2,1,3.0
7221,3r,2,1,3.0
7222,4-7,2,2,2.6989700043360187
7223,4-dichlorophenyl,2,1,3.0
7224,4-hne,2,2,2.6989700043360187
7225,4-year,2,1,3.0
7226,4.01,2,2,2.6989700043360187
7227,4.14,2,2,2.6989700043360187
7228,4.16,2,2,2.6989700043360187
7229,4.26,2,1,3.0
7230,4.44,2,2,2.6989700043360187
7231,4.56,2,2,2.6989700043360187
7232,4.75,2,2,2.6989700043360187
7233,4.76,2,2,2.6989700043360187
7234,4.88,2,2,2.6989700043360187
7235,4.91,2,2,2.6989700043360187
7236,40-week,2,2,2.6989700043360187
7237,40.1,2,2,2.6989700043360187
7238,401,2,2,2.6989700043360187
7239,404,2,2,2.6989700043360187
7240,407,2,2,2.6989700043360187
7241,408,2,2,2.6989700043360187
7242,409,2,2,2.6989700043360187
7243,41.1,2,2,2.6989700043360187
7244,4117,2,1,3.0
7245,412,2,2,2.6989700043360187
7246,415,2,2,2.6989700043360187
7247,419,2,2,2.6989700043360187
7248,42-year-old,2,2,2.6989700043360187
7249,42.0,2,2,2.6989700043360187
7250,42.3,2,2,2.6989700043360187
7251,42.6,2,2,2.6989700043360187
7252,42.9,2,2,2.6989700043360187
7253,428,2,2,2.6989700043360187
7254,43.5,2,2,2.6989700043360187
7255,430,2,1,3.0
7256,44.2,2,2,2.6989700043360187
7257,44.5,2,2,2.6989700043360187
7258,44.9,2,2,2.6989700043360187
7259,440,2,2,2.6989700043360187
7260,446,2,2,2.6989700043360187
7261,45.8,2,2,2.6989700043360187
7262,450,2,2,2.6989700043360187
7263,46.3,2,2,2.6989700043360187
7264,46.6,2,2,2.6989700043360187
7265,46.9,2,2,2.6989700043360187
7266,471-21-02,2,1,3.0
7267,48-72,2,1,3.0
7268,48-year-old,2,2,2.6989700043360187
7269,480,2,2,2.6989700043360187
7270,485,2,2,2.6989700043360187
7271,49.7,2,2,2.6989700043360187
7272,49.8,2,2,2.6989700043360187
7273,49.9,2,2,2.6989700043360187
7274,497,2,1,3.0
7275,5-15,2,2,2.6989700043360187
7276,5-it,2,1,3.0
7277,5-triazine,2,1,3.0
7278,5.00,2,2,2.6989700043360187
7279,5.23,2,2,2.6989700043360187
7280,5.27,2,2,2.6989700043360187
7281,5.31,2,1,3.0
7282,5.43,2,2,2.6989700043360187
7283,5.51,2,2,2.6989700043360187
7284,5.85,2,2,2.6989700043360187
7285,50-year-old,2,2,2.6989700043360187
7286,50.3,2,2,2.6989700043360187
7287,505,2,2,2.6989700043360187
7288,51.7,2,2,2.6989700043360187
7289,52.4,2,2,2.6989700043360187
7290,52.7,2,2,2.6989700043360187
7291,52.8,2,2,2.6989700043360187
7292,528,2,2,2.6989700043360187
7293,53.3,2,2,2.6989700043360187
7294,53.5,2,2,2.6989700043360187
7295,53.9,2,2,2.6989700043360187
7296,54.1,2,2,2.6989700043360187
7297,54.8,2,2,2.6989700043360187
7298,540,2,1,3.0
7299,55.2,2,2,2.6989700043360187
7300,555,2,2,2.6989700043360187
7301,56.0,2,2,2.6989700043360187
7302,56.8,2,2,2.6989700043360187
7303,567,2,2,2.6989700043360187
7304,568,2,2,2.6989700043360187
7305,57.1,2,2,2.6989700043360187
7306,58-year-old,2,2,2.6989700043360187
7307,58.0,2,2,2.6989700043360187
7308,583,2,2,2.6989700043360187
7309,584,2,2,2.6989700043360187
7310,59-year-old,2,2,2.6989700043360187
7311,59.3,2,2,2.6989700043360187
7312,6-10,2,2,2.6989700043360187
7313,6-min,2,2,2.6989700043360187
7314,6.49,2,2,2.6989700043360187
7315,6.56,2,2,2.6989700043360187
7316,60.0,2,2,2.6989700043360187
7317,60.6,2,2,2.6989700043360187
7318,600,2,2,2.6989700043360187
7319,609,2,2,2.6989700043360187
7320,610,2,2,2.6989700043360187
7321,611,2,2,2.6989700043360187
7322,613,2,2,2.6989700043360187
7323,62.0,2,2,2.6989700043360187
7324,62.1,2,2,2.6989700043360187
7325,62.6,2,2,2.6989700043360187
7326,62.8,2,2,2.6989700043360187
7327,63.3,2,2,2.6989700043360187
7328,63.5,2,2,2.6989700043360187
7329,630,2,2,2.6989700043360187
7330,639,2,2,2.6989700043360187
7331,650,2,2,2.6989700043360187
7332,653,2,2,2.6989700043360187
7333,66.1,2,2,2.6989700043360187
7334,66.7,2,2,2.6989700043360187
7335,67.1,2,2,2.6989700043360187
7336,693,2,2,2.6989700043360187
7337,694,2,2,2.6989700043360187
7338,7-36,2,2,2.6989700043360187
7339,7-point,2,2,2.6989700043360187
7340,7.37,2,2,2.6989700043360187
7341,7.88,2,2,2.6989700043360187
7342,70-180,2,2,2.6989700043360187
7343,704,2,2,2.6989700043360187
7344,71.3,2,2,2.6989700043360187
7345,71.4,2,2,2.6989700043360187
7346,712,2,2,2.6989700043360187
7347,720,2,1,3.0
7348,7218,2,1,3.0
7349,725,2,2,2.6989700043360187
7350,733,2,2,2.6989700043360187
7351,740,2,2,2.6989700043360187
7352,75.6,2,1,3.0
7353,750,2,2,2.6989700043360187
7354,76.1,2,2,2.6989700043360187
7355,760,2,2,2.6989700043360187
7356,79.5,2,2,2.6989700043360187
7357,8-11,2,1,3.0
7358,8-6,2,1,3.0
7359,8-hr,2,1,3.0
7360,8-week,2,2,2.6989700043360187
7361,8.8,2,2,2.6989700043360187
7362,8.96,2,2,2.6989700043360187
7363,80.6,2,2,2.6989700043360187
7364,800,2,2,2.6989700043360187
7365,807,2,2,2.6989700043360187
7366,816,2,2,2.6989700043360187
7367,82.1,2,2,2.6989700043360187
7368,826,2,1,3.0
7369,830,2,2,2.6989700043360187
7370,84.2,2,2,2.6989700043360187
7371,844,2,2,2.6989700043360187
7372,85.2,2,2,2.6989700043360187
7373,85.5,2,2,2.6989700043360187
7374,852,2,2,2.6989700043360187
7375,87.3,2,2,2.6989700043360187
7376,874,2,2,2.6989700043360187
7377,882,2,2,2.6989700043360187
7378,89.5,2,2,2.6989700043360187
7379,899,2,2,2.6989700043360187
7380,9-39,2,2,2.6989700043360187
7381,90.0,2,2,2.6989700043360187
7382,929,2,1,3.0
7383,934,2,2,2.6989700043360187
7384,94.7,2,2,2.6989700043360187
7385,948,2,2,2.6989700043360187
7386,95th,2,2,2.6989700043360187
7387,96.7,2,2,2.6989700043360187
7388,97.3,2,2,2.6989700043360187
7389,97.9,2,2,2.6989700043360187
7390,980,2,1,3.0
7391,987,2,2,2.6989700043360187
7392,988,2,2,2.6989700043360187
7393,993,2,2,2.6989700043360187
7394,a2g,2,1,3.0
7395,a316t,2,1,3.0
7396,abcde,2,1,3.0
7397,abdominoplasty,2,1,3.0
7398,abolish,2,1,3.0
7399,abortion,2,1,3.0
7400,abrogated,2,2,2.6989700043360187
7401,abrupt,2,1,3.0
7402,absorb,2,2,2.6989700043360187
7403,absorbed,2,1,3.0
7404,absorptiometry,2,2,2.6989700043360187
7405,acanthosis,2,2,2.6989700043360187
7406,accelerates,2,2,2.6989700043360187
7407,acceleration,2,2,2.6989700043360187
7408,acceptability,2,2,2.6989700043360187
7409,accompany,2,2,2.6989700043360187
7410,accura,2,1,3.0
7411,ace,2,1,3.0
7412,acetonitrile,2,2,2.6989700043360187
7413,achilles,2,1,3.0
7414,acidosis,2,2,2.6989700043360187
7415,acrylamido,2,1,3.0
7416,actionability,2,1,3.0
7417,activators,2,2,2.6989700043360187
7418,actively,2,2,2.6989700043360187
7419,acuity,2,1,3.0
7420,acvr2a,2,1,3.0
7421,addictive-substance,2,1,3.0
7422,adhesive,2,1,3.0
7423,adipocyte-derived,2,2,2.6989700043360187
7424,adipor1,2,1,3.0
7425,adipose-tissue,2,2,2.6989700043360187
7426,adiposity-related,2,2,2.6989700043360187
7427,adj-p,2,1,3.0
7428,adjudication,2,2,2.6989700043360187
7429,adjust-t1d,2,1,3.0
7430,adm,2,1,3.0
7431,adms,2,2,2.6989700043360187
7432,adolescence,2,2,2.6989700043360187
7433,adopted,2,2,2.6989700043360187
7434,adrenal,2,1,3.0
7435,ads,2,1,3.0
7436,advance,2,2,2.6989700043360187
7437,advantageous,2,2,2.6989700043360187
7438,advisory,2,1,3.0
7439,aerodigestive,2,1,3.0
7440,affairs,2,2,2.6989700043360187
7441,afferent,2,2,2.6989700043360187
7442,afferents,2,1,3.0
7443,affinities,2,2,2.6989700043360187
7444,agb,2,2,2.6989700043360187
7445,age-rage,2,2,2.6989700043360187
7446,age-specific,2,2,2.6989700043360187
7447,age-stratified,2,2,2.6989700043360187
7448,aggregated,2,2,2.6989700043360187
7449,aggregating,2,2,2.6989700043360187
7450,aggressive,2,2,2.6989700043360187
7451,aggressively,2,2,2.6989700043360187
7452,aging-related,2,2,2.6989700043360187
7453,agonist-based,2,2,2.6989700043360187
7454,agonistic,2,2,2.6989700043360187
7455,agonists-have,2,2,2.6989700043360187
7456,agree,2,2,2.6989700043360187
7457,agrp,2,2,2.6989700043360187
7458,ahrs,2,2,2.6989700043360187
7459,aiming,2,2,2.6989700043360187
7460,airway-intrinsic,2,1,3.0
7461,ala,2,1,3.0
7462,alanine,2,2,2.6989700043360187
7463,alaska,2,1,3.0
7464,albeit,2,2,2.6989700043360187
7465,alcohol-related,2,1,3.0
7466,ald,2,1,3.0
7467,align,2,2,2.6989700043360187
7468,alive,2,2,2.6989700043360187
7469,allocation,2,2,2.6989700043360187
7470,allograft,2,1,3.0
7471,allosteric,2,2,2.6989700043360187
7472,alpha-glucosidase,2,2,2.6989700043360187
7473,alveolar,2,2,2.6989700043360187
7474,always,2,2,2.6989700043360187
7475,ambiguous,2,2,2.6989700043360187
7476,ambroxol,2,1,3.0
7477,ames,2,2,2.6989700043360187
7478,amg133,2,2,2.6989700043360187
7479,aminotransferases,2,1,3.0
7480,amplifies,2,2,2.6989700043360187
7481,amplifying,2,2,2.6989700043360187
7482,amputations,2,2,2.6989700043360187
7483,amstar,2,2,2.6989700043360187
7484,amstar-2,2,1,3.0
7485,amy1r,2,1,3.0
7486,amylase,2,1,3.0
7487,amylin-like,2,1,3.0
7488,amyloid-β,2,2,2.6989700043360187
7489,anaerovorax,2,1,3.0
7490,analysing,2,2,2.6989700043360187
7491,analyzes,2,2,2.6989700043360187
7492,anaphylaxis,2,1,3.0
7493,ancova,2,1,3.0
7494,androgen,2,2,2.6989700043360187
7495,androgenic,2,1,3.0
7496,angeles,2,1,3.0
7497,angiogenesis,2,2,2.6989700043360187
7498,anhedonia-like,2,1,3.0
7499,ankle,2,1,3.0
7500,annotated,2,2,2.6989700043360187
7501,announcement,2,1,3.0
7502,annualised,2,1,3.0
7503,annually,2,2,2.6989700043360187
7504,anonymized,2,2,2.6989700043360187
7505,antagonistic,2,2,2.6989700043360187
7506,anti-atherosclerotic,2,2,2.6989700043360187
7507,anti-kindling,2,1,3.0
7508,anti-senescence,2,2,2.6989700043360187
7509,antibiotic-induced,2,1,3.0
7510,antifibrotic,2,2,2.6989700043360187
7511,antiglycemic,2,1,3.0
7512,antineoplastic,2,2,2.6989700043360187
7513,antioxidants,2,2,2.6989700043360187
7514,antioxidative,2,2,2.6989700043360187
7515,antipsychotic-related,2,2,2.6989700043360187
7516,antisense,2,2,2.6989700043360187
7517,antitumor,2,2,2.6989700043360187
7518,apart,2,2,2.6989700043360187
7519,apj,2,1,3.0
7520,apob,2,1,3.0
7521,apoptotic,2,2,2.6989700043360187
7522,appearance,2,2,2.6989700043360187
7523,appearing,2,2,2.6989700043360187
7524,appetite-regulating,2,2,2.6989700043360187
7525,appraised,2,2,2.6989700043360187
7526,appreciate,2,1,3.0
7527,appreciated,2,2,2.6989700043360187
7528,approached,2,2,2.6989700043360187
7529,aqp4,2,1,3.0
7530,aquaporin,2,1,3.0
7531,areata,2,1,3.0
7532,arginase,2,1,3.0
7533,aromatic,2,2,2.6989700043360187
7534,arr,2,1,3.0
7535,arrest,2,2,2.6989700043360187
7536,arthrodesis,2,1,3.0
7537,aryl,2,2,2.6989700043360187
7538,as-yet,2,2,2.6989700043360187
7539,asbt,2,2,2.6989700043360187
7540,ascending,2,1,3.0
7541,asia-pacific,2,2,2.6989700043360187
7542,asians,2,1,3.0
7543,ask,2,2,2.6989700043360187
7544,ask1,2,2,2.6989700043360187
7545,asks,2,2,2.6989700043360187
7546,asn,2,1,3.0
7547,aspartate,2,2,2.6989700043360187
7548,aspiration-related,2,2,2.6989700043360187
7549,aspirin,2,1,3.0
7550,asq,2,1,3.0
7551,asr,2,1,3.0
7552,assign,2,2,2.6989700043360187
7553,assumption,2,2,2.6989700043360187
7554,atf6,2,2,2.6989700043360187
7555,atherothrombotic,2,2,2.6989700043360187
7556,athletes,2,1,3.0
7557,atopic,2,1,3.0
7558,atorvastatin,2,1,3.0
7559,atp-binding,2,2,2.6989700043360187
7560,atpase,2,2,2.6989700043360187
7561,attached,2,2,2.6989700043360187
7562,attack,2,2,2.6989700043360187
7563,attainment,2,2,2.6989700043360187
7564,attempting,2,2,2.6989700043360187
7565,attitudinal,2,1,3.0
7566,attribute,2,1,3.0
7567,auc0-120,2,1,3.0
7568,aucs,2,1,3.0
7569,augmenting,2,2,2.6989700043360187
7570,author,2,2,2.6989700043360187
7571,author-proposed,2,1,3.0
7572,autoantibodies,2,2,2.6989700043360187
7573,autophony,2,2,2.6989700043360187
7574,aversion,2,2,2.6989700043360187
7575,aviitam,2,1,3.0
7576,avoid,2,2,2.6989700043360187
7577,awaiting,2,2,2.6989700043360187
7578,awakening,2,1,3.0
7579,away,2,2,2.6989700043360187
7580,b-cell-directed,2,1,3.0
7581,b6,2,2,2.6989700043360187
7582,backbone,2,2,2.6989700043360187
7583,bacteriome,2,1,3.0
7584,balancing,2,2,2.6989700043360187
7585,banding,2,2,2.6989700043360187
7586,bardoxolone,2,2,2.6989700043360187
7587,baseline-subtracted,2,2,2.6989700043360187
7588,bax,2,1,3.0
7589,bayes,2,2,2.6989700043360187
7590,bcl-2,2,1,3.0
7591,bcrp,2,1,3.0
7592,bdnf-related,2,1,3.0
7593,beating,2,1,3.0
7594,became,2,1,3.0
7595,bed,2,2,2.6989700043360187
7596,beliefs,2,2,2.6989700043360187
7597,believe,2,2,2.6989700043360187
7598,believed,2,2,2.6989700043360187
7599,berries,2,1,3.0
7600,best-characterized,2,2,2.6989700043360187
7601,between-study,2,2,2.6989700043360187
7602,beverage,2,1,3.0
7603,bidirectionally,2,2,2.6989700043360187
7604,biguanides,2,2,2.6989700043360187
7605,bioelectromagnetics,2,1,3.0
7606,bioequivalence,2,2,2.6989700043360187
7607,bioinspired,2,1,3.0
7608,biomechanical,2,2,2.6989700043360187
7609,biomimetic,2,1,3.0
7610,biophysical,2,2,2.6989700043360187
7611,biopro,2,1,3.0
7612,biopsies,2,2,2.6989700043360187
7613,biosensor,2,1,3.0
7614,biosimilars,2,2,2.6989700043360187
7615,biotransformation,2,2,2.6989700043360187
7616,bladder,2,2,2.6989700043360187
7617,bleomycin,2,2,2.6989700043360187
7618,blepharitis,2,1,3.0
7619,bliss,2,1,3.0
7620,bmc,2,1,3.0
7621,board,2,2,2.6989700043360187
7622,body-mass,2,2,2.6989700043360187
7623,bone-derived,2,2,2.6989700043360187
7624,bone-specific,2,1,3.0
7625,bonferroni,2,2,2.6989700043360187
7626,bpa,2,1,3.0
7627,bradyarrhythmia,2,1,3.0
7628,brain-derived,2,2,2.6989700043360187
7629,brazil,2,1,3.0
7630,bread,2,1,3.0
7631,breakdown,2,2,2.6989700043360187
7632,breakfast,2,2,2.6989700043360187
7633,breakpoint,2,1,3.0
7634,breath,2,1,3.0
7635,bridge,2,2,2.6989700043360187
7636,briefly,2,2,2.6989700043360187
7637,brigham,2,2,2.6989700043360187
7638,broiler,2,1,3.0
7639,brown,2,2,2.6989700043360187
7640,bruising,2,1,3.0
7641,bv2,2,1,3.0
7642,c-cell,2,2,2.6989700043360187
7643,c-terminal,2,2,2.6989700043360187
7644,cac,2,1,3.0
7645,cachexia,2,2,2.6989700043360187
7646,cagrilintide-semaglutide,2,2,2.6989700043360187
7647,calcification,2,2,2.6989700043360187
7648,calculate,2,2,2.6989700043360187
7649,calinski-harabasz,2,1,3.0
7650,camkiv,2,2,2.6989700043360187
7651,camkk,2,2,2.6989700043360187
7652,cams,2,1,3.0
7653,canagliflozin,2,1,3.0
7654,cannabinoids,2,2,2.6989700043360187
7655,cap,2,1,3.0
7656,capability,2,2,2.6989700043360187
7657,capsule,2,1,3.0
7658,carbohydrate-first,2,1,3.0
7659,carboxylase,2,2,2.6989700043360187
7660,card,2,1,3.0
7661,cardio-ankle,2,2,2.6989700043360187
7662,cardio-kidney,2,1,3.0
7663,cardio-metabolic,2,2,2.6989700043360187
7664,cardio-renal-metabolic,2,2,2.6989700043360187
7665,cardiohepatic-metabolic,2,1,3.0
7666,cardiologists,2,2,2.6989700043360187
7667,cardioprotection,2,2,2.6989700043360187
7668,cardiorespiratory,2,2,2.6989700043360187
7669,cardioversion,2,2,2.6989700043360187
7670,carolina,2,1,3.0
7671,carotid,2,2,2.6989700043360187
7672,casp3,2,1,3.0
7673,cassette,2,2,2.6989700043360187
7674,catabolic,2,2,2.6989700043360187
7675,catabolism,2,1,3.0
7676,catalytic,2,2,2.6989700043360187
7677,categorical,2,2,2.6989700043360187
7678,categorised,2,2,2.6989700043360187
7679,cav1-β-catenin,2,1,3.0
7680,cc-401,2,1,3.0
7681,cca,2,1,3.0
7682,cci,2,1,3.0
7683,ccm,2,1,3.0
7684,cd163,2,2,2.6989700043360187
7685,cell-derived,2,2,2.6989700043360187
7686,cell-mediated,2,1,3.0
7687,center6,2,1,3.0
7688,centered,2,2,2.6989700043360187
7689,cgi,2,1,3.0
7690,cgi-open-bin,2,1,3.0
7691,chalazia,2,1,3.0
7692,challenged,2,2,2.6989700043360187
7693,changing,2,2,2.6989700043360187
7694,channels,2,2,2.6989700043360187
7695,chase,2,1,3.0
7696,cha₂ds₂-vasc,2,1,3.0
7697,checklists,2,2,2.6989700043360187
7698,cheers,2,2,2.6989700043360187
7699,chemesthesis,2,1,3.0
7700,chemistry,2,1,3.0
7701,children's,2,1,3.0
7702,cholecystectomy,2,2,2.6989700043360187
7703,choledocholithiasis,2,2,2.6989700043360187
7704,cholestatic,2,2,2.6989700043360187
7705,choroidal,2,1,3.0
7706,chose,2,1,3.0
7707,chow,2,2,2.6989700043360187
7708,chromosome,2,2,2.6989700043360187
7709,cia,2,1,3.0
7710,cis-expression,2,2,2.6989700043360187
7711,cited,2,2,2.6989700043360187
7712,clalit,2,2,2.6989700043360187
7713,clarified,2,2,2.6989700043360187
7714,clarifying,2,2,2.6989700043360187
7715,class-specific,2,2,2.6989700043360187
7716,classic,2,2,2.6989700043360187
7717,classically,2,2,2.6989700043360187
7718,clears,2,1,3.0
7719,cliff,2,1,3.0
7720,clinician-administered,2,1,3.0
7721,clinician-rated,2,1,3.0
7722,clinician-supervised,2,1,3.0
7723,clonogenic,2,1,3.0
7724,closed,2,2,2.6989700043360187
7725,closing,2,2,2.6989700043360187
7726,co-administered,2,2,2.6989700043360187
7727,co-morbid,2,1,3.0
7728,co-occurring,2,1,3.0
7729,coacervation,2,1,3.0
7730,cochran-armitage,2,2,2.6989700043360187
7731,code,2,2,2.6989700043360187
7732,coexistence,2,2,2.6989700043360187
7733,cognitions,2,1,3.0
7734,cognitively,2,2,2.6989700043360187
7735,cohen's,2,1,3.0
7736,coherence,2,2,2.6989700043360187
7737,coherent,2,2,2.6989700043360187
7738,col4a1,2,1,3.0
7739,colchicine,2,2,2.6989700043360187
7740,collect,2,2,2.6989700043360187
7741,colonization,2,2,2.6989700043360187
7742,colony-forming,2,2,2.6989700043360187
7743,combating,2,2,2.6989700043360187
7744,communications,2,2,2.6989700043360187
7745,community-level,2,2,2.6989700043360187
7746,compensate,2,2,2.6989700043360187
7747,compkt,2,1,3.0
7748,complementarity,2,2,2.6989700043360187
7749,complements,2,2,2.6989700043360187
7750,complexed,2,2,2.6989700043360187
7751,complexes,2,2,2.6989700043360187
7752,complexities,2,2,2.6989700043360187
7753,complicate,2,2,2.6989700043360187
7754,complicating,2,2,2.6989700043360187
7755,compromised,2,2,2.6989700043360187
7756,computed,2,2,2.6989700043360187
7757,concentration-dependent,2,2,2.6989700043360187
7758,conceptualized,2,2,2.6989700043360187
7759,conceptually,2,2,2.6989700043360187
7760,concerning,2,2,2.6989700043360187
7761,conditionally,2,1,3.0
7762,conference,2,2,2.6989700043360187
7763,conferred,2,2,2.6989700043360187
7764,confirms,2,2,2.6989700043360187
7765,conformation,2,2,2.6989700043360187
7766,confounded,2,2,2.6989700043360187
7767,confounder,2,2,2.6989700043360187
7768,confronts,2,2,2.6989700043360187
7769,congenital,2,2,2.6989700043360187
7770,congestion,2,2,2.6989700043360187
7771,conjugated,2,2,2.6989700043360187
7772,connected,2,2,2.6989700043360187
7773,connecting,2,2,2.6989700043360187
7774,consensus-based,2,2,2.6989700043360187
7775,consequence,2,2,2.6989700043360187
7776,consequential,2,2,2.6989700043360187
7777,conservatively,2,2,2.6989700043360187
7778,consists,2,2,2.6989700043360187
7779,consolidate,2,2,2.6989700043360187
7780,consortium,2,2,2.6989700043360187
7781,constant,2,2,2.6989700043360187
7782,constellations,2,1,3.0
7783,constitute,2,2,2.6989700043360187
7784,constructed,2,2,2.6989700043360187
7785,consume,2,2,2.6989700043360187
7786,consumer,2,2,2.6989700043360187
7787,contacted,2,1,3.0
7788,contacts,2,2,2.6989700043360187
7789,contractile,2,2,2.6989700043360187
7790,contraindication,2,2,2.6989700043360187
7791,contrast-induced,2,2,2.6989700043360187
7792,contributory,2,2,2.6989700043360187
7793,converted,2,2,2.6989700043360187
7794,converting,2,2,2.6989700043360187
7795,copd,2,1,3.0
7796,copies,2,1,3.0
7797,corneal,2,1,3.0
7798,corrects,2,2,2.6989700043360187
7799,correlate,2,2,2.6989700043360187
7800,correspondence,2,2,2.6989700043360187
7801,corroborated,2,2,2.6989700043360187
7802,cost-utility,2,1,3.0
7803,costly,2,2,2.6989700043360187
7804,counter,2,2,2.6989700043360187
7805,counteracts,2,2,2.6989700043360187
7806,countermeasures,2,2,2.6989700043360187
7807,country,2,2,2.6989700043360187
7808,couples,2,2,2.6989700043360187
7809,cox-1,2,1,3.0
7810,cpap-restricted,2,1,3.0
7811,cprd,2,2,2.6989700043360187
7812,crd420251150683,2,1,3.0
7813,crd420261327235,2,1,3.0
7814,crd420261354386,2,1,3.0
7815,crds,2,1,3.0
7816,create,2,2,2.6989700043360187
7817,cross-clinic,2,1,3.0
7818,cross-cultural,2,2,2.6989700043360187
7819,cross-study,2,2,2.6989700043360187
7820,cross-talk,2,2,2.6989700043360187
7821,crude,2,1,3.0
7822,crypt,2,2,2.6989700043360187
7823,csf,2,1,3.0
7824,css,2,1,3.0
7825,ctla4,2,1,3.0
7826,ctri,2,1,3.0
7827,cue-induced,2,2,2.6989700043360187
7828,cue-reactivity,2,1,3.0
7829,cultivable,2,1,3.0
7830,cultures,2,2,2.6989700043360187
7831,cummings,2,1,3.0
7832,cvds,2,1,3.0
7833,cvot,2,2,2.6989700043360187
7834,cycloheximide,2,1,3.0
7835,cynomolgus,2,1,3.0
7836,cyp2d6,2,2,2.6989700043360187
7837,cyp3a,2,1,3.0
7838,cytocompatibility,2,1,3.0
7839,d-ser18-semaglutide,2,1,3.0
7840,da-based,2,1,3.0
7841,daergic,2,1,3.0
7842,dairy,2,1,3.0
7843,damps,2,1,3.0
7844,dasatinib,2,2,2.6989700043360187
7845,data-driven,2,2,2.6989700043360187
7846,datasets,2,2,2.6989700043360187
7847,davies-bouldin,2,1,3.0
7848,dd01-dn-02,2,1,3.0
7849,de-novo,2,1,3.0
7850,debris,2,1,3.0
7851,dechallenge,2,2,2.6989700043360187
7852,deconstructing,2,2,2.6989700043360187
7853,defective,2,2,2.6989700043360187
7854,defense,2,2,2.6989700043360187
7855,deficiency-related,2,1,3.0
7856,deficient,2,2,2.6989700043360187
7857,degludec,2,2,2.6989700043360187
7858,degrees,2,2,2.6989700043360187
7859,dehydration,2,2,2.6989700043360187
7860,dehydrogenase,2,2,2.6989700043360187
7861,delineates,2,2,2.6989700043360187
7862,dementia-related,2,1,3.0
7863,demyelinating,2,2,2.6989700043360187
7864,denmark,2,2,2.6989700043360187
7865,denominators,2,2,2.6989700043360187
7866,dense,2,2,2.6989700043360187
7867,densely,2,2,2.6989700043360187
7868,depended,2,2,2.6989700043360187
7869,dependency,2,2,2.6989700043360187
7870,depot,2,1,3.0
7871,deprived,2,1,3.0
7872,derangements,2,2,2.6989700043360187
7873,derivation,2,2,2.6989700043360187
7874,dermatological,2,2,2.6989700043360187
7875,dermatoses,2,1,3.0
7876,desert,2,1,3.0
7877,deserts,2,1,3.0
7878,designing,2,2,2.6989700043360187
7879,designretrospective,2,2,2.6989700043360187
7880,desire,2,2,2.6989700043360187
7881,destabilizing,2,2,2.6989700043360187
7882,destruction,2,2,2.6989700043360187
7883,desulfovibrio,2,2,2.6989700043360187
7884,detailing,2,2,2.6989700043360187
7885,developmentally,2,2,2.6989700043360187
7886,develops,2,2,2.6989700043360187
7887,device-guided,2,1,3.0
7888,dft,2,1,3.0
7889,diabetic-only,2,1,3.0
7890,diabetologists,2,2,2.6989700043360187
7891,diagnostics,2,2,2.6989700043360187
7892,dian,2,1,3.0
7893,didn't,2,1,3.0
7894,diet-sensitive,2,1,3.0
7895,dietcamb,2,1,3.0
7896,dietetic,2,1,3.0
7897,dietitians,2,1,3.0
7898,differs,2,2,2.6989700043360187
7899,difficile,2,1,3.0
7900,difficulties,2,2,2.6989700043360187
7901,diffuse,2,2,2.6989700043360187
7902,dilatation,2,1,3.0
7903,dilation,2,2,2.6989700043360187
7904,dimethylarginine,2,2,2.6989700043360187
7905,dipole,2,1,3.0
7906,direct-to-consumer,2,2,2.6989700043360187
7907,disadvantages,2,2,2.6989700043360187
7908,discern,2,1,3.0
7909,disciplinary,2,2,2.6989700043360187
7910,disclosure,2,2,2.6989700043360187
7911,discontinuity,2,1,3.0
7912,discounted,2,2,2.6989700043360187
7913,discoveries,2,2,2.6989700043360187
7914,discussions,2,2,2.6989700043360187
7915,disease-modification,2,2,2.6989700043360187
7916,disease-trajectory,2,1,3.0
7917,display,2,2,2.6989700043360187
7918,disposal,2,2,2.6989700043360187
7919,disposition,2,2,2.6989700043360187
7920,disputes,2,2,2.6989700043360187
7921,disrupt,2,2,2.6989700043360187
7922,dissect,2,2,2.6989700043360187
7923,disseminated,2,2,2.6989700043360187
7924,distal,2,2,2.6989700043360187
7925,distinctive,2,2,2.6989700043360187
7926,distinguishes,2,2,2.6989700043360187
7927,distressing,2,2,2.6989700043360187
7928,distributional,2,1,3.0
7929,dls-conditioned,2,1,3.0
7930,dmadd,2,1,3.0
7931,dmn,2,1,3.0
7932,dmns,2,1,3.0
7933,document,2,2,2.6989700043360187
7934,dod,2,1,3.0
7935,doi,2,2,2.6989700043360187
7936,domestic,2,1,3.0
7937,domestically,2,2,2.6989700043360187
7938,done,2,2,2.6989700043360187
7939,donor-specific,2,2,2.6989700043360187
7940,dosage,2,2,2.6989700043360187
7941,dose-escalation,2,2,2.6989700043360187
7942,dose-reduced,2,1,3.0
7943,dose-related,2,2,2.6989700043360187
7944,dose-titrated,2,1,3.0
7945,dotap,2,1,3.0
7946,double-masked,2,1,3.0
7947,doubled,2,2,2.6989700043360187
7948,doubly,2,1,3.0
7949,doxycycline,2,1,3.0
7950,dp,2,1,3.0
7951,dramatic,2,2,2.6989700043360187
7952,draws,2,2,2.6989700043360187
7953,drgs,2,1,3.0
7954,droplet,2,2,2.6989700043360187
7955,drp1,2,1,3.0
7956,drug-associated,2,1,3.0
7957,drug-based,2,1,3.0
7958,drug-biomarker,2,1,3.0
7959,drug-drug,2,2,2.6989700043360187
7960,drug-free,2,2,2.6989700043360187
7961,drug-seeking,2,2,2.6989700043360187
7962,druggable,2,2,2.6989700043360187
7963,dsn,2,1,3.0
7964,dtsqc,2,1,3.0
7965,dual-agonist,2,2,2.6989700043360187
7966,dual-energy,2,2,2.6989700043360187
7967,dual-incretin,2,2,2.6989700043360187
7968,dual-luciferase,2,2,2.6989700043360187
7969,dual-targeting,2,2,2.6989700043360187
7970,dupilumab,2,1,3.0
7971,duplicates,2,2,2.6989700043360187
7972,dxa,2,1,3.0
7973,dynamically,2,2,2.6989700043360187
7974,dysfunctional,2,2,2.6989700043360187
7975,dysglycemia,2,2,2.6989700043360187
7976,dysplasia,2,2,2.6989700043360187
7977,e-selectin,2,1,3.0
7978,e-values,2,1,3.0
7979,e11,2,2,2.6989700043360187
7980,earliest,2,2,2.6989700043360187
7981,east,2,2,2.6989700043360187
7982,easy,2,2,2.6989700043360187
7983,ebgm,2,2,2.6989700043360187
7984,ecd,2,2,2.6989700043360187
7985,ecg,2,2,2.6989700043360187
7986,ecological,2,2,2.6989700043360187
7987,ecology,2,2,2.6989700043360187
7988,ee,2,1,3.0
7989,eecs,2,1,3.0
7990,eel,2,1,3.0
7991,effectors,2,2,2.6989700043360187
7992,efficacious,2,2,2.6989700043360187
7993,efficient,2,2,2.6989700043360187
7994,effort,2,2,2.6989700043360187
7995,egcg,2,1,3.0
7996,egfr-stratified,2,1,3.0
7997,egr1,2,1,3.0
7998,ehrs,2,2,2.6989700043360187
7999,eif2α,2,2,2.6989700043360187
8000,eighteen,2,2,2.6989700043360187
8001,elasticity,2,1,3.0
8002,electrical,2,1,3.0
8003,electroacupuncture,2,2,2.6989700043360187
8004,electron,2,2,2.6989700043360187
8005,electrophysiology,2,2,2.6989700043360187
8006,electrostatically,2,2,2.6989700043360187
8007,element,2,2,2.6989700043360187
8008,elimination,2,2,2.6989700043360187
8009,elucidating,2,2,2.6989700043360187
8010,empirical,2,2,2.6989700043360187
8011,empirically,2,1,3.0
8012,encephalopathy,2,2,2.6989700043360187
8013,encoded,2,2,2.6989700043360187
8014,encoding,2,2,2.6989700043360187
8015,encompass,2,2,2.6989700043360187
8016,encourages,2,2,2.6989700043360187
8017,end-organ,2,2,2.6989700043360187
8018,ended,2,2,2.6989700043360187
8019,endobariatric,2,2,2.6989700043360187
8020,endocrine-related,2,1,3.0
8021,endocrinologists,2,2,2.6989700043360187
8022,endometriosis,2,1,3.0
8023,endorsed,2,2,2.6989700043360187
8024,endorsement,2,2,2.6989700043360187
8025,endoscopist,2,2,2.6989700043360187
8026,endothelin-1,2,2,2.6989700043360187
8027,endothelium,2,1,3.0
8028,endotoxemia,2,2,2.6989700043360187
8029,engaging,2,2,2.6989700043360187
8030,engineer,2,2,2.6989700043360187
8031,enhancements,2,2,2.6989700043360187
8032,enhancer,2,2,2.6989700043360187
8033,enhancers,2,2,2.6989700043360187
8034,enrich,2,2,2.6989700043360187
8035,enroled,2,1,3.0
8036,ensemble,2,2,2.6989700043360187
8037,ensembles,2,1,3.0
8038,ensuring,2,2,2.6989700043360187
8039,entered,2,2,2.6989700043360187
8040,entering,2,2,2.6989700043360187
8041,environmentally,2,1,3.0
8042,enzyme-linked,2,2,2.6989700043360187
8043,eosin,2,2,2.6989700043360187
8044,eosinophils,2,2,2.6989700043360187
8045,epic,2,2,2.6989700043360187
8046,epidemiologic,2,2,2.6989700043360187
8047,epigallocatechin,2,2,2.6989700043360187
8048,epigastric,2,2,2.6989700043360187
8049,epigenomic,2,2,2.6989700043360187
8050,episode,2,2,2.6989700043360187
8051,epitranscriptomic,2,2,2.6989700043360187
8052,equal,2,2,2.6989700043360187
8053,equilibrium,2,2,2.6989700043360187
8054,er-proteostasis,2,1,3.0
8055,error,2,2,2.6989700043360187
8056,ertugliflozin,2,1,3.0
8057,erythropoietin,2,1,3.0
8058,escape,2,2,2.6989700043360187
8059,esrd,2,2,2.6989700043360187
8060,essence,2,2,2.6989700043360187
8061,establishment,2,2,2.6989700043360187
8062,etiologies,2,2,2.6989700043360187
8063,eudravigilance,2,2,2.6989700043360187
8064,euglycemia,2,1,3.0
8065,europe,2,2,2.6989700043360187
8066,european-ancestry,2,1,3.0
8067,ev,2,1,3.0
8068,evenly,2,2,2.6989700043360187
8069,ever,2,2,2.6989700043360187
8070,evogliptin,2,1,3.0
8071,evt-treated,2,1,3.0
8072,ex4,2,1,3.0
8073,exactly,2,2,2.6989700043360187
8074,exceed,2,2,2.6989700043360187
8075,exceeds,2,2,2.6989700043360187
8076,exchangers,2,1,3.0
8077,exclude,2,2,2.6989700043360187
8078,exemplified,2,2,2.6989700043360187
8079,exendin,2,2,2.6989700043360187
8080,exercise-responsive,2,1,3.0
8081,exercised,2,1,3.0
8082,exhaustion,2,2,2.6989700043360187
8083,existed,2,2,2.6989700043360187
8084,exocytosis,2,2,2.6989700043360187
8085,expectations,2,2,2.6989700043360187
8086,explainable,2,2,2.6989700043360187
8087,exploring,2,2,2.6989700043360187
8088,exports,2,2,2.6989700043360187
8089,expressing,2,2,2.6989700043360187
8090,extrapolated,2,2,2.6989700043360187
8091,extrapyramidal,2,1,3.0
8092,extreme,2,2,2.6989700043360187
8093,eyelid,2,1,3.0
8094,f,2,2,2.6989700043360187
8095,f10,2,1,3.0
8096,factor-1α,2,2,2.6989700043360187
8097,faecalibaculum,2,2,2.6989700043360187
8098,falsified,2,1,3.0
8099,family-based,2,2,2.6989700043360187
8100,family-centered,2,2,2.6989700043360187
8101,farnesoid,2,2,2.6989700043360187
8102,fasting-state,2,1,3.0
8103,fat-predominant,2,2,2.6989700043360187
8104,fat-soluble,2,1,3.0
8105,fatal,2,2,2.6989700043360187
8106,fats,2,2,2.6989700043360187
8107,favor,2,2,2.6989700043360187
8108,favouring,2,2,2.6989700043360187
8109,fe2,2,2,2.6989700043360187
8110,featuring,2,2,2.6989700043360187
8111,feb,2,2,2.6989700043360187
8112,feel,2,2,2.6989700043360187
8113,fell,2,2,2.6989700043360187
8114,felt,2,1,3.0
8115,fenofibrate,2,1,3.0
8116,fermentable,2,2,2.6989700043360187
8117,fermentative,2,2,2.6989700043360187
8118,ferroptotic,2,2,2.6989700043360187
8119,ffar2,2,2,2.6989700043360187
8120,ffar3,2,2,2.6989700043360187
8121,fga,2,1,3.0
8122,fgf,2,2,2.6989700043360187
8123,fgf19,2,1,3.0
8124,fiber-rich,2,2,2.6989700043360187
8125,fibrates,2,2,2.6989700043360187
8126,fibre,2,2,2.6989700043360187
8127,fibrinolytic,2,1,3.0
8128,fibrogenic,2,1,3.0
8129,fidelity,2,2,2.6989700043360187
8130,fifteen,2,2,2.6989700043360187
8131,fifty,2,2,2.6989700043360187
8132,fighting-2,2,1,3.0
8133,file,2,2,2.6989700043360187
8134,files,2,2,2.6989700043360187
8135,filled,2,2,2.6989700043360187
8136,filters,2,1,3.0
8137,fine-gray,2,2,2.6989700043360187
8138,fingerprints,2,1,3.0
8139,finland,2,2,2.6989700043360187
8140,finnish,2,2,2.6989700043360187
8141,firm,2,2,2.6989700043360187
8142,first-in-class,2,2,2.6989700043360187
8143,first-pass,2,2,2.6989700043360187
8144,fish,2,1,3.0
8145,fisher's,2,2,2.6989700043360187
8146,fission,2,1,3.0
8147,fitness,2,2,2.6989700043360187
8148,five-year,2,2,2.6989700043360187
8149,fixed-choice,2,1,3.0
8150,fixed-effect,2,2,2.6989700043360187
8151,flap,2,1,3.0
8152,fluorescence,2,2,2.6989700043360187
8153,fluorescent,2,2,2.6989700043360187
8154,fmoc-spps,2,1,3.0
8155,foenum-graecum,2,1,3.0
8156,folds,2,1,3.0
8157,follicle-stimulating,2,2,2.6989700043360187
8158,food-based,2,2,2.6989700043360187
8159,football,2,1,3.0
8160,forces,2,1,3.0
8161,formate,2,1,3.0
8162,formats,2,2,2.6989700043360187
8163,formulation-specific,2,2,2.6989700043360187
8164,forty-one,2,2,2.6989700043360187
8165,forty-two,2,2,2.6989700043360187
8166,fostering,2,2,2.6989700043360187
8167,four-axis,2,2,2.6989700043360187
8168,four-method,2,1,3.0
8169,fourth,2,2,2.6989700043360187
8170,fourth-line,2,1,3.0
8171,fr,2,1,3.0
8172,fractional,2,2,2.6989700043360187
8173,fragment,2,2,2.6989700043360187
8174,framingham,2,1,3.0
8175,fraudulent,2,1,3.0
8176,frc,2,1,3.0
8177,freely,2,1,3.0
8178,frontiers,2,1,3.0
8179,frontotemporal,2,1,3.0
8180,fructosamine,2,1,3.0
8181,fructose,2,2,2.6989700043360187
8182,fsg,2,1,3.0
8183,fulfilled,2,2,2.6989700043360187
8184,full-dose,2,1,3.0
8185,functionally,2,2,2.6989700043360187
8186,functioning,2,2,2.6989700043360187
8187,funded,2,2,2.6989700043360187
8188,fundoplication,2,1,3.0
8189,fused,2,2,2.6989700043360187
8190,fw,2,1,3.0
8191,fxiiia,2,1,3.0
8192,g2,2,2,2.6989700043360187
8193,gaining,2,2,2.6989700043360187
8194,galectin-3,2,1,3.0
8195,gallate,2,2,2.6989700043360187
8196,garnered,2,2,2.6989700043360187
8197,gasdermin,2,2,2.6989700043360187
8198,gastrointestinal-related,2,2,2.6989700043360187
8199,gated,2,2,2.6989700043360187
8200,gavage,2,2,2.6989700043360187
8201,gba,2,1,3.0
8202,gbsa,2,1,3.0
8203,gcg-positive,2,1,3.0
8204,gdf15,2,1,3.0
8205,gdmt,2,1,3.0
8206,ged,2,1,3.0
8207,gemigliptin,2,1,3.0
8208,genera,2,2,2.6989700043360187
8209,generalisable,2,2,2.6989700043360187
8210,generalised,2,2,2.6989700043360187
8211,generality,2,2,2.6989700043360187
8212,generalizable,2,2,2.6989700043360187
8213,genetics,2,2,2.6989700043360187
8214,genotype-tissue,2,2,2.6989700043360187
8215,genuinely,2,2,2.6989700043360187
8216,genus,2,2,2.6989700043360187
8217,geography,2,1,3.0
8218,geometry,2,2,2.6989700043360187
8219,germany,2,2,2.6989700043360187
8220,germline,2,1,3.0
8221,gerotherapeutic,2,2,2.6989700043360187
8222,gfap-positive,2,1,3.0
8223,ghr,2,1,3.0
8224,github,2,1,3.0
8225,glk,2,1,3.0
8226,glp-1-associated,2,2,2.6989700043360187
8227,glp-1-degrading,2,2,2.6989700043360187
8228,glp-1-induced,2,2,2.6989700043360187
8229,glp-1-ra,2,1,3.0
8230,glp-1-specific,2,2,2.6989700043360187
8231,glp-1as,2,2,2.6989700043360187
8232,glp-1r-dependent,2,2,2.6989700043360187
8233,glp-1rtanycytekd,2,1,3.0
8234,glucagon-immunopositive,2,1,3.0
8235,gluconeogenesis,2,2,2.6989700043360187
8236,glucose-regulating,2,2,2.6989700043360187
8237,glut2,2,2,2.6989700043360187
8238,glutamatergic,2,1,3.0
8239,glutathione,2,2,2.6989700043360187
8240,glycation,2,2,2.6989700043360187
8241,glycosidic,2,2,2.6989700043360187
8242,glycosylated,2,2,2.6989700043360187
8243,gnf4877,2,1,3.0
8244,goc,2,1,3.0
8245,gold,2,2,2.6989700043360187
8246,gonadal,2,2,2.6989700043360187
8247,good-quality,2,2,2.6989700043360187
8248,goto-kakizaki,2,2,2.6989700043360187
8249,gout,2,1,3.0
8250,governed,2,2,2.6989700043360187
8251,gpr107,2,1,3.0
8252,grabs,2,1,3.0
8253,gradients,2,2,2.6989700043360187
8254,grafting,2,2,2.6989700043360187
8255,grains,2,2,2.6989700043360187
8256,grant,2,2,2.6989700043360187
8257,granulocyte,2,2,2.6989700043360187
8258,grapes,2,1,3.0
8259,greedy,2,2,2.6989700043360187
8260,grew,2,2,2.6989700043360187
8261,grey,2,2,2.6989700043360187
8262,ground,2,2,2.6989700043360187
8263,grounded,2,2,2.6989700043360187
8264,guanylate,2,2,2.6989700043360187
8265,guiding,2,2,2.6989700043360187
8266,guinea-pig,2,1,3.0
8267,gut-hormone,2,2,2.6989700043360187
8268,göttingen,2,1,3.0
8269,h-bond,2,1,3.0
8270,h2s,2,1,3.0
8271,halt,2,2,2.6989700043360187
8272,hand,2,2,2.6989700043360187
8273,harvested,2,2,2.6989700043360187
8274,heat,2,1,3.0
8275,heavily,2,2,2.6989700043360187
8276,hedonics,2,1,3.0
8277,hei-2015,2,1,3.0
8278,heighten,2,2,2.6989700043360187
8279,heightened,2,2,2.6989700043360187
8280,heloderma,2,1,3.0
8281,hematological,2,1,3.0
8282,hematoxylin,2,2,2.6989700043360187
8283,hemoglobin-a1c,2,2,2.6989700043360187
8284,hemoglobinopathies,2,1,3.0
8285,hemorrhagic,2,2,2.6989700043360187
8286,hemostatic,2,1,3.0
8287,hepatitis,2,1,3.0
8288,hepatokine,2,1,3.0
8289,hereafter,2,2,2.6989700043360187
8290,heterodimerization,2,1,3.0
8291,heterozygosity,2,1,3.0
8292,hfd-induced,2,1,3.0
8293,hfs-ii,2,1,3.0
8294,hierarchy,2,2,2.6989700043360187
8295,high-cost,2,2,2.6989700043360187
8296,high-fat-diet-induced,2,2,2.6989700043360187
8297,high-impact,2,2,2.6989700043360187
8298,higher-dose,2,1,3.0
8299,higher-risk,2,2,2.6989700043360187
8300,histomorphometry,2,1,3.0
8301,histopathological,2,2,2.6989700043360187
8302,historic,2,2,2.6989700043360187
8303,hl-1,2,1,3.0
8304,hmw,2,1,3.0
8305,homo-lumo,2,1,3.0
8306,homolog,2,2,2.6989700043360187
8307,hop,2,1,3.0
8308,horizons,2,2,2.6989700043360187
8309,hormonal-phenotype,2,1,3.0
8310,hormonally,2,1,3.0
8311,hospitalisations,2,2,2.6989700043360187
8312,hrms,2,1,3.0
8313,hsa,2,1,3.0
8314,htrf,2,1,3.0
8315,humanized,2,2,2.6989700043360187
8316,hungry,2,1,3.0
8317,hvs,2,1,3.0
8318,hybridization,2,2,2.6989700043360187
8319,hydrolase,2,2,2.6989700043360187
8320,hypercholesterolemia,2,2,2.6989700043360187
8321,hyperglucagonemia,2,1,3.0
8322,hypersecretion,2,2,2.6989700043360187
8323,hypoglycemia-related,2,1,3.0
8324,hypomanic,2,1,3.0
8325,hypotension,2,2,2.6989700043360187
8326,hypotonia,2,1,3.0
8327,hypoxia-driven,2,1,3.0
8328,hypoxia-suppressive,2,1,3.0
8329,i-squared,2,2,2.6989700043360187
8330,iatrogenic,2,2,2.6989700043360187
8331,ibs-c,2,1,3.0
8332,ibs-d,2,1,3.0
8333,ic,2,2,2.6989700043360187
8334,icam-1,2,1,3.0
8335,icd,2,2,2.6989700043360187
8336,ich,2,1,3.0
8337,ichd,2,1,3.0
8338,id,2,2,2.6989700043360187
8339,ideally,2,2,2.6989700043360187
8340,ie,2,2,2.6989700043360187
8341,igg4,2,2,2.6989700043360187
8342,iihts,2,1,3.0
8343,il1-beta,2,1,3.0
8344,il18,2,1,3.0
8345,il2ra,2,1,3.0
8346,il6,2,1,3.0
8347,ild,2,1,3.0
8348,ileum,2,2,2.6989700043360187
8349,ili,2,1,3.0
8350,illnesses,2,2,2.6989700043360187
8351,illustrates,2,2,2.6989700043360187
8352,illustrative,2,2,2.6989700043360187
8353,immediately,2,1,3.0
8354,immune-inflammatory,2,2,2.6989700043360187
8355,immunogenicity,2,2,2.6989700043360187
8356,immunoglobulin,2,2,2.6989700043360187
8357,immunopathological,2,2,2.6989700043360187
8358,immunopositive,2,1,3.0
8359,immunosorbent,2,2,2.6989700043360187
8360,immunosuppression,2,2,2.6989700043360187
8361,immunosuppressive,2,2,2.6989700043360187
8362,implantable,2,1,3.0
8363,implicates,2,2,2.6989700043360187
8364,implicating,2,2,2.6989700043360187
8365,imposes,2,2,2.6989700043360187
8366,impotence,2,1,3.0
8367,imputed,2,2,2.6989700043360187
8368,inability,2,1,3.0
8369,inaccessible,2,2,2.6989700043360187
8370,inaccurate,2,2,2.6989700043360187
8371,inadequacy,2,1,3.0
8372,inadvertently,2,2,2.6989700043360187
8373,incarceration,2,1,3.0
8374,incorrect,2,2,2.6989700043360187
8375,increment,2,2,2.6989700043360187
8376,incretin-induced,2,1,3.0
8377,indians,2,1,3.0
8378,indigestible,2,1,3.0
8379,individualising,2,2,2.6989700043360187
8380,individualization,2,2,2.6989700043360187
8381,industry,2,2,2.6989700043360187
8382,indy,2,1,3.0
8383,inequities,2,2,2.6989700043360187
8384,inert,2,1,3.0
8385,inferential,2,2,2.6989700043360187
8386,inferior,2,2,2.6989700043360187
8387,infinity,2,2,2.6989700043360187
8388,inflammation-mediated,2,2,2.6989700043360187
8389,influx,2,2,2.6989700043360187
8390,infrequent,2,2,2.6989700043360187
8391,infused,2,2,2.6989700043360187
8392,ingestive,2,2,2.6989700043360187
8393,inherent,2,2,2.6989700043360187
8394,inherited,2,2,2.6989700043360187
8395,inhibitor-1,2,2,2.6989700043360187
8396,initiatives,2,1,3.0
8397,innovator,2,1,3.0
8398,innovators,2,1,3.0
8399,inovalon,2,2,2.6989700043360187
8400,insomnia,2,1,3.0
8401,institutes,2,2,2.6989700043360187
8402,institutions,2,2,2.6989700043360187
8403,instructed,2,2,2.6989700043360187
8404,instruction,2,1,3.0
8405,instrumental,2,1,3.0
8406,instruments,2,2,2.6989700043360187
8407,insulin-based,2,2,2.6989700043360187
8408,insulin-granule,2,2,2.6989700043360187
8409,insulin-related,2,2,2.6989700043360187
8410,insulin-responsive,2,2,2.6989700043360187
8411,insurance-related,2,2,2.6989700043360187
8412,intentional,2,2,2.6989700043360187
8413,inter-organ,2,2,2.6989700043360187
8414,intercept,2,2,2.6989700043360187
8415,interception,2,2,2.6989700043360187
8416,interchangeable,2,2,2.6989700043360187
8417,interdependent,2,2,2.6989700043360187
8418,interleukin-17,2,1,3.0
8419,interpretability,2,2,2.6989700043360187
8420,interpretations,2,2,2.6989700043360187
8421,interprofessional,2,1,3.0
8422,interrogated,2,2,2.6989700043360187
8423,interrupted,2,1,3.0
8424,interruption,2,2,2.6989700043360187
8425,intersection,2,2,2.6989700043360187
8426,intervertebral,2,1,3.0
8427,intestines,2,2,2.6989700043360187
8428,intl-abca1,2,1,3.0
8429,intragastric,2,2,2.6989700043360187
8430,intrahepatic,2,2,2.6989700043360187
8431,intramuscular,2,1,3.0
8432,intranasal,2,2,2.6989700043360187
8433,intraperitoneal,2,2,2.6989700043360187
8434,intrarenal,2,2,2.6989700043360187
8435,intrauterine,2,1,3.0
8436,introduces,2,2,2.6989700043360187
8437,introducing,2,2,2.6989700043360187
8438,intrusive,2,2,2.6989700043360187
8439,invasiveness,2,2,2.6989700043360187
8440,invited,2,2,2.6989700043360187
8441,ion-exchange,2,1,3.0
8442,ipsilateral,2,1,3.0
8443,ipw,2,1,3.0
8444,iqvia,2,2,2.6989700043360187
8445,iridoid,2,1,3.0
8446,irritable,2,2,2.6989700043360187
8447,irs-1,2,2,2.6989700043360187
8448,isotope,2,2,2.6989700043360187
8449,isr,2,1,3.0
8450,italian,2,2,2.6989700043360187
8451,jama,2,1,3.0
8452,jointly,2,2,2.6989700043360187
8453,joints,2,2,2.6989700043360187
8454,jp,2,1,3.0
8455,justification,2,2,2.6989700043360187
8456,k48-linked,2,1,3.0
8457,kap,2,1,3.0
8458,katp,2,1,3.0
8459,kccq-css,2,2,2.6989700043360187
8460,kda,2,2,2.6989700043360187
8461,ketamine,2,1,3.0
8462,ketogenic,2,1,3.0
8463,ketonaemia,2,1,3.0
8464,ketosis-prone,2,2,2.6989700043360187
8465,kg-1,2,2,2.6989700043360187
8466,kidney-related,2,1,3.0
8467,kidneys,2,2,2.6989700043360187
8468,kinetic,2,2,2.6989700043360187
8469,kingdom,2,2,2.6989700043360187
8470,knock-in,2,2,2.6989700043360187
8471,kynurenine,2,1,3.0
8472,la,2,1,3.0
8473,labdane,2,1,3.0
8474,laboratory-based,2,2,2.6989700043360187
8475,lachnoclostridium,2,2,2.6989700043360187
8476,lachnospiraceae,2,2,2.6989700043360187
8477,lacks,2,2,2.6989700043360187
8478,lactobacillaceae,2,2,2.6989700043360187
8479,lanifibranor,2,2,2.6989700043360187
8480,lasting,2,2,2.6989700043360187
8481,lastly,2,2,2.6989700043360187
8482,laterality-verified,2,1,3.0
8483,latin,2,2,2.6989700043360187
8484,lay,2,2,2.6989700043360187
8485,layered,2,2,2.6989700043360187
8486,lc-hrms,2,1,3.0
8487,lcfas,2,1,3.0
8488,ldh,2,2,2.6989700043360187
8489,leave-one-out,2,1,3.0
8490,left-sided,2,1,3.0
8491,leg,2,1,3.0
8492,legal,2,2,2.6989700043360187
8493,lens,2,2,2.6989700043360187
8494,lesions,2,1,3.0
8495,letrozole,2,2,2.6989700043360187
8496,leu32,2,1,3.0
8497,leucettine,2,1,3.0
8498,leukemias,2,1,3.0
8499,leverage,2,2,2.6989700043360187
8500,leveraged,2,2,2.6989700043360187
8501,lewy,2,1,3.0
8502,lifestyle-based,2,2,2.6989700043360187
8503,ligase,2,2,2.6989700043360187
8504,ligilactobacillus,2,2,2.6989700043360187
8505,liking,2,1,3.0
8506,linezolid,2,1,3.0
8507,linkage,2,2,2.6989700043360187
8508,linoleic,2,2,2.6989700043360187
8509,lipid-based,2,2,2.6989700043360187
8510,lipid-related,2,2,2.6989700043360187
8511,lipidation,2,2,2.6989700043360187
8512,lipogenesis,2,2,2.6989700043360187
8513,lipogenic,2,2,2.6989700043360187
8514,lipohypertrophy,2,1,3.0
8515,lipoprotein-cholesterol,2,2,2.6989700043360187
8516,liquids,2,2,2.6989700043360187
8517,listed,2,2,2.6989700043360187
8518,littermate,2,2,2.6989700043360187
8519,lived,2,2,2.6989700043360187
8520,lmics,2,1,3.0
8521,localized,2,2,2.6989700043360187
8522,locomotor,2,2,2.6989700043360187
8523,log,2,2,2.6989700043360187
8524,logic,2,2,2.6989700043360187
8525,longer-acting,2,2,2.6989700043360187
8526,longstanding,2,2,2.6989700043360187
8527,looking,2,2,2.6989700043360187
8528,low-fat,2,2,2.6989700043360187
8529,low-risk,2,2,2.6989700043360187
8530,low-to-moderate,2,2,2.6989700043360187
8531,lower-extremity,2,1,3.0
8532,lower-limb,2,2,2.6989700043360187
8533,lowers,2,2,2.6989700043360187
8534,lrrk2,2,1,3.0
8535,luciferase,2,2,2.6989700043360187
8536,lumen,2,2,2.6989700043360187
8537,lynch,2,1,3.0
8538,m4,2,1,3.0
8539,magnitudes,2,2,2.6989700043360187
8540,mainstay,2,2,2.6989700043360187
8541,malabsorption,2,2,2.6989700043360187
8542,malaise,2,2,2.6989700043360187
8543,malnourished,2,2,2.6989700043360187
8544,mam,2,1,3.0
8545,mandatory,2,2,2.6989700043360187
8546,manic,2,1,3.0
8547,manually,2,2,2.6989700043360187
8548,manufacturer,2,2,2.6989700043360187
8549,manufacturer-reported,2,1,3.0
8550,married,2,2,2.6989700043360187
8551,mask,2,2,2.6989700043360187
8552,match,2,2,2.6989700043360187
8553,maturation,2,2,2.6989700043360187
8554,maturing,2,2,2.6989700043360187
8555,maturity,2,1,3.0
8556,maximize,2,2,2.6989700043360187
8557,mayo,2,1,3.0
8558,mcfas,2,1,3.0
8559,means,2,2,2.6989700043360187
8560,measuring,2,2,2.6989700043360187
8561,mechanism-based,2,2,2.6989700043360187
8562,medication-related,2,2,2.6989700043360187
8563,medication-safety,2,2,2.6989700043360187
8564,meibomian,2,1,3.0
8565,membranes,2,2,2.6989700043360187
8566,menopause-specific,2,1,3.0
8567,mental-health,2,1,3.0
8568,mentions,2,2,2.6989700043360187
8569,mere,2,2,2.6989700043360187
8570,metabolic-associated,2,2,2.6989700043360187
8571,metabolic-proteinopathy,2,1,3.0
8572,metabolism-related,2,2,2.6989700043360187
8573,metabolite-sensing,2,2,2.6989700043360187
8574,metabolized,2,1,3.0
8575,metagenomic,2,2,2.6989700043360187
8576,metformin-treated,2,1,3.0
8577,methacrylate,2,2,2.6989700043360187
8578,methodsthe,2,2,2.6989700043360187
8579,methodswe,2,2,2.6989700043360187
8580,metric,2,2,2.6989700043360187
8581,mexico,2,1,3.0
8582,michigan,2,1,3.0
8583,micro,2,2,2.6989700043360187
8584,micro-ct,2,2,2.6989700043360187
8585,microbe,2,1,3.0
8586,microbiome-derived,2,2,2.6989700043360187
8587,microbiome-targeted,2,2,2.6989700043360187
8588,microbiota-associated,2,2,2.6989700043360187
8589,microbiota-colonized,2,1,3.0
8590,microbiota-derived,2,2,2.6989700043360187
8591,microbiota-targeted,2,2,2.6989700043360187
8592,microdomains,2,2,2.6989700043360187
8593,microenvironments,2,2,2.6989700043360187
8594,microglia,2,2,2.6989700043360187
8595,micrornas,2,2,2.6989700043360187
8596,mid-term,2,2,2.6989700043360187
8597,middle-aged,2,2,2.6989700043360187
8598,middle-income,2,2,2.6989700043360187
8599,milestones,2,2,2.6989700043360187
8600,milieu,2,2,2.6989700043360187
8601,milligrams,2,2,2.6989700043360187
8602,millions,2,2,2.6989700043360187
8603,milt,2,1,3.0
8604,mimetic,2,2,2.6989700043360187
8605,mimetics,2,2,2.6989700043360187
8606,min6-derived,2,1,3.0
8607,mindful,2,1,3.0
8608,mini,2,2,2.6989700043360187
8609,minipigs,2,1,3.0
8610,minute,2,2,2.6989700043360187
8611,mir-214-3p,2,1,3.0
8612,mismatch,2,2,2.6989700043360187
8613,missense,2,2,2.6989700043360187
8614,mitophagy,2,2,2.6989700043360187
8615,mitoros,2,1,3.0
8616,mk-626,2,1,3.0
8617,ml-1,2,1,3.0
8618,mm-pbsa,2,1,3.0
8619,mmp-1,2,1,3.0
8620,mmrm,2,1,3.0
8621,mna,2,1,3.0
8622,modality,2,2,2.6989700043360187
8623,mode,2,2,2.6989700043360187
8624,moderate-to-high,2,2,2.6989700043360187
8625,modules,2,2,2.6989700043360187
8626,monoaminergic,2,2,2.6989700043360187
8627,monoclonal,2,2,2.6989700043360187
8628,monoglobus,2,1,3.0
8629,monolayers,2,2,2.6989700043360187
8630,mononuclear,2,1,3.0
8631,mononucleotide,2,2,2.6989700043360187
8632,moose,2,2,2.6989700043360187
8633,motivationally,2,1,3.0
8634,mounting,2,2,2.6989700043360187
8635,mounts,2,2,2.6989700043360187
8636,movement,2,1,3.0
8637,mp3,2,1,3.0
8638,mtp-mtorc1i,2,1,3.0
8639,mucoadhesive,2,1,3.0
8640,multi-ethnic,2,2,2.6989700043360187
8641,multi-faceted,2,1,3.0
8642,multi-mechanistic,2,2,2.6989700043360187
8643,multi-modal,2,2,2.6989700043360187
8644,multi-species,2,1,3.0
8645,multi-stage,2,2,2.6989700043360187
8646,multi-strain,2,1,3.0
8647,multi-system,2,2,2.6989700043360187
8648,multiagonists,2,2,2.6989700043360187
8649,multicomponent,2,2,2.6989700043360187
8650,multidose,2,2,2.6989700043360187
8651,multifunctional,2,1,3.0
8652,multilevel,2,2,2.6989700043360187
8653,multiomics,2,2,2.6989700043360187
8654,multiorgan,2,2,2.6989700043360187
8655,multiple-ascending-dose,2,2,2.6989700043360187
8656,multiplicative,2,2,2.6989700043360187
8657,multiplicity,2,2,2.6989700043360187
8658,multipole,2,1,3.0
8659,multivalent,2,2,2.6989700043360187
8660,multiyear,2,2,2.6989700043360187
8661,muscle-gut,2,1,3.0
8662,mussel-inspired,2,1,3.0
8663,myeloma,2,1,3.0
8664,myocytes,2,2,2.6989700043360187
8665,myopia-control,2,1,3.0
8666,myriad,2,2,2.6989700043360187
8667,nacl,2,1,3.0
8668,named,2,2,2.6989700043360187
8669,namely,2,2,2.6989700043360187
8670,nano-phytomedicine,2,1,3.0
8671,nanoemulsions,2,2,2.6989700043360187
8672,narrowing,2,2,2.6989700043360187
8673,naturalistic,2,1,3.0
8674,navigate,2,2,2.6989700043360187
8675,naïve,2,2,2.6989700043360187
8676,nct02496611,2,1,3.0
8677,nct03574597,2,2,2.6989700043360187
8678,nct05869903,2,2,2.6989700043360187
8679,nct05872620,2,2,2.6989700043360187
8680,nct06283641,2,2,2.6989700043360187
8681,nct07611201,2,1,3.0
8682,ndevs,2,1,3.0
8683,ndna,2,1,3.0
8684,nds,2,1,3.0
8685,near-complete,2,2,2.6989700043360187
8686,near-normoglycemic,2,1,3.0
8687,nearest-neighbor,2,2,2.6989700043360187
8688,necessitate,2,2,2.6989700043360187
8689,necessitating,2,2,2.6989700043360187
8690,necessity,2,2,2.6989700043360187
8691,nefa,2,2,2.6989700043360187
8692,negligible,2,2,2.6989700043360187
8693,neoplasia,2,1,3.0
8694,neoplastic,2,2,2.6989700043360187
8695,neurobehavioral,2,2,2.6989700043360187
8696,neurocardiac,2,2,2.6989700043360187
8697,neurocognitive,2,2,2.6989700043360187
8698,neurogenesis,2,2,2.6989700043360187
8699,neuroglia,2,1,3.0
8700,neuroglial,2,2,2.6989700043360187
8701,neurohumoral,2,2,2.6989700043360187
8702,neuron,2,2,2.6989700043360187
8703,neuropsychological,2,2,2.6989700043360187
8704,neurotransmitters,2,2,2.6989700043360187
8705,neutrophil-to-lymphocyte,2,1,3.0
8706,nhe1,2,2,2.6989700043360187
8707,niche,2,1,3.0
8708,niddm,2,1,3.0
8709,night,2,2,2.6989700043360187
8710,nigricans,2,2,2.6989700043360187
8711,nigrum,2,1,3.0
8712,nissen,2,1,3.0
8713,nitrogen,2,2,2.6989700043360187
8714,nnh,2,1,3.0
8715,nociceptive,2,2,2.6989700043360187
8716,nod,2,2,2.6989700043360187
8717,node,2,2,2.6989700043360187
8718,nodes,2,2,2.6989700043360187
8719,nomenclature,2,2,2.6989700043360187
8720,non-cirrhotic,2,2,2.6989700043360187
8721,non-clinical,2,2,2.6989700043360187
8722,non-dialysis-dependent,2,2,2.6989700043360187
8723,non-english,2,2,2.6989700043360187
8724,non-glp,2,1,3.0
8725,non-governmental,2,1,3.0
8726,non-immunologic,2,1,3.0
8727,non-inflammatory,2,1,3.0
8728,non-injectable,2,2,2.6989700043360187
8729,non-maleficence,2,2,2.6989700043360187
8730,non-obstructive,2,2,2.6989700043360187
8731,non-pmos,2,1,3.0
8732,non-renal,2,2,2.6989700043360187
8733,non-response,2,2,2.6989700043360187
8734,non-serious,2,2,2.6989700043360187
8735,non-traditional,2,2,2.6989700043360187
8736,non-use,2,1,3.0
8737,noncoding,2,2,2.6989700043360187
8738,nonhuman,2,2,2.6989700043360187
8739,nonintensive,2,1,3.0
8740,nonlinear,2,2,2.6989700043360187
8741,nonlinearity,2,2,2.6989700043360187
8742,nonresponse,2,2,2.6989700043360187
8743,normal-dose,2,1,3.0
8744,normalisation,2,2,2.6989700043360187
8745,normative,2,2,2.6989700043360187
8746,normoglycaemia,2,1,3.0
8747,northeast,2,2,2.6989700043360187
8748,northwestern,2,1,3.0
8749,note,2,2,2.6989700043360187
8750,noxious,2,1,3.0
8751,npy4r,2,1,3.0
8752,nrtis,2,1,3.0
8753,nss,2,1,3.0
8754,nucleoside,2,2,2.6989700043360187
8755,numerical,2,2,2.6989700043360187
8756,nutraceuticals,2,2,2.6989700043360187
8757,nutrient-sensing,2,2,2.6989700043360187
8758,oads,2,1,3.0
8759,oagb,2,1,3.0
8760,obesity's,2,2,2.6989700043360187
8761,obesity-care,2,2,2.6989700043360187
8762,obesity-induced,2,2,2.6989700043360187
8763,objectively,2,2,2.6989700043360187
8764,obligate,2,1,3.0
8765,obs,2,1,3.0
8766,obscure,2,2,2.6989700043360187
8767,observe,2,2,2.6989700043360187
8768,occludin,2,2,2.6989700043360187
8769,occlusion,2,2,2.6989700043360187
8770,ocn-expressing,2,1,3.0
8771,ocps,2,1,3.0
8772,odt,2,1,3.0
8773,offsets,2,1,3.0
8774,oily,2,1,3.0
8775,oligomer,2,2,2.6989700043360187
8776,olive,2,2,2.6989700043360187
8777,om-naïve,2,1,3.0
8778,omega-3,2,2,2.6989700043360187
8779,oms,2,1,3.0
8780,ondansetron,2,1,3.0
8781,one-carbon,2,2,2.6989700043360187
8782,one-quarter,2,2,2.6989700043360187
8783,one-through,2,1,3.0
8784,one-way,2,1,3.0
8785,ones,2,2,2.6989700043360187
8786,onwards,2,2,2.6989700043360187
8787,open-ended,2,2,2.6989700043360187
8788,operationalized,2,2,2.6989700043360187
8789,operationally,2,2,2.6989700043360187
8790,opinion,2,2,2.6989700043360187
8791,opposes,2,2,2.6989700043360187
8792,optimizes,2,2,2.6989700043360187
8793,optional,2,2,2.6989700043360187
8794,optum,2,2,2.6989700043360187
8795,oral-cecal,2,1,3.0
8796,orc,2,1,3.0
8797,orchestrate,2,2,2.6989700043360187
8798,orchestrates,2,2,2.6989700043360187
8799,ordinal,2,2,2.6989700043360187
8800,orf,2,1,3.0
8801,organic,2,2,2.6989700043360187
8802,orientation-dependent,2,1,3.0
8803,origins,2,2,2.6989700043360187
8804,orthostatic,2,1,3.0
8805,osa-related,2,2,2.6989700043360187
8806,oscillibacter,2,2,2.6989700043360187
8807,osteocalcin,2,2,2.6989700043360187
8808,osteoclast,2,1,3.0
8809,osteolytic,2,1,3.0
8810,otherwise,2,2,2.6989700043360187
8811,otolaryngologists,2,2,2.6989700043360187
8812,out-of-pocket,2,2,2.6989700043360187
8813,outcome-specific,2,2,2.6989700043360187
8814,ovaries,2,1,3.0
8815,overactivation,2,2,2.6989700043360187
8816,overfeeding,2,2,2.6989700043360187
8817,overproduction,2,2,2.6989700043360187
8818,p-glycoprotein,2,2,2.6989700043360187
8819,p-glycoprotein-mediated,2,2,2.6989700043360187
8820,p-selectin,2,1,3.0
8821,paediatrics,2,1,3.0
8822,palatable,2,2,2.6989700043360187
8823,pallor,2,2,2.6989700043360187
8824,palpitations,2,1,3.0
8825,pan-peroxisome,2,2,2.6989700043360187
8826,pan-ppar,2,2,2.6989700043360187
8827,pancreatobiliary,2,2,2.6989700043360187
8828,panelists,2,1,3.0
8829,panniculectomy,2,1,3.0
8830,papillary,2,2,2.6989700043360187
8831,paracrine,2,1,3.0
8832,paradoxical,2,2,2.6989700043360187
8833,parasomnia,2,1,3.0
8834,parental,2,2,2.6989700043360187
8835,particles,2,2,2.6989700043360187
8836,partner,2,2,2.6989700043360187
8837,pasireotide,2,1,3.0
8838,patents,2,1,3.0
8839,pathogenicity,2,1,3.0
8840,pathologically,2,2,2.6989700043360187
8841,pathway-specific,2,2,2.6989700043360187
8842,patient-oriented,2,1,3.0
8843,patient-specific,2,2,2.6989700043360187
8844,payment,2,2,2.6989700043360187
8845,pbmcs,2,1,3.0
8846,pcf,2,1,3.0
8847,pch,2,1,3.0
8848,pcsk9,2,2,2.6989700043360187
8849,peaked,2,2,2.6989700043360187
8850,pelvic,2,2,2.6989700043360187
8851,penetrance,2,2,2.6989700043360187
8852,penetrant,2,2,2.6989700043360187
8853,penk,2,1,3.0
8854,pens,2,2,2.6989700043360187
8855,percentile,2,2,2.6989700043360187
8856,peri,2,1,3.0
8857,perifusion,2,2,2.6989700043360187
8858,peritoneal,2,2,2.6989700043360187
8859,perm,2,1,3.0
8860,permissive,2,1,3.0
8861,peroral,2,1,3.0
8862,persistently,2,2,2.6989700043360187
8863,person-year,2,2,2.6989700043360187
8864,perturbation,2,2,2.6989700043360187
8865,petd,2,1,3.0
8866,petrelintide,2,2,2.6989700043360187
8867,pharmacies,2,2,2.6989700043360187
8868,pharmacist-led,2,1,3.0
8869,pharmacoepidemiologic,2,1,3.0
8870,pharmacoepidemiology,2,2,2.6989700043360187
8871,pharmacoequity,2,1,3.0
8872,pharmacophoric,2,1,3.0
8873,pharmacosimilars,2,1,3.0
8874,phenolic,2,2,2.6989700043360187
8875,phenomena,2,2,2.6989700043360187
8876,phenotype-aware,2,2,2.6989700043360187
8877,phenotype-specific,2,2,2.6989700043360187
8878,phenotype-stratified,2,2,2.6989700043360187
8879,phosphatase,2,2,2.6989700043360187
8880,phosphate,2,2,2.6989700043360187
8881,phosphodiesterase,2,2,2.6989700043360187
8882,phospholipids,2,2,2.6989700043360187
8883,pid8-10,2,1,3.0
8884,pillar,2,2,2.6989700043360187
8885,pillars,2,2,2.6989700043360187
8886,pioneering,2,2,2.6989700043360187
8887,pis,2,1,3.0
8888,pku,2,1,3.0
8889,pl,2,1,3.0
8890,placebo-subtracted,2,1,3.0
8891,placement,2,2,2.6989700043360187
8892,places,2,2,2.6989700043360187
8893,plants,2,2,2.6989700043360187
8894,plaques,2,2,2.6989700043360187
8895,plateaued,2,2,2.6989700043360187
8896,plga,2,2,2.6989700043360187
8897,plot,2,2,2.6989700043360187
8898,plumieride,2,1,3.0
8899,pms,2,1,3.0
8900,pocket,2,2,2.6989700043360187
8901,pocus,2,2,2.6989700043360187
8902,podcast,2,1,3.0
8903,pollock,2,1,3.0
8904,poly,2,2,2.6989700043360187
8905,polymorphisms,2,2,2.6989700043360187
8906,polypeptides,2,2,2.6989700043360187
8907,polysaccharide,2,2,2.6989700043360187
8908,polyunsaturated,2,2,2.6989700043360187
8909,polyuria,2,2,2.6989700043360187
8910,popular,2,2,2.6989700043360187
8911,portion,2,2,2.6989700043360187
8912,portosystemic,2,1,3.0
8913,positive-control,2,2,2.6989700043360187
8914,positron,2,2,2.6989700043360187
8915,post-ablation,2,1,3.0
8916,post-discontinuation,2,1,3.0
8917,post-dose,2,1,3.0
8918,post-exercise,2,1,3.0
8919,post-ogtt,2,1,3.0
8920,postbiotics,2,2,2.6989700043360187
8921,postdialysis,2,1,3.0
8922,postdialytic,2,1,3.0
8923,potentiation,2,1,3.0
8924,ppka,2,1,3.0
8925,ppo,2,1,3.0
8926,practicing,2,2,2.6989700043360187
8927,prader-willi,2,2,2.6989700043360187
8928,pre-assessment,2,1,3.0
8929,pre-registered,2,2,2.6989700043360187
8930,pre-stroke,2,1,3.0
8931,pre-treatment,2,2,2.6989700043360187
8932,preadipocyte,2,1,3.0
8933,precautions,2,2,2.6989700043360187
8934,preceded,2,2,2.6989700043360187
8935,precedes,2,2,2.6989700043360187
8936,precipitant,2,1,3.0
8937,precisely,2,2,2.6989700043360187
8938,precludes,2,2,2.6989700043360187
8939,precursor,2,2,2.6989700043360187
8940,predialysis,2,2,2.6989700043360187
8941,predisposing,2,2,2.6989700043360187
8942,predisposition,2,2,2.6989700043360187
8943,preeclampsia,2,1,3.0
8944,preferentially,2,2,2.6989700043360187
8945,premenopausal,2,2,2.6989700043360187
8946,prepare,2,2,2.6989700043360187
8947,preregistered,2,2,2.6989700043360187
8948,prerequisite,2,2,2.6989700043360187
8949,prerequisites,2,1,3.0
8950,prescriptive,2,2,2.6989700043360187
8951,press,2,2,2.6989700043360187
8952,preterm,2,2,2.6989700043360187
8953,prevailing,2,2,2.6989700043360187
8954,prevalence-based,2,2,2.6989700043360187
8955,prevented,2,2,2.6989700043360187
8956,prevotella,2,1,3.0
8957,primate,2,2,2.6989700043360187
8958,principally,2,2,2.6989700043360187
8959,principle,2,2,2.6989700043360187
8960,prior-authorization,2,1,3.0
8961,prioritizing,2,2,2.6989700043360187
8962,prisma-compliant,2,2,2.6989700043360187
8963,probably,2,2,2.6989700043360187
8964,processed,2,2,2.6989700043360187
8965,procollagen,2,2,2.6989700043360187
8966,productive,2,2,2.6989700043360187
8967,profibrotic,2,2,2.6989700043360187
8968,proglucagon,2,2,2.6989700043360187
8969,programmed,2,2,2.6989700043360187
8970,proliferator,2,1,3.0
8971,promis-10,2,1,3.0
8972,promotion,2,2,2.6989700043360187
8973,prompt,2,2,2.6989700043360187
8974,propac,2,1,3.0
8975,propeptide,2,2,2.6989700043360187
8976,propofol,2,2,2.6989700043360187
8977,proportionally,2,2,2.6989700043360187
8978,proposal,2,2,2.6989700043360187
8979,proprietary,2,2,2.6989700043360187
8980,prostate,2,2,2.6989700043360187
8981,protected,2,2,2.6989700043360187
8982,proteobacteria,2,2,2.6989700043360187
8983,proteolysis,2,1,3.0
8984,pruritus,2,2,2.6989700043360187
8985,psa,2,1,3.0
8986,psd,2,1,3.0
8987,pseudo-islets,2,1,3.0
8988,pseudocyst,2,1,3.0
8989,pso,2,1,3.0
8990,psychometric,2,1,3.0
8991,psychopathology,2,1,3.0
8992,psychostimulant,2,1,3.0
8993,psychotropic,2,2,2.6989700043360187
8994,ptau217,2,1,3.0
8995,pubertal,2,2,2.6989700043360187
8996,publicly,2,2,2.6989700043360187
8997,pul,2,1,3.0
8998,pv,2,1,3.0
8999,pw,2,1,3.0
9000,pwv,2,1,3.0
9001,pxr,2,1,3.0
9002,q3,2,2,2.6989700043360187
9003,qol,2,1,3.0
9004,qualifying,2,2,2.6989700043360187
9005,quartiles,2,2,2.6989700043360187
9006,quasi-experimental,2,2,2.6989700043360187
9007,r1,2,1,3.0
9008,r131q,2,1,3.0
9009,radiological,2,1,3.0
9010,rand,2,1,3.0
9011,randomised-controlled,2,2,2.6989700043360187
9012,randomized-controlled,2,2,2.6989700043360187
9013,ranges,2,2,2.6989700043360187
9014,rank-sum,2,2,2.6989700043360187
9015,raw,2,2,2.6989700043360187
9016,rc,2,1,3.0
9017,rdw,2,1,3.0
9018,re-escalation,2,2,2.6989700043360187
9019,reachability,2,1,3.0
9020,reaches,2,2,2.6989700043360187
9021,reasonable,2,2,2.6989700043360187
9022,reassessment,2,2,2.6989700043360187
9023,receipt,2,2,2.6989700043360187
9024,receptor-compatible,2,2,2.6989700043360187
9025,receptor-network,2,1,3.0
9026,rechallenge,2,1,3.0
9027,recomposition,2,1,3.0
9028,reconstruction,2,1,3.0
9029,recptno,2,1,3.0
9030,redefining,2,2,2.6989700043360187
9031,redirect,2,2,2.6989700043360187
9032,redocking,2,1,3.0
9033,ree,2,1,3.0
9034,referenced,2,2,2.6989700043360187
9035,references,2,2,2.6989700043360187
9036,refills,2,2,2.6989700043360187
9037,refined,2,2,2.6989700043360187
9038,reforms,2,1,3.0
9039,reframing,2,2,2.6989700043360187
9040,regained,2,2,2.6989700043360187
9041,regards,2,2,2.6989700043360187
9042,regressions,2,2,2.6989700043360187
9043,rehabilitation,2,2,2.6989700043360187
9044,reinforcing,2,2,2.6989700043360187
9045,reintroduction,2,1,3.0
9046,rejection,2,1,3.0
9047,relate,2,2,2.6989700043360187
9048,relatives,2,2,2.6989700043360187
9049,relieve,2,2,2.6989700043360187
9050,remarkable,2,2,2.6989700043360187
9051,remodeled,2,2,2.6989700043360187
9052,removal,2,2,2.6989700043360187
9053,renal-protective,2,2,2.6989700043360187
9054,renoprotection,2,2,2.6989700043360187
9055,repairs,2,1,3.0
9056,repertoire,2,2,2.6989700043360187
9057,replacements,2,2,2.6989700043360187
9058,replicate,2,2,2.6989700043360187
9059,replicated,2,2,2.6989700043360187
9060,replicates,2,2,2.6989700043360187
9061,representativeness,2,2,2.6989700043360187
9062,reproduced,2,2,2.6989700043360187
9063,reproducibility,2,2,2.6989700043360187
9064,reproduction,2,2,2.6989700043360187
9065,reproductive-age,2,2,2.6989700043360187
9066,reproductive-aged,2,2,2.6989700043360187
9067,reprogrammed,2,2,2.6989700043360187
9068,repulsion,2,1,3.0
9069,request,2,2,2.6989700043360187
9070,resilience,2,2,2.6989700043360187
9071,resolve,2,2,2.6989700043360187
9072,respirometry,2,2,2.6989700043360187
9073,responds,2,2,2.6989700043360187
9074,responsibilities,2,2,2.6989700043360187
9075,responsibly,2,2,2.6989700043360187
9076,restart,2,1,3.0
9077,resting,2,2,2.6989700043360187
9078,restricts,2,2,2.6989700043360187
9079,resveratrol,2,2,2.6989700043360187
9080,retail,2,1,3.0
9081,retain,2,2,2.6989700043360187
9082,retaining,2,2,2.6989700043360187
9083,retains,2,2,2.6989700043360187
9084,reticulata,2,1,3.0
9085,retired,2,1,3.0
9086,retrospectively,2,2,2.6989700043360187
9087,return,2,2,2.6989700043360187
9088,returned,2,2,2.6989700043360187
9089,revel,2,1,3.0
9090,revered,2,1,3.0
9091,reversed-phase,2,2,2.6989700043360187
9092,reversing,2,2,2.6989700043360187
9093,reverted,2,1,3.0
9094,revisions,2,1,3.0
9095,revolutionised,2,2,2.6989700043360187
9096,rhamnosus,2,2,2.6989700043360187
9097,rheumatology,2,1,3.0
9098,rhinoplasty,2,1,3.0
9099,rhr,2,1,3.0
9100,rhytidectomy,2,1,3.0
9101,ribes,2,1,3.0
9102,riiβ,2,1,3.0
9103,ring,2,2,2.6989700043360187
9104,risk-adapted,2,2,2.6989700043360187
9105,risk-prediction,2,1,3.0
9106,risk-set,2,1,3.0
9107,risk-stratification,2,1,3.0
9108,risk-stratified,2,2,2.6989700043360187
9109,rituximab,2,1,3.0
9110,rld,2,1,3.0
9111,rmsd,2,2,2.6989700043360187
9112,rnascope,2,2,2.6989700043360187
9113,rnfl,2,1,3.0
9114,robustly,2,2,2.6989700043360187
9115,rodents,2,2,2.6989700043360187
9116,room,2,2,2.6989700043360187
9117,rors,2,2,2.6989700043360187
9118,roscoea,2,1,3.0
9119,roscohumeanol,2,1,3.0
9120,roseburia,2,2,2.6989700043360187
9121,rounds,2,1,3.0
9122,routes,2,2,2.6989700043360187
9123,rplc,2,1,3.0
9124,rps,2,1,3.0
9125,rrna,2,2,2.6989700043360187
9126,rrr,2,1,3.0
9127,rt,2,1,3.0
9128,rt-pcr,2,2,2.6989700043360187
9129,rt-qpcr,2,2,2.6989700043360187
9130,ruminal,2,1,3.0
9131,rural,2,2,2.6989700043360187
9132,s1,2,2,2.6989700043360187
9133,s1b,2,1,3.0
9134,saba,2,1,3.0
9135,safer,2,2,2.6989700043360187
9136,said,2,1,3.0
9137,salient,2,2,2.6989700043360187
9138,sampling,2,2,2.6989700043360187
9139,sanghuang,2,1,3.0
9140,sanra,2,2,2.6989700043360187
9141,sans,2,1,3.0
9142,sarcoplasmic,2,1,3.0
9143,sars,2,1,3.0
9144,saturated,2,2,2.6989700043360187
9145,saturation,2,1,3.0
9146,saxagliptin,2,1,3.0
9147,sbp,2,2,2.6989700043360187
9148,scaffolds,2,2,2.6989700043360187
9149,scheme,2,2,2.6989700043360187
9150,schizophrenia-spectrum,2,2,2.6989700043360187
9151,school,2,2,2.6989700043360187
9152,sct,2,1,3.0
9153,scwat,2,1,3.0
9154,sdb-related,2,1,3.0
9155,sdh-a,2,1,3.0
9156,second-generation,2,2,2.6989700043360187
9157,secretagogue,2,2,2.6989700043360187
9158,secreting,2,1,3.0
9159,sections,2,2,2.6989700043360187
9160,sed,2,1,3.0
9161,sedentary,2,1,3.0
9162,seek,2,2,2.6989700043360187
9163,seeks,2,2,2.6989700043360187
9164,seemingly,2,2,2.6989700043360187
9165,seems,2,2,2.6989700043360187
9166,seer,2,1,3.0
9167,self-administered,2,2,2.6989700043360187
9168,self-administration,2,2,2.6989700043360187
9169,self-identified,2,1,3.0
9170,self-monitoring,2,2,2.6989700043360187
9171,self-perpetuating,2,2,2.6989700043360187
9172,self-report,2,2,2.6989700043360187
9173,semaglutide-derived,2,1,3.0
9174,semaglutide-specific,2,1,3.0
9175,semi-structured,2,2,2.6989700043360187
9176,semistructured,2,1,3.0
9177,senior,2,2,2.6989700043360187
9178,senolytic,2,2,2.6989700043360187
9179,sensitizers,2,2,2.6989700043360187
9180,sensor,2,1,3.0
9181,sensory,2,2,2.6989700043360187
9182,sep,2,1,3.0
9183,separates,2,2,2.6989700043360187
9184,sepsis-associated,2,2,2.6989700043360187
9185,sept,2,2,2.6989700043360187
9186,septic,2,1,3.0
9187,sequentially,2,2,2.6989700043360187
9188,ser473,2,1,3.0
9189,serine,2,2,2.6989700043360187
9190,seriousness,2,1,3.0
9191,session,2,1,3.0
9192,set-point,2,1,3.0
9193,sex-adjusted,2,2,2.6989700043360187
9194,sex-matched,2,2,2.6989700043360187
9195,sex-stratified,2,2,2.6989700043360187
9196,sham,2,2,2.6989700043360187
9197,sharing,2,2,2.6989700043360187
9198,sheep,2,1,3.0
9199,shi,2,1,3.0
9200,shock,2,1,3.0
9201,shortening,2,2,2.6989700043360187
9202,shp,2,2,2.6989700043360187
9203,shrna,2,2,2.6989700043360187
9204,shuttle,2,2,2.6989700043360187
9205,side-effects,2,2,2.6989700043360187
9206,signal-regulating,2,2,2.6989700043360187
9207,signalling-based,2,1,3.0
9208,signature,2,2,2.6989700043360187
9209,silenced,2,2,2.6989700043360187
9210,silent,2,2,2.6989700043360187
9211,silhouette,2,1,3.0
9212,silos,2,2,2.6989700043360187
9213,similarity,2,2,2.6989700043360187
9214,simply,2,2,2.6989700043360187
9215,simulate,2,2,2.6989700043360187
9216,singh,2,1,3.0
9217,sinus,2,2,2.6989700043360187
9218,sirtuin,2,2,2.6989700043360187
9219,sit-to-stand,2,1,3.0
9220,site-specific,2,2,2.6989700043360187
9221,sits,2,2,2.6989700043360187
9222,situate,2,2,2.6989700043360187
9223,situations,2,1,3.0
9224,skeletal-muscle,2,2,2.6989700043360187
9225,sleep-wake,2,1,3.0
9226,slot-die,2,1,3.0
9227,slowed,2,2,2.6989700043360187
9228,smoke,2,1,3.0
9229,smokers,2,2,2.6989700043360187
9230,sofa,2,1,3.0
9231,sold,2,1,3.0
9232,sole,2,2,2.6989700043360187
9233,soli-d,2,1,3.0
9234,solid-phase,2,2,2.6989700043360187
9235,solve,2,2,2.6989700043360187
9236,southwestern,2,1,3.0
9237,spacing,2,2,2.6989700043360187
9238,sparked,2,2,2.6989700043360187
9239,spatially,2,2,2.6989700043360187
9240,spc,2,1,3.0
9241,special,2,2,2.6989700043360187
9242,specialties,2,1,3.0
9243,specialty-based,2,1,3.0
9244,specification,2,2,2.6989700043360187
9245,sperm,2,2,2.6989700043360187
9246,spline,2,2,2.6989700043360187
9247,sponsor,2,2,2.6989700043360187
9248,spontaneously,2,2,2.6989700043360187
9249,spp,2,2,2.6989700043360187
9250,spps,2,1,3.0
9251,springer,2,2,2.6989700043360187
9252,sq22536,2,1,3.0
9253,square,2,2,2.6989700043360187
9254,squared,2,2,2.6989700043360187
9255,srebp-1c,2,2,2.6989700043360187
9256,srivastav,2,1,3.0
9257,srm,2,1,3.0
9258,sta,2,1,3.0
9259,stabilize,2,2,2.6989700043360187
9260,stabilizers,2,2,2.6989700043360187
9261,stabilizes,2,2,2.6989700043360187
9262,stabilizing,2,2,2.6989700043360187
9263,standardize,2,2,2.6989700043360187
9264,stapled,2,1,3.0
9265,starch,2,2,2.6989700043360187
9266,state-level,2,2,2.6989700043360187
9267,statutory,2,2,2.6989700043360187
9268,steps,2,2,2.6989700043360187
9269,steviol,2,1,3.0
9270,stewardship,2,2,2.6989700043360187
9271,stimulant,2,2,2.6989700043360187
9272,stockholm,2,2,2.6989700043360187
9273,stored,2,1,3.0
9274,strategically,2,1,3.0
9275,stratify,2,2,2.6989700043360187
9276,strictly,2,2,2.6989700043360187
9277,stricture,2,1,3.0
9278,structure-function,2,2,2.6989700043360187
9279,struggle,2,1,3.0
9280,struggling,2,2,2.6989700043360187
9281,student's,2,1,3.0
9282,stz,2,2,2.6989700043360187
9283,sub,2,1,3.0
9284,subclasses,2,1,3.0
9285,subpopulation,2,2,2.6989700043360187
9286,subpopulations,2,2,2.6989700043360187
9287,substance-related,2,2,2.6989700043360187
9288,substitutions,2,2,2.6989700043360187
9289,substrates,2,2,2.6989700043360187
9290,subunit,2,2,2.6989700043360187
9291,successive,2,2,2.6989700043360187
9292,suffer,2,2,2.6989700043360187
9293,suggestions,2,2,2.6989700043360187
9294,suggestive,2,2,2.6989700043360187
9295,sulfate,2,2,2.6989700043360187
9296,sulfated,2,1,3.0
9297,sulphonylureas,2,1,3.0
9298,sult2a1,2,1,3.0
9299,summarised,2,2,2.6989700043360187
9300,summit-like,2,1,3.0
9301,supernatant,2,1,3.0
9302,supervised,2,2,2.6989700043360187
9303,supplies,2,2,2.6989700043360187
9304,suppressive,2,2,2.6989700043360187
9305,suprathreshold,2,1,3.0
9306,surgery-specific,2,2,2.6989700043360187
9307,surmount,2,2,2.6989700043360187
9308,surmount-2,2,1,3.0
9309,surrogate-marker,2,1,3.0
9310,survey-observable,2,1,3.0
9311,surveyed,2,2,2.6989700043360187
9312,survivorship,2,1,3.0
9313,sus,2,2,2.6989700043360187
9314,suspect,2,1,3.0
9315,suspectum,2,1,3.0
9316,suspension,2,1,3.0
9317,swallowing,2,1,3.0
9318,sweden,2,2,2.6989700043360187
9319,sweetener,2,2,2.6989700043360187
9320,sweeteners,2,1,3.0
9321,switched,2,2,2.6989700043360187
9322,symptomatically,2,2,2.6989700043360187
9323,synapses,2,2,2.6989700043360187
9324,synbiotics,2,2,2.6989700043360187
9325,syncytial,2,1,3.0
9326,synopsis,2,2,2.6989700043360187
9327,synovial,2,1,3.0
9328,synthesising,2,2,2.6989700043360187
9329,synthesizing,2,2,2.6989700043360187
9330,synthetase,2,2,2.6989700043360187
9331,system-level,2,2,2.6989700043360187
9332,système,2,2,2.6989700043360187
9333,t-test,2,1,3.0
9334,t1d-specific,2,1,3.0
9335,t2,2,2,2.6989700043360187
9336,t2d-ckd,2,1,3.0
9337,t2dm-related,2,1,3.0
9338,tab,2,1,3.0
9339,table,2,2,2.6989700043360187
9340,taiwanese,2,2,2.6989700043360187
9341,takeda,2,2,2.6989700043360187
9342,tamoxifen-associated,2,1,3.0
9343,tangles,2,2,2.6989700043360187
9344,tanycyte-mediated,2,1,3.0
9345,target-based,2,1,3.0
9346,target-mediated,2,1,3.0
9347,target-trial,2,2,2.6989700043360187
9348,taurine,2,2,2.6989700043360187
9349,technical,2,2,2.6989700043360187
9350,technicians,2,1,3.0
9351,technique,2,2,2.6989700043360187
9352,template,2,2,2.6989700043360187
9353,ten-fold,2,2,2.6989700043360187
9354,tendinopathy,2,1,3.0
9355,tenfold,2,1,3.0
9356,tens,2,2,2.6989700043360187
9357,text,2,1,3.0
9358,tf,2,1,3.0
9359,tgf-β,2,2,2.6989700043360187
9360,th,2,2,2.6989700043360187
9361,themes,2,2,2.6989700043360187
9362,theoretically,2,2,2.6989700043360187
9363,theorized,2,2,2.6989700043360187
9364,therapy-related,2,2,2.6989700043360187
9365,thermoresponsive,2,1,3.0
9366,thigh,2,1,3.0
9367,thirteen,2,2,2.6989700043360187
9368,thirty-eight,2,2,2.6989700043360187
9369,thoracic,2,1,3.0
9370,thoracolumbar,2,1,3.0
9371,thoughtful,2,2,2.6989700043360187
9372,thr-β,2,2,2.6989700043360187
9373,three-arm,2,2,2.6989700043360187
9374,three-dimensional,2,2,2.6989700043360187
9375,three-point,2,2,2.6989700043360187
9376,thromboinflammation,2,1,3.0
9377,thrβ,2,2,2.6989700043360187
9378,tier,2,2,2.6989700043360187
9379,tiers,2,2,2.6989700043360187
9380,tightly,2,2,2.6989700043360187
9381,time-aligned,2,1,3.0
9382,time-updated,2,2,2.6989700043360187
9383,tir,2,1,3.0
9384,tirzepatide-treated,2,1,3.0
9385,titrated,2,2,2.6989700043360187
9386,tjr,2,1,3.0
9387,tlr4-nlrp3,2,1,3.0
9388,toc,2,1,3.0
9389,toll-like,2,2,2.6989700043360187
9390,tongue,2,2,2.6989700043360187
9391,took,2,2,2.6989700043360187
9392,topic,2,2,2.6989700043360187
9393,topics,2,1,3.0
9394,total-asian,2,1,3.0
9395,toxic,2,2,2.6989700043360187
9396,toxicities,2,2,2.6989700043360187
9397,toxicological,2,2,2.6989700043360187
9398,trace,2,2,2.6989700043360187
9399,traced,2,1,3.0
9400,tracked,2,2,2.6989700043360187
9401,tracking,2,2,2.6989700043360187
9402,transaminases,2,2,2.6989700043360187
9403,transcriptomics,2,1,3.0
9404,transducer,2,2,2.6989700043360187
9405,transferrin,2,1,3.0
9406,translates,2,2,2.6989700043360187
9407,translocation,2,2,2.6989700043360187
9408,transparency,2,2,2.6989700043360187
9409,transporter-mediated,2,2,2.6989700043360187
9410,transporters,2,2,2.6989700043360187
9411,treadmill,2,2,2.6989700043360187
9412,treat-to-target,2,2,2.6989700043360187
9413,treatment-associated,2,2,2.6989700043360187
9414,treatment-naïve,2,2,2.6989700043360187
9415,treatment-regimen,2,1,3.0
9416,trem2,2,2,2.6989700043360187
9417,triad,2,2,2.6989700043360187
9418,trial-defined,2,1,3.0
9419,triangle,2,2,2.6989700043360187
9420,triangulation,2,2,2.6989700043360187
9421,triggered,2,2,2.6989700043360187
9422,triggering,2,2,2.6989700043360187
9423,triglyceride-rich,2,1,3.0
9424,trimester,2,1,3.0
9425,triumph,2,2,2.6989700043360187
9426,troponin,2,2,2.6989700043360187
9427,trough,2,2,2.6989700043360187
9428,trt,2,1,3.0
9429,truly,2,2,2.6989700043360187
9430,tubules,2,2,2.6989700043360187
9431,tubulointerstitial,2,2,2.6989700043360187
9432,tumor-bearing,2,1,3.0
9433,tumorigenic,2,2,2.6989700043360187
9434,tuning,2,2,2.6989700043360187
9435,twelve-month,2,1,3.0
9436,twenty-eight,2,2,2.6989700043360187
9437,twenty-one,2,2,2.6989700043360187
9438,twenty-six,2,2,2.6989700043360187
9439,two-hour,2,2,2.6989700043360187
9440,ulcerative,2,2,2.6989700043360187
9441,ultra-processed,2,2,2.6989700043360187
9442,ultrashort-acting,2,1,3.0
9443,umin,2,1,3.0
9444,unaddressed,2,2,2.6989700043360187
9445,unanswered,2,2,2.6989700043360187
9446,uncharacterized,2,2,2.6989700043360187
9447,unclassified,2,2,2.6989700043360187
9448,uncomfortable,2,1,3.0
9449,unconfirmed,2,2,2.6989700043360187
9450,uncouple,2,2,2.6989700043360187
9451,undefined,2,2,2.6989700043360187
9452,underdiagnosed,2,2,2.6989700043360187
9453,undergo,2,2,2.6989700043360187
9454,undergone,2,2,2.6989700043360187
9455,underlies,2,2,2.6989700043360187
9456,undermine,2,2,2.6989700043360187
9457,underpinning,2,2,2.6989700043360187
9458,underrepresentation,2,1,3.0
9459,underutilized,2,2,2.6989700043360187
9460,unemployed,2,1,3.0
9461,unfold,2,2,2.6989700043360187
9462,unfolded,2,2,2.6989700043360187
9463,uniformity,2,2,2.6989700043360187
9464,uninformative,2,1,3.0
9465,unintended,2,2,2.6989700043360187
9466,univariate,2,2,2.6989700043360187
9467,unlikely,2,2,2.6989700043360187
9468,unnecessary,2,2,2.6989700043360187
9469,unplanned,2,2,2.6989700043360187
9470,unsuccessful,2,2,2.6989700043360187
9471,untargeted,2,2,2.6989700043360187
9472,untested,2,2,2.6989700043360187
9473,unwanted,2,2,2.6989700043360187
9474,upcoming,2,2,2.6989700043360187
9475,upfront,2,1,3.0
9476,upper-airway,2,1,3.0
9477,upr,2,2,2.6989700043360187
9478,urea,2,2,2.6989700043360187
9479,uremia,2,2,2.6989700043360187
9480,urokinase,2,1,3.0
9481,usability,2,2,2.6989700043360187
9482,use-related,2,2,2.6989700043360187
9483,user,2,2,2.6989700043360187
9484,utilised,2,2,2.6989700043360187
9485,uuo,2,1,3.0
9486,v-0219,2,1,3.0
9487,vaccination,2,1,3.0
9488,vagus,2,2,2.6989700043360187
9489,vat,2,1,3.0
9490,vcam-1,2,1,3.0
9491,verify,2,2,2.6989700043360187
9492,vibration-controlled,2,2,2.6989700043360187
9493,victim-drug,2,1,3.0
9494,vignettes,2,2,2.6989700043360187
9495,villus,2,2,2.6989700043360187
9496,vina,2,2,2.6989700043360187
9497,visualized,2,2,2.6989700043360187
9498,vo2,2,1,3.0
9499,voice,2,1,3.0
9500,vpt,2,1,3.0
9501,vr,2,1,3.0
9502,vtdr,2,1,3.0
9503,vulnerabilities,2,2,2.6989700043360187
9504,w,2,1,3.0
9505,wanting,2,1,3.0
9506,warnings,2,1,3.0
9507,water-based,2,1,3.0
9508,ways,2,1,3.0
9509,wear,2,1,3.0
9510,web-based,2,2,2.6989700043360187
9511,week-1,2,1,3.0
9512,weight-based,2,2,2.6989700043360187
9513,weight-bearing,2,2,2.6989700043360187
9514,welch's,2,2,2.6989700043360187
9515,well-controlled,2,2,2.6989700043360187
9516,well-designed,2,2,2.6989700043360187
9517,wes,2,1,3.0
9518,widen,2,2,2.6989700043360187
9519,windows,2,2,2.6989700043360187
9520,withdrawals,2,2,2.6989700043360187
9521,within-class,2,2,2.6989700043360187
9522,within-individual,2,1,3.0
9523,within-participant,2,1,3.0
9524,within-patient,2,1,3.0
9525,within-plan,2,1,3.0
9526,womac,2,2,2.6989700043360187
9527,women's,2,2,2.6989700043360187
9528,worsens,2,2,2.6989700043360187
9529,wsph,2,1,3.0
9530,x-ray,2,2,2.6989700043360187
9531,xanthomas,2,1,3.0
9532,xbp1,2,1,3.0
9533,y-2,2,1,3.0
9534,yields,2,2,2.6989700043360187
9535,z-score,2,2,2.6989700043360187
9536,zeus,2,1,3.0
9537,å,2,1,3.0
9538,α,2,2,2.6989700043360187
9539,β-cell-related,2,2,2.6989700043360187
9540,δcavi,2,1,3.0
9541,δfib-4,2,1,3.0
9542,ζ-potential,2,1,3.0
9543,μmol,2,1,3.0
9544,χ2,2,2,2.6989700043360187
9545,0-11,1,1,3.0
9546,0-120,1,1,3.0
9547,0-180,1,1,3.0
9548,0-2,1,1,3.0
9549,0-30,1,1,3.0
9550,0-4,1,1,3.0
9551,0-45,1,1,3.0
9552,0-60,1,1,3.0
9553,0-90,1,1,3.0
9554,0.00002,1,1,3.0
9555,0.0004,1,1,3.0
9556,0.0005,1,1,3.0
9557,0.0008,1,1,3.0
9558,0.0012,1,1,3.0
9559,0.0015,1,1,3.0
9560,0.0024,1,1,3.0
9561,0.0025,1,1,3.0
9562,0.0027,1,1,3.0
9563,0.0030,1,1,3.0
9564,0.0032,1,1,3.0
9565,0.0039,1,1,3.0
9566,0.0043,1,1,3.0
9567,0.0050,1,1,3.0
9568,0.0055,1,1,3.0
9569,0.0066,1,1,3.0
9570,0.0067,1,1,3.0
9571,0.0078,1,1,3.0
9572,0.0082,1,1,3.0
9573,0.0084,1,1,3.0
9574,0.0085,1,1,3.0
9575,0.0086,1,1,3.0
9576,0.0087,1,1,3.0
9577,0.0095,1,1,3.0
9578,0.0140,1,1,3.0
9579,0.0148,1,1,3.0
9580,0.0178,1,1,3.0
9581,0.0196,1,1,3.0
9582,0.025,1,1,3.0
9583,0.0266,1,1,3.0
9584,0.0275,1,1,3.0
9585,0.029,1,1,3.0
9586,0.0306,1,1,3.0
9587,0.0347,1,1,3.0
9588,0.0356,1,1,3.0
9589,0.036,1,1,3.0
9590,0.0397,1,1,3.0
9591,0.0421,1,1,3.0
9592,0.0436,1,1,3.0
9593,0.0439,1,1,3.0
9594,0.047,1,1,3.0
9595,0.0498,1,1,3.0
9596,0.054,1,1,3.0
9597,0.057,1,1,3.0
9598,0.059,1,1,3.0
9599,0.062,1,1,3.0
9600,0.0622,1,1,3.0
9601,0.064,1,1,3.0
9602,0.065,1,1,3.0
9603,0.067,1,1,3.0
9604,0.071,1,1,3.0
9605,0.072,1,1,3.0
9606,0.073,1,1,3.0
9607,0.076,1,1,3.0
9608,0.084,1,1,3.0
9609,0.087,1,1,3.0
9610,0.089,1,1,3.0
9611,0.094,1,1,3.0
9612,0.100,1,1,3.0
9613,0.102,1,1,3.0
9614,0.1049,1,1,3.0
9615,0.105,1,1,3.0
9616,0.119,1,1,3.0
9617,0.123,1,1,3.0
9618,0.128,1,1,3.0
9619,0.138,1,1,3.0
9620,0.141,1,1,3.0
9621,0.145,1,1,3.0
9622,0.148,1,1,3.0
9623,0.165,1,1,3.0
9624,0.167,1,1,3.0
9625,0.172,1,1,3.0
9626,0.1725,1,1,3.0
9627,0.1753,1,1,3.0
9628,0.202,1,1,3.0
9629,0.212,1,1,3.0
9630,0.216,1,1,3.0
9631,0.219,1,1,3.0
9632,0.234,1,1,3.0
9633,0.235,1,1,3.0
9634,0.236,1,1,3.0
9635,0.238,1,1,3.0
9636,0.247,1,1,3.0
9637,0.255,1,1,3.0
9638,0.266,1,1,3.0
9639,0.277,1,1,3.0
9640,0.281,1,1,3.0
9641,0.288,1,1,3.0
9642,0.289,1,1,3.0
9643,0.290,1,1,3.0
9644,0.295,1,1,3.0
9645,0.296,1,1,3.0
9646,0.297,1,1,3.0
9647,0.301,1,1,3.0
9648,0.302,1,1,3.0
9649,0.303,1,1,3.0
9650,0.304,1,1,3.0
9651,0.306,1,1,3.0
9652,0.309,1,1,3.0
9653,0.317,1,1,3.0
9654,0.320,1,1,3.0
9655,0.323,1,1,3.0
9656,0.327,1,1,3.0
9657,0.334,1,1,3.0
9658,0.339,1,1,3.0
9659,0.350,1,1,3.0
9660,0.357,1,1,3.0
9661,0.359,1,1,3.0
9662,0.363,1,1,3.0
9663,0.364,1,1,3.0
9664,0.367,1,1,3.0
9665,0.371,1,1,3.0
9666,0.379,1,1,3.0
9667,0.381,1,1,3.0
9668,0.382,1,1,3.0
9669,0.383,1,1,3.0
9670,0.391,1,1,3.0
9671,0.395,1,1,3.0
9672,0.403,1,1,3.0
9673,0.404,1,1,3.0
9674,0.405,1,1,3.0
9675,0.406,1,1,3.0
9676,0.408,1,1,3.0
9677,0.409,1,1,3.0
9678,0.413,1,1,3.0
9679,0.414,1,1,3.0
9680,0.417,1,1,3.0
9681,0.418,1,1,3.0
9682,0.426,1,1,3.0
9683,0.428,1,1,3.0
9684,0.429,1,1,3.0
9685,0.430,1,1,3.0
9686,0.433,1,1,3.0
9687,0.434,1,1,3.0
9688,0.435,1,1,3.0
9689,0.438,1,1,3.0
9690,0.439,1,1,3.0
9691,0.463,1,1,3.0
9692,0.465,1,1,3.0
9693,0.467,1,1,3.0
9694,0.469,1,1,3.0
9695,0.489,1,1,3.0
9696,0.498,1,1,3.0
9697,0.500,1,1,3.0
9698,0.502,1,1,3.0
9699,0.506,1,1,3.0
9700,0.507,1,1,3.0
9701,0.509,1,1,3.0
9702,0.511,1,1,3.0
9703,0.522,1,1,3.0
9704,0.5237,1,1,3.0
9705,0.524,1,1,3.0
9706,0.525,1,1,3.0
9707,0.528,1,1,3.0
9708,0.530,1,1,3.0
9709,0.534,1,1,3.0
9710,0.535,1,1,3.0
9711,0.538,1,1,3.0
9712,0.541,1,1,3.0
9713,0.543,1,1,3.0
9714,0.547,1,1,3.0
9715,0.556,1,1,3.0
9716,0.557,1,1,3.0
9717,0.559,1,1,3.0
9718,0.574,1,1,3.0
9719,0.575,1,1,3.0
9720,0.576,1,1,3.0
9721,0.578,1,1,3.0
9722,0.580,1,1,3.0
9723,0.585,1,1,3.0
9724,0.586,1,1,3.0
9725,0.591,1,1,3.0
9726,0.593,1,1,3.0
9727,0.597,1,1,3.0
9728,0.602,1,1,3.0
9729,0.605,1,1,3.0
9730,0.613,1,1,3.0
9731,0.626,1,1,3.0
9732,0.628,1,1,3.0
9733,0.629,1,1,3.0
9734,0.630,1,1,3.0
9735,0.632,1,1,3.0
9736,0.634,1,1,3.0
9737,0.6365,1,1,3.0
9738,0.637,1,1,3.0
9739,0.642,1,1,3.0
9740,0.646,1,1,3.0
9741,0.649,1,1,3.0
9742,0.650,1,1,3.0
9743,0.659,1,1,3.0
9744,0.661,1,1,3.0
9745,0.665,1,1,3.0
9746,0.6659,1,1,3.0
9747,0.672,1,1,3.0
9748,0.674,1,1,3.0
9749,0.675,1,1,3.0
9750,0.688,1,1,3.0
9751,0.690,1,1,3.0
9752,0.691,1,1,3.0
9753,0.694,1,1,3.0
9754,0.696,1,1,3.0
9755,0.697,1,1,3.0
9756,0.703,1,1,3.0
9757,0.707,1,1,3.0
9758,0.709,1,1,3.0
9759,0.712,1,1,3.0
9760,0.714,1,1,3.0
9761,0.715,1,1,3.0
9762,0.716,1,1,3.0
9763,0.718,1,1,3.0
9764,0.721,1,1,3.0
9765,0.723,1,1,3.0
9766,0.729,1,1,3.0
9767,0.731,1,1,3.0
9768,0.733,1,1,3.0
9769,0.736,1,1,3.0
9770,0.737,1,1,3.0
9771,0.740,1,1,3.0
9772,0.747,1,1,3.0
9773,0.749,1,1,3.0
9774,0.755,1,1,3.0
9775,0.765,1,1,3.0
9776,0.766,1,1,3.0
9777,0.7692,1,1,3.0
9778,0.770,1,1,3.0
9779,0.771,1,1,3.0
9780,0.774,1,1,3.0
9781,0.777,1,1,3.0
9782,0.781,1,1,3.0
9783,0.782,1,1,3.0
9784,0.7852,1,1,3.0
9785,0.786,1,1,3.0
9786,0.788,1,1,3.0
9787,0.795,1,1,3.0
9788,0.799,1,1,3.0
9789,0.803,1,1,3.0
9790,0.808,1,1,3.0
9791,0.810,1,1,3.0
9792,0.811,1,1,3.0
9793,0.813,1,1,3.0
9794,0.815,1,1,3.0
9795,0.820,1,1,3.0
9796,0.821,1,1,3.0
9797,0.8217,1,1,3.0
9798,0.822,1,1,3.0
9799,0.824,1,1,3.0
9800,0.829,1,1,3.0
9801,0.832,1,1,3.0
9802,0.835,1,1,3.0
9803,0.836,1,1,3.0
9804,0.838,1,1,3.0
9805,0.843,1,1,3.0
9806,0.845,1,1,3.0
9807,0.853,1,1,3.0
9808,0.855,1,1,3.0
9809,0.8598,1,1,3.0
9810,0.863,1,1,3.0
9811,0.867,1,1,3.0
9812,0.871,1,1,3.0
9813,0.8715,1,1,3.0
9814,0.879,1,1,3.0
9815,0.881,1,1,3.0
9816,0.887,1,1,3.0
9817,0.890,1,1,3.0
9818,0.8929,1,1,3.0
9819,0.893,1,1,3.0
9820,0.901,1,1,3.0
9821,0.902,1,1,3.0
9822,0.907,1,1,3.0
9823,0.908,1,1,3.0
9824,0.911,1,1,3.0
9825,0.912,1,1,3.0
9826,0.915,1,1,3.0
9827,0.916,1,1,3.0
9828,0.922,1,1,3.0
9829,0.924,1,1,3.0
9830,0.928,1,1,3.0
9831,0.9327,1,1,3.0
9832,0.934,1,1,3.0
9833,0.936,1,1,3.0
9834,0.940,1,1,3.0
9835,0.943,1,1,3.0
9836,0.950,1,1,3.0
9837,0.960,1,1,3.0
9838,0.961,1,1,3.0
9839,0.969,1,1,3.0
9840,0.979,1,1,3.0
9841,0.984,1,1,3.0
9842,0.987,1,1,3.0
9843,0.993,1,1,3.0
9844,0.995,1,1,3.0
9845,0.996,1,1,3.0
9846,0.997,1,1,3.0
9847,0.9981,1,1,3.0
9848,00-00,1,1,3.0
9849,00-08,1,1,3.0
9850,00-20,1,1,3.0
9851,000-000,1,1,3.0
9852,0014,1,1,3.0
9853,002,1,1,3.0
9854,0024,1,1,3.0
9855,002500.5,1,1,3.0
9856,0026,1,1,3.0
9857,0037,1,1,3.0
9858,005.8,1,1,3.0
9859,007,1,1,3.0
9860,0079,1,1,3.0
9861,008,1,1,3.0
9862,010,1,1,3.0
9863,011,1,1,3.0
9864,0118,1,1,3.0
9865,014,1,1,3.0
9866,015,1,1,3.0
9867,017,1,1,3.0
9868,021,1,1,3.0
9869,023,1,1,3.0
9870,027,1,1,3.0
9871,029,1,1,3.0
9872,034,1,1,3.0
9873,035,1,1,3.0
9874,037,1,1,3.0
9875,039,1,1,3.0
9876,041,1,1,3.0
9877,042,1,1,3.0
9878,047,1,1,3.0
9879,0474,1,1,3.0
9880,059,1,1,3.0
9881,06,1,1,3.0
9882,062,1,1,3.0
9883,064,1,1,3.0
9884,066,1,1,3.0
9885,074,1,1,3.0
9886,082,1,1,3.0
9887,085,1,1,3.0
9888,085487,1,1,3.0
9889,086,1,1,3.0
9890,094.3,1,1,3.0
9891,095,1,1,3.0
9892,096,1,1,3.0
9893,097,1,1,3.0
9894,1-10,1,1,3.0
9895,1-37,1,1,3.0
9896,1-4,1,1,3.0
9897,1-42,1,1,3.0
9898,1-5,1,1,3.0
9899,1-6,1,1,3.0
9900,1-7,1,1,3.0
9901,1-9,1,1,3.0
9902,1-based,1,1,3.0
9903,1-carbon,1,1,3.0
9904,1-month,1,1,3.0
9905,1-palmitoyl-2-oleoyl-sn-glycero-3-phosphocholine,1,1,3.0
9906,1-time,1,1,3.0
9907,1-unit,1,1,3.0
9908,1-week,1,1,3.0
9909,1-wk,1,1,3.0
9910,1.000,1,1,3.0
9911,1.002,1,1,3.0
9912,1.010,1,1,3.0
9913,1.012,1,1,3.0
9914,1.014,1,1,3.0
9915,1.019,1,1,3.0
9916,1.025,1,1,3.0
9917,1.029,1,1,3.0
9918,1.033,1,1,3.0
9919,1.039,1,1,3.0
9920,1.045,1,1,3.0
9921,1.046,1,1,3.0
9922,1.054,1,1,3.0
9923,1.061,1,1,3.0
9924,1.069,1,1,3.0
9925,1.073,1,1,3.0
9926,1.080,1,1,3.0
9927,1.095,1,1,3.0
9928,1.1.2,1,1,3.0
9929,1.104,1,1,3.0
9930,1.109,1,1,3.0
9931,1.111,1,1,3.0
9932,1.115,1,1,3.0
9933,1.122,1,1,3.0
9934,1.129,1,1,3.0
9935,1.176,1,1,3.0
9936,1.177,1,1,3.0
9937,1.186,1,1,3.0
9938,1.204,1,1,3.0
9939,1.214,1,1,3.0
9940,1.215,1,1,3.0
9941,1.241,1,1,3.0
9942,1.251,1,1,3.0
9943,1.276,1,1,3.0
9944,1.286,1,1,3.0
9945,1.291,1,1,3.0
9946,1.297,1,1,3.0
9947,1.304,1,1,3.0
9948,1.305,1,1,3.0
9949,1.329,1,1,3.0
9950,1.332,1,1,3.0
9951,1.349,1,1,3.0
9952,1.367,1,1,3.0
9953,1.393,1,1,3.0
9954,1.421,1,1,3.0
9955,1.434,1,1,3.0
9956,1.450,1,1,3.0
9957,1.462,1,1,3.0
9958,1.491,1,1,3.0
9959,1.538,1,1,3.0
9960,1.556,1,1,3.0
9961,1.562,1,1,3.0
9962,1.612,1,1,3.0
9963,1.632,1,1,3.0
9964,1.646,1,1,3.0
9965,1.662,1,1,3.0
9966,1.70,1,1,3.0
9967,1.710,1,1,3.0
9968,1.72,1,1,3.0
9969,1.726,1,1,3.0
9970,1.801,1,1,3.0
9971,1.816,1,1,3.0
9972,1.86,1,1,3.0
9973,1.928,1,1,3.0
9974,1.93,1,1,3.0
9975,1.933,1,1,3.0
9976,1.993,1,1,3.0
9977,10-13,1,1,3.0
9978,10-14,1,1,3.0
9979,10-16,1,1,3.0
9980,10-17,1,1,3.0
9981,10-19,1,1,3.0
9982,10-30,1,1,3.0
9983,10-4,1,1,3.0
9984,10-40,1,1,3.0
9985,10-56,1,1,3.0
9986,10-fold,1,1,3.0
9987,10-week,1,1,3.0
9988,10.01,1,1,3.0
9989,10.05,1,1,3.0
9990,10.06,1,1,3.0
9991,10.10,1,1,3.0
9992,10.1093,1,1,3.0
9993,10.18,1,1,3.0
9994,10.2,1,1,3.0
9995,10.3,1,1,3.0
9996,10.30,1,1,3.0
9997,10.41,1,1,3.0
9998,10.61,1,1,3.0
9999,10.66,1,1,3.0
10000,10.722,1,1,3.0
10001,10.80,1,1,3.0
10002,10.82,1,1,3.0
10003,10.84,1,1,3.0
10004,10.88,1,1,3.0
10005,10.89,1,1,3.0
10006,100-125,1,1,3.0
10007,100-139,1,1,3.0
10008,100.0,1,1,3.0
10009,100.6,1,1,3.0
10010,10000,1,1,3.0
10011,1001,1,1,3.0
10012,1007,1,1,3.0
10013,1009,1,1,3.0
10014,100ug,1,1,3.0
10015,1010,1,1,3.0
10016,1014,1,1,3.0
10017,1019,1,1,3.0
10018,102.6,1,1,3.0
10019,1028,1,1,3.0
10020,103,1,1,3.0
10021,103.53,1,1,3.0
10022,103.58,1,1,3.0
10023,103.76,1,1,3.0
10024,1033,1,1,3.0
10025,1034,1,1,3.0
10026,104.09,1,1,3.0
10027,104.15,1,1,3.0
10028,105.90,1,1,3.0
10029,1056,1,1,3.0
10030,106.01,1,1,3.0
10031,106.87,1,1,3.0
10032,1068,1,1,3.0
10033,107.552,1,1,3.0
10034,108.8,1,1,3.0
10035,1087,1,1,3.0
10036,10th,1,1,3.0
10037,10⁹,1,1,3.0
10038,11-13,1,1,3.0
10039,11-14,1,1,3.0
10040,11-year-old,1,1,3.0
10041,11.05,1,1,3.0
10042,11.06,1,1,3.0
10043,11.14,1,1,3.0
10044,11.24,1,1,3.0
10045,11.31,1,1,3.0
10046,11.39,1,1,3.0
10047,11.53,1,1,3.0
10048,11.63,1,1,3.0
10049,11.69,1,1,3.0
10050,11.72,1,1,3.0
10051,11.74,1,1,3.0
10052,11.82,1,1,3.0
10053,11.89,1,1,3.0
10054,111.03,1,1,3.0
10055,111.3,1,1,3.0
10056,112.15,1,1,3.0
10057,112.37,1,1,3.0
10058,112.47,1,1,3.0
10059,1125,1,1,3.0
10060,1129,1,1,3.0
10061,113.7,1,1,3.0
10062,1134,1,1,3.0
10063,1139,1,1,3.0
10064,1143,1,1,3.0
10065,1148,1,1,3.0
10066,115.14,1,1,3.0
10067,1164,1,1,3.0
10068,117,1,1,3.0
10069,117.18,1,1,3.0
10070,118.4,1,1,3.0
10071,1183,1,1,3.0
10072,119.7,1,1,3.0
10073,11cp-17b,1,1,3.0
10074,11cp-17n,1,1,3.0
10075,11cp-19n,1,1,3.0
10076,12-14,1,1,3.0
10077,12-17,1,1,3.0
10078,12-19,1,1,3.0
10079,12-20,1,1,3.0
10080,12-21,1,1,3.0
10081,12-24,1,1,3.0
10082,12-42,1,1,3.0
10083,12-diene-14,1,1,3.0
10084,12-wk,1,1,3.0
10085,12.01,1,1,3.0
10086,12.30,1,1,3.0
10087,12.33,1,1,3.0
10088,12.68,1,1,3.0
10089,12.7,1,1,3.0
10090,12.71,1,1,3.0
10091,120-160,1,1,3.0
10092,120-minutes,1,1,3.0
10093,1203,1,1,3.0
10094,121.9,1,1,3.0
10095,1220,1,1,3.0
10096,1226,1,1,3.0
10097,1229,1,1,3.0
10098,123.9,1,1,3.0
10099,1230,1,1,3.0
10100,124,1,1,3.0
10101,124.92,1,1,3.0
10102,125.00,1,1,3.0
10103,126,1,1,3.0
10104,126.08,1,1,3.0
10105,1261,1,1,3.0
10106,1262,1,1,3.0
10107,1265,1,1,3.0
10108,127,1,1,3.0
10109,128,1,1,3.0
10110,128.3,1,1,3.0
10111,129.17,1,1,3.0
10112,12c,1,1,3.0
10113,12z,1,1,3.0
10114,13-17,1,1,3.0
10115,13-20,1,1,3.0
10116,13-21,1,1,3.0
10117,13-24,1,1,3.0
10118,13.10,1,1,3.0
10119,13.22,1,1,3.0
10120,13.42,1,1,3.0
10121,13.46,1,1,3.0
10122,13.48,1,1,3.0
10123,13.5,1,1,3.0
10124,13.51,1,1,3.0
10125,13.55,1,1,3.0
10126,13.56,1,1,3.0
10127,13.69,1,1,3.0
10128,13.7,1,1,3.0
10129,13.97,1,1,3.0
10130,131,1,1,3.0
10131,1320,1,1,3.0
10132,1327,1,1,3.0
10133,1332,1,1,3.0
10134,134.4,1,1,3.0
10135,1345,1,1,3.0
10136,135.52,1,1,3.0
10137,1363,1,1,3.0
10138,1368,1,1,3.0
10139,1373,1,1,3.0
10140,13c,1,1,3.0
10141,13c-labeled,1,1,3.0
10142,13c-mannitol,1,1,3.0
10143,14-20,1,1,3.0
10144,14-week,1,1,3.0
10145,14.11,1,1,3.0
10146,14.12,1,1,3.0
10147,14.22,1,1,3.0
10148,14.38,1,1,3.0
10149,14.41,1,1,3.0
10150,14.7,1,1,3.0
10151,14.84,1,1,3.0
10152,14.85,1,1,3.0
10153,14.91,1,1,3.0
10154,1402,1,1,3.0
10155,1407,1,1,3.0
10156,1416,1,1,3.0
10157,1419,1,1,3.0
10158,142.95,1,1,3.0
10159,1422,1,1,3.0
10160,143.1,1,1,3.0
10161,1434,1,1,3.0
10162,144.4,1,1,3.0
10163,1441,1,1,3.0
10164,1444,1,1,3.0
10165,14542,1,1,3.0
10166,146,1,1,3.0
10167,14r,1,1,3.0
10168,15-21,1,1,3.0
10169,15-25,1,1,3.0
10170,15-37,1,1,3.0
10171,15.22,1,1,3.0
10172,15.32,1,1,3.0
10173,15.56,1,1,3.0
10174,15.59,1,1,3.0
10175,15.9,1,1,3.0
10176,15.97,1,1,3.0
10177,1500,1,1,3.0
10178,152.54,1,1,3.0
10179,153,1,1,3.0
10180,1547,1,1,3.0
10181,155383's,1,1,3.0
10182,156,1,1,3.0
10183,1567,1,1,3.0
10184,15843,1,1,3.0
10185,15902,1,1,3.0
10186,16-23,1,1,3.0
10187,16-week,1,1,3.0
10188,16-year-old,1,1,3.0
10189,16.07,1,1,3.0
10190,16.10,1,1,3.0
10191,16.88,1,1,3.0
10192,16.91,1,1,3.0
10193,1613,1,1,3.0
10194,163,1,1,3.0
10195,164,1,1,3.0
10196,16460,1,1,3.0
10197,1658,1,1,3.0
10198,17-39,1,1,3.0
10199,17-cell,1,1,3.0
10200,17-years,1,1,3.0
10201,17.1,1,1,3.0
10202,17.18,1,1,3.0
10203,17.21,1,1,3.0
10204,17.32,1,1,3.0
10205,17.4,1,1,3.0
10206,17.8,1,1,3.0
10207,17.90,1,1,3.0
10208,17.98,1,1,3.0
10209,1705,1,1,3.0
10210,171,1,1,3.0
10211,174,1,1,3.0
10212,176,1,1,3.0
10213,1762,1,1,3.0
10214,1775,1,1,3.0
10215,1797,1,1,3.0
10216,18-21years,1,1,3.0
10217,18-57,1,1,3.0
10218,18-70,1,1,3.0
10219,18-75,1,1,3.0
10220,18-79,1,1,3.0
10221,18-80,1,1,3.0
10222,18-89,1,1,3.0
10223,18.00,1,1,3.0
10224,18.04,1,1,3.0
10225,18.1,1,1,3.0
10226,18.16,1,1,3.0
10227,18.33,1,1,3.0
10228,18.4,1,1,3.0
10229,18.60,1,1,3.0
10230,18.72,1,1,3.0
10231,180-day,1,1,3.0
10232,1816,1,1,3.0
10233,1819,1,1,3.0
10234,182,1,1,3.0
10235,1822,1,1,3.0
10236,1844,1,1,3.0
10237,185.0,1,1,3.0
10238,1850,1,1,3.0
10239,186,1,1,3.0
10240,187,1,1,3.0
10241,1876,1,1,3.0
10242,188,1,1,3.0
10243,188.9,1,1,3.0
10244,1883,1,1,3.0
10245,189,1,1,3.0
10246,19-21,1,1,3.0
10247,19-64,1,1,3.0
10248,19.1,1,1,3.0
10249,19.2,1,1,3.0
10250,19.28,1,1,3.0
10251,19.32,1,1,3.0
10252,19.92,1,1,3.0
10253,192,1,1,3.0
10254,1960s,1,1,3.0
10255,1969,1,1,3.0
10256,1971,1,1,3.0
10257,1971-2024,1,1,3.0
10258,1991,1,1,3.0
10259,1995,1,1,3.0
10260,1995-2024,1,1,3.0
10261,1998-2021,1,1,3.0
10262,1999-2024,1,1,3.0
10263,1b3,1,1,3.0
10264,1d,1,1,3.0
10265,1st,1,1,3.0
10266,2-115,1,1,3.0
10267,2-12,1,1,3.0
10268,2-14,1,1,3.0
10269,2-3,1,1,3.0
10270,2-8,1,1,3.0
10271,2-h,1,1,3.0
10272,2-ha-treated,1,1,3.0
10273,2-hour,1,1,3.0
10274,2-hydroxybenzyl,1,1,3.0
10275,2-low,1,1,3.0
10276,2-week,1,1,3.0
10277,2.00,1,1,3.0
10278,2.039,1,1,3.0
10279,2.04,1,1,3.0
10280,2.07,1,1,3.0
10281,2.08,1,1,3.0
10282,2.10,1,1,3.0
10283,2.118,1,1,3.0
10284,2.145,1,1,3.0
10285,2.147,1,1,3.0
10286,2.181,1,1,3.0
10287,2.195,1,1,3.0
10288,2.27,1,1,3.0
10289,2.28,1,1,3.0
10290,2.29,1,1,3.0
10291,2.30,1,1,3.0
10292,2.307,1,1,3.0
10293,2.35,1,1,3.0
10294,2.368,1,1,3.0
10295,2.40,1,1,3.0
10296,2.41,1,1,3.0
10297,2.42,1,1,3.0
10298,2.47,1,1,3.0
10299,2.49,1,1,3.0
10300,2.54,1,1,3.0
10301,2.55,1,1,3.0
10302,2.568,1,1,3.0
10303,2.61,1,1,3.0
10304,2.617,1,1,3.0
10305,2.63,1,1,3.0
10306,2.65,1,1,3.0
10307,2.66,1,1,3.0
10308,2.69,1,1,3.0
10309,2.71,1,1,3.0
10310,2.73,1,1,3.0
10311,2.74,1,1,3.0
10312,2.80,1,1,3.0
10313,2.827,1,1,3.0
10314,2.83,1,1,3.0
10315,2.84,1,1,3.0
10316,2.85,1,1,3.0
10317,2.87,1,1,3.0
10318,2.91,1,1,3.0
10319,2.93,1,1,3.0
10320,2.94,1,1,3.0
10321,2.95,1,1,3.0
10322,2.96,1,1,3.0
10323,20-40,1,1,3.0
10324,20-41,1,1,3.0
10325,20-60,1,1,3.0
10326,20-60ml,1,1,3.0
10327,20-minute,1,1,3.0
10328,20-month-old,1,1,3.0
10329,20-pound,1,1,3.0
10330,20.05,1,1,3.0
10331,20.39,1,1,3.0
10332,20.8,1,1,3.0
10333,2001,1,1,3.0
10334,2002-2012,1,1,3.0
10335,2003-2023,1,1,3.0
10336,2005,1,1,3.0
10337,2005-2020,1,1,3.0
10338,2005-2024,1,1,3.0
10339,2005-2026,1,1,3.0
10340,2005q2,1,1,3.0
10341,2006-2021,1,1,3.0
10342,2006-2025,1,1,3.0
10343,2007-2019,1,1,3.0
10344,2007-2023,1,1,3.0
10345,2009-2019,1,1,3.0
10346,201,1,1,3.0
10347,201.7,1,1,3.0
10348,2010-2024,1,1,3.0
10349,2010-2025,1,1,3.0
10350,2011-2014,1,1,3.0
10351,2011-2018,1,1,3.0
10352,2011-2021,1,1,3.0
10353,2013-2020,1,1,3.0
10354,2013-2021,1,1,3.0
10355,2014-2020,1,1,3.0
10356,2014-2024,1,1,3.0
10357,2014-2025,1,1,3.0
10358,2014-july,1,1,3.0
10359,2015-2025,1,1,3.0
10360,2016-2020,1,1,3.0
10361,2016-2024,1,1,3.0
10362,2016-2025,1,1,3.0
10363,2017-2019,1,1,3.0
10364,2017-2022,1,1,3.0
10365,2017-2025,1,1,3.0
10366,2017-december,1,1,3.0
10367,2018-11,1,1,3.0
10368,2018-2022,1,1,3.0
10369,2018-2025,1,1,3.0
10370,2018q1-2025q4,1,1,3.0
10371,2019-000781-38,1,1,3.0
10372,2019-002390-60,1,1,3.0
10373,2020-002479-37,1,1,3.0
10374,2020-2025,1,1,3.0
10375,2021-12,1,1,3.0
10376,2021-2023,1,1,3.0
10377,2021-2025,1,1,3.0
10378,2021q1,1,1,3.0
10379,2022-2023,1,1,3.0
10380,2022-june,1,1,3.0
10381,2022-q4,1,1,3.0
10382,2024-2026,1,1,3.0
10383,2024-2029,1,1,3.0
10384,2024-august,1,1,3.0
10385,2024-december,1,1,3.0
10386,2024-february,1,1,3.0
10387,2024-january,1,1,3.0
10388,2024-october,1,1,3.0
10389,2024q2,1,1,3.0
10390,2025-2026,1,1,3.0
10391,2025-2029,1,1,3.0
10392,2026q1,1,1,3.0
10393,203,1,1,3.0
10394,2031,1,1,3.0
10395,204,1,1,3.0
10396,205,1,1,3.0
10397,2050,1,1,3.0
10398,207,1,1,3.0
10399,20s,1,1,3.0
10400,21.1,1,1,3.0
10401,21.2,1,1,3.0
10402,21.4,1,1,3.0
10403,21.56,1,1,3.0
10404,21.59,1,1,3.0
10405,21.6,1,1,3.0
10406,21.67,1,1,3.0
10407,21.69,1,1,3.0
10408,21.82,1,1,3.0
10409,21.88,1,1,3.0
10410,2102.0,1,1,3.0
10411,217,1,1,3.0
10412,2182,1,1,3.0
10413,22-member,1,1,3.0
10414,22.10,1,1,3.0
10415,22.2,1,1,3.0
10416,22.3,1,1,3.0
10417,22.4,1,1,3.0
10418,22.54,1,1,3.0
10419,22.70,1,1,3.0
10420,222,1,1,3.0
10421,2225,1,1,3.0
10422,224,1,1,3.0
10423,225,1,1,3.0
10424,22551,1,1,3.0
10425,2267,1,1,3.0
10426,2270,1,1,3.0
10427,2286,1,1,3.0
10428,2292,1,1,3.0
10429,23.0,1,1,3.0
10430,23.1,1,1,3.0
10431,23.3,1,1,3.0
10432,23.42,1,1,3.0
10433,23.5,1,1,3.0
10434,23.65,1,1,3.0
10435,23.89,1,1,3.0
10436,2329,1,1,3.0
10437,234,1,1,3.0
10438,2345,1,1,3.0
10439,235,1,1,3.0
10440,2357,1,1,3.0
10441,236,1,1,3.0
10442,2384,1,1,3.0
10443,239,1,1,3.0
10444,24-35,1,1,3.0
10445,24-36-month,1,1,3.0
10446,24-h,1,1,3.0
10447,24-month,1,1,3.0
10448,24.1,1,1,3.0
10449,24.2,1,1,3.0
10450,24.33,1,1,3.0
10451,24.34,1,1,3.0
10452,24.4,1,1,3.0
10453,24.5,1,1,3.0
10454,24.63,1,1,3.0
10455,24.7,1,1,3.0
10456,244,1,1,3.0
10457,2470,1,1,3.0
10458,248,1,1,3.0
10459,25-29,1,1,3.0
10460,25-44,1,1,3.0
10461,25-50,1,1,3.0
10462,25-65,1,1,3.0
10463,25-year,1,1,3.0
10464,25.0,1,1,3.0
10465,25.06,1,1,3.0
10466,25.3,1,1,3.0
10467,25.5,1,1,3.0
10468,25.60,1,1,3.0
10469,25.7,1,1,3.0
10470,25.76,1,1,3.0
10471,25.78,1,1,3.0
10472,25.87,1,1,3.0
10473,25.9,1,1,3.0
10474,2508,1,1,3.0
10475,252,1,1,3.0
10476,253,1,1,3.0
10477,254.47,1,1,3.0
10478,258,1,1,3.0
10479,26-35,1,1,3.0
10480,26-82,1,1,3.0
10481,26-91,1,1,3.0
10482,26.14,1,1,3.0
10483,26.4,1,1,3.0
10484,26.50,1,1,3.0
10485,26.7,1,1,3.0
10486,26.78,1,1,3.0
10487,26.81,1,1,3.0
10488,26.83,1,1,3.0
10489,2685,1,1,3.0
10490,27-57,1,1,3.0
10491,27-week,1,1,3.0
10492,27.2,1,1,3.0
10493,27.4,1,1,3.0
10494,27.47,1,1,3.0
10495,27.5,1,1,3.0
10496,27.6,1,1,3.0
10497,27.79,1,1,3.0
10498,27.84,1,1,3.0
10499,2719,1,1,3.0
10500,277,1,1,3.0
10501,2776,1,1,3.0
10502,2778,1,1,3.0
10503,2784,1,1,3.0
10504,2792,1,1,3.0
10505,28-38,1,1,3.0
10506,28-day,1,1,3.0
10507,28-week,1,1,3.0
10508,28.4,1,1,3.0
10509,28.8,1,1,3.0
10510,28.9,1,1,3.0
10511,28.94,1,1,3.0
10512,281,1,1,3.0
10513,28180.67,1,1,3.0
10514,285,1,1,3.0
10515,2852,1,1,3.0
10516,2859,1,1,3.0
10517,287,1,1,3.0
10518,287.3,1,1,3.0
10519,288,1,1,3.0
10520,28804,1,1,3.0
10521,288408,1,1,3.0
10522,2898,1,1,3.0
10523,29.2,1,1,3.0
10524,29.4,1,1,3.0
10525,29.59,1,1,3.0
10526,29.7,1,1,3.0
10527,290,1,1,3.0
10528,2906,1,1,3.0
10529,293,1,1,3.0
10530,296,1,1,3.0
10531,2990,1,1,3.0
10532,2d,1,1,3.0
10533,3-21,1,1,3.0
10534,3-36,1,1,3.0
10535,3-52,1,1,3.0
10536,3-8,1,1,3.0
10537,3-day,1,1,3.0
10538,3-hydroxy-1,1,1,3.0
10539,3-induced,1,1,3.0
10540,3-level,1,1,3.0
10541,3-ma,1,1,3.0
10542,3-methyladenine,1,1,3.0
10543,3-of-4,1,1,3.0
10544,3.02,1,1,3.0
10545,3.064,1,1,3.0
10546,3.10,1,1,3.0
10547,3.12,1,1,3.0
10548,3.145,1,1,3.0
10549,3.152,1,1,3.0
10550,3.17,1,1,3.0
10551,3.208,1,1,3.0
10552,3.24,1,1,3.0
10553,3.25,1,1,3.0
10554,3.27,1,1,3.0
10555,3.35,1,1,3.0
10556,3.353,1,1,3.0
10557,3.36,1,1,3.0
10558,3.37,1,1,3.0
10559,3.371,1,1,3.0
10560,3.42,1,1,3.0
10561,3.46,1,1,3.0
10562,3.489,1,1,3.0
10563,3.49,1,1,3.0
10564,3.50,1,1,3.0
10565,3.51,1,1,3.0
10566,3.539,1,1,3.0
10567,3.56,1,1,3.0
10568,3.577,1,1,3.0
10569,3.60,1,1,3.0
10570,3.638,1,1,3.0
10571,3.64,1,1,3.0
10572,3.66,1,1,3.0
10573,3.67,1,1,3.0
10574,3.672,1,1,3.0
10575,3.68,1,1,3.0
10576,3.70,1,1,3.0
10577,3.73,1,1,3.0
10578,3.76,1,1,3.0
10579,3.77,1,1,3.0
10580,3.79,1,1,3.0
10581,3.810,1,1,3.0
10582,3.87,1,1,3.0
10583,3.88,1,1,3.0
10584,3.90,1,1,3.0
10585,3.91,1,1,3.0
10586,3.93,1,1,3.0
10587,3.95,1,1,3.0
10588,30-34,1,1,3.0
10589,30-39,1,1,3.0
10590,30-40,1,1,3.0
10591,30-50,1,1,3.0
10592,30-55,1,1,3.0
10593,30-60,1,1,3.0
10594,30-item,1,1,3.0
10595,30-minute,1,1,3.0
10596,30-question,1,1,3.0
10597,30-week,1,1,3.0
10598,30-year,1,1,3.0
10599,30.55,1,1,3.0
10600,30.7,1,1,3.0
10601,30.9,1,1,3.0
10602,302,1,1,3.0
10603,303,1,1,3.0
10604,304,1,1,3.0
10605,305,1,1,3.0
10606,3059,1,1,3.0
10607,307,1,1,3.0
10608,31-365,1,1,3.0
10609,31-item,1,1,3.0
10610,31-year-old,1,1,3.0
10611,31.0,1,1,3.0
10612,31.2,1,1,3.0
10613,31.4,1,1,3.0
10614,31.5,1,1,3.0
10615,31.7,1,1,3.0
10616,31.8,1,1,3.0
10617,310-fold,1,1,3.0
10618,311,1,1,3.0
10619,3115,1,1,3.0
10620,3125,1,1,3.0
10621,318,1,1,3.0
10622,3196,1,1,3.0
10623,32-62,1,1,3.0
10624,32-week,1,1,3.0
10625,32.0,1,1,3.0
10626,32.1,1,1,3.0
10627,32.2,1,1,3.0
10628,32.22,1,1,3.0
10629,32.41,1,1,3.0
10630,32.7,1,1,3.0
10631,3215,1,1,3.0
10632,323,1,1,3.0
10633,326,1,1,3.0
10634,327,1,1,3.0
10635,3284,1,1,3.0
10636,329,1,1,3.0
10637,33-42,1,1,3.0
10638,33.0,1,1,3.0
10639,33.27,1,1,3.0
10640,33.30,1,1,3.0
10641,33.32,1,1,3.0
10642,33.4,1,1,3.0
10643,33.6,1,1,3.0
10644,33.8,1,1,3.0
10645,33.9,1,1,3.0
10646,330,1,1,3.0
10647,3310,1,1,3.0
10648,3313,1,1,3.0
10649,3316,1,1,3.0
10650,332,1,1,3.0
10651,333,1,1,3.0
10652,3333,1,1,3.0
10653,334,1,1,3.0
10654,335,1,1,3.0
10655,336,1,1,3.0
10656,3363,1,1,3.0
10657,337,1,1,3.0
10658,338,1,1,3.0
10659,339,1,1,3.0
10660,34.1,1,1,3.0
10661,34.12,1,1,3.0
10662,34.4,1,1,3.0
10663,34.7,1,1,3.0
10664,34.94,1,1,3.0
10665,343,1,1,3.0
10666,3438,1,1,3.0
10667,344,1,1,3.0
10668,3459,1,1,3.0
10669,346,1,1,3.0
10670,3460,1,1,3.0
10671,347,1,1,3.0
10672,3492,1,1,3.0
10673,35-50,1,1,3.0
10674,35.0,1,1,3.0
10675,35.05,1,1,3.0
10676,35.27,1,1,3.0
10677,35.3,1,1,3.0
10678,35.6,1,1,3.0
10679,35.8,1,1,3.0
10680,350,1,1,3.0
10681,352,1,1,3.0
10682,353,1,1,3.0
10683,354,1,1,3.0
10684,36-week,1,1,3.0
10685,36.2,1,1,3.0
10686,36.42,1,1,3.0
10687,361,1,1,3.0
10688,362,1,1,3.0
10689,3629,1,1,3.0
10690,365-day,1,1,3.0
10691,366-730,1,1,3.0
10692,368,1,1,3.0
10693,3689,1,1,3.0
10694,369,1,1,3.0
10695,37.0,1,1,3.0
10696,37.2,1,1,3.0
10697,37.3,1,1,3.0
10698,37.4,1,1,3.0
10699,37.6,1,1,3.0
10700,37.7,1,1,3.0
10701,37.8,1,1,3.0
10702,37.9,1,1,3.0
10703,3747,1,1,3.0
10704,378,1,1,3.0
10705,379,1,1,3.0
10706,3791,1,1,3.0
10707,38.14,1,1,3.0
10708,38.6,1,1,3.0
10709,38.8,1,1,3.0
10710,38.9,1,1,3.0
10711,382,1,1,3.0
10712,3823,1,1,3.0
10713,383,1,1,3.0
10714,383.1,1,1,3.0
10715,3835,1,1,3.0
10716,384,1,1,3.0
10717,38406,1,1,3.0
10718,387,1,1,3.0
10719,389,1,1,3.0
10720,39-49,1,1,3.0
10721,39-year-old,1,1,3.0
10722,39.0,1,1,3.0
10723,39.2,1,1,3.0
10724,39.3,1,1,3.0
10725,39.38,1,1,3.0
10726,39.46,1,1,3.0
10727,39.85,1,1,3.0
10728,3928,1,1,3.0
10729,394,1,1,3.0
10730,396,1,1,3.0
10731,397,1,1,3.0
10732,3971,1,1,3.0
10733,3980.76,1,1,3.0
10734,399,1,1,3.0
10735,3b-ii,1,1,3.0
10736,3c5t,1,1,3.0
10737,3d-transit,1,1,3.0
10738,3s,1,1,3.0
10739,3β,1,1,3.0
10740,4-235,1,1,3.0
10741,4-5,1,1,3.0
10742,4-89,1,1,3.0
10743,4-cmtb,1,1,3.0
10744,4-cyano,1,1,3.0
10745,4-fold,1,1,3.0
10746,4-hydroxyphenyl,1,1,3.0
10747,4-like,1,1,3.0
10748,4-mediated,1,1,3.0
10749,4-methylsulfonyl,1,1,3.0
10750,4-months,1,1,3.0
10751,4-part,1,1,3.0
10752,4-substitutedphenyl,1,1,3.0
10753,4-trifluoromethyl,1,1,3.0
10754,4-week,1,1,3.0
10755,4.00,1,1,3.0
10756,4.11,1,1,3.0
10757,4.12,1,1,3.0
10758,4.13,1,1,3.0
10759,4.144,1,1,3.0
10760,4.174,1,1,3.0
10761,4.21,1,1,3.0
10762,4.24,1,1,3.0
10763,4.25,1,1,3.0
10764,4.27,1,1,3.0
10765,4.29,1,1,3.0
10766,4.30,1,1,3.0
10767,4.31,1,1,3.0
10768,4.33,1,1,3.0
10769,4.36,1,1,3.0
10770,4.37,1,1,3.0
10771,4.4.1,1,1,3.0
10772,4.40,1,1,3.0
10773,4.48,1,1,3.0
10774,4.5.0,1,1,3.0
10775,4.51,1,1,3.0
10776,4.519,1,1,3.0
10777,4.57,1,1,3.0
10778,4.6.0,1,1,3.0
10779,4.618,1,1,3.0
10780,4.62,1,1,3.0
10781,4.63,1,1,3.0
10782,4.64,1,1,3.0
10783,4.65,1,1,3.0
10784,4.70,1,1,3.0
10785,4.71,1,1,3.0
10786,4.73,1,1,3.0
10787,4.74,1,1,3.0
10788,4.79,1,1,3.0
10789,4.83,1,1,3.0
10790,4.94,1,1,3.0
10791,4.99,1,1,3.0
10792,40-69,1,1,3.0
10793,40-mediated,1,1,3.0
10794,40-year,1,1,3.0
10795,40-year-old,1,1,3.0
10796,40.0,1,1,3.0
10797,40.4,1,1,3.0
10798,40.5,1,1,3.0
10799,40.7,1,1,3.0
10800,40.8,1,1,3.0
10801,40.9,1,1,3.0
10802,40.90,1,1,3.0
10803,40.95,1,1,3.0
10804,402,1,1,3.0
10805,403,1,1,3.0
10806,40349,1,1,3.0
10807,4043,1,1,3.0
10808,405,1,1,3.0
10809,4066,1,1,3.0
10810,4076,1,1,3.0
10811,41-year-old,1,1,3.0
10812,41.23,1,1,3.0
10813,41.3,1,1,3.0
10814,41.5,1,1,3.0
10815,41.7,1,1,3.0
10816,41.9,1,1,3.0
10817,410,1,1,3.0
10818,4113,1,1,3.0
10819,4120,1,1,3.0
10820,413,1,1,3.0
10821,4153,1,1,3.0
10822,416,1,1,3.0
10823,417,1,1,3.0
10824,4170,1,1,3.0
10825,4181,1,1,3.0
10826,42-47,1,1,3.0
10827,42.1,1,1,3.0
10828,42.4,1,1,3.0
10829,42.5,1,1,3.0
10830,420,1,1,3.0
10831,420m,1,1,3.0
10832,42423,1,1,3.0
10833,429,1,1,3.0
10834,43-93,1,1,3.0
10835,43-glp-1,1,1,3.0
10836,43.1,1,1,3.0
10837,43.26,1,1,3.0
10838,43.3,1,1,3.0
10839,43.8,1,1,3.0
10840,43.9,1,1,3.0
10841,4300,1,1,3.0
10842,434,1,1,3.0
10843,435,1,1,3.0
10844,4361,1,1,3.0
10845,4365,1,1,3.0
10846,438,1,1,3.0
10847,439,1,1,3.0
10848,44-year-old,1,1,3.0
10849,443,1,1,3.0
10850,445,1,1,3.0
10851,4450,1,1,3.0
10852,448,1,1,3.0
10853,4491,1,1,3.0
10854,45-55,1,1,3.0
10855,45-62,1,1,3.0
10856,45-day,1,1,3.0
10857,45-t3165,1,1,3.0
10858,45-year-old,1,1,3.0
10859,45.08,1,1,3.0
10860,45.1,1,1,3.0
10861,45.5,1,1,3.0
10862,45.7,1,1,3.0
10863,45.86,1,1,3.0
10864,45.9,1,1,3.0
10865,451,1,1,3.0
10866,455,1,1,3.0
10867,4555,1,1,3.0
10868,4557,1,1,3.0
10869,458.8,1,1,3.0
10870,46-101,1,1,3.0
10871,46.0,1,1,3.0
10872,46.1,1,1,3.0
10873,46.4,1,1,3.0
10874,46.7,1,1,3.0
10875,4620,1,1,3.0
10876,464,1,1,3.0
10877,465.40,1,1,3.0
10878,468,1,1,3.0
10879,46h-bond-mediated,1,1,3.0
10880,47-58,1,1,3.0
10881,47.2,1,1,3.0
10882,47.3,1,1,3.0
10883,47.7,1,1,3.0
10884,47.9,1,1,3.0
10885,470,1,1,3.0
10886,471,1,1,3.0
10887,473,1,1,3.0
10888,474,1,1,3.0
10889,4768,1,1,3.0
10890,4769,1,1,3.0
10891,4773,1,1,3.0
10892,478,1,1,3.0
10893,478-540,1,1,3.0
10894,479,1,1,3.0
10895,48.0,1,1,3.0
10896,48.1,1,1,3.0
10897,48.3,1,1,3.0
10898,48.4,1,1,3.0
10899,48.5,1,1,3.0
10900,48.50,1,1,3.0
10901,48.9,1,1,3.0
10902,484,1,1,3.0
10903,4872,1,1,3.0
10904,488,1,1,3.0
10905,4890,1,1,3.0
10906,49.0,1,1,3.0
10907,49.4,1,1,3.0
10908,491,1,1,3.0
10909,492,1,1,3.0
10910,4920,1,1,3.0
10911,493,1,1,3.0
10912,495,1,1,3.0
10913,496,1,1,3.0
10914,4a,1,1,3.0
10915,4d-dia,1,1,3.0
10916,5-19,1,1,3.0
10917,5-20,1,1,3.0
10918,5-47,1,1,3.0
10919,5-86,1,1,3.0
10920,5-92,1,1,3.0
10921,5-anhydroglucitol,1,1,3.0
10922,5-dimension,1,1,3.0
10923,5-fold,1,1,3.0
10924,5-ht,1,1,3.0
10925,5-ht2a,1,1,3.0
10926,5-ht3,1,1,3.0
10927,5-hydroxyindoleacetic,1,1,3.0
10928,5-hydroxytryptamine,1,1,3.0
10929,5-item,1,1,3.0
10930,5-level,1,1,3.0
10931,5-nitropyrimidine,1,1,3.0
10932,5-oxo-eicosatetraenoic,1,1,3.0
10933,5-spiro,1,1,3.0
10934,5-years,1,1,3.0
10935,5.03,1,1,3.0
10936,5.039,1,1,3.0
10937,5.04,1,1,3.0
10938,5.05,1,1,3.0
10939,5.08,1,1,3.0
10940,5.14,1,1,3.0
10941,5.15,1,1,3.0
10942,5.19,1,1,3.0
10943,5.24,1,1,3.0
10944,5.36,1,1,3.0
10945,5.60,1,1,3.0
10946,5.62,1,1,3.0
10947,5.63,1,1,3.0
10948,5.69,1,1,3.0
10949,5.74,1,1,3.0
10950,5.75,1,1,3.0
10951,5.77,1,1,3.0
10952,5.83,1,1,3.0
10953,5.86,1,1,3.0
10954,5.87,1,1,3.0
10955,5.91,1,1,3.0
10956,5.93,1,1,3.0
10957,5.94,1,1,3.0
10958,5.95,1,1,3.0
10959,5.97,1,1,3.0
10960,50-64,1,1,3.0
10961,50-68,1,1,3.0
10962,50.0,1,1,3.0
10963,50.1,1,1,3.0
10964,50.2,1,1,3.0
10965,50.7,1,1,3.0
10966,50.89,1,1,3.0
10967,50.9,1,1,3.0
10968,5032,1,1,3.0
10969,509,1,1,3.0
10970,51-68,1,1,3.0
10971,51.1,1,1,3.0
10972,51.9,1,1,3.0
10973,512,1,1,3.0
10974,513,1,1,3.0
10975,518,1,1,3.0
10976,52-67,1,1,3.0
10977,52-77,1,1,3.0
10978,52-week,1,1,3.0
10979,52.0,1,1,3.0
10980,52.1,1,1,3.0
10981,52.23,1,1,3.0
10982,52.6,1,1,3.0
10983,52.9,1,1,3.0
10984,520,1,1,3.0
10985,520-715,1,1,3.0
10986,5200,1,1,3.0
10987,522,1,1,3.0
10988,5221,1,1,3.0
10989,524,1,1,3.0
10990,525,1,1,3.0
10991,5275,1,1,3.0
10992,529,1,1,3.0
10993,53-86,1,1,3.0
10994,53.1,1,1,3.0
10995,53.8,1,1,3.0
10996,531,1,1,3.0
10997,532,1,1,3.0
10998,534,1,1,3.0
10999,536,1,1,3.0
11000,539,1,1,3.0
11001,53b,1,1,3.0
11002,54.3,1,1,3.0
11003,54.6,1,1,3.0
11004,54.7,1,1,3.0
11005,540-540,1,1,3.0
11006,541,1,1,3.0
11007,543,1,1,3.0
11008,5432,1,1,3.0
11009,545,1,1,3.0
11010,547,1,1,3.0
11011,549,1,1,3.0
11012,55-72,1,1,3.0
11013,55-95,1,1,3.0
11014,55.3,1,1,3.0
11015,55.6,1,1,3.0
11016,553,1,1,3.0
11017,5532,1,1,3.0
11018,554,1,1,3.0
11019,55619,1,1,3.0
11020,56.5,1,1,3.0
11021,56.77,1,1,3.0
11022,5608,1,1,3.0
11023,5613,1,1,3.0
11024,562,1,1,3.0
11025,5624,1,1,3.0
11026,564,1,1,3.0
11027,566,1,1,3.0
11028,567-trial,1,1,3.0
11029,5673,1,1,3.0
11030,5674,1,1,3.0
11031,5675,1,1,3.0
11032,5699,1,1,3.0
11033,57-year-old,1,1,3.0
11034,57.2,1,1,3.0
11035,57.7,1,1,3.0
11036,57.8,1,1,3.0
11037,57.95,1,1,3.0
11038,573,1,1,3.0
11039,573.4,1,1,3.0
11040,574,1,1,3.0
11041,5762,1,1,3.0
11042,58.1,1,1,3.0
11043,58.4,1,1,3.0
11044,58.6,1,1,3.0
11045,58.9,1,1,3.0
11046,582,1,1,3.0
11047,5827,1,1,3.0
11048,586,1,1,3.0
11049,5863,1,1,3.0
11050,587,1,1,3.0
11051,5871,1,1,3.0
11052,5876,1,1,3.0
11053,589f,1,1,3.0
11054,59.0,1,1,3.0
11055,59.2,1,1,3.0
11056,59.4,1,1,3.0
11057,59.5,1,1,3.0
11058,59.7,1,1,3.0
11059,593,1,1,3.0
11060,596,1,1,3.0
11061,5th-percentile,1,1,3.0
11062,6-14,1,1,3.0
11063,6-21,1,1,3.0
11064,6-7,1,1,3.0
11065,6-8,1,1,3.0
11066,6-diamidino-2-phenylindole,1,1,3.0
11067,6-fold,1,1,3.0
11068,6-months,1,1,3.0
11069,6-week,1,1,3.0
11070,6.01,1,1,3.0
11071,6.07,1,1,3.0
11072,6.09,1,1,3.0
11073,6.10,1,1,3.0
11074,6.11,1,1,3.0
11075,6.12,1,1,3.0
11076,6.28,1,1,3.0
11077,6.29,1,1,3.0
11078,6.32,1,1,3.0
11079,6.38,1,1,3.0
11080,6.407,1,1,3.0
11081,6.45,1,1,3.0
11082,6.47,1,1,3.0
11083,6.48,1,1,3.0
11084,6.64,1,1,3.0
11085,6.65,1,1,3.0
11086,6.66,1,1,3.0
11087,6.690,1,1,3.0
11088,6.71,1,1,3.0
11089,6.74,1,1,3.0
11090,6.75,1,1,3.0
11091,6.79,1,1,3.0
11092,6.82,1,1,3.0
11093,6.85,1,1,3.0
11094,6.93,1,1,3.0
11095,6.95,1,1,3.0
11096,6.98,1,1,3.0
11097,60-70,1,1,3.0
11098,60-98,1,1,3.0
11099,60-minute,1,1,3.0
11100,60.2,1,1,3.0
11101,60.47,1,1,3.0
11102,60.5,1,1,3.0
11103,60.7,1,1,3.0
11104,60.8,1,1,3.0
11105,6018,1,1,3.0
11106,602,1,1,3.0
11107,605,1,1,3.0
11108,607,1,1,3.0
11109,61.0,1,1,3.0
11110,61.2,1,1,3.0
11111,61.3,1,1,3.0
11112,61.5,1,1,3.0
11113,61.6,1,1,3.0
11114,612,1,1,3.0
11115,614,1,1,3.0
11116,616,1,1,3.0
11117,62.2,1,1,3.0
11118,62.3,1,1,3.0
11119,62.30,1,1,3.0
11120,62.5,1,1,3.0
11121,628,1,1,3.0
11122,629,1,1,3.0
11123,63-week-old,1,1,3.0
11124,63-y-or-older-age,1,1,3.0
11125,63.0,1,1,3.0
11126,63.2,1,1,3.0
11127,6300,1,1,3.0
11128,64-year-old,1,1,3.0
11129,64.3,1,1,3.0
11130,64.7,1,1,3.0
11131,64.8,1,1,3.0
11132,64.9,1,1,3.0
11133,642,1,1,3.0
11134,648,1,1,3.0
11135,6482,1,1,3.0
11136,65-74,1,1,3.0
11137,65-fold,1,1,3.0
11138,65-yr-old,1,1,3.0
11139,65.00,1,1,3.0
11140,65.06,1,1,3.0
11141,65.2,1,1,3.0
11142,65.5,1,1,3.0
11143,65.6,1,1,3.0
11144,65.8,1,1,3.0
11145,65.9,1,1,3.0
11146,6515,1,1,3.0
11147,654,1,1,3.0
11148,657,1,1,3.0
11149,658,1,1,3.0
11150,66.2,1,1,3.0
11151,660,1,1,3.0
11152,662,1,1,3.0
11153,664,1,1,3.0
11154,664.4,1,1,3.0
11155,665,1,1,3.0
11156,666,1,1,3.0
11157,668,1,1,3.0
11158,67-76,1,1,3.0
11159,67.4,1,1,3.0
11160,67.5,1,1,3.0
11161,670,1,1,3.0
11162,670.0,1,1,3.0
11163,6748,1,1,3.0
11164,678,1,1,3.0
11165,679,1,1,3.0
11166,68.2,1,1,3.0
11167,68.5,1,1,3.0
11168,682,1,1,3.0
11169,684,1,1,3.0
11170,685,1,1,3.0
11171,6887,1,1,3.0
11172,69-0,1,1,3.0
11173,69.1,1,1,3.0
11174,69.4,1,1,3.0
11175,69.5,1,1,3.0
11176,690.5,1,1,3.0
11177,691,1,1,3.0
11178,692,1,1,3.0
11179,6920,1,1,3.0
11180,6953,1,1,3.0
11181,698,1,1,3.0
11182,699,1,1,3.0
11183,6e-hepten-5-one,1,1,3.0
11184,6n,1,1,3.0
11185,6x19,1,1,3.0
11186,7-10,1,1,3.0
11187,7-13,1,1,3.0
11188,7-14,1,1,3.0
11189,7-18,1,1,3.0
11190,7-30,1,1,3.0
11191,7-37,1,1,3.0
11192,7-8,1,1,3.0
11193,7-87,1,1,3.0
11194,7-bis,1,1,3.0
11195,7-item,1,1,3.0
11196,7-month-old,1,1,3.0
11197,7.00,1,1,3.0
11198,7.03,1,1,3.0
11199,7.06,1,1,3.0
11200,7.19,1,1,3.0
11201,7.21,1,1,3.0
11202,7.22,1,1,3.0
11203,7.26,1,1,3.0
11204,7.27,1,1,3.0
11205,7.30,1,1,3.0
11206,7.34,1,1,3.0
11207,7.384,1,1,3.0
11208,7.39,1,1,3.0
11209,7.44,1,1,3.0
11210,7.46,1,1,3.0
11211,7.49,1,1,3.0
11212,7.54,1,1,3.0
11213,7.56,1,1,3.0
11214,7.58,1,1,3.0
11215,7.59,1,1,3.0
11216,7.64,1,1,3.0
11217,7.73,1,1,3.0
11218,7.74,1,1,3.0
11219,7.802,1,1,3.0
11220,7.84,1,1,3.0
11221,7.85,1,1,3.0
11222,7.91,1,1,3.0
11223,7.92,1,1,3.0
11224,7.95,1,1,3.0
11225,7.99,1,1,3.0
11226,70-100,1,1,3.0
11227,70-90,1,1,3.0
11228,70-year,1,1,3.0
11229,70.3,1,1,3.0
11230,70.5,1,1,3.0
11231,70.7,1,1,3.0
11232,701.4,1,1,3.0
11233,7015,1,1,3.0
11234,702,1,1,3.0
11235,705,1,1,3.0
11236,71-year-old,1,1,3.0
11237,71.0,1,1,3.0
11238,71.1,1,1,3.0
11239,71.5,1,1,3.0
11240,71.8,1,1,3.0
11241,7151,1,1,3.0
11242,716,1,1,3.0
11243,72-week,1,1,3.0
11244,72.1,1,1,3.0
11245,72.11,1,1,3.0
11246,72.3,1,1,3.0
11247,72.30,1,1,3.0
11248,72.5,1,1,3.0
11249,72.6,1,1,3.0
11250,72.8,1,1,3.0
11251,7214,1,1,3.0
11252,722,1,1,3.0
11253,7249,1,1,3.0
11254,73-year-old,1,1,3.0
11255,73.04,1,1,3.0
11256,73.4,1,1,3.0
11257,732,1,1,3.0
11258,734,1,1,3.0
11259,737,1,1,3.0
11260,7389,1,1,3.0
11261,74.3,1,1,3.0
11262,74.5,1,1,3.0
11263,74.6,1,1,3.0
11264,744,1,1,3.0
11265,746,1,1,3.0
11266,747,1,1,3.0
11267,748,1,1,3.0
11268,748.6,1,1,3.0
11269,749,1,1,3.0
11270,7491,1,1,3.0
11271,75-90,1,1,3.0
11272,75.0,1,1,3.0
11273,75.00,1,1,3.0
11274,75.4,1,1,3.0
11275,75.5,1,1,3.0
11276,75.9,1,1,3.0
11277,752,1,1,3.0
11278,757,1,1,3.0
11279,75n92021d00006,1,1,3.0
11280,76-100,1,1,3.0
11281,76.0,1,1,3.0
11282,76.2,1,1,3.0
11283,76.5,1,1,3.0
11284,76.7,1,1,3.0
11285,76.70,1,1,3.0
11286,76.8,1,1,3.0
11287,76.88,1,1,3.0
11288,76.9,1,1,3.0
11289,764,1,1,3.0
11290,768,1,1,3.0
11291,77-0,1,1,3.0
11292,77-102,1,1,3.0
11293,77.0,1,1,3.0
11294,77.1,1,1,3.0
11295,77.2,1,1,3.0
11296,77.6,1,1,3.0
11297,77.7,1,1,3.0
11298,77.8,1,1,3.0
11299,770,1,1,3.0
11300,772,1,1,3.0
11301,774,1,1,3.0
11302,775,1,1,3.0
11303,78-90,1,1,3.0
11304,78.2,1,1,3.0
11305,78.5,1,1,3.0
11306,78.6,1,1,3.0
11307,78.8,1,1,3.0
11308,780,1,1,3.0
11309,785,1,1,3.0
11310,787,1,1,3.0
11311,79-86,1,1,3.0
11312,79-year-old,1,1,3.0
11313,79.0,1,1,3.0
11314,79.3,1,1,3.0
11315,79.8,1,1,3.0
11316,791,1,1,3.0
11317,797,1,1,3.0
11318,799,1,1,3.0
11319,7cfn,1,1,3.0
11320,7xtq,1,1,3.0
11321,8-10,1,1,3.0
11322,8-13,1,1,3.0
11323,8-52,1,1,3.0
11324,8-71,1,1,3.0
11325,8-ohdg,1,1,3.0
11326,8.02,1,1,3.0
11327,8.06,1,1,3.0
11328,8.27,1,1,3.0
11329,8.29,1,1,3.0
11330,8.30,1,1,3.0
11331,8.31,1,1,3.0
11332,8.36,1,1,3.0
11333,8.51,1,1,3.0
11334,8.52,1,1,3.0
11335,8.54,1,1,3.0
11336,8.58,1,1,3.0
11337,8.61,1,1,3.0
11338,8.63,1,1,3.0
11339,8.64,1,1,3.0
11340,8.651,1,1,3.0
11341,8.67,1,1,3.0
11342,8.73,1,1,3.0
11343,8.85,1,1,3.0
11344,8.88,1,1,3.0
11345,8.95,1,1,3.0
11346,8.97,1,1,3.0
11347,80.3,1,1,3.0
11348,80.5,1,1,3.0
11349,80.60,1,1,3.0
11350,80.9,1,1,3.0
11351,803,1,1,3.0
11352,8039,1,1,3.0
11353,804.86,1,1,3.0
11354,808,1,1,3.0
11355,809,1,1,3.0
11356,81.6,1,1,3.0
11357,81.76,1,1,3.0
11358,81.9,1,1,3.0
11359,811,1,1,3.0
11360,812,1,1,3.0
11361,8176,1,1,3.0
11362,819,1,1,3.0
11363,82-year-old,1,1,3.0
11364,82.0,1,1,3.0
11365,82.61,1,1,3.0
11366,82.7,1,1,3.0
11367,82058.77,1,1,3.0
11368,822,1,1,3.0
11369,825,1,1,3.0
11370,827,1,1,3.0
11371,828,1,1,3.0
11372,83.0,1,1,3.0
11373,83.093,1,1,3.0
11374,83.1,1,1,3.0
11375,83.48,1,1,3.0
11376,83.7,1,1,3.0
11377,83.9,1,1,3.0
11378,831,1,1,3.0
11379,833,1,1,3.0
11380,8349,1,1,3.0
11381,84.3,1,1,3.0
11382,84.4,1,1,3.0
11383,84.6,1,1,3.0
11384,842,1,1,3.0
11385,846,1,1,3.0
11386,849,1,1,3.0
11387,85.00,1,1,3.0
11388,85.3,1,1,3.0
11389,85.55,1,1,3.0
11390,851,1,1,3.0
11391,857,1,1,3.0
11392,86.0,1,1,3.0
11393,86.7,1,1,3.0
11394,86.88,1,1,3.0
11395,860,1,1,3.0
11396,861,1,1,3.0
11397,8610,1,1,3.0
11398,864,1,1,3.0
11399,8682,1,1,3.0
11400,87-item,1,1,3.0
11401,87.2,1,1,3.0
11402,87.53,1,1,3.0
11403,87.6,1,1,3.0
11404,87.7,1,1,3.0
11405,873,1,1,3.0
11406,877,1,1,3.0
11407,878,1,1,3.0
11408,88.0,1,1,3.0
11409,88.4,1,1,3.0
11410,88.5,1,1,3.0
11411,881,1,1,3.0
11412,881.9,1,1,3.0
11413,883,1,1,3.0
11414,885,1,1,3.0
11415,889t,1,1,3.0
11416,89.4,1,1,3.0
11417,89.7,1,1,3.0
11418,89.8,1,1,3.0
11419,89.9,1,1,3.0
11420,892,1,1,3.0
11421,8969,1,1,3.0
11422,898,1,1,3.0
11423,9-12,1,1,3.0
11424,9-36,1,1,3.0
11425,9-5,1,1,3.0
11426,9-site,1,1,3.0
11427,9.0.107,1,1,3.0
11428,9.04,1,1,3.0
11429,9.11,1,1,3.0
11430,9.12,1,1,3.0
11431,9.22,1,1,3.0
11432,9.27,1,1,3.0
11433,9.28,1,1,3.0
11434,9.35,1,1,3.0
11435,9.44,1,1,3.0
11436,9.57,1,1,3.0
11437,9.59,1,1,3.0
11438,9.66,1,1,3.0
11439,9.71,1,1,3.0
11440,9.85,1,1,3.0
11441,9.86,1,1,3.0
11442,9.91,1,1,3.0
11443,9.92,1,1,3.0
11444,9.98,1,1,3.0
11445,90.1,1,1,3.0
11446,90.58,1,1,3.0
11447,90.6,1,1,3.0
11448,90.9,1,1,3.0
11449,902,1,1,3.0
11450,907,1,1,3.0
11451,909,1,1,3.0
11452,91.0,1,1,3.0
11453,91.3,1,1,3.0
11454,91.42,1,1,3.0
11455,91.7,1,1,3.0
11456,91.9,1,1,3.0
11457,911,1,1,3.0
11458,915,1,1,3.0
11459,917,1,1,3.0
11460,918,1,1,3.0
11461,919,1,1,3.0
11462,92.4,1,1,3.0
11463,92.9,1,1,3.0
11464,921,1,1,3.0
11465,9222,1,1,3.0
11466,93.1,1,1,3.0
11467,93.5,1,1,3.0
11468,930,1,1,3.0
11469,931,1,1,3.0
11470,9327,1,1,3.0
11471,94.0,1,1,3.0
11472,94.1,1,1,3.0
11473,94.2,1,1,3.0
11474,94.3,1,1,3.0
11475,94.4,1,1,3.0
11476,94.5,1,1,3.0
11477,94.534,1,1,3.0
11478,94.6,1,1,3.0
11479,94.9,1,1,3.0
11480,941,1,1,3.0
11481,9493,1,1,3.0
11482,95.0,1,1,3.0
11483,95.1,1,1,3.0
11484,95.20,1,1,3.0
11485,95.32,1,1,3.0
11486,95.35,1,1,3.0
11487,95.4,1,1,3.0
11488,95.5,1,1,3.0
11489,95.6,1,1,3.0
11490,952,1,1,3.0
11491,955,1,1,3.0
11492,9556,1,1,3.0
11493,9585,1,1,3.0
11494,96.4,1,1,3.0
11495,96.40,1,1,3.0
11496,96.6,1,1,3.0
11497,960,1,1,3.0
11498,965,1,1,3.0
11499,966,1,1,3.0
11500,97.7,1,1,3.0
11501,970,1,1,3.0
11502,971,1,1,3.0
11503,973,1,1,3.0
11504,975,1,1,3.0
11505,977,1,1,3.0
11506,9795,1,1,3.0
11507,98.5,1,1,3.0
11508,98.80,1,1,3.0
11509,984,1,1,3.0
11510,986,1,1,3.0
11511,99,1,1,3.0
11512,99.0,1,1,3.0
11513,99.5,1,1,3.0
11514,99.55,1,1,3.0
11515,99.6,1,1,3.0
11516,99.64,1,1,3.0
11517,99.66,1,1,3.0
11518,99.7,1,1,3.0
11519,99.8,1,1,3.0
11520,99.80,1,1,3.0
11521,99.9,1,1,3.0
11522,99.92,1,1,3.0
11523,990,1,1,3.0
11524,9939,1,1,3.0
11525,995,1,1,3.0
11526,997,1,1,3.0
11527,999,1,1,3.0
11528,9993,1,1,3.0
11529,9gyo,1,1,3.0
11530,a-a,1,1,3.0
11531,a-i,1,1,3.0
11532,a-induced,1,1,3.0
11533,a2,1,1,3.0
11534,a316t5,1,1,3.0
11535,aalen-johansen,1,1,3.0
11536,aasld,1,1,3.0
11537,abandon,1,1,3.0
11538,abbreviated,1,1,3.0
11539,abbreviations,1,1,3.0
11540,abbv-295,1,1,3.0
11541,abca1-dependent,1,1,3.0
11542,abca1-targeted,1,1,3.0
11543,abcg1-dependent,1,1,3.0
11544,aberration,1,1,3.0
11545,abilities,1,1,3.0
11546,abolishes,1,1,3.0
11547,abom,1,1,3.0
11548,abom-certified,1,1,3.0
11549,abscesses,1,1,3.0
11550,absences,1,1,3.0
11551,absorbable,1,1,3.0
11552,abundances,1,1,3.0
11553,abuse,1,1,3.0
11554,acc,1,1,3.0
11555,accept,1,1,3.0
11556,accommodation,1,1,3.0
11557,accreditation,1,1,3.0
11558,accumbens,1,1,3.0
11559,ace-inhibitors,1,1,3.0
11560,acetatifactor,1,1,3.0
11561,acetyl-coenzyme,1,1,3.0
11562,acetylcholine,1,1,3.0
11563,acetylcholine-cacl₂,1,1,3.0
11564,acetylcholinesterase,1,1,3.0
11565,achieve-j,1,1,3.0
11566,acid-7-sulfate,1,1,3.0
11567,acid-fermenting,1,1,3.0
11568,acid-gated,1,1,3.0
11569,acid-induced,1,1,3.0
11570,acid-monoglycerides,1,1,3.0
11571,acid-producing,1,1,3.0
11572,acid-sequencing,1,1,3.0
11573,acidophilus,1,1,3.0
11574,acknowledged,1,1,3.0
11575,acknowledgment,1,1,3.0
11576,acn,1,1,3.0
11577,acne,1,1,3.0
11578,acp5,1,1,3.0
11579,acquainting,1,1,3.0
11580,acquired,1,1,3.0
11581,acquity,1,1,3.0
11582,acr,1,1,3.0
11583,acres,1,1,3.0
11584,acrs,1,1,3.0
11585,activatespparg,1,1,3.0
11586,activation-resulted,1,1,3.0
11587,active-duty,1,1,3.0
11588,active-patient,1,1,3.0
11589,active-substance,1,1,3.0
11590,active-treatment,1,1,3.0
11591,activin,1,1,3.0
11592,activity-dependent,1,1,3.0
11593,actrn12625001011471,1,1,3.0
11594,actual,1,1,3.0
11595,actually,1,1,3.0
11596,acutalibacter,1,1,3.0
11597,acvr2a-targeted,1,1,3.0
11598,acylated,1,1,3.0
11599,acylation,1,1,3.0
11600,ad-pd,1,1,3.0
11601,ad-related,1,1,3.0
11602,ada,1,1,3.0
11603,adalimumab,1,1,3.0
11604,addictive,1,1,3.0
11605,addictive-like,1,1,3.0
11606,additively,1,1,3.0
11607,additives,1,1,3.0
11608,additivity,1,1,3.0
11609,adduct,1,1,3.0
11610,adeno-associated,1,1,3.0
11611,adenocarcinoma-specific,1,1,3.0
11612,adenoma,1,1,3.0
11613,adenomas,1,1,3.0
11614,adenovirus,1,1,3.0
11615,adenylate,1,1,3.0
11616,adenylyl,1,1,3.0
11617,adherents,1,1,3.0
11618,adhesions,1,1,3.0
11619,adipogenesis,1,1,3.0
11620,adiporenal,1,1,3.0
11621,adipose-derived,1,1,3.0
11622,adipose-directed,1,1,3.0
11623,adiposity-centered,1,1,3.0
11624,adiposity-driven,1,1,3.0
11625,adiposopathic,1,1,3.0
11626,adiposopathy,1,1,3.0
11627,adjacency,1,1,3.0
11628,adjudicated,1,1,3.0
11629,adjusted-hr-only,1,1,3.0
11630,adma,1,1,3.0
11631,adma-lowering,1,1,3.0
11632,adme,1,1,3.0
11633,administration-cleared,1,1,3.0
11634,administrations,1,1,3.0
11635,adminstration,1,1,3.0
11636,adopt,1,1,3.0
11637,adpn-neutralizing,1,1,3.0
11638,adrenals,1,1,3.0
11639,adrenergic,1,1,3.0
11640,adrenocorticotropic,1,1,3.0
11641,adult-based,1,1,3.0
11642,adult-onset,1,1,3.0
11643,adulthood,1,1,3.0
11644,advantaged,1,1,3.0
11645,adverse-drug-reaction,1,1,3.0
11646,adverse-effect,1,1,3.0
11647,adversely,1,1,3.0
11648,advisable,1,1,3.0
11649,advocacy,1,1,3.0
11650,aersmine,1,1,3.0
11651,af-related,1,1,3.0
11652,affective,1,1,3.0
11653,affirming,1,1,3.0
11654,affording,1,1,3.0
11655,aforementioned,1,1,3.0
11656,africa,1,1,3.0
11657,afterward,1,1,3.0
11658,age-at-diagnosis,1,1,3.0
11659,age-dependent,1,1,3.0
11660,age-matched,1,1,3.0
11661,ageing-associated,1,1,3.0
11662,agent-level,1,1,3.0
11663,agentic-friendly,1,1,3.0
11664,agents-resmetirom,1,1,3.0
11665,agglomerative,1,1,3.0
11666,aggravating,1,1,3.0
11667,aggregation-prone,1,1,3.0
11668,aglycone,1,1,3.0
11669,agonism-antagonism,1,1,3.0
11670,agonist-bound,1,1,3.0
11671,agouti-related,1,1,3.0
11672,agranulocytosis,1,1,3.0
11673,agreed,1,1,3.0
11674,agreements,1,1,3.0
11675,ahead,1,1,3.0
11676,ai-assisted,1,1,3.0
11677,ai-based,1,1,3.0
11678,ai-enabled,1,1,3.0
11679,ai-guided,1,1,3.0
11680,ai-specific,1,1,3.0
11681,aids,1,1,3.0
11682,aifa,1,1,3.0
11683,aim2,1,1,3.0
11684,ain,1,1,3.0
11685,airway-relevant,1,1,3.0
11686,akaike,1,1,3.0
11687,aki-free,1,1,3.0
11688,akk-derived,1,1,3.0
11689,aks,1,1,3.0
11690,akt-ampk-ppar,1,1,3.0
11691,akt-mtor,1,1,3.0
11692,alan,1,1,3.0
11693,alba,1,1,3.0
11694,albiglutide,1,1,3.0
11695,albino,1,1,3.0
11696,albumen,1,1,3.0
11697,albumin-binding,1,1,3.0
11698,albuminuric,1,1,3.0
11699,alcohol-induced,1,1,3.0
11700,alike,1,1,3.0
11701,alistipes,1,1,3.0
11702,alkaloid,1,1,3.0
11703,alkaloids,1,1,3.0
11704,alkbh5,1,1,3.0
11705,all-atom,1,1,3.0
11706,all-in-one,1,1,3.0
11707,allergic,1,1,3.0
11708,allied,1,1,3.0
11709,allodynia,1,1,3.0
11710,alloprevotella,1,1,3.0
11711,alogliptin,1,1,3.0
11712,alpha-lipoic,1,1,3.0
11713,alpinia,1,1,3.0
11714,alteration,1,1,3.0
11715,alternate,1,1,3.0
11716,alternatively,1,1,3.0
11717,altitudinal,1,1,3.0
11718,altogether,1,1,3.0
11719,alum,1,1,3.0
11720,aluminum,1,1,3.0
11721,ambient,1,1,3.0
11722,ambitious,1,1,3.0
11723,amelioration,1,1,3.0
11724,ameliorative,1,1,3.0
11725,americans,1,1,3.0
11726,ameroid,1,1,3.0
11727,amid,1,1,3.0
11728,amino-acid,1,1,3.0
11729,amino-terminal,1,1,3.0
11730,amounted,1,1,3.0
11731,amounts,1,1,3.0
11732,ampk-dependent,1,1,3.0
11733,ampk-independent,1,1,3.0
11734,ampkα,1,1,3.0
11735,amplicon,1,1,3.0
11736,amplifier,1,1,3.0
11737,amplifiers,1,1,3.0
11738,amylin-linked,1,1,3.0
11739,amyloid-targeting,1,1,3.0
11740,amyloidogenic,1,1,3.0
11741,anaesthetic,1,1,3.0
11742,anaesthetist,1,1,3.0
11743,analgesia,1,1,3.0
11744,analgesic,1,1,3.0
11745,analgesics,1,1,3.0
11746,analog-based,1,1,3.0
11747,analyser,1,1,3.0
11748,analytes,1,1,3.0
11749,analyzing,1,1,3.0
11750,anatomy,1,1,3.0
11751,ancestry,1,1,3.0
11752,anchor-validation,1,1,3.0
11753,anchored,1,1,3.0
11754,anchoring,1,1,3.0
11755,andreducing,1,1,3.0
11756,androgenetic,1,1,3.0
11757,anecdotal,1,1,3.0
11758,anecdotally,1,1,3.0
11759,anecdotes,1,1,3.0
11760,anesthesiologist,1,1,3.0
11761,anesthesiologists,1,1,3.0
11762,anesthesiology,1,1,3.0
11763,aneurysm,1,1,3.0
11764,angiotensin-converting,1,1,3.0
11765,angptl3,1,1,3.0
11766,anguilla,1,1,3.0
11767,anhedonia,1,1,3.0
11768,animal-derived,1,1,3.0
11769,animal-to-human,1,1,3.0
11770,anisotropic,1,1,3.0
11771,annotate,1,1,3.0
11772,annulated,1,1,3.0
11773,annum,1,1,3.0
11774,anomalies,1,1,3.0
11775,anonymised,1,1,3.0
11776,anorectic,1,1,3.0
11777,anova,1,1,3.0
11778,anp,1,1,3.0
11779,answer,1,1,3.0
11780,antagonize,1,1,3.0
11781,anthocyanin-containing,1,1,3.0
11782,anthracyclines,1,1,3.0
11783,anti-acvr2a,1,1,3.0
11784,anti-addictive,1,1,3.0
11785,anti-amylin,1,1,3.0
11786,anti-androgens,1,1,3.0
11787,anti-arrhythmic,1,1,3.0
11788,anti-basement,1,1,3.0
11789,anti-ferroptosis,1,1,3.0
11790,anti-ferroptotic,1,1,3.0
11791,anti-hyperglycemic,1,1,3.0
11792,anti-hypertensive,1,1,3.0
11793,anti-inflammation,1,1,3.0
11794,anti-kickback,1,1,3.0
11795,anti-nociceptive,1,1,3.0
11796,anti-obesogenic,1,1,3.0
11797,anti-oxidative,1,1,3.0
11798,anti-pulmonary,1,1,3.0
11799,anti-stigma,1,1,3.0
11800,anti-tslp,1,1,3.0
11801,antiaging,1,1,3.0
11802,antiandrogen,1,1,3.0
11803,antiapoptotic,1,1,3.0
11804,antiatherosclerotic,1,1,3.0
11805,antibody,1,1,3.0
11806,antibody-positive,1,1,3.0
11807,anticipate,1,1,3.0
11808,anticoagulation,1,1,3.0
11809,antidementia,1,1,3.0
11810,antidiuretic,1,1,3.0
11811,antiepileptic,1,1,3.0
11812,antiepileptics,1,1,3.0
11813,antiepileptogenesis,1,1,3.0
11814,antigravity,1,1,3.0
11815,antihyperglycemics,1,1,3.0
11816,antiinflammatory,1,1,3.0
11817,antimicrobial,1,1,3.0
11818,antimigraine,1,1,3.0
11819,antimycin,1,1,3.0
11820,antinociception,1,1,3.0
11821,antioxid,1,1,3.0
11822,antiparkinsonian,1,1,3.0
11823,antiplatelet,1,1,3.0
11824,antiretrovirals,1,1,3.0
11825,antithyroid,1,1,3.0
11826,anxiety-related,1,1,3.0
11827,anzctr,1,1,3.0
11828,apelin-related,1,1,3.0
11829,aphasia,1,1,3.0
11830,apical,1,1,3.0
11831,apigenin,1,1,3.0
11832,apnea-specific,1,1,3.0
11833,apoc-iii,1,1,3.0
11834,apoptosis-associated,1,1,3.0
11835,apoptosis-resistant,1,1,3.0
11836,apparently,1,1,3.0
11837,appendicular,1,1,3.0
11838,appendix,1,1,3.0
11839,apple,1,1,3.0
11840,apply,1,1,3.0
11841,appointments,1,1,3.0
11842,appreciation,1,1,3.0
11843,apprehension,1,1,3.0
11844,approach-avoidance,1,1,3.0
11845,approaches-highlight,1,1,3.0
11846,approaching,1,1,3.0
11847,appropriately-selected,1,1,3.0
11848,approximate,1,1,3.0
11849,approximately22,1,1,3.0
11850,apremilast,1,1,3.0
11851,aquaporin-4,1,1,3.0
11852,arabinoxylan,1,1,3.0
11853,arbor,1,1,3.0
11854,architectures,1,1,3.0
11855,arcuate,1,1,3.0
11856,arg1,1,1,3.0
11857,argon,1,1,3.0
11858,arguing,1,1,3.0
11859,argumentation,1,1,3.0
11860,arguments,1,1,3.0
11861,aries,1,1,3.0
11862,arisen,1,1,3.0
11863,arksey,1,1,3.0
11864,arm-specific,1,1,3.0
11865,arni,1,1,3.0
11866,aronchick,1,1,3.0
11867,arrangements,1,1,3.0
11868,arrays,1,1,3.0
11869,art,1,1,3.0
11870,arteries,1,1,3.0
11871,arteritic,1,1,3.0
11872,arthropathies,1,1,3.0
11873,arthroplasties,1,1,3.0
11874,artichokes,1,1,3.0
11875,articular,1,1,3.0
11876,articulates,1,1,3.0
11877,as-treated,1,1,3.0
11878,asa24,1,1,3.0
11879,asan,1,1,3.0
11880,asc,1,1,3.0
11881,ascertainment,1,1,3.0
11882,ascvd-specific,1,1,3.0
11883,asjof,1,1,3.0
11884,asn-online,1,1,3.0
11885,asn0000001061,1,1,3.0
11886,asos,1,1,3.0
11887,aspart,1,1,3.0
11888,aspirate,1,1,3.0
11889,aspirational,1,1,3.0
11890,aspro-pd,1,1,3.0
11891,asrs,1,1,3.0
11892,assay's,1,1,3.0
11893,assessable,1,1,3.0
11894,assessor,1,1,3.0
11895,assessor-blinded,1,1,3.0
11896,assessors,1,1,3.0
11897,assisted-reproduction,1,1,3.0
11898,associating,1,1,3.0
11899,associational,1,1,3.0
11900,assume,1,1,3.0
11901,assurance,1,1,3.0
11902,astaxanthin,1,1,3.0
11903,asthma-related,1,1,3.0
11904,astrocyte-autonomous,1,1,3.0
11905,astrocyte-derived,1,1,3.0
11906,astrocyte-enriched,1,1,3.0
11907,astrocyte-specific,1,1,3.0
11908,astrocyte-to-neuron,1,1,3.0
11909,astrocytopathy,1,1,3.0
11910,astroglial,1,1,3.0
11911,astronauts,1,1,3.0
11912,asx's,1,1,3.0
11913,at1r,1,1,3.0
11914,atc-a10,1,1,3.0
11915,atc-coded,1,1,3.0
11916,atf4,1,1,3.0
11917,athletic,1,1,3.0
11918,atlas,1,1,3.0
11919,atonia,1,1,3.0
11920,atp-linked,1,1,3.0
11921,atraumatic,1,1,3.0
11922,atrium,1,1,3.0
11923,atrogenes,1,1,3.0
11924,attain,1,1,3.0
11925,attaining,1,1,3.0
11926,attend,1,1,3.0
11927,attendant,1,1,3.0
11928,attraction,1,1,3.0
11929,attractions,1,1,3.0
11930,attractiveness,1,1,3.0
11931,attrited,1,1,3.0
11932,atypica-mediated,1,1,3.0
11933,audit-c,1,1,3.0
11934,auditory,1,1,3.0
11935,aug,1,1,3.0
11936,aurum,1,1,3.0
11937,australia's,1,1,3.0
11938,australian,1,1,3.0
11939,author's,1,1,3.0
11940,author-developed,1,1,3.0
11941,authorizations,1,1,3.0
11942,authorship,1,1,3.0
11943,autodock,1,1,3.0
11944,autofluorescence,1,1,3.0
11945,autonomously,1,1,3.0
11946,autophagosome,1,1,3.0
11947,autophagy-lysosomal,1,1,3.0
11948,autophagy-related,1,1,3.0
11949,autosomal,1,1,3.0
11950,avalanche,1,1,3.0
11951,avenciguat,1,1,3.0
11952,averaged,1,1,3.0
11953,avoided,1,1,3.0
11954,avoiding,1,1,3.0
11955,await,1,1,3.0
11956,awaited,1,1,3.0
11957,axis-are,1,1,3.0
11958,axis-time-restricted,1,1,3.0
11959,axons,1,1,3.0
11960,ayushman,1,1,3.0
11961,azd6234,1,1,3.0
11962,aβ-pet,1,1,3.0
11963,aβ40,1,1,3.0
11964,aβ42,1,1,3.0
11965,b-a,1,1,3.0
11966,b-expressing,1,1,3.0
11967,b100-containing,1,1,3.0
11968,b2,1,1,3.0
11969,b48-containing,1,1,3.0
11970,ba-fxr,1,1,3.0
11971,ba-transforming,1,1,3.0
11972,background-by-challenge,1,1,3.0
11973,backgroundadults,1,1,3.0
11974,backgroundlimited,1,1,3.0
11975,backgrounds,1,1,3.0
11976,backing,1,1,3.0
11977,backup,1,1,3.0
11978,backward,1,1,3.0
11979,bacteriome-virome,1,1,3.0
11980,bacteroidaceae,1,1,3.0
11981,balanced-looking,1,1,3.0
11982,balf,1,1,3.0
11983,balloon,1,1,3.0
11984,balloons,1,1,3.0
11985,bardet-biedl,1,1,3.0
11986,bariatric-surgery,1,1,3.0
11987,baricitinib,1,1,3.0
11988,baron-kenny,1,1,3.0
11989,barrier-protective,1,1,3.0
11990,barring,1,1,3.0
11991,baseline-measurements,1,1,3.0
11992,batch,1,1,3.0
11993,baxdrostat,1,1,3.0
11994,bbb-penetrant,1,1,3.0
11995,bbs10,1,1,3.0
11996,bbs10-likely,1,1,3.0
11997,bcpnn,1,1,3.0
11998,bdnf-defined,1,1,3.0
11999,bdnf-sensitive,1,1,3.0
12000,bdnf-trkb,1,1,3.0
12001,be-informed,1,1,3.0
12002,bear,1,1,3.0
12003,beats,1,1,3.0
12004,beauchamp,1,1,3.0
12005,becomes,1,1,3.0
12006,beds,1,1,3.0
12007,beforehand,1,1,3.0
12008,begg's,1,1,3.0
12009,begin,1,1,3.0
12010,begins,1,1,3.0
12011,beh,1,1,3.0
12012,behaves,1,1,3.0
12013,behavior-ending,1,1,3.0
12014,behavioral-scale,1,1,3.0
12015,behaviorally,1,1,3.0
12016,behind,1,1,3.0
12017,beige,1,1,3.0
12018,beiging,1,1,3.0
12019,belief,1,1,3.0
12020,bempedoic,1,1,3.0
12021,benchmarked,1,1,3.0
12022,benchmarking,1,1,3.0
12023,bending,1,1,3.0
12024,beneficially,1,1,3.0
12025,beneficiary,1,1,3.0
12026,benefit-harm,1,1,3.0
12027,benefit-stratification,1,1,3.0
12028,benzoate,1,1,3.0
12029,benzoyl,1,1,3.0
12030,berberis,1,1,3.0
12031,besides,1,1,3.0
12032,best-studied,1,1,3.0
12033,bestmed,1,1,3.0
12034,beta-agonist,1,1,3.0
12035,beta-aminopropionitrile,1,1,3.0
12036,beta-blockers,1,1,3.0
12037,beta-hydroxybutyrate,1,1,3.0
12038,beta-lactam,1,1,3.0
12039,better-preserved,1,1,3.0
12040,between-condition,1,1,3.0
12041,between-drug,1,1,3.0
12042,between-participant,1,1,3.0
12043,between-subgroup,1,1,3.0
12044,bh2,1,1,3.0
12045,bh4,1,1,3.0
12046,bharat,1,1,3.0
12047,bhbe,1,1,3.0
12048,bia,1,1,3.0
12049,bias-effect,1,1,3.0
12050,biases,1,1,3.0
12051,bibliographic,1,1,3.0
12052,bibliographies,1,1,3.0
12053,bibliometrix,1,1,3.0
12054,bihor,1,1,3.0
12055,biib122,1,1,3.0
12056,bilaterally,1,1,3.0
12057,bilayer,1,1,3.0
12058,bile-tolerant,1,1,3.0
12059,biliary-related,1,1,3.0
12060,bilibili's,1,1,3.0
12061,biliopancreatic,1,1,3.0
12062,billed,1,1,3.0
12063,billion-dollar,1,1,3.0
12064,bimekizumab,1,1,3.0
12065,bimonthly,1,1,3.0
12066,binge-eating,1,1,3.0
12067,binomial-normal,1,1,3.0
12068,bio-factories,1,1,3.0
12069,bioaccumulation,1,1,3.0
12070,biocompatibility,1,1,3.0
12071,biocompatible,1,1,3.0
12072,biodistribution,1,1,3.0
12073,bioequivalent,1,1,3.0
12074,bioethical,1,1,3.0
12075,biofilm,1,1,3.0
12076,biology-guided,1,1,3.0
12077,biomarker-based,1,1,3.0
12078,biomarker-defined,1,1,3.0
12079,biomarker-driven,1,1,3.0
12080,biomedical,1,1,3.0
12081,biopharmaceuticals,1,1,3.0
12082,biopsy-proven,1,1,3.0
12083,bioresources,1,1,3.0
12084,biosafe,1,1,3.0
12085,biosciences,1,1,3.0
12086,bisdemethoxycurcumin,1,1,3.0
12087,bispebjerg,1,1,3.0
12088,bistable,1,1,3.0
12089,bisulfite,1,1,3.0
12090,bivalent,1,1,3.0
12091,bivariate,1,1,3.0
12092,bl,1,1,3.0
12093,black-box,1,1,3.0
12094,blackcurrants,1,1,3.0
12095,blanket,1,1,3.0
12096,blanking,1,1,3.0
12097,blautia,1,1,3.0
12098,blend,1,1,3.0
12099,blind,1,1,3.0
12100,blinding,1,1,3.0
12101,blistering,1,1,3.0
12102,block,1,1,3.0
12103,blockbuster,1,1,3.0
12104,blood-based,1,1,3.0
12105,blood-pressure,1,1,3.0
12106,blood-pressure-centred,1,1,3.0
12107,blurred,1,1,3.0
12108,bmdm,1,1,3.0
12109,bmdms,1,1,3.0
12110,bmi-centric,1,1,3.0
12111,bmi-matched,1,1,3.0
12112,bmi-mediated,1,1,3.0
12113,bmj,1,1,3.0
12114,bmsc,1,1,3.0
12115,bmscs,1,1,3.0
12116,board-approved,1,1,3.0
12117,board-certified,1,1,3.0
12118,body-contouring,1,1,3.0
12119,boehringer,1,1,3.0
12120,boltz-2,1,1,3.0
12121,bond,1,1,3.0
12122,bone-modulating,1,1,3.0
12123,bone-related,1,1,3.0
12124,bones,1,1,3.0
12125,bonferroni-corrected,1,1,3.0
12126,boolean,1,1,3.0
12127,boost,1,1,3.0
12128,boosters,1,1,3.0
12129,boosting,1,1,3.0
12130,boston,1,1,3.0
12131,bothersome,1,1,3.0
12132,bottlenecks,1,1,3.0
12133,botulinum,1,1,3.0
12134,bounded,1,1,3.0
12135,box,1,1,3.0
12136,bradford,1,1,3.0
12137,brain's,1,1,3.0
12138,brain-enrichment,1,1,3.0
12139,brain-liver,1,1,3.0
12140,brain-selective,1,1,3.0
12141,brakes,1,1,3.0
12142,branched-chain,1,1,3.0
12143,branching,1,1,3.0
12144,brand,1,1,3.0
12145,branding,1,1,3.0
12146,brdu,1,1,3.0
12147,breadth,1,1,3.0
12148,break,1,1,3.0
12149,breastfeeding,1,1,3.0
12150,breastfeeding-compatible,1,1,3.0
12151,bred,1,1,3.0
12152,bridges,1,1,3.0
12153,brief,1,1,3.0
12154,brightness,1,1,3.0
12155,bring-up,1,1,3.0
12156,brings,1,1,3.0
12157,british,1,1,3.0
12158,broad-criterion,1,1,3.0
12159,broad-spectrum,1,1,3.0
12160,broadening,1,1,3.0
12161,bronchial,1,1,3.0
12162,bronchoalveolar,1,1,3.0
12163,browning,1,1,3.0
12164,bsep,1,1,3.0
12165,bshs,1,1,3.0
12166,budgetary,1,1,3.0
12167,buffer,1,1,3.0
12168,build,1,1,3.0
12169,built,1,1,3.0
12170,built-in,1,1,3.0
12171,bulimia,1,1,3.0
12172,bulk,1,1,3.0
12173,bulky,1,1,3.0
12174,bullous,1,1,3.0
12175,burdens,1,1,3.0
12176,burdensome,1,1,3.0
12177,bursts,1,1,3.0
12178,butyricum,1,1,3.0
12179,bv,1,1,3.0
12180,by-products,1,1,3.0
12181,bydureon,1,1,3.0
12182,byproducts,1,1,3.0
12183,bystander,1,1,3.0
12184,c-176,1,1,3.0
12185,c-h,1,1,3.0
12186,c-iii,1,1,3.0
12187,c-jnk,1,1,3.0
12188,c-β,1,1,3.0
12189,c18,1,1,3.0
12190,c25,1,1,3.0
12191,c64,1,1,3.0
12192,c65,1,1,3.0
12193,ca19-9,1,1,3.0
12194,cadence,1,1,3.0
12195,cadro,1,1,3.0
12196,caecicola,1,1,3.0
12197,caffeine,1,1,3.0
12198,cag-ppara,1,1,3.0
12199,cairo,1,1,3.0
12200,cajal,1,1,3.0
12201,calcified,1,1,3.0
12202,calcium-sensing,1,1,3.0
12203,calculation,1,1,3.0
12204,calculations,1,1,3.0
12205,calculators,1,1,3.0
12206,calculous,1,1,3.0
12207,calf,1,1,3.0
12208,calibrations,1,1,3.0
12209,caliper,1,1,3.0
12210,callers,1,1,3.0
12211,calorie-controlled,1,1,3.0
12212,calprotectin,1,1,3.0
12213,calvarial,1,1,3.0
12214,cam,1,1,3.0
12215,camkii,1,1,3.0
12216,camp-centered,1,1,3.0
12217,camp-dependent,1,1,3.0
12218,camp-response,1,1,3.0
12219,canadensis,1,1,3.0
12220,canakinumab,1,1,3.0
12221,cancer's,1,1,3.0
12222,cancer-naïve,1,1,3.0
12223,cancer-treatment,1,1,3.0
12224,candidate-population,1,1,3.0
12225,candidates-marks,1,1,3.0
12226,cannabidiol,1,1,3.0
12227,cannabinoid,1,1,3.0
12228,capabilities,1,1,3.0
12229,capillaritis,1,1,3.0
12230,capillary,1,1,3.0
12231,capita,1,1,3.0
12232,capitated,1,1,3.0
12233,capnography,1,1,3.0
12234,caprylic,1,1,3.0
12235,caps,1,1,3.0
12236,capsaicin,1,1,3.0
12237,car-t,1,1,3.0
12238,carbohydrate-digesting,1,1,3.0
12239,carbohydrate-fermentative,1,1,3.0
12240,carbohydrate-fermenting,1,1,3.0
12241,carbohydrate-insulin,1,1,3.0
12242,carbohydrate-rich,1,1,3.0
12243,carbohydrate-with-fat,1,1,3.0
12244,carbohydrate-with-fibre,1,1,3.0
12245,carboxy-terminal,1,1,3.0
12246,carboxylation,1,1,3.0
12247,carcass,1,1,3.0
12248,carcinogens,1,1,3.0
12249,cardamic,1,1,3.0
12250,cardio-renal-hepatic,1,1,3.0
12251,cardio-reno-hepato-metabolic,1,1,3.0
12252,cardiohepatorenal,1,1,3.0
12253,cardiokidney,1,1,3.0
12254,cardiolink-15,1,1,3.0
12255,cardiolipin,1,1,3.0
12256,cardiorenal-fibrotic,1,1,3.0
12257,cardiorenal-risk,1,1,3.0
12258,cardiorenometabolic,1,1,3.0
12259,cardiorenoprotective,1,1,3.0
12260,cardiotoxicity,1,1,3.0
12261,cardiovascular-metabolic,1,1,3.0
12262,cardiovascular-outcome,1,1,3.0
12263,cardiovascular-renal,1,1,3.0
12264,cardiovascular-specific,1,1,3.0
12265,cards,1,1,3.0
12266,care's,1,1,3.0
12267,cargo-aware,1,1,3.0
12268,cargo-specific,1,1,3.0
12269,caring,1,1,3.0
12270,cariogenic,1,1,3.0
12271,carlo,1,1,3.0
12272,carnitine,1,1,3.0
12273,carrierfamily,1,1,3.0
12274,cart,1,1,3.0
12275,case-based,1,1,3.0
12276,casein,1,1,3.0
12277,cast,1,1,3.0
12278,cat,1,1,3.0
12279,catalase,1,1,3.0
12280,catalogue,1,1,3.0
12281,cataloguing,1,1,3.0
12282,catalyzed,1,1,3.0
12283,cataracts,1,1,3.0
12284,catechol,1,1,3.0
12285,categorically,1,1,3.0
12286,categories-amyloid,1,1,3.0
12287,categorize,1,1,3.0
12288,catheterization-confirmed,1,1,3.0
12289,cationic,1,1,3.0
12290,cations,1,1,3.0
12291,causally,1,1,3.0
12292,cause-effect,1,1,3.0
12293,cautionary,1,1,3.0
12294,caveolae,1,1,3.0
12295,caveolin-1-β-catenin,1,1,3.0
12296,ca²,1,1,3.0
12297,cb1r,1,1,3.0
12298,cbm,1,1,3.0
12299,ccaat,1,1,3.0
12300,ccr2,1,1,3.0
12301,cd11b,1,1,3.0
12302,cd38,1,1,3.0
12303,cd39,1,1,3.0
12304,cd4,1,1,3.0
12305,cd68,1,1,3.0
12306,cd73,1,1,3.0
12307,cd8,1,1,3.0
12308,cd80,1,1,3.0
12309,cd86,1,1,3.0
12310,cdca,1,1,3.0
12311,cdyn,1,1,3.0
12312,cea,1,1,3.0
12313,cebq,1,1,3.0
12314,cect,1,1,3.0
12315,cell's,1,1,3.0
12316,cell-death,1,1,3.0
12317,cell-intrinsic,1,1,3.0
12318,cell-type-specific,1,1,3.0
12319,cellularity,1,1,3.0
12320,cellulitis,1,1,3.0
12321,cellulose-based,1,1,3.0
12322,censored,1,1,3.0
12323,center's,1,1,3.0
12324,center-specific,1,1,3.0
12325,centerpiece,1,1,3.0
12326,central-peripheral,1,1,3.0
12327,cephalic,1,1,3.0
12328,cephalic-phase,1,1,3.0
12329,ceramide-associated,1,1,3.0
12330,ceramides,1,1,3.0
12331,cerebrospinal,1,1,3.0
12332,cerevisiae,1,1,3.0
12333,certification,1,1,3.0
12334,certolizumab,1,1,3.0
12335,cesarean,1,1,3.0
12336,cessation-provide,1,1,3.0
12337,cetyl,1,1,3.0
12338,cf-related,1,1,3.0
12339,cfar,1,1,3.0
12340,cftr,1,1,3.0
12341,cfu,1,1,3.0
12342,cgas,1,1,3.0
12343,cgas-sting-driven,1,1,3.0
12344,cgm-based,1,1,3.0
12345,cgm-naïve,1,1,3.0
12346,cgmp,1,1,3.0
12347,chaining,1,1,3.0
12348,chains,1,1,3.0
12349,chalcogrammus,1,1,3.0
12350,championing,1,1,3.0
12351,change-mediated,1,1,3.0
12352,characterisation,1,1,3.0
12353,characterises,1,1,3.0
12354,characterizes,1,1,3.0
12355,characterizing,1,1,3.0
12356,charged,1,1,3.0
12357,charlson,1,1,3.0
12358,charts,1,1,3.0
12359,checks,1,1,3.0
12360,cheeks,1,1,3.0
12361,chelation,1,1,3.0
12362,chemoattractant,1,1,3.0
12363,chemoprevention,1,1,3.0
12364,chemopreventive,1,1,3.0
12365,chemosensing,1,1,3.0
12366,chemosensitivity,1,1,3.0
12367,ches,1,1,3.0
12368,cheung,1,1,3.0
12369,chewing,1,1,3.0
12370,chi,1,1,3.0
12371,chi-squared,1,1,3.0
12372,chicory,1,1,3.0
12373,chictr,1,1,3.0
12374,chictr2500111569,1,1,3.0
12375,chictr2600116148,1,1,3.0
12376,chictr2600123803,1,1,3.0
12377,chiglitazar,1,1,3.0
12378,child's,1,1,3.0
12379,childbearing,1,1,3.0
12380,childhood-onset,1,1,3.0
12381,childress,1,1,3.0
12382,chinensis,1,1,3.0
12383,chip-qpcr,1,1,3.0
12384,chitosan,1,1,3.0
12385,chlorhexidine,1,1,3.0
12386,chloride,1,1,3.0
12387,chlorpromazine,1,1,3.0
12388,cho-4bgd-derived,1,1,3.0
12389,cho-s-derived,1,1,3.0
12390,choices,1,1,3.0
12391,cholangiopancreatography,1,1,3.0
12392,cholecalciferol,1,1,3.0
12393,cholestasis,1,1,3.0
12394,cholic,1,1,3.0
12395,chondrocytes,1,1,3.0
12396,chondroprotective,1,1,3.0
12397,choosing,1,1,3.0
12398,chop-associated,1,1,3.0
12399,chorionic,1,1,3.0
12400,chosen,1,1,3.0
12401,chow-fed,1,1,3.0
12402,chrebp,1,1,3.0
12403,christensenella,1,1,3.0
12404,chromatography-high-resolution,1,1,3.0
12405,chromatography-mass,1,1,3.0
12406,chromatography-tandem,1,1,3.0
12407,chromium,1,1,3.0
12408,chronic-care,1,1,3.0
12409,chronification,1,1,3.0
12410,cicatricial,1,1,3.0
12411,cigarette,1,1,3.0
12412,ciliopathy,1,1,3.0
12413,cinema,1,1,3.0
12414,cinnamon,1,1,3.0
12415,circuit-based,1,1,3.0
12416,circulations,1,1,3.0
12417,circumflex,1,1,3.0
12418,circumventricular,1,1,3.0
12419,cirrhotic,1,1,3.0
12420,cis-eqtl,1,1,3.0
12421,cis-mendelian,1,1,3.0
12422,cisplatin,1,1,3.0
12423,cite,1,1,3.0
12424,citespace,1,1,3.0
12425,citizens,1,1,3.0
12426,ckd-adapted,1,1,3.0
12427,ckd-cohort,1,1,3.0
12428,ckd-epi,1,1,3.0
12429,ckd-free,1,1,3.0
12430,ckd-management,1,1,3.0
12431,ckd-related,1,1,3.0
12432,ckd-relevant,1,1,3.0
12433,ckd-restricted,1,1,3.0
12434,ckd-trajectories,1,1,3.0
12435,ckd-treatment,1,1,3.0
12436,ckm-related,1,1,3.0
12437,ckms-related,1,1,3.0
12438,cl,1,1,3.0
12439,clad,1,1,3.0
12440,clamp,1,1,3.0
12441,clarification,1,1,3.0
12442,clarifies,1,1,3.0
12443,clarivate,1,1,3.0
12444,class-level,1,1,3.0
12445,classes-including,1,1,3.0
12446,classes-insulin,1,1,3.0
12447,classifiable,1,1,3.0
12448,classifications,1,1,3.0
12449,clathrin,1,1,3.0
12450,clathrin-mediated,1,1,3.0
12451,claudin-5,1,1,3.0
12452,clazakizumab,1,1,3.0
12453,clean,1,1,3.0
12454,clearest,1,1,3.0
12455,cleavage,1,1,3.0
12456,cleaved,1,1,3.0
12457,click,1,1,3.0
12458,climate,1,1,3.0
12459,clindamycin,1,1,3.0
12460,clinformatics,1,1,3.0
12461,clinical-eligibility,1,1,3.0
12462,clinical-risk,1,1,3.0
12463,clinical-utility,1,1,3.0
12464,clinicaltrialsregister,1,1,3.0
12465,clinician-led,1,1,3.0
12466,clinician-recorded,1,1,3.0
12467,clinico-laboratory,1,1,3.0
12468,clinicopathological,1,1,3.0
12469,clinics,1,1,3.0
12470,clocks,1,1,3.0
12471,clomiphene,1,1,3.0
12472,clonal,1,1,3.0
12473,clonazepam,1,1,3.0
12474,clone,1,1,3.0
12475,closest,1,1,3.0
12476,clostridiaceae,1,1,3.0
12477,clozapine-associated,1,1,3.0
12478,clp,1,1,3.0
12479,clpph,1,1,3.0
12480,clpph's,1,1,3.0
12481,cm2,1,1,3.0
12482,cmr,1,1,3.0
12483,cnki,1,1,3.0
12484,cns-specific,1,1,3.0
12485,co-activation,1,1,3.0
12486,co-creation,1,1,3.0
12487,co-existence,1,1,3.0
12488,co-existing,1,1,3.0
12489,co-exposure,1,1,3.0
12490,co-expressed,1,1,3.0
12491,co-expression,1,1,3.0
12492,co-folding,1,1,3.0
12493,co-formulated,1,1,3.0
12494,co-immunoprecipitation,1,1,3.0
12495,co-ingestion,1,1,3.0
12496,co-led,1,1,3.0
12497,co-management,1,1,3.0
12498,co-morbidities,1,1,3.0
12499,co-opt,1,1,3.0
12500,co-opting,1,1,3.0
12501,co-pathology,1,1,3.0
12502,co-prevalence,1,1,3.0
12503,co-segregation,1,1,3.0
12504,co-targeting,1,1,3.0
12505,co-therapeutic,1,1,3.0
12506,co-therapies,1,1,3.0
12507,co-therapy,1,1,3.0
12508,co-use,1,1,3.0
12509,co-variation,1,1,3.0
12510,co2e,1,1,3.0
12511,coacervate,1,1,3.0
12512,coacervates,1,1,3.0
12513,coaches,1,1,3.0
12514,coactivator-1-alpha,1,1,3.0
12515,coactivator-1α,1,1,3.0
12516,coagulation,1,1,3.0
12517,coagulopathy,1,1,3.0
12518,coating,1,1,3.0
12519,cochran,1,1,3.0
12520,coders,1,1,3.0
12521,coefficient,1,1,3.0
12522,coenzyme,1,1,3.0
12523,coercion,1,1,3.0
12524,cognition,1,1,3.0
12525,cognitive-computational,1,1,3.0
12526,cohesion,1,1,3.0
12527,cohort's,1,1,3.0
12528,cohorts-studies,1,1,3.0
12529,coincided,1,1,3.0
12530,col1a1,1,1,3.0
12531,cold-chain,1,1,3.0
12532,collaborating,1,1,3.0
12533,collaborations,1,1,3.0
12534,collagen-induced,1,1,3.0
12535,collapsing,1,1,3.0
12536,collating,1,1,3.0
12537,colleagues,1,1,3.0
12538,college,1,1,3.0
12539,collinsella,1,1,3.0
12540,colloidal,1,1,3.0
12541,colocalization,1,1,3.0
12542,colony-stimulating,1,1,3.0
12543,columbia,1,1,3.0
12544,column,1,1,3.0
12545,columns,1,1,3.0
12546,coma,1,1,3.0
12547,combat,1,1,3.0
12548,combination-therapy,1,1,3.0
12549,combinatorial,1,1,3.0
12550,combined-use,1,1,3.0
12551,comisa,1,1,3.0
12552,commend,1,1,3.0
12553,commended,1,1,3.0
12554,commensals,1,1,3.0
12555,comment,1,1,3.0
12556,comments,1,1,3.0
12557,commissioned,1,1,3.0
12558,committees,1,1,3.0
12559,committing,1,1,3.0
12560,common-soil,1,1,3.0
12561,communication-driven,1,1,3.0
12562,communicatively,1,1,3.0
12563,comorbidity-based,1,1,3.0
12564,comorbidity-focused,1,1,3.0
12565,comorbidity-guided,1,1,3.0
12566,comorbidity-were,1,1,3.0
12567,company-reported,1,1,3.0
12568,comparably,1,1,3.0
12569,comparator-specific,1,1,3.0
12570,comparator-treated,1,1,3.0
12571,compartmentalization,1,1,3.0
12572,compass-31,1,1,3.0
12573,compels,1,1,3.0
12574,compendium,1,1,3.0
12575,competency,1,1,3.0
12576,competition,1,1,3.0
12577,compiled,1,1,3.0
12578,complementarily,1,1,3.0
12579,complemented,1,1,3.0
12580,complementing,1,1,3.0
12581,complete-case,1,1,3.0
12582,completeness,1,1,3.0
12583,complicates,1,1,3.0
12584,complies,1,1,3.0
12585,composed,1,1,3.0
12586,composite-outcome,1,1,3.0
12587,composites,1,1,3.0
12588,compositi,1,1,3.0
12589,composition-guided,1,1,3.0
12590,compositional,1,1,3.0
12591,compounded-product,1,1,3.0
12592,comprehension,1,1,3.0
12593,compressing,1,1,3.0
12594,compressive,1,1,3.0
12595,compromise,1,1,3.0
12596,computable,1,1,3.0
12597,computatıonal,1,1,3.0
12598,computerized,1,1,3.0
12599,conceals,1,1,3.0
12600,concentrate,1,1,3.0
12601,concentration-dependently,1,1,3.0
12602,concentric,1,1,3.0
12603,conceptualisation,1,1,3.0
12604,conceptualization,1,1,3.0
12605,conceptualizations,1,1,3.0
12606,conceptualize,1,1,3.0
12607,conceptualizes,1,1,3.0
12608,concise,1,1,3.0
12609,concluded,1,1,3.0
12610,concluding,1,1,3.0
12611,conclusionexternal,1,1,3.0
12612,conclusionglp-1,1,1,3.0
12613,conclusionin,1,1,3.0
12614,conclusionperioperative,1,1,3.0
12615,conclusionspharmacovigilance,1,1,3.0
12616,conclusionsthe,1,1,3.0
12617,concordance,1,1,3.0
12618,conditioning,1,1,3.0
12619,conduct,1,1,3.0
12620,conduction,1,1,3.0
12621,conductive,1,1,3.0
12622,conference-level,1,1,3.0
12623,conferences,1,1,3.0
12624,confersuperior,1,1,3.0
12625,confines,1,1,3.0
12626,confirmatory,1,1,3.0
12627,conflicts,1,1,3.0
12628,conformationally,1,1,3.0
12629,confronting,1,1,3.0
12630,confusa,1,1,3.0
12631,confusion,1,1,3.0
12632,congeners,1,1,3.0
12633,congress,1,1,3.0
12634,connection,1,1,3.0
12635,connections,1,1,3.0
12636,connectivity,1,1,3.0
12637,consensus-defined,1,1,3.0
12638,consented,1,1,3.0
12639,conservation,1,1,3.0
12640,considers,1,1,3.0
12641,consistent-transformation,1,1,3.0
12642,consolidated,1,1,3.0
12643,consolidates,1,1,3.0
12644,consort,1,1,3.0
12645,consortia,1,1,3.0
12646,conspire,1,1,3.0
12647,constant-temperature,1,1,3.0
12648,constituent,1,1,3.0
12649,constitutively,1,1,3.0
12650,constrains,1,1,3.0
12651,constraint,1,1,3.0
12652,constrictor,1,1,3.0
12653,constructing,1,1,3.0
12654,construction,1,1,3.0
12655,constructions,1,1,3.0
12656,consultations,1,1,3.0
12657,consumer-driven,1,1,3.0
12658,consuming,1,1,3.0
12659,contemplating,1,1,3.0
12660,contested,1,1,3.0
12661,context-adapted,1,1,3.0
12662,context-sensitive,1,1,3.0
12663,context-specific,1,1,3.0
12664,contextualized,1,1,3.0
12665,contingent,1,1,3.0
12666,continual,1,1,3.0
12667,continuity-of-care,1,1,3.0
12668,contour,1,1,3.0
12669,contraceptives,1,1,3.0
12670,contracted,1,1,3.0
12671,contracts,1,1,3.0
12672,contradict,1,1,3.0
12673,contralateral,1,1,3.0
12674,contransporter-2,1,1,3.0
12675,contrast-based,1,1,3.0
12676,contrast-enhanced,1,1,3.0
12677,contrasted,1,1,3.0
12678,control2-5,1,1,3.0
12679,convenience,1,1,3.0
12680,convenient,1,1,3.0
12681,convergence-and,1,1,3.0
12682,converges,1,1,3.0
12683,conversions,1,1,3.0
12684,convertase,1,1,3.0
12685,cooperative,1,1,3.0
12686,coordinately,1,1,3.0
12687,copay,1,1,3.0
12688,copenhagen,1,1,3.0
12689,coping,1,1,3.0
12690,coproporphyrin-i,1,1,3.0
12691,coptis,1,1,3.0
12692,coq10,1,1,3.0
12693,cor,1,1,3.0
12694,cord,1,1,3.0
12695,cornerstones,1,1,3.0
12696,coronavirus,1,1,3.0
12697,corporation,1,1,3.0
12698,correlating,1,1,3.0
12699,correlational,1,1,3.0
12700,correlative,1,1,3.0
12701,correspond,1,1,3.0
12702,corroborates,1,1,3.0
12703,corticosterone,1,1,3.0
12704,cortisol-mediated,1,1,3.0
12705,cost-benefit,1,1,3.0
12706,cost-consuming,1,1,3.0
12707,cost-efficacy,1,1,3.0
12708,cotransporter-1,1,1,3.0
12709,cough,1,1,3.0
12710,coulomb,1,1,3.0
12711,council,1,1,3.0
12712,counsel,1,1,3.0
12713,counseled,1,1,3.0
12714,counter-regulatory,1,1,3.0
12715,counteracted,1,1,3.0
12716,counterbalance,1,1,3.0
12717,counterbalanced,1,1,3.0
12718,countermeasure,1,1,3.0
12719,counting,1,1,3.0
12720,country's,1,1,3.0
12721,county,1,1,3.0
12722,courses,1,1,3.0
12723,covariance,1,1,3.0
12724,covariate,1,1,3.0
12725,cox-proportional,1,1,3.0
12726,co₂e,1,1,3.0
12727,cpap-intolerant,1,1,3.0
12728,cpg,1,1,3.0
12729,cpt,1,1,3.0
12730,cpt1,1,1,3.0
12731,cradle-to-gate,1,1,3.0
12732,craniopharyngioma,1,1,3.0
12733,crates,1,1,3.0
12734,crd42023473875,1,1,3.0
12735,crd42024505558,1,1,3.0
12736,crd420251024082,1,1,3.0
12737,crd420251034652,1,1,3.0
12738,crd420251074381,1,1,3.0
12739,crd420251077729,1,1,3.0
12740,crd420251079970,1,1,3.0
12741,crd420251110220,1,1,3.0
12742,crd420251130232,1,1,3.0
12743,crd420251139475,1,1,3.0
12744,crd420251149266,1,1,3.0
12745,crd420251155026,1,1,3.0
12746,crd420251162316,1,1,3.0
12747,crd420251176164,1,1,3.0
12748,crd420251183938,1,1,3.0
12749,crd420251231137,1,1,3.0
12750,crd420251270326,1,1,3.0
12751,crd42025644064,1,1,3.0
12752,crd42025645378,1,1,3.0
12753,crd420261279841,1,1,3.0
12754,crd420261320374,1,1,3.0
12755,crd420261320840,1,1,3.0
12756,crd420261321430,1,1,3.0
12757,crd420261352699,1,1,3.0
12758,crd420261354941,1,1,3.0
12759,crd420261360886,1,1,3.0
12760,crd420261385854,1,1,3.0
12761,crd420261414637,1,1,3.0
12762,creb-driven,1,1,3.0
12763,credence,1,1,3.0
12764,cris,1,1,3.0
12765,crispatus,1,1,3.0
12766,crispr,1,1,3.0
12767,critical-care,1,1,3.0
12768,critiques,1,1,3.0
12769,cross,1,1,3.0
12770,cross-disorder,1,1,3.0
12771,cross-feeding-propionate,1,1,3.0
12772,cross-intervention,1,1,3.0
12773,cross-national,1,1,3.0
12774,cross-organ,1,1,3.0
12775,cross-over,1,1,3.0
12776,cross-system,1,1,3.0
12777,cross-verification,1,1,3.0
12778,crossbred,1,1,3.0
12779,crossed,1,1,3.0
12780,crosslink,1,1,3.0
12781,crosslinking,1,1,3.0
12782,crush,1,1,3.0
12783,crv431,1,1,3.0
12784,crystal,1,1,3.0
12785,csa,1,1,3.0
12786,ctn,1,1,3.0
12787,ctr20233198,1,1,3.0
12788,cubic,1,1,3.0
12789,cue-elicited,1,1,3.0
12790,cug,1,1,3.0
12791,culprit,1,1,3.0
12792,cultivar,1,1,3.0
12793,cultivars,1,1,3.0
12794,culturally,1,1,3.0
12795,cultured,1,1,3.0
12796,cuprizone,1,1,3.0
12797,curated-module,1,1,3.0
12798,curcumin-encapsulating,1,1,3.0
12799,curcumin-glucuronide,1,1,3.0
12800,curcumin-sulfate,1,1,3.0
12801,curcumin-tgr5-glp-1,1,1,3.0
12802,current-mediated,1,1,3.0
12803,currents,1,1,3.0
12804,curriculum,1,1,3.0
12805,custom,1,1,3.0
12806,cut,1,1,3.0
12807,cut-off,1,1,3.0
12808,cut-offs,1,1,3.0
12809,cutoff,1,1,3.0
12810,cwe,1,1,3.0
12811,cxcr4,1,1,3.0
12812,cy,1,1,3.0
12813,cyanocobalamin,1,1,3.0
12814,cyclin,1,1,3.0
12815,cycling,1,1,3.0
12816,cyclization,1,1,3.0
12817,cyp,1,1,3.0
12818,cyp2c9,1,1,3.0
12819,cyp7a1,1,1,3.0
12820,cyrtonema,1,1,3.0
12821,cyst,1,1,3.0
12822,cystatin,1,1,3.0
12823,cytoarchitecture,1,1,3.0
12824,cytokeratin-18-associated,1,1,3.0
12825,cytoplasm,1,1,3.0
12826,cytoprotective,1,1,3.0
12827,cytotoxicity,1,1,3.0
12828,d-amino,1,1,3.0
12829,d-fructose,1,1,3.0
12830,d-mediated,1,1,3.0
12831,d-¹,1,1,3.0
12832,d1,1,1,3.0
12833,d3,1,1,3.0
12834,da-modulating,1,1,3.0
12835,da-related,1,1,3.0
12836,damage-associated,1,1,3.0
12837,damaging,1,1,3.0
12838,dampen,1,1,3.0
12839,dampening,1,1,3.0
12840,dampens,1,1,3.0
12841,dapa-ckd,1,1,3.0
12842,dapagliflozin-associated,1,1,3.0
12843,dapi,1,1,3.0
12844,daprodustat,1,1,3.0
12845,data-dependent,1,1,3.0
12846,data-mining,1,1,3.0
12847,datalink,1,1,3.0
12848,day-of-surgery,1,1,3.0
12849,day-to-day,1,1,3.0
12850,dc-ren,1,1,3.0
12851,dcct,1,1,3.0
12852,ddi,1,1,3.0
12853,ddis,1,1,3.0
12854,ddp-4i,1,1,3.0
12855,de-contextualization,1,1,3.0
12856,de-intensification-related,1,1,3.0
12857,de-risking,1,1,3.0
12858,deactivation,1,1,3.0
12859,debated,1,1,3.0
12860,deceleration,1,1,3.0
12861,decision-analytic,1,1,3.0
12862,decision-curve,1,1,3.0
12863,decision-support,1,1,3.0
12864,decisive,1,1,3.0
12865,declaration,1,1,3.0
12866,declaring,1,1,3.0
12867,declining,1,1,3.0
12868,decode,1,1,3.0
12869,decomposed,1,1,3.0
12870,decompression-and-fusion,1,1,3.0
12871,decongestants,1,1,3.0
12872,decongestion,1,1,3.0
12873,deconjugation,1,1,3.0
12874,decoration,1,1,3.0
12875,decoupling,1,1,3.0
12876,dedoose,1,1,3.0
12877,deduplicated,1,1,3.0
12878,deemed,1,1,3.0
12879,defaults,1,1,3.0
12880,defences,1,1,3.0
12881,defended,1,1,3.0
12882,defensible,1,1,3.0
12883,defines,1,1,3.0
12884,definite,1,1,3.0
12885,defocus,1,1,3.0
12886,degraded,1,1,3.0
12887,dehydroepiandrosterone,1,1,3.0
12888,deintensification,1,1,3.0
12889,delegate,1,1,3.0
12890,deleted-case,1,1,3.0
12891,deliberate,1,1,3.0
12892,delineating,1,1,3.0
12893,delineation,1,1,3.0
12894,delivery-related,1,1,3.0
12895,delivery-short-chain,1,1,3.0
12896,delocalized,1,1,3.0
12897,delphinidin-3-o-galactoside,1,1,3.0
12898,demand-driven,1,1,3.0
12899,demethoxycurcumin,1,1,3.0
12900,demethylase,1,1,3.0
12901,demográfica,1,1,3.0
12902,demonstrable,1,1,3.0
12903,demoted,1,1,3.0
12904,demyelination,1,1,3.0
12905,denaturant,1,1,3.0
12906,denifanstat,1,1,3.0
12907,deoxycalyxin,1,1,3.0
12908,deoxyribonucleic,1,1,3.0
12909,depleted,1,1,3.0
12910,deployable,1,1,3.0
12911,deployed,1,1,3.0
12912,deployment,1,1,3.0
12913,deployment-oriented,1,1,3.0
12914,depolarization,1,1,3.0
12915,deposits,1,1,3.0
12916,depot-specific,1,1,3.0
12917,deprivation-further,1,1,3.0
12918,derives,1,1,3.0
12919,dermatologist,1,1,3.0
12920,dermatosis,1,1,3.0
12921,dermis,1,1,3.0
12922,dersimonian-laird,1,1,3.0
12923,desaturation,1,1,3.0
12924,desc,1,1,3.0
12925,descending,1,1,3.0
12926,descriptors,1,1,3.0
12927,desensitization-a,1,1,3.0
12928,deserve,1,1,3.0
12929,desiccation,1,1,3.0
12930,designated,1,1,3.0
12931,desired,1,1,3.0
12932,destabilization,1,1,3.0
12933,destabilizes,1,1,3.0
12934,desulfuricans-h2s-r,1,1,3.0
12935,detectably,1,1,3.0
12936,detent,1,1,3.0
12937,deteriorate,1,1,3.0
12938,deteriorates,1,1,3.0
12939,determination,1,1,3.0
12940,detrimental,1,1,3.0
12941,devastating,1,1,3.0
12942,developers,1,1,3.0
12943,deviations,1,1,3.0
12944,device-based,1,1,3.0
12945,device-derived,1,1,3.0
12946,device-related,1,1,3.0
12947,dexa,1,1,3.0
12948,dexcom,1,1,3.0
12949,dextran,1,1,3.0
12950,dextromethorphan,1,1,3.0
12951,dextrose,1,1,3.0
12952,dfa,1,1,3.0
12953,dfs,1,1,3.0
12954,dhea,1,1,3.0
12955,dhea-induced,1,1,3.0
12956,diabetes-cancer,1,1,3.0
12957,diabetes-like,1,1,3.0
12958,diabetes-only,1,1,3.0
12959,diabetes-technologies,1,1,3.0
12960,diabetics,1,1,3.0
12961,diabetogenic,1,1,3.0
12962,diabetologia-2026,1,1,3.0
12963,diabetology,1,1,3.0
12964,diadema,1,1,3.0
12965,diagnose,1,1,3.0
12966,dialysate,1,1,3.0
12967,dialysis-free,1,1,3.0
12968,dialyzing,1,1,3.0
12969,dian-tu,1,1,3.0
12970,diap,1,1,3.0
12971,diaphoresis,1,1,3.0
12972,diary,1,1,3.0
12973,diarylheptanoid,1,1,3.0
12974,diarylheptanoid-chalcone,1,1,3.0
12975,diarylheptanoids,1,1,3.0
12976,dichotomized,1,1,3.0
12977,dictate,1,1,3.0
12978,dictated,1,1,3.0
12979,die,1,1,3.0
12980,diet-alone,1,1,3.0
12981,diet-arm,1,1,3.0
12982,diet-dependent,1,1,3.0
12983,diet-driven,1,1,3.0
12984,diet-epigenome,1,1,3.0
12985,diet-fed,1,1,3.0
12986,diet-microbiome-host,1,1,3.0
12987,diet-plus-exercise,1,1,3.0
12988,diet-quality-adjusted,1,1,3.0
12989,diet-related,1,1,3.0
12990,difference-in-difference,1,1,3.0
12991,differentiate,1,1,3.0
12992,differentiates,1,1,3.0
12993,differentiator,1,1,3.0
12994,differently,1,1,3.0
12995,difficulty,1,1,3.0
12996,difluoroacetic,1,1,3.0
12997,digital-care,1,1,3.0
12998,digital-feature,1,1,3.0
12999,digitally,1,1,3.0
13000,digitally-delivered,1,1,3.0
13001,dihydrotestosterone,1,1,3.0
13002,dilator,1,1,3.0
13003,dilute-and-shoot,1,1,3.0
13004,dilution,1,1,3.0
13005,dimensionality,1,1,3.0
13006,dimerizing,1,1,3.0
13007,dimethyl,1,1,3.0
13008,dimethylformamide,1,1,3.0
13009,dimorphic,1,1,3.0
13010,dims,1,1,3.0
13011,dip,1,1,3.0
13012,dipeptidyl-peptidase-4,1,1,3.0
13013,diploma,1,1,3.0
13014,dipole-dipole,1,1,3.0
13015,directing,1,1,3.0
13016,directory,1,1,3.0
13017,directs,1,1,3.0
13018,dis,1,1,3.0
13019,disadvantage,1,1,3.0
13020,disadvantaged,1,1,3.0
13021,disagree,1,1,3.0
13022,disagreement,1,1,3.0
13023,disambiguate,1,1,3.0
13024,disappeared,1,1,3.0
13025,disclosed,1,1,3.0
13026,discloses,1,1,3.0
13027,disclosures,1,1,3.0
13028,discomforting,1,1,3.0
13029,discordance,1,1,3.0
13030,discordant,1,1,3.0
13031,discourages,1,1,3.0
13032,discovered,1,1,3.0
13033,discrepancies,1,1,3.0
13034,discrete-choice,1,1,3.0
13035,discriminating,1,1,3.0
13036,disease-agnostic,1,1,3.0
13037,disease-free,1,1,3.0
13038,disease-increases,1,1,3.0
13039,disease-interception,1,1,3.0
13040,disease-stage,1,1,3.0
13041,diseases6,1,1,3.0
13042,disentangling,1,1,3.0
13043,disintegrating,1,1,3.0
13044,disordersand,1,1,3.0
13045,dispense,1,1,3.0
13046,dispensings,1,1,3.0
13047,displaying,1,1,3.0
13048,disruptive,1,1,3.0
13049,disruptors,1,1,3.0
13050,dissected,1,1,3.0
13051,dissection,1,1,3.0
13052,dissociable,1,1,3.0
13053,dissociate,1,1,3.0
13054,dissociates,1,1,3.0
13055,dissociating,1,1,3.0
13056,dissolving,1,1,3.0
13057,distances,1,1,3.0
13058,distinctions,1,1,3.0
13059,distinctiveness,1,1,3.0
13060,distortion,1,1,3.0
13061,district,1,1,3.0
13062,disulfide-bridge,1,1,3.0
13063,disulfide-rich,1,1,3.0
13064,diterpenoid,1,1,3.0
13065,diterpenoids,1,1,3.0
13066,dithiothreitol,1,1,3.0
13067,dive,1,1,3.0
13068,diverge,1,1,3.0
13069,divergences,1,1,3.0
13070,diversion,1,1,3.0
13071,diverts,1,1,3.0
13072,division,1,1,3.0
13073,divorced,1,1,3.0
13074,dizziness,1,1,3.0
13075,dj-1,1,1,3.0
13076,dlqi,1,1,3.0
13077,dls,1,1,3.0
13078,dls-specific,1,1,3.0
13079,dm-related,1,1,3.0
13080,dmds,1,1,3.0
13081,dmn-mediated,1,1,3.0
13082,dmso,1,1,3.0
13083,dmxaa,1,1,3.0
13084,dna-methylation,1,1,3.0
13085,dnl,1,1,3.0
13086,docked,1,1,3.0
13087,dodecyl,1,1,3.0
13088,domain-containing-3,1,1,3.0
13089,dominance,1,1,3.0
13090,dominantly,1,1,3.0
13091,dominating,1,1,3.0
13092,donepezil,1,1,3.0
13093,donor,1,1,3.0
13094,donor-conditioned,1,1,3.0
13095,donor-derived,1,1,3.0
13096,dorper,1,1,3.0
13097,dorsal,1,1,3.0
13098,dorsi,1,1,3.0
13099,dose-driven,1,1,3.0
13100,dose-escalated,1,1,3.0
13101,dose-exposure,1,1,3.0
13102,dose-finding,1,1,3.0
13103,dose-intensity,1,1,3.0
13104,dose-limiting,1,1,3.0
13105,dose-time,1,1,3.0
13106,dotap-mediated,1,1,3.0
13107,double,1,1,3.0
13108,double-blinded,1,1,3.0
13109,double-counting,1,1,3.0
13110,double-crossover,1,1,3.0
13111,double-digit,1,1,3.0
13112,double-eged,1,1,3.0
13113,double-hit,1,1,3.0
13114,doubling,1,1,3.0
13115,down-titrate,1,1,3.0
13116,downregulate,1,1,3.0
13117,dpard,1,1,3.0
13118,dpn-related,1,1,3.0
13119,drafting,1,1,3.0
13120,drain,1,1,3.0
13121,draining,1,1,3.0
13122,drank,1,1,3.0
13123,dream-enactment,1,1,3.0
13124,drift,1,1,3.0
13125,dronabinol,1,1,3.0
13126,drop-off,1,1,3.0
13127,droplets,1,1,3.0
13128,dropout,1,1,3.0
13129,drove,1,1,3.0
13130,drug's,1,1,3.0
13131,drug-class-specific,1,1,3.0
13132,drug-development,1,1,3.0
13133,drug-device,1,1,3.0
13134,drug-mediated,1,1,3.0
13135,drug-responsive,1,1,3.0
13136,drug-taking,1,1,3.0
13137,drummond,1,1,3.0
13138,dry,1,1,3.0
13139,dsc,1,1,3.0
13140,dsmi,1,1,3.0
13141,dss,1,1,3.0
13142,dss-induced,1,1,3.0
13143,dts,1,1,3.0
13144,dtt,1,1,3.0
13145,dtt-responsive,1,1,3.0
13146,dual-endpoint,1,1,3.0
13147,dual-layer,1,1,3.0
13148,dual-pathway,1,1,3.0
13149,dual-target,1,1,3.0
13150,dual-transporter-targeted,1,1,3.0
13151,duality,1,1,3.0
13152,dulaglutide-induced,1,1,3.0
13153,dumping,1,1,3.0
13154,dunedinpace,1,1,3.0
13155,duodenum,1,1,3.0
13156,dwat,1,1,3.0
13157,dxa-based,1,1,3.0
13158,dynamics-ranging,1,1,3.0
13159,dynamics-the,1,1,3.0
13160,dynamin-related,1,1,3.0
13161,dynasty,1,1,3.0
13162,dysarthria,1,1,3.0
13163,dysbiosis-directed,1,1,3.0
13164,dysesthesia,1,1,3.0
13165,dysesthesias,1,1,3.0
13166,dysfunction-adma,1,1,3.0
13167,dysfunction-such,1,1,3.0
13168,dysfunctionassociated,1,1,3.0
13169,dysfunctions,1,1,3.0
13170,dysglycemic,1,1,3.0
13171,dyslipidaemic,1,1,3.0
13172,dysmotility,1,1,3.0
13173,dyspepsia,1,1,3.0
13174,dysphonia,1,1,3.0
13175,dyspnoea,1,1,3.0
13176,e-value,1,1,3.0
13177,e10,1,1,3.0
13178,earlier-generation,1,1,3.0
13179,early-access,1,1,3.0
13180,early-life,1,1,3.0
13181,ease,1,1,3.0
13182,easier,1,1,3.0
13183,easo-efad-ecpo,1,1,3.0
13184,eastern,1,1,3.0
13185,eat-derived,1,1,3.0
13186,eating-related,1,1,3.0
13187,eb05,1,1,3.0
13188,ebm,1,1,3.0
13189,ebmt-alone,1,1,3.0
13190,ebmts,1,1,3.0
13191,ebpα,1,1,3.0
13192,ebsco,1,1,3.0
13193,echocardiographic,1,1,3.0
13194,echomri,1,1,3.0
13195,ecim,1,1,3.0
13196,economically,1,1,3.0
13197,economics,1,1,3.0
13198,economy,1,1,3.0
13199,eczema,1,1,3.0
13200,edds,1,1,3.0
13201,edible,1,1,3.0
13202,editing,1,1,3.0
13203,edition,1,1,3.0
13204,editors,1,1,3.0
13205,edmonton,1,1,3.0
13206,eds,1,1,3.0
13207,edss,1,1,3.0
13208,educating,1,1,3.0
13209,edv,1,1,3.0
13210,eef1a1,1,1,3.0
13211,eeg,1,1,3.0
13212,efferent,1,1,3.0
13213,efficacy-effectiveness,1,1,3.0
13214,efficacyof,1,1,3.0
13215,efficiently,1,1,3.0
13216,effort-based,1,1,3.0
13217,efpeglenatide's,1,1,3.0
13218,efruxifermin,1,1,3.0
13219,egfp,1,1,3.0
13220,egfp-labelled,1,1,3.0
13221,egg,1,1,3.0
13222,eggshell,1,1,3.0
13223,egr1-mediated,1,1,3.0
13224,egypt,1,1,3.0
13225,ehr-based,1,1,3.0
13226,ei,1,1,3.0
13227,eicosatrienoic,1,1,3.0
13228,eight-month,1,1,3.0
13229,eighty-three,1,1,3.0
13230,elaborated,1,1,3.0
13231,elaborates,1,1,3.0
13232,elastographic,1,1,3.0
13233,electric,1,1,3.0
13234,electrically,1,1,3.0
13235,electrocardiography,1,1,3.0
13236,electrolyte-dependent,1,1,3.0
13237,electrolytes,1,1,3.0
13238,electromagnetic,1,1,3.0
13239,electrophoresis,1,1,3.0
13240,electrophysiologic,1,1,3.0
13241,electrospinning,1,1,3.0
13242,electrospun,1,1,3.0
13243,electrostatics,1,1,3.0
13244,elegantly,1,1,3.0
13245,element-binding,1,1,3.0
13246,elevate,1,1,3.0
13247,elevating,1,1,3.0
13248,elicit,1,1,3.0
13249,eliminated,1,1,3.0
13250,eliminates,1,1,3.0
13251,eliminating,1,1,3.0
13252,elixhauser,1,1,3.0
13253,ellagitannins,1,1,3.0
13254,eloralintide's,1,1,3.0
13255,elsevier,1,1,3.0
13256,elucidates,1,1,3.0
13257,elucidation,1,1,3.0
13258,elusive-realised,1,1,3.0
13259,elution,1,1,3.0
13260,embedding,1,1,3.0
13261,embryonic,1,1,3.0
13262,emergencies,1,1,3.0
13263,emesis,1,1,3.0
13264,emotive,1,1,3.0
13265,empa-kidney,1,1,3.0
13266,emperor-preserved,1,1,3.0
13267,emphasise,1,1,3.0
13268,emphasised,1,1,3.0
13269,emphasises,1,1,3.0
13270,empiric,1,1,3.0
13271,employs,1,1,3.0
13272,emps,1,1,3.0
13273,empty,1,1,3.0
13274,empty-vector,1,1,3.0
13275,emr,1,1,3.0
13276,emulate,1,1,3.0
13277,emulating,1,1,3.0
13278,emulations,1,1,3.0
13279,emulsion,1,1,3.0
13280,en,1,1,3.0
13281,enacted,1,1,3.0
13282,enactive,1,1,3.0
13283,enc,1,1,3.0
13284,encephalomyelitis,1,1,3.0
13285,enchid,1,1,3.0
13286,encompassed,1,1,3.0
13287,encountered,1,1,3.0
13288,encouraged,1,1,3.0
13289,encuesta,1,1,3.0
13290,end-feet,1,1,3.0
13291,end-of-study,1,1,3.0
13292,end-product,1,1,3.0
13293,endes,1,1,3.0
13294,ending,1,1,3.0
13295,endocannabinoids,1,1,3.0
13296,endocrine-like,1,1,3.0
13297,endocrine-metabolic,1,1,3.0
13298,endocrine-metabolic-gut-brain,1,1,3.0
13299,endocrinological,1,1,3.0
13300,endocrinopathies,1,1,3.0
13301,endocytic,1,1,3.0
13302,endocytosis,1,1,3.0
13303,endogenously,1,1,3.0
13304,endometrium,1,1,3.0
13305,endopat,1,1,3.0
13306,endorse,1,1,3.0
13307,endorses,1,1,3.0
13308,endorsing,1,1,3.0
13309,endoscopist's,1,1,3.0
13310,endosomal-mitochondrial,1,1,3.0
13311,endothelial-astrocyte,1,1,3.0
13312,endothelial-derived,1,1,3.0
13313,endothelial-stabilising,1,1,3.0
13314,endotoxin,1,1,3.0
13315,endotypes,1,1,3.0
13316,endotyping,1,1,3.0
13317,endovascular,1,1,3.0
13318,energy-intake,1,1,3.0
13319,enforced,1,1,3.0
13320,engagement-persistence,1,1,3.0
13321,engendered,1,1,3.0
13322,engines,1,1,3.0
13323,england,1,1,3.0
13324,enhancer-binding,1,1,3.0
13325,enjoyable,1,1,3.0
13326,enjoyment,1,1,3.0
13327,enquire,1,1,3.0
13328,enrolment,1,1,3.0
13329,ensmust00000155383,1,1,3.0
13330,ensuing,1,1,3.0
13331,ensures,1,1,3.0
13332,entail,1,1,3.0
13333,enterocytes,1,1,3.0
13334,enterocytic,1,1,3.0
13335,enteroendocrine-like,1,1,3.0
13336,enterohepatic,1,1,3.0
13337,enteropancreatic,1,1,3.0
13338,enterprise,1,1,3.0
13339,entities,1,1,3.0
13340,entitled,1,1,3.0
13341,entpd1,1,1,3.0
13342,entpd3,1,1,3.0
13343,entrenchment,1,1,3.0
13344,environments,1,1,3.0
13345,eosinophilic,1,1,3.0
13346,epic's,1,1,3.0
13347,epistemonikos,1,1,3.0
13348,eplerenone,1,1,3.0
13349,eqtlgen,1,1,3.0
13350,equitably,1,1,3.0
13351,erasing,1,1,3.0
13352,erk-dependent,1,1,3.0
13353,erk-mediated,1,1,3.0
13354,erk1,1,1,3.0
13355,eructation,1,1,3.0
13356,eruptions,1,1,3.0
13357,erythema,1,1,3.0
13358,erythropoiesis-stimulating,1,1,3.0
13359,esada,1,1,3.0
13360,esophagectomy,1,1,3.0
13361,esophagitis,1,1,3.0
13362,esposure,1,1,3.0
13363,esr1-associated,1,1,3.0
13364,essay,1,1,3.0
13365,esterification,1,1,3.0
13366,estimable,1,1,3.0
13367,estimands,1,1,3.0
13368,estimator,1,1,3.0
13369,estimators,1,1,3.0
13370,estrogen-driven,1,1,3.0
13371,estrogenic,1,1,3.0
13372,etc,1,1,3.0
13373,etco₂,1,1,3.0
13374,ethanol,1,1,3.0
13375,ether,1,1,3.0
13376,ethics,1,1,3.0
13377,ethics-approved,1,1,3.0
13378,ethnopharmacological,1,1,3.0
13379,ethylene,1,1,3.0
13380,etiology-specific,1,1,3.0
13381,eubiosis,1,1,3.0
13382,eudka,1,1,3.0
13383,euglycaemic,1,1,3.0
13384,euglycemic,1,1,3.0
13385,eugonadal,1,1,3.0
13386,europepmc,1,1,3.0
13387,euroqol,1,1,3.0
13388,eus-guided,1,1,3.0
13389,euthyroid,1,1,3.0
13390,evade,1,1,3.0
13391,evaluation-to,1,1,3.0
13392,evaluator,1,1,3.0
13393,evasion,1,1,3.0
13394,event-free,1,1,3.0
13395,events-remains,1,1,3.0
13396,eventual,1,1,3.0
13397,ever-evolving,1,1,3.0
13398,ever-use,1,1,3.0
13399,evidence-from,1,1,3.0
13400,evidence-gap,1,1,3.0
13401,evidence-informed,1,1,3.0
13402,evidentiary,1,1,3.0
13403,evokes,1,1,3.0
13404,evolves,1,1,3.0
13405,evs,1,1,3.0
13406,exacerbate,1,1,3.0
13407,exacerbates,1,1,3.0
13408,exacerbating,1,1,3.0
13409,exaggerated,1,1,3.0
13410,exceedingly,1,1,3.0
13411,excellence,1,1,3.0
13412,exchange-based,1,1,3.0
13413,exchanger,1,1,3.0
13414,exchanges,1,1,3.0
13415,excipient,1,1,3.0
13416,excitability,1,1,3.0
13417,executed,1,1,3.0
13418,execution,1,1,3.0
13419,executive,1,1,3.0
13420,exemplifies,1,1,3.0
13421,exenatide-pd3,1,1,3.0
13422,exendin-4-functionalized,1,1,3.0
13423,exendin-based,1,1,3.0
13424,exendin-linker-apelin,1,1,3.0
13425,exendin9-39,1,1,3.0
13426,exercise-based,1,1,3.0
13427,exercise-only,1,1,3.0
13428,exercising,1,1,3.0
13429,exhibiting,1,1,3.0
13430,existence,1,1,3.0
13431,exocrine,1,1,3.0
13432,exome,1,1,3.0
13433,exosomes,1,1,3.0
13434,expander,1,1,3.0
13435,expenditures,1,1,3.0
13436,expert-driven,1,1,3.0
13437,expertise,1,1,3.0
13438,expiry,1,1,3.0
13439,explainability,1,1,3.0
13440,explaining,1,1,3.0
13441,exponentially,1,1,3.0
13442,exposure-induced,1,1,3.0
13443,exposure-injury-structure-function,1,1,3.0
13444,expressions,1,1,3.0
13445,exquisitely,1,1,3.0
13446,extant,1,1,3.0
13447,extended-interval,1,1,3.0
13448,extension-phase,1,1,3.0
13449,extensions,1,1,3.0
13450,external-consistency,1,1,3.0
13451,extra,1,1,3.0
13452,extractable,1,1,3.0
13453,extracutaneous,1,1,3.0
13454,extraordinary,1,1,3.0
13455,extremities,1,1,3.0
13456,extrinsic,1,1,3.0
13457,extrusion,1,1,3.0
13458,eyes,1,1,3.0
13459,ezetimibe,1,1,3.0
13460,f-box,1,1,3.0
13461,f12,1,1,3.0
13462,fabrication,1,1,3.0
13463,faced,1,1,3.0
13464,facets,1,1,3.0
13465,facilitating,1,1,3.0
13466,facilitation,1,1,3.0
13467,fact,1,1,3.0
13468,factor-κb,1,1,3.0
13469,fad,1,1,3.0
13470,faecalibacterium,1,1,3.0
13471,faecalicatena,1,1,3.0
13472,faecousia,1,1,3.0
13473,faers-based,1,1,3.0
13474,failure-type,1,1,3.0
13475,failures,1,1,3.0
13476,fair-to-good,1,1,3.0
13477,falling,1,1,3.0
13478,false-positive,1,1,3.0
13479,falsifiable,1,1,3.0
13480,familiar,1,1,3.0
13481,familiarity,1,1,3.0
13482,family-level,1,1,3.0
13483,far-reaching,1,1,3.0
13484,fasciculine,1,1,3.0
13485,fashioning,1,1,3.0
13486,fasn,1,1,3.0
13487,fast-acting,1,1,3.0
13488,fasting-mimetic,1,1,3.0
13489,fat-intensity,1,1,3.0
13490,fatherhood,1,1,3.0
13491,fatty-acid,1,1,3.0
13492,favorable-profile,1,1,3.0
13493,fbg,1,1,3.0
13494,fbxo32,1,1,3.0
13495,fc-fusion,1,1,3.0
13496,fd,1,1,3.0
13497,fda-reported,1,1,3.0
13498,fdr-positive,1,1,3.0
13499,fdr-significant,1,1,3.0
13500,fears,1,1,3.0
13501,febrile,1,1,3.0
13502,fed-batch,1,1,3.0
13503,fedrated,1,1,3.0
13504,feeds,1,1,3.0
13505,female-identifying,1,1,3.0
13506,feno,1,1,3.0
13507,fertile,1,1,3.0
13508,ffa,1,1,3.0
13509,ffar4,1,1,3.0
13510,ffl,1,1,3.0
13511,fg,1,1,3.0
13512,fgf-21,1,1,3.0
13513,fgf15,1,1,3.0
13514,fgf23,1,1,3.0
13515,fh,1,1,3.0
13516,fh-related,1,1,3.0
13517,fibrils,1,1,3.0
13518,fibroscan-ast,1,1,3.0
13519,field's,1,1,3.0
13520,fifty-five,1,1,3.0
13521,fig,1,1,3.0
13522,figure,1,1,3.0
13523,filamin,1,1,3.0
13524,filler-like,1,1,3.0
13525,filling,1,1,3.0
13526,fills,1,1,3.0
13527,final-titer,1,1,3.0
13528,fine,1,1,3.0
13529,fine-one,1,1,3.0
13530,fine-stratification,1,1,3.0
13531,finite,1,1,3.0
13532,firing,1,1,3.0
13533,firmness,1,1,3.0
13534,first-degree,1,1,3.0
13535,first-ever,1,1,3.0
13536,first-generation,1,1,3.0
13537,first-in-human,1,1,3.0
13538,first-recorded,1,1,3.0
13539,first-user,1,1,3.0
13540,fischer,1,1,3.0
13541,fisher,1,1,3.0
13542,fit,1,1,3.0
13543,fitbits,1,1,3.0
13544,fits,1,1,3.0
13545,fitzpatrick,1,1,3.0
13546,five-fold,1,1,3.0
13547,five-state,1,1,3.0
13548,fixed-timepoint,1,1,3.0
13549,flagging,1,1,3.0
13550,flags,1,1,3.0
13551,flare,1,1,3.0
13552,flares,1,1,3.0
13553,flatness,1,1,3.0
13554,flavonols,1,1,3.0
13555,flavor,1,1,3.0
13556,flavor-flavor,1,1,3.0
13557,flavor-nutrient,1,1,3.0
13558,flavored,1,1,3.0
13559,flexneri,1,1,3.0
13560,flight,1,1,3.0
13561,flight-associated,1,1,3.0
13562,flora,1,1,3.0
13563,flow-mediated,1,1,3.0
13564,flow-nmr,1,1,3.0
13565,flu,1,1,3.0
13566,fluids,1,1,3.0
13567,fmd,1,1,3.0
13568,fmoc-based,1,1,3.0
13569,fmoc-protected,1,1,3.0
13570,fnl,1,1,3.0
13571,focal,1,1,3.0
13572,folate-dependent,1,1,3.0
13573,folklore,1,1,3.0
13574,follicles,1,1,3.0
13575,folliculogenesis,1,1,3.0
13576,fondaparinux,1,1,3.0
13577,food-associated,1,1,3.0
13578,food-cue,1,1,3.0
13579,food-derived,1,1,3.0
13580,food-level,1,1,3.0
13581,food-seeking,1,1,3.0
13582,foodborne,1,1,3.0
13583,footnotes,1,1,3.0
13584,footprints,1,1,3.0
13585,ford,1,1,3.0
13586,forefront,1,1,3.0
13587,forest,1,1,3.0
13588,forestall,1,1,3.0
13589,forests,1,1,3.0
13590,forkhead,1,1,3.0
13591,formed,1,1,3.0
13592,formidable,1,1,3.0
13593,formulary,1,1,3.0
13594,fortunately,1,1,3.0
13595,forty,1,1,3.0
13596,forty-eight,1,1,3.0
13597,forty-four,1,1,3.0
13598,forty-three,1,1,3.0
13599,founded,1,1,3.0
13600,four-cluster,1,1,3.0
13601,four-principle,1,1,3.0
13602,fourier-transform,1,1,3.0
13603,fourteen,1,1,3.0
13604,foxa1-mediated,1,1,3.0
13605,foxo1,1,1,3.0
13606,foxo3a,1,1,3.0
13607,foxp3,1,1,3.0
13608,fqhc,1,1,3.0
13609,fqhcs,1,1,3.0
13610,fractionation,1,1,3.0
13611,fracture-centred,1,1,3.0
13612,fragile,1,1,3.0
13613,fragments,1,1,3.0
13614,frailty-related,1,1,3.0
13615,framework-from,1,1,3.0
13616,framework-the,1,1,3.0
13617,free-testosterone,1,1,3.0
13618,free-text,1,1,3.0
13619,french,1,1,3.0
13620,fresenius,1,1,3.0
13621,front,1,1,3.0
13622,front-loaded,1,1,3.0
13623,frontrunner,1,1,3.0
13624,fruitful,1,1,3.0
13625,fruits,1,1,3.0
13626,fsp1,1,1,3.0
13627,ftir,1,1,3.0
13628,fuel,1,1,3.0
13629,fulfillment,1,1,3.0
13630,full-agonist,1,1,3.0
13631,full-scan,1,1,3.0
13632,function-centered,1,1,3.0
13633,function-related,1,1,3.0
13634,functionality,1,1,3.0
13635,functionalization,1,1,3.0
13636,functionalized,1,1,3.0
13637,functioned,1,1,3.0
13638,funders,1,1,3.0
13639,fungus,1,1,3.0
13640,fusion-specific,1,1,3.0
13641,fusion-which,1,1,3.0
13642,futility,1,1,3.0
13643,fxr-modulating,1,1,3.0
13644,fxr-tgr5-glp-1,1,1,3.0
13645,g-formula,1,1,3.0
13646,g-protein,1,1,3.0
13647,g-protein-biased,1,1,3.0
13648,g1-g3b,1,1,3.0
13649,g6,1,1,3.0
13650,gabaergic,1,1,3.0
13651,gadus,1,1,3.0
13652,gallol-mediated,1,1,3.0
13653,gamma-glutamyl,1,1,3.0
13654,ganglia,1,1,3.0
13655,garlic,1,1,3.0
13656,gasseri,1,1,3.0
13657,gastric-emptying,1,1,3.0
13658,gastro-oesophageal,1,1,3.0
13659,gastroenterological,1,1,3.0
13660,gastroplasty,1,1,3.0
13661,gastroscopy,1,1,3.0
13662,gastrostomy,1,1,3.0
13663,gata6-dependent,1,1,3.0
13664,gate-keeping,1,1,3.0
13665,gather,1,1,3.0
13666,gathered,1,1,3.0
13667,gathering,1,1,3.0
13668,gaunt,1,1,3.0
13669,gavaged,1,1,3.0
13670,gave,1,1,3.0
13671,gc,1,1,3.0
13672,gc-innervating,1,1,3.0
13673,gcase,1,1,3.0
13674,gcgr-deficient,1,1,3.0
13675,gcr,1,1,3.0
13676,gcst90691839,1,1,3.0
13677,gcst90691840,1,1,3.0
13678,gcst90691841,1,1,3.0
13679,gdc,1,1,3.0
13680,gdf-15,1,1,3.0
13681,gdp,1,1,3.0
13682,gene-related,1,1,3.0
13683,generalisability,1,1,3.0
13684,generalisation,1,1,3.0
13685,generalize,1,1,3.0
13686,generations,1,1,3.0
13687,genital-safety,1,1,3.0
13688,genomic,1,1,3.0
13689,genotoxicity,1,1,3.0
13690,genotype,1,1,3.0
13691,gentamicin,1,1,3.0
13692,geometries,1,1,3.0
13693,geometry-cargo,1,1,3.0
13694,gerd-related,1,1,3.0
13695,geriatric,1,1,3.0
13696,germinal,1,1,3.0
13697,geroprotectors,1,1,3.0
13698,geroscience,1,1,3.0
13699,gerotherapeutics,1,1,3.0
13700,gfp,1,1,3.0
13701,gfr,1,1,3.0
13702,gh-resistant,1,1,3.0
13703,ghba1c,1,1,3.0
13704,gi-ae,1,1,3.0
13705,gi-related,1,1,3.0
13706,gip-based,1,1,3.0
13707,gip-positive,1,1,3.0
13708,gipra,1,1,3.0
13709,girl,1,1,3.0
13710,gksset's,1,1,3.0
13711,glasses,1,1,3.0
13712,glean,1,1,3.0
13713,glia,1,1,3.0
13714,gliflozins,1,1,3.0
13715,glimins-class,1,1,3.0
13716,glinides,1,1,3.0
13717,gliptins,1,1,3.0
13718,gln221,1,1,3.0
13719,global-regional,1,1,3.0
13720,globe,1,1,3.0
13721,globular,1,1,3.0
13722,globulins,1,1,3.0
13723,glomerulomegaly,1,1,3.0
13724,glomerulonephritis,1,1,3.0
13725,glomerulopathy,1,1,3.0
13726,glomerulosclerosis,1,1,3.0
13727,glp-1's,1,1,3.0
13728,glp-1-consistent,1,1,3.0
13729,glp-1-dependent,1,1,3.0
13730,glp-1-gip,1,1,3.0
13731,glp-1-insulin,1,1,3.0
13732,glp-1-metformin,1,1,3.0
13733,glp-1-producing,1,1,3.0
13734,glp-1-receptor,1,1,3.0
13735,glp-1-secreting,1,1,3.0
13736,glp-1-sglt2i,1,1,3.0
13737,glp-1-sulfonylurea,1,1,3.0
13738,glp-1-treatment,1,1,3.0
13739,glp-1a-exposed,1,1,3.0
13740,glp-1r-ampk,1,1,3.0
13741,glp-1r-based,1,1,3.0
13742,glp-1r-engaging,1,1,3.0
13743,glp-1r-related,1,1,3.0
13744,glp-1r-targeting,1,1,3.0
13745,glp-1ra's,1,1,3.0
13746,glp-1ra-exposed,1,1,3.0
13747,glp-1ra-induced,1,1,3.0
13748,glp-1ra-related,1,1,3.0
13749,glp-1ra-supported,1,1,3.0
13750,glp-1rats,1,1,3.0
13751,glp-based,1,1,3.0
13752,glp1-gip,1,1,3.0
13753,glp1a,1,1,3.0
13754,glp1r-deficient,1,1,3.0
13755,glp1ra-dependent,1,1,3.0
13756,glp1ra-mediated,1,1,3.0
13757,glpg0974,1,1,3.0
13758,glucagon-1,1,1,3.0
13759,glucagon-immunoreactive,1,1,3.0
13760,glucagon-induced,1,1,3.0
13761,glucagon-like-peptide-1,1,1,3.0
13762,glucocorticoid-regulated,1,1,3.0
13763,glucocorticoids,1,1,3.0
13764,glucogalactomannans,1,1,3.0
13765,glucokinase,1,1,3.0
13766,glucolipid,1,1,3.0
13767,glucolipotoxic,1,1,3.0
13768,glucosamine,1,1,3.0
13769,glucose-centric,1,1,3.0
13770,glucose-independent,1,1,3.0
13771,glucose-mediated,1,1,3.0
13772,glucose-related,1,1,3.0
13773,glucose-sensitive,1,1,3.0
13774,glucose-stabilising,1,1,3.0
13775,glucotoxicity,1,1,3.0
13776,gluredia,1,1,3.0
13777,glut-4,1,1,3.0
13778,glut4,1,1,3.0
13779,glutamate,1,1,3.0
13780,glutathione-related,1,1,3.0
13781,glycaemia-lowering,1,1,3.0
13782,glycemia-based,1,1,3.0
13783,glycemia-only,1,1,3.0
13784,glycine,1,1,3.0
13785,glycodeoxycholate,1,1,3.0
13786,glycol,1,1,3.0
13787,glycolysis,1,1,3.0
13788,glycolysis-related,1,1,3.0
13789,glycomacropeptide,1,1,3.0
13790,glymphatic,1,1,3.0
13791,gm-derived,1,1,3.0
13792,gm-glp-1,1,1,3.0
13793,gmh,1,1,3.0
13794,gmr,1,1,3.0
13795,gnina,1,1,3.0
13796,gnrh,1,1,3.0
13797,goes,1,1,3.0
13798,going,1,1,3.0
13799,golgi,1,1,3.0
13800,gonadotropins,1,1,3.0
13801,gone,1,1,3.0
13802,governance,1,1,3.0
13803,governmental,1,1,3.0
13804,governs,1,1,3.0
13805,govnct04652479,1,1,3.0
13806,gpcr-tailored,1,1,3.0
13807,gpcrs,1,1,3.0
13808,gph,1,1,3.0
13809,gpr120,1,1,3.0
13810,gprotein-coupled,1,1,3.0
13811,gr-7,1,1,3.0
13812,gra,1,1,3.0
13813,gradually,1,1,3.0
13814,graft-related,1,1,3.0
13815,grams,1,1,3.0
13816,grants,1,1,3.0
13817,granular,1,1,3.0
13818,granules,1,1,3.0
13819,granulocytic,1,1,3.0
13820,granulomatous,1,1,3.0
13821,graph,1,1,3.0
13822,graphical,1,1,3.0
13823,grappa,1,1,3.0
13824,gravitational,1,1,3.0
13825,grip,1,1,3.0
13826,gross,1,1,3.0
13827,grounding,1,1,3.0
13828,groundwork,1,1,3.0
13829,group's,1,1,3.0
13830,group-associated,1,1,3.0
13831,group-based,1,1,3.0
13832,group-specific,1,1,3.0
13833,grown,1,1,3.0
13834,grp78,1,1,3.0
13835,gs-coupled,1,1,3.0
13836,gsdmd,1,1,3.0
13837,gsk,1,1,3.0
13838,gsk3β,1,1,3.0
13839,guanidinium,1,1,3.0
13840,guanosine,1,1,3.0
13841,guardians,1,1,3.0
13842,guardrails,1,1,3.0
13843,guideline-based,1,1,3.0
13844,guilds,1,1,3.0
13845,gut-barrier-mediated,1,1,3.0
13846,gut-centered,1,1,3.0
13847,gut-directed,1,1,3.0
13848,gut-endocrine,1,1,3.0
13849,gut-liver-kidney,1,1,3.0
13850,gut-on-a-chip,1,1,3.0
13851,gut-pancreas,1,1,3.0
13852,gut-related,1,1,3.0
13853,gut-restricted,1,1,3.0
13854,gut-secreted,1,1,3.0
13855,gut-skin,1,1,3.0
13856,gwas,1,1,3.0
13857,gynaecologic,1,1,3.0
13858,gynaecology,1,1,3.0
13859,gynecologic,1,1,3.0
13860,gynecology,1,1,3.0
13861,gα,1,1,3.0
13862,gαs,1,1,3.0
13863,gαs-related,1,1,3.0
13864,h2o2,1,1,3.0
13865,habitual,1,1,3.0
13866,haematologic,1,1,3.0
13867,haematology,1,1,3.0
13868,haemodynamics,1,1,3.0
13869,haemolysis,1,1,3.0
13870,half-lives,1,1,3.0
13871,hallucinations,1,1,3.0
13872,halting,1,1,3.0
13873,halved,1,1,3.0
13874,hand-searched,1,1,3.0
13875,hand-searches,1,1,3.0
13876,handled,1,1,3.0
13877,hands,1,1,3.0
13878,hangzhou,1,1,3.0
13879,haptoglobin,1,1,3.0
13880,harmful,1,1,3.0
13881,harmine-pka-dyrk1a,1,1,3.0
13882,harmonization,1,1,3.0
13883,harmony,1,1,3.0
13884,harms,1,1,3.0
13885,harness,1,1,3.0
13886,harnessing,1,1,3.0
13887,hart-et-al,1,1,3.0
13888,hartung-knapp-sidik-jonkman,1,1,3.0
13889,has-bled,1,1,3.0
13890,haugh,1,1,3.0
13891,hazard-ratio,1,1,3.0
13892,hbond-n93,1,1,3.0
13893,hbond-y240,1,1,3.0
13894,hcmec,1,1,3.0
13895,hcu-free,1,1,3.0
13896,hdl-cholesterol,1,1,3.0
13897,hdlc,1,1,3.0
13898,health-10,1,1,3.0
13899,health-data,1,1,3.0
13900,health-including,1,1,3.0
13901,health-record,1,1,3.0
13902,health-system,1,1,3.0
13903,healthcare's,1,1,3.0
13904,healthcare-related,1,1,3.0
13905,heart-derived,1,1,3.0
13906,heart-liver,1,1,3.0
13907,heavier,1,1,3.0
13908,heavy-drinking,1,1,3.0
13909,hec50,1,1,3.0
13910,hedonic-reward,1,1,3.0
13911,hei,1,1,3.0
13912,hei-2020,1,1,3.0
13913,heightens,1,1,3.0
13914,held,1,1,3.0
13915,held-out,1,1,3.0
13916,helicity,1,1,3.0
13917,helios,1,1,3.0
13918,helped,1,1,3.0
13919,helper,1,1,3.0
13920,helpful,1,1,3.0
13921,helsinki,1,1,3.0
13922,hematoma,1,1,3.0
13923,hemiparesis,1,1,3.0
13924,hemiplegia,1,1,3.0
13925,hemodiafiltration,1,1,3.0
13926,hemodynamically,1,1,3.0
13927,hemoglobinopathy,1,1,3.0
13928,hemolysis-driven,1,1,3.0
13929,hemostasis,1,1,3.0
13930,henry,1,1,3.0
13931,heparin,1,1,3.0
13932,hepatically,1,1,3.0
13933,hepatobiliary,1,1,3.0
13934,hepatocyte,1,1,3.0
13935,hepatokines,1,1,3.0
13936,herb,1,1,3.0
13937,herb-drug,1,1,3.0
13938,herbs,1,1,3.0
13939,hernia,1,1,3.0
13940,herringbone,1,1,3.0
13941,hesitancy,1,1,3.0
13942,hexamer-to-heptamer,1,1,3.0
13943,hexapeptide,1,1,3.0
13944,hfc,1,1,3.0
13945,hfd-associated,1,1,3.0
13946,hfd-treated,1,1,3.0
13947,hfl,1,1,3.0
13948,hfpef-obesity,1,1,3.0
13949,hfpef-specific,1,1,3.0
13950,hglp-1r,1,1,3.0
13951,hhsn268200800007c,1,1,3.0
13952,hhsn268201200036c,1,1,3.0
13953,hhsn268201800001c,1,1,3.0
13954,hiapp,1,1,3.0
13955,hidden,1,1,3.0
13956,hif-1-mediated,1,1,3.0
13957,high-adiposity,1,1,3.0
13958,high-affinity,1,1,3.0
13959,high-ascvd-risk,1,1,3.0
13960,high-bioavailability,1,1,3.0
13961,high-carbohydrate,1,1,3.0
13962,high-certainty,1,1,3.0
13963,high-cholesterol,1,1,3.0
13964,high-energy,1,1,3.0
13965,high-exposure,1,1,3.0
13966,high-fat-fed,1,1,3.0
13967,high-fructose,1,1,3.0
13968,high-glycemic,1,1,3.0
13969,high-grade,1,1,3.0
13970,high-income,1,1,3.0
13971,high-intensity,1,1,3.0
13972,high-level,1,1,3.0
13973,high-magnitude,1,1,3.0
13974,high-molecular-weight,1,1,3.0
13975,high-performance,1,1,3.0
13976,high-pressure,1,1,3.0
13977,high-responder,1,1,3.0
13978,high-volume,1,1,3.0
13979,highdefinition,1,1,3.0
13980,higher-or,1,1,3.0
13981,higher-order,1,1,3.0
13982,higher-ranking,1,1,3.0
13983,highest-risk,1,1,3.0
13984,hill,1,1,3.0
13985,hindbrain,1,1,3.0
13986,hinder,1,1,3.0
13987,hindering,1,1,3.0
13988,hip-specific,1,1,3.0
13989,hips,1,1,3.0
13990,hirsutism,1,1,3.0
13991,hispidin,1,1,3.0
13992,histologically,1,1,3.0
13993,histology-assessed,1,1,3.0
13994,histology-based,1,1,3.0
13995,histone,1,1,3.0
13996,historically,1,1,3.0
13997,hitherto,1,1,3.0
13998,hiv-reservoir,1,1,3.0
13999,hk-2,1,1,3.0
14000,hk2,1,1,3.0
14001,hn001,1,1,3.0
14002,hn019,1,1,3.0
14003,hodgkin,1,1,3.0
14004,hodgkin's,1,1,3.0
14005,holding,1,1,3.0
14006,hollowing,1,1,3.0
14007,homa-b,1,1,3.0
14008,homa-based,1,1,3.0
14009,homa-s,1,1,3.0
14010,homeostasis-homeostatic,1,1,3.0
14011,homeostasis-related,1,1,3.0
14012,homes,1,1,3.0
14013,homogeneous,1,1,3.0
14014,homologous,1,1,3.0
14015,hoos,1,1,3.0
14016,hop-based,1,1,3.0
14017,hope,1,1,3.0
14018,hopping,1,1,3.0
14019,hormone-receptor,1,1,3.0
14020,hormone-related,1,1,3.0
14021,hormone-targeting,1,1,3.0
14022,hos,1,1,3.0
14023,hospital-based,1,1,3.0
14024,hospital-defined,1,1,3.0
14025,hospitalised,1,1,3.0
14026,host-cell,1,1,3.0
14027,host-derived,1,1,3.0
14028,host-microbiome,1,1,3.0
14029,hosted,1,1,3.0
14030,hotspots,1,1,3.0
14031,housed,1,1,3.0
14032,household,1,1,3.0
14033,housekeeping,1,1,3.0
14034,housing,1,1,3.0
14035,hp,1,1,3.0
14036,hp-nmr,1,1,3.0
14037,hplc-ms,1,1,3.0
14038,hr-range,1,1,3.0
14039,hresims,1,1,3.0
14040,hrm,1,1,3.0
14041,hrs9531,1,1,3.0
14042,hs-diabetes,1,1,3.0
14043,hs-tnt,1,1,3.0
14044,hsp,1,1,3.0
14045,ht-29,1,1,3.0
14046,ht-29-mtx-e12,1,1,3.0
14047,http,1,1,3.0
14048,hu,1,1,3.0
14049,hua,1,1,3.0
14050,huadong,1,1,3.0
14051,huising-lab,1,1,3.0
14052,human-derived,1,1,3.0
14053,human-exposure,1,1,3.0
14054,human-guided,1,1,3.0
14055,human-irrelevant,1,1,3.0
14056,human-level,1,1,3.0
14057,humoral,1,1,3.0
14058,humour,1,1,3.0
14059,hurley,1,1,3.0
14060,hybrid-care,1,1,3.0
14061,hybrid-treated,1,1,3.0
14062,hyd-f96,1,1,3.0
14063,hyd-l71,1,1,3.0
14064,hyd-w237,1,1,3.0
14065,hydrastis,1,1,3.0
14066,hydrocarbon,1,1,3.0
14067,hydrogen-bond,1,1,3.0
14068,hydrolysis,1,1,3.0
14069,hydrophilicity,1,1,3.0
14070,hydrophobicity,1,1,3.0
14071,hydrostatic,1,1,3.0
14072,hydroxide,1,1,3.0
14073,hydroxy,1,1,3.0
14074,hydroxylase,1,1,3.0
14075,hyper-immunogenic,1,1,3.0
14076,hyper-responsiveness,1,1,3.0
14077,hyperactivity,1,1,3.0
14078,hyperaemic,1,1,3.0
14079,hyperalgesia,1,1,3.0
14080,hyperandrogenism,1,1,3.0
14081,hypercholesterolaemia,1,1,3.0
14082,hyperemia,1,1,3.0
14083,hyperglycaemia-driven,1,1,3.0
14084,hyperglycemia-driven,1,1,3.0
14085,hyperglycemia-induced,1,1,3.0
14086,hyperglycemic-obesity,1,1,3.0
14087,hyperglycolysis,1,1,3.0
14088,hyperhidrosis,1,1,3.0
14089,hyperkalemia,1,1,3.0
14090,hyperkeratotic,1,1,3.0
14091,hypermethylation,1,1,3.0
14092,hypermetropic,1,1,3.0
14093,hyperoxaluria,1,1,3.0
14094,hyperphosphorylated,1,1,3.0
14095,hyperpigmentation,1,1,3.0
14096,hyperreactivity,1,1,3.0
14097,hypersomnolence,1,1,3.0
14098,hypertension-related,1,1,3.0
14099,hyperthyroidism,1,1,3.0
14100,hypertriglyceridemia-induced,1,1,3.0
14101,hypertrophic,1,1,3.0
14102,hypertrophied,1,1,3.0
14103,hypholomine,1,1,3.0
14104,hypnopompic,1,1,3.0
14105,hypocaloric,1,1,3.0
14106,hypoglycaemia-related,1,1,3.0
14107,hypogonadal,1,1,3.0
14108,hypolipidemic,1,1,3.0
14109,hypomotility,1,1,3.0
14110,hypotensive,1,1,3.0
14111,hypothalamus-centered,1,1,3.0
14112,hypothalamus-pituitary-testis,1,1,3.0
14113,hypothesise,1,1,3.0
14114,hypothesised,1,1,3.0
14115,hypothesize,1,1,3.0
14116,hypoxia-induced,1,1,3.0
14117,hypoxia-inducible,1,1,3.0
14118,hölscher,1,1,3.0
14119,i1088-mediated,1,1,3.0
14120,iapp,1,1,3.0
14121,iauc-30-180,1,1,3.0
14122,iauc0-180min,1,1,3.0
14123,iauc0-60min,1,1,3.0
14124,iba1-or,1,1,3.0
14125,ibd-related,1,1,3.0
14126,ibogaine,1,1,3.0
14127,ibot,1,1,3.0
14128,ibs-related,1,1,3.0
14129,ic025,1,1,3.0
14130,ic50,1,1,3.0
14131,icd-9,1,1,3.0
14132,icd-coded,1,1,3.0
14133,ice-induced,1,1,3.0
14134,iceland,1,1,3.0
14135,icosapent,1,1,3.0
14136,ide's,1,1,3.0
14137,ide-mediated,1,1,3.0
14138,ideal,1,1,3.0
14139,ideals,1,1,3.0
14140,ideglira,1,1,3.0
14141,identically,1,1,3.0
14142,identities,1,1,3.0
14143,identity-enhancing,1,1,3.0
14144,identity-related,1,1,3.0
14145,iec,1,1,3.0
14146,ietsi,1,1,3.0
14147,ifcc,1,1,3.0
14148,ignore,1,1,3.0
14149,ii-induced,1,1,3.0
14150,iia,1,1,3.0
14151,iiht,1,1,3.0
14152,iii-iv,1,1,3.0
14153,ikk,1,1,3.0
14154,ikzf2,1,1,3.0
14155,il,1,1,3.0
14156,il-17,1,1,3.0
14157,il-22-induced,1,1,3.0
14158,il-33,1,1,3.0
14159,illegal,1,1,3.0
14160,illumina,1,1,3.0
14161,illuminating,1,1,3.0
14162,illustrate,1,1,3.0
14163,illustrated,1,1,3.0
14164,illustrating,1,1,3.0
14165,illustration,1,1,3.0
14166,image,1,1,3.0
14167,imaged,1,1,3.0
14168,imaging-confirmed,1,1,3.0
14169,imaging-proton,1,1,3.0
14170,imbalanced,1,1,3.0
14171,imm,1,1,3.0
14172,immobilization,1,1,3.0
14173,immortalised,1,1,3.0
14174,immortalized,1,1,3.0
14175,immune-tumor,1,1,3.0
14176,immune-vascular,1,1,3.0
14177,immunoassay,1,1,3.0
14178,immunocytochemistry,1,1,3.0
14179,immunogenic,1,1,3.0
14180,immunologic,1,1,3.0
14181,immunology,1,1,3.0
14182,immunometabolism,1,1,3.0
14183,immunomodulation,1,1,3.0
14184,immunoprevention,1,1,3.0
14185,immunostaining,1,1,3.0
14186,immunosuppressant,1,1,3.0
14187,impacted,1,1,3.0
14188,impactful,1,1,3.0
14189,impacting,1,1,3.0
14190,impairment-even,1,1,3.0
14191,impending,1,1,3.0
14192,imperfectly,1,1,3.0
14193,implants,1,1,3.0
14194,implementation-oriented,1,1,3.0
14195,implication,1,1,3.0
14196,implying,1,1,3.0
14197,import,1,1,3.0
14198,importanceobesity,1,1,3.0
14199,imposed,1,1,3.0
14200,imprecise,1,1,3.0
14201,impressions,1,1,3.0
14202,impressive,1,1,3.0
14203,imprint,1,1,3.0
14204,impurity,1,1,3.0
14205,in-application,1,1,3.0
14206,in-center,1,1,3.0
14207,in-flight,1,1,3.0
14208,in-hospital,1,1,3.0
14209,in-house,1,1,3.0
14210,in-person,1,1,3.0
14211,in-silico,1,1,3.0
14212,inaccuracies,1,1,3.0
14213,inactivation,1,1,3.0
14214,inactive,1,1,3.0
14215,inaugural,1,1,3.0
14216,inbody720,1,1,3.0
14217,inborn,1,1,3.0
14218,incarcerations,1,1,3.0
14219,incentive,1,1,3.0
14220,inceptions,1,1,3.0
14221,incident-treatment,1,1,3.0
14222,incidental,1,1,3.0
14223,incidents,1,1,3.0
14224,inconsistencies,1,1,3.0
14225,inconsistency,1,1,3.0
14226,incontinence,1,1,3.0
14227,incretin-associated,1,1,3.0
14228,incretin-joint,1,1,3.0
14229,incubations,1,1,3.0
14230,incur,1,1,3.0
14231,indefinite,1,1,3.0
14232,indeterminate,1,1,3.0
14233,index-2,1,1,3.0
14234,index-2025,1,1,3.0
14235,index-defined,1,1,3.0
14236,index-derived,1,1,3.0
14237,index-independent,1,1,3.0
14238,indexed,1,1,3.0
14239,india's,1,1,3.0
14240,indian,1,1,3.0
14241,indicatethat,1,1,3.0
14242,indicative,1,1,3.0
14243,indigenous,1,1,3.0
14244,indirectness,1,1,3.0
14245,indispensable,1,1,3.0
14246,individual's,1,1,3.0
14247,individual-level,1,1,3.0
14248,individualizing,1,1,3.0
14249,individuals-exposing,1,1,3.0
14250,inducible,1,1,3.0
14251,industry-affiliated,1,1,3.0
14252,ineffective,1,1,3.0
14253,inequitable,1,1,3.0
14254,infancy,1,1,3.0
14255,infantile,1,1,3.0
14256,infection-related,1,1,3.0
14257,inflamed,1,1,3.0
14258,inflammaging-centered,1,1,3.0
14259,inflammaging-the,1,1,3.0
14260,inflammasome-directed,1,1,3.0
14261,inflammation-driven,1,1,3.0
14262,inflammation-guided,1,1,3.0
14263,inflammation-induced,1,1,3.0
14264,inflammation-targeted,1,1,3.0
14265,inflammatory-metabolic,1,1,3.0
14266,inflection,1,1,3.0
14267,infliximab,1,1,3.0
14268,influencer,1,1,3.0
14269,infodemic,1,1,3.0
14270,informally,1,1,3.0
14271,informatics,1,1,3.0
14272,informing,1,1,3.0
14273,infrared,1,1,3.0
14274,ingelheim,1,1,3.0
14275,ingested,1,1,3.0
14276,ingredient,1,1,3.0
14277,inherently,1,1,3.0
14278,inheritance,1,1,3.0
14279,inhibitors-show,1,1,3.0
14280,initial-insult,1,1,3.0
14281,initiations,1,1,3.0
14282,initiative,1,1,3.0
14283,injected,1,1,3.0
14284,injection-experienced,1,1,3.0
14285,injection-naïve,1,1,3.0
14286,injuries,1,1,3.0
14287,injury-induced,1,1,3.0
14288,inoscavin,1,1,3.0
14289,inquire,1,1,3.0
14290,inquiry,1,1,3.0
14291,insensitivity,1,1,3.0
14292,insertion,1,1,3.0
14293,instagram,1,1,3.0
14294,instance,1,1,3.0
14295,instances,1,1,3.0
14296,instantaneous,1,1,3.0
14297,institutet,1,1,3.0
14298,institution,1,1,3.0
14299,institution's,1,1,3.0
14300,instrips,1,1,3.0
14301,instructive,1,1,3.0
14302,instrumented,1,1,3.0
14303,insulin-degrading,1,1,3.0
14304,insulin-exclusive,1,1,3.0
14305,insulin-glucagon-glp-1,1,1,3.0
14306,insulin-inclusive,1,1,3.0
14307,insulin-modulating,1,1,3.0
14308,insulin-naive,1,1,3.0
14309,insulin-resistance,1,1,3.0
14310,insulin-sensitivity-targeting,1,1,3.0
14311,insulin-stimulating,1,1,3.0
14312,insulinaemic,1,1,3.0
14313,insulinemic,1,1,3.0
14314,insulinogenic,1,1,3.0
14315,insurance-reimbursed,1,1,3.0
14316,insurer,1,1,3.0
14317,insurers,1,1,3.0
14318,integer,1,1,3.0
14319,integrase,1,1,3.0
14320,intellectual,1,1,3.0
14321,intelligence-enabled,1,1,3.0
14322,intending,1,1,3.0
14323,intense,1,1,3.0
14324,intensely,1,1,3.0
14325,intensifies,1,1,3.0
14326,intensifying,1,1,3.0
14327,intent-to-treat,1,1,3.0
14328,inter-assay,1,1,3.0
14329,inter-needle,1,1,3.0
14330,inter-relationships,1,1,3.0
14331,inter-reviewer,1,1,3.0
14332,inter-set,1,1,3.0
14333,interacting,1,1,3.0
14334,interactive,1,1,3.0
14335,interactome,1,1,3.0
14336,intercellular,1,1,3.0
14337,interchangeability,1,1,3.0
14338,intercohort,1,1,3.0
14339,interconnections,1,1,3.0
14340,interconversion,1,1,3.0
14341,intercurrent,1,1,3.0
14342,interestingly,1,1,3.0
14343,interests,1,1,3.0
14344,interfere,1,1,3.0
14345,interference,1,1,3.0
14346,interfering,1,1,3.0
14347,interim,1,1,3.0
14348,interkeratinocyte,1,1,3.0
14349,interleukin-1,1,1,3.0
14350,interleukin-10,1,1,3.0
14351,interleukin-1β,1,1,3.0
14352,interleukin-2,1,1,3.0
14353,interleukin-22,1,1,3.0
14354,interleukin-directed,1,1,3.0
14355,interleukin18,1,1,3.0
14356,interlobular,1,1,3.0
14357,interlocking,1,1,3.0
14358,intermediary,1,1,3.0
14359,intermediate-term,1,1,3.0
14360,internalized,1,1,3.0
14361,internally,1,1,3.0
14362,interpretable,1,1,3.0
14363,interrogate,1,1,3.0
14364,interrogating,1,1,3.0
14365,interrogation,1,1,3.0
14366,interrupt,1,1,3.0
14367,interrupting,1,1,3.0
14368,interruptions,1,1,3.0
14369,intersectional,1,1,3.0
14370,intersections,1,1,3.0
14371,intersects,1,1,3.0
14372,interspecies,1,1,3.0
14373,intertriginous,1,1,3.0
14374,intervene,1,1,3.0
14375,intervention-comparator,1,1,3.0
14376,intervention-related,1,1,3.0
14377,interventions-senolytics,1,1,3.0
14378,interviewed,1,1,3.0
14379,intestinal-derived,1,1,3.0
14380,intestinal-related,1,1,3.0
14381,intestinalis-butyrate,1,1,3.0
14382,intestinally,1,1,3.0
14383,intestine-liver-pancreas,1,1,3.0
14384,intima-media,1,1,3.0
14385,intimately,1,1,3.0
14386,intodisease,1,1,3.0
14387,intra-class,1,1,3.0
14388,intra-islet,1,1,3.0
14389,intracerebral,1,1,3.0
14390,intractable,1,1,3.0
14391,intradialytic,1,1,3.0
14392,intraductal,1,1,3.0
14393,intraglomerular,1,1,3.0
14394,intraindividual,1,1,3.0
14395,intrainsular,1,1,3.0
14396,intraocular,1,1,3.0
14397,intrathoracic,1,1,3.0
14398,intravenously,1,1,3.0
14399,intricately,1,1,3.0
14400,intrinsically,1,1,3.0
14401,introductiondiabetes,1,1,3.0
14402,intubation,1,1,3.0
14403,intuitive,1,1,3.0
14404,inundated,1,1,3.0
14405,invaluable,1,1,3.0
14406,inventory,1,1,3.0
14407,inventory-iii,1,1,3.0
14408,inverse-probability-of-censoring-weights,1,1,3.0
14409,investigator,1,1,3.0
14410,investor,1,1,3.0
14411,invitations,1,1,3.0
14412,ionic,1,1,3.0
14413,ipgtt,1,1,3.0
14414,ips,1,1,3.0
14415,iptw-weighted,1,1,3.0
14416,irb-approved,1,1,3.0
14417,irbesartan,1,1,3.0
14418,irds,1,1,3.0
14419,ireland,1,1,3.0
14420,irf3,1,1,3.0
14421,iri,1,1,3.0
14422,iron-deficiency,1,1,3.0
14423,iron-dependent,1,1,3.0
14424,iron-mediated,1,1,3.0
14425,irregular,1,1,3.0
14426,ischaemia,1,1,3.0
14427,ischemia-reperfusion,1,1,3.0
14428,isoform,1,1,3.0
14429,isolate,1,1,3.0
14430,isolates,1,1,3.0
14431,isoquinoline,1,1,3.0
14432,isorhamnetin's,1,1,3.0
14433,israeli,1,1,3.0
14434,it-themselves,1,1,3.0
14435,itaconate,1,1,3.0
14436,italy,1,1,3.0
14437,itching,1,1,3.0
14438,item,1,1,3.0
14439,item-level,1,1,3.0
14440,iterative,1,1,3.0
14441,iu1,1,1,3.0
14442,ivw,1,1,3.0
14443,j,1,1,3.0
14444,jadad,1,1,3.0
14445,jan,1,1,3.0
14446,japan-driven,1,1,3.0
14447,japonica,1,1,3.0
14448,japonicus,1,1,3.0
14449,jasn,1,1,3.0
14450,jbi,1,1,3.0
14451,jeddah,1,1,3.0
14452,jejunal,1,1,3.0
14453,jejunum,1,1,3.0
14454,jerusalem,1,1,3.0
14455,jiang,1,1,3.0
14456,jingfen,1,1,3.0
14457,jnj-64565111,1,1,3.0
14458,johnsonii,1,1,3.0
14459,joint-related,1,1,3.0
14460,journalism,1,1,3.0
14461,journey,1,1,3.0
14462,journeys,1,1,3.0
14463,jq1,1,1,3.0
14464,jr,1,1,3.0
14465,judgment,1,1,3.0
14466,juice,1,1,3.0
14467,junctions,1,1,3.0
14468,k-prototypes,1,1,3.0
14469,kameda,1,1,3.0
14470,kaplan,1,1,3.0
14471,kaplan-meier-derived,1,1,3.0
14472,kappa,1,1,3.0
14473,kappa-b,1,1,3.0
14474,karelia,1,1,3.0
14475,karolinska,1,1,3.0
14476,katsumadai,1,1,3.0
14477,kd-induced,1,1,3.0
14478,kdigo-harmonised,1,1,3.0
14479,keap1,1,1,3.0
14480,keep,1,1,3.0
14481,kefir,1,1,3.0
14482,kept,1,1,3.0
14483,keratinocyte,1,1,3.0
14484,keratinocytes,1,1,3.0
14485,keto,1,1,3.0
14486,ketogenesis,1,1,3.0
14487,kfre-risk,1,1,3.0
14488,kgco₂e,1,1,3.0
14489,kickstarting,1,1,3.0
14490,kidney-derived,1,1,3.0
14491,kidney-failure,1,1,3.0
14492,kidney-focused,1,1,3.0
14493,kidney-microvascular,1,1,3.0
14494,kidney-on-a-chip,1,1,3.0
14495,kidney-outcome,1,1,3.0
14496,kidney-protection,1,1,3.0
14497,kidney-risk,1,1,3.0
14498,kidney-volume,1,1,3.0
14499,kim-1,1,1,3.0
14500,kimchi,1,1,3.0
14501,kinase-1,1,1,3.0
14502,kits,1,1,3.0
14503,klotho,1,1,3.0
14504,km,1,1,3.0
14505,knees,1,1,3.0
14506,knockout,1,1,3.0
14507,knowing,1,1,3.0
14508,knowledge-practice,1,1,3.0
14509,komodo,1,1,3.0
14510,korea,1,1,3.0
14511,korsakoff,1,1,3.0
14512,kpa,1,1,3.0
14513,ksa,1,1,3.0
14514,kynurenic,1,1,3.0
14515,kynurenine-induced,1,1,3.0
14516,kyoto,1,1,3.0
14517,kyphoplasty,1,1,3.0
14518,l-glutamine,1,1,3.0
14519,l-name,1,1,3.0
14520,l-type,1,1,3.0
14521,l-¹,1,1,3.0
14522,l260f,1,1,3.0
14523,l260f3,1,1,3.0
14524,laacf,1,1,3.0
14525,labda-8,1,1,3.0
14526,labile,1,1,3.0
14527,labor,1,1,3.0
14528,labor-intensive,1,1,3.0
14529,laboratory-assessed,1,1,3.0
14530,labyrinths,1,1,3.0
14531,lactam,1,1,3.0
14532,lactate-associated,1,1,3.0
14533,lactate-mediated,1,1,3.0
14534,lactate-microbial,1,1,3.0
14535,lactic-co-glycolic,1,1,3.0
14536,lactiplantibacillus,1,1,3.0
14537,lactis,1,1,3.0
14538,lag-period,1,1,3.0
14539,lagged,1,1,3.0
14540,lamina,1,1,3.0
14541,lamp,1,1,3.0
14542,lancaster,1,1,3.0
14543,landscape-including,1,1,3.0
14544,landscapes,1,1,3.0
14545,laryngologists,1,1,3.0
14546,last-dose,1,1,3.0
14547,lasted,1,1,3.0
14548,late-laying,1,1,3.0
14549,late-phase,1,1,3.0
14550,latencies,1,1,3.0
14551,latency,1,1,3.0
14552,lateral,1,1,3.0
14553,laterality,1,1,3.0
14554,latest-case-version,1,1,3.0
14555,launch,1,1,3.0
14556,launched,1,1,3.0
14557,lauric,1,1,3.0
14558,lautropia,1,1,3.0
14559,lavage,1,1,3.0
14560,lc3b-ii,1,1,3.0
14561,lcfa,1,1,3.0
14562,lcr86,1,1,3.0
14563,ld-mediated,1,1,3.0
14564,ldlr,1,1,3.0
14565,ldlr-dependent,1,1,3.0
14566,leak,1,1,3.0
14567,leakage,1,1,3.0
14568,leakiness,1,1,3.0
14569,learned,1,1,3.0
14570,leave-out,1,1,3.0
14571,lecanemab,1,1,3.0
14572,lee,1,1,3.0
14573,left-ventricular,1,1,3.0
14574,legally,1,1,3.0
14575,legislation,1,1,3.0
14576,legislative,1,1,3.0
14577,legs,1,1,3.0
14578,legumes,1,1,3.0
14579,length-of-stay,1,1,3.0
14580,lengths,1,1,3.0
14581,lenses,1,1,3.0
14582,lentivirus-mediated,1,1,3.0
14583,leptogranulimonas,1,1,3.0
14584,less-than-desired,1,1,3.0
14585,lessen,1,1,3.0
14586,lessened,1,1,3.0
14587,lesser,1,1,3.0
14588,lesson,1,1,3.0
14589,lessons,1,1,3.0
14590,lethal,1,1,3.0
14591,letter,1,1,3.0
14592,letters,1,1,3.0
14593,leucine-rich-containing,1,1,3.0
14594,leukemia,1,1,3.0
14595,leukocyte,1,1,3.0
14596,leumit,1,1,3.0
14597,leuprorelin,1,1,3.0
14598,lever,1,1,3.0
14599,leverages,1,1,3.0
14600,lexisnexis,1,1,3.0
14601,lfc,1,1,3.0
14602,lfd,1,1,3.0
14603,li,1,1,3.0
14604,licensing,1,1,3.0
14605,lies,1,1,3.0
14606,life-course,1,1,3.0
14607,life-saving,1,1,3.0
14608,lifecourse,1,1,3.0
14609,lifespans,1,1,3.0
14610,lifestyle-focused,1,1,3.0
14611,lifted,1,1,3.0
14612,lifting,1,1,3.0
14613,ligases,1,1,3.0
14614,ligation,1,1,3.0
14615,lighter,1,1,3.0
14616,lighthouse,1,1,3.0
14617,like-peptide,1,1,3.0
14618,liked,1,1,3.0
14619,lilacs,1,1,3.0
14620,limb-related,1,1,3.0
14621,limb-threatening,1,1,3.0
14622,limbic,1,1,3.0
14623,limbs,1,1,3.0
14624,limitation,1,1,3.0
14625,limosilactobacillus,1,1,3.0
14626,line-derived,1,1,3.0
14627,lineage-related,1,1,3.0
14628,lineage-stabilizing,1,1,3.0
14629,linearity,1,1,3.0
14630,linearly,1,1,3.0
14631,linker,1,1,3.0
14632,lipemia,1,1,3.0
14633,lipid-buffering,1,1,3.0
14634,lipid-driven,1,1,3.0
14635,lipid-induced,1,1,3.0
14636,lipid-mediated,1,1,3.0
14637,lipid-poor,1,1,3.0
14638,lipid-sensing,1,1,3.0
14639,lipid-sensing-dependent,1,1,3.0
14640,lipid-stressed,1,1,3.0
14641,lipidaemias,1,1,3.0
14642,lipidated,1,1,3.0
14643,lipidomic,1,1,3.0
14644,lipidomics,1,1,3.0
14645,lipoabdominoplasty,1,1,3.0
14646,lipodystrophy,1,1,3.0
14647,lipolysis,1,1,3.0
14648,lipophagy,1,1,3.0
14649,lipophilic,1,1,3.0
14650,lipopolysaccharides,1,1,3.0
14651,lipoproteins,1,1,3.0
14652,liposomes,1,1,3.0
14653,liquid-only,1,1,3.0
14654,lira-pretreated,1,1,3.0
14655,liraglutide-and,1,1,3.0
14656,liraglutide-associated,1,1,3.0
14657,liraglutide-concentrated,1,1,3.0
14658,liraglutide-related,1,1,3.0
14659,literacy,1,1,3.0
14660,literatures,1,1,3.0
14661,lithogenic,1,1,3.0
14662,live-birth,1,1,3.0
14663,liver-associated,1,1,3.0
14664,liver-centric,1,1,3.0
14665,liver-directed,1,1,3.0
14666,liver-pancreas,1,1,3.0
14667,liver-secreted,1,1,3.0
14668,liver-targeted,1,1,3.0
14669,livertox,1,1,3.0
14670,lives,1,1,3.0
14671,lixi,1,1,3.0
14672,lixipark,1,1,3.0
14673,lm,1,1,3.0
14674,lncrnas,1,1,3.0
14675,lnuacr,1,1,3.0
14676,lobe,1,1,3.0
14677,locoregional,1,1,3.0
14678,locus,1,1,3.0
14679,lods,1,1,3.0
14680,log2,1,1,3.0
14681,logical,1,1,3.0
14682,logistical,1,1,3.0
14683,logistics,1,1,3.0
14684,logit,1,1,3.0
14685,lombardy,1,1,3.0
14686,long-duration,1,1,3.0
14687,long-lasting,1,1,3.0
14688,long-overdue,1,1,3.0
14689,long-standing,1,1,3.0
14690,longevity,1,1,3.0
14691,longevity-promoting,1,1,3.0
14692,longissimus,1,1,3.0
14693,look,1,1,3.0
14694,look-alikes,1,1,3.0
14695,look-back,1,1,3.0
14696,loops,1,1,3.0
14697,loqs,1,1,3.0
14698,lorcaserin,1,1,3.0
14699,lorundrostat,1,1,3.0
14700,loss-affects,1,1,3.0
14701,loss-focused,1,1,3.0
14702,loss-matched,1,1,3.0
14703,loss-of-function,1,1,3.0
14704,loss-oriented,1,1,3.0
14705,low-burden,1,1,3.0
14706,low-caloric,1,1,3.0
14707,low-cost,1,1,3.0
14708,low-engagement,1,1,3.0
14709,low-income,1,1,3.0
14710,low-intensity,1,1,3.0
14711,low-oligomeric,1,1,3.0
14712,low-polyphenol,1,1,3.0
14713,low-responder,1,1,3.0
14714,low-upf,1,1,3.0
14715,lower-burden,1,1,3.0
14716,lower-cost,1,1,3.0
14717,lower-dose,1,1,3.0
14718,lower-risk,1,1,3.0
14719,lower-than-expected,1,1,3.0
14720,lower-threshold,1,1,3.0
14721,lpc-37,1,1,3.0
14722,lr08,1,1,3.0
14723,lra05,1,1,3.0
14724,ltd,1,1,3.0
14725,luma,1,1,3.0
14726,lung-function,1,1,3.0
14727,lungs,1,1,3.0
14728,luteinizing,1,1,3.0
14729,lux,1,1,3.0
14730,lvad-era,1,1,3.0
14731,lvad-specific,1,1,3.0
14732,lvedp,1,1,3.0
14733,lxr,1,1,3.0
14734,ly2189265,1,1,3.0
14735,ly3437943,1,1,3.0
14736,lymphatic,1,1,3.0
14737,lymphoid,1,1,3.0
14738,lysosomal,1,1,3.0
14739,m-2,1,1,3.0
14740,m0,1,1,3.0
14741,m2-associated,1,1,3.0
14742,machine-learning,1,1,3.0
14743,machine-learning-assisted,1,1,3.0
14744,machinery,1,1,3.0
14745,macrocyclic,1,1,3.0
14746,macrogenomic,1,1,3.0
14747,macrolides,1,1,3.0
14748,macromolecule,1,1,3.0
14749,maestro-nash,1,1,3.0
14750,mafa,1,1,3.0
14751,mafb,1,1,3.0
14752,mage,1,1,3.0
14753,magnetically,1,1,3.0
14754,majority-minority,1,1,3.0
14755,malabsorptive,1,1,3.0
14756,maleficence,1,1,3.0
14757,malignancy-first,1,1,3.0
14758,maltase-glucoamylase,1,1,3.0
14759,mam-associated,1,1,3.0
14760,mam-dependent,1,1,3.0
14761,mam-regulated,1,1,3.0
14762,manageable,1,1,3.0
14763,mandarin,1,1,3.0
14764,mandates,1,1,3.0
14765,mandating,1,1,3.0
14766,mandibular,1,1,3.0
14767,manifests,1,1,3.0
14768,manipulated,1,1,3.0
14769,manipulations,1,1,3.0
14770,mann-whitney,1,1,3.0
14771,mannitol,1,1,3.0
14772,manometry,1,1,3.0
14773,mantel-haenszel,1,1,3.0
14774,manufacturable,1,1,3.0
14775,manufacturer-funded,1,1,3.0
14776,manufacturer-recommended,1,1,3.0
14777,manufacturers,1,1,3.0
14778,mao,1,1,3.0
14779,mapk,1,1,3.0
14780,mapk3,1,1,3.0
14781,march5-dependent,1,1,3.0
14782,margin,1,1,3.0
14783,marine,1,1,3.0
14784,marital,1,1,3.0
14785,mark,1,1,3.0
14786,marketing,1,1,3.0
14787,marketplaces,1,1,3.0
14788,marking,1,1,3.0
14789,mart,1,1,3.0
14790,mash-related,1,1,3.0
14791,massachusetts,1,1,3.0
14792,master,1,1,3.0
14793,mastery,1,1,3.0
14794,matched-cohort,1,1,3.0
14795,mate1,1,1,3.0
14796,materia,1,1,3.0
14797,materially,1,1,3.0
14798,mathematical,1,1,3.0
14799,mating,1,1,3.0
14800,maturity-onset,1,1,3.0
14801,maxillofacial,1,1,3.0
14802,maximally,1,1,3.0
14803,maximum-dose,1,1,3.0
14804,mcfa,1,1,3.0
14805,mcmaster,1,1,3.0
14806,mdc,1,1,3.0
14807,mean-field,1,1,3.0
14808,meanings,1,1,3.0
14809,meat,1,1,3.0
14810,mechanics-dissolution,1,1,3.0
14811,mechanism-aligned,1,1,3.0
14812,mechanism-guided,1,1,3.0
14813,mechanism-informed,1,1,3.0
14814,mechanism-oriented,1,1,3.0
14815,mechanisms-including,1,1,3.0
14816,mechanisms-such,1,1,3.0
14817,mechanisms-trem2,1,1,3.0
14818,mechanometabolic,1,1,3.0
14819,med,1,1,3.0
14820,medfine-rwd,1,1,3.0
14821,media's,1,1,3.0
14822,medial,1,1,3.0
14823,medica,1,1,3.0
14824,medicalization,1,1,3.0
14825,medication's,1,1,3.0
14826,medication-acquisition,1,1,3.0
14827,medication-date,1,1,3.0
14828,medication-defined,1,1,3.0
14829,medication-field,1,1,3.0
14830,medication-level,1,1,3.0
14831,medication-specific,1,1,3.0
14832,medicolegal,1,1,3.0
14833,medicus,1,1,3.0
14834,mediterranean,1,1,3.0
14835,medium-chain,1,1,3.0
14836,megestrol,1,1,3.0
14837,meier,1,1,3.0
14838,mek,1,1,3.0
14839,mek1,1,1,3.0
14840,melanocortin,1,1,3.0
14841,meld,1,1,3.0
14842,member-level,1,1,3.0
14843,memory-related,1,1,3.0
14844,menarche,1,1,3.0
14845,menopause-stratified,1,1,3.0
14846,menoyoung,1,1,3.0
14847,menus,1,1,3.0
14848,mep,1,1,3.0
14849,merip-qpcr,1,1,3.0
14850,mesenchymal,1,1,3.0
14851,mesenteric,1,1,3.0
14852,mesh,1,1,3.0
14853,messengers,1,1,3.0
14854,met-233i,1,1,3.0
14855,meta,1,1,3.0
14856,meta-analytical,1,1,3.0
14857,meta-analyze,1,1,3.0
14858,meta-analyzed,1,1,3.0
14859,meta-epidemiological,1,1,3.0
14860,metabolic-cardiac,1,1,3.0
14861,metabolic-health,1,1,3.0
14862,metabolic-regulating,1,1,3.0
14863,metabolic-targeted,1,1,3.0
14864,metabolism-improving,1,1,3.0
14865,metabolism-oriented,1,1,3.0
14866,metabolism-regulatory,1,1,3.0
14867,metabolism-specific,1,1,3.0
14868,metabolite-intermediate,1,1,3.0
14869,metabolites-succinate,1,1,3.0
14870,metabolome,1,1,3.0
14871,metalloproteinase-1,1,1,3.0
14872,metalloproteinases,1,1,3.0
14873,meter,1,1,3.0
14874,metformin's,1,1,3.0
14875,metformin-associated,1,1,3.0
14876,metformin-improve,1,1,3.0
14877,metformin-only,1,1,3.0
14878,methacrylation,1,1,3.0
14879,methanol,1,1,3.0
14880,method-specific,1,1,3.0
14881,methodologically,1,1,3.0
14882,methodsa,1,1,3.0
14883,methodsin,1,1,3.0
14884,methotrexate,1,1,3.0
14885,methylglyoxal-induced,1,1,3.0
14886,methylprednisolone,1,1,3.0
14887,methyltransferase,1,1,3.0
14888,mets-z-bmi-score,1,1,3.0
14889,mettl14,1,1,3.0
14890,mettl14-dependent,1,1,3.0
14891,mettl14-driven,1,1,3.0
14892,mga,1,1,3.0
14893,mgb,1,1,3.0
14894,mgh,1,1,3.0
14895,mgps,1,1,3.0
14896,mice-a,1,1,3.0
14897,micelle,1,1,3.0
14898,micelle-like,1,1,3.0
14899,micelles,1,1,3.0
14900,michiganders,1,1,3.0
14901,micro-computed,1,1,3.0
14902,microbe-metabolite,1,1,3.0
14903,microbially,1,1,3.0
14904,microbiological,1,1,3.0
14905,microbiome-associated,1,1,3.0
14906,microbiome-directed,1,1,3.0
14907,microbiome-metabolome,1,1,3.0
14908,microbiota-based,1,1,3.0
14909,microbiota-centered,1,1,3.0
14910,microbiota-dependent,1,1,3.0
14911,microbiota-enteroendocrine,1,1,3.0
14912,microbiota-gut-astrocyte,1,1,3.0
14913,microbiota-incretin,1,1,3.0
14914,microbiota-mediated,1,1,3.0
14915,microbiota-metabolite,1,1,3.0
14916,microbiota-preserving,1,1,3.0
14917,microchip,1,1,3.0
14918,microcirculatory,1,1,3.0
14919,microenvironmental,1,1,3.0
14920,microfluidic-assisted,1,1,3.0
14921,microgravity,1,1,3.0
14922,micromachined,1,1,3.0
14923,microneedles,1,1,3.0
14924,micronucleus,1,1,3.0
14925,microorganisms,1,1,3.0
14926,microparticles,1,1,3.0
14927,microsomes,1,1,3.0
14928,microvasculature,1,1,3.0
14929,mid,1,1,3.0
14930,mid-30s,1,1,3.0
14931,mid-epigastric,1,1,3.0
14932,midwestern,1,1,3.0
14933,mifepristone,1,1,3.0
14934,migraine-specific,1,1,3.0
14935,milder,1,1,3.0
14936,mildly,1,1,3.0
14937,milligram,1,1,3.0
14938,mimicking,1,1,3.0
14939,mined,1,1,3.0
14940,mineralizing,1,1,3.0
14941,ming,1,1,3.0
14942,mini-mental,1,1,3.0
14943,minireview,1,1,3.0
14944,minoxidil,1,1,3.0
14945,minus,1,1,3.0
14946,mir-138-5p,1,1,3.0
14947,mir-33a,1,1,3.0
14948,mirage,1,1,3.0
14949,mirna,1,1,3.0
14950,mirrors,1,1,3.0
14951,mirrors-but,1,1,3.0
14952,misalignment,1,1,3.0
14953,misdifferentiation,1,1,3.0
14954,misfolded,1,1,3.0
14955,misfolding,1,1,3.0
14956,mishandling,1,1,3.0
14957,misjudge,1,1,3.0
14958,missing-at-random,1,1,3.0
14959,mississippi,1,1,3.0
14960,misunderstood,1,1,3.0
14961,mito-met,1,1,3.0
14962,mito-q10,1,1,3.0
14963,mitochondria-associated,1,1,3.0
14964,mitochondria-directed,1,1,3.0
14965,mitochondria-targeted,1,1,3.0
14966,mitochondrial-targeted,1,1,3.0
14967,mitoq,1,1,3.0
14968,miu,1,1,3.0
14969,mixed-data,1,1,3.0
14970,mixed-methods,1,1,3.0
14971,mixing,1,1,3.0
14972,mk-626-induced,1,1,3.0
14973,ml-derived,1,1,3.0
14974,mm-gbsa,1,1,3.0
14975,mmp-3,1,1,3.0
14976,mmp-9,1,1,3.0
14977,mmp9,1,1,3.0
14978,mn,1,1,3.0
14979,mn-c-800-800,1,1,3.0
14980,mn-t-1000-800,1,1,3.0
14981,mnemonic,1,1,3.0
14982,moca,1,1,3.0
14983,modafinil,1,1,3.0
14984,model-dependent,1,1,3.0
14985,model-derived,1,1,3.0
14986,moderate-intensity,1,1,3.0
14987,moderate-severe,1,1,3.0
14988,moderators,1,1,3.0
14989,modes,1,1,3.0
14990,modifiability,1,1,3.0
14991,modulators-for,1,1,3.0
14992,modulators-myostatin,1,1,3.0
14993,modulatory,1,1,3.0
14994,module,1,1,3.0
14995,mody6,1,1,3.0
14996,moiety,1,1,3.0
14997,molecularly,1,1,3.0
14998,molybdate-mediated,1,1,3.0
14999,moments,1,1,3.0
15000,monetary,1,1,3.0
15001,monitors,1,1,3.0
15002,mono-agonist,1,1,3.0
15003,monoagonist,1,1,3.0
15004,monocrotaline,1,1,3.0
15005,monocyte,1,1,3.0
15006,monodispersed,1,1,3.0
15007,monoglycerides,1,1,3.0
15008,monograph,1,1,3.0
15009,monomeric,1,1,3.0
15010,monopole-dipole,1,1,3.0
15011,monopole-monopole,1,1,3.0
15012,monosaccharide,1,1,3.0
15013,monosodium,1,1,3.0
15014,monotonic,1,1,3.0
15015,monte,1,1,3.0
15016,montreal,1,1,3.0
15017,morbidly,1,1,3.0
15018,more-clinical-benefits,1,1,3.0
15019,morphine,1,1,3.0
15020,morphogenesis,1,1,3.0
15021,morphologic,1,1,3.0
15022,morphological,1,1,3.0
15023,morus,1,1,3.0
15024,mossy,1,1,3.0
15025,most-visited,1,1,3.0
15026,motif,1,1,3.0
15027,motivation-reliably,1,1,3.0
15028,mounjaro,1,1,3.0
15029,moves,1,1,3.0
15030,mrc1,1,1,3.0
15031,mri-pdff,1,1,3.0
15032,mri-proton,1,1,3.0
15033,msu,1,1,3.0
15034,mt,1,1,3.0
15035,mtd,1,1,3.0
15036,mtdna-cgas-sting-related,1,1,3.0
15037,mtiwnjmx,1,1,3.0
15038,mu,1,1,3.0
15039,mu-opioid,1,1,3.0
15040,mucin,1,1,3.0
15041,mucin-associated,1,1,3.0
15042,mucinous,1,1,3.0
15043,mucodiffusion,1,1,3.0
15044,mucosa,1,1,3.0
15045,multi,1,1,3.0
15046,multi-arm,1,1,3.0
15047,multi-biomarker,1,1,3.0
15048,multi-center,1,1,3.0
15049,multi-compartment,1,1,3.0
15050,multi-component,1,1,3.0
15051,multi-database,1,1,3.0
15052,multi-domain,1,1,3.0
15053,multi-institutional,1,1,3.0
15054,multi-item,1,1,3.0
15055,multi-layered,1,1,3.0
15056,multi-pronged,1,1,3.0
15057,multi-protein,1,1,3.0
15058,multi-setting,1,1,3.0
15059,multi-site,1,1,3.0
15060,multi-source,1,1,3.0
15061,multi-state,1,1,3.0
15062,multi-targeted,1,1,3.0
15063,multi-tiered,1,1,3.0
15064,multiagonist,1,1,3.0
15065,multicellular,1,1,3.0
15066,multicentric,1,1,3.0
15067,multidirectional,1,1,3.0
15068,multidrug,1,1,3.0
15069,multifactor,1,1,3.0
15070,multifrequency,1,1,3.0
15071,multihormone,1,1,3.0
15072,multiinstitutional,1,1,3.0
15073,multiparametric,1,1,3.0
15074,multiple-ascending,1,1,3.0
15075,multiple-imputation,1,1,3.0
15076,multiplex,1,1,3.0
15077,multiplexed,1,1,3.0
15078,multisociety,1,1,3.0
15079,multistakeholder,1,1,3.0
15080,multistep,1,1,3.0
15081,multitissue,1,1,3.0
15082,multivariable-adjusted,1,1,3.0
15083,multivariably,1,1,3.0
15084,murf1,1,1,3.0
15085,muribaculaceae,1,1,3.0
15086,muris,1,1,3.0
15087,muscle-conscious,1,1,3.0
15088,muscle-derived,1,1,3.0
15089,muscle-preservation,1,1,3.0
15090,muscle-preserving,1,1,3.0
15091,muscle-targeted,1,1,3.0
15092,muscle-vulnerability,1,1,3.0
15093,muscular,1,1,3.0
15094,musculature,1,1,3.0
15095,mutagenesis,1,1,3.0
15096,mutation-induced,1,1,3.0
15097,muted,1,1,3.0
15098,mws,1,1,3.0
15099,myalgic,1,1,3.0
15100,myelocyte,1,1,3.0
15101,myeloid-associated,1,1,3.0
15102,myoblasts,1,1,3.0
15103,myocardium,1,1,3.0
15104,myograph,1,1,3.0
15105,myokine,1,1,3.0
15106,myokine-enteroendocrine-substrate,1,1,3.0
15107,myopathy,1,1,3.0
15108,myostatin,1,1,3.0
15109,myosteatosis,1,1,3.0
15110,myricetin,1,1,3.0
15111,n-acryloxysuccinimide,1,1,3.0
15112,n-dodecyl-β-d-maltoside-based,1,1,3.0
15113,n-isopropylacrylamide-co,1,1,3.0
15114,n-methyl-d-aspartate,1,1,3.0
15115,n-oxide,1,1,3.0
15116,n01hc55222,1,1,3.0
15117,n01hc85079,1,1,3.0
15118,n01hc85080,1,1,3.0
15119,n01hc85081,1,1,3.0
15120,n01hc85082,1,1,3.0
15121,n01hc85083,1,1,3.0
15122,n01hc85086,1,1,3.0
15123,n6-methyladenosine,1,1,3.0
15124,na-driven,1,1,3.0
15125,nac,1,1,3.0
15126,nails,1,1,3.0
15127,naldemedine,1,1,3.0
15128,naltrexone-bupropion,1,1,3.0
15129,nano-encapsulated,1,1,3.0
15130,nanoassemblies,1,1,3.0
15131,nanoassembly-based,1,1,3.0
15132,nanocarriers,1,1,3.0
15133,nanofiber-based,1,1,3.0
15134,nanomedicine,1,1,3.0
15135,nanomicellar,1,1,3.0
15136,nanomicelle,1,1,3.0
15137,nanoparticle-based,1,1,3.0
15138,nanoparticle-enhanced,1,1,3.0
15139,nanostructured,1,1,3.0
15140,nanotechnology-based,1,1,3.0
15141,nanotoxicological,1,1,3.0
15142,narcoms,1,1,3.0
15143,narrates,1,1,3.0
15144,narrative-context,1,1,3.0
15145,narrow-spectrum,1,1,3.0
15146,narrower,1,1,3.0
15147,nascent,1,1,3.0
15148,naturally,1,1,3.0
15149,nature's,1,1,3.0
15150,nauseating,1,1,3.0
15151,navajo,1,1,3.0
15152,navigates,1,1,3.0
15153,navigation,1,1,3.0
15154,ncep,1,1,3.0
15155,ncfm,1,1,3.0
15156,nct03899402,1,1,3.0
15157,nct04019197,1,1,3.0
15158,nct04153929,1,1,3.0
15159,nct04591782,1,1,3.0
15160,nct04667377,1,1,3.0
15161,nct05013229,1,1,3.0
15162,nct05114018,1,1,3.0
15163,nct05152277,1,1,3.0
15164,nct05199948,1,1,3.0
15165,nct05259033,1,1,3.0
15166,nct05287906,1,1,3.0
15167,nct05352815,1,1,3.0
15168,nct05412004,1,1,3.0
15169,nct05646706,1,1,3.0
15170,nct05813912,1,1,3.0
15171,nct06010004,1,1,3.0
15172,nct06041217,1,1,3.0
15173,nct06066515,1,1,3.0
15174,nct06113146,1,1,3.0
15175,nct06124807,1,1,3.0
15176,nct06162715,1,1,3.0
15177,nct06269107,1,1,3.0
15178,nct06365385,1,1,3.0
15179,nct06410924,1,1,3.0
15180,nct06467604,1,1,3.0
15181,nct06559527,1,1,3.0
15182,nct06770621,1,1,3.0
15183,nct06789263,1,1,3.0
15184,nct06854952,1,1,3.0
15185,nct06973681,1,1,3.0
15186,nct07013409,1,1,3.0
15187,nct07014709,1,1,3.0
15188,nct07370922,1,1,3.0
15189,ndash,1,1,3.0
15190,ndev-associated,1,1,3.0
15191,ndkd,1,1,3.0
15192,near-term,1,1,3.0
15193,nearest,1,1,3.0
15194,necroptosis,1,1,3.0
15195,nedd4l,1,1,3.0
15196,nedd4l-dependent,1,1,3.0
15197,nedd4l-mediated,1,1,3.0
15198,needle-free,1,1,3.0
15199,nefa-induced,1,1,3.0
15200,negated,1,1,3.0
15201,neglecting,1,1,3.0
15202,neighbor,1,1,3.0
15203,nemolizumab,1,1,3.0
15204,neoadjuvant,1,1,3.0
15205,neoantigen-based,1,1,3.0
15206,nephrologic,1,1,3.0
15207,nephrologists,1,1,3.0
15208,nephron,1,1,3.0
15209,nephroprotection,1,1,3.0
15210,nephrotic,1,1,3.0
15211,nephrotoxic,1,1,3.0
15212,neprilysin,1,1,3.0
15213,network-level,1,1,3.0
15214,network-wide,1,1,3.0
15215,neun-positive,1,1,3.0
15216,neuraly,1,1,3.0
15217,neuro-gastroenterological,1,1,3.0
15218,neuro-icu,1,1,3.0
15219,neuro-immune,1,1,3.0
15220,neuro-metabolic,1,1,3.0
15221,neuroanatomical,1,1,3.0
15222,neuroblu,1,1,3.0
15223,neurochemical,1,1,3.0
15224,neurod1-y297d,1,1,3.0
15225,neurodifferentiation,1,1,3.0
15226,neuroendocrine-appetite-mental,1,1,3.0
15227,neuroendocrine-metabolic,1,1,3.0
15228,neurofibrillary,1,1,3.0
15229,neurogenic,1,1,3.0
15230,neurogenin,1,1,3.0
15231,neuroglycopenic,1,1,3.0
15232,neurohypophysis,1,1,3.0
15233,neuroimmune,1,1,3.0
15234,neurologic,1,1,3.0
15235,neuromodulatory,1,1,3.0
15236,neuromuscular,1,1,3.0
15237,neuron-centered,1,1,3.0
15238,neuron-centric,1,1,3.0
15239,neuron-derived,1,1,3.0
15240,neurones,1,1,3.0
15241,neuronostatin,1,1,3.0
15242,neuroocular,1,1,3.0
15243,neuropathological,1,1,3.0
15244,neuropathy-related,1,1,3.0
15245,neuropeptidey1,1,1,3.0
15246,neuropharmacology,1,1,3.0
15247,neuroplastic,1,1,3.0
15248,neuroscience,1,1,3.0
15249,neurotoxic,1,1,3.0
15250,neurotoxicity,1,1,3.0
15251,neurotoxicity-associated,1,1,3.0
15252,neurotransmission,1,1,3.0
15253,neurotransmitter,1,1,3.0
15254,neurovascular-protective,1,1,3.0
15255,neutral-lipid,1,1,3.0
15256,neutralisation,1,1,3.0
15257,neutralization,1,1,3.0
15258,neutralizing,1,1,3.0
15259,neutrophil,1,1,3.0
15260,neutrophil-net,1,1,3.0
15261,neutrophilic,1,1,3.0
15262,new-users,1,1,3.0
15263,nextida,1,1,3.0
15264,nexus,1,1,3.0
15265,nf-κb-mediated,1,1,3.0
15266,ng28,1,1,3.0
15267,nga2-cur,1,1,3.0
15268,ngf,1,1,3.0
15269,niacinamide,1,1,3.0
15270,nic,1,1,3.0
15271,nice,1,1,3.0
15272,niches,1,1,3.0
15273,nicotine-mediated,1,1,3.0
15274,nicotinic,1,1,3.0
15275,nicotininc,1,1,3.0
15276,nightmare,1,1,3.0
15277,nighttime,1,1,3.0
15278,nigra,1,1,3.0
15279,nigrostriatal,1,1,3.0
15280,ninety-day,1,1,3.0
15281,ninety-two,1,1,3.0
15282,nitrosative,1,1,3.0
15283,nkx6,1,1,3.0
15284,nlrc4,1,1,3.0
15285,nlrp1b,1,1,3.0
15286,nlrp3-il-1β,1,1,3.0
15287,nmda,1,1,3.0
15288,nmnat2,1,1,3.0
15289,nmpa,1,1,3.0
15290,nn1213,1,1,3.0
15291,nnts,1,1,3.0
15292,no-centered,1,1,3.0
15293,no-intervention,1,1,3.0
15294,no-restoring,1,1,3.0
15295,nod-scid,1,1,3.0
15296,node-splitting,1,1,3.0
15297,nodes-the,1,1,3.0
15298,nodularis,1,1,3.0
15299,nodule,1,1,3.0
15300,nominal,1,1,3.0
15301,non,1,1,3.0
15302,non-12-oh,1,1,3.0
15303,non-adherence,1,1,3.0
15304,non-amyloid,1,1,3.0
15305,non-asians,1,1,3.0
15306,non-athletic,1,1,3.0
15307,non-autonomous,1,1,3.0
15308,non-aversive,1,1,3.0
15309,non-breakfast,1,1,3.0
15310,non-caloric,1,1,3.0
15311,non-ckd,1,1,3.0
15312,non-compartmental,1,1,3.0
15313,non-cp,1,1,3.0
15314,non-dimerizing,1,1,3.0
15315,non-disordered,1,1,3.0
15316,non-endocrine,1,1,3.0
15317,non-er,1,1,3.0
15318,non-escalation,1,1,3.0
15319,non-exclusive,1,1,3.0
15320,non-fatal,1,1,3.0
15321,non-fda-approved,1,1,3.0
15322,non-glycemic,1,1,3.0
15323,non-hdl,1,1,3.0
15324,non-hdl-c,1,1,3.0
15325,non-hispanic,1,1,3.0
15326,non-hodgkin,1,1,3.0
15327,non-hodgkin's,1,1,3.0
15328,non-hormonal,1,1,3.0
15329,non-human,1,1,3.0
15330,non-inferior,1,1,3.0
15331,non-ischemic,1,1,3.0
15332,non-lean,1,1,3.0
15333,non-melanoma,1,1,3.0
15334,non-metformin,1,1,3.0
15335,non-missing,1,1,3.0
15336,non-motor,1,1,3.0
15337,non-mutually,1,1,3.0
15338,non-natural,1,1,3.0
15339,non-neoplastic,1,1,3.0
15340,non-omics,1,1,3.0
15341,non-overlapping,1,1,3.0
15342,non-parametric,1,1,3.0
15343,non-pharmaceutical,1,1,3.0
15344,non-prescribed,1,1,3.0
15345,non-psychiatric,1,1,3.0
15346,non-pws,1,1,3.0
15347,non-randomised,1,1,3.0
15348,non-response-commonly,1,1,3.0
15349,non-significantly,1,1,3.0
15350,non-smi,1,1,3.0
15351,non-specialist,1,1,3.0
15352,non-starch,1,1,3.0
15353,non-stigmatizing,1,1,3.0
15354,non-stroke,1,1,3.0
15355,non-surgical,1,1,3.0
15356,non-sympathomimetic,1,1,3.0
15357,non-t2,1,1,3.0
15358,non-targeted,1,1,3.0
15359,non-testers,1,1,3.0
15360,non-tirzepatide,1,1,3.0
15361,non-treatment,1,1,3.0
15362,non-user,1,1,3.0
15363,non-validated,1,1,3.0
15364,non-vision-threatening,1,1,3.0
15365,non-weight-bearing,1,1,3.0
15366,non-white,1,1,3.0
15367,nonadherence,1,1,3.0
15368,nonadherent,1,1,3.0
15369,nonalcoholic,1,1,3.0
15370,noncausal,1,1,3.0
15371,noncirrhotic,1,1,3.0
15372,nonclassical,1,1,3.0
15373,nonclinical,1,1,3.0
15374,noncomparative,1,1,3.0
15375,nondestructive,1,1,3.0
15376,nondialysis,1,1,3.0
15377,nonearly,1,1,3.0
15378,noneligible,1,1,3.0
15379,nonemergent,1,1,3.0
15380,nonenforced,1,1,3.0
15381,nonesterified,1,1,3.0
15382,nonglp-1ra,1,1,3.0
15383,noninfectious,1,1,3.0
15384,noninformative,1,1,3.0
15385,noninvasively,1,1,3.0
15386,nonmaleficence,1,1,3.0
15387,nonmetabolic,1,1,3.0
15388,nonmutually,1,1,3.0
15389,nonnutritive,1,1,3.0
15390,nonopioid,1,1,3.0
15391,nonparametric,1,1,3.0
15392,nonpeptide,1,1,3.0
15393,nonpharmacological,1,1,3.0
15394,nonpsychiatric,1,1,3.0
15395,nonrenal,1,1,3.0
15396,nonspecific,1,1,3.0
15397,nonstandard,1,1,3.0
15398,nonsurgical,1,1,3.0
15399,nonuse,1,1,3.0
15400,nordicc3m,1,1,3.0
15401,normal-weight,1,1,3.0
15402,normalise,1,1,3.0
15403,normalize,1,1,3.0
15404,normalizing,1,1,3.0
15405,normo,1,1,3.0
15406,normoglycemia,1,1,3.0
15407,normoglycemic,1,1,3.0
15408,normotensive,1,1,3.0
15409,northern,1,1,3.0
15410,norway,1,1,3.0
15411,not-for-profit,1,1,3.0
15412,notes,1,1,3.0
15413,notherapeutic,1,1,3.0
15414,noting,1,1,3.0
15415,notoriety,1,1,3.0
15416,nov,1,1,3.0
15417,npo,1,1,3.0
15418,nps,1,1,3.0
15419,npy-2,1,1,3.0
15420,npy-2r,1,1,3.0
15421,nrem,1,1,3.0
15422,nrf2-independent,1,1,3.0
15423,nrf2-nf-κb,1,1,3.0
15424,nsmra,1,1,3.0
15425,nst-gpr107,1,1,3.0
15426,nt5e,1,1,3.0
15427,ntcp,1,1,3.0
15428,nuanced,1,1,3.0
15429,nuances,1,1,3.0
15430,nucleotide,1,1,3.0
15431,nucleotide-binding,1,1,3.0
15432,nullified,1,1,3.0
15433,numberically,1,1,3.0
15434,numeric,1,1,3.0
15435,nurse-led,1,1,3.0
15436,nurses,1,1,3.0
15437,nursing,1,1,3.0
15438,nush,1,1,3.0
15439,nutri-specific,1,1,3.0
15440,nutrient-dense,1,1,3.0
15441,nutrient-driven,1,1,3.0
15442,nutrient-rich,1,1,3.0
15443,nutrient-stimulated,1,1,3.0
15444,nutrient-stimulating,1,1,3.0
15445,nutrition-focused,1,1,3.0
15446,nutrition-specific,1,1,3.0
15447,nutritionally,1,1,3.0
15448,nw,1,1,3.0
15449,nω-nitro-l-arginine,1,1,3.0
15450,o,1,1,3.0
15451,o'malley,1,1,3.0
15452,o-6,1,1,3.0
15453,o2k-respirometer,1,1,3.0
15454,oa-obesity,1,1,3.0
15455,oa-related,1,1,3.0
15456,oatps,1,1,3.0
15457,oats,1,1,3.0
15458,oaxaca-blinder,1,1,3.0
15459,ob,1,1,3.0
15460,obedigithum,1,1,3.0
15461,obesity-based,1,1,3.0
15462,obesity-driven,1,1,3.0
15463,obesity-fuels,1,1,3.0
15464,obesity-treatment,1,1,3.0
15465,obesity1,1,1,3.0
15466,objectionable,1,1,3.0
15467,objectivesglucagon-like,1,1,3.0
15468,objectivesto,1,1,3.0
15469,objectiveto,1,1,3.0
15470,obligation,1,1,3.0
15471,obligations,1,1,3.0
15472,obscures,1,1,3.0
15473,observations-pre-treatment,1,1,3.0
15474,obstacles,1,1,3.0
15475,obstetrical,1,1,3.0
15476,obstetricians,1,1,3.0
15477,obvious,1,1,3.0
15478,occasionally,1,1,3.0
15479,occasions,1,1,3.0
15480,occupational,1,1,3.0
15481,occupy,1,1,3.0
15482,occurrences,1,1,3.0
15483,oceania,1,1,3.0
15484,ocn-gpr158-mediated,1,1,3.0
15485,oct1,1,1,3.0
15486,oct2,1,1,3.0
15487,october-november,1,1,3.0
15488,oculomotor,1,1,3.0
15489,oecd,1,1,3.0
15490,of-neuropsychiatric,1,1,3.0
15491,ofcollagen-induced,1,1,3.0
15492,off-target,1,1,3.0
15493,offerings,1,1,3.0
15494,offices,1,1,3.0
15495,offloading,1,1,3.0
15496,offset,1,1,3.0
15497,offsetting,1,1,3.0
15498,ogtt-derived,1,1,3.0
15499,ohio,1,1,3.0
15500,ojag080,1,1,3.0
15501,olanzapine-treated,1,1,3.0
15502,oldest,1,1,3.0
15503,oligo,1,1,3.0
15504,oligomeric,1,1,3.0
15505,oligomerization,1,1,3.0
15506,oligonucleotide,1,1,3.0
15507,oligonucleotides,1,1,3.0
15508,om-experienced,1,1,3.0
15509,oma,1,1,3.0
15510,omission,1,1,3.0
15511,omitted,1,1,3.0
15512,omnibus,1,1,3.0
15513,omop,1,1,3.0
15514,one-anastomosis,1,1,3.0
15515,one-day-old,1,1,3.0
15516,one-half,1,1,3.0
15517,one-page,1,1,3.0
15518,one-sided,1,1,3.0
15519,one-size-fits-all,1,1,3.0
15520,one-week,1,1,3.0
15521,oneflorida,1,1,3.0
15522,ongoing-trial,1,1,3.0
15523,oniglt,1,1,3.0
15524,oniglts,1,1,3.0
15525,onions,1,1,3.0
15526,online-purchased,1,1,3.0
15527,onlinemeta,1,1,3.0
15528,ontario,1,1,3.0
15529,onto,1,1,3.0
15530,ontologies,1,1,3.0
15531,ontology,1,1,3.0
15532,onward,1,1,3.0
15533,open-access,1,1,3.0
15534,open-heart,1,1,3.0
15535,openalex,1,1,3.0
15536,opened,1,1,3.0
15537,operate,1,1,3.0
15538,operation,1,1,3.0
15539,operationalised,1,1,3.0
15540,operations,1,1,3.0
15541,ophiopogon,1,1,3.0
15542,opiates,1,1,3.0
15543,opinions,1,1,3.0
15544,opioid-negative,1,1,3.0
15545,opioid-related,1,1,3.0
15546,opioid-seeking,1,1,3.0
15547,opposed,1,1,3.0
15548,opposing,1,1,3.0
15549,opposite,1,1,3.0
15550,optical,1,1,3.0
15551,optimised,1,1,3.0
15552,optum's,1,1,3.0
15553,optumlabs,1,1,3.0
15554,orbital,1,1,3.0
15555,order-level,1,1,3.0
15556,ordering,1,1,3.0
15557,orexin,1,1,3.0
15558,orforglipron's,1,1,3.0
15559,orforglipron-like,1,1,3.0
15560,orforglipron-treated,1,1,3.0
15561,organ-by-organ,1,1,3.0
15562,organ-level,1,1,3.0
15563,organ-like,1,1,3.0
15564,organellar,1,1,3.0
15565,organelles,1,1,3.0
15566,organised,1,1,3.0
15567,organize,1,1,3.0
15568,organizing,1,1,3.0
15569,orgasm,1,1,3.0
15570,orientation,1,1,3.0
15571,origin,1,1,3.0
15572,oro-sensory,1,1,3.0
15573,oroboros,1,1,3.0
15574,oromucosal,1,1,3.0
15575,oropharyngeal,1,1,3.0
15576,orthokeratology,1,1,3.0
15577,orthopedic,1,1,3.0
15578,osa-driven,1,1,3.0
15579,oscillations-and,1,1,3.0
15580,osmolality,1,1,3.0
15581,osteoblast-like,1,1,3.0
15582,osteoblastic,1,1,3.0
15583,osteocyte-derived,1,1,3.0
15584,osteopenia,1,1,3.0
15585,osteopontin,1,1,3.0
15586,otalgia,1,1,3.0
15587,otolaryngologic,1,1,3.0
15588,otologic,1,1,3.0
15589,otoscopic,1,1,3.0
15590,otu,1,1,3.0
15591,oud-related,1,1,3.0
15592,outcome-level,1,1,3.0
15593,outcome-stratified,1,1,3.0
15594,outcomes-including,1,1,3.0
15595,outer,1,1,3.0
15596,outlining,1,1,3.0
15597,outlying,1,1,3.0
15598,outperform,1,1,3.0
15599,outperforming,1,1,3.0
15600,outputs,1,1,3.0
15601,outstanding,1,1,3.0
15602,ovarian-centric,1,1,3.0
15603,ovariectomized,1,1,3.0
15604,ovatus,1,1,3.0
15605,over-time,1,1,3.0
15606,overarching,1,1,3.0
15607,overcoming,1,1,3.0
15608,overconsumption,1,1,3.0
15609,overestimation,1,1,3.0
15610,overlap-informed,1,1,3.0
15611,overlapped,1,1,3.0
15612,overlaps,1,1,3.0
15613,overnutrition-induced,1,1,3.0
15614,overstate,1,1,3.0
15615,ovulatory,1,1,3.0
15616,ow,1,1,3.0
15617,ownership,1,1,3.0
15618,oxalate,1,1,3.0
15619,oxazole-containing,1,1,3.0
15620,oxford-royal,1,1,3.0
15621,oxidant,1,1,3.0
15622,oxphos-regulating,1,1,3.0
15623,oxybate,1,1,3.0
15624,oxygen-stress,1,1,3.0
15625,ozone,1,1,3.0
15626,ozympic,1,1,3.0
15627,p-akt308,1,1,3.0
15628,p-akt473,1,1,3.0
15629,p-gsk-3β,1,1,3.0
15630,p-mtor,1,1,3.0
15631,p-pi3k,1,1,3.0
15632,p-s6,1,1,3.0
15633,p-scores,1,1,3.0
15634,p-trend,1,1,3.0
15635,p-values,1,1,3.0
15636,p62,1,1,3.0
15637,pace,1,1,3.0
15638,packaging,1,1,3.0
15639,pah,1,1,3.0
15640,paid,1,1,3.0
15641,painless,1,1,3.0
15642,pair-fed,1,1,3.0
15643,paired-end,1,1,3.0
15644,palliated,1,1,3.0
15645,palm,1,1,3.0
15646,palmitate-based,1,1,3.0
15647,pan-tissue,1,1,3.0
15648,pancreas-liver,1,1,3.0
15649,pancreatitis-directed,1,1,3.0
15650,pancreatitis-related,1,1,3.0
15651,pancrelipase,1,1,3.0
15652,pancytopenia,1,1,3.0
15653,pandemic,1,1,3.0
15654,panellists,1,1,3.0
15655,papilla,1,1,3.0
15656,parabrachial,1,1,3.0
15657,paracardiac,1,1,3.0
15658,paracasei,1,1,3.0
15659,paracetamol,1,1,3.0
15660,paradoxically,1,1,3.0
15661,paragasseri,1,1,3.0
15662,parallel-arm,1,1,3.0
15663,parallels,1,1,3.0
15664,paramount,1,1,3.0
15665,parapharyngeal,1,1,3.0
15666,parasympathetic,1,1,3.0
15667,parathyroid,1,1,3.0
15668,parent,1,1,3.0
15669,parent-reported,1,1,3.0
15670,parenteral,1,1,3.0
15671,parents,1,1,3.0
15672,parity,1,1,3.0
15673,park7,1,1,3.0
15674,parkinsonian,1,1,3.0
15675,paroxetine,1,1,3.0
15676,parp,1,1,3.0
15677,participant's,1,1,3.0
15678,participating,1,1,3.0
15679,participation,1,1,3.0
15680,particle-induced,1,1,3.0
15681,partitioning,1,1,3.0
15682,party,1,1,3.0
15683,patch-clamp,1,1,3.0
15684,patches,1,1,3.0
15685,patchy,1,1,3.0
15686,patellar,1,1,3.0
15687,patency,1,1,3.0
15688,paternal-exposure,1,1,3.0
15689,paternally,1,1,3.0
15690,path,1,1,3.0
15691,pathobiology,1,1,3.0
15692,pathobiont,1,1,3.0
15693,pathobionts,1,1,3.0
15694,pathogen-associated,1,1,3.0
15695,pathogen-specific,1,1,3.0
15696,pathologic,1,1,3.0
15697,paths,1,1,3.0
15698,pathway-associated,1,1,3.0
15699,pathway-inhibition,1,1,3.0
15700,pathways-including,1,1,3.0
15701,pathways-to,1,1,3.0
15702,patid,1,1,3.0
15703,patient-administered,1,1,3.0
15704,patient-centred,1,1,3.0
15705,patient-centric,1,1,3.0
15706,patient-derived,1,1,3.0
15707,patient-friendly,1,1,3.0
15708,patient-informed,1,1,3.0
15709,patient-related,1,1,3.0
15710,patient-years,1,1,3.0
15711,pause,1,1,3.0
15712,pave,1,1,3.0
15713,paving,1,1,3.0
15714,pay,1,1,3.0
15715,pbsa,1,1,3.0
15716,pbsa-based,1,1,3.0
15717,pcgrimage,1,1,3.0
15718,pci-related,1,1,3.0
15719,pcp,1,1,3.0
15720,pcsk9-mediated,1,1,3.0
15721,pd-related,1,1,3.0
15722,pdff,1,1,3.0
15723,pdx1,1,1,3.0
15724,peaking,1,1,3.0
15725,pearldiver,1,1,3.0
15726,pediatric-versus-adult,1,1,3.0
15727,pediatrician,1,1,3.0
15728,pediatricians,1,1,3.0
15729,peers,1,1,3.0
15730,pef,1,1,3.0
15731,pegol,1,1,3.0
15732,pem,1,1,3.0
15733,pemafibrate,1,1,3.0
15734,pemphigoid,1,1,3.0
15735,pemphigus,1,1,3.0
15736,penetrative,1,1,3.0
15737,pentose,1,1,3.0
15738,pentoxifylline,1,1,3.0
15739,people's,1,1,3.0
15740,pepsin,1,1,3.0
15741,peptide-1-based,1,1,3.0
15742,peptide-1-immunoreactive,1,1,3.0
15743,per-patient,1,1,3.0
15744,per-person-per-month,1,1,3.0
15745,per-protocol,1,1,3.0
15746,per-tablet,1,1,3.0
15747,percentages,1,1,3.0
15748,perceptual,1,1,3.0
15749,peri-endoscopic,1,1,3.0
15750,peri-implant,1,1,3.0
15751,pericentral,1,1,3.0
15752,periconceptual,1,1,3.0
15753,pericytes,1,1,3.0
15754,perinatal,1,1,3.0
15755,perinephric,1,1,3.0
15756,periodic,1,1,3.0
15757,periodontitis,1,1,3.0
15758,periodontitis-associated,1,1,3.0
15759,periods-are,1,1,3.0
15760,peripapillary,1,1,3.0
15761,peripartum,1,1,3.0
15762,peripherally,1,1,3.0
15763,perirenal,1,1,3.0
15764,peristaltic,1,1,3.0
15765,peritubal,1,1,3.0
15766,perivascular,1,1,3.0
15767,permanent,1,1,3.0
15768,permeable,1,1,3.0
15769,permit,1,1,3.0
15770,permutational,1,1,3.0
15771,peroxide-induced,1,1,3.0
15772,peroxisomes,1,1,3.0
15773,perpetuate,1,1,3.0
15774,perpetuating,1,1,3.0
15775,persistent-use,1,1,3.0
15776,persistent-user,1,1,3.0
15777,personal,1,1,3.0
15778,personnel,1,1,3.0
15779,persons,1,1,3.0
15780,pertinent,1,1,3.0
15781,perturb,1,1,3.0
15782,peru,1,1,3.0
15783,peto,1,1,3.0
15784,pfc,1,1,3.0
15785,pfizer,1,1,3.0
15786,pfs,1,1,3.0
15787,pgf,1,1,3.0
15788,ph-gradients,1,1,3.0
15789,pharma-driven,1,1,3.0
15790,pharmaca,1,1,3.0
15791,pharmacist,1,1,3.0
15792,pharmacist-integrated,1,1,3.0
15793,pharmacoengineering,1,1,3.0
15794,pharmacogenetics,1,1,3.0
15795,pharmacologicallysubstantially,1,1,3.0
15796,pharmacomicrobiomics,1,1,3.0
15797,pharmacotherapies-including,1,1,3.0
15798,pharmacotherapy-and,1,1,3.0
15799,pharmacotherapy-related,1,1,3.0
15800,pharmatech,1,1,3.0
15801,pharmetrics,1,1,3.0
15802,phase-specific,1,1,3.0
15803,phased,1,1,3.0
15804,phenoage,1,1,3.0
15805,phenotype-by-time,1,1,3.0
15806,phenotype-informed,1,1,3.0
15807,phenotype-proteome,1,1,3.0
15808,phenotypes-to,1,1,3.0
15809,phentermine-topiramate,1,1,3.0
15810,phenyl,1,1,3.0
15811,phenylketonuria,1,1,3.0
15812,philosophical,1,1,3.0
15813,phluorin,1,1,3.0
15814,phosphate-buffered,1,1,3.0
15815,phosphate-citrate,1,1,3.0
15816,phospho-eif2α,1,1,3.0
15817,phospholamban,1,1,3.0
15818,phosphoproteomics,1,1,3.0
15819,phosphorus,1,1,3.0
15820,phosphorylation-dependent,1,1,3.0
15821,phosphorylation-effects,1,1,3.0
15822,photo-coded,1,1,3.0
15823,photos,1,1,3.0
15824,phototypes,1,1,3.0
15825,php,1,1,3.0
15826,phycocyanin,1,1,3.0
15827,phylogenetic,1,1,3.0
15828,phylogenetics,1,1,3.0
15829,phylum,1,1,3.0
15830,phylum-level,1,1,3.0
15831,physically,1,1,3.0
15832,physician's,1,1,3.0
15833,physician-led,1,1,3.0
15834,physician-reported,1,1,3.0
15835,physiology-based,1,1,3.0
15836,phytosomes,1,1,3.0
15837,picots,1,1,3.0
15838,picrosirius,1,1,3.0
15839,picture,1,1,3.0
15840,pid,1,1,3.0
15841,pid1,1,1,3.0
15842,pid1-3,1,1,3.0
15843,pill,1,1,3.0
15844,pills,1,1,3.0
15845,pimonidazole,1,1,3.0
15846,pink1,1,1,3.0
15847,pioneer,1,1,3.0
15848,piracetam,1,1,3.0
15849,pitfalls,1,1,3.0
15850,pitnet,1,1,3.0
15851,pitolisant,1,1,3.0
15852,pkcβ,1,1,3.0
15853,pkd1,1,1,3.0
15854,pks,1,1,3.0
15855,placebo-adjusted,1,1,3.0
15856,placebo-corrected,1,1,3.0
15857,placebo-group,1,1,3.0
15858,placental,1,1,3.0
15859,plan-level,1,1,3.0
15860,plans-data,1,1,3.0
15861,plaque,1,1,3.0
15862,plaque-stabilizing,1,1,3.0
15863,plate,1,1,3.0
15864,plateau,1,1,3.0
15865,plateauing,1,1,3.0
15866,plateaus,1,1,3.0
15867,player,1,1,3.0
15868,plc-gq-ca2,1,1,3.0
15869,please,1,1,3.0
15870,plication,1,1,3.0
15871,pls,1,1,3.0
15872,plumpness,1,1,3.0
15873,pluripotent,1,1,3.0
15874,pmaindet2,1,1,3.0
15875,pneumonitis,1,1,3.0
15876,pnpho,1,1,3.0
15877,pnpla3,1,1,3.0
15878,podocyte-intrinsic,1,1,3.0
15879,podocyte-specific,1,1,3.0
15880,podocytes,1,1,3.0
15881,podtrac,1,1,3.0
15882,poentially,1,1,3.0
15883,point-of-care,1,1,3.0
15884,point-of-service,1,1,3.0
15885,pointing,1,1,3.0
15886,poisoning,1,1,3.0
15887,poisson-boltzmann,1,1,3.0
15888,poland,1,1,3.0
15889,polar,1,1,3.0
15890,polarized,1,1,3.0
15891,policymakers,1,1,3.0
15892,polish,1,1,3.0
15893,polish-speaking,1,1,3.0
15894,polyagonist,1,1,3.0
15895,polyamine-based,1,1,3.0
15896,polyarthropathies,1,1,3.0
15897,polydipsia,1,1,3.0
15898,polyethylene,1,1,3.0
15899,polygonatum,1,1,3.0
15900,polyhormonal,1,1,3.0
15901,polylactide,1,1,3.0
15902,polymer,1,1,3.0
15903,polymethyl,1,1,3.0
15904,polypeptid,1,1,3.0
15905,polypeptide-based,1,1,3.0
15906,polypeptide-gip,1,1,3.0
15907,polypeptide-y4,1,1,3.0
15908,polyphagia,1,1,3.0
15909,polysynaptic,1,1,3.0
15910,pomegranate,1,1,3.0
15911,poor-quality,1,1,3.0
15912,popc,1,1,3.0
15913,popping,1,1,3.0
15914,populace,1,1,3.0
15915,popularized,1,1,3.0
15916,populationlevel,1,1,3.0
15917,porosity,1,1,3.0
15918,porphyria,1,1,3.0
15919,porphyromonas,1,1,3.0
15920,portal-insulin-determined,1,1,3.0
15921,posibil6eskd,1,1,3.0
15922,positing,1,1,3.0
15923,positive-feedback,1,1,3.0
15924,positivity,1,1,3.0
15925,possessing,1,1,3.0
15926,post-2014,1,1,3.0
15927,post-2021,1,1,3.0
15928,post-2022,1,1,3.0
15929,post-atr,1,1,3.0
15930,post-biotics,1,1,3.0
15931,post-deployment,1,1,3.0
15932,post-detection,1,1,3.0
15933,post-ebmt,1,1,3.0
15934,post-endoscopy,1,1,3.0
15935,post-incretin,1,1,3.0
15936,post-index,1,1,3.0
15937,post-injury,1,1,3.0
15938,post-insult,1,1,3.0
15939,post-meal,1,1,3.0
15940,post-menopausal,1,1,3.0
15941,post-menopause,1,1,3.0
15942,post-metabolic,1,1,3.0
15943,post-mortem,1,1,3.0
15944,post-partum,1,1,3.0
15945,post-pci,1,1,3.0
15946,post-randomization,1,1,3.0
15947,post-series,1,1,3.0
15948,post-stroke,1,1,3.0
15949,post-surgical,1,1,3.0
15950,post-test,1,1,3.0
15951,post-transcriptional,1,1,3.0
15952,post-traumatic,1,1,3.0
15953,post-washout,1,1,3.0
15954,post-withdrawal,1,1,3.0
15955,postacute,1,1,3.0
15956,postbiotic,1,1,3.0
15957,postbiotic-mediated,1,1,3.0
15958,postexertional,1,1,3.0
15959,postmenopause,1,1,3.0
15960,postmortem,1,1,3.0
15961,postprandially,1,1,3.0
15962,postrema,1,1,3.0
15963,posttransplantation,1,1,3.0
15964,potentialmolecular,1,1,3.0
15965,potentiated,1,1,3.0
15966,potentiating,1,1,3.0
15967,poultry,1,1,3.0
15968,powerfully,1,1,3.0
15969,pp-y4r,1,1,3.0
15970,ppar-α-dependent,1,1,3.0
15971,ppar-γ,1,1,3.0
15972,ppard,1,1,3.0
15973,pparα-autophagy,1,1,3.0
15974,ppm,1,1,3.0
15975,pppm,1,1,3.0
15976,practitioners,1,1,3.0
15977,pragmatic-priority,1,1,3.0
15978,pramlintide,1,1,3.0
15979,prazosin,1,1,3.0
15980,pre-adipocytes,1,1,3.0
15981,pre-analytical,1,1,3.0
15982,pre-and,1,1,3.0
15983,pre-appointment,1,1,3.0
15984,pre-capillary,1,1,3.0
15985,pre-ckd,1,1,3.0
15986,pre-defined,1,1,3.0
15987,pre-diabetes,1,1,3.0
15988,pre-dna,1,1,3.0
15989,pre-feeding,1,1,3.0
15990,pre-index,1,1,3.0
15991,pre-kidney,1,1,3.0
15992,pre-mbs,1,1,3.0
15993,pre-onset,1,1,3.0
15994,pre-procedural,1,1,3.0
15995,pre-trained,1,1,3.0
15996,preabsorption,1,1,3.0
15997,preadolescent,1,1,3.0
15998,preb,1,1,3.0
15999,preb-dependent,1,1,3.0
16000,prebiotic,1,1,3.0
16001,precede,1,1,3.0
16002,precipitates,1,1,3.0
16003,precipitating,1,1,3.0
16004,precipitation,1,1,3.0
16005,precision-based,1,1,3.0
16006,precision-guided,1,1,3.0
16007,precision-medicine,1,1,3.0
16008,preclinical-to-clinical,1,1,3.0
16009,preclinically,1,1,3.0
16010,precluded,1,1,3.0
16011,precocious,1,1,3.0
16012,prediabetes-with,1,1,3.0
16013,predictable,1,1,3.0
16014,predispose,1,1,3.0
16015,predisposed,1,1,3.0
16016,predisposes,1,1,3.0
16017,predispositions,1,1,3.0
16018,predominate,1,1,3.0
16019,predominated,1,1,3.0
16020,predominately,1,1,3.0
16021,preferable,1,1,3.0
16022,prefrontal,1,1,3.0
16023,pregnenolone,1,1,3.0
16024,prejudice,1,1,3.0
16025,premier,1,1,3.0
16026,preparing,1,1,3.0
16027,preproglucagon,1,1,3.0
16028,preregister,1,1,3.0
16029,preregistration,1,1,3.0
16030,prescribe,1,1,3.0
16031,prescription-months,1,1,3.0
16032,prescription-record,1,1,3.0
16033,prescription-recorded,1,1,3.0
16034,presenters,1,1,3.0
16035,pressing,1,1,3.0
16036,pressure-overload,1,1,3.0
16037,presumably,1,1,3.0
16038,presumed,1,1,3.0
16039,presystemic,1,1,3.0
16040,prevent's,1,1,3.0
16041,preventable,1,1,3.0
16042,preventative,1,1,3.0
16043,preventt2,1,1,3.0
16044,price-reduction,1,1,3.0
16045,primates,1,1,3.0
16046,prime,1,1,3.0
16047,primed,1,1,3.0
16048,priming,1,1,3.0
16049,primitive,1,1,3.0
16050,priori,1,1,3.0
16051,prioritisation,1,1,3.0
16052,prioritise,1,1,3.0
16053,prioritising,1,1,3.0
16054,prioritization,1,1,3.0
16055,prioritizes,1,1,3.0
16056,prisma-guided,1,1,3.0
16057,prisma-scr,1,1,3.0
16058,prisma-scr-based,1,1,3.0
16059,prisons,1,1,3.0
16060,privileged,1,1,3.0
16061,pro-b-type,1,1,3.0
16062,pro-opiomelanocortin,1,1,3.0
16063,pro-seizure,1,1,3.0
16064,pro-thrombotic,1,1,3.0
16065,proactively,1,1,3.0
16066,proband,1,1,3.0
16067,probes,1,1,3.0
16068,probing,1,1,3.0
16069,probiotic-modulated,1,1,3.0
16070,problematic,1,1,3.0
16071,probucol,1,1,3.0
16072,proceedings,1,1,3.0
16073,processing-speed,1,1,3.0
16074,procurement,1,1,3.0
16075,procyanidins,1,1,3.0
16076,prodrugs,1,1,3.0
16077,product-level,1,1,3.0
16078,product-quality,1,1,3.0
16079,productivities,1,1,3.0
16080,produxion,1,1,3.0
16081,professions,1,1,3.0
16082,profile-particularly,1,1,3.0
16083,profiled,1,1,3.0
16084,progenitor-associated,1,1,3.0
16085,progenitors,1,1,3.0
16086,progesterone,1,1,3.0
16087,progestogen-only,1,1,3.0
16088,prognostication,1,1,3.0
16089,programmatic,1,1,3.0
16090,progranulin,1,1,3.0
16091,progressing,1,1,3.0
16092,progression-free,1,1,3.0
16093,proinflammatory,1,1,3.0
16094,proinsulin-to-c-peptide,1,1,3.0
16095,projection,1,1,3.0
16096,projects,1,1,3.0
16097,prolactin,1,1,3.0
16098,prolific,1,1,3.0
16099,prolongation,1,1,3.0
16100,prolonged-feeding,1,1,3.0
16101,prolongs,1,1,3.0
16102,prominently,1,1,3.0
16103,promis,1,1,3.0
16104,promises,1,1,3.0
16105,promotemitophagic,1,1,3.0
16106,prompting,1,1,3.0
16107,promptly,1,1,3.0
16108,promyelocyte,1,1,3.0
16109,propagate,1,1,3.0
16110,propanoate,1,1,3.0
16111,propanoic,1,1,3.0
16112,propelled,1,1,3.0
16113,proportionately,1,1,3.0
16114,proposals,1,1,3.0
16115,propositions,1,1,3.0
16116,proprotein,1,1,3.0
16117,proquest,1,1,3.0
16118,pros,1,1,3.0
16119,prospects,1,1,3.0
16120,prospero-registered,1,1,3.0
16121,protease,1,1,3.0
16122,proteasome,1,1,3.0
16123,protects,1,1,3.0
16124,protein's,1,1,3.0
16125,protein-1,1,1,3.0
16126,protein-folding,1,1,3.0
16127,protein-ligand,1,1,3.0
16128,protein-mediated,1,1,3.0
16129,proteinopathy,1,1,3.0
16130,proteostatic,1,1,3.0
16131,proteotoxicity,1,1,3.0
16132,protocol-directed,1,1,3.0
16133,protocol-driven,1,1,3.0
16134,protocol-prohibited,1,1,3.0
16135,proton,1,1,3.0
16136,prototypes,1,1,3.0
16137,prototypical,1,1,3.0
16138,prove,1,1,3.0
16139,proved,1,1,3.0
16140,provider-facing,1,1,3.0
16141,provider-reported,1,1,3.0
16142,provinces,1,1,3.0
16143,provocative,1,1,3.0
16144,proxies,1,1,3.0
16145,proximity,1,1,3.0
16146,prp,1,1,3.0
16147,pruning,1,1,3.0
16148,pruning-plasticity-metabolic,1,1,3.0
16149,prurigo,1,1,3.0
16150,pruritic,1,1,3.0
16151,ps-stable,1,1,3.0
16152,ps-stratification,1,1,3.0
16153,pseudo-germ-free,1,1,3.0
16154,pseudonymised,1,1,3.0
16155,pseudopapilloedema-related,1,1,3.0
16156,psg,1,1,3.0
16157,psychedelic,1,1,3.0
16158,psychedelics,1,1,3.0
16159,psychinfo,1,1,3.0
16160,psychodietetics,1,1,3.0
16161,psychomotor,1,1,3.0
16162,psychopathological,1,1,3.0
16163,psychopharmacological,1,1,3.0
16164,psychosis,1,1,3.0
16165,psychostimulants,1,1,3.0
16166,psychotherapy,1,1,3.0
16167,psychotropics,1,1,3.0
16168,psycinfo,1,1,3.0
16169,pt-class,1,1,3.0
16170,pth,1,1,3.0
16171,public's,1,1,3.0
16172,public-facing,1,1,3.0
16173,pufa,1,1,3.0
16174,pufas,1,1,3.0
16175,puget,1,1,3.0
16176,pul-ma,1,1,3.0
16177,pull-down,1,1,3.0
16178,pullulan-methacrylate,1,1,3.0
16179,pulsatility,1,1,3.0
16180,pumps,1,1,3.0
16181,puncture,1,1,3.0
16182,pupil,1,1,3.0
16183,purchasable,1,1,3.0
16184,purchase,1,1,3.0
16185,purchasing,1,1,3.0
16186,pure,1,1,3.0
16187,purification,1,1,3.0
16188,purine,1,1,3.0
16189,purkinje,1,1,3.0
16190,purported,1,1,3.0
16191,pursue,1,1,3.0
16192,pursued,1,1,3.0
16193,pushing,1,1,3.0
16194,pws-associated,1,1,3.0
16195,pws-related,1,1,3.0
16196,pwt2d,1,1,3.0
16197,pycard,1,1,3.0
16198,pyd,1,1,3.0
16199,pyridoxamine,1,1,3.0
16200,pyrimidine,1,1,3.0
16201,pyroptosis-related,1,1,3.0
16202,q1-q4,1,1,3.0
16203,q10,1,1,3.0
16204,q2,1,1,3.0
16205,q3-2025,1,1,3.0
16206,q48-72h,1,1,3.0
16207,q48h,1,1,3.0
16208,qf,1,1,3.0
16209,qpcr,1,1,3.0
16210,qrt-pcr,1,1,3.0
16211,qst,1,1,3.0
16212,qt,1,1,3.0
16213,quadriceps,1,1,3.0
16214,qualities,1,1,3.0
16215,quality-control,1,1,3.0
16216,quantifiable,1,1,3.0
16217,quantifies,1,1,3.0
16218,quantitation,1,1,3.0
16219,quantum,1,1,3.0
16220,quarters,1,1,3.0
16221,quartile,1,1,3.0
16222,quasi-irreversible,1,1,3.0
16223,questioned,1,1,3.0
16224,questionnaire-9,1,1,3.0
16225,questionnaire-clinical,1,1,3.0
16226,quit,1,1,3.0
16227,quite,1,1,3.0
16228,quote,1,1,3.0
16229,quoted,1,1,3.0
16230,r-dna,1,1,3.0
16231,r000055239,1,1,3.0
16232,r000055242,1,1,3.0
16233,r01ag023629,1,1,3.0
16234,r01hl144483,1,1,3.0
16235,r01hl146145,1,1,3.0
16236,r01hl172803,1,1,3.0
16237,r12,1,1,3.0
16238,r5,1,1,3.0
16239,radioactive,1,1,3.0
16240,radiotracers,1,1,3.0
16241,ram,1,1,3.0
16242,raman,1,1,3.0
16243,rams,1,1,3.0
16244,ran,1,1,3.0
16245,random-parameters,1,1,3.0
16246,randomized-trial,1,1,3.0
16247,ranitidine,1,1,3.0
16248,rankl-dependent,1,1,3.0
16249,rankl-driven,1,1,3.0
16250,ranks,1,1,3.0
16251,rare-event,1,1,3.0
16252,rarer,1,1,3.0
16253,ras-exemplified,1,1,3.0
16254,rash,1,1,3.0
16255,rasis,1,1,3.0
16256,rate-limiting,1,1,3.0
16257,rating,1,1,3.0
16258,ratio-to-baseline,1,1,3.0
16259,rationales,1,1,3.0
16260,rationalized,1,1,3.0
16261,rationally,1,1,3.0
16262,rationing,1,1,3.0
16263,raw264,1,1,3.0
16264,rbd,1,1,3.0
16265,rcc,1,1,3.0
16266,rct-level,1,1,3.0
16267,re-development,1,1,3.0
16268,re-emerged,1,1,3.0
16269,re-emergence,1,1,3.0
16270,re-energised,1,1,3.0
16271,re-engage,1,1,3.0
16272,re-evaluated,1,1,3.0
16273,re-evaluation,1,1,3.0
16274,re-examine,1,1,3.0
16275,re-initiation,1,1,3.0
16276,re-injury,1,1,3.0
16277,re-sensitization,1,1,3.0
16278,re-titration,1,1,3.0
16279,reactivation,1,1,3.0
16280,reader,1,1,3.0
16281,reading,1,1,3.0
16282,real,1,1,3.0
16283,real-life,1,1,3.0
16284,realise,1,1,3.0
16285,realizing,1,1,3.0
16286,reanalyzed,1,1,3.0
16287,rearrangements,1,1,3.0
16288,reasonably,1,1,3.0
16289,reassignment,1,1,3.0
16290,rebounded,1,1,3.0
16291,recalculation,1,1,3.0
16292,recall,1,1,3.0
16293,recalled,1,1,3.0
16294,recalls,1,1,3.0
16295,receives,1,1,3.0
16296,receptor-agonist,1,1,3.0
16297,receptor-beta,1,1,3.0
16298,receptor-centric,1,1,3.0
16299,receptor-dependent,1,1,3.0
16300,receptor-expressing,1,1,3.0
16301,receptor-expression,1,1,3.0
16302,receptor-glp-1,1,1,3.0
16303,receptor-neprilysin,1,1,3.0
16304,receptor-positive,1,1,3.0
16305,receptor-potentiated,1,1,3.0
16306,receptor-primed,1,1,3.0
16307,receptor-related,1,1,3.0
16308,receptor-specific,1,1,3.0
16309,receptor-β-arrestin,1,1,3.0
16310,receptor-γ,1,1,3.0
16311,receptors-1,1,1,3.0
16312,recipient,1,1,3.0
16313,reciprocal,1,1,3.0
16314,reclaim,1,1,3.0
16315,reclassify,1,1,3.0
16316,recognisable,1,1,3.0
16317,recognising,1,1,3.0
16318,recognizes,1,1,3.0
16319,recolonization,1,1,3.0
16320,recombinant-origin,1,1,3.0
16321,reconcilable,1,1,3.0
16322,reconcile,1,1,3.0
16323,reconciliation,1,1,3.0
16324,reconfigure,1,1,3.0
16325,reconfigures,1,1,3.0
16326,reconstruct,1,1,3.0
16327,reconstructive,1,1,3.0
16328,reconstructs,1,1,3.0
16329,recordings,1,1,3.0
16330,recoveries,1,1,3.0
16331,recruiting,1,1,3.0
16332,recruits,1,1,3.0
16333,rectal,1,1,3.0
16334,recurrence-free,1,1,3.0
16335,recurrences,1,1,3.0
16336,recycling,1,1,3.0
16337,reddit,1,1,3.0
16338,reduced-ef,1,1,3.0
16339,reduced-frequency,1,1,3.0
16340,reduced-intensity,1,1,3.0
16341,reductionist,1,1,3.0
16342,refer,1,1,3.0
16343,referable,1,1,3.0
16344,refinement,1,1,3.0
16345,refining,1,1,3.0
16346,reflection,1,1,3.0
16347,refraction,1,1,3.0
16348,reframes,1,1,3.0
16349,refresh,1,1,3.0
16350,refute,1,1,3.0
16351,refuted,1,1,3.0
16352,regenerate,1,1,3.0
16353,region-dependent,1,1,3.0
16354,region-selective,1,1,3.0
16355,register-based,1,1,3.0
16356,registrated,1,1,3.0
16357,registrations,1,1,3.0
16358,registry-india,1,1,3.0
16359,regularly,1,1,3.0
16360,regulator-specific,1,1,3.0
16361,rehearsed,1,1,3.0
16362,reinforce,1,1,3.0
16363,reinforces,1,1,3.0
16364,reinstated,1,1,3.0
16365,reinstatement,1,1,3.0
16366,reintervention,1,1,3.0
16367,reintroduced,1,1,3.0
16368,rejecting,1,1,3.0
16369,rejects,1,1,3.0
16370,rejuvenation,1,1,3.0
16371,relapse-like,1,1,3.0
16372,relating,1,1,3.0
16373,relative-effect,1,1,3.0
16374,relays,1,1,3.0
16375,releases,1,1,3.0
16376,releasing,1,1,3.0
16377,relied,1,1,3.0
16378,rem,1,1,3.0
16379,remainder,1,1,3.0
16380,remarkably,1,1,3.0
16381,remediation,1,1,3.0
16382,remimazolam,1,1,3.0
16383,remnant,1,1,3.0
16384,remote,1,1,3.0
16385,remote-care,1,1,3.0
16386,remotely,1,1,3.0
16387,remove,1,1,3.0
16388,removing,1,1,3.0
16389,renal-cell,1,1,3.0
16390,renal-impairment,1,1,3.0
16391,renal-transplant,1,1,3.0
16392,rencofilstat,1,1,3.0
16393,renewal,1,1,3.0
16394,renji,1,1,3.0
16395,reno-protective,1,1,3.0
16396,reorganized,1,1,3.0
16397,reorient,1,1,3.0
16398,repaglinide,1,1,3.0
16399,repair-hypoxic,1,1,3.0
16400,repeat-binding,1,1,3.0
16401,repeat-tested,1,1,3.0
16402,repeated-dose,1,1,3.0
16403,repeated-measures,1,1,3.0
16404,repeatedly,1,1,3.0
16405,repeating,1,1,3.0
16406,repetitive,1,1,3.0
16407,replaced,1,1,3.0
16408,replenished,1,1,3.0
16409,replenishment,1,1,3.0
16410,reportedly,1,1,3.0
16411,repression,1,1,3.0
16412,repressor,1,1,3.0
16413,reproduce,1,1,3.0
16414,reproducibly,1,1,3.0
16415,reproductive-endocrine,1,1,3.0
16416,reprograming,1,1,3.0
16417,reprograms,1,1,3.0
16418,repulsive,1,1,3.0
16419,repurposing-remains,1,1,3.0
16420,requests,1,1,3.0
16421,resamples,1,1,3.0
16422,rescaled,1,1,3.0
16423,rescues,1,1,3.0
16424,rescuing,1,1,3.0
16425,researched,1,1,3.0
16426,researches,1,1,3.0
16427,resection,1,1,3.0
16428,resemble,1,1,3.0
16429,resembling,1,1,3.0
16430,resent,1,1,3.0
16431,reserving,1,1,3.0
16432,reservoir,1,1,3.0
16433,reset,1,1,3.0
16434,reside,1,1,3.0
16435,residing,1,1,3.0
16436,residue,1,1,3.0
16437,resist,1,1,3.0
16438,resistance-based,1,1,3.0
16439,resistin,1,1,3.0
16440,resistin-tlr4,1,1,3.0
16441,resists,1,1,3.0
16442,resmetiron,1,1,3.0
16443,resolves,1,1,3.0
16444,resolving,1,1,3.0
16445,resonance-based,1,1,3.0
16446,respond,1,1,3.0
16447,response-prediction,1,1,3.0
16448,responses-a,1,1,3.0
16449,responsibility,1,1,3.0
16450,restabilisation,1,1,3.0
16451,resting-state,1,1,3.0
16452,restoration-also,1,1,3.0
16453,restorative,1,1,3.0
16454,restricting,1,1,3.0
16455,restrictive,1,1,3.0
16456,restructuring,1,1,3.0
16457,results608,1,1,3.0
16458,resultsa,1,1,3.0
16459,resultsamong,1,1,3.0
16460,resultsdemonstrate,1,1,3.0
16461,resultsglp-1,1,1,3.0
16462,resultshigher,1,1,3.0
16463,resultsthe,1,1,3.0
16464,resumption,1,1,3.0
16465,resurgence,1,1,3.0
16466,retatrutide-treated,1,1,3.0
16467,retears,1,1,3.0
16468,reticulum-mitochondria,1,1,3.0
16469,retina,1,1,3.0
16470,retinoids,1,1,3.0
16471,retinopathy-related,1,1,3.0
16472,retrieval,1,1,3.0
16473,returning,1,1,3.0
16474,reuptake,1,1,3.0
16475,reusing,1,1,3.0
16476,reuteri,1,1,3.0
16477,reverses,1,1,3.0
16478,reversibly,1,1,3.0
16479,revert,1,1,3.0
16480,reviewing,1,1,3.0
16481,revision-were,1,1,3.0
16482,revisional,1,1,3.0
16483,revisits,1,1,3.0
16484,revman,1,1,3.0
16485,revolutionizing,1,1,3.0
16486,reward-deficiency,1,1,3.0
16487,reward-driven,1,1,3.0
16488,reward-processing,1,1,3.0
16489,rewind,1,1,3.0
16490,rewiring,1,1,3.0
16491,rewriting,1,1,3.0
16492,rezdiffra,1,1,3.0
16493,rfr,1,1,3.0
16494,rfrs,1,1,3.0
16495,rfs,1,1,3.0
16496,rgcvia,1,1,3.0
16497,rheumatic,1,1,3.0
16498,rheumatoid,1,1,3.0
16499,rheumatoidarthritis,1,1,3.0
16500,rhythms,1,1,3.0
16501,ribonucleic,1,1,3.0
16502,ribonucleotides,1,1,3.0
16503,riboside,1,1,3.0
16504,richness,1,1,3.0
16505,rifamycin,1,1,3.0
16506,rife,1,1,3.0
16507,rigor,1,1,3.0
16508,rigorously,1,1,3.0
16509,rip,1,1,3.0
16510,ripe,1,1,3.0
16511,ripk3,1,1,3.0
16512,risk-based,1,1,3.0
16513,risk-enhancing,1,1,3.0
16514,risk-mitigation,1,1,3.0
16515,risk-modifying,1,1,3.0
16516,risk-reduction,1,1,3.0
16517,risky,1,1,3.0
16518,rival,1,1,3.0
16519,rivals,1,1,3.0
16520,riyadh,1,1,3.0
16521,riz,1,1,3.0
16522,rizatriptan,1,1,3.0
16523,rna-based,1,1,3.0
16524,rna-mediated,1,1,3.0
16525,rnas,1,1,3.0
16526,rob-2,1,1,3.0
16527,rob2,1,1,3.0
16528,robins,1,1,3.0
16529,rockwood,1,1,3.0
16530,rodentium,1,1,3.0
16531,rolipram,1,1,3.0
16532,romboutsia,1,1,3.0
16533,root-mean-square,1,1,3.0
16534,roots,1,1,3.0
16535,ror-ranked,1,1,3.0
16536,roscohumeanols,1,1,3.0
16537,roseburia-to-desulfovibrio,1,1,3.0
16538,roughly,1,1,3.0
16539,routine-care,1,1,3.0
16540,routines,1,1,3.0
16541,royal,1,1,3.0
16542,rps6,1,1,3.0
16543,rs13429709,1,1,3.0
16544,rs156003,1,1,3.0
16545,rs17574,1,1,3.0
16546,rs2235868,1,1,3.0
16547,rsn,1,1,3.0
16548,rst25n,1,1,3.0
16549,ruboxistaurin,1,1,3.0
16550,ruled,1,1,3.0
16551,ruminants,1,1,3.0
16552,ruminococcaceae,1,1,3.0
16553,run,1,1,3.0
16554,running,1,1,3.0
16555,runtime,1,1,3.0
16556,rupture,1,1,3.0
16557,rvx-208,1,1,3.0
16558,rwe's,1,1,3.0
16559,ryanodine,1,1,3.0
16560,ryr2,1,1,3.0
16561,r²,1,1,3.0
16562,s1p,1,1,3.0
16563,s1p1,1,1,3.0
16564,s40200-026-02000-8,1,1,3.0
16565,s40200-026-02089-x,1,1,3.0
16566,saccharolytic,1,1,3.0
16567,saccharomyces,1,1,3.0
16568,sachet,1,1,3.0
16569,sachets,1,1,3.0
16570,sacubitril,1,1,3.0
16571,sad,1,1,3.0
16572,safeguards,1,1,3.0
16573,safety-constrained,1,1,3.0
16574,safety-focused,1,1,3.0
16575,safety-oriented,1,1,3.0
16576,salacia,1,1,3.0
16577,sales,1,1,3.0
16578,saligenin,1,1,3.0
16579,saline-treated,1,1,3.0
16580,salt-gradient,1,1,3.0
16581,salty,1,1,3.0
16582,salud,1,1,3.0
16583,same-day,1,1,3.0
16584,sameness,1,1,3.0
16585,sanger,1,1,3.0
16586,sanghuangporus,1,1,3.0
16587,sar,1,1,3.0
16588,sarcolemmal,1,1,3.0
16589,sarcopenia-related,1,1,3.0
16590,sars-cov-2,1,1,3.0
16591,sas,1,1,3.0
16592,sasp-derived,1,1,3.0
16593,satiety-related,1,1,3.0
16594,savings,1,1,3.0
16595,saw,1,1,3.0
16596,sax,1,1,3.0
16597,saxenda,1,1,3.0
16598,saxs,1,1,3.0
16599,sbm,1,1,3.0
16600,scalability,1,1,3.0
16601,scale-2,1,1,3.0
16602,scale-up,1,1,3.0
16603,scarcely,1,1,3.0
16604,scattered,1,1,3.0
16605,scavenged,1,1,3.0
16606,scd,1,1,3.0
16607,scenario-based,1,1,3.0
16608,scfa-gpcr-metabolic,1,1,3.0
16609,scfa-gpr41,1,1,3.0
16610,scfa-mediated,1,1,3.0
16611,scfa-producing,1,1,3.0
16612,scfas-gpr43,1,1,3.0
16613,scfas-gpr43-pyy,1,1,3.0
16614,schedule,1,1,3.0
16615,scheduler,1,1,3.0
16616,schedules,1,1,3.0
16617,scientifically,1,1,3.0
16618,scintigraphic,1,1,3.0
16619,scintigraphy,1,1,3.0
16620,sciwind,1,1,3.0
16621,sclerostin,1,1,3.0
16622,scope,1,1,3.0
16623,scope-of-practice,1,1,3.0
16624,scopus-based,1,1,3.0
16625,score-adjusted,1,1,3.0
16626,score-based,1,1,3.0
16627,score-defined,1,1,3.0
16628,score-matching,1,1,3.0
16629,score-weighted,1,1,3.0
16630,score-weighting,1,1,3.0
16631,score2-op,1,1,3.0
16632,screenings,1,1,3.0
16633,screens,1,1,3.0
16634,sctr,1,1,3.0
16635,scx,1,1,3.0
16636,sds,1,1,3.0
16637,sea,1,1,3.0
16638,sea-treated,1,1,3.0
16639,seasonings,1,1,3.0
16640,seborrheic,1,1,3.0
16641,second-degree,1,1,3.0
16642,second-order,1,1,3.0
16643,secondarily,1,1,3.0
16644,secondary-suspect,1,1,3.0
16645,secondary-suspect-driven,1,1,3.0
16646,secret,1,1,3.0
16647,secretagogic,1,1,3.0
16648,secretin-stimulated,1,1,3.0
16649,secretion-sensitivity,1,1,3.0
16650,secretomes,1,1,3.0
16651,sectors,1,1,3.0
16652,secukinumab,1,1,3.0
16653,secular,1,1,3.0
16654,security,1,1,3.0
16655,sedation-analgesia,1,1,3.0
16656,sedation-related,1,1,3.0
16657,sedative,1,1,3.0
16658,sedimentation,1,1,3.0
16659,seekers,1,1,3.0
16660,seem,1,1,3.0
16661,segment-specific,1,1,3.0
16662,segmental,1,1,3.0
16663,select-like,1,1,3.0
16664,selective-reporting,1,1,3.0
16665,self-administering,1,1,3.0
16666,self-administrating,1,1,3.0
16667,self-assembly,1,1,3.0
16668,self-assessments,1,1,3.0
16669,self-association,1,1,3.0
16670,self-control,1,1,3.0
16671,self-efficacy,1,1,3.0
16672,self-emulsifying,1,1,3.0
16673,self-injury-related,1,1,3.0
16674,self-management,1,1,3.0
16675,self-measured,1,1,3.0
16676,self-monitored,1,1,3.0
16677,self-nanoemulsifying,1,1,3.0
16678,self-regulation,1,1,3.0
16679,self-reinforcing,1,1,3.0
16680,self-sustaining,1,1,3.0
16681,sell,1,1,3.0
16682,selonsertib,1,1,3.0
16683,sema-specific,1,1,3.0
16684,sema-vr,1,1,3.0
16685,semaglutide-concentrated,1,1,3.0
16686,semaglutide-containing,1,1,3.0
16687,semaglutide-dominant,1,1,3.0
16688,semaglutide-for,1,1,3.0
16689,semaglutide-like,1,1,3.0
16690,semaglutide-loaded,1,1,3.0
16691,semaglutide-mediated,1,1,3.0
16692,semaglutide-naion,1,1,3.0
16693,semaglutide-regulated,1,1,3.0
16694,semaglutide-related,1,1,3.0
16695,semi-irreversible,1,1,3.0
16696,semi-quantitative,1,1,3.0
16697,semiannual,1,1,3.0
16698,seminal,1,1,3.0
16699,seminar,1,1,3.0
16700,seminars,1,1,3.0
16701,seminiferous,1,1,3.0
16702,senescence-directed,1,1,3.0
16703,seniors,1,1,3.0
16704,senomorphic,1,1,3.0
16705,sensations,1,1,3.0
16706,sensed,1,1,3.0
16707,sensitization,1,1,3.0
16708,sent,1,1,3.0
16709,sentiment,1,1,3.0
16710,sentiments,1,1,3.0
16711,sentinel,1,1,3.0
16712,seoul,1,1,3.0
16713,separating,1,1,3.0
16714,sepsis-induced,1,1,3.0
16715,ser235,1,1,3.0
16716,ser236,1,1,3.0
16717,ser31,1,1,3.0
16718,ser9,1,1,3.0
16719,sera,1,1,3.0
16720,serca2a,1,1,3.0
16721,serendipitous,1,1,3.0
16722,serially,1,1,3.0
16723,serotonin,1,1,3.0
16724,serum-transfer,1,1,3.0
16725,ses,1,1,3.0
16726,set's,1,1,3.0
16727,set-doc,1,1,3.0
16728,settled,1,1,3.0
16729,seven-mold,1,1,3.0
16730,seventeen,1,1,3.0
16731,seventy-one,1,1,3.0
16732,seventy-two,1,1,3.0
16733,several-fold,1,1,3.0
16734,sex-hormone,1,1,3.0
16735,sex-inclusive,1,1,3.0
16736,sexually,1,1,3.0
16737,sf,1,1,3.0
16738,sf-36,1,1,3.0
16739,sg-can,1,1,3.0
16740,sgc,1,1,3.0
16741,sgk2-acsl4,1,1,3.0
16742,sgl2,1,1,3.0
16743,sglt,1,1,3.0
16744,sglt-1,1,1,3.0
16745,sglt-inhibitors,1,1,3.0
16746,sglt1,1,1,3.0
16747,sglt2i's,1,1,3.0
16748,sh,1,1,3.0
16749,sham-control,1,1,3.0
16750,shams,1,1,3.0
16751,shannon,1,1,3.0
16752,shanxi,1,1,3.0
16753,shaping,1,1,3.0
16754,shapley,1,1,3.0
16755,shareholder-driven,1,1,3.0
16756,sharjah,1,1,3.0
16757,sharp,1,1,3.0
16758,sharpness,1,1,3.0
16759,shemountain,1,1,3.0
16760,shi-zhen,1,1,3.0
16761,shigella,1,1,3.0
16762,shipt,1,1,3.0
16763,shocks,1,1,3.0
16764,shopper,1,1,3.0
16765,shore,1,1,3.0
16766,short-chain-fatty-acid-producing,1,1,3.0
16767,short-lived,1,1,3.0
16768,short-video,1,1,3.0
16769,shortened,1,1,3.0
16770,shortens,1,1,3.0
16771,shortform,1,1,3.0
16772,shotgun,1,1,3.0
16773,shoulder,1,1,3.0
16774,showcasing,1,1,3.0
16775,shrinker,1,1,3.0
16776,shrs,1,1,3.0
16777,sick-day,1,1,3.0
16778,sickest,1,1,3.0
16779,sickle,1,1,3.0
16780,sigma,1,1,3.0
16781,sign,1,1,3.0
16782,signal-prioritisation,1,1,3.0
16783,signaled,1,1,3.0
16784,signaling-as,1,1,3.0
16785,signaling-intestinal,1,1,3.0
16786,signatures-rest,1,1,3.0
16787,signify,1,1,3.0
16788,siloed,1,1,3.0
16789,singhealth,1,1,3.0
16790,single-agent,1,1,3.0
16791,single-analyte,1,1,3.0
16792,single-ascending,1,1,3.0
16793,single-ascending-dose,1,1,3.0
16794,single-cohort,1,1,3.0
16795,single-event,1,1,3.0
16796,single-institution,1,1,3.0
16797,single-nuclei,1,1,3.0
16798,single-nucleotide,1,1,3.0
16799,single-nucleus,1,1,3.0
16800,single-sequence,1,1,3.0
16801,single-substance,1,1,3.0
16802,single-target,1,1,3.0
16803,single-vision,1,1,3.0
16804,singleton,1,1,3.0
16805,sinking,1,1,3.0
16806,sino-american,1,1,3.0
16807,sinopulmonary,1,1,3.0
16808,sinusitis,1,1,3.0
16809,sinusoidal,1,1,3.0
16810,sirius,1,1,3.0
16811,sirna-mediated,1,1,3.0
16812,sirt,1,1,3.0
16813,sirt1-foxo3a-nrf2,1,1,3.0
16814,sirt7,1,1,3.0
16815,site-directed,1,1,3.0
16816,site-related,1,1,3.0
16817,sitosterol,1,1,3.0
16818,six-cluster,1,1,3.0
16819,six-membered,1,1,3.0
16820,six-month,1,1,3.0
16821,six3,1,1,3.0
16822,sixty,1,1,3.0
16823,sixty-five,1,1,3.0
16824,sixty-two,1,1,3.0
16825,skewed,1,1,3.0
16826,skills,1,1,3.0
16827,skin-penetration,1,1,3.0
16828,skin-related,1,1,3.0
16829,sl,1,1,3.0
16830,slaughter,1,1,3.0
16831,slc2a2,1,1,3.0
16832,slc5a2,1,1,3.0
16833,sleep-directed,1,1,3.0
16834,sleeping,1,1,3.0
16835,slight,1,1,3.0
16836,slimness,1,1,3.0
16837,slns,1,1,3.0
16838,slower,1,1,3.0
16839,sm,1,1,3.0
16840,small-study,1,1,3.0
16841,smallest,1,1,3.0
16842,smg-pnpho,1,1,3.0
16843,smooth-muscle,1,1,3.0
16844,sn,1,1,3.0
16845,snacks,1,1,3.0
16846,snapshot,1,1,3.0
16847,snp,1,1,3.0
16848,sns,1,1,3.0
16849,so-called,1,1,3.0
16850,sociability,1,1,3.0
16851,societies,1,1,3.0
16852,socioeconomically,1,1,3.0
16853,sociomedical,1,1,3.0
16854,sociopolitical,1,1,3.0
16855,sodium-dependent,1,1,3.0
16856,sodium-hydrogen,1,1,3.0
16857,softened,1,1,3.0
16858,software,1,1,3.0
16859,software-supported,1,1,3.0
16860,soleus,1,1,3.0
16861,solid-meal,1,1,3.0
16862,solid-state,1,1,3.0
16863,solitary,1,1,3.0
16864,solriamfetol,1,1,3.0
16865,solute,1,1,3.0
16866,solute-driven,1,1,3.0
16867,solution-state,1,1,3.0
16868,solutions,1,1,3.0
16869,solvent-poses,1,1,3.0
16870,solvents,1,1,3.0
16871,somatostatin-ss2,1,1,3.0
16872,sometimes,1,1,3.0
16873,somnolence,1,1,3.0
16874,soon,1,1,3.0
16875,sorted,1,1,3.0
16876,sortilin,1,1,3.0
16877,sost,1,1,3.0
16878,soul-like,1,1,3.0
16879,sound,1,1,3.0
16880,sounds,1,1,3.0
16881,source-specific,1,1,3.0
16882,sox4,1,1,3.0
16883,soybean,1,1,3.0
16884,sp,1,1,3.0
16885,span,1,1,3.0
16886,spanned,1,1,3.0
16887,sparing,1,1,3.0
16888,spark-cvd,1,1,3.0
16889,spc-focused,1,1,3.0
16890,spc-specific,1,1,3.0
16891,spearman's,1,1,3.0
16892,specialist-confirmation,1,1,3.0
16893,specialists,1,1,3.0
16894,specialities,1,1,3.0
16895,specialization,1,1,3.0
16896,specializing,1,1,3.0
16897,species-specific,1,1,3.0
16898,specify,1,1,3.0
16899,spectacles,1,1,3.0
16900,spectrofluorometric,1,1,3.0
16901,spectrophotometry,1,1,3.0
16902,spectroscopically,1,1,3.0
16903,speculate,1,1,3.0
16904,speculative,1,1,3.0
16905,speed,1,1,3.0
16906,speeds,1,1,3.0
16907,spending,1,1,3.0
16908,spent,1,1,3.0
16909,spermidine,1,1,3.0
16910,spherically,1,1,3.0
16911,sphingolipid,1,1,3.0
16912,sphingolipids,1,1,3.0
16913,spices,1,1,3.0
16914,spiked,1,1,3.0
16915,spillover,1,1,3.0
16916,spirocyclic,1,1,3.0
16917,splenic,1,1,3.0
16918,splicing,1,1,3.0
16919,split,1,1,3.0
16920,sponges,1,1,3.0
16921,sponging,1,1,3.0
16922,sponsored,1,1,3.0
16923,spontaneous-reporting,1,1,3.0
16924,spo₂,1,1,3.0
16925,spss,1,1,3.0
16926,spurred,1,1,3.0
16927,sputum,1,1,3.0
16928,srebp-2,1,1,3.0
16929,srlc,1,1,3.0
16930,ss-31,1,1,3.0
16931,sstr5,1,1,3.0
16932,st-segment,1,1,3.0
16933,st25l,1,1,3.0
16934,st25n,1,1,3.0
16935,stabilisation,1,1,3.0
16936,stabilised,1,1,3.0
16937,stabilises,1,1,3.0
16938,stability-indicating,1,1,3.0
16939,stability-testing,1,1,3.0
16940,stably,1,1,3.0
16941,staffing,1,1,3.0
16942,stage-based,1,1,3.0
16943,stage-dependent,1,1,3.0
16944,stagger,1,1,3.0
16945,stagnated,1,1,3.0
16946,stainings,1,1,3.0
16947,stakeholders,1,1,3.0
16948,stalk,1,1,3.0
16949,stand-alone,1,1,3.0
16950,standardisation,1,1,3.0
16951,standards-of-care,1,1,3.0
16952,stands,1,1,3.0
16953,stapling,1,1,3.0
16954,stars,1,1,3.0
16955,starvation,1,1,3.0
16956,starvation-related,1,1,3.0
16957,stat,1,1,3.0
16958,stata,1,1,3.0
16959,state-of-the-art,1,1,3.0
16960,state-transition,1,1,3.0
16961,statewide,1,1,3.0
16962,station,1,1,3.0
16963,stations,1,1,3.0
16964,statistician,1,1,3.0
16965,stature,1,1,3.0
16966,statute,1,1,3.0
16967,stays,1,1,3.0
16968,steadily,1,1,3.0
16969,stearic,1,1,3.0
16970,steep,1,1,3.0
16971,steeper,1,1,3.0
16972,steeply,1,1,3.0
16973,stemming,1,1,3.0
16974,stemness,1,1,3.0
16975,stems,1,1,3.0
16976,stenosis-centered,1,1,3.0
16977,stent-associated,1,1,3.0
16978,steroidogenic,1,1,3.0
16979,steroids,1,1,3.0
16980,sterol,1,1,3.0
16981,stigma-informed,1,1,3.0
16982,stigma-reducing,1,1,3.0
16983,stigmatized,1,1,3.0
16984,stigmatizing,1,1,3.0
16985,still-preclinical,1,1,3.0
16986,stimulatin,1,1,3.0
16987,sting-associated,1,1,3.0
16988,sting-related,1,1,3.0
16989,stinging,1,1,3.0
16990,stock-outs,1,1,3.0
16991,stool,1,1,3.0
16992,stop,1,1,3.0
16993,stopped,1,1,3.0
16994,stores,1,1,3.0
16995,strand,1,1,3.0
16996,strand-specific,1,1,3.0
16997,strategies-are,1,1,3.0
16998,strategies-including,1,1,3.0
16999,strategiesfundingthe,1,1,3.0
17000,stratifications,1,1,3.0
17001,stratum,1,1,3.0
17002,streamline,1,1,3.0
17003,streamlined,1,1,3.0
17004,strength-focused,1,1,3.0
17005,strengthened,1,1,3.0
17006,strengthens,1,1,3.0
17007,stress-response,1,1,3.0
17008,stress-survival-associated,1,1,3.0
17009,stressor,1,1,3.0
17010,stressors,1,1,3.0
17011,striatum,1,1,3.0
17012,striking,1,1,3.0
17013,strikingly,1,1,3.0
17014,stringent,1,1,3.0
17015,strobe,1,1,3.0
17016,stroke-related,1,1,3.0
17017,stroke-specific,1,1,3.0
17018,structure-based,1,1,3.0
17019,structure-guided,1,1,3.0
17020,study-arm,1,1,3.0
17021,study-arm-level,1,1,3.0
17022,study-level,1,1,3.0
17023,stz-induced,1,1,3.0
17024,stzr,1,1,3.0
17025,sub-analyses,1,1,3.0
17026,sub-statements,1,1,3.0
17027,subacute,1,1,3.0
17028,subcellular,1,1,3.0
17029,subchondral,1,1,3.0
17030,subcortical,1,1,3.0
17031,subcutaneous-equivalent,1,1,3.0
17032,subdistribution,1,1,3.0
17033,subendocardial,1,1,3.0
17034,subgroup-specific,1,1,3.0
17035,submitted,1,1,3.0
17036,subscale,1,1,3.0
17037,subscales,1,1,3.0
17038,subscore,1,1,3.0
17039,subsidies,1,1,3.0
17040,subsidy,1,1,3.0
17041,substantia,1,1,3.0
17042,substitute,1,1,3.0
17043,substitutes,1,1,3.0
17044,substituting,1,1,3.0
17045,substrate-1,1,1,3.0
17046,substrates-an,1,1,3.0
17047,subverted,1,1,3.0
17048,suctioning,1,1,3.0
17049,sud-related,1,1,3.0
17050,suffered,1,1,3.0
17051,sufficiency,1,1,3.0
17052,sufficiently,1,1,3.0
17053,suicidal-ideation,1,1,3.0
17054,suicide-screening,1,1,3.0
17055,sulfoxide,1,1,3.0
17056,sulodexide,1,1,3.0
17057,sulphate,1,1,3.0
17058,sulphonylurea,1,1,3.0
17059,sum,1,1,3.0
17060,summaries,1,1,3.0
17061,summarise,1,1,3.0
17062,summarizing,1,1,3.0
17063,sunk-cost,1,1,3.0
17064,sunrouge,1,1,3.0
17065,superecliptic,1,1,3.0
17066,superfocus,1,1,3.0
17067,superlearner,1,1,3.0
17068,superseded,1,1,3.0
17069,supervision,1,1,3.0
17070,supplement-drug,1,1,3.0
17071,supplementing,1,1,3.0
17072,supplied,1,1,3.0
17073,suppressant,1,1,3.0
17074,suppressor,1,1,3.0
17075,supramolecular,1,1,3.0
17076,supraphysiological,1,1,3.0
17077,sural,1,1,3.0
17078,surfaces,1,1,3.0
17079,surge,1,1,3.0
17080,surgery-induced,1,1,3.0
17081,surgery-particularly,1,1,3.0
17082,surgical-site-infection,1,1,3.0
17083,surging,1,1,3.0
17084,surpass,1,1,3.0
17085,surpass-cvot,1,1,3.0
17086,surpassing,1,1,3.0
17087,surround,1,1,3.0
17088,surrounded,1,1,3.0
17089,surrounds,1,1,3.0
17090,survey-weighted,1,1,3.0
17091,survive,1,1,3.0
17092,surviving,1,1,3.0
17093,survivor,1,1,3.0
17094,sustain-6,1,1,3.0
17095,sustainably,1,1,3.0
17096,sustained-release,1,1,3.0
17097,sustaining,1,1,3.0
17098,sustains,1,1,3.0
17099,sweets,1,1,3.0
17100,swiftly,1,1,3.0
17101,swiss,1,1,3.0
17102,switches,1,1,3.0
17103,sydney,1,1,3.0
17104,symbiotic,1,1,3.0
17105,symmetrical,1,1,3.0
17106,symmetry,1,1,3.0
17107,symposium,1,1,3.0
17108,symptom-based,1,1,3.0
17109,symptoms-is,1,1,3.0
17110,synaptic-points,1,1,3.0
17111,synbiotic,1,1,3.0
17112,synchronize-1,1,1,3.0
17113,syncollin,1,1,3.0
17114,syndromic,1,1,3.0
17115,synonymous,1,1,3.0
17116,synthesizer,1,1,3.0
17117,syrcle,1,1,3.0
17118,system-based,1,1,3.0
17119,systemically,1,1,3.0
17120,t-cho,1,1,3.0
17121,t-tubule-associated,1,1,3.0
17122,t1d-onset,1,1,3.0
17123,t1d-phenotype,1,1,3.0
17124,t2d-like,1,1,3.0
17125,t2d-only,1,1,3.0
17126,t2d-related,1,1,3.0
17127,ta,1,1,3.0
17128,tables,1,1,3.0
17129,tackling,1,1,3.0
17130,tagged,1,1,3.0
17131,tags,1,1,3.0
17132,tail-cuff,1,1,3.0
17133,tailor,1,1,3.0
17134,tailoring,1,1,3.0
17135,tandem,1,1,3.0
17136,tanlab,1,1,3.0
17137,tannic,1,1,3.0
17138,tanycyte,1,1,3.0
17139,tanycyte-specific,1,1,3.0
17140,tapering,1,1,3.0
17141,target-engagement,1,1,3.0
17142,target-specific,1,1,3.0
17143,tartrate,1,1,3.0
17144,task-based,1,1,3.0
17145,task-dependent,1,1,3.0
17146,tasks,1,1,3.0
17147,tau-positive,1,1,3.0
17148,taurocholic,1,1,3.0
17149,taurolithocholate,1,1,3.0
17150,taxon,1,1,3.0
17151,taxonomic,1,1,3.0
17152,taxonomy,1,1,3.0
17153,tbil,1,1,3.0
17154,tca,1,1,3.0
17155,tcf7l2,1,1,3.0
17156,tcho,1,1,3.0
17157,tcm,1,1,3.0
17158,td2m,1,1,3.0
17159,tdd,1,1,3.0
17160,tdt,1,1,3.0
17161,te,1,1,3.0
17162,teaching,1,1,3.0
17163,teae,1,1,3.0
17164,technetium-99,1,1,3.0
17165,teeth,1,1,3.0
17166,telehealth-only,1,1,3.0
17167,telemedicine-based,1,1,3.0
17168,telemonitoring,1,1,3.0
17169,telephone,1,1,3.0
17170,telopeptide,1,1,3.0
17171,temperature,1,1,3.0
17172,temperature-shift,1,1,3.0
17173,templates,1,1,3.0
17174,temporality,1,1,3.0
17175,temporarily,1,1,3.0
17176,temporary,1,1,3.0
17177,tendency,1,1,3.0
17178,tendon-directed,1,1,3.0
17179,tendon-specific,1,1,3.0
17180,tenogenic,1,1,3.0
17181,tensin,1,1,3.0
17182,tensions,1,1,3.0
17183,teratogenic,1,1,3.0
17184,teratogenicity,1,1,3.0
17185,terazosin,1,1,3.0
17186,terminal,1,1,3.0
17187,termination,1,1,3.0
17188,terrors,1,1,3.0
17189,tertiles,1,1,3.0
17190,test-based,1,1,3.0
17191,testes,1,1,3.0
17192,testicular,1,1,3.0
17193,tetrachloride,1,1,3.0
17194,tetracyclines,1,1,3.0
17195,tetrahydrobiopterin-dihydrobiopterin,1,1,3.0
17196,tetranectin,1,1,3.0
17197,texts,1,1,3.0
17198,texture,1,1,3.0
17199,textured,1,1,3.0
17200,tezepelumab,1,1,3.0
17201,tga,1,1,3.0
17202,tgf-β-linked,1,1,3.0
17203,tgfb1,1,1,3.0
17204,tgfβ,1,1,3.0
17205,tgr5-gs,1,1,3.0
17206,th1,1,1,3.0
17207,th17,1,1,3.0
17208,th2,1,1,3.0
17209,thehangrywoman,1,1,3.0
17210,theories,1,1,3.0
17211,theory-based,1,1,3.0
17212,therapies-including,1,1,3.0
17213,therapies-sodium-glucose,1,1,3.0
17214,thereafter,1,1,3.0
17215,therefor,1,1,3.0
17216,thereof,1,1,3.0
17217,thermogenic,1,1,3.0
17218,thermogenics,1,1,3.0
17219,thiazide,1,1,3.0
17220,thiazide-type,1,1,3.0
17221,thiazolidinedione,1,1,3.0
17222,thiazolidinedionespiog,1,1,3.0
17223,thickening,1,1,3.0
17224,thinness,1,1,3.0
17225,thirst,1,1,3.0
17226,thirty-one,1,1,3.0
17227,thirty-seven,1,1,3.0
17228,thirty-six,1,1,3.0
17229,thirty-three,1,1,3.0
17230,thorough,1,1,3.0
17231,thought,1,1,3.0
17232,threat,1,1,3.0
17233,three-factor,1,1,3.0
17234,three-hour,1,1,3.0
17235,three-layer,1,1,3.0
17236,three-period,1,1,3.0
17237,three-replicate,1,1,3.0
17238,three-tier,1,1,3.0
17239,three-year,1,1,3.0
17240,threonine,1,1,3.0
17241,threshold-based,1,1,3.0
17242,threshold-excess,1,1,3.0
17243,thresholded,1,1,3.0
17244,thrice,1,1,3.0
17245,thrice-daily,1,1,3.0
17246,thrice-weekly,1,1,3.0
17247,thrombectomy,1,1,3.0
17248,thrombo-inflammatory,1,1,3.0
17249,thromboinflammatory,1,1,3.0
17250,thromboprophylactic,1,1,3.0
17251,thymoquinone,1,1,3.0
17252,thyroid-hormone,1,1,3.0
17253,thyroid-stimulating,1,1,3.0
17254,thyrotoxicosis,1,1,3.0
17255,tibetan,1,1,3.0
17256,tibial,1,1,3.0
17257,tied,1,1,3.0
17258,tiered,1,1,3.0
17259,ties,1,1,3.0
17260,till,1,1,3.0
17261,tilt,1,1,3.0
17262,time-horizon,1,1,3.0
17263,time-in-range,1,1,3.0
17264,time-matched,1,1,3.0
17265,time-response,1,1,3.0
17266,time-restricted,1,1,3.0
17267,time-series,1,1,3.0
17268,time-to-initiation,1,1,3.0
17269,time-to-peak,1,1,3.0
17270,timing-dependent,1,1,3.0
17271,tip,1,1,3.0
17272,tips,1,1,3.0
17273,tirzepatide-mediated,1,1,3.0
17274,tissue-based,1,1,3.0
17275,tissue-dependent,1,1,3.0
17276,tissue-level,1,1,3.0
17277,tissue-resident,1,1,3.0
17278,titer,1,1,3.0
17279,titles,1,1,3.0
17280,tjas,1,1,3.0
17281,tm1,1,1,3.0
17282,tm3,1,1,3.0
17283,tm4,1,1,3.0
17284,tm5,1,1,3.0
17285,tobacco-related,1,1,3.0
17286,tolerable,1,1,3.0
17287,tomm20,1,1,3.0
17288,tonometry,1,1,3.0
17289,toolbox,1,1,3.0
17290,toolkit,1,1,3.0
17291,tooth,1,1,3.0
17292,top-down,1,1,3.0
17293,top-ranked,1,1,3.0
17294,topological,1,1,3.0
17295,topologies,1,1,3.0
17296,toronto,1,1,3.0
17297,tos-oma-oac,1,1,3.0
17298,tost,1,1,3.0
17299,totalling,1,1,3.0
17300,totals,1,1,3.0
17301,toughness,1,1,3.0
17302,toxin-induced,1,1,3.0
17303,toxinology,1,1,3.0
17304,tracers,1,1,3.0
17305,tracing,1,1,3.0
17306,tractable,1,1,3.0
17307,traction,1,1,3.0
17308,trade-off,1,1,3.0
17309,trade-offs,1,1,3.0
17310,tradeoffs,1,1,3.0
17311,traditions,1,1,3.0
17312,training-induced,1,1,3.0
17313,trans-ancestry,1,1,3.0
17314,trans-signaling,1,1,3.0
17315,transactivation,1,1,3.0
17316,transaminase,1,1,3.0
17317,transbuccal,1,1,3.0
17318,transcellular,1,1,3.0
17319,transcribed,1,1,3.0
17320,transcriptase,1,1,3.0
17321,transcriptase-polymerase,1,1,3.0
17322,transcriptome-wide,1,1,3.0
17323,transducers,1,1,3.0
17324,transferable,1,1,3.0
17325,transferase,1,1,3.0
17326,transfusion-dependent,1,1,3.0
17327,transfusions,1,1,3.0
17328,transgenic,1,1,3.0
17329,translatable,1,1,3.0
17330,translocase,1,1,3.0
17331,transmucosal,1,1,3.0
17332,transplant-enabling,1,1,3.0
17333,transplant-related,1,1,3.0
17334,transplantation-positioning,1,1,3.0
17335,transplanted,1,1,3.0
17336,transplants,1,1,3.0
17337,transporting,1,1,3.0
17338,transposase-accessible,1,1,3.0
17339,transsphenoidal,1,1,3.0
17340,transverse-colon,1,1,3.0
17341,transwell,1,1,3.0
17342,trap,1,1,3.0
17343,trapezoidal-stack,1,1,3.0
17344,treatise,1,1,3.0
17345,treatment-aligned,1,1,3.0
17346,treatment-assignment,1,1,3.0
17347,treatment-by-subgroup,1,1,3.0
17348,treatment-class,1,1,3.0
17349,treatment-eligible,1,1,3.0
17350,treatment-exposed,1,1,3.0
17351,treatment-intensification,1,1,3.0
17352,treatment-interaction,1,1,3.0
17353,treatment-limiting,1,1,3.0
17354,treatment-persistence,1,1,3.0
17355,treatment-refractory,1,1,3.0
17356,treatment-response,1,1,3.0
17357,treatment-responsive,1,1,3.0
17358,treatment-seeking,1,1,3.0
17359,treatment-stratified,1,1,3.0
17360,tree-structured,1,1,3.0
17361,tregs,1,1,3.0
17362,tremendous,1,1,3.0
17363,trended,1,1,3.0
17364,tri-buffer,1,1,3.0
17365,triaging,1,1,3.0
17366,trial's,1,1,3.0
17367,trial-design,1,1,3.0
17368,trial-to-practice,1,1,3.0
17369,trialling,1,1,3.0
17370,trigonella,1,1,3.0
17371,triiodothyronine,1,1,3.0
17372,trim-and-fill,1,1,3.0
17373,trim63,1,1,3.0
17374,trimethylamine,1,1,3.0
17375,trimming,1,1,3.0
17376,trinetx's,1,1,3.0
17377,tripartite,1,1,3.0
17378,triphosphate,1,1,3.0
17379,triple-agonist,1,1,3.0
17380,triplet,1,1,3.0
17381,trkb,1,1,3.0
17382,trophic,1,1,3.0
17383,tropomyosin,1,1,3.0
17384,trp,1,1,3.0
17385,trpv1,1,1,3.0
17386,trust,1,1,3.0
17387,trying,1,1,3.0
17388,tsh,1,1,3.0
17389,tsh-producing,1,1,3.0
17390,ttt1,1,1,3.0
17391,tubular-glomerular,1,1,3.0
17392,tubuloglomerular,1,1,3.0
17393,tubuloids,1,1,3.0
17394,tumor-related,1,1,3.0
17395,tumorigenesis,1,1,3.0
17396,tunel,1,1,3.0
17397,tunnels,1,1,3.0
17398,turbinates,1,1,3.0
17399,turing's,1,1,3.0
17400,turmeric,1,1,3.0
17401,tv,1,1,3.0
17402,twenty-five,1,1,3.0
17403,twenty-four,1,1,3.0
17404,twenty-nine,1,1,3.0
17405,twenty-two,1,1,3.0
17406,twice-daily,1,1,3.0
17407,two-agent,1,1,3.0
17408,two-arm,1,1,3.0
17409,two-armed,1,1,3.0
17410,two-formulation,1,1,3.0
17411,two-photon,1,1,3.0
17412,two-round,1,1,3.0
17413,two-sided,1,1,3.0
17414,two-year,1,1,3.0
17415,tyg,1,1,3.0
17416,tyk2,1,1,3.0
17417,tympanometry,1,1,3.0
17418,type-1,1,1,3.0
17419,type2,1,1,3.0
17420,tyr,1,1,3.0
17421,tyr202,1,1,3.0
17422,tyr2052,1,1,3.0
17423,tyr297asp,1,1,3.0
17424,tyr315,1,1,3.0
17425,tyrosine,1,1,3.0
17426,tyrosine-regulated,1,1,3.0
17427,tyrosine-tyrosine,1,1,3.0
17428,tzd,1,1,3.0
17429,tβ-mca,1,1,3.0
17430,u-937,1,1,3.0
17431,u01hl080295,1,1,3.0
17432,u01hl130114,1,1,3.0
17433,uae-based,1,1,3.0
17434,ubiquitin-proteasome,1,1,3.0
17435,ucp2,1,1,3.0
17436,uhmwpe,1,1,3.0
17437,uhplc-ms,1,1,3.0
17438,uk-based,1,1,3.0
17439,ukpds,1,1,3.0
17440,ulceration,1,1,3.0
17441,ultimate,1,1,3.0
17442,ultra-high-molecular-weight,1,1,3.0
17443,ultrasonography,1,1,3.0
17444,ultrastructural,1,1,3.0
17445,ultrastructure,1,1,3.0
17446,ultraviolet-visible,1,1,3.0
17447,umbrella,1,1,3.0
17448,umin000048469,1,1,3.0
17449,umin000048471,1,1,3.0
17450,unacceptably,1,1,3.0
17451,unaffected,1,1,3.0
17452,unaffordable,1,1,3.0
17453,unanesthetized,1,1,3.0
17454,unattempted,1,1,3.0
17455,unbiased,1,1,3.0
17456,unchecked,1,1,3.0
17457,unconfounded,1,1,3.0
17458,uncontrollable,1,1,3.0
17459,uncoupled,1,1,3.0
17460,undated,1,1,3.0
17461,under-appreciated,1,1,3.0
17462,under-described,1,1,3.0
17463,under-explored,1,1,3.0
17464,under-investigated,1,1,3.0
17465,under-prescribing,1,1,3.0
17466,under-representation,1,1,3.0
17467,under-tested,1,1,3.0
17468,underdeveloped,1,1,3.0
17469,underdocumented,1,1,3.0
17470,underestimated,1,1,3.0
17471,underestimation,1,1,3.0
17472,underevaluated,1,1,3.0
17473,underlining,1,1,3.0
17474,undermines,1,1,3.0
17475,undernutrition,1,1,3.0
17476,underpinnings,1,1,3.0
17477,underrealized,1,1,3.0
17478,underscored,1,1,3.0
17479,understandable,1,1,3.0
17480,understandings,1,1,3.0
17481,understudied,1,1,3.0
17482,undertake,1,1,3.0
17483,undertaken,1,1,3.0
17484,undertreated,1,1,3.0
17485,underused,1,1,3.0
17486,underutilised,1,1,3.0
17487,underwater,1,1,3.0
17488,undetermined,1,1,3.0
17489,undifferentiated,1,1,3.0
17490,undisclosed,1,1,3.0
17491,undoubtedly,1,1,3.0
17492,unequal,1,1,3.0
17493,unexpectedly,1,1,3.0
17494,unexplained,1,1,3.0
17495,unfamiliar,1,1,3.0
17496,unfamiliarity,1,1,3.0
17497,unfavorable,1,1,3.0
17498,unfavourable,1,1,3.0
17499,unfolding,1,1,3.0
17500,unfortunately,1,1,3.0
17501,unfractionated,1,1,3.0
17502,uni,1,1,3.0
17503,unimpaired,1,1,3.0
17504,unimpairment,1,1,3.0
17505,union,1,1,3.0
17506,unite,1,1,3.0
17507,universities,1,1,3.0
17508,unlabelled,1,1,3.0
17509,unless,1,1,3.0
17510,unliteral,1,1,3.0
17511,unmarried,1,1,3.0
17512,unopposed,1,1,3.0
17513,unordered,1,1,3.0
17514,unpeeled,1,1,3.0
17515,unprompted,1,1,3.0
17516,unravelling,1,1,3.0
17517,unrealistic,1,1,3.0
17518,unrecognized,1,1,3.0
17519,unrefreshing,1,1,3.0
17520,unrelated,1,1,3.0
17521,unreliable,1,1,3.0
17522,unremarkable,1,1,3.0
17523,unremitted,1,1,3.0
17524,unreplicated,1,1,3.0
17525,unreported,1,1,3.0
17526,unrestrained,1,1,3.0
17527,unsatisfactory,1,1,3.0
17528,unsaturated,1,1,3.0
17529,unsettled,1,1,3.0
17530,unspecified,1,1,3.0
17531,unstandardized,1,1,3.0
17532,unsuitable,1,1,3.0
17533,unsupervised,1,1,3.0
17534,unsustained,1,1,3.0
17535,unusual,1,1,3.0
17536,unveil,1,1,3.0
17537,unveils,1,1,3.0
17538,unwell,1,1,3.0
17539,up-regulate,1,1,3.0
17540,up-regulated,1,1,3.0
17541,up-titrate,1,1,3.0
17542,up-to-date,1,1,3.0
17543,updating,1,1,3.0
17544,upper-gastrointestinal,1,1,3.0
17545,upper-middle-income,1,1,3.0
17546,upregulate,1,1,3.0
17547,upregulates,1,1,3.0
17548,uptitrated,1,1,3.0
17549,uraemic,1,1,3.0
17550,urate,1,1,3.0
17551,urban,1,1,3.0
17552,urgency,1,1,3.0
17553,uric,1,1,3.0
17554,url,1,1,3.0
17555,ursodeoxycholic,1,1,3.0
17556,urticaria,1,1,3.0
17557,use-process,1,1,3.0
17558,usefully,1,1,3.0
17559,username,1,1,3.0
17560,usp14,1,1,3.0
17561,uterine,1,1,3.0
17562,utilisation-context,1,1,3.0
17563,utilising,1,1,3.0
17564,uveitis,1,1,3.0
17565,v-shape,1,1,3.0
17566,v0,1,1,3.0
17567,v10,1,1,3.0
17568,v2-receptor,1,1,3.0
17569,vagally,1,1,3.0
17570,vaginal,1,1,3.0
17571,valorization,1,1,3.0
17572,valsartan,1,1,3.0
17573,value-effects,1,1,3.0
17574,value-scaled,1,1,3.0
17575,valued,1,1,3.0
17576,variably,1,1,3.0
17577,variant-dependent,1,1,3.0
17578,variant-effect,1,1,3.0
17579,variously,1,1,3.0
17580,vas,1,1,3.0
17581,vascularity,1,1,3.0
17582,vasculature,1,1,3.0
17583,vasculopathy,1,1,3.0
17584,vaso-protective,1,1,3.0
17585,vasomotor,1,1,3.0
17586,vasopressin,1,1,3.0
17587,vasoprotective,1,1,3.0
17588,vasovagal,1,1,3.0
17589,vast,1,1,3.0
17590,vdac1,1,1,3.0
17591,vegetarian,1,1,3.0
17592,vehicle-treated,1,1,3.0
17593,vehicles,1,1,3.0
17594,veillonella,1,1,3.0
17595,velocity,1,1,3.0
17596,vendors,1,1,3.0
17597,venovenous,1,1,3.0
17598,ventromedial,1,1,3.0
17599,verasight's,1,1,3.0
17600,verdict,1,1,3.0
17601,verifying,1,1,3.0
17602,vermis,1,1,3.0
17603,versus1,1,1,3.0
17604,vertebrates,1,1,3.0
17605,vertebroplasty,1,1,3.0
17606,vertigo,1,1,3.0
17607,vesicle,1,1,3.0
17608,vestibule,1,1,3.0
17609,vgat-expressing,1,1,3.0
17610,vi,1,1,3.0
17611,vial,1,1,3.0
17612,vials,1,1,3.0
17613,vibration,1,1,3.0
17614,vicadrostat,1,1,3.0
17615,vicinity,1,1,3.0
17616,video,1,1,3.0
17617,video-eeg,1,1,3.0
17618,villi,1,1,3.0
17619,villin-creert2,1,1,3.0
17620,violent,1,1,3.0
17621,vip,1,1,3.0
17622,virchow,1,1,3.0
17623,virologically,1,1,3.0
17624,virome,1,1,3.0
17625,virtually,1,1,3.0
17626,virus-mediated,1,1,3.0
17627,viscosity,1,1,3.0
17628,visfatin,1,1,3.0
17629,visibly,1,1,3.0
17630,vision-threatening,1,1,3.0
17631,visualization,1,1,3.0
17632,vitamins,1,1,3.0
17633,vitroand,1,1,3.0
17634,vldl-c,1,1,3.0
17635,vmat2,1,1,3.0
17636,voltage-gated,1,1,3.0
17637,volts,1,1,3.0
17638,volume-depletion,1,1,3.0
17639,volumes-as,1,1,3.0
17640,volumetric,1,1,3.0
17641,vosviewer,1,1,3.0
17642,vta-centered,1,1,3.0
17643,vtrna2-1,1,1,3.0
17644,vulgaris,1,1,3.0
17645,vying,1,1,3.0
17646,vδ1,1,1,3.0
17647,vδ2,1,1,3.0
17648,waist-to-height,1,1,3.0
17649,wait-to-fail,1,1,3.0
17650,waited,1,1,3.0
17651,waiting,1,1,3.0
17652,wald,1,1,3.0
17653,wanfang,1,1,3.0
17654,warping,1,1,3.0
17655,watershed,1,1,3.0
17656,wave,1,1,3.0
17657,wd,1,1,3.0
17658,wd-fed,1,1,3.0
17659,weakening,1,1,3.0
17660,weakens,1,1,3.0
17661,weakest,1,1,3.0
17662,weakness,1,1,3.0
17663,weapon,1,1,3.0
17664,wear-particle,1,1,3.0
17665,weber-effect,1,1,3.0
17666,website,1,1,3.0
17667,websites,1,1,3.0
17668,weibull,1,1,3.0
17669,weigh,1,1,3.0
17670,weight-centred,1,1,3.0
17671,weight-change,1,1,3.0
17672,weight-focused,1,1,3.0
17673,weight-gain,1,1,3.0
17674,weight-loss-induced,1,1,3.0
17675,weight-loss-related,1,1,3.0
17676,weight-mediated,1,1,3.0
17677,weight-modifying,1,1,3.0
17678,weight-modulating,1,1,3.0
17679,weight-neutral,1,1,3.0
17680,weight-of-evidence,1,1,3.0
17681,weight-stigma,1,1,3.0
17682,weight-trajectory,1,1,3.0
17683,weissella,1,1,3.0
17684,welcomed,1,1,3.0
17685,well-based,1,1,3.0
17686,well-defined,1,1,3.0
17687,well-known,1,1,3.0
17688,well-recognized,1,1,3.0
17689,well-studied,1,1,3.0
17690,well-treated,1,1,3.0
17691,wellbeing,1,1,3.0
17692,wellness,1,1,3.0
17693,wernicke's,1,1,3.0
17694,westernized,1,1,3.0
17695,wet,1,1,3.0
17696,wfs1,1,1,3.0
17697,whenever,1,1,3.0
17698,who's,1,1,3.0
17699,whole-cell,1,1,3.0
17700,whole-kidney,1,1,3.0
17701,wider,1,1,3.0
17702,widowed,1,1,3.0
17703,wikim51,1,1,3.0
17704,wiley,1,1,3.0
17705,willingness,1,1,3.0
17706,wire,1,1,3.0
17707,wise,1,1,3.0
17708,withdrawal-related,1,1,3.0
17709,withdrawn,1,1,3.0
17710,withdrew,1,1,3.0
17711,withholding,1,1,3.0
17712,within-trial,1,1,3.0
17713,witnessed,1,1,3.0
17714,women-specific,1,1,3.0
17715,word-of-mouth,1,1,3.0
17716,wore,1,1,3.0
17717,workers,1,1,3.0
17718,workflow-oriented,1,1,3.0
17719,workflows,1,1,3.0
17720,workload,1,1,3.0
17721,works,1,1,3.0
17722,workshops,1,1,3.0
17723,wound-healing,1,1,3.0
17724,wp,1,1,3.0
17725,wrinkle,1,1,3.0
17726,wrinkle-modulating,1,1,3.0
17727,wrinkles,1,1,3.0
17728,writing,1,1,3.0
17729,wrvu,1,1,3.0
17730,wy-14643,1,1,3.0
17731,xbp1-splicing,1,1,3.0
17732,xenobiotics,1,1,3.0
17733,xiaoji,1,1,3.0
17734,xiaoke,1,1,3.0
17735,xiiia,1,1,3.0
17736,xw003,1,1,3.0
17737,xylanibacter,1,1,3.0
17738,y-maze,1,1,3.0
17739,y2,1,1,3.0
17740,y2423,1,1,3.0
17741,year-over-year,1,1,3.0
17742,yearly,1,1,3.0
17743,yes,1,1,3.0
17744,ykl-40,1,1,3.0
17745,yme1l-slc25a33,1,1,3.0
17746,yohimbine,1,1,3.0
17747,yorkshire,1,1,3.0
17748,youden,1,1,3.0
17749,young-onset,1,1,3.0
17750,youtube,1,1,3.0
17751,ypxjf's,1,1,3.0
17752,yunpi,1,1,3.0
17753,zealand,1,1,3.0
17754,zebrafish,1,1,3.0
17755,zepbound,1,1,3.0
17756,zhao,1,1,3.0
17757,zibotentan,1,1,3.0
17758,zilebesiran,1,1,3.0
17759,zo-1,1,1,3.0
17760,zone,1,1,3.0
17761,¹⁷,1,1,3.0
17762,α-2,1,1,3.0
17763,α-amylase,1,1,3.0
17764,α-cell-derived,1,1,3.0
17765,α4β2,1,1,3.0
17766,α6β2,1,1,3.0
17767,β-arrestin-dependent,1,1,3.0
17768,β-arrestin-mediated,1,1,3.0
17769,β-catenin-independent,1,1,3.0
17770,β-cell-protective,1,1,3.0
17771,β-cell-specific,1,1,3.0
17772,β-cell-supportive,1,1,3.0
17773,β-klotho,1,1,3.0
17774,β-lip,1,1,3.0
17775,β-thalassaemia,1,1,3.0
17776,β-thalassemia,1,1,3.0
17777,γ,1,1,3.0
17778,δ-opioid,1,1,3.0
17779,δbw,1,1,3.0
17780,δcpeptide0-120,1,1,3.0
17781,δgatp,1,1,3.0
17782,δgluc0-120,1,1,3.0
17783,δglucose0-120,1,1,3.0
17784,δisr0-120,1,1,3.0
17785,δsmm,1,1,3.0
17786,ε4,1,1,3.0
17787,κ,1,1,3.0
17788,κ-opioid,1,1,3.0
17789,τ²,1,1,3.0
17790,χ²,1,1,3.0
17791,ω,1,1,3.0
17792,⁸,1,1,3.0
