rank,term,cf,df,idf
1,1,4285,955,0.019996628416253655
2,glp,3052,766,0.11577123036739609
3,0,2779,414,0.3829996588791011
4,2,1434,617,0.2097148359667583
5,receptor,1210,798,0.09799710864927055
6,weight,1155,409,0.38827669199265824
7,patients,1096,405,0.3925449767853314
8,obesity,1086,484,0.3151546383555875
9,risk,1054,429,0.36754270781527576
10,associated,938,497,0.30364361126666783
11,peptide,904,724,0.1402614338028531
12,metabolic,884,387,0.4122890349810886
13,95,874,267,0.5734887386354247
14,diabetes,867,531,0.2749054789185309
15,glucagon,859,718,0.14387555575769967
16,agonists,819,602,0.22040350874217546
17,like,818,722,0.1414628024303609
18,treatment,812,431,0.3655227298392684
19,ci,789,225,0.6478174818886375
20,p,780,232,0.6345120151091004
21,outcomes,762,394,0.4045037781744259
22,effects,704,418,0.3788237182249648
23,clinical,688,420,0.37675070960209955
24,semaglutide,682,234,0.6307841425898572
25,evidence,668,381,0.4190750243243807
26,study,665,424,0.3726341434072674
27,3,663,325,0.4881166390211256
28,4,652,316,0.5003129173815962
29,use,647,313,0.5044556624535516
30,disease,629,332,0.47886191629596375
31,glucose,627,345,0.46218090492672587
32,loss,619,280,0.5528419686577808
33,studies,596,315,0.5016894462103995
34,type,574,430,0.3665315444204135
35,not,573,367,0.4353339357479106
36,using,534,359,0.44490555142168087
37,5,521,252,0.5985994592184559
38,cardiovascular,521,215,0.6675615400843947
39,1ra,512,144,0.8416375079047503
40,therapy,508,261,0.583359492661719
41,based,491,307,0.5128616245228135
42,insulin,487,201,0.6968039425795111
43,6,480,242,0.6161846340195687
44,including,472,360,0.44369749923271273
45,ra,468,145,0.8386319977650251
46,adults,461,263,0.5800442515102422
47,1ras,426,161,0.7931741239681503
48,data,424,297,0.5272435506827877
49,trials,423,245,0.6108339156354675
50,included,422,281,0.5512936800949201
51,among,414,259,0.5867002359187482
52,related,405,277,0.5575202309355515
53,analysis,400,258,0.5883802940367698
54,body,394,229,0.6401645176601121
55,review,390,310,0.5086383061657272
56,compared,387,243,0.6143937264016878
57,tirzepatide,381,139,0.8569851997459049
58,management,376,251,0.6003262785189618
59,ras,374,149,0.826813731587726
60,significant,374,250,0.6020599913279624
61,kidney,368,131,0.8827287043442358
62,lower,367,213,0.6716203965612623
63,potential,364,282,0.5497508916806388
64,across,362,259,0.5867002359187482
65,inhibitors,349,194,0.712198270069774
66,findings,348,314,0.5030703519267851
67,8,343,199,0.7011469235902934
68,reduced,342,252,0.5985994592184559
69,7,341,187,0.7281583934635011
70,hr,339,87,1.0604807473813815
71,therapies,338,220,0.6575773191777938
72,increased,334,236,0.6270879970298935
73,agonist,331,256,0.5917600346881504
74,no,331,242,0.6161846340195687
75,health,325,231,0.6363880201078557
76,analyses,324,214,0.6695862266508091
77,mg,323,106,0.9746941347352298
78,events,318,175,0.7569619513137056
79,adverse,315,206,0.6861327796308465
80,safety,315,191,0.7189666327522725
81,baseline,314,162,0.790484985457369
82,therapeutic,301,211,0.6757175447023074
83,9,299,172,0.7644715530924511
84,cohort,296,185,0.7328282715969862
85,years,294,183,0.7375489102695705
86,however,293,253,0.596879478824182
87,participants,292,136,0.8664610916297825
88,high,289,194,0.712198270069774
89,reduction,287,179,0.7471469690201068
90,10,277,194,0.712198270069774
91,also,277,222,0.6536470255493614
92,12,276,166,0.7798919119599449
93,primary,275,207,0.6840296545430823
94,remains,275,251,0.6003262785189618
95,group,274,127,0.8961962790440432
96,vs,273,111,0.9546770212133426
97,liver,270,99,1.00436480540245
98,control,268,202,0.6946486305533762
99,t2dm,268,102,0.9913998282380825
100,non,267,184,0.7351821769904635
101,used,262,207,0.6840296545430823
102,drug,254,154,0.8124792791635369
103,higher,250,162,0.790484985457369
104,dysfunction,249,170,0.7695510786217261
105,n,249,117,0.9318141382538383
106,significantly,247,178,0.7495799976911061
107,efficacy,245,193,0.7144426909922262
108,without,245,176,0.7544873321858502
109,dose,242,110,0.958607314841775
110,mechanisms,241,177,0.7520267336381934
111,bmi,237,110,0.958607314841775
112,term,236,164,0.7851561519523022
113,specific,233,170,0.7695510786217261
114,surgery,233,98,1.0087739243075051
115,benefits,232,188,0.7258421507363202
116,gip,231,116,0.9355420107730815
117,incretin,231,121,0.9172146296835498
118,kg,230,126,0.8996294548824371
119,mass,230,144,0.8416375079047503
120,long,228,171,0.7670038896078462
121,t2d,228,77,1.1135092748275182
122,s,226,143,0.8446639625349383
123,showed,225,176,0.7544873321858502
124,chronic,224,182,0.7399286120149252
125,changes,222,155,0.8096683018297085
126,year,222,119,0.9244530386074693
127,conducted,219,203,0.6925039620867871
128,limited,219,195,0.709965388637482
129,cell,218,105,0.978810700930062
130,mean,218,143,0.8446639625349383
131,mortality,217,107,0.9706162223147904
132,users,216,81,1.0915149811213503
133,assessed,215,180,0.7447274948966939
134,inflammatory,215,118,0.9281179926938746
135,signaling,213,115,0.9393021596463883
136,trial,213,142,0.8477116556169435
137,agents,212,164,0.7851561519523022
138,effect,212,161,0.7931741239681503
139,observed,212,172,0.7644715530924511
140,remain,212,196,0.707743928643524
141,1r,211,62,1.207608310501746
142,001,210,107,0.9706162223147904
143,placebo,210,79,1.1023729087095586
144,patient,209,148,0.8297382846050426
145,care,206,134,0.8728952016351924
146,reported,206,135,0.8696662315049939
147,outcome,204,154,0.8124792791635369
148,versus,203,111,0.9546770212133426
149,dual,202,146,0.8356471442155629
150,major,202,159,0.7986028756795486
151,randomized,202,144,0.8416375079047503
152,low,200,128,0.8927900303521317
153,months,200,101,0.9956786262173575
154,current,198,165,0.7825160557860937
155,oral,196,95,1.0222763947111522
156,30,195,143,0.8446639625349383
157,ckd,195,52,1.2839966563652008
158,levels,193,114,0.9430951486635274
159,although,192,165,0.7825160557860937
160,individuals,192,124,0.906578314837765
161,support,192,161,0.7931741239681503
162,age,189,143,0.8446639625349383
163,exposure,189,104,0.9829666607012196
164,medications,189,121,0.9172146296835498
165,total,189,147,0.8326826652518239
166,dependent,187,157,0.8041003475907663
167,pathways,187,148,0.8297382846050426
168,strategies,187,147,0.8326826652518239
169,improved,186,153,0.8153085691824012
170,function,185,118,0.9281179926938746
171,sglt2i,184,47,1.3279021420642825
172,cardiometabolic,182,113,0.9469215565165803
173,failure,182,123,0.9100948885606021
174,identified,181,149,0.826813731587726
175,within,181,150,0.8239087409443188
176,fat,180,85,1.0705810742857074
177,differences,179,137,0.8632794328435932
178,models,179,150,0.8239087409443188
179,time,178,121,0.9172146296835498
180,evaluated,177,153,0.8153085691824012
181,mellitus,177,161,0.7931741239681503
182,association,176,124,0.906578314837765
183,hba1c,176,83,1.080921907623926
184,renal,174,90,1.045757490560675
185,one,173,130,0.8860566476931633
186,controlled,171,143,0.8446639625349383
187,demonstrated,170,152,0.8181564120552274
188,two,170,132,0.8794260687941502
189,meta,169,101,0.9956786262173575
190,score,169,131,0.8827287043442358
191,combination,168,88,1.0555173278498313
192,index,167,136,0.8664610916297825
193,induced,167,105,0.978810700930062
194,gut,166,81,1.0915149811213503
195,heart,163,100,1.0
196,liraglutide,162,72,1.1426675035687315
197,cause,159,97,1.0132282657337552
198,ratio,159,123,0.9100948885606021
199,reductions,158,122,0.9136401693252517
200,bariatric,157,75,1.1249387366083
201,food,157,87,1.0604807473813815
202,medication,157,84,1.0757207139381184
203,research,157,136,0.8664610916297825
204,clinically,155,127,0.8961962790440432
205,glycemic,155,110,0.958607314841775
206,retrospective,155,149,0.826813731587726
207,emerging,154,142,0.8477116556169435
208,gastrointestinal,154,113,0.9469215565165803
209,mechanistic,153,111,0.9546770212133426
210,role,153,125,0.9030899869919435
211,change,151,88,1.0555173278498313
212,complications,151,88,1.0555173278498313
213,following,151,112,0.9507819773298184
214,inflammation,151,105,0.978810700930062
215,sodium,151,141,0.8507808873446201
216,metformin,150,84,1.0757207139381184
217,particularly,149,137,0.8632794328435932
218,benefit,147,113,0.9469215565165803
219,cells,147,76,1.1191864077192086
220,groups,147,97,1.0132282657337552
221,real,147,112,0.9507819773298184
222,world,147,112,0.9507819773298184
223,greater,146,109,0.9625735020593764
224,initiation,146,83,1.080921907623926
225,model,146,102,0.9913998282380825
226,observational,146,109,0.9625735020593764
227,performed,146,132,0.8794260687941502
228,follow,144,114,0.9430951486635274
229,evaluate,143,138,0.8601209135987635
230,m2,143,84,1.0757207139381184
231,population,143,118,0.9281179926938746
232,early,139,106,0.9746941347352298
233,framework,139,107,0.9706162223147904
234,human,139,88,1.0555173278498313
235,lipid,139,84,1.0757207139381184
236,substantial,139,124,0.906578314837765
237,improve,138,123,0.9100948885606021
238,results,138,118,0.9281179926938746
239,2025,137,125,0.9030899869919435
240,masld,137,38,1.4202164033831899
241,overall,137,115,0.9393021596463883
242,14,136,101,0.9956786262173575
243,expression,136,69,1.1611509092627448
244,level,136,88,1.0555173278498313
245,secondary,136,114,0.9430951486635274
246,week,136,62,1.207608310501746
247,anti,134,94,1.0268721464003012
248,people,134,78,1.1079053973095196
249,treated,134,96,1.0177287669604316
250,well,134,120,0.9208187539523752
251,mice,133,62,1.207608310501746
252,overweight,133,83,1.080921907623926
253,quality,133,83,1.080921907623926
254,blood,132,86,1.0655015487564323
255,incidence,132,85,1.0705810742857074
256,muscle,132,56,1.2518119729937995
257,phase,132,81,1.0915149811213503
258,protein,132,86,1.0655015487564323
259,systemic,132,103,0.9871627752948278
260,intake,131,62,1.207608310501746
261,sensitivity,131,97,1.0132282657337552
262,days,130,81,1.0915149811213503
263,interventions,130,102,0.9913998282380825
264,suggest,130,120,0.9208187539523752
265,target,130,102,0.9913998282380825
266,development,129,104,0.9829666607012196
267,weeks,129,80,1.0969100130080565
268,factors,128,95,1.0222763947111522
269,key,128,116,0.9355420107730815
270,24,127,86,1.0655015487564323
271,central,127,103,0.9871627752948278
272,lifestyle,127,82,1.0861861476162833
273,post,127,82,1.0861861476162833
274,propensity,127,107,0.9706162223147904
275,response,127,78,1.1079053973095196
276,90,126,78,1.1079053973095196
277,matching,126,85,1.0705810742857074
278,disorders,125,84,1.0757207139381184
279,established,125,112,0.9507819773298184
280,whereas,125,108,0.9665762445130504
281,c,124,65,1.1870866433571445
282,diabetic,124,79,1.1023729087095586
283,hepatic,124,69,1.1611509092627448
284,reduce,124,104,0.9829666607012196
285,18,123,95,1.0222763947111522
286,matched,123,82,1.0861861476162833
287,cancer,122,36,1.4436974992327127
288,increasingly,122,117,0.9318141382538383
289,network,122,98,1.0087739243075051
290,day,121,69,1.1611509092627448
291,decreased,121,89,1.0506099933550872
292,drugs,121,82,1.0861861476162833
293,pharmacological,121,89,1.0506099933550872
294,populations,121,95,1.0222763947111522
295,secretion,121,76,1.1191864077192086
296,11,119,92,1.0362121726544447
297,needed,119,115,0.9393021596463883
298,beyond,118,108,0.9665762445130504
299,consistent,118,101,0.9956786262173575
300,first,118,97,1.0132282657337552
301,regarding,118,96,1.0177287669604316
302,diet,117,71,1.1487416512809248
303,sglt2,117,61,1.2146701649892329
304,confidence,116,107,0.9706162223147904
305,despite,116,112,0.9507819773298184
306,gastric,116,58,1.2365720064370627
307,new,116,95,1.0222763947111522
308,resistance,116,88,1.0555173278498313
309,rr,116,30,1.5228787452803376
310,17,115,91,1.0409586076789064
311,aimed,115,113,0.9469215565165803
312,assessment,115,92,1.0362121726544447
313,stress,115,81,1.0915149811213503
314,15,114,94,1.0268721464003012
315,activity,114,83,1.080921907623926
316,effective,114,95,1.0222763947111522
317,future,114,104,0.9829666607012196
318,direct,113,98,1.0087739243075051
319,mace,113,39,1.408935392973501
320,odds,113,71,1.1487416512809248
321,three,113,89,1.0506099933550872
322,molecular,112,82,1.0861861476162833
323,cotransporter,111,109,0.9625735020593764
324,identify,111,102,0.9913998282380825
325,impact,111,98,1.0087739243075051
326,responses,111,72,1.1426675035687315
327,common,110,100,1.0
328,defined,110,92,1.0362121726544447
329,rate,110,85,1.0705810742857074
330,tissue,110,69,1.1611509092627448
331,metabolism,109,84,1.0757207139381184
332,pancreatic,109,51,1.2924298239020637
333,β,109,55,1.2596373105057561
334,16,107,81,1.0915149811213503
335,alone,107,73,1.136677139879544
336,mediated,107,84,1.0757207139381184
337,novel,107,88,1.0555173278498313
338,prospective,107,101,0.9956786262173575
339,rates,107,83,1.080921907623926
340,risks,107,72,1.1426675035687315
341,driven,106,96,1.0177287669604316
342,syndrome,105,67,1.1739251972991736
343,20,104,87,1.0604807473813815
344,acute,104,67,1.1739251972991736
345,fibrosis,104,45,1.3467874862246563
346,improvements,104,83,1.080921907623926
347,profile,104,87,1.0604807473813815
348,system,104,93,1.0315170514460648
349,difference,103,76,1.1191864077192086
350,axis,102,72,1.1426675035687315
351,estimated,102,83,1.080921907623926
352,mitochondrial,102,44,1.3565473235138126
353,reporting,102,54,1.2676062401770316
354,05,101,60,1.2218487496163564
355,preclinical,101,75,1.1249387366083
356,recent,101,89,1.0506099933550872
357,hazard,99,76,1.1191864077192086
358,independent,99,85,1.0705810742857074
359,l,99,42,1.3767507096020994
360,multiple,99,89,1.0506099933550872
361,polypeptide,99,95,1.0222763947111522
362,provide,99,92,1.0362121726544447
363,respectively,99,80,1.0969100130080565
364,yet,99,96,1.0177287669604316
365,2024,98,83,1.080921907623926
366,activation,98,75,1.1249387366083
367,available,98,84,1.0757207139381184
368,case,98,62,1.207608310501746
369,disorder,98,66,1.1804560644581314
370,fasting,98,53,1.275724130399211
371,increase,98,82,1.0861861476162833
372,injury,98,59,1.2291479883578558
373,insulinotropic,98,94,1.0268721464003012
374,single,98,73,1.136677139879544
375,systematic,98,77,1.1135092748275182
376,50,97,79,1.1023729087095586
377,additional,97,78,1.1079053973095196
378,adjusted,97,70,1.1549019599857433
379,appetite,97,64,1.193820026016113
380,approaches,97,87,1.0604807473813815
381,co,97,81,1.0915149811213503
382,conditions,97,77,1.1135092748275182
383,dietary,97,52,1.2839966563652008
384,energy,97,63,1.2006594505464183
385,intestinal,97,45,1.3467874862246563
386,lowering,97,72,1.1426675035687315
387,rather,97,79,1.1023729087095586
388,ratios,97,88,1.0555173278498313
389,13,96,78,1.1079053973095196
390,progression,96,64,1.193820026016113
391,pubmed,96,95,1.0222763947111522
392,increasing,95,88,1.0555173278498313
393,orforglipron,95,20,1.6989700043360187
394,practice,95,67,1.1739251972991736
395,regulation,95,76,1.1191864077192086
396,2026,94,84,1.0757207139381184
397,combined,94,71,1.1487416512809248
398,dpp,94,40,1.3979400086720377
399,receiving,94,62,1.207608310501746
400,acid,93,61,1.2146701649892329
401,composition,93,62,1.207608310501746
402,derived,93,78,1.1079053973095196
403,nutritional,93,43,1.3665315444204134
404,promising,93,88,1.0555173278498313
405,relative,92,73,1.136677139879544
406,administration,91,75,1.1249387366083
407,heterogeneity,91,68,1.1674910872937636
408,women,91,43,1.3665315444204134
409,assess,90,84,1.0757207139381184
410,burden,90,77,1.1135092748275182
411,effectiveness,90,58,1.2365720064370627
412,g,90,60,1.2218487496163564
413,per,90,60,1.2218487496163564
414,postoperative,90,36,1.4436974992327127
415,via,90,82,1.0861861476162833
416,60,89,66,1.1804560644581314
417,cost,89,37,1.431798275933005
418,intervention,89,66,1.1804560644581314
419,narrative,89,78,1.1079053973095196
420,need,89,85,1.0705810742857074
421,prescribed,89,67,1.1739251972991736
422,21,88,77,1.1135092748275182
423,associations,88,69,1.1611509092627448
424,improvement,88,63,1.2006594505464183
425,period,88,66,1.1804560644581314
426,diseases,87,55,1.2596373105057561
427,provides,87,83,1.080921907623926
428,regression,87,80,1.0969100130080565
429,obese,86,47,1.3279021420642825
430,pathway,86,63,1.2006594505464183
431,relevant,86,77,1.1135092748275182
432,strategy,86,78,1.1079053973095196
433,characterized,85,81,1.0915149811213503
434,functional,85,68,1.1674910872937636
435,important,85,78,1.1079053973095196
436,male,85,58,1.2365720064370627
437,median,85,57,1.2441251443275085
438,microbiota,85,40,1.3979400086720377
439,pressure,85,49,1.3098039199714864
440,analyzed,84,79,1.1023729087095586
441,comorbidities,84,71,1.1487416512809248
442,due,84,76,1.1191864077192086
443,e,84,50,1.3010299956639813
444,female,84,63,1.2006594505464183
445,severe,84,59,1.2291479883578558
446,symptoms,84,58,1.2365720064370627
447,27,83,72,1.1426675035687315
448,access,83,52,1.2839966563652008
449,cohorts,83,68,1.1674910872937636
450,discontinuation,83,56,1.2518119729937995
451,pooled,83,47,1.3279021420642825
452,22,82,68,1.1674910872937636
453,36,82,50,1.3010299956639813
454,65,82,62,1.207608310501746
455,antidiabetic,82,42,1.3767507096020994
456,approved,82,64,1.193820026016113
457,exercise,82,40,1.3979400086720377
458,hf,82,14,1.853871964321762
459,large,82,71,1.1487416512809248
460,status,82,62,1.207608310501746
461,weekly,82,56,1.2518119729937995
462,brain,81,47,1.3279021420642825
463,factor,81,70,1.1549019599857433
464,monitoring,81,63,1.2006594505464183
465,several,81,76,1.1191864077192086
466,40,80,67,1.1739251972991736
467,class,80,55,1.2596373105057561
468,homeostasis,80,62,1.207608310501746
469,multi,80,59,1.2291479883578558
470,sex,80,55,1.2596373105057561
471,19,79,66,1.1804560644581314
472,31,79,72,1.1426675035687315
473,concerns,79,73,1.136677139879544
474,criteria,79,65,1.1870866433571445
475,design,79,69,1.1611509092627448
476,hormone,79,54,1.2676062401770316
477,similar,79,63,1.2006594505464183
478,stroke,79,33,1.4814860601221125
479,t1d,79,18,1.744727494896694
480,unclear,79,79,1.1023729087095586
481,25,78,67,1.1739251972991736
482,active,78,68,1.1674910872937636
483,bias,78,55,1.2596373105057561
484,certainty,78,27,1.5686362358410126
485,regulatory,78,60,1.2218487496163564
486,targeting,78,69,1.1611509092627448
487,treatments,78,60,1.2218487496163564
488,approach,77,71,1.1487416512809248
489,perioperative,77,42,1.3767507096020994
490,pharmacotherapy,77,54,1.2676062401770316
491,small,77,61,1.2146701649892329
492,suggests,77,71,1.1487416512809248
493,cognitive,76,26,1.585026652029182
494,event,76,63,1.2006594505464183
495,markers,76,54,1.2676062401770316
496,profiles,76,61,1.2146701649892329
497,sglt,76,29,1.537602002101044
498,death,75,47,1.3279021420642825
499,dulaglutide,75,33,1.4814860601221125
500,elevated,75,60,1.2218487496163564
501,global,75,70,1.1549019599857433
502,literature,75,66,1.1804560644581314
503,meaningful,75,67,1.1739251972991736
504,pre,75,47,1.3279021420642825
505,52,74,63,1.2006594505464183
506,73,74,56,1.2518119729937995
507,glp1,74,25,1.6020599913279623
508,35,73,60,1.2218487496163564
509,adherence,73,44,1.3565473235138126
510,aged,73,64,1.193820026016113
511,egfr,73,31,1.5086383061657274
512,hfpef,73,20,1.6989700043360187
513,mechanism,73,57,1.2441251443275085
514,older,73,48,1.3187587626244128
515,plasma,73,49,1.3098039199714864
516,stage,73,45,1.3467874862246563
517,trinetx,73,69,1.1611509092627448
518,bone,72,29,1.537602002101044
519,prior,72,53,1.275724130399211
520,diagnosis,71,56,1.2518119729937995
521,embase,71,71,1.1487416512809248
522,followed,71,68,1.1674910872937636
523,life,71,54,1.2676062401770316
524,phenotype,71,47,1.3279021420642825
525,reports,71,44,1.3565473235138126
526,statistically,71,58,1.2365720064370627
527,surgical,71,46,1.337242168318426
528,undergoing,71,43,1.3665315444204134
529,32,70,52,1.2839966563652008
530,beta,70,26,1.585026652029182
531,distinct,70,62,1.207608310501746
532,inhibitor,70,48,1.3187587626244128
533,medical,70,53,1.275724130399211
534,received,70,55,1.2596373105057561
535,26,69,54,1.2676062401770316
536,45,69,58,1.2365720064370627
537,characteristics,69,61,1.2146701649892329
538,composite,69,38,1.4202164033831899
539,eligible,69,57,1.2441251443275085
540,examined,69,62,1.207608310501746
541,hypothesis,69,61,1.2146701649892329
542,month,69,42,1.3767507096020994
543,primarily,69,64,1.193820026016113
544,pulmonary,69,26,1.585026652029182
545,randomised,69,52,1.2839966563652008
546,signals,69,44,1.3565473235138126
547,targeted,69,60,1.2218487496163564
548,72,68,50,1.3010299956639813
549,biomarkers,68,57,1.2441251443275085
550,four,68,56,1.2518119729937995
551,healthcare,68,47,1.3279021420642825
552,moderate,68,55,1.2596373105057561
553,short,68,56,1.2518119729937995
554,subgroup,68,51,1.2924298239020637
555,vascular,68,41,1.3872161432802645
556,daily,67,48,1.3187587626244128
557,include,67,57,1.2441251443275085
558,least,67,50,1.3010299956639813
559,md,67,22,1.6575773191777938
560,parameters,67,58,1.2365720064370627
561,random,67,63,1.2006594505464183
562,remained,67,62,1.207608310501746
563,sleep,67,30,1.5228787452803376
564,01,66,46,1.337242168318426
565,28,66,58,1.2365720064370627
566,comparative,66,53,1.275724130399211
567,initiated,66,56,1.2518119729937995
568,integrated,66,60,1.2218487496163564
569,prescribing,66,32,1.494850021680094
570,searched,66,65,1.1870866433571445
571,selected,66,58,1.2365720064370627
572,supporting,66,61,1.2146701649892329
573,translational,66,57,1.2441251443275085
574,adipose,65,47,1.3279021420642825
575,af,65,11,1.9586073148417749
576,cholesterol,65,31,1.5086383061657274
577,controls,65,46,1.337242168318426
578,endocrine,65,40,1.3979400086720377
579,interval,65,60,1.2218487496163564
580,min,65,35,1.4559319556497243
581,often,65,61,1.2146701649892329
582,prevention,65,39,1.408935392973501
583,underlying,65,60,1.2218487496163564
584,70,64,56,1.2518119729937995
585,76,64,56,1.2518119729937995
586,cvd,64,18,1.744727494896694
587,dipeptidyl,64,59,1.2291479883578558
588,peptidase,64,59,1.2291479883578558
589,physical,64,44,1.3565473235138126
590,33,63,54,1.2676062401770316
591,48,63,46,1.337242168318426
592,83,63,55,1.2596373105057561
593,addition,63,56,1.2518119729937995
594,context,63,56,1.2518119729937995
595,cox,63,59,1.2291479883578558
596,evaluation,63,55,1.2596373105057561
597,lean,63,29,1.537602002101044
598,positive,63,47,1.3279021420642825
599,rcts,63,30,1.5228787452803376
600,self,63,38,1.4202164033831899
601,standard,63,45,1.3467874862246563
602,37,62,55,1.2596373105057561
603,challenges,62,55,1.2596373105057561
604,eating,62,30,1.5228787452803376
605,immune,62,41,1.3872161432802645
606,linked,62,56,1.2518119729937995
607,modulation,62,55,1.2596373105057561
608,monotherapy,62,27,1.5686362358410126
609,psychiatric,62,27,1.5686362358410126
610,revealed,62,53,1.275724130399211
611,23,61,54,1.2676062401770316
612,75,61,54,1.2676062401770316
613,classes,61,44,1.3565473235138126
614,compare,61,59,1.2291479883578558
615,comprehensive,61,55,1.2596373105057561
616,enhanced,61,53,1.275724130399211
617,hormones,61,37,1.431798275933005
618,individual,61,56,1.2518119729937995
619,intervals,61,59,1.2291479883578558
620,mash,61,16,1.7958800173440752
621,ml,61,38,1.4202164033831899
622,oxidative,61,45,1.3467874862246563
623,range,61,43,1.3665315444204134
624,targets,61,48,1.3187587626244128
625,test,61,44,1.3565473235138126
626,42,60,55,1.2596373105057561
627,demonstrate,60,57,1.2441251443275085
628,developed,60,55,1.2596373105057561
629,emerged,60,60,1.2218487496163564
630,occurred,60,45,1.3467874862246563
631,patterns,60,47,1.3279021420642825
632,structural,60,41,1.3872161432802645
633,value,60,43,1.3665315444204134
634,alcohol,59,17,1.7695510786217261
635,contribute,59,52,1.2839966563652008
636,database,59,53,1.275724130399211
637,largely,59,55,1.2596373105057561
638,leading,59,58,1.2365720064370627
639,longitudinal,59,46,1.337242168318426
640,present,59,56,1.2518119729937995
641,suggesting,59,57,1.2441251443275085
642,utilization,59,33,1.4814860601221125
643,0001,58,32,1.494850021680094
644,34,58,47,1.3279021420642825
645,39,58,54,1.2676062401770316
646,44,58,54,1.2676062401770316
647,85,58,53,1.275724130399211
648,adolescents,58,21,1.6777807052660807
649,cross,58,53,1.275724130399211
650,dpp4i,58,18,1.744727494896694
651,electronic,58,56,1.2518119729937995
652,exploratory,58,46,1.337242168318426
653,highlight,58,58,1.2365720064370627
654,implications,58,53,1.275724130399211
655,79,57,51,1.2924298239020637
656,critical,57,52,1.2839966563652008
657,dl,57,24,1.6197887582883939
658,fatty,57,42,1.3767507096020994
659,impaired,57,50,1.3010299956639813
660,initiating,57,46,1.337242168318426
661,investigated,57,55,1.2596373105057561
662,reducing,57,51,1.2924298239020637
663,serum,57,40,1.3979400086720377
664,91,56,52,1.2839966563652008
665,approximately,56,48,1.3187587626244128
666,biological,56,45,1.3467874862246563
667,confirmed,56,51,1.2924298239020637
668,duration,56,46,1.337242168318426
669,emptying,56,34,1.4685210829577449
670,endpoint,56,44,1.3565473235138126
671,frequently,56,55,1.2596373105057561
672,growing,56,54,1.2676062401770316
673,guidelines,56,50,1.3010299956639813
674,incident,56,32,1.494850021680094
675,interactions,56,47,1.3279021420642825
676,protective,56,49,1.3098039199714864
677,63,55,52,1.2839966563652008
678,67,55,47,1.3279021420642825
679,different,55,49,1.3098039199714864
680,endothelial,55,26,1.585026652029182
681,endpoints,55,46,1.337242168318426
682,found,55,46,1.337242168318426
683,sustained,55,50,1.3010299956639813
684,α,55,32,1.494850021680094
685,29,54,54,1.2676062401770316
686,80,54,45,1.3467874862246563
687,94,54,45,1.3467874862246563
688,97,54,50,1.3010299956639813
689,consistently,54,51,1.2924298239020637
690,given,54,50,1.3010299956639813
691,measures,54,49,1.3098039199714864
692,methods,54,50,1.3010299956639813
693,prescription,54,36,1.4436974992327127
694,science,54,53,1.275724130399211
695,scores,54,36,1.4436974992327127
696,search,54,45,1.3467874862246563
697,structured,54,41,1.3872161432802645
698,subcutaneous,54,43,1.3665315444204134
699,therefore,54,53,1.275724130399211
700,tolerability,54,37,1.431798275933005
701,100,53,35,1.4559319556497243
702,46,53,50,1.3010299956639813
703,88,53,44,1.3565473235138126
704,achieved,53,41,1.3872161432802645
705,clinicaltrials,53,48,1.3187587626244128
706,d,53,32,1.494850021680094
707,heterogeneous,53,49,1.3098039199714864
708,hypertension,53,39,1.408935392973501
709,hypoglycemia,53,20,1.6989700043360187
710,involving,53,52,1.2839966563652008
711,myocardial,53,40,1.3979400086720377
712,pain,53,31,1.5086383061657274
713,production,53,36,1.4436974992327127
714,receptors,53,32,1.494850021680094
715,severity,53,38,1.4202164033831899
716,show,53,51,1.2924298239020637
717,shown,53,53,1.275724130399211
718,validation,53,45,1.3467874862246563
719,47,52,47,1.3279021420642825
720,89,52,44,1.3565473235138126
721,balance,52,43,1.3665315444204134
722,causal,52,48,1.3187587626244128
723,comparisons,52,43,1.3665315444204134
724,existing,52,44,1.3565473235138126
725,glycaemic,52,37,1.431798275933005
726,improving,52,49,1.3098039199714864
727,influence,52,48,1.3187587626244128
728,osa,52,10,2.0
729,remodeling,52,37,1.431798275933005
730,report,52,44,1.3565473235138126
731,residual,52,39,1.408935392973501
732,web,52,50,1.3010299956639813
733,53,51,48,1.3187587626244128
734,56,51,46,1.337242168318426
735,absolute,51,39,1.408935392973501
736,ad,51,14,1.853871964321762
737,cardiac,51,33,1.4814860601221125
738,cochrane,51,43,1.3665315444204134
739,dementia,51,13,1.8860566476931633
740,generally,51,48,1.3187587626244128
741,gov,51,46,1.337242168318426
742,highlights,51,51,1.2924298239020637
743,inhibition,51,36,1.4436974992327127
744,preoperative,51,29,1.537602002101044
745,protection,51,41,1.3872161432802645
746,records,51,48,1.3187587626244128
747,sd,51,28,1.5528419686577808
748,steatotic,51,47,1.3279021420642825
749,together,51,48,1.3187587626244128
750,address,50,46,1.337242168318426
751,complementary,50,45,1.3467874862246563
752,complex,50,47,1.3279021420642825
753,currently,50,44,1.3565473235138126
754,gain,50,37,1.431798275933005
755,independently,50,46,1.337242168318426
756,peripheral,50,36,1.4436974992327127
757,points,50,32,1.494850021680094
758,preserved,50,46,1.337242168318426
759,required,50,46,1.337242168318426
760,understanding,50,44,1.3565473235138126
761,vitro,50,37,1.431798275933005
762,2023,49,42,1.3767507096020994
763,advances,49,42,1.3767507096020994
764,concentrations,49,29,1.537602002101044
765,evaluating,49,46,1.337242168318426
766,impairment,49,32,1.494850021680094
767,less,49,44,1.3565473235138126
768,physiological,49,33,1.4814860601221125
769,postprandial,49,22,1.6575773191777938
770,prevalence,49,41,1.3872161432802645
771,strong,49,35,1.4559319556497243
772,supports,49,47,1.3279021420642825
773,suppression,49,38,1.4202164033831899
774,survey,49,28,1.5528419686577808
775,54,48,43,1.3665315444204134
776,57,48,44,1.3565473235138126
777,according,48,43,1.3665315444204134
778,alongside,48,46,1.337242168318426
779,asthma,48,8,2.0969100130080562
780,b,48,26,1.585026652029182
781,biomarker,48,30,1.5228787452803376
782,decline,48,39,1.408935392973501
783,determine,48,48,1.3187587626244128
784,establish,48,45,1.3467874862246563
785,free,48,32,1.494850021680094
786,january,48,47,1.3279021420642825
787,june,48,47,1.3279021420642825
788,medline,48,47,1.3279021420642825
789,proportion,48,36,1.4436974992327127
790,rats,48,23,1.6382721639824072
791,require,48,46,1.337242168318426
792,toward,48,44,1.3565473235138126
793,55,47,46,1.337242168318426
794,69,47,44,1.3565473235138126
795,comparator,47,37,1.431798275933005
796,considered,47,45,1.3467874862246563
797,genetic,47,36,1.4436974992327127
798,gipr,47,16,1.7958800173440752
799,h,47,29,1.537602002101044
800,measured,47,45,1.3467874862246563
801,national,47,40,1.3979400086720377
802,percentage,47,33,1.4814860601221125
803,represent,47,46,1.337242168318426
804,selection,47,43,1.3665315444204134
805,stratified,47,41,1.3872161432802645
806,02,46,37,1.431798275933005
807,49,46,41,1.3872161432802645
808,64,46,42,1.3767507096020994
809,96,46,38,1.4202164033831899
810,delivery,46,29,1.537602002101044
811,discuss,46,40,1.3979400086720377
812,doses,46,34,1.4685210829577449
813,highly,46,41,1.3872161432802645
814,hospitalization,46,25,1.6020599913279623
815,increases,46,42,1.3767507096020994
816,investigation,46,43,1.3665315444204134
817,microbial,46,22,1.6575773191777938
818,modification,46,39,1.408935392973501
819,pancreatitis,46,16,1.7958800173440752
820,potentially,46,43,1.3665315444204134
821,proportional,46,45,1.3467874862246563
822,recommendations,46,39,1.408935392973501
823,release,46,27,1.5686362358410126
824,routine,46,42,1.3767507096020994
825,scopus,46,46,1.337242168318426
826,state,46,36,1.4436974992327127
827,subgroups,46,33,1.4814860601221125
828,tolerance,46,33,1.4814860601221125
829,uncertain,46,42,1.3767507096020994
830,43,45,41,1.3872161432802645
831,71,45,41,1.3872161432802645
832,81,45,40,1.3979400086720377
833,82,45,40,1.3979400086720377
834,87,45,39,1.408935392973501
835,attenuated,45,42,1.3767507096020994
836,cardiorenal,45,29,1.537602002101044
837,comorbidity,45,38,1.4202164033831899
838,december,45,41,1.3872161432802645
839,examine,45,44,1.3565473235138126
840,fraction,45,38,1.4202164033831899
841,generating,45,44,1.3565473235138126
842,grade,45,41,1.3872161432802645
843,il,45,21,1.6777807052660807
844,importance,45,41,1.3872161432802645
845,interaction,45,34,1.4685210829577449
846,likely,45,40,1.3979400086720377
847,limitations,45,40,1.3979400086720377
848,medicine,45,37,1.431798275933005
849,modest,45,42,1.3767507096020994
850,produced,45,42,1.3767507096020994
851,properties,45,36,1.4436974992327127
852,recognized,45,43,1.3665315444204134
853,survival,45,27,1.5686362358410126
854,widely,45,43,1.3665315444204134
855,68,44,40,1.3979400086720377
856,98,44,36,1.4436974992327127
857,cgm,44,11,1.9586073148417749
858,comparison,44,37,1.431798275933005
859,depression,44,20,1.6989700043360187
860,healthy,44,36,1.4436974992327127
861,interpreted,44,43,1.3665315444204134
862,known,44,42,1.3767507096020994
863,persistent,44,30,1.5228787452803376
864,prevent,44,29,1.537602002101044
865,represents,44,42,1.3767507096020994
866,reviews,44,32,1.494850021680094
867,robust,44,41,1.3872161432802645
868,scale,44,39,1.408935392973501
869,skeletal,44,28,1.5528419686577808
870,underwent,44,36,1.4436974992327127
871,volume,44,27,1.5686362358410126
872,58,43,40,1.3979400086720377
873,84,43,37,1.431798275933005
874,advanced,43,34,1.4685210829577449
875,estimates,43,28,1.5528419686577808
876,indirect,43,33,1.4814860601221125
877,multivariable,43,34,1.4685210829577449
878,opioid,43,13,1.8860566476931633
879,published,43,39,1.408935392973501
880,skin,43,20,1.6989700043360187
881,states,43,33,1.4814860601221125
882,sulfonylureas,43,29,1.537602002101044
883,vivo,43,32,1.494850021680094
884,00,42,29,1.537602002101044
885,2022,42,34,1.4685210829577449
886,41,42,38,1.4202164033831899
887,59,42,41,1.3872161432802645
888,adult,42,35,1.4559319556497243
889,aging,42,23,1.6382721639824072
890,amylin,42,12,1.9208187539523751
891,atrial,42,23,1.6382721639824072
892,cellular,42,31,1.5086383061657274
893,comparable,42,36,1.4436974992327127
894,differ,42,40,1.3979400086720377
895,estimate,42,38,1.4202164033831899
896,examines,42,42,1.3767507096020994
897,highlighting,42,41,1.3872161432802645
898,offer,42,42,1.3767507096020994
899,onset,42,30,1.5228787452803376
900,recorded,42,26,1.585026652029182
901,relationship,42,38,1.4202164033831899
902,signalling,42,28,1.5528419686577808
903,synthesis,42,30,1.5228787452803376
904,tests,42,36,1.4436974992327127
905,uacr,42,12,1.9208187539523751
906,62,41,37,1.431798275933005
907,77,41,40,1.3979400086720377
908,92,41,37,1.431798275933005
909,accumulation,41,29,1.537602002101044
910,action,41,38,1.4202164033831899
911,agonism,41,24,1.6197887582883939
912,consumption,41,27,1.5686362358410126
913,favorable,41,36,1.4436974992327127
914,fda,41,28,1.5528419686577808
915,hormonal,41,32,1.494850021680094
916,met,41,34,1.4685210829577449
917,morbidity,41,38,1.4202164033831899
918,pcos,41,10,2.0
919,pediatric,41,20,1.6989700043360187
920,retatrutide,41,16,1.7958800173440752
921,stable,41,35,1.4559319556497243
922,standardized,41,34,1.4685210829577449
923,stratification,41,36,1.4436974992327127
924,04,40,34,1.4685210829577449
925,61,40,40,1.3979400086720377
926,74,40,38,1.4202164033831899
927,additionally,40,39,1.408935392973501
928,alternative,40,31,1.5086383061657274
929,background,40,33,1.4814860601221125
930,binding,40,23,1.6382721639824072
931,cv,40,10,2.0
932,exhibited,40,32,1.494850021680094
933,gaps,40,35,1.4559319556497243
934,help,40,36,1.4436974992327127
935,individualized,40,37,1.431798275933005
936,maintenance,40,29,1.537602002101044
937,optimal,40,33,1.4814860601221125
938,predominantly,40,35,1.4559319556497243
939,screening,40,31,1.5086383061657274
940,sema,40,9,2.0457574905606752
941,sglt2is,40,15,1.8239087409443189
942,shared,40,35,1.4559319556497243
943,systems,40,37,1.431798275933005
944,though,40,38,1.4202164033831899
945,trajectories,40,25,1.6020599913279623
946,triple,40,23,1.6382721639824072
947,validated,40,36,1.4436974992327127
948,4i,39,11,1.9586073148417749
949,66,39,37,1.431798275933005
950,completed,39,33,1.4814860601221125
951,considerations,39,31,1.5086383061657274
952,contrast,39,37,1.431798275933005
953,ejection,39,32,1.494850021680094
954,end,39,35,1.4559319556497243
955,exenatide,39,25,1.6020599913279623
956,experimental,39,35,1.4559319556497243
957,hypoglycaemia,39,21,1.6777807052660807
958,meal,39,21,1.6777807052660807
959,microbiome,39,22,1.6575773191777938
960,naion,39,9,2.0457574905606752
961,pd,39,9,2.0457574905606752
962,precision,39,37,1.431798275933005
963,products,39,20,1.6989700043360187
964,rapid,39,35,1.4559319556497243
965,six,39,35,1.4559319556497243
966,acting,38,29,1.537602002101044
967,beneficial,38,34,1.4685210829577449
968,children,38,12,1.9208187539523751
969,circulating,38,23,1.6382721639824072
970,ckm,38,13,1.8860566476931633
971,continued,38,30,1.5228787452803376
972,coronary,38,20,1.6989700043360187
973,double,38,35,1.4559319556497243
974,essential,38,37,1.431798275933005
975,feeding,38,18,1.744727494896694
976,furthermore,38,36,1.4436974992327127
977,fusion,38,12,1.9208187539523751
978,history,38,26,1.585026652029182
979,incompletely,38,37,1.431798275933005
980,many,38,35,1.4559319556497243
981,mbs,38,10,2.0
982,mechanistically,38,36,1.4436974992327127
983,mmol,38,19,1.721246399047171
984,multidisciplinary,38,35,1.4559319556497243
985,neuropathy,38,21,1.6777807052660807
986,organ,38,25,1.6020599913279623
987,plus,38,26,1.585026652029182
988,procedures,38,28,1.5528419686577808
989,propose,38,37,1.431798275933005
990,reward,38,23,1.6382721639824072
991,sectional,38,35,1.4559319556497243
992,site,38,25,1.6020599913279623
993,stability,38,29,1.537602002101044
994,testing,38,33,1.4814860601221125
995,u,38,31,1.5086383061657274
996,visceral,38,23,1.6382721639824072
997,000,37,24,1.6197887582883939
998,38,37,34,1.4685210829577449
999,51,37,33,1.4814860601221125
1000,86,37,36,1.4436974992327127
1001,behavioral,37,26,1.585026652029182
1002,broader,37,34,1.4685210829577449
1003,candidate,37,31,1.5086383061657274
1004,capacity,37,30,1.5228787452803376
1005,commonly,37,35,1.4559319556497243
1006,comparing,37,36,1.4436974992327127
1007,confounding,37,34,1.4685210829577449
1008,decrease,37,30,1.5228787452803376
1009,directly,37,33,1.4814860601221125
1010,experienced,37,32,1.494850021680094
1011,five,37,31,1.5086383061657274
1012,i2,37,14,1.853871964321762
1013,information,37,32,1.494850021680094
1014,interest,37,36,1.4436974992327127
1015,investigate,37,36,1.4436974992327127
1016,mixed,37,36,1.4436974992327127
1017,particular,37,36,1.4436974992327127
1018,public,37,32,1.494850021680094
1019,serious,37,34,1.4685210829577449
1020,accompanied,36,34,1.4685210829577449
1021,aims,36,35,1.4559319556497243
1022,attention,36,35,1.4559319556497243
1023,biology,36,31,1.5086383061657274
1024,cases,36,28,1.5528419686577808
1025,date,36,32,1.494850021680094
1026,diagnosed,36,30,1.5228787452803376
1027,dkd,36,10,2.0
1028,explore,36,35,1.4559319556497243
1029,formulations,36,26,1.585026652029182
1030,generation,36,28,1.5528419686577808
1031,implementation,36,31,1.5086383061657274
1032,longer,36,35,1.4559319556497243
1033,managing,36,34,1.4685210829577449
1034,modulating,36,34,1.4685210829577449
1035,now,36,35,1.4559319556497243
1036,poorly,36,35,1.4559319556497243
1037,relevance,36,35,1.4559319556497243
1038,subsequent,36,33,1.4814860601221125
1039,substantially,36,34,1.4685210829577449
1040,suggested,36,31,1.5086383061657274
1041,transformed,36,36,1.4436974992327127
1042,urinary,36,23,1.6382721639824072
1043,03,35,32,1.494850021680094
1044,aes,35,14,1.853871964321762
1045,applied,35,33,1.4814860601221125
1046,appropriate,35,33,1.4814860601221125
1047,barriers,35,25,1.6020599913279623
1048,calculated,35,35,1.4559319556497243
1049,claims,35,32,1.494850021680094
1050,exert,35,33,1.4814860601221125
1051,hazards,35,29,1.537602002101044
1052,hrs,35,27,1.5686362358410126
1053,ischemic,35,22,1.6575773191777938
1054,knowledge,35,27,1.5686362358410126
1055,label,35,28,1.5528419686577808
1056,led,35,29,1.537602002101044
1057,linking,35,34,1.4685210829577449
1058,nutrition,35,26,1.585026652029182
1059,old,35,34,1.4685210829577449
1060,options,35,34,1.4685210829577449
1061,peptides,35,21,1.6777807052660807
1062,point,35,24,1.6197887582883939
1063,prevalent,35,35,1.4559319556497243
1064,promote,35,34,1.4685210829577449
1065,reproductive,35,18,1.744727494896694
1066,supplementation,35,21,1.6777807052660807
1067,systematically,35,35,1.4559319556497243
1068,thereby,35,32,1.494850021680094
1069,understood,35,35,1.4559319556497243
1070,visits,35,20,1.6989700043360187
1071,warranted,35,33,1.4814860601221125
1072,white,35,22,1.6575773191777938
1073,93,34,31,1.5086383061657274
1074,adiposity,34,29,1.537602002101044
1075,adjunct,34,27,1.5686362358410126
1076,antagonists,34,30,1.5228787452803376
1077,barrier,34,25,1.6020599913279623
1078,basal,34,25,1.6020599913279623
1079,center,34,27,1.5686362358410126
1080,cis,34,33,1.4814860601221125
1081,clinicians,34,29,1.537602002101044
1082,condition,34,30,1.5228787452803376
1083,conventional,34,27,1.5686362358410126
1084,dosing,34,26,1.585026652029182
1085,engagement,34,21,1.6777807052660807
1086,excluded,34,33,1.4814860601221125
1087,exendin,34,19,1.721246399047171
1088,focused,34,34,1.4685210829577449
1089,notably,34,34,1.4685210829577449
1090,number,34,33,1.4814860601221125
1091,persistence,34,17,1.7695510786217261
1092,practical,34,34,1.4685210829577449
1093,providing,34,32,1.494850021680094
1094,side,34,30,1.5228787452803376
1095,strength,34,23,1.6382721639824072
1096,06,33,26,1.585026652029182
1097,2021,33,29,1.537602002101044
1098,administered,33,30,1.5228787452803376
1099,aim,33,33,1.4814860601221125
1100,altered,33,32,1.494850021680094
1101,alzheimer,33,18,1.744727494896694
1102,area,33,28,1.5528419686577808
1103,chinese,33,22,1.6575773191777938
1104,continuous,33,32,1.494850021680094
1105,costs,33,17,1.7695510786217261
1106,counseling,33,21,1.6777807052660807
1107,dm,33,10,2.0
1108,focus,33,33,1.4814860601221125
1109,frequent,33,31,1.5086383061657274
1110,growth,33,26,1.585026652029182
1111,guided,33,30,1.5228787452803376
1112,hemoglobin,33,32,1.494850021680094
1113,hyperglycemia,33,23,1.6382721639824072
1114,insights,33,32,1.494850021680094
1115,insurance,33,22,1.6575773191777938
1116,integrating,33,32,1.494850021680094
1117,landscape,33,28,1.5528419686577808
1118,metabolites,33,19,1.721246399047171
1119,next,33,24,1.6197887582883939
1120,previously,33,28,1.5528419686577808
1121,promoting,33,31,1.5086383061657274
1122,summarizes,33,32,1.494850021680094
1123,timing,33,26,1.585026652029182
1124,treat,33,32,1.494850021680094
1125,99,32,26,1.585026652029182
1126,achieving,32,24,1.6197887582883939
1127,acids,32,24,1.6197887582883939
1128,better,32,31,1.5086383061657274
1129,camp,32,20,1.6989700043360187
1130,collectively,32,32,1.494850021680094
1131,complication,32,31,1.5086383061657274
1132,confirm,32,32,1.494850021680094
1133,coverage,32,16,1.7958800173440752
1134,documented,32,22,1.6575773191777938
1135,enrolled,32,28,1.5528419686577808
1136,faers,32,13,1.8860566476931633
1137,fibrillation,32,22,1.6575773191777938
1138,frequency,32,26,1.585026652029182
1139,guide,32,32,1.494850021680094
1140,hs,32,8,2.0969100130080562
1141,infection,32,23,1.6382721639824072
1142,intolerance,32,19,1.721246399047171
1143,larger,32,31,1.5086383061657274
1144,living,32,23,1.6382721639824072
1145,men,32,17,1.7695510786217261
1146,normal,32,21,1.6777807052660807
1147,pathophysiology,32,29,1.537602002101044
1148,percent,32,24,1.6197887582883939
1149,pharmacotherapies,32,24,1.6197887582883939
1150,pmos,32,6,2.221848749616356
1151,prespecified,32,27,1.5686362358410126
1152,recurrence,32,14,1.853871964321762
1153,regain,32,19,1.721246399047171
1154,resulting,32,31,1.5086383061657274
1155,shift,32,32,1.494850021680094
1156,specifically,32,31,1.5086383061657274
1157,steatohepatitis,32,26,1.585026652029182
1158,78,31,28,1.5528419686577808
1159,addressing,31,30,1.5228787452803376
1160,adjustment,31,24,1.6197887582883939
1161,along,31,26,1.585026652029182
1162,best,31,20,1.6989700043360187
1163,conclusions,31,27,1.5686362358410126
1164,containing,31,23,1.6382721639824072
1165,dialysis,31,12,1.9208187539523751
1166,enhance,31,28,1.5528419686577808
1167,fixed,31,22,1.6575773191777938
1168,flow,31,23,1.6382721639824072
1169,general,31,29,1.537602002101044
1170,glomerular,31,27,1.5686362358410126
1171,guidance,31,24,1.6197887582883939
1172,infarction,31,26,1.585026652029182
1173,initial,31,29,1.537602002101044
1174,mental,31,20,1.6989700043360187
1175,mouse,31,24,1.6197887582883939
1176,noise,31,7,2.154901959985743
1177,ongoing,31,26,1.585026652029182
1178,predicted,31,22,1.6575773191777938
1179,recently,31,29,1.537602002101044
1180,reference,31,21,1.6777807052660807
1181,registered,31,29,1.537602002101044
1182,series,31,17,1.7695510786217261
1183,supported,31,28,1.5528419686577808
1184,t,31,22,1.6575773191777938
1185,therapeutics,31,26,1.585026652029182
1186,article,30,30,1.5228787452803376
1187,atherosclerotic,30,24,1.6197887582883939
1188,behaviors,30,21,1.6777807052660807
1189,bile,30,18,1.744727494896694
1190,bioavailability,30,19,1.721246399047171
1191,challenge,30,29,1.537602002101044
1192,circumference,30,22,1.6575773191777938
1193,collaborative,30,30,1.5228787452803376
1194,complete,30,26,1.585026652029182
1195,define,30,29,1.537602002101044
1196,diverse,30,30,1.5228787452803376
1197,emergency,30,24,1.6197887582883939
1198,especially,30,29,1.537602002101044
1199,fewer,30,26,1.585026652029182
1200,greatest,30,27,1.5686362358410126
1201,guideline,30,21,1.6777807052660807
1202,iii,30,27,1.5686362358410126
1203,inception,30,30,1.5228787452803376
1204,indicating,30,29,1.537602002101044
1205,isolated,30,20,1.6989700043360187
1206,joint,30,17,1.7695510786217261
1207,mild,30,25,1.6020599913279623
1208,oa,30,6,2.221848749616356
1209,online,30,21,1.6777807052660807
1210,performance,30,21,1.6777807052660807
1211,pharmacologic,30,27,1.5686362358410126
1212,possible,30,29,1.537602002101044
1213,program,30,22,1.6575773191777938
1214,prospero,30,30,1.5228787452803376
1215,rare,30,28,1.5528419686577808
1216,requires,30,28,1.5528419686577808
1217,reviewed,30,28,1.5528419686577808
1218,screened,30,28,1.5528419686577808
1219,steatosis,30,22,1.6575773191777938
1220,suicide,30,7,2.154901959985743
1221,synthesizes,30,30,1.5228787452803376
1222,traditional,30,26,1.585026652029182
1223,triglycerides,30,22,1.6575773191777938
1224,unique,30,26,1.585026652029182
1225,various,30,29,1.537602002101044
1226,vitamin,30,15,1.8239087409443189
1227,2020,29,27,1.5686362358410126
1228,actions,29,27,1.5686362358410126
1229,articles,29,19,1.721246399047171
1230,aspiration,29,12,1.9208187539523751
1231,basis,29,26,1.585026652029182
1232,behavior,29,20,1.6989700043360187
1233,broad,29,24,1.6197887582883939
1234,causality,29,26,1.585026652029182
1235,decision,29,25,1.6020599913279623
1236,demonstrating,29,28,1.5528419686577808
1237,experience,29,27,1.5686362358410126
1238,full,29,20,1.6989700043360187
1239,ghrelin,29,13,1.8860566476931633
1240,ii,29,24,1.6197887582883939
1241,integration,29,27,1.5686362358410126
1242,inverse,29,25,1.6020599913279623
1243,line,29,24,1.6197887582883939
1244,making,29,27,1.5686362358410126
1245,nausea,29,27,1.5686362358410126
1246,pathological,29,23,1.6382721639824072
1247,prisma,29,27,1.5686362358410126
1248,product,29,19,1.721246399047171
1249,proposed,29,26,1.585026652029182
1250,randomly,29,18,1.744727494896694
1251,rapidly,29,29,1.537602002101044
1252,receive,29,25,1.6020599913279623
1253,spectrum,29,24,1.6197887582883939
1254,terms,29,25,1.6020599913279623
1255,thyroid,29,17,1.7695510786217261
1256,transplant,29,13,1.8860566476931633
1257,transporter,29,25,1.6020599913279623
1258,variable,29,26,1.585026652029182
1259,a1c,28,24,1.6197887582883939
1260,airway,28,14,1.853871964321762
1261,angiotensin,28,27,1.5686362358410126
1262,antipsychotic,28,9,2.0457574905606752
1263,become,28,28,1.5528419686577808
1264,chain,28,24,1.6197887582883939
1265,compounds,28,16,1.7958800173440752
1266,contemporary,28,24,1.6197887582883939
1267,content,28,19,1.721246399047171
1268,databases,28,26,1.585026652029182
1269,diagnostic,28,23,1.6382721639824072
1270,directed,28,25,1.6020599913279623
1271,dynamics,28,24,1.6197887582883939
1272,dysregulation,28,26,1.585026652029182
1273,excess,28,26,1.585026652029182
1274,family,28,21,1.6777807052660807
1275,glp1r,28,13,1.8860566476931633
1276,hospital,28,24,1.6197887582883939
1277,indicate,28,28,1.5528419686577808
1278,indicated,28,28,1.5528419686577808
1279,logistic,28,27,1.5686362358410126
1280,neuroprotective,28,20,1.6989700043360187
1281,offers,28,28,1.5528419686577808
1282,pairs,28,20,1.6989700043360187
1283,phenotypes,28,25,1.6020599913279623
1284,poor,28,28,1.5528419686577808
1285,progressive,28,27,1.5686362358410126
1286,provided,28,27,1.5686362358410126
1287,pyy,28,15,1.8239087409443189
1288,recommend,28,12,1.9208187539523751
1289,revision,28,14,1.853871964321762
1290,rgc,28,4,2.3979400086720375
1291,roles,28,23,1.6382721639824072
1292,ror,28,9,2.0457574905606752
1293,signal,28,22,1.6575773191777938
1294,significance,28,26,1.585026652029182
1295,treating,28,23,1.6382721639824072
1296,unknown,28,28,1.5528419686577808
1297,waist,28,21,1.6777807052660807
1298,work,28,25,1.6020599913279623
1299,worldwide,28,27,1.5686362358410126
1300,y,28,25,1.6020599913279623
1301,09,27,22,1.6575773191777938
1302,agent,27,24,1.6197887582883939
1303,amino,27,19,1.721246399047171
1304,ampk,27,22,1.6575773191777938
1305,anxiety,27,15,1.8239087409443189
1306,blind,27,27,1.5686362358410126
1307,ca2,27,7,2.154901959985743
1308,cardio,27,18,1.744727494896694
1309,concentration,27,22,1.6575773191777938
1310,evolving,27,26,1.585026652029182
1311,extend,27,26,1.585026652029182
1312,extracted,27,27,1.5686362358410126
1313,features,27,26,1.585026652029182
1314,fold,27,22,1.6575773191777938
1315,hair,27,5,2.3010299956639813
1316,incremental,27,19,1.721246399047171
1317,indications,27,27,1.5686362358410126
1318,informed,27,24,1.6197887582883939
1319,initiators,27,14,1.853871964321762
1320,injection,27,14,1.853871964321762
1321,integrity,27,23,1.6382721639824072
1322,involved,27,27,1.5686362358410126
1323,kaplan,27,22,1.6575773191777938
1324,linear,27,26,1.585026652029182
1325,meier,27,22,1.6575773191777938
1326,million,27,20,1.6989700043360187
1327,modifying,27,24,1.6197887582883939
1328,molecule,27,19,1.721246399047171
1329,m²,27,18,1.744727494896694
1330,neural,27,19,1.721246399047171
1331,neuropsychiatric,27,12,1.9208187539523751
1332,nlrp3,27,20,1.6989700043360187
1333,nutrient,27,22,1.6575773191777938
1334,objective,27,27,1.5686362358410126
1335,optic,27,14,1.853871964321762
1336,physicians,27,13,1.8860566476931633
1337,prediabetes,27,12,1.9208187539523751
1338,psychological,27,14,1.853871964321762
1339,questions,27,26,1.585026652029182
1340,sample,27,26,1.585026652029182
1341,second,27,24,1.6197887582883939
1342,selective,27,24,1.6197887582883939
1343,setting,27,25,1.6020599913279623
1344,social,27,22,1.6575773191777938
1345,statistical,27,24,1.6197887582883939
1346,withdrawal,27,16,1.7958800173440752
1347,acdf,26,5,2.3010299956639813
1348,adjunctive,26,21,1.6777807052660807
1349,assigned,26,16,1.7958800173440752
1350,cannot,26,26,1.585026652029182
1351,dedicated,26,23,1.6382721639824072
1352,delayed,26,22,1.6575773191777938
1353,disparities,26,10,2.0
1354,downstream,26,23,1.6382721639824072
1355,endogenous,26,19,1.721246399047171
1356,field,26,20,1.6989700043360187
1357,filtration,26,24,1.6197887582883939
1358,fmt,26,6,2.221848749616356
1359,fully,26,25,1.6020599913279623
1360,hhf,26,6,2.221848749616356
1361,highest,26,23,1.6382721639824072
1362,imaging,26,23,1.6382721639824072
1363,indicates,26,23,1.6382721639824072
1364,islets,26,13,1.8860566476931633
1365,library,26,25,1.6020599913279623
1366,mainly,26,25,1.6020599913279623
1367,marked,26,25,1.6020599913279623
1368,obstructive,26,25,1.6020599913279623
1369,operative,26,9,2.0457574905606752
1370,platform,26,20,1.6989700043360187
1371,procedure,26,18,1.744727494896694
1372,promise,26,25,1.6020599913279623
1373,rationale,26,24,1.6197887582883939
1374,record,26,24,1.6197887582883939
1375,repair,26,16,1.7958800173440752
1376,requirements,26,21,1.6777807052660807
1377,respiratory,26,19,1.721246399047171
1378,safe,26,25,1.6020599913279623
1379,select,26,14,1.853871964321762
1380,taking,26,19,1.721246399047171
1381,utility,26,22,1.6575773191777938
1382,water,26,12,1.9208187539523751
1383,achieve,25,25,1.6020599913279623
1384,activated,25,20,1.6989700043360187
1385,akt,25,17,1.7695510786217261
1386,albuminuria,25,17,1.7695510786217261
1387,analysed,25,22,1.6575773191777938
1388,aud,25,6,2.221848749616356
1389,carcinoma,25,21,1.6777807052660807
1390,characterize,25,24,1.6197887582883939
1391,china,25,12,1.9208187539523751
1392,clarify,25,24,1.6197887582883939
1393,collected,25,24,1.6197887582883939
1394,combining,25,22,1.6575773191777938
1395,contributes,25,24,1.6197887582883939
1396,cp,25,4,2.3979400086720375
1397,deficiency,25,15,1.8239087409443189
1398,demographic,25,21,1.6777807052660807
1399,eight,25,24,1.6197887582883939
1400,eligibility,25,17,1.7695510786217261
1401,escalation,25,19,1.721246399047171
1402,expanding,25,24,1.6197887582883939
1403,formulation,25,17,1.7695510786217261
1404,functions,25,23,1.6382721639824072
1405,gap,25,24,1.6197887582883939
1406,head,25,11,1.9586073148417749
1407,hoc,25,17,1.7695510786217261
1408,inclusion,25,24,1.6197887582883939
1409,injectable,25,17,1.7695510786217261
1410,insufficient,25,25,1.6020599913279623
1411,lack,25,24,1.6197887582883939
1412,ldl,25,17,1.7695510786217261
1413,markedly,25,25,1.6020599913279623
1414,mediation,25,17,1.7695510786217261
1415,medicare,25,14,1.853871964321762
1416,modern,25,16,1.7958800173440752
1417,negative,25,23,1.6382721639824072
1418,optimization,25,22,1.6575773191777938
1419,preliminary,25,24,1.6197887582883939
1420,prescriptions,25,17,1.7695510786217261
1421,presence,25,19,1.721246399047171
1422,probability,25,23,1.6382721639824072
1423,recovery,25,18,1.744727494896694
1424,rygb,25,9,2.0457574905606752
1425,settings,25,21,1.6777807052660807
1426,sg,25,8,2.0969100130080562
1427,superior,25,24,1.6197887582883939
1428,thus,25,24,1.6197887582883939
1429,trend,25,25,1.6020599913279623
1430,tumor,25,14,1.853871964321762
1431,120,24,15,1.8239087409443189
1432,affects,24,24,1.6197887582883939
1433,alterations,24,18,1.744727494896694
1434,animal,24,20,1.6989700043360187
1435,application,24,23,1.6382721639824072
1436,approval,24,21,1.6777807052660807
1437,ascvd,24,9,2.0457574905606752
1438,asian,24,14,1.853871964321762
1439,balanced,24,23,1.6382721639824072
1440,candidates,24,21,1.6777807052660807
1441,covariates,24,22,1.6575773191777938
1442,critically,24,24,1.6197887582883939
1443,db,24,6,2.221848749616356
1444,emphasis,24,24,1.6197887582883939
1445,epithelial,24,15,1.8239087409443189
1446,esge,24,1,3.0
1447,focusing,24,24,1.6197887582883939
1448,ibd,24,4,2.3979400086720375
1449,inform,24,21,1.6777807052660807
1450,males,24,17,1.7695510786217261
1451,mechanical,24,12,1.9208187539523751
1452,memory,24,11,1.9586073148417749
1453,mineralocorticoid,24,24,1.6197887582883939
1454,modulators,24,22,1.6575773191777938
1455,neuroinflammation,24,17,1.7695510786217261
1456,newly,24,18,1.744727494896694
1457,pharmacology,24,22,1.6575773191777938
1458,pharmacovigilance,24,18,1.744727494896694
1459,pr,24,2,2.6989700043360187
1460,presented,24,23,1.6382721639824072
1461,preserving,24,23,1.6382721639824072
1462,pro,24,21,1.6777807052660807
1463,reduces,24,23,1.6382721639824072
1464,reflect,24,23,1.6382721639824072
1465,regulating,24,23,1.6382721639824072
1466,remission,24,12,1.9208187539523751
1467,sarcopenia,24,15,1.8239087409443189
1468,serve,24,23,1.6382721639824072
1469,subsequently,24,24,1.6197887582883939
1470,substance,24,15,1.8239087409443189
1471,uptake,24,15,1.8239087409443189
1472,user,24,23,1.6382721639824072
1473,ventricular,24,13,1.8860566476931633
1474,vomiting,24,22,1.6575773191777938
1475,worsening,24,15,1.8239087409443189
1476,wound,24,16,1.7958800173440752
1477,affect,23,23,1.6382721639824072
1478,analogs,23,13,1.8860566476931633
1479,apnea,23,19,1.721246399047171
1480,artery,23,15,1.8239087409443189
1481,assessments,23,20,1.6989700043360187
1482,carbohydrate,23,9,2.0457574905606752
1483,cessation,23,13,1.8860566476931633
1484,challenging,23,23,1.6382721639824072
1485,comprising,23,23,1.6382721639824072
1486,conclusion,23,23,1.6382721639824072
1487,consensus,23,15,1.8239087409443189
1488,consequences,23,19,1.721246399047171
1489,curve,23,20,1.6989700043360187
1490,de,23,16,1.7958800173440752
1491,designed,23,23,1.6382721639824072
1492,detection,23,12,1.9208187539523751
1493,digital,23,10,2.0
1494,docking,23,15,1.8239087409443189
1495,ecnoglutide,23,4,2.3979400086720375
1496,esgena,23,1,3.0
1497,evaluates,23,23,1.6382721639824072
1498,females,23,16,1.7958800173440752
1499,finally,23,22,1.6575773191777938
1500,foods,23,16,1.7958800173440752
1501,gdm,23,2,2.6989700043360187
1502,generated,23,22,1.6575773191777938
1503,glycated,23,23,1.6382721639824072
1504,indication,23,18,1.744727494896694
1505,induce,23,23,1.6382721639824072
1506,laboratory,23,21,1.6777807052660807
1507,link,23,21,1.6777807052660807
1508,lipoprotein,23,12,1.9208187539523751
1509,method,23,18,1.744727494896694
1510,modulate,23,23,1.6382721639824072
1511,nt,23,8,2.0969100130080562
1512,open,23,22,1.6575773191777938
1513,option,23,22,1.6575773191777938
1514,pathophysiological,23,22,1.6575773191777938
1515,predictors,23,18,1.744727494896694
1516,pregnancy,23,11,1.9586073148417749
1517,prolonged,23,18,1.744727494896694
1518,pseudarthrosis,23,7,2.154901959985743
1519,r,23,15,1.8239087409443189
1520,reactive,23,22,1.6575773191777938
1521,recommendation,23,4,2.3979400086720375
1522,requiring,23,22,1.6575773191777938
1523,resulted,23,23,1.6382721639824072
1524,satiety,23,14,1.853871964321762
1525,sedation,23,6,2.221848749616356
1526,structure,23,18,1.744727494896694
1527,survodutide,23,5,2.3010299956639813
1528,temporal,23,22,1.6575773191777938
1529,transcriptional,23,17,1.7695510786217261
1530,translation,23,20,1.6989700043360187
1531,07,22,20,1.6989700043360187
1532,2019,22,14,1.853871964321762
1533,2i,22,8,2.0969100130080562
1534,bodyweight,22,7,2.154901959985743
1535,conceptual,22,19,1.721246399047171
1536,concomitant,22,21,1.6777807052660807
1537,decisions,22,19,1.721246399047171
1538,demonstrates,22,22,1.6575773191777938
1539,density,22,19,1.721246399047171
1540,department,22,17,1.7695510786217261
1541,descriptive,22,19,1.721246399047171
1542,detected,22,19,1.721246399047171
1543,discontinued,22,17,1.7695510786217261
1544,discovery,22,16,1.7958800173440752
1545,distribution,22,19,1.721246399047171
1546,disturbances,22,20,1.6989700043360187
1547,driver,22,22,1.6575773191777938
1548,dyslipidemia,22,21,1.6777807052660807
1549,employed,22,21,1.6777807052660807
1550,enhancing,22,20,1.6989700043360187
1551,even,22,21,1.6777807052660807
1552,examining,22,21,1.6777807052660807
1553,expenditure,22,16,1.7958800173440752
1554,finerenone,22,11,1.9586073148417749
1555,gcgr,22,6,2.221848749616356
1556,genes,22,16,1.7958800173440752
1557,gi,22,10,2.0
1558,half,22,18,1.744727494896694
1559,homa,22,12,1.9208187539523751
1560,identifying,22,21,1.6777807052660807
1561,intensification,22,10,2.0
1562,iqr,22,10,2.0
1563,ir,22,13,1.8860566476931633
1564,language,22,17,1.7695510786217261
1565,largest,22,18,1.744727494896694
1566,lead,22,19,1.721246399047171
1567,lung,22,9,2.0457574905606752
1568,manner,22,20,1.6989700043360187
1569,march,22,22,1.6575773191777938
1570,medicines,22,10,2.0
1571,mm,22,12,1.9208187539523751
1572,moreover,22,20,1.6989700043360187
1573,musculoskeletal,22,15,1.8239087409443189
1574,neurons,22,10,2.0
1575,pathology,22,18,1.744727494896694
1576,perspective,22,21,1.6777807052660807
1577,pharmacokinetic,22,16,1.7958800173440752
1578,pharmacokinetics,22,17,1.7695510786217261
1579,potent,22,22,1.6575773191777938
1580,processes,22,20,1.6989700043360187
1581,qaly,22,6,2.221848749616356
1582,reactions,22,9,2.0457574905606752
1583,restricted,22,19,1.721246399047171
1584,senescence,22,10,2.0
1585,set,22,15,1.8239087409443189
1586,studied,22,22,1.6575773191777938
1587,suppressed,22,20,1.6989700043360187
1588,synthesized,22,21,1.6777807052660807
1589,systolic,22,17,1.7695510786217261
1590,tested,22,21,1.6777807052660807
1591,thresholds,22,16,1.7958800173440752
1592,tzp,22,3,2.5228787452803374
1593,western,22,19,1.721246399047171
1594,1s,21,6,2.221848749616356
1595,abnormalities,21,18,1.744727494896694
1596,add,21,16,1.7958800173440752
1597,adequate,21,20,1.6989700043360187
1598,affected,21,20,1.6989700043360187
1599,base,21,19,1.721246399047171
1600,classification,21,15,1.8239087409443189
1601,classified,21,18,1.744727494896694
1602,component,21,20,1.6989700043360187
1603,contributing,21,21,1.6777807052660807
1604,crosstalk,21,17,1.7695510786217261
1605,cumulative,21,19,1.721246399047171
1606,damage,21,18,1.744727494896694
1607,degradation,21,18,1.744727494896694
1608,demographics,21,21,1.6777807052660807
1609,determinants,21,18,1.744727494896694
1610,ea,21,2,2.6989700043360187
1611,education,21,18,1.744727494896694
1612,enteroendocrine,21,15,1.8239087409443189
1613,exposed,21,16,1.7958800173440752
1614,fed,21,14,1.853871964321762
1615,ferroptosis,21,7,2.154901959985743
1616,final,21,19,1.721246399047171
1617,improves,21,21,1.6777807052660807
1618,inconsistent,21,21,1.6777807052660807
1619,integrates,21,20,1.6989700043360187
1620,interpretation,21,19,1.721246399047171
1621,investigations,21,19,1.721246399047171
1622,kinase,21,17,1.7695510786217261
1623,knee,21,12,1.9208187539523751
1624,make,21,12,1.9208187539523751
1625,media,21,14,1.853871964321762
1626,mi,21,5,2.3010299956639813
1627,micronutrient,21,10,2.0
1628,newer,21,20,1.6989700043360187
1629,optimize,21,20,1.6989700043360187
1630,parallel,21,21,1.6777807052660807
1631,peak,21,16,1.7958800173440752
1632,ph,21,5,2.3010299956639813
1633,predictive,21,12,1.9208187539523751
1634,process,21,20,1.6989700043360187
1635,pwh,21,5,2.3010299956639813
1636,smd,21,7,2.154901959985743
1637,stigma,21,12,1.9208187539523751
1638,summarize,21,21,1.6777807052660807
1639,suppressing,21,21,1.6777807052660807
1640,tool,21,21,1.6777807052660807
1641,tools,21,21,1.6777807052660807
1642,training,21,13,1.8860566476931633
1643,trajectory,21,17,1.7695510786217261
1644,values,21,20,1.6989700043360187
1645,visual,21,8,2.0969100130080562
1646,08,20,18,1.744727494896694
1647,200,20,10,2.0
1648,2018,20,17,1.7695510786217261
1649,abca1,20,3,2.5228787452803374
1650,abundance,20,17,1.7695510786217261
1651,assessing,20,19,1.721246399047171
1652,average,20,17,1.7695510786217261
1653,beneficiaries,20,5,2.3010299956639813
1654,centered,20,19,1.721246399047171
1655,codes,20,17,1.7695510786217261
1656,components,20,18,1.744727494896694
1657,corresponding,20,19,1.721246399047171
1658,coupled,20,18,1.744727494896694
1659,crp,20,9,2.0457574905606752
1660,describe,20,20,1.6989700043360187
1661,device,20,15,1.8239087409443189
1662,diastolic,20,14,1.853871964321762
1663,differentiation,20,13,1.8860566476931633
1664,discussed,20,18,1.744727494896694
1665,domains,20,17,1.7695510786217261
1666,dpn,20,3,2.5228787452803374
1667,drive,20,20,1.6989700043360187
1668,durable,20,18,1.744727494896694
1669,endoscopy,20,6,2.221848749616356
1670,epigenetic,20,13,1.8860566476931633
1671,fi,20,2,2.6989700043360187
1672,hip,20,13,1.8860566476931633
1673,ibs,20,2,2.6989700043360187
1674,july,20,19,1.721246399047171
1675,lps,20,11,1.9586073148417749
1676,metrics,20,13,1.8860566476931633
1677,modified,20,13,1.8860566476931633
1678,neurodegenerative,20,14,1.853871964321762
1679,occurring,20,19,1.721246399047171
1680,osteoarthritis,20,17,1.7695510786217261
1681,oud,20,6,2.221848749616356
1682,oxygen,20,13,1.8860566476931633
1683,paradigm,20,19,1.721246399047171
1684,part,20,17,1.7695510786217261
1685,partially,20,19,1.721246399047171
1686,prediction,20,14,1.853871964321762
1687,preservation,20,20,1.6989700043360187
1688,processing,20,14,1.853871964321762
1689,producing,20,20,1.6989700043360187
1690,quantitative,20,19,1.721246399047171
1691,raised,20,20,1.6989700043360187
1692,rd,20,8,2.0969100130080562
1693,recurrent,20,18,1.744727494896694
1694,regimen,20,12,1.9208187539523751
1695,relatively,20,20,1.6989700043360187
1696,renin,20,20,1.6989700043360187
1697,sensing,20,14,1.853871964321762
1698,size,20,20,1.6989700043360187
1699,stimulated,20,15,1.8239087409443189
1700,stimulation,20,13,1.8860566476931633
1701,symptom,20,14,1.853871964321762
1702,thiazolidinediones,20,14,1.853871964321762
1703,tissues,20,15,1.8239087409443189
1704,tubular,20,7,2.154901959985743
1705,upper,20,13,1.8860566476931633
1706,variability,20,18,1.744727494896694
1707,variables,20,16,1.7958800173440752
1708,yielded,20,20,1.6989700043360187
1709,aesthetic,19,6,2.221848749616356
1710,affecting,19,19,1.721246399047171
1711,alpha,19,7,2.154901959985743
1712,analytical,19,12,1.9208187539523751
1713,anterior,19,16,1.7958800173440752
1714,appears,19,18,1.744727494896694
1715,ba,19,3,2.5228787452803374
1716,calcium,19,18,1.744727494896694
1717,cerebrovascular,19,13,1.8860566476931633
1718,clear,19,18,1.744727494896694
1719,cm,19,10,2.0
1720,communication,19,15,1.8239087409443189
1721,comparators,19,15,1.8239087409443189
1722,contribution,19,17,1.7695510786217261
1723,core,19,17,1.7695510786217261
1724,delay,19,17,1.7695510786217261
1725,domain,19,13,1.8860566476931633
1726,effectively,19,18,1.744727494896694
1727,emphasizing,19,19,1.721246399047171
1728,encompassing,19,19,1.721246399047171
1729,expected,19,17,1.7695510786217261
1730,explored,19,19,1.721246399047171
1731,expressed,19,13,1.8860566476931633
1732,favourable,19,18,1.744727494896694
1733,gastrectomy,19,14,1.853871964321762
1734,gene,19,17,1.7695510786217261
1735,hcc,19,8,2.0969100130080562
1736,hemodynamic,19,16,1.7958800173440752
1737,humans,19,15,1.8239087409443189
1738,hypothalamic,19,14,1.853871964321762
1739,icd,19,17,1.7695510786217261
1740,inhibitory,19,18,1.744727494896694
1741,learning,19,14,1.853871964321762
1742,leptin,19,14,1.853871964321762
1743,m,19,12,1.9208187539523751
1744,measurement,19,15,1.8239087409443189
1745,metabolomic,19,9,2.0457574905606752
1746,mitigate,19,18,1.744727494896694
1747,nearly,19,18,1.744727494896694
1748,obtained,19,18,1.744727494896694
1749,offering,19,19,1.721246399047171
1750,partial,19,16,1.7958800173440752
1751,pattern,19,18,1.744727494896694
1752,physiology,19,15,1.8239087409443189
1753,policy,19,16,1.7958800173440752
1754,preferred,19,18,1.744727494896694
1755,priorities,19,19,1.721246399047171
1756,protocol,19,17,1.7695510786217261
1757,publication,19,14,1.853871964321762
1758,retinopathy,19,9,2.0457574905606752
1759,smi,19,3,2.5228787452803374
1760,threshold,19,17,1.7695510786217261
1761,unchanged,19,18,1.744727494896694
1762,united,19,16,1.7958800173440752
1763,vary,19,18,1.744727494896694
1764,weighting,19,17,1.7695510786217261
1765,180,18,13,1.8860566476931633
1766,absence,18,18,1.744727494896694
1767,account,18,18,1.744727494896694
1768,act,18,17,1.7695510786217261
1769,additive,18,15,1.8239087409443189
1770,appeared,18,15,1.8239087409443189
1771,arm,18,14,1.853871964321762
1772,around,18,17,1.7695510786217261
1773,arthroplasty,18,15,1.8239087409443189
1774,august,18,18,1.744727494896694
1775,biliary,18,5,2.3010299956639813
1776,bowel,18,8,2.0969100130080562
1777,breast,18,9,2.0457574905606752
1778,cardioprotective,18,12,1.9208187539523751
1779,cervical,18,7,2.154901959985743
1780,compound,18,10,2.0
1781,confer,18,18,1.744727494896694
1782,confirmation,18,18,1.744727494896694
1783,convergence,18,16,1.7958800173440752
1784,creatinine,18,15,1.8239087409443189
1785,crossover,18,17,1.7695510786217261
1786,da,18,3,2.5228787452803374
1787,described,18,17,1.7695510786217261
1788,developing,18,17,1.7695510786217261
1789,endoscopic,18,13,1.8860566476931633
1790,er,18,6,2.221848749616356
1791,experiments,18,16,1.7958800173440752
1792,fecal,18,12,1.9208187539523751
1793,glargine,18,8,2.0969100130080562
1794,glp1ra,18,6,2.221848749616356
1795,hfd,18,5,2.3010299956639813
1796,hscrp,18,4,2.3979400086720375
1797,https,18,16,1.7958800173440752
1798,icosema,18,3,2.5228787452803374
1799,infusion,18,8,2.0969100130080562
1800,intensity,18,13,1.8860566476931633
1801,international,18,18,1.744727494896694
1802,main,18,18,1.744727494896694
1803,methodological,18,16,1.7958800173440752
1804,mrna,18,13,1.8860566476931633
1805,nvamd,18,1,3.0
1806,occur,18,18,1.744727494896694
1807,occurrence,18,15,1.8239087409443189
1808,october,18,15,1.8239087409443189
1809,outline,18,18,1.744727494896694
1810,ovary,18,14,1.853871964321762
1811,phenotyping,18,16,1.7958800173440752
1812,pk,18,8,2.0969100130080562
1813,pka,18,10,2.0
1814,play,18,18,1.744727494896694
1815,preventing,18,17,1.7695510786217261
1816,priority,18,14,1.853871964321762
1817,profiling,18,14,1.853871964321762
1818,programs,18,17,1.7695510786217261
1819,proteins,18,17,1.7695510786217261
1820,questionnaire,18,17,1.7695510786217261
1821,re,18,12,1.9208187539523751
1822,readmission,18,12,1.9208187539523751
1823,replacement,18,18,1.744727494896694
1824,resistant,18,11,1.9586073148417749
1825,resolution,18,14,1.853871964321762
1826,restriction,18,13,1.8860566476931633
1827,retention,18,15,1.8239087409443189
1828,rna,18,13,1.8860566476931633
1829,seven,18,18,1.744727494896694
1830,showing,18,18,1.744727494896694
1831,similarly,18,17,1.7695510786217261
1832,sirt1,18,11,1.9586073148417749
1833,sleeve,18,15,1.8239087409443189
1834,socioeconomic,18,11,1.9586073148417749
1835,synthesize,18,18,1.744727494896694
1836,tka,18,4,2.3979400086720375
1837,tnf,18,14,1.853871964321762
1838,transplantation,18,14,1.853871964321762
1839,twenty,18,18,1.744727494896694
1840,utilized,18,17,1.7695510786217261
1841,washout,18,12,1.9208187539523751
1842,κb,18,11,1.9586073148417749
1843,1a,17,6,2.221848749616356
1844,adenocarcinoma,17,5,2.3010299956639813
1845,ai,17,5,2.3010299956639813
1846,albumin,17,16,1.7958800173440752
1847,bioactive,17,12,1.9208187539523751
1848,cancers,17,11,1.9586073148417749
1849,causes,17,16,1.7958800173440752
1850,cirrhosis,17,14,1.853871964321762
1851,combine,17,5,2.3010299956639813
1852,depressive,17,9,2.0457574905606752
1853,dermatologic,17,9,2.0457574905606752
1854,dr,17,4,2.3979400086720375
1855,dysphagia,17,7,2.154901959985743
1856,economic,17,9,2.0457574905606752
1857,ed,17,8,2.0969100130080562
1858,empagliflozin,17,7,2.154901959985743
1859,equitable,17,14,1.853871964321762
1860,expert,17,12,1.9208187539523751
1861,extended,17,12,1.9208187539523751
1862,finding,17,17,1.7695510786217261
1863,hepatocellular,17,16,1.7958800173440752
1864,hiv,17,6,2.221848749616356
1865,hospitalisation,17,8,2.0969100130080562
1866,identifier,17,15,1.8239087409443189
1867,infections,17,12,1.9208187539523751
1868,interleukin,17,13,1.8860566476931633
1869,islet,17,9,2.0457574905606752
1870,labeled,17,2,2.6989700043360187
1871,lines,17,12,1.9208187539523751
1872,little,17,17,1.7695510786217261
1873,lost,17,13,1.8860566476931633
1874,macrophages,17,5,2.3010299956639813
1875,magnetic,17,16,1.7958800173440752
1876,magnitude,17,16,1.7958800173440752
1877,mazdutide,17,5,2.3010299956639813
1878,medicaid,17,6,2.221848749616356
1879,metabolite,17,14,1.853871964321762
1880,minimal,17,17,1.7695510786217261
1881,nf,17,11,1.9586073148417749
1882,nine,17,17,1.7695510786217261
1883,observations,17,14,1.853871964321762
1884,panel,17,10,2.0
1885,past,17,17,1.7695510786217261
1886,pathogenesis,17,17,1.7695510786217261
1887,periods,17,17,1.7695510786217261
1888,phosphorylation,17,14,1.853871964321762
1889,pi3k,17,12,1.9208187539523751
1890,pivotal,17,15,1.8239087409443189
1891,practices,17,12,1.9208187539523751
1892,progress,17,17,1.7695510786217261
1893,promotes,17,17,1.7695510786217261
1894,ranging,17,17,1.7695510786217261
1895,recognition,17,15,1.8239087409443189
1896,reflux,17,10,2.0
1897,regimens,17,12,1.9208187539523751
1898,regulate,17,17,1.7695510786217261
1899,relationships,17,16,1.7958800173440752
1900,resmetirom,17,11,1.9586073148417749
1901,responsiveness,17,11,1.9586073148417749
1902,reveal,17,17,1.7695510786217261
1903,reverse,17,13,1.8860566476931633
1904,samples,17,15,1.8239087409443189
1905,satisfaction,17,7,2.154901959985743
1906,sensitive,17,13,1.8860566476931633
1907,sequence,17,15,1.8239087409443189
1908,shows,17,17,1.7695510786217261
1909,species,17,15,1.8239087409443189
1910,stiffness,17,11,1.9586073148417749
1911,still,17,17,1.7695510786217261
1912,strongly,17,17,1.7695510786217261
1913,suicidality,17,9,2.0457574905606752
1914,uk,17,14,1.853871964321762
1915,venous,17,8,2.0969100130080562
1916,wide,17,13,1.8860566476931633
1917,yy,17,13,1.8860566476931633
1918,1000,16,9,2.0457574905606752
1919,2014,16,13,1.8860566476931633
1920,2016,16,15,1.8239087409443189
1921,aggregation,16,7,2.154901959985743
1922,alter,16,16,1.7958800173440752
1923,appear,16,16,1.7958800173440752
1924,areas,16,15,1.8239087409443189
1925,assays,16,14,1.853871964321762
1926,auc,16,10,2.0
1927,bidirectional,16,15,1.8239087409443189
1928,black,16,6,2.221848749616356
1929,characterised,16,15,1.8239087409443189
1930,cns,16,8,2.0969100130080562
1931,compounded,16,8,2.0969100130080562
1932,considering,16,16,1.7958800173440752
1933,conversely,16,15,1.8239087409443189
1934,correlated,16,11,1.9586073148417749
1935,craving,16,11,1.9586073148417749
1936,deficiencies,16,11,1.9586073148417749
1937,differential,16,15,1.8239087409443189
1938,disrupted,16,15,1.8239087409443189
1939,dpp4is,16,7,2.154901959985743
1940,english,16,15,1.8239087409443189
1941,ethical,16,7,2.154901959985743
1942,exhibit,16,15,1.8239087409443189
1943,february,16,15,1.8239087409443189
1944,fluid,16,9,2.0457574905606752
1945,haemoglobin,16,14,1.853871964321762
1946,harm,16,13,1.8860566476931633
1947,hdl,16,10,2.0
1948,hispanic,16,6,2.221848749616356
1949,identification,16,14,1.853871964321762
1950,immunometabolic,16,12,1.9208187539523751
1951,implicated,16,15,1.8239087409443189
1952,importantly,16,16,1.7958800173440752
1953,invasive,16,14,1.853871964321762
1954,japan,16,6,2.221848749616356
1955,links,16,16,1.7958800173440752
1956,measurements,16,16,1.7958800173440752
1957,nad,16,7,2.154901959985743
1958,nervous,16,16,1.7958800173440752
1959,neurological,16,12,1.9208187539523751
1960,neuronal,16,12,1.9208187539523751
1961,ocular,16,7,2.154901959985743
1962,osteoporosis,16,7,2.154901959985743
1963,pancreas,16,10,2.0
1964,participant,16,10,2.0
1965,persisted,16,14,1.853871964321762
1966,person,16,12,1.9208187539523751
1967,personalized,16,15,1.8239087409443189
1968,pharmaceuticals,16,8,2.0969100130080562
1969,pharmacy,16,6,2.221848749616356
1970,phentermine,16,9,2.0457574905606752
1971,pioglitazone,16,9,2.0457574905606752
1972,polycystic,16,13,1.8860566476931633
1973,polysaccharides,16,7,2.154901959985743
1974,presents,16,14,1.853871964321762
1975,previous,16,15,1.8239087409443189
1976,probnp,16,7,2.154901959985743
1977,produce,16,15,1.8239087409443189
1978,rat,16,8,2.0969100130080562
1979,repeated,16,16,1.7958800173440752
1980,repurposed,16,10,2.0
1981,resonance,16,15,1.8239087409443189
1982,restoring,16,15,1.8239087409443189
1983,result,16,16,1.7958800173440752
1984,rise,16,15,1.8239087409443189
1985,seeking,16,13,1.8860566476931633
1986,sites,16,14,1.853871964321762
1987,strongest,16,16,1.7958800173440752
1988,surveillance,16,16,1.7958800173440752
1989,synergistic,16,14,1.853871964321762
1990,transition,16,14,1.853871964321762
1991,trends,16,16,1.7958800173440752
1992,triglyceride,16,13,1.8860566476931633
1993,types,16,15,1.8239087409443189
1994,uncertainty,16,16,1.7958800173440752
1995,variants,16,10,2.0
1996,variation,16,15,1.8239087409443189
1997,window,16,13,1.8860566476931633
1998,z,16,7,2.154901959985743
1999,002,15,13,1.8860566476931633
2000,1β,15,12,1.9208187539523751
2001,2010,15,14,1.853871964321762
2002,2017,15,13,1.8860566476931633
2003,365,15,9,2.0457574905606752
2004,ablation,15,8,2.0969100130080562
2005,adequately,15,14,1.853871964321762
2006,adolescent,15,10,2.0
2007,ahi,15,4,2.3979400086720375
2008,anthropometric,15,11,1.9586073148417749
2009,apoptosis,15,14,1.853871964321762
2010,april,15,15,1.8239087409443189
2011,arrhythmia,15,5,2.3010299956639813
2012,astrocyte,15,7,2.154901959985743
2013,bacterial,15,6,2.221848749616356
2014,billion,15,9,2.0457574905606752
2015,bypass,15,13,1.8860566476931633
2016,certain,15,14,1.853871964321762
2017,choice,15,10,2.0
2018,clinic,15,11,1.9586073148417749
2019,closely,15,15,1.8239087409443189
2020,coded,15,11,1.9586073148417749
2021,colonic,15,11,1.9586073148417749
2022,combinations,15,12,1.9208187539523751
2023,community,15,9,2.0457574905606752
2024,competing,15,9,2.0457574905606752
2025,consideration,15,15,1.8239087409443189
2026,coordinated,15,13,1.8860566476931633
2027,crc,15,2,2.6989700043360187
2028,cue,15,8,2.0969100130080562
2029,cyclic,15,9,2.0457574905606752
2030,determined,15,15,1.8239087409443189
2031,discharge,15,6,2.221848749616356
2032,disordered,15,11,1.9586073148417749
2033,dna,15,13,1.8860566476931633
2034,dynamic,15,13,1.8860566476931633
2035,epidemiological,15,13,1.8860566476931633
2036,esophageal,15,3,2.5228787452803374
2037,european,15,11,1.9586073148417749
2038,expanded,15,15,1.8239087409443189
2039,feasibility,15,8,2.0969100130080562
2040,foundational,15,12,1.9208187539523751
2041,fracture,15,6,2.221848749616356
2042,fractures,15,10,2.0
2043,frailty,15,8,2.0969100130080562
2044,fxr,15,5,2.3010299956639813
2045,genetically,15,9,2.0457574905606752
2046,gld,15,3,2.5228787452803374
2047,google,15,15,1.8239087409443189
2048,hidradenitis,15,12,1.9208187539523751
2049,host,15,12,1.9208187539523751
2050,hypoglycemic,15,11,1.9586073148417749
2051,inflammasome,15,13,1.8860566476931633
2052,influences,15,14,1.853871964321762
2053,inpatient,15,9,2.0457574905606752
2054,intensive,15,14,1.853871964321762
2055,iron,15,11,1.9586073148417749
2056,iv,15,9,2.0457574905606752
2057,ketoacidosis,15,11,1.9586073148417749
2058,lacking,15,15,1.8239087409443189
2059,landmark,15,12,1.9208187539523751
2060,local,15,13,1.8860566476931633
2061,macrophage,15,7,2.154901959985743
2062,meet,15,15,1.8239087409443189
2063,menopause,15,7,2.154901959985743
2064,microvascular,15,11,1.9586073148417749
2065,motility,15,11,1.9586073148417749
2066,motivation,15,7,2.154901959985743
2067,nationwide,15,15,1.8239087409443189
2068,natural,15,12,1.9208187539523751
2069,opportunities,15,14,1.853871964321762
2070,ovarian,15,11,1.9586073148417749
2071,predictor,15,11,1.9586073148417749
2072,probiotic,15,6,2.221848749616356
2073,psychosocial,15,11,1.9586073148417749
2074,publications,15,14,1.853871964321762
2075,quantified,15,15,1.8239087409443189
2076,randomization,15,13,1.8860566476931633
2077,ranking,15,10,2.0
2078,rebound,15,4,2.3979400086720375
2079,recipients,15,8,2.0969100130080562
2080,recommended,15,12,1.9208187539523751
2081,regardless,15,11,1.9586073148417749
2082,regulator,15,14,1.853871964321762
2083,reprogramming,15,13,1.8860566476931633
2084,restoration,15,11,1.9586073148417749
2085,reviewers,15,15,1.8239087409443189
2086,right,15,7,2.154901959985743
2087,scientific,15,13,1.8860566476931633
2088,si,15,3,2.5228787452803374
2089,solid,15,12,1.9208187539523751
2090,stages,15,14,1.853871964321762
2091,sting,15,4,2.3979400086720375
2092,success,15,15,1.8239087409443189
2093,suicidal,15,8,2.0969100130080562
2094,summary,15,14,1.853871964321762
2095,suppurativa,15,12,1.9208187539523751
2096,switching,15,7,2.154901959985743
2097,testosterone,15,5,2.3010299956639813
2098,tgr5,15,8,2.0969100130080562
2099,thrombosis,15,11,1.9586073148417749
2100,transient,15,14,1.853871964321762
2101,understand,15,15,1.8239087409443189
2102,upf,15,2,2.6989700043360187
2103,upregulated,15,12,1.9208187539523751
2104,upstream,15,14,1.853871964321762
2105,vulnerability,15,10,2.0
2106,woman,15,14,1.853871964321762
2107,young,15,9,2.0457574905606752
2108,00001,14,4,2.3979400086720375
2109,2013,14,12,1.9208187539523751
2110,2015,14,13,1.8860566476931633
2111,abdominal,14,8,2.0969100130080562
2112,ability,14,14,1.853871964321762
2113,absorption,14,11,1.9586073148417749
2114,advice,14,2,2.6989700043360187
2115,aki,14,3,2.5228787452803374
2116,analogues,14,11,1.9586073148417749
2117,animals,14,9,2.0457574905606752
2118,annual,14,9,2.0457574905606752
2119,another,14,12,1.9208187539523751
2120,attenuation,14,12,1.9208187539523751
2121,autophagy,14,10,2.0
2122,awareness,14,10,2.0
2123,axes,14,11,1.9586073148417749
2124,caloric,14,12,1.9208187539523751
2125,calorie,14,7,2.154901959985743
2126,capture,14,13,1.8860566476931633
2127,caution,14,12,1.9208187539523751
2128,cautiously,14,14,1.853871964321762
2129,cavi,14,2,2.6989700043360187
2130,comprised,14,14,1.853871964321762
2131,concept,14,14,1.853871964321762
2132,concern,14,14,1.853871964321762
2133,concurrent,14,12,1.9208187539523751
2134,consequently,14,14,1.853871964321762
2135,constrained,14,13,1.8860566476931633
2136,deaths,14,10,2.0
2137,declined,14,11,1.9586073148417749
2138,decreasing,14,10,2.0
2139,definitive,14,12,1.9208187539523751
2140,dependence,14,5,2.3010299956639813
2141,dermatology,14,7,2.154901959985743
2142,develop,14,12,1.9208187539523751
2143,disproportionality,14,10,2.0
2144,disruption,14,13,1.8860566476931633
2145,driving,14,14,1.853871964321762
2146,dysbiosis,14,10,2.0
2147,ebmt,14,1,3.0
2148,enrichment,14,13,1.8860566476931633
2149,era,14,12,1.9208187539523751
2150,evaluations,14,11,1.9586073148417749
2151,evoke,14,4,2.3979400086720375
2152,excessive,14,14,1.853871964321762
2153,expand,14,14,1.853871964321762
2154,facial,14,6,2.221848749616356
2155,facilitate,14,14,1.853871964321762
2156,fibrotic,14,13,1.8860566476931633
2157,frameworks,14,12,1.9208187539523751
2158,gerd,14,6,2.221848749616356
2159,glycemia,14,9,2.0457574905606752
2160,healing,14,11,1.9586073148417749
2161,hippocampal,14,6,2.221848749616356
2162,hold,14,8,2.0969100130080562
2163,hospitalizations,14,11,1.9586073148417749
2164,hour,14,10,2.0
2165,hypoxia,14,5,2.3010299956639813
2166,ideation,14,8,2.0969100130080562
2167,imbalance,14,12,1.9208187539523751
2168,inadequate,14,9,2.0457574905606752
2169,initially,14,14,1.853871964321762
2170,intermittent,14,9,2.0457574905606752
2171,ion,14,7,2.154901959985743
2172,left,14,11,1.9586073148417749
2173,limit,14,14,1.853871964321762
2174,maintained,14,13,1.8860566476931633
2175,maintaining,14,14,1.853871964321762
2176,maximum,14,12,1.9208187539523751
2177,mediators,14,10,2.0
2178,modestly,14,14,1.853871964321762
2179,modifications,14,13,1.8860566476931633
2180,mol,14,9,2.0457574905606752
2181,mr,14,4,2.3979400086720375
2182,ms,14,7,2.154901959985743
2183,mtor,14,10,2.0
2184,needs,14,13,1.8860566476931633
2185,neurohormonal,14,8,2.0969100130080562
2186,ogtt,14,8,2.0969100130080562
2187,partly,14,14,1.853871964321762
2188,permeability,14,9,2.0457574905606752
2189,postmenopausal,14,6,2.221848749616356
2190,procedural,14,7,2.154901959985743
2191,pronounced,14,13,1.8860566476931633
2192,question,14,14,1.853871964321762
2193,register,14,13,1.8860566476931633
2194,regulated,14,14,1.853871964321762
2195,rising,14,14,1.853871964321762
2196,salivary,14,4,2.3979400086720375
2197,scholar,14,14,1.853871964321762
2198,separate,14,14,1.853871964321762
2199,sequencing,14,12,1.9208187539523751
2200,service,14,11,1.9586073148417749
2201,sizes,14,14,1.853871964321762
2202,source,14,12,1.9208187539523751
2203,sources,14,12,1.9208187539523751
2204,sr,14,2,2.6989700043360187
2205,statements,14,9,2.0457574905606752
2206,statins,14,11,1.9586073148417749
2207,step,14,12,1.9208187539523751
2208,stimulate,14,13,1.8860566476931633
2209,superiority,14,10,2.0
2210,suppress,14,13,1.8860566476931633
2211,sustain,14,13,1.8860566476931633
2212,tailored,14,14,1.853871964321762
2213,techniques,14,12,1.9208187539523751
2214,tha,14,4,2.3979400086720375
2215,throughout,14,14,1.853871964321762
2216,unit,14,12,1.9208187539523751
2217,updated,14,13,1.8860566476931633
2218,variance,14,11,1.9586073148417749
2219,varying,14,13,1.8860566476931633
2220,weighted,14,11,1.9586073148417749
2221,younger,14,11,1.9586073148417749
2222,accessibility,13,13,1.8860566476931633
2223,activating,13,10,2.0
2224,adjusting,13,12,1.9208187539523751
2225,adjuvant,13,7,2.154901959985743
2226,ae,13,10,2.0
2227,ahr,13,4,2.3979400086720375
2228,already,13,12,1.9208187539523751
2229,alt,13,7,2.154901959985743
2230,antagonism,13,8,2.0969100130080562
2231,argue,13,13,1.8860566476931633
2232,arthritis,13,7,2.154901959985743
2233,asia,13,7,2.154901959985743
2234,bacteria,13,10,2.0
2235,bc,13,2,2.6989700043360187
2236,bipolar,13,6,2.221848749616356
2237,blockade,13,9,2.0457574905606752
2238,c3m,13,1,3.0
2239,clearance,13,9,2.0457574905606752
2240,consider,13,13,1.8860566476931633
2241,contents,13,9,2.0457574905606752
2242,cornerstone,13,13,1.8860566476931633
2243,correction,13,9,2.0457574905606752
2244,course,13,11,1.9586073148417749
2245,cravings,13,7,2.154901959985743
2246,decades,13,13,1.8860566476931633
2247,differed,13,13,1.8860566476931633
2248,discusses,13,13,1.8860566476931633
2249,dul,13,2,2.6989700043360187
2250,durability,13,13,1.8860566476931633
2251,earlier,13,13,1.8860566476931633
2252,ehr,13,7,2.154901959985743
2253,elective,13,9,2.0457574905606752
2254,emergent,13,11,1.9586073148417749
2255,emulation,13,12,1.9208187539523751
2256,en,13,12,1.9208187539523751
2257,enabling,13,13,1.8860566476931633
2258,enhances,13,13,1.8860566476931633
2259,ensure,13,12,1.9208187539523751
2260,enzyme,13,11,1.9586073148417749
2261,equations,13,8,2.0969100130080562
2262,exclusion,13,13,1.8860566476931633
2263,explain,13,13,1.8860566476931633
2264,fc,13,3,2.5228787452803374
2265,foot,13,3,2.5228787452803374
2266,formation,13,11,1.9586073148417749
2267,gcg,13,4,2.3979400086720375
2268,identifies,13,13,1.8860566476931633
2269,impair,13,13,1.8860566476931633
2270,includes,13,12,1.9208187539523751
2271,institute,13,11,1.9586073148417749
2272,involvement,13,13,1.8860566476931633
2273,irr,13,6,2.221848749616356
2274,i²,13,8,2.0969100130080562
2275,late,13,11,1.9586073148417749
2276,later,13,10,2.0
2277,ld,13,2,2.6989700043360187
2278,limiting,13,12,1.9208187539523751
2279,lipids,13,12,1.9208187539523751
2280,liquid,13,10,2.0
2281,majority,13,13,1.8860566476931633
2282,measure,13,11,1.9586073148417749
2283,mendelian,13,11,1.9586073148417749
2284,metabolically,13,13,1.8860566476931633
2285,mlf,13,1,3.0
2286,molecules,13,11,1.9586073148417749
2287,mood,13,7,2.154901959985743
2288,multicenter,13,13,1.8860566476931633
2289,multicentre,13,13,1.8860566476931633
2290,nerve,13,11,1.9586073148417749
2291,neuroendocrine,13,9,2.0457574905606752
2292,nm,13,9,2.0457574905606752
2293,november,13,13,1.8860566476931633
2294,novo,13,12,1.9208187539523751
2295,objectives,13,13,1.8860566476931633
2296,ophthalmic,13,10,2.0
2297,organs,13,9,2.0457574905606752
2298,output,13,13,1.8860566476931633
2299,overview,13,13,1.8860566476931633
2300,paired,13,8,2.0969100130080562
2301,pairwise,13,9,2.0457574905606752
2302,pathogenic,13,10,2.0
2303,perceived,13,6,2.221848749616356
2304,perspectives,13,12,1.9208187539523751
2305,pharmaceutical,13,11,1.9586073148417749
2306,powered,13,12,1.9208187539523751
2307,precise,13,12,1.9208187539523751
2308,pressures,13,10,2.0
2309,probiotics,13,9,2.0457574905606752
2310,projected,13,6,2.221848749616356
2311,proportions,13,10,2.0
2312,proposes,13,13,1.8860566476931633
2313,prr,13,5,2.3010299956639813
2314,psoriasis,13,9,2.0457574905606752
2315,pyroptosis,13,6,2.221848749616356
2316,race,13,12,1.9208187539523751
2317,raising,13,13,1.8860566476931633
2318,ranked,13,9,2.0457574905606752
2319,region,13,12,1.9208187539523751
2320,representing,13,13,1.8860566476931633
2321,respondents,13,6,2.221848749616356
2322,retained,13,13,1.8860566476931633
2323,retinal,13,8,2.0969100130080562
2324,rich,13,11,1.9586073148417749
2325,rigorous,13,13,1.8860566476931633
2326,robustness,13,11,1.9586073148417749
2327,seen,13,13,1.8860566476931633
2328,signatures,13,13,1.8860566476931633
2329,simulations,13,11,1.9586073148417749
2330,simultaneously,13,13,1.8860566476931633
2331,sitagliptin,13,5,2.3010299956639813
2332,started,13,10,2.0
2333,stimulating,13,12,1.9208187539523751
2334,stronger,13,13,1.8860566476931633
2335,subjects,13,7,2.154901959985743
2336,suboptimal,13,13,1.8860566476931633
2337,subtypes,13,10,2.0
2338,successfully,13,13,1.8860566476931633
2339,synthetic,13,9,2.0457574905606752
2340,third,13,13,1.8860566476931633
2341,topiramate,13,7,2.154901959985743
2342,varied,13,13,1.8860566476931633
2343,view,13,12,1.9208187539523751
2344,virtual,13,6,2.221848749616356
2345,visit,13,11,1.9586073148417749
2346,warrants,13,13,1.8860566476931633
2347,wc,13,3,2.5228787452803374
2348,widespread,13,13,1.8860566476931633
2349,academic,12,11,1.9586073148417749
2350,acceptable,12,12,1.9208187539523751
2351,accounted,12,10,2.0
2352,activities,12,10,2.0
2353,adaptive,12,10,2.0
2354,adiponectin,12,8,2.0969100130080562
2355,advancing,12,10,2.0
2356,aom,12,2,2.6989700043360187
2357,applications,12,9,2.0457574905606752
2358,assay,12,6,2.221848749616356
2359,availability,12,12,1.9208187539523751
2360,bdnf,12,3,2.5228787452803374
2361,biochemical,12,11,1.9586073148417749
2362,biologically,12,12,1.9208187539523751
2363,biopsy,12,9,2.0457574905606752
2364,bip,12,3,2.5228787452803374
2365,brca1,12,1,3.0
2366,bw,12,3,2.5228787452803374
2367,captured,12,12,1.9208187539523751
2368,carbon,12,6,2.221848749616356
2369,careful,12,12,1.9208187539523751
2370,centers,12,7,2.154901959985743
2371,circuits,12,7,2.154901959985743
2372,clinician,12,8,2.0969100130080562
2373,complicated,12,11,1.9586073148417749
2374,conditional,12,6,2.221848749616356
2375,considerable,12,12,1.9208187539523751
2376,consumed,12,7,2.154901959985743
2377,continuum,12,11,1.9586073148417749
2378,coupling,12,7,2.154901959985743
2379,covered,12,7,2.154901959985743
2380,cycle,12,11,1.9586073148417749
2381,dd01,12,1,3.0
2382,demand,12,11,1.9586073148417749
2383,deposition,12,11,1.9586073148417749
2384,describes,12,12,1.9208187539523751
2385,designs,12,11,1.9586073148417749
2386,deterioration,12,10,2.0
2387,directions,12,12,1.9208187539523751
2388,distinguish,12,12,1.9208187539523751
2389,divided,12,12,1.9208187539523751
2390,dme,12,3,2.5228787452803374
2391,dopaminergic,12,6,2.221848749616356
2392,elderly,12,8,2.0969100130080562
2393,elicited,12,10,2.0
2394,enrollees,12,3,2.5228787452803374
2395,environment,12,12,1.9208187539523751
2396,environmental,12,8,2.0969100130080562
2397,enzymes,12,9,2.0457574905606752
2398,erectile,12,5,2.3010299956639813
2399,ex,12,5,2.3010299956639813
2400,exacerbation,12,5,2.3010299956639813
2401,excluding,12,12,1.9208187539523751
2402,explained,12,11,1.9586073148417749
2403,external,12,10,2.0
2404,foundation,12,12,1.9208187539523751
2405,gained,12,11,1.9586073148417749
2406,gallbladder,12,5,2.3010299956639813
2407,generate,12,12,1.9208187539523751
2408,globally,12,12,1.9208187539523751
2409,incomplete,12,11,1.9586073148417749
2410,incorporating,12,12,1.9208187539523751
2411,induction,12,10,2.0
2412,injections,12,9,2.0457574905606752
2413,interconnected,12,12,1.9208187539523751
2414,intracellular,12,12,1.9208187539523751
2415,intravenous,12,8,2.0969100130080562
2416,issues,12,12,1.9208187539523751
2417,japanese,12,7,2.154901959985743
2418,lncrna,12,2,2.6989700043360187
2419,lowered,12,12,1.9208187539523751
2420,lowest,12,10,2.0
2421,managed,12,12,1.9208187539523751
2422,matrix,12,9,2.0457574905606752
2423,metald,12,1,3.0
2424,mmhg,12,8,2.0969100130080562
2425,multimodal,12,11,1.9586073148417749
2426,natriuretic,12,9,2.0457574905606752
2427,neoplasms,12,5,2.3010299956639813
2428,net,12,10,2.0
2429,obstruction,12,6,2.221848749616356
2430,orally,12,12,1.9208187539523751
2431,original,12,11,1.9586073148417749
2432,ozempic,12,8,2.0969100130080562
2433,paediatric,12,4,2.3979400086720375
2434,pbh,12,3,2.5228787452803374
2435,pce,12,1,3.0
2436,perceptions,12,8,2.0969100130080562
2437,plausible,12,12,1.9208187539523751
2438,pleiotropic,12,11,1.9586073148417749
2439,polarization,12,5,2.3010299956639813
2440,positively,12,9,2.0457574905606752
2441,ppar,12,10,2.0
2442,pragmatic,12,8,2.0969100130080562
2443,preserve,12,12,1.9208187539523751
2444,price,12,5,2.3010299956639813
2445,principles,12,11,1.9586073148417749
2446,prognostic,12,6,2.221848749616356
2447,programme,12,7,2.154901959985743
2448,psm,12,8,2.0969100130080562
2449,rank,12,10,2.0
2450,reaching,12,11,1.9586073148417749
2451,regional,12,11,1.9586073148417749
2452,registry,12,10,2.0
2453,rodent,12,9,2.0457574905606752
2454,roux,12,11,1.9586073148417749
2455,scfa,12,8,2.0969100130080562
2456,september,12,11,1.9586073148417749
2457,sexual,12,4,2.3979400086720375
2458,specificity,12,11,1.9586073148417749
2459,spinal,12,5,2.3010299956639813
2460,substrate,12,11,1.9586073148417749
2461,surmount,12,6,2.221848749616356
2462,surrounding,12,10,2.0
2463,symptomatic,12,10,2.0
2464,ten,12,11,1.9586073148417749
2465,tendon,12,3,2.5228787452803374
2466,theoretical,12,10,2.0
2467,tolerated,12,12,1.9208187539523751
2468,tract,12,12,1.9208187539523751
2469,transcription,12,8,2.0969100130080562
2470,transit,12,7,2.154901959985743
2471,translate,12,12,1.9208187539523751
2472,twl,12,3,2.5228787452803374
2473,ultimately,12,12,1.9208187539523751
2474,unadjusted,12,8,2.0969100130080562
2475,untreated,12,9,2.0457574905606752
2476,validate,12,12,1.9208187539523751
2477,vulnerable,12,12,1.9208187539523751
2478,wk,12,7,2.154901959985743
2479,workflow,12,6,2.221848749616356
2480,absent,11,10,2.0
2481,acm,11,3,2.5228787452803374
2482,acsl4,11,3,2.5228787452803374
2483,activates,11,10,2.0
2484,adding,11,8,2.0969100130080562
2485,affordability,11,10,2.0
2486,aldosterone,11,11,1.9586073148417749
2487,american,11,10,2.0
2488,ast,11,7,2.154901959985743
2489,atherosclerosis,11,10,2.0
2490,attain,11,3,2.5228787452803374
2491,authors,11,9,2.0457574905606752
2492,cecal,11,5,2.3010299956639813
2493,chromatography,11,5,2.3010299956639813
2494,collaboration,11,8,2.0969100130080562
2495,comorbid,11,11,1.9586073148417749
2496,complexity,11,10,2.0
2497,consisted,11,11,1.9586073148417749
2498,count,11,5,2.3010299956639813
2499,curcumin,11,5,2.3010299956639813
2500,dapagliflozin,11,4,2.3979400086720375
2501,decompensation,11,6,2.221848749616356
2502,decreases,11,9,2.0457574905606752
2503,definitions,11,11,1.9586073148417749
2504,degeneration,11,10,2.0
2505,descriptively,11,11,1.9586073148417749
2506,disc,11,5,2.3010299956639813
2507,dpp4,11,7,2.154901959985743
2508,egd,11,4,2.3979400086720375
2509,elucidate,11,11,1.9586073148417749
2510,emotional,11,6,2.221848749616356
2511,enriched,11,9,2.0457574905606752
2512,explores,11,11,1.9586073148417749
2513,extending,11,11,1.9586073148417749
2514,extracellular,11,10,2.0
2515,face,11,11,1.9586073148417749
2516,form,11,9,2.0457574905606752
2517,gastrocnemius,11,2,2.6989700043360187
2518,glp1ras,11,5,2.3010299956639813
2519,goal,11,8,2.0969100130080562
2520,good,11,11,1.9586073148417749
2521,hemodialysis,11,4,2.3979400086720375
2522,identity,11,6,2.221848749616356
2523,idiopathic,11,7,2.154901959985743
2524,ischaemic,11,6,2.221848749616356
2525,ischemia,11,5,2.3010299956639813
2526,last,11,9,2.0457574905606752
2527,limits,11,11,1.9586073148417749
2528,m1,11,4,2.3979400086720375
2529,macronutrient,11,7,2.154901959985743
2530,made,11,10,2.0
2531,maintain,11,11,1.9586073148417749
2532,manage,11,9,2.0457574905606752
2533,morbid,11,5,2.3010299956639813
2534,morphology,11,8,2.0969100130080562
2535,multimorbidity,11,10,2.0
2536,nephrectomy,11,3,2.5228787452803374
2537,neutral,11,10,2.0
2538,nondiabetic,11,7,2.154901959985743
2539,noted,11,11,1.9586073148417749
2540,nrf2,11,9,2.0457574905606752
2541,nuclear,11,10,2.0
2542,numerous,11,11,1.9586073148417749
2543,om,11,1,3.0
2544,order,11,11,1.9586073148417749
2545,others,11,11,1.9586073148417749
2546,oxidation,11,7,2.154901959985743
2547,parkinson,11,9,2.0457574905606752
2548,peer,11,8,2.0969100130080562
2549,periprosthetic,11,6,2.221848749616356
2550,persist,11,10,2.0
2551,pharmacodynamic,11,9,2.0457574905606752
2552,pi,11,3,2.5228787452803374
2553,position,11,10,2.0
2554,ppara,11,2,2.6989700043360187
2555,pparα,11,2,2.6989700043360187
2556,preventive,11,10,2.0
2557,prospectively,11,11,1.9586073148417749
2558,providers,11,8,2.0969100130080562
2559,pws,11,2,2.6989700043360187
2560,q,11,5,2.3010299956639813
2561,quercetin,11,5,2.3010299956639813
2562,ratings,11,8,2.0969100130080562
2563,rational,11,10,2.0
2564,reached,11,11,1.9586073148417749
2565,reaction,11,9,2.0457574905606752
2566,reflecting,11,11,1.9586073148417749
2567,reflects,11,10,2.0
2568,registries,11,11,1.9586073148417749
2569,relapse,11,8,2.0969100130080562
2570,renoprotective,11,10,2.0
2571,responsive,11,10,2.0
2572,restored,11,11,1.9586073148417749
2573,salt,11,5,2.3010299956639813
2574,sarcopenic,11,9,2.0457574905606752
2575,satiation,11,5,2.3010299956639813
2576,searches,11,10,2.0
2577,sequential,11,10,2.0
2578,services,11,7,2.154901959985743
2579,shifts,11,9,2.0457574905606752
2580,signs,11,6,2.221848749616356
2581,smoking,11,8,2.0969100130080562
2582,soul,11,5,2.3010299956639813
2583,statement,11,11,1.9586073148417749
2584,successful,11,7,2.154901959985743
2585,sugar,11,5,2.3010299956639813
2586,surgeons,11,5,2.3010299956639813
2587,tablet,11,5,2.3010299956639813
2588,taken,11,11,1.9586073148417749
2589,turnover,11,5,2.3010299956639813
2590,typically,11,11,1.9586073148417749
2591,uncommon,11,11,1.9586073148417749
2592,underscore,11,11,1.9586073148417749
2593,underscores,11,11,1.9586073148417749
2594,unresolved,11,10,2.0
2595,vision,11,4,2.3979400086720375
2596,way,11,8,2.0969100130080562
2597,weights,11,10,2.0
2598,whole,11,9,2.0457574905606752
2599,worse,11,9,2.0457574905606752
2600,zenagamtide,11,3,2.5228787452803374
2601,γ,11,7,2.154901959985743
2602,003,10,9,2.0457574905606752
2603,007,10,10,2.0
2604,009,10,10,2.0
2605,021,10,9,2.0457574905606752
2606,118,10,9,2.0457574905606752
2607,accelerated,10,9,2.0457574905606752
2608,accounting,10,10,2.0
2609,adaptation,10,9,2.0457574905606752
2610,addressed,10,10,2.0
2611,adequacy,10,8,2.0969100130080562
2612,administrative,10,9,2.0457574905606752
2613,ageing,10,4,2.3979400086720375
2614,ali,10,2,2.6989700043360187
2615,aligned,10,8,2.0969100130080562
2616,alleviate,10,10,2.0
2617,alleviated,10,9,2.0457574905606752
2618,allocated,10,5,2.3010299956639813
2619,analytic,10,10,2.0
2620,anesthesia,10,7,2.154901959985743
2621,antiobesity,10,7,2.154901959985743
2622,apparent,10,8,2.0969100130080562
2623,arterial,10,7,2.154901959985743
2624,attempts,10,5,2.3010299956639813
2625,aversive,10,4,2.3979400086720375
2626,behavioural,10,6,2.221848749616356
2627,building,10,9,2.0457574905606752
2628,cannabis,10,2,2.6989700043360187
2629,carry,10,10,2.0
2630,categorized,10,10,2.0
2631,ccs,10,1,3.0
2632,cgmp,10,2,2.6989700043360187
2633,characteristic,10,9,2.0457574905606752
2634,cluster,10,6,2.221848749616356
2635,commercial,10,10,2.0
2636,conflicting,10,10,2.0
2637,contexts,10,9,2.0457574905606752
2638,continue,10,8,2.0969100130080562
2639,contributed,10,10,2.0
2640,countries,10,9,2.0457574905606752
2641,crucial,10,10,2.0
2642,cytokine,10,10,2.0
2643,cytokines,10,9,2.0457574905606752
2644,deep,10,10,2.0
2645,defining,10,9,2.0457574905606752
2646,degree,10,10,2.0
2647,depletion,10,10,2.0
2648,depth,10,10,2.0
2649,difficult,10,10,2.0
2650,digoxin,10,2,2.6989700043360187
2651,direction,10,10,2.0
2652,directionally,10,8,2.0969100130080562
2653,disability,10,10,2.0
2654,dominant,10,10,2.0
2655,dysregulated,10,10,2.0
2656,eat,10,3,2.5228787452803374
2657,edema,10,8,2.0969100130080562
2658,endocrinology,10,8,2.0969100130080562
2659,enrollment,10,7,2.154901959985743
2660,errors,10,7,2.154901959985743
2661,estimand,10,6,2.221848749616356
2662,exerts,10,10,2.0
2663,exist,10,10,2.0
2664,experiences,10,6,2.221848749616356
2665,extension,10,7,2.154901959985743
2666,fail,10,10,2.0
2667,fgf21,10,6,2.221848749616356
2668,fib,10,3,2.5228787452803374
2669,formal,10,10,2.0
2670,glds,10,3,2.5228787452803374
2671,glucosidase,10,9,2.0457574905606752
2672,glycaemia,10,6,2.221848749616356
2673,gynecologists,10,2,2.6989700043360187
2674,hfref,10,3,2.5228787452803374
2675,highlighted,10,10,2.0
2676,hsf1,10,2,2.6989700043360187
2677,hunger,10,9,2.0457574905606752
2678,icodec,10,4,2.3979400086720375
2679,illness,10,7,2.154901959985743
2680,incorporated,10,10,2.0
2681,induces,10,10,2.0
2682,inhibited,10,6,2.221848749616356
2683,insight,10,8,2.0969100130080562
2684,institutional,10,7,2.154901959985743
2685,integrative,10,8,2.0969100130080562
2686,intended,10,10,2.0
2687,interact,10,10,2.0
2688,interquartile,10,6,2.221848749616356
2689,length,10,8,2.0969100130080562
2690,lumbar,10,3,2.5228787452803374
2691,man,10,9,2.0457574905606752
2692,map,10,10,2.0
2693,marker,10,9,2.0457574905606752
2694,mediator,10,8,2.0969100130080562
2695,metabolomics,10,9,2.0457574905606752
2696,mets,10,3,2.5228787452803374
2697,modelling,10,6,2.221848749616356
2698,modifiable,10,10,2.0
2699,modifiers,10,9,2.0457574905606752
2700,monitored,10,10,2.0
2701,mras,10,3,2.5228787452803374
2702,multifactorial,10,10,2.0
2703,na,10,3,2.5228787452803374
2704,necrosis,10,9,2.0457574905606752
2705,nmol,10,6,2.221848749616356
2706,nonusers,10,9,2.0457574905606752
2707,notable,10,9,2.0457574905606752
2708,nsmras,10,3,2.5228787452803374
2709,null,10,9,2.0457574905606752
2710,occurs,10,10,2.0
2711,ocn,10,2,2.6989700043360187
2712,omics,10,10,2.0
2713,organizations,10,10,2.0
2714,oxide,10,10,2.0
2715,pathologies,10,5,2.3010299956639813
2716,pemf,10,1,3.0
2717,perfusion,10,8,2.0969100130080562
2718,pg,10,6,2.221848749616356
2719,pharmacologically,10,10,2.0
2720,phenotypic,10,8,2.0969100130080562
2721,plan,10,6,2.221848749616356
2722,policies,10,10,2.0
2723,positioning,10,9,2.0457574905606752
2724,potency,10,9,2.0457574905606752
2725,preparation,10,4,2.3979400086720375
2726,problem,10,10,2.0
2727,professional,10,10,2.0
2728,prognosis,10,8,2.0969100130080562
2729,proliferator,10,9,2.0457574905606752
2730,prompted,10,10,2.0
2731,ps,10,5,2.3010299956639813
2732,raises,10,9,2.0457574905606752
2733,rasi,10,2,2.6989700043360187
2734,recognised,10,8,2.0969100130080562
2735,reimbursement,10,7,2.154901959985743
2736,remodelling,10,7,2.154901959985743
2737,representative,10,8,2.0969100130080562
2738,resource,10,7,2.154901959985743
2739,resources,10,10,2.0
2740,reticulum,10,8,2.0969100130080562
2741,revealing,10,10,2.0
2742,rvo,10,2,2.6989700043360187
2743,saline,10,10,2.0
2744,schizophrenia,10,6,2.221848749616356
2745,secreted,10,9,2.0457574905606752
2746,sem,10,2,2.6989700043360187
2747,separation,10,8,2.0969100130080562
2748,sepsis,10,7,2.154901959985743
2749,sgk2,10,1,3.0
2750,shape,10,10,2.0
2751,slow,10,10,2.0
2752,spanning,10,10,2.0
2753,spatial,10,10,2.0
2754,spine,10,4,2.3979400086720375
2755,standardised,10,10,2.0
2756,statistics,10,10,2.0
2757,stem,10,8,2.0969100130080562
2758,sub,10,4,2.3979400086720375
2759,sucra,10,4,2.3979400086720375
2760,summit,10,5,2.3010299956639813
2761,surrogate,10,8,2.0969100130080562
2762,sustainable,10,8,2.0969100130080562
2763,tb,10,2,2.6989700043360187
2764,teaes,10,4,2.3979400086720375
2765,testable,10,10,2.0
2766,towards,10,10,2.0
2767,trained,10,7,2.154901959985743
2768,traits,10,7,2.154901959985743
2769,ubt251,10,1,3.0
2770,underscoring,10,10,2.0
2771,useful,10,10,2.0
2772,utilisation,10,7,2.154901959985743
2773,vein,10,10,2.0
2774,version,10,10,2.0
2775,viewed,10,9,2.0457574905606752
2776,warrant,10,10,2.0
2777,www,10,10,2.0
2778,yielding,10,10,2.0
2779,ζ,10,2,2.6989700043360187
2780,004,9,9,2.0457574905606752
2781,026,9,9,2.0457574905606752
2782,106,9,8,2.0969100130080562
2783,112,9,8,2.0969100130080562
2784,aa,9,1,3.0
2785,addiction,9,6,2.221848749616356
2786,adherent,9,4,2.3979400086720375
2787,advantage,9,9,2.0457574905606752
2788,alopecia,9,4,2.3979400086720375
2789,amd,9,2,2.6989700043360187
2790,amyloid,9,3,2.5228787452803374
2791,analog,9,8,2.0969100130080562
2792,anemia,9,5,2.3010299956639813
2793,antagonist,9,9,2.0457574905606752
2794,atp,9,7,2.154901959985743
2795,atrophy,9,6,2.221848749616356
2796,attenuates,9,9,2.0457574905606752
2797,attenuating,9,8,2.0969100130080562
2798,auc0,9,4,2.3979400086720375
2799,automated,9,5,2.3010299956639813
2800,bayesian,9,9,2.0457574905606752
2801,berberine,9,5,2.3010299956639813
2802,biogenesis,9,6,2.221848749616356
2803,bm,9,1,3.0
2804,bolus,9,8,2.0969100130080562
2805,buprenorphine,9,3,2.5228787452803374
2806,bupropion,9,6,2.221848749616356
2807,cagrisema,9,5,2.3010299956639813
2808,canonical,9,7,2.154901959985743
2809,capable,9,9,2.0457574905606752
2810,cardiomyocyte,9,4,2.3979400086720375
2811,categories,9,9,2.0457574905606752
2812,category,9,7,2.154901959985743
2813,chemical,9,7,2.154901959985743
2814,citation,9,7,2.154901959985743
2815,ckmd,9,1,3.0
2816,clusters,9,3,2.5228787452803374
2817,coexist,9,9,2.0457574905606752
2818,collagen,9,9,2.0457574905606752
2819,completion,9,7,2.154901959985743
2820,concentrated,9,8,2.0969100130080562
2821,conditioned,9,5,2.3010299956639813
2822,constituents,9,6,2.221848749616356
2823,continuity,9,5,2.3010299956639813
2824,contributor,9,8,2.0969100130080562
2825,controlling,9,9,2.0457574905606752
2826,cordycepin,9,3,2.5228787452803374
2827,cvi,9,1,3.0
2828,deficient,9,6,2.221848749616356
2829,delaying,9,9,2.0457574905606752
2830,delivered,9,9,2.0457574905606752
2831,depending,9,9,2.0457574905606752
2832,determinant,9,9,2.0457574905606752
2833,dimensions,9,9,2.0457574905606752
2834,divergent,9,8,2.0969100130080562
2835,diversity,9,8,2.0969100130080562
2836,downregulation,9,8,2.0969100130080562
2837,drivers,9,9,2.0457574905606752
2838,drives,9,9,2.0457574905606752
2839,duct,9,2,2.6989700043360187
2840,dyrk1a,9,1,3.0
2841,eg,9,3,2.5228787452803374
2842,eloralintide,9,4,2.3979400086720375
2843,emergence,9,9,2.0457574905606752
2844,enable,9,9,2.0457574905606752
2845,epidemiology,9,9,2.0457574905606752
2846,equivalence,9,5,2.3010299956639813
2847,establishing,9,9,2.0457574905606752
2848,etd,9,3,2.5228787452803374
2849,eustachian,9,3,2.5228787452803374
2850,exe,9,2,2.6989700043360187
2851,exists,9,9,2.0457574905606752
2852,expansion,9,9,2.0457574905606752
2853,experiencing,9,9,2.0457574905606752
2854,experts,9,8,2.0969100130080562
2855,extent,9,9,2.0457574905606752
2856,extract,9,9,2.0457574905606752
2857,fast,9,6,2.221848749616356
2858,fatigue,9,6,2.221848749616356
2859,feasible,9,9,2.0457574905606752
2860,fiber,9,7,2.154901959985743
2861,fpg,9,4,2.3979400086720375
2862,gestational,9,8,2.0969100130080562
2863,gh,9,2,2.6989700043360187
2864,glar,9,1,3.0
2865,glial,9,7,2.154901959985743
2866,glutag,9,4,2.3979400086720375
2867,grouped,9,9,2.0457574905606752
2868,headache,9,5,2.3010299956639813
2869,hff,9,2,2.6989700043360187
2870,histological,9,9,2.0457574905606752
2871,historical,9,8,2.0969100130080562
2872,homeostatic,9,9,2.0457574905606752
2873,hyperglycaemia,9,8,2.0969100130080562
2874,hypotheses,9,9,2.0457574905606752
2875,impacts,9,8,2.0969100130080562
2876,income,9,6,2.221848749616356
2877,incorporation,9,7,2.154901959985743
2878,india,9,4,2.3979400086720375
2879,indices,9,9,2.0457574905606752
2880,influencing,9,9,2.0457574905606752
2881,inhibits,9,5,2.3010299956639813
2882,instability,9,8,2.0969100130080562
2883,insufficiently,9,9,2.0457574905606752
2884,interplay,9,9,2.0457574905606752
2885,intracranial,9,6,2.221848749616356
2886,intrinsic,9,8,2.0969100130080562
2887,introduced,9,9,2.0457574905606752
2888,iptw,9,5,2.3010299956639813
2889,isorhamnetin,9,1,3.0
2890,kccq,9,5,2.3010299956639813
2891,knockdown,9,8,2.0969100130080562
2892,lactate,9,6,2.221848749616356
2893,liability,9,5,2.3010299956639813
2894,lifespan,9,7,2.154901959985743
2895,likelihood,9,9,2.0457574905606752
2896,limb,9,4,2.3979400086720375
2897,lp,9,3,2.5228787452803374
2898,lysate,9,2,2.6989700043360187
2899,maces,9,4,2.3979400086720375
2900,meals,9,8,2.0969100130080562
2901,mitochondria,9,7,2.154901959985743
2902,modeling,9,8,2.0969100130080562
2903,modify,9,8,2.0969100130080562
2904,modulates,9,9,2.0457574905606752
2905,moving,9,8,2.0969100130080562
2906,muciniphila,9,5,2.3010299956639813
2907,mucosal,9,6,2.221848749616356
2908,nafld,9,5,2.3010299956639813
2909,name,9,4,2.3979400086720375
2910,nature,9,9,2.0457574905606752
2911,naïve,9,7,2.154901959985743
2912,near,9,8,2.0969100130080562
2913,negatively,9,8,2.0969100130080562
2914,nephrology,9,6,2.221848749616356
2915,neuron,9,7,2.154901959985743
2916,neuropathic,9,4,2.3979400086720375
2917,nitric,9,9,2.0457574905606752
2918,oncology,9,6,2.221848749616356
2919,operating,9,8,2.0969100130080562
2920,optimizing,9,9,2.0457574905606752
2921,organization,9,8,2.0969100130080562
2922,oriented,9,8,2.0969100130080562
2923,outlines,9,9,2.0457574905606752
2924,outside,9,8,2.0969100130080562
2925,overdose,9,6,2.221848749616356
2926,overlap,9,6,2.221848749616356
2927,overlapping,9,6,2.221848749616356
2928,overload,9,8,2.0969100130080562
2929,ovid,9,7,2.154901959985743
2930,pad,9,2,2.6989700043360187
2931,pdac,9,2,2.6989700043360187
2932,peri,9,5,2.3010299956639813
2933,peroxisome,9,8,2.0969100130080562
2934,pet,9,4,2.3979400086720375
2935,phytochemicals,9,5,2.3010299956639813
2936,pji,9,3,2.5228787452803374
2937,pneumonia,9,7,2.154901959985743
2938,poisson,9,9,2.0457574905606752
2939,poses,9,9,2.0457574905606752
2940,prehabilitation,9,4,2.3979400086720375
2941,preload,9,2,2.6989700043360187
2942,premature,9,9,2.0457574905606752
2943,preparations,9,6,2.221848749616356
2944,presentation,9,8,2.0969100130080562
2945,proinsulin,9,1,3.0
2946,proliferation,9,7,2.154901959985743
2947,proof,9,9,2.0457574905606752
2948,proven,9,9,2.0457574905606752
2949,pyrin,9,7,2.154901959985743
2950,pyy3,9,1,3.0
2951,qualitative,9,8,2.0969100130080562
2952,quantify,9,9,2.0457574905606752
2953,queried,9,9,2.0457574905606752
2954,randomisation,9,7,2.154901959985743
2955,ranged,9,7,2.154901959985743
2956,redox,9,9,2.0457574905606752
2957,reflected,9,9,2.0457574905606752
2958,registration,9,9,2.0457574905606752
2959,regulators,9,9,2.0457574905606752
2960,remaining,9,9,2.0457574905606752
2961,resolved,9,9,2.0457574905606752
2962,restore,9,9,2.0457574905606752
2963,reversed,9,9,2.0457574905606752
2964,rhythm,9,4,2.3979400086720375
2965,riiβ,9,1,3.0
2966,rwe,9,3,2.5228787452803374
2967,saudi,9,5,2.3010299956639813
2968,scenarios,9,7,2.154901959985743
2969,secretory,9,9,2.0457574905606752
2970,served,9,9,2.0457574905606752
2971,share,9,9,2.0457574905606752
2972,simple,9,9,2.0457574905606752
2973,slows,9,7,2.154901959985743
2974,smooth,9,4,2.3979400086720375
2975,sst,9,1,3.0
2976,stabilization,9,9,2.0457574905606752
2977,stc,9,7,2.154901959985743
2978,stepwise,9,9,2.0457574905606752
2979,subjective,9,6,2.221848749616356
2980,subset,9,9,2.0457574905606752
2981,supplementary,9,8,2.0969100130080562
2982,susceptibility,9,7,2.154901959985743
2983,syndromes,9,5,2.3010299956639813
2984,taste,9,2,2.6989700043360187
2985,terminal,9,6,2.221848749616356
2986,tg,9,5,2.3010299956639813
2987,thrombotic,9,3,2.5228787452803374
2988,top,9,8,2.0969100130080562
2989,toxicity,9,9,2.0457574905606752
2990,translating,9,8,2.0969100130080562
2991,triggers,9,9,2.0457574905606752
2992,tube,9,3,2.5228787452803374
2993,twelve,9,8,2.0969100130080562
2994,u100,9,1,3.0
2995,uncontrolled,9,8,2.0969100130080562
2996,uniform,9,9,2.0457574905606752
2997,unmet,9,9,2.0457574905606752
2998,ypxjf,9,1,3.0
2999,0002,8,6,2.221848749616356
3000,005,8,8,2.0969100130080562
3001,104,8,6,2.221848749616356
3002,155383,8,1,3.0
3003,310,8,6,2.221848749616356
3004,aad,8,1,3.0
3005,achievement,8,5,2.3010299956639813
3006,adipocyte,8,5,2.3010299956639813
3007,adjustments,8,7,2.154901959985743
3008,admission,8,3,2.5228787452803374
3009,adoption,8,8,2.0969100130080562
3010,adpn,8,1,3.0
3011,affinity,8,7,2.154901959985743
3012,agreement,8,6,2.221848749616356
3013,alcoholic,8,7,2.154901959985743
3014,alleviates,8,7,2.154901959985743
3015,amputation,8,4,2.3979400086720375
3016,analogue,8,8,2.0969100130080562
3017,antihyperglycemic,8,4,2.3979400086720375
3018,aoms,8,4,2.3979400086720375
3019,aor,8,3,2.5228787452803374
3020,appetitive,8,4,2.3979400086720375
3021,aspects,8,6,2.221848749616356
3022,attended,8,2,2.6989700043360187
3023,attenuate,8,7,2.154901959985743
3024,avexitide,8,1,3.0
3025,aware,8,8,2.0969100130080562
3026,bbb,8,3,2.5228787452803374
3027,bilibili,8,1,3.0
3028,biologic,8,7,2.154901959985743
3029,bleeding,8,4,2.3979400086720375
3030,bofanglutide,8,2,2.6989700043360187
3031,bp,8,3,2.5228787452803374
3032,breathing,8,5,2.3010299956639813
3033,c57bl,8,8,2.0969100130080562
3034,cascade,8,8,2.0969100130080562
3035,cascades,8,8,2.0969100130080562
3036,catenin,8,4,2.3979400086720375
3037,catheter,8,4,2.3979400086720375
3038,centres,8,6,2.221848749616356
3039,chromatin,8,6,2.221848749616356
3040,compatible,8,8,2.0969100130080562
3041,compensation,8,3,2.5228787452803374
3042,comprehensively,8,8,2.0969100130080562
3043,conformational,8,6,2.221848749616356
3044,consistency,8,7,2.154901959985743
3045,constipation,8,6,2.221848749616356
3046,contact,8,7,2.154901959985743
3047,contouring,8,4,2.3979400086720375
3048,contributions,8,8,2.0969100130080562
3049,contributors,8,8,2.0969100130080562
3050,controversial,8,8,2.0969100130080562
3051,conversion,8,7,2.154901959985743
3052,corticosteroid,8,5,2.3010299956639813
3053,cpap,8,3,2.5228787452803374
3054,created,8,7,2.154901959985743
3055,criterion,8,6,2.221848749616356
3056,cutaneous,8,5,2.3010299956639813
3057,d001,8,1,3.0
3058,declines,8,8,2.0969100130080562
3059,derivatives,8,7,2.154901959985743
3060,developments,8,8,2.0969100130080562
3061,diets,8,6,2.221848749616356
3062,digestion,8,6,2.221848749616356
3063,dimension,8,5,2.3010299956639813
3064,discourse,8,6,2.221848749616356
3065,discussion,8,8,2.0969100130080562
3066,dka,8,4,2.3979400086720375
3067,documentation,8,5,2.3010299956639813
3068,downregulated,8,7,2.154901959985743
3069,drinking,8,4,2.3979400086720375
3070,dvt,8,2,2.6989700043360187
3071,ela,8,1,3.0
3072,elucidated,8,8,2.0969100130080562
3073,emerge,8,8,2.0969100130080562
3074,enabled,8,8,2.0969100130080562
3075,enables,8,8,2.0969100130080562
3076,endoplasmic,8,7,2.154901959985743
3077,enos,8,4,2.3979400086720375
3078,erk,8,5,2.3010299956639813
3079,escalating,8,6,2.221848749616356
3080,evident,8,8,2.0969100130080562
3081,evolved,8,7,2.154901959985743
3082,excretion,8,5,2.3010299956639813
3083,extensive,8,8,2.0969100130080562
3084,federated,8,8,2.0969100130080562
3085,fermentation,8,4,2.3979400086720375
3086,fibroblast,8,8,2.0969100130080562
3087,flux,8,8,2.0969100130080562
3088,focuses,8,8,2.0969100130080562
3089,forty,8,8,2.0969100130080562
3090,frequentist,8,8,2.0969100130080562
3091,fundamental,8,8,2.0969100130080562
3092,gbts,8,1,3.0
3093,gila,8,1,3.0
3094,glucan,8,1,3.0
3095,gm2824,8,1,3.0
3096,governing,8,8,2.0969100130080562
3097,gpcr,8,3,2.5228787452803374
3098,gpr43,8,1,3.0
3099,grading,8,8,2.0969100130080562
3100,handling,8,7,2.154901959985743
3101,harmine,8,1,3.0
3102,height,8,8,2.0969100130080562
3103,hospitals,8,8,2.0969100130080562
3104,hours,8,5,2.3010299956639813
3105,hyperphagia,8,4,2.3979400086720375
3106,hypertensive,8,7,2.154901959985743
3107,hypogonadism,8,2,2.6989700043360187
3108,hypothesized,8,8,2.0969100130080562
3109,ibts,8,1,3.0
3110,icer,8,4,2.3979400086720375
3111,iec,8,1,3.0
3112,igf,8,4,2.3979400086720375
3113,iih,8,2,2.6989700043360187
3114,immunomodulatory,8,8,2.0969100130080562
3115,impedance,8,7,2.154901959985743
3116,inadequately,8,8,2.0969100130080562
3117,incorporate,8,8,2.0969100130080562
3118,incretins,8,6,2.221848749616356
3119,inflammaging,8,3,2.5228787452803374
3120,innovative,8,8,2.0969100130080562
3121,insulins,8,3,2.5228787452803374
3122,integrate,8,8,2.0969100130080562
3123,intermediate,8,6,2.221848749616356
3124,investigational,8,8,2.0969100130080562
3125,irrespective,8,6,2.221848749616356
3126,item,8,5,2.3010299956639813
3127,items,8,8,2.0969100130080562
3128,journal,8,5,2.3010299956639813
3129,laparoscopic,8,6,2.221848749616356
3130,leads,8,8,2.0969100130080562
3131,leaving,8,8,2.0969100130080562
3132,leucine,8,2,2.6989700043360187
3133,lipedema,8,1,3.0
3134,lixisenatide,8,6,2.221848749616356
3135,loading,8,7,2.154901959985743
3136,loxenatide,8,1,3.0
3137,lvad,8,1,3.0
3138,manufacturing,8,6,2.221848749616356
3139,marketing,8,8,2.0969100130080562
3140,material,8,8,2.0969100130080562
3141,mdd,8,2,2.6989700043360187
3142,mediating,8,7,2.154901959985743
3143,melanoma,8,3,2.5228787452803374
3144,membrane,8,8,2.0969100130080562
3145,middle,8,7,2.154901959985743
3146,migraine,8,1,3.0
3147,missing,8,7,2.154901959985743
3148,mmp,8,3,2.5228787452803374
3149,modeled,8,5,2.3010299956639813
3150,monotherapies,8,5,2.3010299956639813
3151,monster,8,1,3.0
3152,mrc,8,1,3.0
3153,murine,8,8,2.0969100130080562
3154,mutation,8,4,2.3979400086720375
3155,myeloid,8,2,2.6989700043360187
3156,naltrexone,8,6,2.221848749616356
3157,ne,8,1,3.0
3158,necessary,8,8,2.0969100130080562
3159,never,8,5,2.3010299956639813
3160,nicotinamide,8,5,2.3010299956639813
3161,nod,8,6,2.221848749616356
3162,nonarteritic,8,8,2.0969100130080562
3163,nonsteroidal,8,8,2.0969100130080562
3164,nor,8,7,2.154901959985743
3165,noteworthy,8,8,2.0969100130080562
3166,np,8,2,2.6989700043360187
3167,ns,8,4,2.3979400086720375
3168,nst,8,1,3.0
3169,observation,8,8,2.0969100130080562
3170,opportunity,8,8,2.0969100130080562
3171,outpatient,8,6,2.221848749616356
3172,overcome,8,8,2.0969100130080562
3173,owing,8,7,2.154901959985743
3174,pf,8,2,2.6989700043360187
3175,pituitary,8,7,2.154901959985743
3176,plausibility,8,7,2.154901959985743
3177,pn,8,2,2.6989700043360187
3178,polyendocrine,8,7,2.154901959985743
3179,postoperatively,8,6,2.221848749616356
3180,posts,8,2,2.6989700043360187
3181,pp,8,3,2.5228787452803374
3182,principal,8,8,2.0969100130080562
3183,private,8,7,2.154901959985743
3184,probabilistic,8,7,2.154901959985743
3185,progenitor,8,4,2.3979400086720375
3186,progressively,8,8,2.0969100130080562
3187,protocols,8,8,2.0969100130080562
3188,purpose,8,8,2.0969100130080562
3189,pwo,8,1,3.0
3190,q4,8,4,2.3979400086720375
3191,quarter,8,6,2.221848749616356
3192,rarely,8,8,2.0969100130080562
3193,regarded,8,8,2.0969100130080562
3194,regeneration,8,7,2.154901959985743
3195,regenerative,8,6,2.221848749616356
3196,regular,8,7,2.154901959985743
3197,regulates,8,7,2.154901959985743
3198,reshaped,8,8,2.0969100130080562
3199,responder,8,5,2.3010299956639813
3200,ribupatide,8,1,3.0
3201,rosuvastatin,8,2,2.6989700043360187
3202,route,8,6,2.221848749616356
3203,rybelsus,8,5,2.3010299956639813
3204,scfas,8,6,2.221848749616356
3205,serving,8,7,2.154901959985743
3206,sexes,8,6,2.221848749616356
3207,shorter,8,6,2.221848749616356
3208,sm,8,1,3.0
3209,smaller,8,8,2.0969100130080562
3210,sociodemographic,8,6,2.221848749616356
3211,sparse,8,8,2.0969100130080562
3212,square,8,8,2.0969100130080562
3213,starting,8,8,2.0969100130080562
3214,statistic,8,5,2.3010299956639813
3215,stay,8,6,2.221848749616356
3216,steroidal,8,8,2.0969100130080562
3217,stevia,8,1,3.0
3218,stimuli,8,5,2.3010299956639813
3219,streptozotocin,8,3,2.5228787452803374
3220,subtype,8,6,2.221848749616356
3221,sud,8,2,2.6989700043360187
3222,supportive,8,7,2.154901959985743
3223,surface,8,7,2.154901959985743
3224,survivors,8,3,2.5228787452803374
3225,suspect,8,3,2.5228787452803374
3226,suspected,8,6,2.221848749616356
3227,synthesised,8,7,2.154901959985743
3228,synthesises,8,8,2.0969100130080562
3229,t1dm,8,2,2.6989700043360187
3230,tau,8,4,2.3979400086720375
3231,taxa,8,6,2.221848749616356
3232,technologies,8,7,2.154901959985743
3233,technology,8,7,2.154901959985743
3234,thermogenesis,8,5,2.3010299956639813
3235,threatening,8,7,2.154901959985743
3236,thromboembolic,8,6,2.221848749616356
3237,times,8,7,2.154901959985743
3238,tja,8,3,2.5228787452803374
3239,trafficking,8,6,2.221848749616356
3240,ulcers,8,2,2.6989700043360187
3241,ultrasound,8,5,2.3010299956639813
3242,uncertainties,8,7,2.154901959985743
3243,unproven,8,8,2.0969100130080562
3244,upregulation,8,8,2.0969100130080562
3245,urine,8,6,2.221848749616356
3246,uses,8,8,2.0969100130080562
3247,usual,8,6,2.221848749616356
3248,v,8,7,2.154901959985743
3249,vaccination,8,1,3.0
3250,viable,8,6,2.221848749616356
3251,vital,8,6,2.221848749616356
3252,wilac,8,1,3.0
3253,x,8,7,2.154901959985743
3254,yr,8,2,2.6989700043360187
3255,μm,8,5,2.3010299956639813
3256,014,7,7,2.154901959985743
3257,016,7,6,2.221848749616356
3258,031,7,6,2.221848749616356
3259,039,7,7,2.154901959985743
3260,107,7,7,2.154901959985743
3261,115,7,7,2.154901959985743
3262,119,7,7,2.154901959985743
3263,123,7,7,2.154901959985743
3264,140,7,7,2.154901959985743
3265,142,7,7,2.154901959985743
3266,145,7,7,2.154901959985743
3267,1α,7,4,2.3979400086720375
3268,2006,7,6,2.221848749616356
3269,2is,7,2,2.6989700043360187
3270,3b,7,7,2.154901959985743
3271,500,7,7,2.154901959985743
3272,a8g,7,1,3.0
3273,aberrant,7,7,2.154901959985743
3274,ac,7,6,2.221848749616356
3275,accelerate,7,7,2.154901959985743
3276,accordance,7,7,2.154901959985743
3277,accuracy,7,6,2.221848749616356
3278,accurate,7,7,2.154901959985743
3279,adipocytes,7,4,2.3979400086720375
3280,adipokine,7,7,2.154901959985743
3281,adjuncts,7,7,2.154901959985743
3282,admissions,7,4,2.3979400086720375
3283,advantages,7,7,2.154901959985743
3284,aid,7,4,2.3979400086720375
3285,akkermansia,7,5,2.3010299956639813
3286,allow,7,7,2.154901959985743
3287,almost,7,7,2.154901959985743
3288,alternatives,7,7,2.154901959985743
3289,amp,7,6,2.221848749616356
3290,anorexia,7,5,2.3010299956639813
3291,anorexigenic,7,5,2.3010299956639813
3292,antibiotic,7,5,2.3010299956639813
3293,apc,7,1,3.0
3294,applicability,7,7,2.154901959985743
3295,arabia,7,4,2.3979400086720375
3296,architecture,7,6,2.221848749616356
3297,ard,7,2,2.6989700043360187
3298,arise,7,6,2.221848749616356
3299,arteritic,7,4,2.3979400086720375
3300,ascending,7,4,2.3979400086720375
3301,assignment,7,7,2.154901959985743
3302,asx,7,1,3.0
3303,atherogenic,7,6,2.221848749616356
3304,attributable,7,7,2.154901959985743
3305,attributed,7,7,2.154901959985743
3306,avoidance,7,5,2.3010299956639813
3307,aβ,7,4,2.3979400086720375
3308,began,7,6,2.221848749616356
3309,bgm0504,7,1,3.0
3310,biased,7,6,2.221848749616356
3311,binge,7,4,2.3979400086720375
3312,bioenergetics,7,6,2.221848749616356
3313,bmd,7,3,2.5228787452803374
3314,bodies,7,5,2.3010299956639813
3315,brs,7,1,3.0
3316,budget,7,3,2.5228787452803374
3317,cardiomyopathy,7,6,2.221848749616356
3318,cargo,7,2,2.6989700043360187
3319,centre,7,7,2.154901959985743
3320,centric,7,7,2.154901959985743
3321,cer,7,1,3.0
3322,checklist,7,5,2.3010299956639813
3323,chi,7,7,2.154901959985743
3324,child,7,4,2.3979400086720375
3325,childhood,7,6,2.221848749616356
3326,cn,7,2,2.6989700043360187
3327,collapse,7,6,2.221848749616356
3328,colon,7,4,2.3979400086720375
3329,colonoscopy,7,4,2.3979400086720375
3330,comes,7,6,2.221848749616356
3331,compartments,7,5,2.3010299956639813
3332,complement,7,7,2.154901959985743
3333,computational,7,5,2.3010299956639813
3334,concurrently,7,7,2.154901959985743
3335,consent,7,4,2.3979400086720375
3336,construct,7,4,2.3979400086720375
3337,continues,7,7,2.154901959985743
3338,contraindications,7,4,2.3979400086720375
3339,converge,7,7,2.154901959985743
3340,converging,7,7,2.154901959985743
3341,conversations,7,3,2.5228787452803374
3342,corrected,7,5,2.3010299956639813
3343,correlation,7,7,2.154901959985743
3344,cortical,7,6,2.221848749616356
3345,crisis,7,7,2.154901959985743
3346,ctni,7,1,3.0
3347,cuff,7,4,2.3979400086720375
3348,cultural,7,4,2.3979400086720375
3349,culture,7,7,2.154901959985743
3350,danish,7,5,2.3010299956639813
3351,dataset,7,7,2.154901959985743
3352,debate,7,6,2.221848749616356
3353,deficit,7,7,2.154901959985743
3354,definition,7,6,2.221848749616356
3355,delta,7,2,2.6989700043360187
3356,depend,7,7,2.154901959985743
3357,dermatologists,7,4,2.3979400086720375
3358,detailed,7,7,2.154901959985743
3359,developmental,7,4,2.3979400086720375
3360,deviation,7,5,2.3010299956639813
3361,differing,7,6,2.221848749616356
3362,dominated,7,7,2.154901959985743
3363,durations,7,5,2.3010299956639813
3364,dyslipidaemia,7,7,2.154901959985743
3365,ectopic,7,6,2.221848749616356
3366,elevation,7,7,2.154901959985743
3367,elevations,7,4,2.3979400086720375
3368,embolism,7,7,2.154901959985743
3369,emphasize,7,7,2.154901959985743
3370,emphasized,7,7,2.154901959985743
3371,endometrial,7,5,2.3010299956639813
3372,engage,7,7,2.154901959985743
3373,engaged,7,5,2.3010299956639813
3374,engages,7,7,2.154901959985743
3375,enhancement,7,6,2.221848749616356
3376,equivalent,7,6,2.221848749616356
3377,ers,7,1,3.0
3378,every,7,7,2.154901959985743
3379,evolution,7,7,2.154901959985743
3380,evt,7,1,3.0
3381,exact,7,7,2.154901959985743
3382,examination,7,7,2.154901959985743
3383,except,7,7,2.154901959985743
3384,exchange,7,4,2.3979400086720375
3385,exploration,7,7,2.154901959985743
3386,exposures,7,6,2.221848749616356
3387,expressing,7,5,2.3010299956639813
3388,failed,7,6,2.221848749616356
3389,false,7,6,2.221848749616356
3390,fertility,7,5,2.3010299956639813
3391,fisetin,7,3,2.5228787452803374
3392,flutter,7,3,2.5228787452803374
3393,footprint,7,2,2.6989700043360187
3394,forced,7,3,2.5228787452803374
3395,foxa1,7,1,3.0
3396,fragmented,7,7,2.154901959985743
3397,ft3,7,1,3.0
3398,fundamentally,7,7,2.154901959985743
3399,gains,7,6,2.221848749616356
3400,generalizability,7,7,2.154901959985743
3401,glaucoma,7,2,2.6989700043360187
3402,glucocorticoid,7,5,2.3010299956639813
3403,gr,7,2,2.6989700043360187
3404,herein,7,7,2.154901959985743
3405,histologic,7,4,2.3979400086720375
3406,histology,7,7,2.154901959985743
3407,holistic,7,7,2.154901959985743
3408,hydrocodone,7,1,3.0
3409,hypothetical,7,5,2.3010299956639813
3410,hypoxic,7,4,2.3979400086720375
3411,i1088,7,1,3.0
3412,ia,7,1,3.0
3413,iex,7,1,3.0
3414,iglarlixi,7,2,2.6989700043360187
3415,ileus,7,2,2.6989700043360187
3416,impairs,7,6,2.221848749616356
3417,implemented,7,7,2.154901959985743
3418,implementing,7,7,2.154901959985743
3419,inconclusive,7,7,2.154901959985743
3420,indirectly,7,7,2.154901959985743
3421,individually,7,7,2.154901959985743
3422,inference,7,7,2.154901959985743
3423,infrastructure,7,6,2.221848749616356
3424,inhibit,7,6,2.221848749616356
3425,instrip,7,1,3.0
3426,insufficiency,7,5,2.3010299956639813
3427,inter,7,7,2.154901959985743
3428,interindividual,7,7,2.154901959985743
3429,interview,7,5,2.3010299956639813
3430,interviews,7,3,2.5228787452803374
3431,intrapancreatic,7,2,2.6989700043360187
3432,introduction,7,7,2.154901959985743
3433,investigates,7,7,2.154901959985743
3434,irreversible,7,6,2.221848749616356
3435,jader,7,3,2.5228787452803374
3436,lactobacillus,7,6,2.221848749616356
3437,layer,7,5,2.3010299956639813
3438,leave,7,4,2.3979400086720375
3439,ligand,7,7,2.154901959985743
3440,ligands,7,6,2.221848749616356
3441,lipopolysaccharide,7,7,2.154901959985743
3442,list,7,6,2.221848749616356
3443,live,7,6,2.221848749616356
3444,loop,7,7,2.154901959985743
3445,loosening,7,5,2.3010299956639813
3446,lupeol,7,1,3.0
3447,machine,7,6,2.221848749616356
3448,macular,7,7,2.154901959985743
3449,maladaptive,7,7,2.154901959985743
3450,malignancies,7,6,2.221848749616356
3451,malignancy,7,6,2.221848749616356
3452,malnutrition,7,5,2.3010299956639813
3453,malo,7,2,2.6989700043360187
3454,manifestations,7,7,2.154901959985743
3455,march5,7,1,3.0
3456,market,7,6,2.221848749616356
3457,marketscan,7,5,2.3010299956639813
3458,marrow,7,6,2.221848749616356
3459,max,7,4,2.3979400086720375
3460,measurable,7,7,2.154901959985743
3461,meeting,7,7,2.154901959985743
3462,members,7,6,2.221848749616356
3463,methodology,7,5,2.3010299956639813
3464,microscopy,7,5,2.3010299956639813
3465,minutes,7,5,2.3010299956639813
3466,mitigated,7,7,2.154901959985743
3467,mitigating,7,7,2.154901959985743
3468,modifies,7,7,2.154901959985743
3469,modulated,7,6,2.221848749616356
3470,monitor,7,7,2.154901959985743
3471,mri,7,5,2.3010299956639813
3472,multidimensional,7,6,2.221848749616356
3473,multifaceted,7,7,2.154901959985743
3474,narratively,7,7,2.154901959985743
3475,networks,7,7,2.154901959985743
3476,neurodegeneration,7,5,2.3010299956639813
3477,neurovascular,7,5,2.3010299956639813
3478,ng,7,4,2.3979400086720375
3479,nma,7,3,2.5228787452803374
3480,none,7,7,2.154901959985743
3481,nonfatal,7,4,2.3979400086720375
3482,nordisk,7,7,2.154901959985743
3483,numbers,7,7,2.154901959985743
3484,o,7,5,2.3010299956639813
3485,optimized,7,7,2.154901959985743
3486,orders,7,3,2.5228787452803374
3487,overexpression,7,6,2.221848749616356
3488,oxytocin,7,1,3.0
3489,painful,7,2,2.6989700043360187
3490,paper,7,7,2.154901959985743
3491,papilledema,7,2,2.6989700043360187
3492,particle,7,5,2.3010299956639813
3493,pci,7,2,2.6989700043360187
3494,pe,7,2,2.6989700043360187
3495,pectin,7,1,3.0
3496,peg,7,2,2.6989700043360187
3497,pending,7,7,2.154901959985743
3498,phenomenon,7,6,2.221848749616356
3499,physician,7,5,2.3010299956639813
3500,place,7,7,2.154901959985743
3501,placed,7,7,2.154901959985743
3502,plant,7,7,2.154901959985743
3503,platforms,7,6,2.221848749616356
3504,pomj,7,1,3.0
3505,poorer,7,5,2.3010299956639813
3506,possibility,7,7,2.154901959985743
3507,postpartum,7,2,2.6989700043360187
3508,preconception,7,5,2.3010299956639813
3509,preference,7,5,2.3010299956639813
3510,preferential,7,5,2.3010299956639813
3511,promoted,7,7,2.154901959985743
3512,promoter,7,5,2.3010299956639813
3513,raas,7,6,2.221848749616356
3514,raasi,7,1,3.0
3515,rapamycin,7,7,2.154901959985743
3516,rds,7,6,2.221848749616356
3517,reasons,7,5,2.3010299956639813
3518,recombinant,7,3,2.5228787452803374
3519,recruitment,7,7,2.154901959985743
3520,reliability,7,6,2.221848749616356
3521,reliance,7,7,2.154901959985743
3522,repeat,7,6,2.221848749616356
3523,repurposing,7,6,2.221848749616356
3524,reshaping,7,7,2.154901959985743
3525,respective,7,6,2.221848749616356
3526,retrieved,7,7,2.154901959985743
3527,rob,7,7,2.154901959985743
3528,robins,7,7,2.154901959985743
3529,rrs,7,7,2.154901959985743
3530,scalable,7,6,2.221848749616356
3531,scenario,7,4,2.3979400086720375
3532,scopolamine,7,1,3.0
3533,secretagogues,7,3,2.5228787452803374
3534,selectively,7,6,2.221848749616356
3535,separated,7,7,2.154901959985743
3536,sets,7,6,2.221848749616356
3537,shifting,7,7,2.154901959985743
3538,shortages,7,5,2.3010299956639813
3539,simultaneous,7,4,2.3979400086720375
3540,since,7,7,2.154901959985743
3541,slowing,7,6,2.221848749616356
3542,smg,7,1,3.0
3543,society,7,6,2.221848749616356
3544,solely,7,7,2.154901959985743
3545,solids,7,2,2.6989700043360187
3546,spectroscopy,7,5,2.3010299956639813
3547,spontaneous,7,7,2.154901959985743
3548,ssi,7,2,2.6989700043360187
3549,sstr2,7,1,3.0
3550,stachyose,7,1,3.0
3551,sterile,7,6,2.221848749616356
3552,storage,7,5,2.3010299956639813
3553,strengths,7,6,2.221848749616356
3554,structurally,7,7,2.154901959985743
3555,structures,7,7,2.154901959985743
3556,subclinical,7,5,2.3010299956639813
3557,sublingual,7,2,2.6989700043360187
3558,suppresses,7,6,2.221848749616356
3559,synthase,7,6,2.221848749616356
3560,synuclein,7,4,2.3979400086720375
3561,thematic,7,6,2.221848749616356
3562,titration,7,6,2.221848749616356
3563,tramadol,7,1,3.0
3564,transfer,7,6,2.221848749616356
3565,translated,7,7,2.154901959985743
3566,transport,7,7,2.154901959985743
3567,unavailable,7,7,2.154901959985743
3568,units,7,7,2.154901959985743
3569,usa,7,6,2.221848749616356
3570,utilizing,7,7,2.154901959985743
3571,validity,7,7,2.154901959985743
3572,valuable,7,7,2.154901959985743
3573,variant,7,4,2.3979400086720375
3574,verified,7,6,2.221848749616356
3575,viability,7,7,2.154901959985743
3576,videos,7,2,2.6989700043360187
3577,vigilance,7,5,2.3010299956639813
3578,wl,7,1,3.0
3579,yield,7,6,2.221848749616356
3580,008,6,6,2.221848749616356
3581,012,6,6,2.221848749616356
3582,013,6,6,2.221848749616356
3583,023,6,6,2.221848749616356
3584,034,6,6,2.221848749616356
3585,109,6,6,2.221848749616356
3586,113,6,6,2.221848749616356
3587,135,6,4,2.3979400086720375
3588,1404,6,1,3.0
3589,143,6,6,2.221848749616356
3590,161,6,5,2.3010299956639813
3591,168,6,5,2.3010299956639813
3592,182,6,2,2.6989700043360187
3593,199,6,6,2.221848749616356
3594,210,6,3,2.5228787452803374
3595,395,6,3,2.5228787452803374
3596,401,6,5,2.3010299956639813
3597,a1,6,3,2.5228787452803374
3598,actionable,6,6,2.221848749616356
3599,activate,6,6,2.221848749616356
3600,acts,6,6,2.221848749616356
3601,acutely,6,5,2.3010299956639813
3602,adaptations,6,5,2.3010299956639813
3603,added,6,6,2.221848749616356
3604,addresses,6,6,2.221848749616356
3605,adhesion,6,3,2.5228787452803374
3606,adipogenic,6,2,2.6989700043360187
3607,adjust,6,5,2.3010299956639813
3608,adrenal,6,5,2.3010299956639813
3609,aerobic,6,5,2.3010299956639813
3610,aibd,6,1,3.0
3611,ais,6,2,2.6989700043360187
3612,algorithm,6,6,2.221848749616356
3613,algorithms,6,6,2.221848749616356
3614,ambulatory,6,3,2.5228787452803374
3615,ameliorated,6,6,2.221848749616356
3616,aminotransferase,6,5,2.3010299956639813
3617,amplitude,6,4,2.3979400086720375
3618,analyze,6,5,2.3010299956639813
3619,anesthetic,6,5,2.3010299956639813
3620,antidepressant,6,3,2.5228787452803374
3621,antipsychotics,6,4,2.3979400086720375
3622,apnoea,6,5,2.3010299956639813
3623,apolipoprotein,6,4,2.3979400086720375
3624,applicable,6,6,2.221848749616356
3625,appointment,6,2,2.6989700043360187
3626,aqueous,6,5,2.3010299956639813
3627,arrestin,6,5,2.3010299956639813
3628,artificial,6,6,2.221848749616356
3629,attractive,6,6,2.221848749616356
3630,author,6,5,2.3010299956639813
3631,authorization,6,3,2.5228787452803374
3632,autoimmune,6,6,2.221848749616356
3633,autonomic,6,6,2.221848749616356
3634,bbi,6,1,3.0
3635,beginning,6,6,2.221848749616356
3636,benchmarks,6,5,2.3010299956639813
3637,bioelectrical,6,6,2.221848749616356
3638,birth,6,5,2.3010299956639813
3639,blockers,6,6,2.221848749616356
3640,blot,6,6,2.221848749616356
3641,blotting,6,6,2.221848749616356
3642,bnp,6,2,2.6989700043360187
3643,bootstrap,6,3,2.5228787452803374
3644,breve,6,1,3.0
3645,broadly,6,6,2.221848749616356
3646,butyrate,6,3,2.5228787452803374
3647,caco,6,6,2.221848749616356
3648,cagrilintide,6,5,2.3010299956639813
3649,calibration,6,3,2.5228787452803374
3650,carbohydrates,6,4,2.3979400086720375
3651,carefully,6,6,2.221848749616356
3652,carvacrol,6,1,3.0
3653,caused,6,6,2.221848749616356
3654,censoring,6,3,2.5228787452803374
3655,cgas,6,3,2.5228787452803374
3656,changed,6,6,2.221848749616356
3657,channel,6,4,2.3979400086720375
3658,cho,6,3,2.5228787452803374
3659,cholecystitis,6,5,2.3010299956639813
3660,cim,6,1,3.0
3661,circuit,6,6,2.221848749616356
3662,circulation,6,6,2.221848749616356
3663,classical,6,6,2.221848749616356
3664,cli,6,2,2.6989700043360187
3665,coding,6,5,2.3010299956639813
3666,colorectal,6,5,2.3010299956639813
3667,compelling,6,6,2.221848749616356
3668,competence,6,3,2.5228787452803374
3669,completely,6,6,2.221848749616356
3670,compounding,6,5,2.3010299956639813
3671,compromising,6,6,2.221848749616356
3672,confounders,6,6,2.221848749616356
3673,consisting,6,6,2.221848749616356
3674,consultation,6,6,2.221848749616356
3675,contained,6,4,2.3979400086720375
3676,continuously,6,6,2.221848749616356
3677,convergent,6,5,2.3010299956639813
3678,coordination,6,5,2.3010299956639813
3679,ct130,6,1,3.0
3680,curves,6,6,2.221848749616356
3681,dates,6,5,2.3010299956639813
3682,decade,6,6,2.221848749616356
3683,deficits,6,6,2.221848749616356
3684,degenerative,6,2,2.6989700043360187
3685,deliver,6,6,2.221848749616356
3686,delphi,6,4,2.3979400086720375
3687,detect,6,5,2.3010299956639813
3688,detectable,6,5,2.3010299956639813
3689,devices,6,4,2.3979400086720375
3690,dexamethasone,6,2,2.6989700043360187
3691,diagnoses,6,6,2.221848749616356
3692,differentiated,6,6,2.221848749616356
3693,digestibility,6,2,2.6989700043360187
3694,digestive,6,5,2.3010299956639813
3695,diminished,6,6,2.221848749616356
3696,dio,6,5,2.3010299956639813
3697,dispensing,6,6,2.221848749616356
3698,disproportionate,6,6,2.221848749616356
3699,distinguishing,6,5,2.3010299956639813
3700,douyin,6,1,3.0
3701,drawn,6,6,2.221848749616356
3702,editorial,6,6,2.221848749616356
3703,eec,6,1,3.0
3704,efficiency,6,5,2.3010299956639813
3705,effluvium,6,3,2.5228787452803374
3706,egger,6,4,2.3979400086720375
3707,elastography,6,5,2.3010299956639813
3708,electrolyte,6,5,2.3010299956639813
3709,electrostatic,6,2,2.6989700043360187
3710,eleven,6,6,2.221848749616356
3711,elisa,6,6,2.221848749616356
3712,encounter,6,5,2.3010299956639813
3713,endothelin,6,6,2.221848749616356
3714,enkephalin,6,1,3.0
3715,enzymatic,6,6,2.221848749616356
3716,epidemic,6,6,2.221848749616356
3717,episodes,6,5,2.3010299956639813
3718,estrogen,6,3,2.5228787452803374
3719,exacerbations,6,4,2.3979400086720375
3720,excellent,6,6,2.221848749616356
3721,exclusions,6,6,2.221848749616356
3722,exerted,6,6,2.221848749616356
3723,exhibits,6,6,2.221848749616356
3724,expands,6,6,2.221848749616356
3725,expiratory,6,3,2.5228787452803374
3726,explicit,6,5,2.3010299956639813
3727,explicitly,6,6,2.221848749616356
3728,extends,6,5,2.3010299956639813
3729,eye,6,5,2.3010299956639813
3730,facing,6,6,2.221848749616356
3731,fair,6,5,2.3010299956639813
3732,far,6,6,2.221848749616356
3733,fate,6,4,2.3979400086720375
3734,favoring,6,6,2.221848749616356
3735,feed,6,2,2.6989700043360187
3736,ffs,6,1,3.0
3737,fill,6,6,2.221848749616356
3738,fluctuations,6,6,2.221848749616356
3739,follicle,6,4,2.3979400086720375
3740,follows,6,6,2.221848749616356
3741,forms,6,5,2.3010299956639813
3742,fsh,6,3,2.5228787452803374
3743,fullness,6,4,2.3979400086720375
3744,gamma,6,5,2.3010299956639813
3745,gastroesophageal,6,6,2.221848749616356
3746,gastroparesis,6,4,2.3979400086720375
3747,genital,6,5,2.3010299956639813
3748,geometric,6,5,2.3010299956639813
3749,german,6,3,2.5228787452803374
3750,geroprotective,6,4,2.3979400086720375
3751,gland,6,2,2.6989700043360187
3752,gm,6,3,2.5228787452803374
3753,goals,6,6,2.221848749616356
3754,gpr119,6,3,2.5228787452803374
3755,graded,6,5,2.3010299956639813
3756,gradient,6,5,2.3010299956639813
3757,graft,6,2,2.6989700043360187
3758,granule,6,4,2.3979400086720375
3759,green,6,4,2.3979400086720375
3760,gt,6,1,3.0
3761,ha,6,1,3.0
3762,hallmark,6,6,2.221848749616356
3763,hallmarks,6,4,2.3979400086720375
3764,hap,6,1,3.0
3765,harmonised,6,6,2.221848749616356
3766,heavy,6,3,2.5228787452803374
3767,hierarchical,6,6,2.221848749616356
3768,hospitalized,6,4,2.3979400086720375
3769,hub,6,4,2.3979400086720375
3770,hundred,6,5,2.3010299956639813
3771,hydrophobic,6,5,2.3010299956639813
3772,hypothalamus,6,5,2.3010299956639813
3773,iarc,6,1,3.0
3774,ice,6,1,3.0
3775,immunity,6,5,2.3010299956639813
3776,infectious,6,5,2.3010299956639813
3777,influenced,6,6,2.221848749616356
3778,infusions,6,2,2.6989700043360187
3779,innate,6,5,2.3010299956639813
3780,intention,6,6,2.221848749616356
3781,interventional,6,5,2.3010299956639813
3782,inulin,6,2,2.6989700043360187
3783,investigators,6,6,2.221848749616356
3784,involves,6,6,2.221848749616356
3785,ird,6,1,3.0
3786,issue,6,6,2.221848749616356
3787,jumpstart,6,1,3.0
3788,junction,6,3,2.5228787452803374
3789,kc,6,1,3.0
3790,kcal,6,5,2.3010299956639813
3791,ketosis,6,5,2.3010299956639813
3792,labels,6,3,2.5228787452803374
3793,latest,6,6,2.221848749616356
3794,laying,6,2,2.6989700043360187
3795,lb,6,3,2.5228787452803374
3796,lds,6,1,3.0
3797,linagliptin,6,2,2.6989700043360187
3798,lineage,6,3,2.5228787452803374
3799,lipotoxicity,6,6,2.221848749616356
3800,ln,6,3,2.5228787452803374
3801,load,6,4,2.3979400086720375
3802,log,6,5,2.3010299956639813
3803,losing,6,6,2.221848749616356
3804,losses,6,6,2.221848749616356
3805,lrr,6,2,2.6989700043360187
3806,lt,6,2,2.6989700043360187
3807,ma,6,3,2.5228787452803374
3808,mafld,6,3,2.5228787452803374
3809,mala,6,1,3.0
3810,malformations,6,3,2.5228787452803374
3811,manufacturer,6,5,2.3010299956639813
3812,markov,6,6,2.221848749616356
3813,masked,6,5,2.3010299956639813
3814,materials,6,6,2.221848749616356
3815,matrices,6,5,2.3010299956639813
3816,matsuda,6,2,2.6989700043360187
3817,maximal,6,6,2.221848749616356
3818,mda,6,4,2.3979400086720375
3819,mdi,6,1,3.0
3820,mds,6,5,2.3010299956639813
3821,mediate,6,2,2.6989700043360187
3822,mediates,6,6,2.221848749616356
3823,medium,6,6,2.221848749616356
3824,melanocortin,6,3,2.5228787452803374
3825,microglial,6,5,2.3010299956639813
3826,mineral,6,5,2.3010299956639813
3827,mini,6,5,2.3010299956639813
3828,minimally,6,5,2.3010299956639813
3829,mitigation,6,6,2.221848749616356
3830,mmtt,6,2,2.6989700043360187
3831,monthly,6,5,2.3010299956639813
3832,mostly,6,6,2.221848749616356
3833,motor,6,4,2.3979400086720375
3834,mtc,6,2,2.6989700043360187
3835,mtdna,6,4,2.3979400086720375
3836,mvs,6,1,3.0
3837,nadir,6,3,2.5228787452803374
3838,neck,6,2,2.6989700043360187
3839,neither,6,5,2.3010299956639813
3840,neuroimaging,6,5,2.3010299956639813
3841,neuroprotection,6,6,2.221848749616356
3842,nevertheless,6,6,2.221848749616356
3843,nmr,6,4,2.3979400086720375
3844,nmsc,6,1,3.0
3845,nnt,6,2,2.6989700043360187
3846,noninvasive,6,3,2.5228787452803374
3847,nonrandomized,6,4,2.3979400086720375
3848,npy,6,4,2.3979400086720375
3849,nuclei,6,3,2.5228787452803374
3850,nutrients,6,6,2.221848749616356
3851,organized,6,6,2.221848749616356
3852,os,6,2,2.6989700043360187
3853,outpatients,6,5,2.3010299956639813
3854,pairing,6,5,2.3010299956639813
3855,panoptosis,6,1,3.0
3856,paradox,6,5,2.3010299956639813
3857,parameter,6,6,2.221848749616356
3858,pay,6,5,2.3010299956639813
3859,pcr,6,6,2.221848749616356
3860,penetration,6,5,2.3010299956639813
3861,permeation,6,4,2.3979400086720375
3862,peroxidation,6,4,2.3979400086720375
3863,persists,6,6,2.221848749616356
3864,pharmacodynamics,6,6,2.221848749616356
3865,pipeline,6,6,2.221848749616356
3866,planning,6,5,2.3010299956639813
3867,plastic,6,4,2.3979400086720375
3868,plasticity,6,5,2.3010299956639813
3869,platelet,6,2,2.6989700043360187
3870,plays,6,6,2.221848749616356
3871,podocyte,6,1,3.0
3872,positions,6,5,2.3010299956639813
3873,potassium,6,6,2.221848749616356
3874,power,6,6,2.221848749616356
3875,powerful,6,6,2.221848749616356
3876,pparγ,6,4,2.3979400086720375
3877,ppha,6,1,3.0
3878,prandial,6,3,2.5228787452803374
3879,prebiotics,6,5,2.3010299956639813
3880,precursors,6,6,2.221848749616356
3881,predominant,6,6,2.221848749616356
3882,preferences,6,6,2.221848749616356
3883,presentations,6,6,2.221848749616356
3884,prioritize,6,6,2.221848749616356
3885,produces,6,6,2.221848749616356
3886,prolong,6,6,2.221848749616356
3887,proteostasis,6,5,2.3010299956639813
3888,questionnaires,6,4,2.3979400086720375
3889,rated,6,5,2.3010299956639813
3890,reach,6,6,2.221848749616356
3891,reactivity,6,5,2.3010299956639813
3892,reassuring,6,5,2.3010299956639813
3893,receiver,6,5,2.3010299956639813
3894,recognizing,6,6,2.221848749616356
3895,referral,6,6,2.221848749616356
3896,refine,6,6,2.221848749616356
3897,refractory,6,4,2.3979400086720375
3898,regurgitation,6,1,3.0
3899,relapsing,6,6,2.221848749616356
3900,reliable,6,4,2.3979400086720375
3901,reoperation,6,5,2.3010299956639813
3902,rescue,6,3,2.5228787452803374
3903,respect,6,6,2.221848749616356
3904,respiration,6,3,2.5228787452803374
3905,responsible,6,6,2.221848749616356
3906,restores,6,6,2.221848749616356
3907,revascularization,6,5,2.3010299956639813
3908,reveals,6,6,2.221848749616356
3909,rgv,6,1,3.0
3910,roadmap,6,6,2.221848749616356
3911,rose,6,6,2.221848749616356
3912,rotator,6,3,2.5228787452803374
3913,rt,6,5,2.3010299956639813
3914,rwg,6,1,3.0
3915,sasp,6,3,2.5228787452803374
3916,scaffold,6,6,2.221848749616356
3917,scan,6,3,2.5228787452803374
3918,sdb,6,1,3.0
3919,sensors,6,6,2.221848749616356
3920,separately,6,5,2.3010299956639813
3921,seq,6,5,2.3010299956639813
3922,serial,6,6,2.221848749616356
3923,serves,6,6,2.221848749616356
3924,sf,6,3,2.5228787452803374
3925,sgt,6,1,3.0
3926,sick,6,3,2.5228787452803374
3927,silencing,6,5,2.3010299956639813
3928,solution,6,5,2.3010299956639813
3929,sought,6,6,2.221848749616356
3930,south,6,5,2.3010299956639813
3931,specialist,6,6,2.221848749616356
3932,spectrometry,6,5,2.3010299956639813
3933,squamous,6,2,2.6989700043360187
3934,staining,6,6,2.221848749616356
3935,start,6,6,2.221848749616356
3936,strain,6,4,2.3979400086720375
3937,strata,6,5,2.3010299956639813
3938,strengthen,6,6,2.221848749616356
3939,su,6,1,3.0
3940,substitution,6,5,2.3010299956639813
3941,sulfonylurea,6,6,2.221848749616356
3942,supplemented,6,6,2.221848749616356
3943,supplements,6,4,2.3979400086720375
3944,supply,6,6,2.221848749616356
3945,surveys,6,6,2.221848749616356
3946,synaptic,6,6,2.221848749616356
3947,synergy,6,5,2.3010299956639813
3948,t2,6,3,2.5228787452803374
3949,taiwan,6,3,2.5228787452803374
3950,tamoxifen,6,2,2.6989700043360187
3951,tbi,6,1,3.0
3952,telogen,6,3,2.5228787452803374
3953,terminology,6,5,2.3010299956639813
3954,tertiary,6,6,2.221848749616356
3955,text,6,5,2.3010299956639813
3956,theory,6,5,2.3010299956639813
3957,thiamine,6,4,2.3979400086720375
3958,thirty,6,6,2.221848749616356
3959,thromboembolism,6,6,2.221848749616356
3960,tight,6,2,2.6989700043360187
3961,timepoints,6,4,2.3979400086720375
3962,tlr4,6,4,2.3979400086720375
3963,transcripts,6,2,2.6989700043360187
3964,transformative,6,6,2.221848749616356
3965,treg,6,1,3.0
3966,tsa,6,2,2.6989700043360187
3967,tumors,6,3,2.5228787452803374
3968,tumour,6,4,2.3979400086720375
3969,uc,6,1,3.0
3970,udca,6,1,3.0
3971,underexplored,6,6,2.221848749616356
3972,underrepresented,6,6,2.221848749616356
3973,unexposed,6,5,2.3010299956639813
3974,unified,6,6,2.221848749616356
3975,university,6,5,2.3010299956639813
3976,unregulated,6,6,2.221848749616356
3977,update,6,5,2.3010299956639813
3978,urgent,6,6,2.221848749616356
3979,varies,6,6,2.221848749616356
3980,venom,6,2,2.6989700043360187
3981,vertebral,6,1,3.0
3982,veterans,6,3,2.5228787452803374
3983,warranting,6,6,2.221848749616356
3984,wat,6,2,2.6989700043360187
3985,willingness,6,5,2.3010299956639813
3986,wmd,6,1,3.0
3987,ybx1,6,1,3.0
3988,γδ,6,1,3.0
3989,η2p,6,1,3.0
3990,006,5,5,2.3010299956639813
3991,015,5,5,2.3010299956639813
3992,017,5,5,2.3010299956639813
3993,022,5,5,2.3010299956639813
3994,025,5,5,2.3010299956639813
3995,040,5,5,2.3010299956639813
3996,052,5,5,2.3010299956639813
3997,101,5,5,2.3010299956639813
3998,102,5,5,2.3010299956639813
3999,111,5,5,2.3010299956639813
4000,114,5,5,2.3010299956639813
4001,122,5,4,2.3979400086720375
4002,129,5,5,2.3010299956639813
4003,132,5,4,2.3979400086720375
4004,139,5,5,2.3010299956639813
4005,141,5,5,2.3010299956639813
4006,149,5,5,2.3010299956639813
4007,151,5,5,2.3010299956639813
4008,185,5,5,2.3010299956639813
4009,195,5,3,2.5228787452803374
4010,196,5,5,2.3010299956639813
4011,1b,5,4,2.3979400086720375
4012,1rs,5,4,2.3979400086720375
4013,2009,5,3,2.5228787452803374
4014,2012,5,5,2.3010299956639813
4015,211,5,3,2.5228787452803374
4016,214,5,4,2.3979400086720375
4017,216,5,5,2.3010299956639813
4018,242,5,4,2.3979400086720375
4019,2557,5,1,3.0
4020,263,5,5,2.3010299956639813
4021,299,5,4,2.3979400086720375
4022,300,5,5,2.3010299956639813
4023,311,5,3,2.5228787452803374
4024,380,5,2,2.6989700043360187
4025,3a,5,2,2.6989700043360187
4026,3β,5,1,3.0
4027,540,5,1,3.0
4028,580,5,2,2.6989700043360187
4029,5b,5,1,3.0
4030,601,5,1,3.0
4031,672,5,5,2.3010299956639813
4032,6j,5,5,2.3010299956639813
4033,786,5,4,2.3979400086720375
4034,800,5,3,2.5228787452803374
4035,832,5,5,2.3010299956639813
4036,932,5,5,2.3010299956639813
4037,able,5,5,2.3010299956639813
4038,abnormal,5,5,2.3010299956639813
4039,abolished,5,5,2.3010299956639813
4040,accelerating,5,5,2.3010299956639813
4041,accompanying,5,5,2.3010299956639813
4042,accordingly,5,5,2.3010299956639813
4043,accumulating,5,5,2.3010299956639813
4044,accurately,5,5,2.3010299956639813
4045,activator,5,4,2.3979400086720375
4046,addictive,5,3,2.5228787452803374
4047,adds,5,2,2.6989700043360187
4048,adenosine,5,5,2.3010299956639813
4049,aga,5,2,2.6989700043360187
4050,agency,5,5,2.3010299956639813
4051,al,5,5,2.3010299956639813
4052,alignment,5,5,2.3010299956639813
4053,alleviating,5,5,2.3010299956639813
4054,alters,5,5,2.3010299956639813
4055,amplification,5,5,2.3010299956639813
4056,anaesthesia,5,1,3.0
4057,analyse,5,4,2.3979400086720375
4058,antibiotics,5,3,2.5228787452803374
4059,antioxidant,5,5,2.3010299956639813
4060,antiretroviral,5,4,2.3979400086720375
4061,aortic,5,2,2.6989700043360187
4062,apelin,5,2,2.6989700043360187
4063,applying,5,5,2.3010299956639813
4064,appropriateness,5,3,2.5228787452803374
4065,argues,5,5,2.3010299956639813
4066,arrhythmias,5,5,2.3010299956639813
4067,arthroscopic,5,2,2.6989700043360187
4068,aseptic,5,4,2.3979400086720375
4069,associative,5,5,2.3010299956639813
4070,attendance,5,3,2.5228787452803374
4071,attitudes,5,4,2.3979400086720375
4072,attributes,5,3,2.5228787452803374
4073,authorities,5,3,2.5228787452803374
4074,avenue,5,5,2.3010299956639813
4075,axial,5,2,2.6989700043360187
4076,basic,5,5,2.3010299956639813
4077,bca,5,1,3.0
4078,bearing,5,3,2.5228787452803374
4079,becoming,5,5,2.3010299956639813
4080,behaviour,5,5,2.3010299956639813
4081,binds,5,5,2.3010299956639813
4082,biologics,5,4,2.3979400086720375
4083,blinded,5,5,2.3010299956639813
4084,bond,5,2,2.6989700043360187
4085,boundaries,5,3,2.5228787452803374
4086,bpm,5,2,2.6989700043360187
4087,breakthroughs,5,4,2.3979400086720375
4088,bsh,5,2,2.6989700043360187
4089,ca,5,1,3.0
4090,ca7s,5,1,3.0
4091,cabg,5,1,3.0
4092,calendar,5,4,2.3979400086720375
4093,calls,5,5,2.3010299956639813
4094,calorimetry,5,3,2.5228787452803374
4095,canada,5,3,2.5228787452803374
4096,carcinogenicity,5,1,3.0
4097,cardiology,5,4,2.3979400086720375
4098,caregivers,5,1,3.0
4099,carrying,5,4,2.3979400086720375
4100,cartilage,5,4,2.3979400086720375
4101,causing,5,5,2.3010299956639813
4102,cautious,5,5,2.3010299956639813
4103,cerebellar,5,1,3.0
4104,characterise,5,5,2.3010299956639813
4105,characterization,5,3,2.5228787452803374
4106,ci95,5,1,3.0
4107,circadian,5,5,2.3010299956639813
4108,circuitry,5,5,2.3010299956639813
4109,city,5,5,2.3010299956639813
4110,close,5,5,2.3010299956639813
4111,clozapine,5,1,3.0
4112,cmds,5,1,3.0
4113,coexisting,5,5,2.3010299956639813
4114,colitis,5,3,2.5228787452803374
4115,collection,5,5,2.3010299956639813
4116,combines,5,5,2.3010299956639813
4117,commentary,5,4,2.3979400086720375
4118,companion,5,3,2.5228787452803374
4119,comparability,5,3,2.5228787452803374
4120,comparatively,5,5,2.3010299956639813
4121,compensatory,5,5,2.3010299956639813
4122,compliance,5,5,2.3010299956639813
4123,conclude,5,5,2.3010299956639813
4124,concordant,5,5,2.3010299956639813
4125,confers,5,5,2.3010299956639813
4126,conservative,5,5,2.3010299956639813
4127,considerably,5,5,2.3010299956639813
4128,constraints,5,4,2.3979400086720375
4129,consumer,5,4,2.3979400086720375
4130,contains,5,5,2.3010299956639813
4131,continuation,5,5,2.3010299956639813
4132,controversies,5,4,2.3979400086720375
4133,coordinate,5,5,2.3010299956639813
4134,cortex,5,4,2.3979400086720375
4135,counselling,5,4,2.3979400086720375
4136,counterparts,5,5,2.3010299956639813
4137,counts,5,5,2.3010299956639813
4138,crd,5,5,2.3010299956639813
4139,creating,5,5,2.3010299956639813
4140,creb,5,3,2.5228787452803374
4141,credible,5,4,2.3979400086720375
4142,crucially,5,5,2.3010299956639813
4143,cvots,5,3,2.5228787452803374
4144,cyclosporine,5,2,2.6989700043360187
4145,daytime,5,4,2.3979400086720375
4146,deeper,5,5,2.3010299956639813
4147,defect,5,3,2.5228787452803374
4148,deidentified,5,5,2.3010299956639813
4149,dependently,5,5,2.3010299956639813
4150,depends,5,5,2.3010299956639813
4151,derive,5,5,2.3010299956639813
4152,description,5,5,2.3010299956639813
4153,determining,5,5,2.3010299956639813
4154,diarrhoea,5,5,2.3010299956639813
4155,dipole,5,1,3.0
4156,directional,5,5,2.3010299956639813
4157,discontinue,5,5,2.3010299956639813
4158,discontinuers,5,3,2.5228787452803374
4159,discontinuing,5,4,2.3979400086720375
4160,discrimination,5,4,2.3979400086720375
4161,displayed,5,5,2.3010299956639813
4162,disproportionately,5,5,2.3010299956639813
4163,disrupts,5,4,2.3979400086720375
4164,distinction,5,5,2.3010299956639813
4165,distributed,5,5,2.3010299956639813
4166,disturbance,5,4,2.3979400086720375
4167,diuretics,5,4,2.3979400086720375
4168,donor,5,4,2.3979400086720375
4169,donors,5,2,2.6989700043360187
4170,dopamine,5,4,2.3979400086720375
4171,efforts,5,5,2.3010299956639813
4172,efpeglenatide,5,1,3.0
4173,elongation,5,1,3.0
4174,ema,5,4,2.3979400086720375
4175,enrolling,5,5,2.3010299956639813
4176,enteral,5,2,2.6989700043360187
4177,entry,5,4,2.3979400086720375
4178,eoss,5,1,3.0
4179,epicardial,5,4,2.3979400086720375
4180,epilepsy,5,1,3.0
4181,equally,5,4,2.3979400086720375
4182,et,5,5,2.3010299956639813
4183,ethnic,5,4,2.3979400086720375
4184,ethnicity,5,5,2.3010299956639813
4185,ever,5,5,2.3010299956639813
4186,evidenced,5,5,2.3010299956639813
4187,evolve,5,5,2.3010299956639813
4188,exceeded,5,5,2.3010299956639813
4189,exclusive,5,5,2.3010299956639813
4190,exclusively,5,5,2.3010299956639813
4191,excursions,5,4,2.3979400086720375
4192,exerting,5,5,2.3010299956639813
4193,experiment,5,3,2.5228787452803374
4194,experimentally,5,4,2.3979400086720375
4195,explanation,5,5,2.3010299956639813
4196,explanations,5,5,2.3010299956639813
4197,extraction,5,5,2.3010299956639813
4198,f1,5,1,3.0
4199,f2,5,4,2.3979400086720375
4200,f3,5,4,2.3979400086720375
4201,fails,5,5,2.3010299956639813
4202,falls,5,5,2.3010299956639813
4203,faster,5,3,2.5228787452803374
4204,fdr,5,4,2.3979400086720375
4205,feedback,5,5,2.3010299956639813
4206,fentanyl,5,1,3.0
4207,fetal,5,3,2.5228787452803374
4208,fev1,5,1,3.0
4209,fibroscan,5,2,2.6989700043360187
4210,fields,5,4,2.3979400086720375
4211,film,5,2,2.6989700043360187
4212,financial,5,5,2.3010299956639813
4213,fine,5,5,2.3010299956639813
4214,finger,5,2,2.6989700043360187
4215,flexibility,5,5,2.3010299956639813
4216,fm,5,2,2.6989700043360187
4217,folding,5,4,2.3979400086720375
4218,forming,5,5,2.3010299956639813
4219,frail,5,3,2.5228787452803374
4220,funnel,5,4,2.3979400086720375
4221,gallstones,5,3,2.5228787452803374
4222,generalized,5,5,2.3010299956639813
4223,genome,5,4,2.3979400086720375
4224,gfap,5,2,2.6989700043360187
4225,gk,5,2,2.6989700043360187
4226,glycolytic,5,2,2.6989700043360187
4227,great,5,5,2.3010299956639813
4228,gsk,5,1,3.0
4229,haemodynamic,5,4,2.3979400086720375
4230,hard,5,5,2.3010299956639813
4231,hb8,5,1,3.0
4232,hblt,5,1,3.0
4233,healthier,5,3,2.5228787452803374
4234,hedonic,5,4,2.3979400086720375
4235,hemodynamics,5,4,2.3979400086720375
4236,hepatotoxicity,5,2,2.6989700043360187
4237,hg,5,4,2.3979400086720375
4238,hgp,5,1,3.0
4239,hl,5,2,2.6989700043360187
4240,ho,5,1,3.0
4241,hybrid,5,4,2.3979400086720375
4242,hydrogen,5,4,2.3979400086720375
4243,hyperglycemic,5,5,2.3010299956639813
4244,hypersensitivity,5,3,2.5228787452803374
4245,hypertriglyceridemia,5,4,2.3979400086720375
4246,iauc,5,3,2.5228787452803374
4247,icers,5,3,2.5228787452803374
4248,ide,5,1,3.0
4249,idegasp,5,1,3.0
4250,ifn,5,2,2.6989700043360187
4251,iglarreduced,5,1,3.0
4252,immunoreactive,5,1,3.0
4253,imputation,5,4,2.3979400086720375
4254,inappropriate,5,2,2.6989700043360187
4255,inclusive,5,4,2.3979400086720375
4256,inducing,5,5,2.3010299956639813
4257,inferiority,5,3,2.5228787452803374
4258,infiltration,5,4,2.3979400086720375
4259,ingestion,5,4,2.3979400086720375
4260,insecurity,5,2,2.6989700043360187
4261,instead,5,5,2.3010299956639813
4262,instructions,5,5,2.3010299956639813
4263,intelligence,5,5,2.3010299956639813
4264,intensified,5,3,2.5228787452803374
4265,interface,5,4,2.3979400086720375
4266,internal,5,5,2.3010299956639813
4267,intestine,5,5,2.3010299956639813
4268,intraoperative,5,2,2.6989700043360187
4269,involve,5,5,2.3010299956639813
4270,ipmn,5,1,3.0
4271,irisin,5,2,2.6989700043360187
4272,irrs,5,3,2.5228787452803374
4273,iu,5,4,2.3979400086720375
4274,j,5,3,2.5228787452803374
4275,k,5,4,2.3979400086720375
4276,kansas,5,5,2.3010299956639813
4277,kd,5,2,2.6989700043360187
4278,keywords,5,5,2.3010299956639813
4279,kidneyintelx,5,1,3.0
4280,knockout,5,2,2.6989700043360187
4281,kpdm,5,1,3.0
4282,lc,5,4,2.3979400086720375
4283,leader,5,5,2.3010299956639813
4284,libitum,5,4,2.3979400086720375
4285,lifelong,5,5,2.3010299956639813
4286,lira,5,1,3.0
4287,lists,5,5,2.3010299956639813
4288,lor,5,1,3.0
4289,luminal,5,4,2.3979400086720375
4290,lv,5,2,2.6989700043360187
4291,lys12,5,1,3.0
4292,mainland,5,3,2.5228787452803374
4293,mam,5,1,3.0
4294,mammalian,5,4,2.3979400086720375
4295,manager,5,4,2.3979400086720375
4296,mandated,5,1,3.0
4297,mapping,5,5,2.3010299956639813
4298,massiliensis,5,1,3.0
4299,maze,5,2,2.6989700043360187
4300,mcf,5,1,3.0
4301,mci,5,3,2.5228787452803374
4302,meaningfully,5,4,2.3979400086720375
4303,mechanics,5,4,2.3979400086720375
4304,member,5,5,2.3010299956639813
4305,membership,5,3,2.5228787452803374
4306,micro,5,4,2.3979400086720375
4307,microenvironment,5,5,2.3010299956639813
4308,micronutrients,5,5,2.3010299956639813
4309,mid,5,5,2.3010299956639813
4310,midazolam,5,2,2.6989700043360187
4311,minute,5,4,2.3979400086720375
4312,misinformation,5,4,2.3979400086720375
4313,modifier,5,4,2.3979400086720375
4314,mody,5,1,3.0
4315,mono,5,5,2.3010299956639813
4316,monocytes,5,1,3.0
4317,monophosphate,5,5,2.3010299956639813
4318,mouth,5,4,2.3979400086720375
4319,move,5,5,2.3010299956639813
4320,muct,5,1,3.0
4321,nanoparticle,5,5,2.3010299956639813
4322,narratives,5,3,2.5228787452803374
4323,nasal,5,1,3.0
4324,native,5,3,2.5228787452803374
4325,navigating,5,5,2.3010299956639813
4326,necessarily,5,5,2.3010299956639813
4327,needle,5,2,2.6989700043360187
4328,nens,5,1,3.0
4329,neovascular,5,4,2.3979400086720375
4330,neurod1,5,1,3.0
4331,neuropeptide,5,4,2.3979400086720375
4332,newcastle,5,5,2.3010299956639813
4333,nhs,5,3,2.5228787452803374
4334,nicotine,5,2,2.6989700043360187
4335,normalization,5,5,2.3010299956639813
4336,normalized,5,5,2.3010299956639813
4337,north,5,5,2.3010299956639813
4338,nud,5,1,3.0
4339,oao,5,1,3.0
4340,oatp1b,5,1,3.0
4341,observable,5,4,2.3979400086720375
4342,obstetrician,5,2,2.6989700043360187
4343,occupancy,5,3,2.5228787452803374
4344,oil,5,4,2.3979400086720375
4345,ojps,5,1,3.0
4346,org,5,5,2.3010299956639813
4347,orlistat,5,5,2.3010299956639813
4348,orofacial,5,1,3.0
4349,orthopaedic,5,3,2.5228787452803374
4350,osteolysis,5,1,3.0
4351,osteoporotic,5,2,2.6989700043360187
4352,ottawa,5,5,2.3010299956639813
4353,outperformed,5,4,2.3979400086720375
4354,overt,5,4,2.3979400086720375
4355,ox,5,1,3.0
4356,oxphos,5,2,2.6989700043360187
4357,oxycodone,5,1,3.0
4358,p1np,5,2,2.6989700043360187
4359,pan,5,4,2.3979400086720375
4360,pap,5,2,2.6989700043360187
4361,pasireotide,5,1,3.0
4362,pass,5,4,2.3979400086720375
4363,pasteurized,5,1,3.0
4364,patent,5,4,2.3979400086720375
4365,pathophysiologic,5,4,2.3979400086720375
4366,payer,5,4,2.3979400086720375
4367,payers,5,4,2.3979400086720375
4368,pcps,5,1,3.0
4369,perception,5,5,2.3010299956639813
4370,periodontal,5,1,3.0
4371,photo,5,1,3.0
4372,plans,5,5,2.3010299956639813
4373,po,5,1,3.0
4374,pool,5,5,2.3010299956639813
4375,portal,5,3,2.5228787452803374
4376,pose,5,5,2.3010299956639813
4377,positioned,5,5,2.3010299956639813
4378,possess,5,5,2.3010299956639813
4379,possesses,5,5,2.3010299956639813
4380,postmarketing,5,3,2.5228787452803374
4381,postviral,5,1,3.0
4382,pounds,5,3,2.5228787452803374
4383,ppg,5,2,2.6989700043360187
4384,preceding,5,5,2.3010299956639813
4385,predefined,5,5,2.3010299956639813
4386,predominance,5,5,2.3010299956639813
4387,presenting,5,5,2.3010299956639813
4388,prevents,5,5,2.3010299956639813
4389,prioritized,5,4,2.3979400086720375
4390,problems,5,4,2.3979400086720375
4391,professionals,5,4,2.3979400086720375
4392,programmes,5,5,2.3010299956639813
4393,proliferative,5,5,2.3010299956639813
4394,prominent,5,5,2.3010299956639813
4395,propionate,5,4,2.3979400086720375
4396,proteasomal,5,2,2.6989700043360187
4397,protect,5,4,2.3979400086720375
4398,provider,5,4,2.3979400086720375
4399,psoriatic,5,3,2.5228787452803374
4400,psud,5,1,3.0
4401,pt,5,2,2.6989700043360187
4402,pulse,5,4,2.3979400086720375
4403,pump,5,2,2.6989700043360187
4404,pyruvate,5,4,2.3979400086720375
4405,qalys,5,4,2.3979400086720375
4406,qpcr,5,4,2.3979400086720375
4407,qualified,5,4,2.3979400086720375
4408,racial,5,4,2.3979400086720375
4409,radical,5,3,2.5228787452803374
4410,raise,5,5,2.3010299956639813
4411,rankings,5,4,2.3979400086720375
4412,read,5,4,2.3979400086720375
4413,readmissions,5,5,2.3010299956639813
4414,readouts,5,5,2.3010299956639813
4415,recruited,5,5,2.3010299956639813
4416,referred,5,4,2.3979400086720375
4417,regions,5,5,2.3010299956639813
4418,relation,5,5,2.3010299956639813
4419,reliably,5,5,2.3010299956639813
4420,relies,5,5,2.3010299956639813
4421,rely,5,5,2.3010299956639813
4422,reoperations,5,3,2.5228787452803374
4423,replication,5,5,2.3010299956639813
4424,reporter,5,4,2.3979400086720375
4425,representation,5,4,2.3979400086720375
4426,reserve,5,4,2.3979400086720375
4427,residence,5,3,2.5228787452803374
4428,residents,5,1,3.0
4429,resorption,5,3,2.5228787452803374
4430,responders,5,3,2.5228787452803374
4431,responsivity,5,3,2.5228787452803374
4432,restraint,5,2,2.6989700043360187
4433,revolutionized,5,5,2.3010299956639813
4434,root,5,4,2.3979400086720375
4435,routinely,5,5,2.3010299956639813
4436,run,5,4,2.3979400086720375
4437,rupture,5,2,2.6989700043360187
4438,rural,5,2,2.6989700043360187
4439,sagging,5,2,2.6989700043360187
4440,scoping,5,4,2.3979400086720375
4441,screen,5,5,2.3010299956639813
4442,secretin,5,1,3.0
4443,segment,5,5,2.3010299956639813
4444,semen,5,2,2.6989700043360187
4445,senolytics,5,5,2.3010299956639813
4446,sep,5,1,3.0
4447,sessions,5,3,2.5228787452803374
4448,simulated,5,5,2.3010299956639813
4449,slightly,5,4,2.3979400086720375
4450,slope,5,4,2.3979400086720375
4451,soluble,5,4,2.3979400086720375
4452,somatostatin,5,4,2.3979400086720375
4453,spanish,5,4,2.3979400086720375
4454,sphinganine,5,1,3.0
4455,squared,5,5,2.3010299956639813
4456,ssds,5,1,3.0
4457,st26,5,1,3.0
4458,staging,5,5,2.3010299956639813
4459,standardization,5,5,2.3010299956639813
4460,standards,5,5,2.3010299956639813
4461,steroid,5,2,2.6989700043360187
4462,sucrose,5,3,2.5228787452803374
4463,sufficient,5,4,2.3979400086720375
4464,sulfation,5,2,2.6989700043360187
4465,summarized,5,5,2.3010299956639813
4466,supplement,5,4,2.3979400086720375
4467,surgeon,5,3,2.5228787452803374
4468,surgeries,5,4,2.3979400086720375
4469,synergistically,5,5,2.3010299956639813
4470,tablets,5,4,2.3979400086720375
4471,team,5,4,2.3979400086720375
4472,tended,5,3,2.5228787452803374
4473,tern,5,1,3.0
4474,tf,5,1,3.0
4475,therapeutically,5,5,2.3010299956639813
4476,thymol,5,1,3.0
4477,tia,5,1,3.0
4478,timely,5,5,2.3010299956639813
4479,tobacco,5,5,2.3010299956639813
4480,toxicology,5,3,2.5228787452803374
4481,trabecular,5,2,2.6989700043360187
4482,traumatic,5,3,2.5228787452803374
4483,tree,5,2,2.6989700043360187
4484,trigger,5,2,2.6989700043360187
4485,tuberculosis,5,2,2.6989700043360187
4486,tzds,5,3,2.5228787452803374
4487,underlie,5,5,2.3010299956639813
4488,unexplored,5,5,2.3010299956639813
4489,uniquely,5,5,2.3010299956639813
4490,universal,5,5,2.3010299956639813
4491,updates,5,4,2.3979400086720375
4492,upfs,5,2,2.6989700043360187
4493,vagal,5,3,2.5228787452803374
4494,valid,5,4,2.3979400086720375
4495,vehicle,5,4,2.3979400086720375
4496,vicious,5,5,2.3010299956639813
4497,vso,5,1,3.0
4498,wegovy,5,5,2.3010299956639813
4499,wild,5,5,2.3010299956639813
4500,worsen,5,5,2.3010299956639813
4501,wt,5,2,2.6989700043360187
4502,york,5,5,2.3010299956639813
4503,zero,5,5,2.3010299956639813
4504,zfp423,5,1,3.0
4505,γglupal,5,1,3.0
4506,δ,5,5,2.3010299956639813
4507,δbfm,5,1,3.0
4508,μg,5,2,2.6989700043360187
4509,010,4,4,2.3979400086720375
4510,019,4,4,2.3979400086720375
4511,024,4,4,2.3979400086720375
4512,027,4,4,2.3979400086720375
4513,037,4,4,2.3979400086720375
4514,041,4,4,2.3979400086720375
4515,044,4,2,2.6989700043360187
4516,065,4,3,2.5228787452803374
4517,071,4,3,2.5228787452803374
4518,103,4,3,2.5228787452803374
4519,105,4,4,2.3979400086720375
4520,108,4,4,2.3979400086720375
4521,134,4,2,2.6989700043360187
4522,138,4,4,2.3979400086720375
4523,148,4,4,2.3979400086720375
4524,150,4,3,2.5228787452803374
4525,152,4,4,2.3979400086720375
4526,155,4,3,2.5228787452803374
4527,169,4,4,2.3979400086720375
4528,170,4,4,2.3979400086720375
4529,172,4,4,2.3979400086720375
4530,184,4,2,2.6989700043360187
4531,198,4,3,2.5228787452803374
4532,2000,4,4,2.3979400086720375
4533,2005,4,4,2.3979400086720375
4534,2007,4,2,2.6989700043360187
4535,208,4,4,2.3979400086720375
4536,209,4,4,2.3979400086720375
4537,213,4,4,2.3979400086720375
4538,243,4,4,2.3979400086720375
4539,250,4,4,2.3979400086720375
4540,256,4,4,2.3979400086720375
4541,259,4,4,2.3979400086720375
4542,260,4,4,2.3979400086720375
4543,286,4,4,2.3979400086720375
4544,291,4,3,2.5228787452803374
4545,292,4,4,2.3979400086720375
4546,297,4,4,2.3979400086720375
4547,2b,4,3,2.5228787452803374
4548,319,4,2,2.6989700043360187
4549,325,4,1,3.0
4550,328,4,4,2.3979400086720375
4551,391,4,4,2.3979400086720375
4552,400,4,1,3.0
4553,423,4,4,2.3979400086720375
4554,514,4,4,2.3979400086720375
4555,5d,4,2,2.6989700043360187
4556,5l,4,2,2.6989700043360187
4557,626,4,2,2.6989700043360187
4558,693,4,4,2.3979400086720375
4559,702,4,4,2.3979400086720375
4560,722,4,4,2.3979400086720375
4561,777,4,2,2.6989700043360187
4562,853,4,4,2.3979400086720375
4563,993,4,4,2.3979400086720375
4564,abstracts,4,4,2.3979400086720375
4565,acceptance,4,2,2.6989700043360187
4566,accepted,4,3,2.5228787452803374
4567,accessible,4,4,2.3979400086720375
4568,accounts,4,4,2.3979400086720375
4569,accumulate,4,4,2.3979400086720375
4570,acetate,4,4,2.3979400086720375
4571,acetylcysteine,4,3,2.5228787452803374
4572,achievable,4,4,2.3979400086720375
4573,acidic,4,3,2.5228787452803374
4574,acquisition,4,4,2.3979400086720375
4575,acvr2a,4,1,3.0
4576,adapted,4,4,2.3979400086720375
4577,adipokines,4,2,2.6989700043360187
4578,admitted,4,4,2.3979400086720375
4579,affordable,4,3,2.5228787452803374
4580,agencies,4,4,2.3979400086720375
4581,agenda,4,4,2.3979400086720375
4582,agis,4,2,2.6989700043360187
4583,ago,4,4,2.3979400086720375
4584,aha,4,2,2.6989700043360187
4585,akk,4,1,3.0
4586,alex,4,1,3.0
4587,allowing,4,4,2.3979400086720375
4588,altering,4,4,2.3979400086720375
4589,ameliorate,4,4,2.3979400086720375
4590,ameliorates,4,3,2.5228787452803374
4591,america,4,2,2.6989700043360187
4592,amount,4,4,2.3979400086720375
4593,amplified,4,4,2.3979400086720375
4594,amplify,4,4,2.3979400086720375
4595,amstar,4,3,2.5228787452803374
4596,analytics,4,4,2.3979400086720375
4597,ancestry,4,3,2.5228787452803374
4598,anchor,4,4,2.3979400086720375
4599,androgens,4,4,2.3979400086720375
4600,angiography,4,2,2.6989700043360187
4601,ankle,4,3,2.5228787452803374
4602,anticancer,4,1,3.0
4603,antihyperglycaemic,4,2,2.6989700043360187
4604,antihypertensive,4,2,2.6989700043360187
4605,appraisal,4,4,2.3979400086720375
4606,appraise,4,4,2.3979400086720375
4607,appraises,4,4,2.3979400086720375
4608,appropriately,4,4,2.3979400086720375
4609,approvals,4,4,2.3979400086720375
4610,apr,4,1,3.0
4611,armamentarium,4,4,2.3979400086720375
4612,arrhythmic,4,2,2.6989700043360187
4613,assembly,4,3,2.5228787452803374
4614,assesses,4,4,2.3979400086720375
4615,assistance,4,3,2.5228787452803374
4616,assisted,4,3,2.5228787452803374
4617,astrocytic,4,4,2.3979400086720375
4618,asvs,4,1,3.0
4619,asymmetric,4,4,2.3979400086720375
4620,atcc,4,1,3.0
4621,atr,4,1,3.0
4622,attending,4,3,2.5228787452803374
4623,attitude,4,1,3.0
4624,attributing,4,4,2.3979400086720375
4625,attribution,4,3,2.5228787452803374
4626,augment,4,4,2.3979400086720375
4627,augmentation,4,4,2.3979400086720375
4628,aural,4,2,2.6989700043360187
4629,australia,4,3,2.5228787452803374
4630,autoantibody,4,2,2.6989700043360187
4631,autonomy,4,4,2.3979400086720375
4632,ax,4,1,3.0
4633,barrett,4,1,3.0
4634,bas,4,2,2.6989700043360187
4635,bd,4,1,3.0
4636,benign,4,2,2.6989700043360187
4637,benjamini,4,4,2.3979400086720375
4638,beverages,4,2,2.6989700043360187
4639,bia,4,2,2.6989700043360187
4640,bibliometric,4,1,3.0
4641,binomial,4,4,2.3979400086720375
4642,bioassays,4,2,2.6989700043360187
4643,bioavailable,4,4,2.3979400086720375
4644,biobank,4,3,2.5228787452803374
4645,biopsychosocial,4,2,2.6989700043360187
4646,biweekly,4,1,3.0
4647,blackcurrant,4,1,3.0
4648,blindness,4,1,3.0
4649,bmis,4,1,3.0
4650,bo,4,1,3.0
4651,board,4,3,2.5228787452803374
4652,borderline,4,3,2.5228787452803374
4653,bound,4,3,2.5228787452803374
4654,brainstem,4,2,2.6989700043360187
4655,branded,4,3,2.5228787452803374
4656,bridging,4,4,2.3979400086720375
4657,bs,4,1,3.0
4658,called,4,4,2.3979400086720375
4659,caprylate,4,4,2.3979400086720375
4660,capturing,4,4,2.3979400086720375
4661,carried,4,3,2.5228787452803374
4662,causation,4,2,2.6989700043360187
4663,cd14,4,1,3.0
4664,centred,4,4,2.3979400086720375
4665,cerebral,4,4,2.3979400086720375
4666,cf,4,2,2.6989700043360187
4667,cgi,4,1,3.0
4668,chapter,4,3,2.5228787452803374
4669,charcot,4,1,3.0
4670,charge,4,2,2.6989700043360187
4671,checkpoint,4,3,2.5228787452803374
4672,cholecystokinin,4,4,2.3979400086720375
4673,cholelithiasis,4,3,2.5228787452803374
4674,chop,4,3,2.5228787452803374
4675,citrate,4,4,2.3979400086720375
4676,clearer,4,4,2.3979400086720375
4677,clearly,4,4,2.3979400086720375
4678,clostridia,4,1,3.0
4679,clustering,4,3,2.5228787452803374
4680,coagonists,4,2,2.6989700043360187
4681,coi,4,1,3.0
4682,cold,4,2,2.6989700043360187
4683,com,4,4,2.3979400086720375
4684,comfort,4,3,2.5228787452803374
4685,commercially,4,4,2.3979400086720375
4686,company,4,4,2.3979400086720375
4687,compares,4,4,2.3979400086720375
4688,compartment,4,3,2.5228787452803374
4689,competitive,4,4,2.3979400086720375
4690,comprises,4,4,2.3979400086720375
4691,concepts,4,4,2.3979400086720375
4692,confirming,4,3,2.5228787452803374
4693,conjunction,4,3,2.5228787452803374
4694,consecutive,4,4,2.3979400086720375
4695,constitutes,4,4,2.3979400086720375
4696,constitutive,4,3,2.5228787452803374
4697,continuing,4,4,2.3979400086720375
4698,contraction,4,2,2.6989700043360187
4699,convened,4,4,2.3979400086720375
4700,coprimary,4,2,2.6989700043360187
4701,correlations,4,4,2.3979400086720375
4702,corresponded,4,4,2.3979400086720375
4703,corroborate,4,4,2.3979400086720375
4704,cosmetic,4,4,2.3979400086720375
4705,cosmos,4,3,2.5228787452803374
4706,counteract,4,4,2.3979400086720375
4707,counterregulatory,4,3,2.5228787452803374
4708,covid,4,2,2.6989700043360187
4709,cps,4,1,3.0
4710,credibility,4,1,3.0
4711,crps,4,1,3.0
4712,css,4,3,2.5228787452803374
4713,ctr,4,1,3.0
4714,ctx,4,2,2.6989700043360187
4715,culminating,4,4,2.3979400086720375
4716,cyclase,4,4,2.3979400086720375
4717,cycles,4,4,2.3979400086720375
4718,cyp3a4,4,2,2.6989700043360187
4719,cytosolic,4,4,2.3979400086720375
4720,danuglipron,4,3,2.5228787452803374
4721,dawley,4,4,2.3979400086720375
4722,dca,4,1,3.0
4723,dce,4,1,3.0
4724,dcm,4,1,3.0
4725,declamping,4,1,3.0
4726,deduplication,4,4,2.3979400086720375
4727,defects,4,4,2.3979400086720375
4728,definitively,4,4,2.3979400086720375
4729,dehiscence,4,4,2.3979400086720375
4730,delineate,4,4,2.3979400086720375
4731,delivers,4,4,2.3979400086720375
4732,dental,4,2,2.6989700043360187
4733,depots,4,3,2.5228787452803374
4734,describing,4,4,2.3979400086720375
4735,desulfuricans,4,1,3.0
4736,detail,4,4,2.3979400086720375
4737,details,4,4,2.3979400086720375
4738,deterministic,4,4,2.3979400086720375
4739,diarrhea,4,3,2.5228787452803374
4740,dichotomous,4,4,2.3979400086720375
4741,differentially,4,4,2.3979400086720375
4742,dilemmas,4,1,3.0
4743,dili,4,1,3.0
4744,discectomy,4,4,2.3979400086720375
4745,disparity,4,2,2.6989700043360187
4746,dissociation,4,4,2.3979400086720375
4747,distance,4,3,2.5228787452803374
4748,distress,4,3,2.5228787452803374
4749,dls,4,1,3.0
4750,documents,4,4,2.3979400086720375
4751,downregulating,4,4,2.3979400086720375
4752,downward,4,4,2.3979400086720375
4753,dramatically,4,4,2.3979400086720375
4754,draw,4,4,2.3979400086720375
4755,drg,4,1,3.0
4756,dtw,4,1,3.0
4757,ductal,4,3,2.5228787452803374
4758,ducts,4,1,3.0
4759,duodenal,4,4,2.3979400086720375
4760,dysautonomia,4,1,3.0
4761,easo,4,2,2.6989700043360187
4762,ec50,4,3,2.5228787452803374
4763,ecosystem,4,3,2.5228787452803374
4764,educational,4,4,2.3979400086720375
4765,efflux,4,4,2.3979400086720375
4766,egr,4,1,3.0
4767,eli,4,4,2.3979400086720375
4768,elusive,4,4,2.3979400086720375
4769,embedded,4,4,2.3979400086720375
4770,emerges,4,4,2.3979400086720375
4771,emission,4,3,2.5228787452803374
4772,emphasizes,4,4,2.3979400086720375
4773,emulated,4,4,2.3979400086720375
4774,encapsulation,4,2,2.6989700043360187
4775,encompasses,4,4,2.3979400086720375
4776,encounters,4,3,2.5228787452803374
4777,ended,4,4,2.3979400086720375
4778,energetics,4,4,2.3979400086720375
4779,energies,4,3,2.5228787452803374
4780,engineering,4,4,2.3979400086720375
4781,entity,4,4,2.3979400086720375
4782,epithelium,4,4,2.3979400086720375
4783,eq,4,2,2.6989700043360187
4784,equation,4,4,2.3979400086720375
4785,equity,4,4,2.3979400086720375
4786,eqw,4,1,3.0
4787,erythritol,4,1,3.0
4788,escalated,4,4,2.3979400086720375
4789,ester,4,2,2.6989700043360187
4790,estimating,4,4,2.3979400086720375
4791,eta,4,1,3.0
4792,etiology,4,4,2.3979400086720375
4793,etr,4,1,3.0
4794,exacerbated,4,4,2.3979400086720375
4795,exceeding,4,4,2.3979400086720375
4796,exit,4,1,3.0
4797,expectancy,4,4,2.3979400086720375
4798,explains,4,4,2.3979400086720375
4799,exscel,4,2,2.6989700043360187
4800,extensor,4,1,3.0
4801,fairness,4,2,2.6989700043360187
4802,fall,4,4,2.3979400086720375
4803,favored,4,4,2.3979400086720375
4804,feature,4,4,2.3979400086720375
4805,ferritin,4,2,2.6989700043360187
4806,fibrillary,4,3,2.5228787452803374
4807,films,4,2,2.6989700043360187
4808,find,4,4,2.3979400086720375
4809,flavor,4,1,3.0
4810,fmoc,4,1,3.0
4811,folate,4,4,2.3979400086720375
4812,force,4,3,2.5228787452803374
4813,formally,4,4,2.3979400086720375
4814,formula,4,3,2.5228787452803374
4815,formulated,4,4,2.3979400086720375
4816,fourth,4,3,2.5228787452803374
4817,fragmentation,4,4,2.3979400086720375
4818,fructofuranosyl,4,1,3.0
4819,fructose,4,4,2.3979400086720375
4820,funding,4,3,2.5228787452803374
4821,g168s,4,1,3.0
4822,gated,4,4,2.3979400086720375
4823,gender,4,4,2.3979400086720375
4824,generics,4,3,2.5228787452803374
4825,give,4,4,2.3979400086720375
4826,gksset,4,1,3.0
4827,glipizide,4,2,2.6989700043360187
4828,glycolipid,4,2,2.6989700043360187
4829,glycoprotein,4,4,2.3979400086720375
4830,go,4,3,2.5228787452803374
4831,govern,4,4,2.3979400086720375
4832,gpcrvp,4,1,3.0
4833,gpx4,4,4,2.3979400086720375
4834,guarantee,4,3,2.5228787452803374
4835,gynaecological,4,1,3.0
4836,gynecological,4,2,2.6989700043360187
4837,h716,4,4,2.3979400086720375
4838,hads,4,1,3.0
4839,haematological,4,2,2.6989700043360187
4840,hand,4,4,2.3979400086720375
4841,handgrip,4,2,2.6989700043360187
4842,hcp,4,1,3.0
4843,hcu,4,1,3.0
4844,hdm1002,4,1,3.0
4845,healthspan,4,2,2.6989700043360187
4846,hei,4,2,2.6989700043360187
4847,helps,4,4,2.3979400086720375
4848,hens,4,1,3.0
4849,hepatology,4,3,2.5228787452803374
4850,hepg2,4,3,2.5228787452803374
4851,heterozygous,4,4,2.3979400086720375
4852,hif,4,1,3.0
4853,hippocampus,4,4,2.3979400086720375
4854,hispidin,4,1,3.0
4855,hochberg,4,4,2.3979400086720375
4856,hodgkin,4,1,3.0
4857,holds,4,4,2.3979400086720375
4858,home,4,2,2.6989700043360187
4859,horizon,4,4,2.3979400086720375
4860,hpc,4,1,3.0
4861,hrms,4,1,3.0
4862,hsps,4,1,3.0
4863,hydroxybenzoyl,4,4,2.3979400086720375
4864,hygiene,4,1,3.0
4865,hyperinsulinemia,4,3,2.5228787452803374
4866,hyperlipidemia,4,4,2.3979400086720375
4867,hypoglossal,4,3,2.5228787452803374
4868,iglar,4,2,2.6989700043360187
4869,iglartitrated,4,1,3.0
4870,il1b,4,2,2.6989700043360187
4871,imms,4,1,3.0
4872,immunohistochemistry,4,4,2.3979400086720375
4873,immunopositive,4,1,3.0
4874,immunoprecipitation,4,4,2.3979400086720375
4875,immunoreactivity,4,2,2.6989700043360187
4876,impairing,4,4,2.3979400086720375
4877,impairments,4,4,2.3979400086720375
4878,implant,4,4,2.3979400086720375
4879,inadvertent,4,4,2.3979400086720375
4880,indicator,4,4,2.3979400086720375
4881,indicators,4,4,2.3979400086720375
4882,inf,4,1,3.0
4883,informative,4,4,2.3979400086720375
4884,informs,4,4,2.3979400086720375
4885,inhibiting,4,4,2.3979400086720375
4886,initiate,4,4,2.3979400086720375
4887,innovation,4,3,2.5228787452803374
4888,innovations,4,4,2.3979400086720375
4889,inotropic,4,2,2.6989700043360187
4890,input,4,4,2.3979400086720375
4891,inputs,4,4,2.3979400086720375
4892,instrument,4,4,2.3979400086720375
4893,insured,4,2,2.6989700043360187
4894,intact,4,4,2.3979400086720375
4895,interdisciplinary,4,4,2.3979400086720375
4896,interrelated,4,4,2.3979400086720375
4897,intersect,4,4,2.3979400086720375
4898,intertwined,4,4,2.3979400086720375
4899,intestinalis,4,1,3.0
4900,inversely,4,3,2.5228787452803374
4901,investigating,4,4,2.3979400086720375
4902,investment,4,4,2.3979400086720375
4903,ip,4,2,2.6989700043360187
4904,ipfd,4,1,3.0
4905,ipmns,4,1,3.0
4906,isolation,4,4,2.3979400086720375
4907,jnk,4,3,2.5228787452803374
4908,justice,4,4,2.3979400086720375
4909,justify,4,4,2.3979400086720375
4910,kdigo,4,2,2.6989700043360187
4911,kfre,4,2,2.6989700043360187
4912,krt,4,1,3.0
4913,lacked,4,4,2.3979400086720375
4914,lactic,4,4,2.3979400086720375
4915,latter,4,4,2.3979400086720375
4916,lca,4,1,3.0
4917,leaf,4,2,2.6989700043360187
4918,leveraging,4,4,2.3979400086720375
4919,levodopa,4,2,2.6989700043360187
4920,lie,4,4,2.3979400086720375
4921,light,4,4,2.3979400086720375
4922,likewise,4,4,2.3979400086720375
4923,lilly,4,4,2.3979400086720375
4924,lipase,4,4,2.3979400086720375
4925,lipotoxic,4,3,2.5228787452803374
4926,lispro,4,1,3.0
4927,listing,4,3,2.5228787452803374
4928,lizard,4,1,3.0
4929,locally,4,4,2.3979400086720375
4930,loci,4,2,2.6989700043360187
4931,longitudinally,4,4,2.3979400086720375
4932,los,4,2,2.6989700043360187
4933,lsg,4,2,2.6989700043360187
4934,lsm,4,1,3.0
4935,luciferase,4,4,2.3979400086720375
4936,lymphoma,4,1,3.0
4937,lys1972,4,1,3.0
4938,m6a,4,1,3.0
4939,mapped,4,4,2.3979400086720375
4940,marks,4,3,2.5228787452803374
4941,maternal,4,2,2.6989700043360187
4942,mcp,4,2,2.6989700043360187
4943,meanwhile,4,4,2.3979400086720375
4944,medicinal,4,4,2.3979400086720375
4945,medullary,4,4,2.3979400086720375
4946,menopausal,4,3,2.5228787452803374
4947,mention,4,3,2.5228787452803374
4948,mesolimbic,4,4,2.3979400086720375
4949,methyl,4,4,2.3979400086720375
4950,methylation,4,4,2.3979400086720375
4951,microdosing,4,1,3.0
4952,microfluidic,4,2,2.6989700043360187
4953,militaris,4,2,2.6989700043360187
4954,minimum,4,4,2.3979400086720375
4955,mir,4,3,2.5228787452803374
4956,mixture,4,3,2.5228787452803374
4957,mo,4,2,2.6989700043360187
4958,mobile,4,2,2.6989700043360187
4959,mobility,4,3,2.5228787452803374
4960,modalities,4,4,2.3979400086720375
4961,monographs,4,1,3.0
4962,morris,4,2,2.6989700043360187
4963,motivated,4,3,2.5228787452803374
4964,motivational,4,3,2.5228787452803374
4965,moved,4,4,2.3979400086720375
4966,mrt,4,1,3.0
4967,mstn,4,2,2.6989700043360187
4968,mtorc1,4,2,2.6989700043360187
4969,mucus,4,2,2.6989700043360187
4970,mulberry,4,2,2.6989700043360187
4971,multinational,4,4,2.3979400086720375
4972,multisystem,4,4,2.3979400086720375
4973,multivariate,4,4,2.3979400086720375
4974,myotubes,4,3,2.5228787452803374
4975,naive,4,2,2.6989700043360187
4976,nanoemulsion,4,1,3.0
4977,naranjo,4,4,2.3979400086720375
4978,narrow,4,4,2.3979400086720375
4979,nci,4,4,2.3979400086720375
4980,nephropathy,4,4,2.3979400086720375
4981,neuro,4,4,2.3979400086720375
4982,neuroarthropathy,4,1,3.0
4983,neurobiological,4,4,2.3979400086720375
4984,neuroplasticity,4,3,2.5228787452803374
4985,neutrophil,4,3,2.5228787452803374
4986,nonetheless,4,4,2.3979400086720375
4987,noninsulin,4,3,2.5228787452803374
4988,nonobese,4,2,2.6989700043360187
4989,nonscarring,4,1,3.0
4990,npy4,4,1,3.0
4991,nucleus,4,4,2.3979400086720375
4992,numerically,4,3,2.5228787452803374
4993,nutri,4,1,3.0
4994,nyha,4,3,2.5228787452803374
4995,ob,4,2,2.6989700043360187
4996,obedigithum,4,1,3.0
4997,obstetric,4,3,2.5228787452803374
4998,oedema,4,2,2.6989700043360187
4999,oesophageal,4,1,3.0
5000,oesophagus,4,1,3.0
5001,offered,4,4,2.3979400086720375
5002,olanzapine,4,1,3.0
5003,oncologic,4,3,2.5228787452803374
5004,operates,4,4,2.3979400086720375
5005,optimisation,4,4,2.3979400086720375
5006,optimise,4,4,2.3979400086720375
5007,organoids,4,3,2.5228787452803374
5008,originally,4,4,2.3979400086720375
5009,ors,4,4,2.3979400086720375
5010,osteogenic,4,4,2.3979400086720375
5011,ovulation,4,3,2.5228787452803374
5012,oxidized,4,4,2.3979400086720375
5013,p65,4,2,2.6989700043360187
5014,pa,4,1,3.0
5015,padj,4,1,3.0
5016,pair,4,4,2.3979400086720375
5017,palmitate,4,2,2.6989700043360187
5018,panels,4,4,2.3979400086720375
5019,parametric,4,3,2.5228787452803374
5020,participate,4,4,2.3979400086720375
5021,parts,4,4,2.3979400086720375
5022,passive,4,3,2.5228787452803374
5023,paternal,4,2,2.6989700043360187
5024,patulous,4,3,2.5228787452803374
5025,pbsa,4,2,2.6989700043360187
5026,pcp,4,2,2.6989700043360187
5027,pentosus,4,1,3.0
5028,periconceptional,4,1,3.0
5029,permutation,4,2,2.6989700043360187
5030,peroxide,4,3,2.5228787452803374
5031,personalised,4,3,2.5228787452803374
5032,pgc,4,2,2.6989700043360187
5033,pharmacist,4,3,2.5228787452803374
5034,pharmacogenomic,4,3,2.5228787452803374
5035,phosphate,4,4,2.3979400086720375
5036,physiologic,4,4,2.3979400086720375
5037,pilot,4,4,2.3979400086720375
5038,piog,4,1,3.0
5039,plasminogen,4,3,2.5228787452803374
5040,players,4,3,2.5228787452803374
5041,plumeria,4,1,3.0
5042,pm,4,3,2.5228787452803374
5043,pocket,4,4,2.3979400086720375
5044,possibly,4,4,2.3979400086720375
5045,postbariatric,4,4,2.3979400086720375
5046,postcessation,4,2,2.6989700043360187
5047,posterior,4,3,2.5228787452803374
5048,precipitants,4,2,2.6989700043360187
5049,prediabetic,4,2,2.6989700043360187
5050,predict,4,3,2.5228787452803374
5051,predicting,4,4,2.3979400086720375
5052,predictions,4,3,2.5228787452803374
5053,predicts,4,3,2.5228787452803374
5054,pregnancies,4,3,2.5228787452803374
5055,preoperatively,4,4,2.3979400086720375
5056,prepared,4,3,2.5228787452803374
5057,preserves,4,4,2.3979400086720375
5058,pretreatment,4,4,2.3979400086720375
5059,pricing,4,4,2.3979400086720375
5060,privately,4,3,2.5228787452803374
5061,proactive,4,4,2.3979400086720375
5062,probabilities,4,3,2.5228787452803374
5063,processed,4,4,2.3979400086720375
5064,producer,4,2,2.6989700043360187
5065,productivity,4,1,3.0
5066,profoundly,4,4,2.3979400086720375
5067,programming,4,4,2.3979400086720375
5068,progressed,4,3,2.5228787452803374
5069,proteolytic,4,3,2.5228787452803374
5070,proteome,4,1,3.0
5071,proteomic,4,3,2.5228787452803374
5072,proximal,4,4,2.3979400086720375
5073,puberty,4,3,2.5228787452803374
5074,pulley,4,1,3.0
5075,qd,4,1,3.0
5076,quantitatively,4,4,2.3979400086720375
5077,quarterly,4,3,2.5228787452803374
5078,quinidine,4,1,3.0
5079,rcr,4,1,3.0
5080,rct,4,4,2.3979400086720375
5081,readily,4,4,2.3979400086720375
5082,readiness,4,4,2.3979400086720375
5083,reassurance,4,4,2.3979400086720375
5084,recapitulated,4,4,2.3979400086720375
5085,reclassification,4,2,2.6989700043360187
5086,recurring,4,3,2.5228787452803374
5087,refeeding,4,1,3.0
5088,released,4,4,2.3979400086720375
5089,renewed,4,4,2.3979400086720375
5090,requirement,4,3,2.5228787452803374
5091,reshape,4,4,2.3979400086720375
5092,responding,4,3,2.5228787452803374
5093,rest,4,4,2.3979400086720375
5094,restrictions,4,4,2.3979400086720375
5095,rests,4,4,2.3979400086720375
5096,reversal,4,4,2.3979400086720375
5097,reversible,4,4,2.3979400086720375
5098,revised,4,4,2.3979400086720375
5099,rheumatologic,4,1,3.0
5100,rhi,4,1,3.0
5101,rn,4,2,2.6989700043360187
5102,rorr,4,1,3.0
5103,ros,4,4,2.3979400086720375
5104,rubra,4,1,3.0
5105,rules,4,4,2.3979400086720375
5106,rwd,4,3,2.5228787452803374
5107,salivarius,4,1,3.0
5108,sc,4,1,3.0
5109,sciencedirect,4,4,2.3979400086720375
5110,sciences,4,4,2.3979400086720375
5111,se,4,4,2.3979400086720375
5112,searching,4,4,2.3979400086720375
5113,sedds,4,1,3.0
5114,seizure,4,1,3.0
5115,selectin,4,1,3.0
5116,selecting,4,4,2.3979400086720375
5117,selectivity,4,4,2.3979400086720375
5118,semi,4,4,2.3979400086720375
5119,senescent,4,4,2.3979400086720375
5120,ser2448,4,1,3.0
5121,setmelanotide,4,2,2.6989700043360187
5122,sga,4,1,3.0
5123,shedding,4,4,2.3979400086720375
5124,shifted,4,4,2.3979400086720375
5125,sided,4,3,2.5228787452803374
5126,silico,4,4,2.3979400086720375
5127,simd,4,1,3.0
5128,similarities,4,4,2.3979400086720375
5129,simplification,4,1,3.0
5130,simvastatin,4,1,3.0
5131,sirna,4,3,2.5228787452803374
5132,sixteen,4,4,2.3979400086720375
5133,smas,4,1,3.0
5134,smbg,4,2,2.6989700043360187
5135,snac,4,4,2.3979400086720375
5136,soc,4,1,3.0
5137,soft,4,1,3.0
5138,spc,4,1,3.0
5139,spps,4,1,3.0
5140,sprague,4,4,2.3979400086720375
5141,sstr3,4,1,3.0
5142,st25,4,1,3.0
5143,stabilizing,4,4,2.3979400086720375
5144,staff,4,4,2.3979400086720375
5145,stat3,4,1,3.0
5146,static,4,3,2.5228787452803374
5147,stimulates,4,4,2.3979400086720375
5148,stomach,4,4,2.3979400086720375
5149,strengthening,4,4,2.3979400086720375
5150,strict,4,4,2.3979400086720375
5151,stromal,4,3,2.5228787452803374
5152,subcutaneously,4,4,2.3979400086720375
5153,subjected,4,4,2.3979400086720375
5154,subsets,4,4,2.3979400086720375
5155,subtracted,4,3,2.5228787452803374
5156,suitable,4,4,2.3979400086720375
5157,sulfate,4,4,2.3979400086720375
5158,supervised,4,3,2.5228787452803374
5159,suppressive,4,3,2.5228787452803374
5160,sustainability,4,4,2.3979400086720375
5161,sweet,4,3,2.5228787452803374
5162,swelling,4,4,2.3979400086720375
5163,switch,4,4,2.3979400086720375
5164,sympathetic,4,4,2.3979400086720375
5165,tachycardia,4,2,2.6989700043360187
5166,tanycyte,4,1,3.0
5167,tdt,4,1,3.0
5168,telehealth,4,3,2.5228787452803374
5169,telemedicine,4,3,2.5228787452803374
5170,termed,4,4,2.3979400086720375
5171,terminated,4,3,2.5228787452803374
5172,tetrahydrocurcumin,4,1,3.0
5173,thickness,4,3,2.5228787452803374
5174,titrated,4,3,2.5228787452803374
5175,tomography,4,4,2.3979400086720375
5176,topical,4,3,2.5228787452803374
5177,toxin,4,4,2.3979400086720375
5178,track,4,4,2.3979400086720375
5179,traditionally,4,4,2.3979400086720375
5180,transcript,4,3,2.5228787452803374
5181,transcriptomic,4,4,2.3979400086720375
5182,transform,4,4,2.3979400086720375
5183,transformation,4,3,2.5228787452803374
5184,transforming,4,4,2.3979400086720375
5185,transiently,4,4,2.3979400086720375
5186,transmission,4,4,2.3979400086720375
5187,transparent,4,4,2.3979400086720375
5188,true,4,4,2.3979400086720375
5189,turn,4,4,2.3979400086720375
5190,twice,4,4,2.3979400086720375
5191,tyrosine,4,3,2.5228787452803374
5192,ubiquitin,4,3,2.5228787452803374
5193,ug,4,1,3.0
5194,uln,4,1,3.0
5195,uncoupling,4,3,2.5228787452803374
5196,uncover,4,4,2.3979400086720375
5197,underappreciated,4,4,2.3979400086720375
5198,underserved,4,3,2.5228787452803374
5199,undescribed,4,2,2.6989700043360187
5200,unhealthy,4,4,2.3979400086720375
5201,unifying,4,4,2.3979400086720375
5202,unimolecular,4,4,2.3979400086720375
5203,univariable,4,3,2.5228787452803374
5204,universally,4,4,2.3979400086720375
5205,unlike,4,4,2.3979400086720375
5206,unloading,4,2,2.6989700043360187
5207,unprecedented,4,4,2.3979400086720375
5208,urban,4,1,3.0
5209,uremic,4,4,2.3979400086720375
5210,urgently,4,4,2.3979400086720375
5211,usage,4,2,2.6989700043360187
5212,v2,4,3,2.5228787452803374
5213,v20,4,1,3.0
5214,variations,4,4,2.3979400086720375
5215,variety,4,4,2.3979400086720375
5216,venomous,4,1,3.0
5217,verification,4,3,2.5228787452803374
5218,vildagliptin,4,1,3.0
5219,volumes,4,3,2.5228787452803374
5220,voluntary,4,4,2.3979400086720375
5221,vrce,4,1,3.0
5222,vvs,4,1,3.0
5223,wait,4,2,2.6989700043360187
5224,warehouse,4,4,2.3979400086720375
5225,warning,4,4,2.3979400086720375
5226,wnt5a,4,1,3.0
5227,workforce,4,2,2.6989700043360187
5228,workshop,4,2,2.6989700043360187
5229,wss,4,1,3.0
5230,xa1416,4,1,3.0
5231,y297d,4,1,3.0
5232,zinc,4,4,2.3979400086720375
5233,δasm,4,1,3.0
5234,0014,3,3,2.5228787452803374
5235,0036,3,1,3.0
5236,011,3,3,2.5228787452803374
5237,029,3,3,2.5228787452803374
5238,032,3,3,2.5228787452803374
5239,033,3,3,2.5228787452803374
5240,035,3,3,2.5228787452803374
5241,038,3,3,2.5228787452803374
5242,043,3,3,2.5228787452803374
5243,045,3,3,2.5228787452803374
5244,046,3,3,2.5228787452803374
5245,064,3,3,2.5228787452803374
5246,076,3,3,2.5228787452803374
5247,1007,3,3,2.5228787452803374
5248,110,3,3,2.5228787452803374
5249,11cp,3,1,3.0
5250,121,3,3,2.5228787452803374
5251,128,3,3,2.5228787452803374
5252,133,3,3,2.5228787452803374
5253,137,3,3,2.5228787452803374
5254,13c,3,1,3.0
5255,147,3,3,2.5228787452803374
5256,157,3,3,2.5228787452803374
5257,158,3,3,2.5228787452803374
5258,160,3,3,2.5228787452803374
5259,164,3,3,2.5228787452803374
5260,165,3,3,2.5228787452803374
5261,167,3,3,2.5228787452803374
5262,176,3,3,2.5228787452803374
5263,177,3,3,2.5228787452803374
5264,181,3,3,2.5228787452803374
5265,191,3,2,2.6989700043360187
5266,197,3,3,2.5228787452803374
5267,1a02,3,1,3.0
5268,1b03,3,1,3.0
5269,2011,3,3,2.5228787452803374
5270,202,3,3,2.5228787452803374
5271,2030,3,3,2.5228787452803374
5272,212,3,3,2.5228787452803374
5273,220,3,3,2.5228787452803374
5274,227,3,3,2.5228787452803374
5275,229,3,3,2.5228787452803374
5276,231,3,3,2.5228787452803374
5277,233,3,3,2.5228787452803374
5278,235,3,3,2.5228787452803374
5279,241,3,3,2.5228787452803374
5280,245,3,3,2.5228787452803374
5281,247,3,3,2.5228787452803374
5282,251,3,3,2.5228787452803374
5283,254,3,3,2.5228787452803374
5284,255,3,3,2.5228787452803374
5285,266,3,3,2.5228787452803374
5286,270,3,3,2.5228787452803374
5287,273,3,3,2.5228787452803374
5288,304,3,3,2.5228787452803374
5289,309,3,3,2.5228787452803374
5290,320,3,3,2.5228787452803374
5291,322,3,3,2.5228787452803374
5292,342,3,3,2.5228787452803374
5293,349,3,3,2.5228787452803374
5294,366,3,3,2.5228787452803374
5295,381,3,3,2.5228787452803374
5296,383,3,3,2.5228787452803374
5297,393,3,3,2.5228787452803374
5298,397,3,3,2.5228787452803374
5299,3t3,3,2,2.6989700043360187
5300,404,3,3,2.5228787452803374
5301,407,3,3,2.5228787452803374
5302,408,3,3,2.5228787452803374
5303,409,3,3,2.5228787452803374
5304,411,3,3,2.5228787452803374
5305,428,3,3,2.5228787452803374
5306,430,3,2,2.6989700043360187
5307,434,3,3,2.5228787452803374
5308,442,3,3,2.5228787452803374
5309,445,3,3,2.5228787452803374
5310,450,3,3,2.5228787452803374
5311,471,3,2,2.6989700043360187
5312,488,3,3,2.5228787452803374
5313,528,3,3,2.5228787452803374
5314,534,3,3,2.5228787452803374
5315,544,3,2,2.6989700043360187
5316,546,3,3,2.5228787452803374
5317,564,3,3,2.5228787452803374
5318,567,3,2,2.6989700043360187
5319,568,3,3,2.5228787452803374
5320,572,3,3,2.5228787452803374
5321,589,3,3,2.5228787452803374
5322,604,3,3,2.5228787452803374
5323,613,3,3,2.5228787452803374
5324,623,3,3,2.5228787452803374
5325,630,3,3,2.5228787452803374
5326,638,3,3,2.5228787452803374
5327,650,3,3,2.5228787452803374
5328,678,3,3,2.5228787452803374
5329,690,3,3,2.5228787452803374
5330,694,3,3,2.5228787452803374
5331,701,3,3,2.5228787452803374
5332,712,3,3,2.5228787452803374
5333,717,3,3,2.5228787452803374
5334,733,3,3,2.5228787452803374
5335,740,3,3,2.5228787452803374
5336,772,3,3,2.5228787452803374
5337,775,3,3,2.5228787452803374
5338,816,3,3,2.5228787452803374
5339,825,3,3,2.5228787452803374
5340,881,3,3,2.5228787452803374
5341,919,3,3,2.5228787452803374
5342,933,3,3,2.5228787452803374
5343,934,3,3,2.5228787452803374
5344,953,3,3,2.5228787452803374
5345,962,3,2,2.6989700043360187
5346,987,3,3,2.5228787452803374
5347,ablated,3,1,3.0
5348,abnormally,3,3,2.5228787452803374
5349,abstinence,3,2,2.6989700043360187
5350,abstract,3,3,2.5228787452803374
5351,academia,3,3,2.5228787452803374
5352,acarbose,3,3,2.5228787452803374
5353,accommodate,3,3,2.5228787452803374
5354,accumulated,3,3,2.5228787452803374
5355,ace,3,2,2.6989700043360187
5356,ache,3,1,3.0
5357,achieves,3,3,2.5228787452803374
5358,acromegaly,3,1,3.0
5359,acted,3,3,2.5228787452803374
5360,acyl,3,3,2.5228787452803374
5361,adenine,3,3,2.5228787452803374
5362,adjacent,3,3,2.5228787452803374
5363,adjustable,3,3,2.5228787452803374
5364,adma,3,1,3.0
5365,admet,3,2,2.6989700043360187
5366,adopting,3,3,2.5228787452803374
5367,adpkd,3,1,3.0
5368,advancement,3,3,2.5228787452803374
5369,advent,3,3,2.5228787452803374
5370,advised,3,3,2.5228787452803374
5371,advocate,3,3,2.5228787452803374
5372,aetiologies,3,2,2.6989700043360187
5373,ages,3,3,2.5228787452803374
5374,aggravate,3,3,2.5228787452803374
5375,aggravated,3,3,2.5228787452803374
5376,aggregate,3,3,2.5228787452803374
5377,aion,3,1,3.0
5378,alphamissense,3,1,3.0
5379,ame,3,1,3.0
5380,ameliorating,3,3,2.5228787452803374
5381,amycretin,3,2,2.6989700043360187
5382,amylase,3,2,2.6989700043360187
5383,anabolic,3,3,2.5228787452803374
5384,anaemia,3,3,2.5228787452803374
5385,analogous,3,3,2.5228787452803374
5386,anatomical,3,3,2.5228787452803374
5387,anhedonia,3,2,2.6989700043360187
5388,anion,3,2,2.6989700043360187
5389,anonymous,3,3,2.5228787452803374
5390,anthocyanins,3,3,2.5228787452803374
5391,antiarrhythmic,3,2,2.6989700043360187
5392,antibodies,3,3,2.5228787452803374
5393,anticipated,3,3,2.5228787452803374
5394,antidepressants,3,1,3.0
5395,antinociceptive,3,3,2.5228787452803374
5396,antiseizure,3,1,3.0
5397,antithrombotic,3,3,2.5228787452803374
5398,ap,3,1,3.0
5399,apglp1r,3,1,3.0
5400,apoe,3,3,2.5228787452803374
5401,applies,3,3,2.5228787452803374
5402,appreciated,3,3,2.5228787452803374
5403,apps,3,1,3.0
5404,aquaporin,3,2,2.6989700043360187
5405,arises,3,3,2.5228787452803374
5406,arising,3,3,2.5228787452803374
5407,arms,3,3,2.5228787452803374
5408,arousal,3,3,2.5228787452803374
5409,ascites,3,1,3.0
5410,asians,3,1,3.0
5411,asn,3,2,2.6989700043360187
5412,aso,3,2,2.6989700043360187
5413,aspartate,3,3,2.5228787452803374
5414,assist,3,3,2.5228787452803374
5415,associate,3,3,2.5228787452803374
5416,associates,3,3,2.5228787452803374
5417,assumed,3,3,2.5228787452803374
5418,assumptions,3,3,2.5228787452803374
5419,astrocytes,3,3,2.5228787452803374
5420,asymptomatic,3,3,2.5228787452803374
5421,attempt,3,1,3.0
5422,attempted,3,3,2.5228787452803374
5423,attracted,3,3,2.5228787452803374
5424,attrition,3,3,2.5228787452803374
5425,atypical,3,3,2.5228787452803374
5426,augmented,3,2,2.6989700043360187
5427,authoritative,3,3,2.5228787452803374
5428,authority,3,3,2.5228787452803374
5429,autophagic,3,3,2.5228787452803374
5430,avenues,3,3,2.5228787452803374
5431,b12,3,3,2.5228787452803374
5432,bacteriome,3,1,3.0
5433,bacteroides,3,3,2.5228787452803374
5434,bacteroidetes,3,3,2.5228787452803374
5435,bb,3,1,3.0
5436,bbs,3,1,3.0
5437,behaviours,3,3,2.5228787452803374
5438,benchmark,3,3,2.5228787452803374
5439,beneficence,3,3,2.5228787452803374
5440,bfi,3,1,3.0
5441,bhe,3,1,3.0
5442,bid,3,1,3.0
5443,bifidobacterium,3,3,2.5228787452803374
5444,bifunctional,3,1,3.0
5445,bilateral,3,3,2.5228787452803374
5446,bilirubin,3,2,2.6989700043360187
5447,binary,3,3,2.5228787452803374
5448,bioactivity,3,3,2.5228787452803374
5449,bioenergetic,3,3,2.5228787452803374
5450,biosynthesis,3,3,2.5228787452803374
5451,bitter,3,1,3.0
5452,blm,3,1,3.0
5453,bloating,3,1,3.0
5454,blocking,3,2,2.6989700043360187
5455,blunted,3,3,2.5228787452803374
5456,blunting,3,3,2.5228787452803374
5457,bonferroni,3,3,2.5228787452803374
5458,box,3,3,2.5228787452803374
5459,boxed,3,3,2.5228787452803374
5460,breakfast,3,3,2.5228787452803374
5461,breakthrough,3,3,2.5228787452803374
5462,bridge,3,3,2.5228787452803374
5463,briggs,3,3,2.5228787452803374
5464,broaden,3,3,2.5228787452803374
5465,buccal,3,1,3.0
5466,budgets,3,2,2.6989700043360187
5467,burn,3,1,3.0
5468,c2c12,3,2,2.6989700043360187
5469,calcitonin,3,2,2.6989700043360187
5470,call,3,3,2.5228787452803374
5471,came,3,3,2.5228787452803374
5472,candidacy,3,2,2.6989700043360187
5473,capsules,3,2,2.6989700043360187
5474,carbamazepine,3,1,3.0
5475,carcinogenesis,3,2,2.6989700043360187
5476,carcinogenic,3,1,3.0
5477,cardiomems,3,1,3.0
5478,cardiomyocytes,3,2,2.6989700043360187
5479,caregiver,3,1,3.0
5480,carriers,3,3,2.5228787452803374
5481,carries,3,3,2.5228787452803374
5482,catechins,3,2,2.6989700043360187
5483,cation,3,2,2.6989700043360187
5484,cck,3,3,2.5228787452803374
5485,cd206,3,3,2.5228787452803374
5486,cd25,3,1,3.0
5487,centrally,3,3,2.5228787452803374
5488,cerebellum,3,1,3.0
5489,cfrd,3,1,3.0
5490,cfs,3,1,3.0
5491,chaperone,3,2,2.6989700043360187
5492,chart,3,3,2.5228787452803374
5493,chemically,3,3,2.5228787452803374
5494,chemosensory,3,1,3.0
5495,chicks,3,1,3.0
5496,chip,3,3,2.5228787452803374
5497,cholangitis,3,2,2.6989700043360187
5498,cholinergic,3,2,2.6989700043360187
5499,chow,3,3,2.5228787452803374
5500,chromatographic,3,3,2.5228787452803374
5501,cinahl,3,3,2.5228787452803374
5502,cirrhotic,3,3,2.5228787452803374
5503,claim,3,3,2.5228787452803374
5504,clarithromycin,3,1,3.0
5505,clarity,3,3,2.5228787452803374
5506,closer,3,3,2.5228787452803374
5507,clostridium,3,3,2.5228787452803374
5508,cmax,3,2,2.6989700043360187
5509,cny,3,1,3.0
5510,coa,3,3,2.5228787452803374
5511,coaching,3,2,2.6989700043360187
5512,coadministration,3,2,2.6989700043360187
5513,cochran,3,3,2.5228787452803374
5514,coe,3,1,3.0
5515,coexists,3,3,2.5228787452803374
5516,cola,3,1,3.0
5517,colic,3,1,3.0
5518,colocalisation,3,1,3.0
5519,colony,3,3,2.5228787452803374
5520,commitment,3,2,2.6989700043360187
5521,committee,3,2,2.6989700043360187
5522,communicable,3,1,3.0
5523,communities,3,3,2.5228787452803374
5524,companies,3,1,3.0
5525,compatibility,3,1,3.0
5526,completing,3,3,2.5228787452803374
5527,component025,3,1,3.0
5528,comprise,3,3,2.5228787452803374
5529,computed,3,3,2.5228787452803374
5530,computer,3,3,2.5228787452803374
5531,con,3,2,2.6989700043360187
5532,conception,3,3,2.5228787452803374
5533,conducting,3,3,2.5228787452803374
5534,conference,3,3,2.5228787452803374
5535,conferring,3,3,2.5228787452803374
5536,confined,3,3,2.5228787452803374
5537,confocal,3,2,2.6989700043360187
5538,consecutively,3,3,2.5228787452803374
5539,conserved,3,3,2.5228787452803374
5540,constant,3,2,2.6989700043360187
5541,constituted,3,3,2.5228787452803374
5542,consummatory,3,2,2.6989700043360187
5543,contain,3,3,2.5228787452803374
5544,contextual,3,3,2.5228787452803374
5545,contextualize,3,3,2.5228787452803374
5546,contraception,3,2,2.6989700043360187
5547,contraceptive,3,3,2.5228787452803374
5548,contrasts,3,3,2.5228787452803374
5549,controversy,3,3,2.5228787452803374
5550,converting,3,3,2.5228787452803374
5551,cordyceps,3,2,2.6989700043360187
5552,correct,3,3,2.5228787452803374
5553,correctly,3,3,2.5228787452803374
5554,correlates,3,3,2.5228787452803374
5555,corticosteroids,3,3,2.5228787452803374
5556,counter,3,3,2.5228787452803374
5557,counterfeit,3,2,2.6989700043360187
5558,counterregulation,3,1,3.0
5559,country,3,3,2.5228787452803374
5560,cover,3,2,2.6989700043360187
5561,covering,3,3,2.5228787452803374
5562,covers,3,3,2.5228787452803374
5563,creates,3,3,2.5228787452803374
5564,creatine,3,1,3.0
5565,cri,3,1,3.0
5566,csm,3,1,3.0
5567,cues,3,3,2.5228787452803374
5568,cut,3,3,2.5228787452803374
5569,cvot,3,3,2.5228787452803374
5570,cyclophilin,3,1,3.0
5571,cystic,3,3,2.5228787452803374
5572,cytometry,3,3,2.5228787452803374
5573,d3ga,3,1,3.0
5574,dd,3,1,3.0
5575,deacetylation,3,2,2.6989700043360187
5576,debilitating,3,3,2.5228787452803374
5577,decarboxylase,3,1,3.0
5578,decomposition,3,3,2.5228787452803374
5579,default,3,3,2.5228787452803374
5580,degrading,3,2,2.6989700043360187
5581,delays,3,3,2.5228787452803374
5582,deletion,3,3,2.5228787452803374
5583,delivering,3,3,2.5228787452803374
5584,demands,3,3,2.5228787452803374
5585,dense,3,3,2.5228787452803374
5586,deployment,3,2,2.6989700043360187
5587,depot,3,1,3.0
5588,dermal,3,3,2.5228787452803374
5589,dermatitis,3,2,2.6989700043360187
5590,desulfovibrio,3,2,2.6989700043360187
5591,devaluation,3,1,3.0
5592,dian,3,1,3.0
5593,die,3,2,2.6989700043360187
5594,dietitian,3,3,2.5228787452803374
5595,diffusion,3,3,2.5228787452803374
5596,diminish,3,3,2.5228787452803374
5597,diminishes,3,3,2.5228787452803374
5598,dinucleotide,3,3,2.5228787452803374
5599,disciplines,3,3,2.5228787452803374
5600,discontinuations,3,3,2.5228787452803374
5601,discrepancy,3,3,2.5228787452803374
5602,dislocation,3,2,2.6989700043360187
5603,dispensed,3,2,2.6989700043360187
5604,disruptions,3,3,2.5228787452803374
5605,distension,3,1,3.0
5606,distinguished,3,3,2.5228787452803374
5607,distributions,3,3,2.5228787452803374
5608,diuresis,3,2,2.6989700043360187
5609,diuretic,3,3,2.5228787452803374
5610,diurnal,3,2,2.6989700043360187
5611,divergence,3,3,2.5228787452803374
5612,dmadds,3,1,3.0
5613,dmf,3,1,3.0
5614,dmn,3,1,3.0
5615,docusate,3,2,2.6989700043360187
5616,dor,3,1,3.0
5617,dotap,3,1,3.0
5618,drawing,3,3,2.5228787452803374
5619,drinks,3,1,3.0
5620,dutch,3,2,2.6989700043360187
5621,dxa,3,2,2.6989700043360187
5622,dysglycaemia,3,3,2.5228787452803374
5623,e3,3,2,2.6989700043360187
5624,eae,3,1,3.0
5625,ear,3,1,3.0
5626,echocardiography,3,3,2.5228787452803374
5627,ecm,3,1,3.0
5628,ect,3,1,3.0
5629,edd,3,1,3.0
5630,edged,3,2,2.6989700043360187
5631,editorials,3,3,2.5228787452803374
5632,effector,3,3,2.5228787452803374
5633,effort,3,2,2.6989700043360187
5634,egr1,3,1,3.0
5635,eif2α,3,3,2.5228787452803374
5636,element,3,3,2.5228787452803374
5637,elements,3,3,2.5228787452803374
5638,eliminate,3,3,2.5228787452803374
5639,emissions,3,2,2.6989700043360187
5640,employing,3,2,2.6989700043360187
5641,encourage,3,3,2.5228787452803374
5642,encouraging,3,3,2.5228787452803374
5643,endometrioid,3,1,3.0
5644,endoscopist,3,2,2.6989700043360187
5645,endurance,3,2,2.6989700043360187
5646,engaging,3,3,2.5228787452803374
5647,engineered,3,3,2.5228787452803374
5648,enhancer,3,3,2.5228787452803374
5649,enriching,3,2,2.6989700043360187
5650,entire,3,3,2.5228787452803374
5651,entirely,3,3,2.5228787452803374
5652,epic,3,2,2.6989700043360187
5653,epigastric,3,3,2.5228787452803374
5654,episodic,3,2,2.6989700043360187
5655,equivalents,3,2,2.6989700043360187
5656,eras,3,2,2.6989700043360187
5657,erythrocyte,3,3,2.5228787452803374
5658,erythroid,3,3,2.5228787452803374
5659,esa,3,1,3.0
5660,eskd,3,1,3.0
5661,esophagogastroduodenoscopy,3,3,2.5228787452803374
5662,essentially,3,3,2.5228787452803374
5663,establishes,3,3,2.5228787452803374
5664,estimation,3,2,2.6989700043360187
5665,estradiol,3,3,2.5228787452803374
5666,ethyl,3,3,2.5228787452803374
5667,eu,3,3,2.5228787452803374
5668,eudract,3,2,2.6989700043360187
5669,eventually,3,3,2.5228787452803374
5670,everyday,3,3,2.5228787452803374
5671,ewom,3,1,3.0
5672,example,3,3,2.5228787452803374
5673,examples,3,2,2.6989700043360187
5674,excursion,3,1,3.0
5675,exemplified,3,3,2.5228787452803374
5676,exhaled,3,2,2.6989700043360187
5677,exogenous,3,3,2.5228787452803374
5678,explanatory,3,3,2.5228787452803374
5679,export,3,3,2.5228787452803374
5680,extensively,3,3,2.5228787452803374
5681,externally,3,3,2.5228787452803374
5682,extrahepatic,3,3,2.5228787452803374
5683,extrapolation,3,2,2.6989700043360187
5684,extremely,3,3,2.5228787452803374
5685,f,3,3,2.5228787452803374
5686,faces,3,3,2.5228787452803374
5687,facilitates,3,3,2.5228787452803374
5688,factorial,3,2,2.6989700043360187
5689,failing,3,3,2.5228787452803374
5690,familial,3,3,2.5228787452803374
5691,families,3,3,2.5228787452803374
5692,fasted,3,2,2.6989700043360187
5693,fatal,3,3,2.5228787452803374
5694,favorably,3,3,2.5228787452803374
5695,fea,3,1,3.0
5696,fear,3,3,2.5228787452803374
5697,feces,3,3,2.5228787452803374
5698,federal,3,3,2.5228787452803374
5699,federally,3,3,2.5228787452803374
5700,fee,3,3,2.5228787452803374
5701,fermentative,3,2,2.6989700043360187
5702,fermented,3,1,3.0
5703,ferroptotic,3,2,2.6989700043360187
5704,ffml,3,1,3.0
5705,fgf,3,3,2.5228787452803374
5706,fibers,3,3,2.5228787452803374
5707,fibre,3,2,2.6989700043360187
5708,fibrogenesis,3,2,2.6989700043360187
5709,fifty,3,3,2.5228787452803374
5710,finngen,3,2,2.6989700043360187
5711,firmicutes,3,3,2.5228787452803374
5712,fisher,3,3,2.5228787452803374
5713,flavonoid,3,2,2.6989700043360187
5714,flavonoids,3,3,2.5228787452803374
5715,flexible,3,3,2.5228787452803374
5716,flight,3,1,3.0
5717,fnq,3,1,3.0
5718,follicular,3,3,2.5228787452803374
5719,former,3,3,2.5228787452803374
5720,formerly,3,3,2.5228787452803374
5721,forward,3,3,2.5228787452803374
5722,foundayo,3,2,2.6989700043360187
5723,fractions,3,1,3.0
5724,frame,3,3,2.5228787452803374
5725,framing,3,3,2.5228787452803374
5726,frequencies,3,3,2.5228787452803374
5727,frontier,3,3,2.5228787452803374
5728,ft,3,1,3.0
5729,funded,3,3,2.5228787452803374
5730,galactomannans,3,1,3.0
5731,ganglion,3,3,2.5228787452803374
5732,gas,3,2,2.6989700043360187
5733,gastroenterology,3,2,2.6989700043360187
5734,gbsa,3,2,2.6989700043360187
5735,gcs,3,2,2.6989700043360187
5736,gdn,3,1,3.0
5737,generates,3,3,2.5228787452803374
5738,generic,3,2,2.6989700043360187
5739,genitourinary,3,2,2.6989700043360187
5740,genotype,3,3,2.5228787452803374
5741,genotyping,3,3,2.5228787452803374
5742,geographic,3,3,2.5228787452803374
5743,geographical,3,3,2.5228787452803374
5744,geometry,3,2,2.6989700043360187
5745,geroprotection,3,1,3.0
5746,glands,3,2,2.6989700043360187
5747,glicentin,3,1,3.0
5748,glpa,3,1,3.0
5749,glucoregulatory,3,1,3.0
5750,glutamic,3,1,3.0
5751,glutathione,3,3,2.5228787452803374
5752,glycogen,3,1,3.0
5753,glycoside,3,2,2.6989700043360187
5754,gonadotropin,3,3,2.5228787452803374
5755,gonads,3,1,3.0
5756,government,3,3,2.5228787452803374
5757,governmental,3,2,2.6989700043360187
5758,gp,3,1,3.0
5759,gpr107,3,1,3.0
5760,gradients,3,2,2.6989700043360187
5761,graves,3,1,3.0
5762,greenhouse,3,2,2.6989700043360187
5763,grocery,3,1,3.0
5764,gsh,3,3,2.5228787452803374
5765,h2s,3,1,3.0
5766,h9c2,3,1,3.0
5767,habit,3,1,3.0
5768,habits,3,3,2.5228787452803374
5769,hamster,3,2,2.6989700043360187
5770,harmonized,3,3,2.5228787452803374
5771,headline,3,3,2.5228787452803374
5772,hearing,3,2,2.6989700043360187
5773,helping,3,3,2.5228787452803374
5774,hematologic,3,2,2.6989700043360187
5775,hemorrhage,3,2,2.6989700043360187
5776,hence,3,3,2.5228787452803374
5777,hepatocytes,3,3,2.5228787452803374
5778,hepatoprotective,3,3,2.5228787452803374
5779,hiaa,3,1,3.0
5780,histopathology,3,3,2.5228787452803374
5781,hksj,3,1,3.0
5782,hop,3,1,3.0
5783,hordeola,3,1,3.0
5784,hpa,3,3,2.5228787452803374
5785,hrsa,3,1,3.0
5786,hspa5,3,2,2.6989700043360187
5787,ht,3,3,2.5228787452803374
5788,hubs,3,3,2.5228787452803374
5789,humeana,3,1,3.0
5790,hy,3,1,3.0
5791,hyd,3,1,3.0
5792,hydration,3,3,2.5228787452803374
5793,hyperaminoacidemia,3,1,3.0
5794,hyperfiltration,3,3,2.5228787452803374
5795,hyperglycaemic,3,1,3.0
5796,hyperkalaemia,3,2,2.6989700043360187
5797,hypertrophy,3,3,2.5228787452803374
5798,hypoglycaemic,3,3,2.5228787452803374
5799,hypopnea,3,3,2.5228787452803374
5800,hypoxemia,3,2,2.6989700043360187
5801,hz,3,2,2.6989700043360187
5802,ic₅₀,3,2,2.6989700043360187
5803,iddm,3,1,3.0
5804,identical,3,3,2.5228787452803374
5805,iib,3,1,3.0
5806,il2,3,1,3.0
5807,ileal,3,3,2.5228787452803374
5808,ill,3,1,3.0
5809,illicit,3,2,2.6989700043360187
5810,imbalances,3,3,2.5228787452803374
5811,immediate,3,3,2.5228787452803374
5812,immortal,3,3,2.5228787452803374
5813,immunoblot,3,2,2.6989700043360187
5814,immunoblotting,3,3,2.5228787452803374
5815,immunofluorescence,3,3,2.5228787452803374
5816,immunologic,3,2,2.6989700043360187
5817,immunological,3,2,2.6989700043360187
5818,immunosenescence,3,3,2.5228787452803374
5819,imperative,3,3,2.5228787452803374
5820,implantation,3,2,2.6989700043360187
5821,implement,3,3,2.5228787452803374
5822,implicate,3,3,2.5228787452803374
5823,imply,3,3,2.5228787452803374
5824,imprecision,3,3,2.5228787452803374
5825,incidences,3,3,2.5228787452803374
5826,inconsistently,3,3,2.5228787452803374
5827,incorporates,3,3,2.5228787452803374
5828,incubation,3,2,2.6989700043360187
5829,indeed,3,3,2.5228787452803374
5830,independence,3,3,2.5228787452803374
5831,individualised,3,3,2.5228787452803374
5832,industry,3,3,2.5228787452803374
5833,ineligible,3,2,2.6989700043360187
5834,inequalities,3,3,2.5228787452803374
5835,inertia,3,3,2.5228787452803374
5836,inferior,3,3,2.5228787452803374
5837,inferred,3,3,2.5228787452803374
5838,infertility,3,3,2.5228787452803374
5839,influential,3,2,2.6989700043360187
5840,ingredients,3,3,2.5228787452803374
5841,inos,3,3,2.5228787452803374
5842,insr,3,3,2.5228787452803374
5843,instis,3,1,3.0
5844,institution,3,3,2.5228787452803374
5845,int,3,1,3.0
5846,intakes,3,2,2.6989700043360187
5847,interception,3,2,2.6989700043360187
5848,interferon,3,3,2.5228787452803374
5849,intermediates,3,3,2.5228787452803374
5850,internalization,3,3,2.5228787452803374
5851,interorgan,3,2,2.6989700043360187
5852,interpret,3,3,2.5228787452803374
5853,interpreting,3,3,2.5228787452803374
5854,interstitial,3,3,2.5228787452803374
5855,intrathecal,3,1,3.0
5856,intricate,3,3,2.5228787452803374
5857,introduce,3,3,2.5228787452803374
5858,isocaloric,3,2,2.6989700043360187
5859,jak,3,3,2.5228787452803374
5860,jakmip3,3,1,3.0
5861,janus,3,3,2.5228787452803374
5862,joanna,3,3,2.5228787452803374
5863,journals,3,3,2.5228787452803374
5864,justified,3,3,2.5228787452803374
5865,k58,3,1,3.0
5866,ketone,3,3,2.5228787452803374
5867,keyword,3,2,2.6989700043360187
5868,kilograms,3,3,2.5228787452803374
5869,kinetics,3,3,2.5228787452803374
5870,ko,3,1,3.0
5871,korean,3,3,2.5228787452803374
5872,kruskal,3,2,2.6989700043360187
5873,kynurenine,3,1,3.0
5874,l1,3,2,2.6989700043360187
5875,labelling,3,1,3.0
5876,labs,3,3,2.5228787452803374
5877,lactation,3,3,2.5228787452803374
5878,lacticaseibacillus,3,2,2.6989700043360187
5879,lasting,3,3,2.5228787452803374
5880,latent,3,3,2.5228787452803374
5881,laterality,3,1,3.0
5882,latino,3,2,2.6989700043360187
5883,law,3,1,3.0
5884,laxity,3,2,2.6989700043360187
5885,layered,3,3,2.5228787452803374
5886,lbm,3,1,3.0
5887,legacy,3,3,2.5228787452803374
5888,lh,3,1,3.0
5889,lhvgat,3,1,3.0
5890,lifetime,3,3,2.5228787452803374
5891,linkages,3,3,2.5228787452803374
5892,lived,3,3,2.5228787452803374
5893,lklkll,3,1,3.0
5894,lobes,3,1,3.0
5895,look,3,3,2.5228787452803374
5896,looking,3,3,2.5228787452803374
5897,lose,3,3,2.5228787452803374
5898,lvef,3,3,2.5228787452803374
5899,macce,3,1,3.0
5900,macrovascular,3,3,2.5228787452803374
5901,mad,3,1,3.0
5902,magnesium,3,3,2.5228787452803374
5903,maintains,3,3,2.5228787452803374
5904,makes,3,3,2.5228787452803374
5905,maleficence,3,3,2.5228787452803374
5906,malignant,3,1,3.0
5907,malondialdehyde,3,3,2.5228787452803374
5908,mams,3,1,3.0
5909,manifest,3,3,2.5228787452803374
5910,manifestation,3,3,2.5228787452803374
5911,manipulation,3,3,2.5228787452803374
5912,manual,3,3,2.5228787452803374
5913,manuscript,3,2,2.6989700043360187
5914,marginal,3,3,2.5228787452803374
5915,marketed,3,3,2.5228787452803374
5916,massive,3,2,2.6989700043360187
5917,mature,3,3,2.5228787452803374
5918,maturity,3,2,2.6989700043360187
5919,maximizing,3,3,2.5228787452803374
5920,mc4r,3,1,3.0
5921,mcid,3,2,2.6989700043360187
5922,meddra,3,3,2.5228787452803374
5923,medically,3,3,2.5228787452803374
5924,meglitinides,3,1,3.0
5925,melatonin,3,3,2.5228787452803374
5926,mentioned,3,3,2.5228787452803374
5927,merative,3,3,2.5228787452803374
5928,merely,3,3,2.5228787452803374
5929,messenger,3,2,2.6989700043360187
5930,meters,3,3,2.5228787452803374
5931,methacrylate,3,3,2.5228787452803374
5932,methadone,3,3,2.5228787452803374
5933,methodologies,3,3,2.5228787452803374
5934,mettl14,3,1,3.0
5935,mfr,3,1,3.0
5936,microalgal,3,1,3.0
5937,microbe,3,2,2.6989700043360187
5938,mimetic,3,3,2.5228787452803374
5939,mimic,3,3,2.5228787452803374
5940,minimize,3,3,2.5228787452803374
5941,minimizing,3,3,2.5228787452803374
5942,minor,3,3,2.5228787452803374
5943,misclassification,3,3,2.5228787452803374
5944,misleading,3,2,2.6989700043360187
5945,missed,3,3,2.5228787452803374
5946,mitigates,3,3,2.5228787452803374
5947,mk,3,1,3.0
5948,mme,3,1,3.0
5949,mmse,3,1,3.0
5950,mn,3,1,3.0
5951,mobilization,3,2,2.6989700043360187
5952,modulator,3,3,2.5228787452803374
5953,molar,3,2,2.6989700043360187
5954,moment,3,3,2.5228787452803374
5955,monkeys,3,2,2.6989700043360187
5956,monocytic,3,2,2.6989700043360187
5957,monopole,3,1,3.0
5958,morusin,3,1,3.0
5959,mtros,3,3,2.5228787452803374
5960,mucoadhesion,3,2,2.6989700043360187
5961,multimorbid,3,2,2.6989700043360187
5962,multiomic,3,2,2.6989700043360187
5963,muscles,3,3,2.5228787452803374
5964,mutant,3,2,2.6989700043360187
5965,mutations,3,2,2.6989700043360187
5966,nano,3,1,3.0
5967,nanoparticles,3,2,2.6989700043360187
5968,nationally,3,2,2.6989700043360187
5969,natriuresis,3,3,2.5228787452803374
5970,nco,3,1,3.0
5971,nct04184622,3,1,3.0
5972,nct04657003,3,1,3.0
5973,ne150,3,1,3.0
5974,nearest,3,3,2.5228787452803374
5975,necessitates,3,3,2.5228787452803374
5976,nedd4l,3,1,3.0
5977,nefa,3,2,2.6989700043360187
5978,neighbor,3,3,2.5228787452803374
5979,neo,3,1,3.0
5980,neonatal,3,3,2.5228787452803374
5981,neoplastic,3,3,2.5228787452803374
5982,nephrolithiasis,3,2,2.6989700043360187
5983,nephroprotective,3,3,2.5228787452803374
5984,nervosa,3,3,2.5228787452803374
5985,nets,3,1,3.0
5986,neurodevelopmental,3,3,2.5228787452803374
5987,neuroinflammatory,3,3,2.5228787452803374
5988,neuromodulators,3,1,3.0
5989,neuropeptides,3,3,2.5228787452803374
5990,neurophysiological,3,3,2.5228787452803374
5991,neurotrophic,3,3,2.5228787452803374
5992,news,3,2,2.6989700043360187
5993,nihss,3,1,3.0
5994,nineteen,3,3,2.5228787452803374
5995,nitida,3,1,3.0
5996,nlr,3,1,3.0
5997,nociceptive,3,3,2.5228787452803374
5998,nocturnal,3,2,2.6989700043360187
5999,node,3,3,2.5228787452803374
6000,nodes,3,3,2.5228787452803374
6001,nodules,3,3,2.5228787452803374
6002,nominally,3,3,2.5228787452803374
6003,nonexudative,3,1,3.0
6004,nonrelated,3,1,3.0
6005,nonsignificant,3,3,2.5228787452803374
6006,normoglycaemic,3,1,3.0
6007,normoglycemic,3,2,2.6989700043360187
6008,nos,3,2,2.6989700043360187
6009,ntsglp1r,3,1,3.0
6010,nucleotide,3,3,2.5228787452803374
6011,nutraceutical,3,2,2.6989700043360187
6012,nutritionists,3,2,2.6989700043360187
6013,nvtdr,3,1,3.0
6014,nvu,3,1,3.0
6015,obtain,3,3,2.5228787452803374
6016,oc,3,1,3.0
6017,octt,3,1,3.0
6018,oils,3,2,2.6989700043360187
6019,olfactory,3,2,2.6989700043360187
6020,omm,3,1,3.0
6021,oncological,3,3,2.5228787452803374
6022,operational,3,2,2.6989700043360187
6023,opioids,3,3,2.5228787452803374
6024,optum,3,3,2.5228787452803374
6025,orexigenic,3,3,2.5228787452803374
6026,organelle,3,2,2.6989700043360187
6027,orientation,3,2,2.6989700043360187
6028,orthogonal,3,2,2.6989700043360187
6029,oss,3,1,3.0
6030,osteoclastogenesis,3,2,2.6989700043360187
6031,osteomyelitis,3,1,3.0
6032,outlined,3,3,2.5228787452803374
6033,paced,3,1,3.0
6034,package,3,3,2.5228787452803374
6035,pai,3,2,2.6989700043360187
6036,papers,3,3,2.5228787452803374
6037,paradigms,3,3,2.5228787452803374
6038,participated,3,3,2.5228787452803374
6039,pasc,3,1,3.0
6040,paucity,3,3,2.5228787452803374
6041,pbs,3,2,2.6989700043360187
6042,pc1,3,1,3.0
6043,pcs,3,1,3.0
6044,pcsk1,3,2,2.6989700043360187
6045,pcsk9,3,3,2.5228787452803374
6046,pdc,3,2,2.6989700043360187
6047,penetrant,3,3,2.5228787452803374
6048,percentile,3,3,2.5228787452803374
6049,percutaneous,3,3,2.5228787452803374
6050,perform,3,3,2.5228787452803374
6051,performing,3,2,2.6989700043360187
6052,periprocedural,3,2,2.6989700043360187
6053,perpetrator,3,1,3.0
6054,perpetuating,3,3,2.5228787452803374
6055,pervasive,3,3,2.5228787452803374
6056,pharmacists,3,2,2.6989700043360187
6057,pharmacoepidemiological,3,2,2.6989700043360187
6058,pharmacotherapeutic,3,3,2.5228787452803374
6059,pharyngeal,3,3,2.5228787452803374
6060,phases,3,3,2.5228787452803374
6061,phosphorylated,3,3,2.5228787452803374
6062,phq,3,1,3.0
6063,physicochemical,3,3,2.5228787452803374
6064,physiologically,3,3,2.5228787452803374
6065,phytochemical,3,3,2.5228787452803374
6066,playing,3,3,2.5228787452803374
6067,plots,3,2,2.6989700043360187
6068,pmca4,3,1,3.0
6069,pmol,3,2,2.6989700043360187
6070,polypharmacy,3,3,2.5228787452803374
6071,polyphenols,3,3,2.5228787452803374
6072,pomc,3,1,3.0
6073,popularity,3,3,2.5228787452803374
6074,posing,3,3,2.5228787452803374
6075,postural,3,2,2.6989700043360187
6076,pparg,3,3,2.5228787452803374
6077,precipitate,3,3,2.5228787452803374
6078,preclude,3,3,2.5228787452803374
6079,preconditioning,3,2,2.6989700043360187
6080,preexisting,3,2,2.6989700043360187
6081,pregnant,3,3,2.5228787452803374
6082,preoccupation,3,3,2.5228787452803374
6083,preprint,3,3,2.5228787452803374
6084,preprocedural,3,1,3.0
6085,prescribers,3,2,2.6989700043360187
6086,prices,3,2,2.6989700043360187
6087,principle,3,3,2.5228787452803374
6088,prioritised,3,3,2.5228787452803374
6089,probable,3,3,2.5228787452803374
6090,producers,3,1,3.0
6091,profound,3,3,2.5228787452803374
6092,project,3,3,2.5228787452803374
6093,projections,3,3,2.5228787452803374
6094,prominence,3,3,2.5228787452803374
6095,promis,3,1,3.0
6096,promoters,3,3,2.5228787452803374
6097,proms,3,1,3.0
6098,prone,3,3,2.5228787452803374
6099,propagation,3,3,2.5228787452803374
6100,proteases,3,1,3.0
6101,protected,3,3,2.5228787452803374
6102,protecting,3,3,2.5228787452803374
6103,proteinopathy,3,2,2.6989700043360187
6104,proteomics,3,3,2.5228787452803374
6105,prothrombotic,3,3,2.5228787452803374
6106,proton,3,3,2.5228787452803374
6107,provision,3,3,2.5228787452803374
6108,proxied,3,3,2.5228787452803374
6109,proxy,3,3,2.5228787452803374
6110,pseudo,3,2,2.6989700043360187
6111,psychiatry,3,3,2.5228787452803374
6112,psychotic,3,3,2.5228787452803374
6113,ptc,3,1,3.0
6114,pten,3,3,2.5228787452803374
6115,pul,3,1,3.0
6116,pulsed,3,2,2.6989700043360187
6117,purely,3,3,2.5228787452803374
6118,purity,3,3,2.5228787452803374
6119,purposes,3,3,2.5228787452803374
6120,putative,3,3,2.5228787452803374
6121,pwcf,3,1,3.0
6122,q3,3,2,2.6989700043360187
6123,qmdr,3,1,3.0
6124,qualitatively,3,3,2.5228787452803374
6125,quantification,3,3,2.5228787452803374
6126,quantity,3,3,2.5228787452803374
6127,quasi,3,3,2.5228787452803374
6128,query,3,3,2.5228787452803374
6129,r2,3,3,2.5228787452803374
6130,reason,3,3,2.5228787452803374
6131,recommending,3,3,2.5228787452803374
6132,recommends,3,2,2.6989700043360187
6133,recovered,3,1,3.0
6134,red,3,2,2.6989700043360187
6135,redefined,3,3,2.5228787452803374
6136,redistribution,3,2,2.6989700043360187
6137,reductive,3,2,2.6989700043360187
6138,referencing,3,2,2.6989700043360187
6139,referrals,3,2,2.6989700043360187
6140,reflexive,3,3,2.5228787452803374
6141,registers,3,3,2.5228787452803374
6142,reinforced,3,3,2.5228787452803374
6143,reinforcing,3,3,2.5228787452803374
6144,relaxation,3,2,2.6989700043360187
6145,remodel,3,3,2.5228787452803374
6146,repetitions,3,1,3.0
6147,replace,3,3,2.5228787452803374
6148,replicate,3,3,2.5228787452803374
6149,repositioning,3,3,2.5228787452803374
6150,represented,3,3,2.5228787452803374
6151,reproducible,3,3,2.5228787452803374
6152,reproduction,3,3,2.5228787452803374
6153,rescued,3,3,2.5228787452803374
6154,researchers,3,3,2.5228787452803374
6155,reshapes,3,3,2.5228787452803374
6156,residues,3,3,2.5228787452803374
6157,resting,3,3,2.5228787452803374
6158,retear,3,1,3.0
6159,rewarding,3,2,2.6989700043360187
6160,riddle,3,1,3.0
6161,rif,3,1,3.0
6162,risen,3,3,2.5228787452803374
6163,rises,3,3,2.5228787452803374
6164,roseburia,3,2,2.6989700043360187
6165,rp,3,1,3.0
6166,rpea,3,1,3.0
6167,rs,3,1,3.0
6168,rw,3,1,3.0
6169,safely,3,3,2.5228787452803374
6170,sal,3,1,3.0
6171,salience,3,3,2.5228787452803374
6172,salvage,3,2,2.6989700043360187
6173,sampled,3,3,2.5228787452803374
6174,sars,3,2,2.6989700043360187
6175,scales,3,3,2.5228787452803374
6176,scarce,3,3,2.5228787452803374
6177,scheduled,3,3,2.5228787452803374
6178,sclerosis,3,2,2.6989700043360187
6179,scoring,3,3,2.5228787452803374
6180,scs,3,1,3.0
6181,secrete,3,3,2.5228787452803374
6182,secreting,3,2,2.6989700043360187
6183,section,3,3,2.5228787452803374
6184,sedated,3,2,2.6989700043360187
6185,sedatives,3,1,3.0
6186,see,3,3,2.5228787452803374
6187,segments,3,2,2.6989700043360187
6188,sensory,3,3,2.5228787452803374
6189,sequelae,3,3,2.5228787452803374
6190,sequences,3,3,2.5228787452803374
6191,seroma,3,2,2.6989700043360187
6192,serosal,3,1,3.0
6193,sham,3,3,2.5228787452803374
6194,shaped,3,3,2.5228787452803374
6195,shares,3,3,2.5228787452803374
6196,sharply,3,3,2.5228787452803374
6197,shbg,3,1,3.0
6198,shi,3,2,2.6989700043360187
6199,shortage,3,3,2.5228787452803374
6200,shortly,3,3,2.5228787452803374
6201,shr,3,1,3.0
6202,signalled,3,2,2.6989700043360187
6203,simulation,3,3,2.5228787452803374
6204,situ,3,3,2.5228787452803374
6205,sixty,3,3,2.5228787452803374
6206,sld,3,1,3.0
6207,sleepiness,3,2,2.6989700043360187
6208,sln,3,2,2.6989700043360187
6209,sma,3,1,3.0
6210,smad,3,3,2.5228787452803374
6211,smds,3,3,2.5228787452803374
6212,snps,3,2,2.6989700043360187
6213,societal,3,3,2.5228787452803374
6214,solubility,3,2,2.6989700043360187
6215,space,3,2,2.6989700043360187
6216,spain,3,2,2.6989700043360187
6217,spcs,3,1,3.0
6218,specialized,3,3,2.5228787452803374
6219,specified,3,3,2.5228787452803374
6220,spectroscopic,3,3,2.5228787452803374
6221,spikes,3,2,2.6989700043360187
6222,spironolactone,3,3,2.5228787452803374
6223,squares,3,3,2.5228787452803374
6224,srebp,3,3,2.5228787452803374
6225,sred,3,1,3.0
6226,st2,3,1,3.0
6227,stabilized,3,3,2.5228787452803374
6228,stand,3,2,2.6989700043360187
6229,standalone,3,3,2.5228787452803374
6230,starch,3,3,2.5228787452803374
6231,statin,3,3,2.5228787452803374
6232,std,3,1,3.0
6233,steady,3,3,2.5228787452803374
6234,stimulator,3,2,2.6989700043360187
6235,stone,3,1,3.0
6236,strains,3,3,2.5228787452803374
6237,strategic,3,3,2.5228787452803374
6238,stratifying,3,3,2.5228787452803374
6239,studying,3,3,2.5228787452803374
6240,stz,3,3,2.5228787452803374
6241,subcohort,3,1,3.0
6242,subject,3,3,2.5228787452803374
6243,suboptimally,3,2,2.6989700043360187
6244,substances,3,3,2.5228787452803374
6245,substrates,3,3,2.5228787452803374
6246,substudy,3,3,2.5228787452803374
6247,sucralose,3,1,3.0
6248,sudden,3,3,2.5228787452803374
6249,suffering,3,2,2.6989700043360187
6250,suitability,3,3,2.5228787452803374
6251,sum,3,3,2.5228787452803374
6252,summarises,3,3,2.5228787452803374
6253,surrogates,3,3,2.5228787452803374
6254,susceptible,3,3,2.5228787452803374
6255,swedish,3,2,2.6989700043360187
6256,swim,3,3,2.5228787452803374
6257,swine,3,1,3.0
6258,sword,3,1,3.0
6259,symmetric,3,2,2.6989700043360187
6260,syncope,3,2,2.6989700043360187
6261,synthesise,3,3,2.5228787452803374
6262,tac,3,1,3.0
6263,take,3,3,2.5228787452803374
6264,tc,3,3,2.5228787452803374
6265,tcdca,3,1,3.0
6266,tea,3,2,2.6989700043360187
6267,teams,3,3,2.5228787452803374
6268,temperature,3,2,2.6989700043360187
6269,temporally,3,3,2.5228787452803374
6270,tension,3,2,2.6989700043360187
6271,tgf,3,2,2.6989700043360187
6272,thermal,3,3,2.5228787452803374
6273,thermodynamic,3,3,2.5228787452803374
6274,thin,3,1,3.0
6275,thirds,3,3,2.5228787452803374
6276,thoughts,3,3,2.5228787452803374
6277,thp,3,3,2.5228787452803374
6278,thrice,3,3,2.5228787452803374
6279,throughput,3,3,2.5228787452803374
6280,tier,3,2,2.6989700043360187
6281,tiktok,3,2,2.6989700043360187
6282,timescale,3,1,3.0
6283,tolvaptan,3,1,3.0
6284,tone,3,3,2.5228787452803374
6285,toxins,3,2,2.6989700043360187
6286,trait,3,3,2.5228787452803374
6287,transdermal,3,1,3.0
6288,transitioned,3,3,2.5228787452803374
6289,transitioning,3,3,2.5228787452803374
6290,transitions,3,3,2.5228787452803374
6291,treats,3,3,2.5228787452803374
6292,treewas,3,1,3.0
6293,trem2,3,2,2.6989700043360187
6294,triage,3,2,2.6989700043360187
6295,tried,3,3,2.5228787452803374
6296,trunk,3,3,2.5228787452803374
6297,tryptophan,3,3,2.5228787452803374
6298,trz,3,1,3.0
6299,tt,3,1,3.0
6300,tudca,3,1,3.0
6301,twas,3,1,3.0
6302,ubiquitination,3,1,3.0
6303,ultra,3,3,2.5228787452803374
6304,uncovered,3,2,2.6989700043360187
6305,underestimate,3,3,2.5228787452803374
6306,underpin,3,3,2.5228787452803374
6307,underpowered,3,3,2.5228787452803374
6308,underrecognized,3,3,2.5228787452803374
6309,underway,3,3,2.5228787452803374
6310,underweight,3,3,2.5228787452803374
6311,uneven,3,3,2.5228787452803374
6312,unexpected,3,3,2.5228787452803374
6313,unidentified,3,3,2.5228787452803374
6314,uniformly,3,3,2.5228787452803374
6315,unilateral,3,2,2.6989700043360187
6316,unmeasured,3,3,2.5228787452803374
6317,unstructured,3,1,3.0
6318,upregulating,3,3,2.5228787452803374
6319,upward,3,2,2.6989700043360187
6320,v1,3,2,2.6989700043360187
6321,v30,3,1,3.0
6322,va,3,2,2.6989700043360187
6323,vaccines,3,2,2.6989700043360187
6324,var,3,1,3.0
6325,vegetables,3,2,2.6989700043360187
6326,vesicles,3,3,2.5228787452803374
6327,vessel,3,1,3.0
6328,vibration,3,3,2.5228787452803374
6329,video,3,2,2.6989700043360187
6330,viewpoint,3,3,2.5228787452803374
6331,vigilant,3,3,2.5228787452803374
6332,viral,3,2,2.6989700043360187
6333,visibility,3,3,2.5228787452803374
6334,volunteers,3,3,2.5228787452803374
6335,vr,3,1,3.0
6336,vte,3,2,2.6989700043360187
6337,walk,3,3,2.5228787452803374
6338,wallis,3,2,2.6989700043360187
6339,wasting,3,3,2.5228787452803374
6340,weak,3,3,2.5228787452803374
6341,weaker,3,3,2.5228787452803374
6342,weakly,3,3,2.5228787452803374
6343,wear,3,1,3.0
6344,wearables,3,1,3.0
6345,wg,3,1,3.0
6346,whereby,3,3,2.5228787452803374
6347,whf,3,1,3.0
6348,whilst,3,2,2.6989700043360187
6349,wilcoxon,3,3,2.5228787452803374
6350,wistar,3,3,2.5228787452803374
6351,wnt,3,2,2.6989700043360187
6352,woe,3,1,3.0
6353,working,3,3,2.5228787452803374
6354,worsened,3,3,2.5228787452803374
6355,written,3,3,2.5228787452803374
6356,wssq,3,1,3.0
6357,wtp,3,2,2.6989700043360187
6358,xbp1,3,1,3.0
6359,ziltivekimab,3,3,2.5228787452803374
6360,µm,3,3,2.5228787452803374
6361,δlnuacr,3,1,3.0
6362,0003,2,2,2.6989700043360187
6363,0006,2,2,2.6989700043360187
6364,0007,2,2,2.6989700043360187
6365,0016,2,2,2.6989700043360187
6366,0024,2,2,2.6989700043360187
6367,00266,2,2,2.6989700043360187
6368,018,2,2,2.6989700043360187
6369,020,2,2,2.6989700043360187
6370,0219,2,1,3.0
6371,028,2,2,2.6989700043360187
6372,030,2,2,2.6989700043360187
6373,0342,2,2,2.6989700043360187
6374,047,2,2,2.6989700043360187
6375,049,2,2,2.6989700043360187
6376,054,2,2,2.6989700043360187
6377,056,2,1,3.0
6378,059,2,2,2.6989700043360187
6379,062,2,2,2.6989700043360187
6380,073,2,2,2.6989700043360187
6381,078,2,1,3.0
6382,094,2,2,2.6989700043360187
6383,095,2,2,2.6989700043360187
6384,1095,2,2,2.6989700043360187
6385,116,2,2,2.6989700043360187
6386,117,2,2,2.6989700043360187
6387,120min,2,1,3.0
6388,124,2,2,2.6989700043360187
6389,125,2,2,2.6989700043360187
6390,126,2,2,2.6989700043360187
6391,130,2,2,2.6989700043360187
6392,1348,2,1,3.0
6393,136,2,2,2.6989700043360187
6394,13co2,2,1,3.0
6395,144,2,2,2.6989700043360187
6396,154,2,2,2.6989700043360187
6397,159,2,2,2.6989700043360187
6398,15q11,2,1,3.0
6399,166,2,2,2.6989700043360187
6400,16s,2,2,2.6989700043360187
6401,174,2,2,2.6989700043360187
6402,179,2,2,2.6989700043360187
6403,183,2,2,2.6989700043360187
6404,186,2,2,2.6989700043360187
6405,188,2,2,2.6989700043360187
6406,190,2,2,2.6989700043360187
6407,193,2,2,2.6989700043360187
6408,1971,2,1,3.0
6409,1995,2,2,2.6989700043360187
6410,1as,2,2,2.6989700043360187
6411,1c,2,2,2.6989700043360187
6412,1h,2,2,2.6989700043360187
6413,1rtanycytekd,2,1,3.0
6414,2008,2,2,2.6989700043360187
6415,201,2,2,2.6989700043360187
6416,2029,2,1,3.0
6417,204,2,2,2.6989700043360187
6418,206,2,2,2.6989700043360187
6419,218,2,2,2.6989700043360187
6420,226,2,2,2.6989700043360187
6421,230,2,2,2.6989700043360187
6422,232,2,2,2.6989700043360187
6423,234,2,2,2.6989700043360187
6424,236,2,2,2.6989700043360187
6425,237,2,2,2.6989700043360187
6426,240,2,2,2.6989700043360187
6427,246,2,2,2.6989700043360187
6428,261,2,2,2.6989700043360187
6429,265,2,2,2.6989700043360187
6430,267,2,2,2.6989700043360187
6431,272,2,2,2.6989700043360187
6432,277,2,2,2.6989700043360187
6433,279,2,2,2.6989700043360187
6434,281,2,2,2.6989700043360187
6435,287,2,2,2.6989700043360187
6436,288,2,2,2.6989700043360187
6437,290,2,2,2.6989700043360187
6438,294,2,2,2.6989700043360187
6439,295,2,2,2.6989700043360187
6440,296,2,2,2.6989700043360187
6441,2a,2,2,2.6989700043360187
6442,2c,2,1,3.0
6443,2hpg,2,1,3.0
6444,302,2,2,2.6989700043360187
6445,303,2,2,2.6989700043360187
6446,305,2,2,2.6989700043360187
6447,307,2,2,2.6989700043360187
6448,315,2,2,2.6989700043360187
6449,31st,2,2,2.6989700043360187
6450,323,2,2,2.6989700043360187
6451,327,2,2,2.6989700043360187
6452,3270,2,1,3.0
6453,329,2,2,2.6989700043360187
6454,332,2,2,2.6989700043360187
6455,334,2,2,2.6989700043360187
6456,339,2,2,2.6989700043360187
6457,3468,2,1,3.0
6458,350,2,2,2.6989700043360187
6459,351,2,2,2.6989700043360187
6460,353,2,2,2.6989700043360187
6461,367,2,2,2.6989700043360187
6462,368,2,2,2.6989700043360187
6463,371,2,2,2.6989700043360187
6464,374,2,2,2.6989700043360187
6465,375,2,2,2.6989700043360187
6466,379,2,2,2.6989700043360187
6467,382,2,2,2.6989700043360187
6468,384,2,2,2.6989700043360187
6469,385,2,2,2.6989700043360187
6470,388,2,1,3.0
6471,398,2,2,2.6989700043360187
6472,3c,2,1,3.0
6473,3p,2,1,3.0
6474,3r,2,1,3.0
6475,403,2,2,2.6989700043360187
6476,405,2,2,2.6989700043360187
6477,4117,2,1,3.0
6478,412,2,2,2.6989700043360187
6479,413,2,2,2.6989700043360187
6480,415,2,2,2.6989700043360187
6481,417,2,2,2.6989700043360187
6482,419,2,2,2.6989700043360187
6483,424,2,2,2.6989700043360187
6484,429,2,2,2.6989700043360187
6485,435,2,2,2.6989700043360187
6486,438,2,2,2.6989700043360187
6487,439,2,2,2.6989700043360187
6488,440,2,2,2.6989700043360187
6489,446,2,2,2.6989700043360187
6490,453,2,2,2.6989700043360187
6491,459,2,2,2.6989700043360187
6492,465,2,2,2.6989700043360187
6493,478,2,2,2.6989700043360187
6494,480,2,2,2.6989700043360187
6495,485,2,2,2.6989700043360187
6496,489,2,2,2.6989700043360187
6497,491,2,2,2.6989700043360187
6498,497,2,1,3.0
6499,505,2,2,2.6989700043360187
6500,508,2,2,2.6989700043360187
6501,509,2,2,2.6989700043360187
6502,520,2,2,2.6989700043360187
6503,522,2,2,2.6989700043360187
6504,524,2,2,2.6989700043360187
6505,525,2,2,2.6989700043360187
6506,538,2,2,2.6989700043360187
6507,539,2,2,2.6989700043360187
6508,541,2,2,2.6989700043360187
6509,543,2,2,2.6989700043360187
6510,547,2,2,2.6989700043360187
6511,555,2,2,2.6989700043360187
6512,556,2,2,2.6989700043360187
6513,562,2,2,2.6989700043360187
6514,563,2,2,2.6989700043360187
6515,570,2,2,2.6989700043360187
6516,573,2,2,2.6989700043360187
6517,574,2,2,2.6989700043360187
6518,583,2,2,2.6989700043360187
6519,584,2,2,2.6989700043360187
6520,586,2,2,2.6989700043360187
6521,593,2,2,2.6989700043360187
6522,600,2,2,2.6989700043360187
6523,602,2,2,2.6989700043360187
6524,605,2,2,2.6989700043360187
6525,608,2,2,2.6989700043360187
6526,609,2,2,2.6989700043360187
6527,610,2,2,2.6989700043360187
6528,611,2,2,2.6989700043360187
6529,612,2,2,2.6989700043360187
6530,628,2,2,2.6989700043360187
6531,629,2,2,2.6989700043360187
6532,632,2,2,2.6989700043360187
6533,639,2,2,2.6989700043360187
6534,640,2,2,2.6989700043360187
6535,642,2,2,2.6989700043360187
6536,646,2,2,2.6989700043360187
6537,653,2,2,2.6989700043360187
6538,655,2,2,2.6989700043360187
6539,662,2,2,2.6989700043360187
6540,663,2,2,2.6989700043360187
6541,664,2,2,2.6989700043360187
6542,665,2,2,2.6989700043360187
6543,670,2,2,2.6989700043360187
6544,686,2,2,2.6989700043360187
6545,691,2,2,2.6989700043360187
6546,704,2,2,2.6989700043360187
6547,708,2,2,2.6989700043360187
6548,715,2,2,2.6989700043360187
6549,716,2,2,2.6989700043360187
6550,720,2,1,3.0
6551,7218,2,1,3.0
6552,725,2,2,2.6989700043360187
6553,737,2,2,2.6989700043360187
6554,747,2,2,2.6989700043360187
6555,748,2,2,2.6989700043360187
6556,749,2,2,2.6989700043360187
6557,750,2,2,2.6989700043360187
6558,760,2,2,2.6989700043360187
6559,770,2,2,2.6989700043360187
6560,774,2,2,2.6989700043360187
6561,776,2,2,2.6989700043360187
6562,796,2,1,3.0
6563,799,2,2,2.6989700043360187
6564,803,2,2,2.6989700043360187
6565,807,2,2,2.6989700043360187
6566,808,2,2,2.6989700043360187
6567,810,2,2,2.6989700043360187
6568,811,2,2,2.6989700043360187
6569,822,2,2,2.6989700043360187
6570,826,2,1,3.0
6571,827,2,2,2.6989700043360187
6572,830,2,2,2.6989700043360187
6573,844,2,2,2.6989700043360187
6574,852,2,2,2.6989700043360187
6575,862,2,2,2.6989700043360187
6576,866,2,2,2.6989700043360187
6577,874,2,2,2.6989700043360187
6578,882,2,2,2.6989700043360187
6579,896,2,2,2.6989700043360187
6580,899,2,2,2.6989700043360187
6581,902,2,2,2.6989700043360187
6582,907,2,2,2.6989700043360187
6583,911,2,2,2.6989700043360187
6584,915,2,2,2.6989700043360187
6585,928,2,2,2.6989700043360187
6586,929,2,1,3.0
6587,9327,2,2,2.6989700043360187
6588,948,2,2,2.6989700043360187
6589,95th,2,2,2.6989700043360187
6590,960,2,2,2.6989700043360187
6591,978,2,2,2.6989700043360187
6592,980,2,1,3.0
6593,984,2,2,2.6989700043360187
6594,988,2,2,2.6989700043360187
6595,995,2,2,2.6989700043360187
6596,997,2,2,2.6989700043360187
6597,a2g,2,1,3.0
6598,a316t,2,1,3.0
6599,abcde,2,1,3.0
6600,abdominoplasty,2,1,3.0
6601,abolish,2,1,3.0
6602,abom,2,1,3.0
6603,abortion,2,1,3.0
6604,abrogated,2,2,2.6989700043360187
6605,abrupt,2,1,3.0
6606,absorb,2,2,2.6989700043360187
6607,absorbed,2,1,3.0
6608,absorptiometry,2,2,2.6989700043360187
6609,acanthosis,2,2,2.6989700043360187
6610,accelerates,2,2,2.6989700043360187
6611,acceleration,2,2,2.6989700043360187
6612,acceptability,2,2,2.6989700043360187
6613,accompany,2,2,2.6989700043360187
6614,accura,2,1,3.0
6615,acetonitrile,2,2,2.6989700043360187
6616,acetylcholine,2,2,2.6989700043360187
6617,achilles,2,1,3.0
6618,acidosis,2,2,2.6989700043360187
6619,acrylamido,2,1,3.0
6620,actionability,2,1,3.0
6621,activators,2,2,2.6989700043360187
6622,actively,2,2,2.6989700043360187
6623,acuity,2,1,3.0
6624,adhesive,2,1,3.0
6625,adipor1,2,1,3.0
6626,adj,2,1,3.0
6627,adjudication,2,2,2.6989700043360187
6628,adm,2,1,3.0
6629,adms,2,2,2.6989700043360187
6630,adolescence,2,2,2.6989700043360187
6631,adopted,2,2,2.6989700043360187
6632,ads,2,1,3.0
6633,advance,2,2,2.6989700043360187
6634,advantageous,2,2,2.6989700043360187
6635,advisory,2,1,3.0
6636,aerodigestive,2,1,3.0
6637,affairs,2,2,2.6989700043360187
6638,afferent,2,2,2.6989700043360187
6639,afferents,2,1,3.0
6640,affinities,2,2,2.6989700043360187
6641,agb,2,2,2.6989700043360187
6642,aggregated,2,2,2.6989700043360187
6643,aggregating,2,2,2.6989700043360187
6644,aggressive,2,2,2.6989700043360187
6645,aggressively,2,2,2.6989700043360187
6646,agonistic,2,2,2.6989700043360187
6647,agree,2,2,2.6989700043360187
6648,agrp,2,2,2.6989700043360187
6649,ahrs,2,2,2.6989700043360187
6650,aiming,2,2,2.6989700043360187
6651,ala,2,1,3.0
6652,alanine,2,2,2.6989700043360187
6653,alaska,2,1,3.0
6654,albeit,2,2,2.6989700043360187
6655,ald,2,1,3.0
6656,align,2,2,2.6989700043360187
6657,alive,2,2,2.6989700043360187
6658,allocation,2,2,2.6989700043360187
6659,allograft,2,1,3.0
6660,allosteric,2,2,2.6989700043360187
6661,alveolar,2,2,2.6989700043360187
6662,always,2,2,2.6989700043360187
6663,ambiguous,2,2,2.6989700043360187
6664,ambroxol,2,1,3.0
6665,ames,2,2,2.6989700043360187
6666,amg133,2,2,2.6989700043360187
6667,aminotransferases,2,1,3.0
6668,amplifies,2,2,2.6989700043360187
6669,amplifying,2,2,2.6989700043360187
6670,amputations,2,2,2.6989700043360187
6671,amy1r,2,1,3.0
6672,anaerovorax,2,1,3.0
6673,analgesia,2,1,3.0
6674,analysing,2,2,2.6989700043360187
6675,analyzes,2,2,2.6989700043360187
6676,anaphylaxis,2,1,3.0
6677,ancova,2,1,3.0
6678,androgen,2,2,2.6989700043360187
6679,androgenic,2,1,3.0
6680,angeles,2,1,3.0
6681,angiogenesis,2,2,2.6989700043360187
6682,annotated,2,2,2.6989700043360187
6683,announcement,2,1,3.0
6684,annualised,2,1,3.0
6685,annually,2,2,2.6989700043360187
6686,anonymized,2,2,2.6989700043360187
6687,antagonistic,2,2,2.6989700043360187
6688,antibody,2,2,2.6989700043360187
6689,antifibrotic,2,2,2.6989700043360187
6690,antiglycemic,2,1,3.0
6691,antineoplastic,2,2,2.6989700043360187
6692,antioxidants,2,2,2.6989700043360187
6693,antioxidative,2,2,2.6989700043360187
6694,antisense,2,2,2.6989700043360187
6695,antitumor,2,2,2.6989700043360187
6696,apart,2,2,2.6989700043360187
6697,apj,2,1,3.0
6698,apob,2,1,3.0
6699,apoptotic,2,2,2.6989700043360187
6700,appearance,2,2,2.6989700043360187
6701,appearing,2,2,2.6989700043360187
6702,appraised,2,2,2.6989700043360187
6703,appreciate,2,1,3.0
6704,approached,2,2,2.6989700043360187
6705,aqp4,2,1,3.0
6706,areata,2,1,3.0
6707,arginase,2,1,3.0
6708,armitage,2,2,2.6989700043360187
6709,aromatic,2,2,2.6989700043360187
6710,arr,2,1,3.0
6711,arrest,2,2,2.6989700043360187
6712,art,2,2,2.6989700043360187
6713,arthrodesis,2,1,3.0
6714,aryl,2,2,2.6989700043360187
6715,asbt,2,2,2.6989700043360187
6716,ask,2,2,2.6989700043360187
6717,ask1,2,2,2.6989700043360187
6718,asks,2,2,2.6989700043360187
6719,aspirin,2,1,3.0
6720,asq,2,1,3.0
6721,asr,2,1,3.0
6722,assessor,2,2,2.6989700043360187
6723,assign,2,2,2.6989700043360187
6724,assumption,2,2,2.6989700043360187
6725,atc,2,2,2.6989700043360187
6726,atf6,2,2,2.6989700043360187
6727,atherothrombotic,2,2,2.6989700043360187
6728,athletes,2,1,3.0
6729,athletic,2,1,3.0
6730,atopic,2,1,3.0
6731,atorvastatin,2,1,3.0
6732,atpase,2,2,2.6989700043360187
6733,attached,2,2,2.6989700043360187
6734,attack,2,2,2.6989700043360187
6735,attainment,2,2,2.6989700043360187
6736,attempting,2,2,2.6989700043360187
6737,attitudinal,2,1,3.0
6738,attribute,2,1,3.0
6739,aucs,2,1,3.0
6740,augmenting,2,2,2.6989700043360187
6741,autoantibodies,2,2,2.6989700043360187
6742,autonomous,2,1,3.0
6743,autophony,2,2,2.6989700043360187
6744,aversion,2,2,2.6989700043360187
6745,aviitam,2,1,3.0
6746,avoid,2,2,2.6989700043360187
6747,awaiting,2,2,2.6989700043360187
6748,awakening,2,1,3.0
6749,away,2,2,2.6989700043360187
6750,b6,2,2,2.6989700043360187
6751,backbone,2,2,2.6989700043360187
6752,balancing,2,2,2.6989700043360187
6753,banding,2,2,2.6989700043360187
6754,bardoxolone,2,2,2.6989700043360187
6755,batch,2,2,2.6989700043360187
6756,bax,2,1,3.0
6757,bayes,2,2,2.6989700043360187
6758,bbs10,2,1,3.0
6759,bcl,2,1,3.0
6760,bcrp,2,1,3.0
6761,beating,2,1,3.0
6762,became,2,1,3.0
6763,bed,2,2,2.6989700043360187
6764,beliefs,2,2,2.6989700043360187
6765,believe,2,2,2.6989700043360187
6766,believed,2,2,2.6989700043360187
6767,berries,2,1,3.0
6768,beverage,2,1,3.0
6769,bidirectionally,2,2,2.6989700043360187
6770,biguanides,2,2,2.6989700043360187
6771,bin,2,1,3.0
6772,bioelectromagnetics,2,1,3.0
6773,bioequivalence,2,2,2.6989700043360187
6774,bioinspired,2,1,3.0
6775,biomechanical,2,2,2.6989700043360187
6776,biomimetic,2,1,3.0
6777,biophysical,2,2,2.6989700043360187
6778,biopro,2,1,3.0
6779,biopsies,2,2,2.6989700043360187
6780,biosensor,2,1,3.0
6781,biosimilars,2,2,2.6989700043360187
6782,biotransformation,2,2,2.6989700043360187
6783,bladder,2,2,2.6989700043360187
6784,bleomycin,2,2,2.6989700043360187
6785,blepharitis,2,1,3.0
6786,bliss,2,1,3.0
6787,bmc,2,1,3.0
6788,bouldin,2,1,3.0
6789,bpa,2,1,3.0
6790,bradyarrhythmia,2,1,3.0
6791,brazil,2,1,3.0
6792,bread,2,1,3.0
6793,breakdown,2,2,2.6989700043360187
6794,breakpoint,2,1,3.0
6795,breastfeeding,2,1,3.0
6796,breath,2,1,3.0
6797,briefly,2,2,2.6989700043360187
6798,brigham,2,2,2.6989700043360187
6799,broiler,2,1,3.0
6800,brown,2,2,2.6989700043360187
6801,bruising,2,1,3.0
6802,buffer,2,2,2.6989700043360187
6803,built,2,2,2.6989700043360187
6804,bv2,2,1,3.0
6805,cac,2,1,3.0
6806,cachexia,2,2,2.6989700043360187
6807,calcification,2,2,2.6989700043360187
6808,calculate,2,2,2.6989700043360187
6809,calinski,2,1,3.0
6810,camkiv,2,2,2.6989700043360187
6811,camkk,2,2,2.6989700043360187
6812,cams,2,1,3.0
6813,canagliflozin,2,1,3.0
6814,cannabinoids,2,2,2.6989700043360187
6815,cap,2,1,3.0
6816,capability,2,2,2.6989700043360187
6817,capillary,2,2,2.6989700043360187
6818,capsule,2,1,3.0
6819,carboxylase,2,2,2.6989700043360187
6820,card,2,1,3.0
6821,cardiohepatic,2,1,3.0
6822,cardiologists,2,2,2.6989700043360187
6823,cardioprotection,2,2,2.6989700043360187
6824,cardiorespiratory,2,2,2.6989700043360187
6825,cardioversion,2,2,2.6989700043360187
6826,carolina,2,1,3.0
6827,carotid,2,2,2.6989700043360187
6828,casp3,2,1,3.0
6829,cassette,2,2,2.6989700043360187
6830,catabolic,2,2,2.6989700043360187
6831,catabolism,2,1,3.0
6832,catalytic,2,2,2.6989700043360187
6833,categorical,2,2,2.6989700043360187
6834,categorised,2,2,2.6989700043360187
6835,cav1,2,1,3.0
6836,cc,2,1,3.0
6837,cca,2,1,3.0
6838,cci,2,1,3.0
6839,ccm,2,1,3.0
6840,cd163,2,2,2.6989700043360187
6841,center6,2,1,3.0
6842,cephalic,2,2,2.6989700043360187
6843,certified,2,1,3.0
6844,chalazia,2,1,3.0
6845,challenged,2,2,2.6989700043360187
6846,changing,2,2,2.6989700043360187
6847,channels,2,2,2.6989700043360187
6848,chase,2,1,3.0
6849,cha₂ds₂,2,1,3.0
6850,checklists,2,2,2.6989700043360187
6851,cheers,2,2,2.6989700043360187
6852,chemesthesis,2,1,3.0
6853,chemistry,2,1,3.0
6854,cholecystectomy,2,2,2.6989700043360187
6855,choledocholithiasis,2,2,2.6989700043360187
6856,cholestatic,2,2,2.6989700043360187
6857,choroidal,2,1,3.0
6858,chose,2,1,3.0
6859,chromosome,2,2,2.6989700043360187
6860,cia,2,1,3.0
6861,cited,2,2,2.6989700043360187
6862,clalit,2,2,2.6989700043360187
6863,clamp,2,2,2.6989700043360187
6864,clarified,2,2,2.6989700043360187
6865,clarifying,2,2,2.6989700043360187
6866,classic,2,2,2.6989700043360187
6867,classically,2,2,2.6989700043360187
6868,clathrin,2,2,2.6989700043360187
6869,clears,2,1,3.0
6870,cliff,2,1,3.0
6871,clonogenic,2,1,3.0
6872,closed,2,2,2.6989700043360187
6873,closing,2,2,2.6989700043360187
6874,clpph,2,1,3.0
6875,coacervation,2,1,3.0
6876,coactivator,2,2,2.6989700043360187
6877,code,2,2,2.6989700043360187
6878,coenzyme,2,2,2.6989700043360187
6879,coexistence,2,2,2.6989700043360187
6880,cognitions,2,1,3.0
6881,cognitively,2,2,2.6989700043360187
6882,cohen,2,1,3.0
6883,coherence,2,2,2.6989700043360187
6884,coherent,2,2,2.6989700043360187
6885,col4a1,2,1,3.0
6886,colchicine,2,2,2.6989700043360187
6887,collect,2,2,2.6989700043360187
6888,colonization,2,2,2.6989700043360187
6889,colonized,2,1,3.0
6890,combating,2,2,2.6989700043360187
6891,communications,2,2,2.6989700043360187
6892,compensate,2,2,2.6989700043360187
6893,compkt,2,1,3.0
6894,complementarity,2,2,2.6989700043360187
6895,complements,2,2,2.6989700043360187
6896,complexed,2,2,2.6989700043360187
6897,complexes,2,2,2.6989700043360187
6898,complexities,2,2,2.6989700043360187
6899,compliant,2,2,2.6989700043360187
6900,complicate,2,2,2.6989700043360187
6901,complicating,2,2,2.6989700043360187
6902,compromised,2,2,2.6989700043360187
6903,conceptualized,2,2,2.6989700043360187
6904,conceptually,2,2,2.6989700043360187
6905,concerning,2,2,2.6989700043360187
6906,conditionally,2,1,3.0
6907,conferred,2,2,2.6989700043360187
6908,confirms,2,2,2.6989700043360187
6909,conformation,2,2,2.6989700043360187
6910,confounded,2,2,2.6989700043360187
6911,confounder,2,2,2.6989700043360187
6912,confronts,2,2,2.6989700043360187
6913,congenital,2,2,2.6989700043360187
6914,congestion,2,2,2.6989700043360187
6915,conjugated,2,2,2.6989700043360187
6916,connected,2,2,2.6989700043360187
6917,connecting,2,2,2.6989700043360187
6918,consequence,2,2,2.6989700043360187
6919,consequential,2,2,2.6989700043360187
6920,conservatively,2,2,2.6989700043360187
6921,consists,2,2,2.6989700043360187
6922,consolidate,2,2,2.6989700043360187
6923,consortium,2,2,2.6989700043360187
6924,constellations,2,1,3.0
6925,constitute,2,2,2.6989700043360187
6926,constructed,2,2,2.6989700043360187
6927,consume,2,2,2.6989700043360187
6928,consuming,2,2,2.6989700043360187
6929,contacted,2,1,3.0
6930,contacts,2,2,2.6989700043360187
6931,contractile,2,2,2.6989700043360187
6932,contraindication,2,2,2.6989700043360187
6933,contributory,2,2,2.6989700043360187
6934,converted,2,2,2.6989700043360187
6935,copd,2,1,3.0
6936,copies,2,1,3.0
6937,corneal,2,1,3.0
6938,corrects,2,2,2.6989700043360187
6939,correlate,2,2,2.6989700043360187
6940,correspondence,2,2,2.6989700043360187
6941,corroborated,2,2,2.6989700043360187
6942,costly,2,2,2.6989700043360187
6943,counteracts,2,2,2.6989700043360187
6944,countermeasures,2,2,2.6989700043360187
6945,counting,2,2,2.6989700043360187
6946,couples,2,2,2.6989700043360187
6947,cprd,2,2,2.6989700043360187
6948,crd420251150683,2,1,3.0
6949,crd420261327235,2,1,3.0
6950,crd420261354386,2,1,3.0
6951,crds,2,1,3.0
6952,create,2,2,2.6989700043360187
6953,crude,2,1,3.0
6954,crypt,2,2,2.6989700043360187
6955,csf,2,1,3.0
6956,ct,2,2,2.6989700043360187
6957,ctla4,2,1,3.0
6958,ctri,2,1,3.0
6959,cultivable,2,1,3.0
6960,cultures,2,2,2.6989700043360187
6961,cummings,2,1,3.0
6962,cvds,2,1,3.0
6963,cycloheximide,2,1,3.0
6964,cynomolgus,2,1,3.0
6965,cyp2d6,2,2,2.6989700043360187
6966,cyp3a,2,1,3.0
6967,cytocompatibility,2,1,3.0
6968,daergic,2,1,3.0
6969,dairy,2,1,3.0
6970,damps,2,1,3.0
6971,dasatinib,2,2,2.6989700043360187
6972,datasets,2,2,2.6989700043360187
6973,davies,2,1,3.0
6974,debris,2,1,3.0
6975,dechallenge,2,2,2.6989700043360187
6976,deconstructing,2,2,2.6989700043360187
6977,defective,2,2,2.6989700043360187
6978,defense,2,2,2.6989700043360187
6979,degludec,2,2,2.6989700043360187
6980,degrees,2,2,2.6989700043360187
6981,dehydration,2,2,2.6989700043360187
6982,dehydrogenase,2,2,2.6989700043360187
6983,delineates,2,2,2.6989700043360187
6984,demyelinating,2,2,2.6989700043360187
6985,denmark,2,2,2.6989700043360187
6986,denominators,2,2,2.6989700043360187
6987,densely,2,2,2.6989700043360187
6988,depended,2,2,2.6989700043360187
6989,dependency,2,2,2.6989700043360187
6990,deprived,2,1,3.0
6991,derangements,2,2,2.6989700043360187
6992,derivation,2,2,2.6989700043360187
6993,dermatological,2,2,2.6989700043360187
6994,dermatoses,2,1,3.0
6995,desert,2,1,3.0
6996,deserts,2,1,3.0
6997,designing,2,2,2.6989700043360187
6998,designretrospective,2,2,2.6989700043360187
6999,desire,2,2,2.6989700043360187
7000,desired,2,2,2.6989700043360187
7001,destabilizing,2,2,2.6989700043360187
7002,destruction,2,2,2.6989700043360187
7003,detailing,2,2,2.6989700043360187
7004,developmentally,2,2,2.6989700043360187
7005,develops,2,2,2.6989700043360187
7006,dft,2,1,3.0
7007,dhea,2,2,2.6989700043360187
7008,diabetologists,2,2,2.6989700043360187
7009,diagnostics,2,2,2.6989700043360187
7010,diarylheptanoid,2,2,2.6989700043360187
7011,dichlorophenyl,2,1,3.0
7012,didn,2,1,3.0
7013,dietcamb,2,1,3.0
7014,dietetic,2,1,3.0
7015,dietitians,2,1,3.0
7016,differs,2,2,2.6989700043360187
7017,difficile,2,1,3.0
7018,difficulties,2,2,2.6989700043360187
7019,diffuse,2,2,2.6989700043360187
7020,digitally,2,2,2.6989700043360187
7021,dilatation,2,1,3.0
7022,dilation,2,2,2.6989700043360187
7023,dimensional,2,2,2.6989700043360187
7024,dimerizing,2,1,3.0
7025,dimethylarginine,2,2,2.6989700043360187
7026,disadvantages,2,2,2.6989700043360187
7027,discern,2,1,3.0
7028,disciplinary,2,2,2.6989700043360187
7029,disclosure,2,2,2.6989700043360187
7030,discontinuity,2,1,3.0
7031,discounted,2,2,2.6989700043360187
7032,discoveries,2,2,2.6989700043360187
7033,discussions,2,2,2.6989700043360187
7034,display,2,2,2.6989700043360187
7035,disposal,2,2,2.6989700043360187
7036,disposition,2,2,2.6989700043360187
7037,disputes,2,2,2.6989700043360187
7038,disrupt,2,2,2.6989700043360187
7039,dissect,2,2,2.6989700043360187
7040,disseminated,2,2,2.6989700043360187
7041,distal,2,2,2.6989700043360187
7042,distinctive,2,2,2.6989700043360187
7043,distinguishes,2,2,2.6989700043360187
7044,distressing,2,2,2.6989700043360187
7045,distributional,2,1,3.0
7046,disulfide,2,2,2.6989700043360187
7047,dmadd,2,1,3.0
7048,dmns,2,1,3.0
7049,dn,2,1,3.0
7050,document,2,2,2.6989700043360187
7051,dod,2,1,3.0
7052,dodecyl,2,2,2.6989700043360187
7053,doi,2,2,2.6989700043360187
7054,domestic,2,1,3.0
7055,domestically,2,2,2.6989700043360187
7056,done,2,2,2.6989700043360187
7057,dosage,2,2,2.6989700043360187
7058,doubled,2,2,2.6989700043360187
7059,doubly,2,1,3.0
7060,doxycycline,2,1,3.0
7061,dp,2,1,3.0
7062,dramatic,2,2,2.6989700043360187
7063,draws,2,2,2.6989700043360187
7064,drgs,2,1,3.0
7065,droplet,2,2,2.6989700043360187
7066,drp1,2,1,3.0
7067,druggable,2,2,2.6989700043360187
7068,dsn,2,1,3.0
7069,dss,2,1,3.0
7070,dtsqc,2,1,3.0
7071,dtt,2,1,3.0
7072,dupilumab,2,1,3.0
7073,duplicates,2,2,2.6989700043360187
7074,dynamically,2,2,2.6989700043360187
7075,dysfunctional,2,2,2.6989700043360187
7076,dysglycemia,2,2,2.6989700043360187
7077,dysplasia,2,2,2.6989700043360187
7078,e11,2,2,2.6989700043360187
7079,earliest,2,2,2.6989700043360187
7080,east,2,2,2.6989700043360187
7081,easy,2,2,2.6989700043360187
7082,ebgm,2,2,2.6989700043360187
7083,ecd,2,2,2.6989700043360187
7084,ecg,2,2,2.6989700043360187
7085,ecological,2,2,2.6989700043360187
7086,ecology,2,2,2.6989700043360187
7087,ee,2,1,3.0
7088,eecs,2,1,3.0
7089,eeg,2,1,3.0
7090,eel,2,1,3.0
7091,effectors,2,2,2.6989700043360187
7092,efficacious,2,2,2.6989700043360187
7093,efficient,2,2,2.6989700043360187
7094,egcg,2,1,3.0
7095,egfp,2,2,2.6989700043360187
7096,ehrs,2,2,2.6989700043360187
7097,eighteen,2,2,2.6989700043360187
7098,elasticity,2,1,3.0
7099,electrical,2,1,3.0
7100,electroacupuncture,2,2,2.6989700043360187
7101,electron,2,2,2.6989700043360187
7102,electrophysiology,2,2,2.6989700043360187
7103,electrostatically,2,2,2.6989700043360187
7104,elimination,2,2,2.6989700043360187
7105,elucidating,2,2,2.6989700043360187
7106,empirical,2,2,2.6989700043360187
7107,empirically,2,1,3.0
7108,empty,2,2,2.6989700043360187
7109,encephalopathy,2,2,2.6989700043360187
7110,encoded,2,2,2.6989700043360187
7111,encoding,2,2,2.6989700043360187
7112,encompass,2,2,2.6989700043360187
7113,encourages,2,2,2.6989700043360187
7114,ending,2,2,2.6989700043360187
7115,endobariatric,2,2,2.6989700043360187
7116,endocrinologists,2,2,2.6989700043360187
7117,endometriosis,2,1,3.0
7118,endorsed,2,2,2.6989700043360187
7119,endorsement,2,2,2.6989700043360187
7120,endothelium,2,1,3.0
7121,endotoxemia,2,2,2.6989700043360187
7122,engineer,2,2,2.6989700043360187
7123,enhancements,2,2,2.6989700043360187
7124,enhancers,2,2,2.6989700043360187
7125,enrich,2,2,2.6989700043360187
7126,enroled,2,1,3.0
7127,ensemble,2,2,2.6989700043360187
7128,ensembles,2,1,3.0
7129,ensuring,2,2,2.6989700043360187
7130,entered,2,2,2.6989700043360187
7131,entering,2,2,2.6989700043360187
7132,environmentally,2,1,3.0
7133,eosin,2,2,2.6989700043360187
7134,eosinophils,2,2,2.6989700043360187
7135,epidemiologic,2,2,2.6989700043360187
7136,epigallocatechin,2,2,2.6989700043360187
7137,epigenomic,2,2,2.6989700043360187
7138,episode,2,2,2.6989700043360187
7139,epitranscriptomic,2,2,2.6989700043360187
7140,equal,2,2,2.6989700043360187
7141,equilibrium,2,2,2.6989700043360187
7142,error,2,2,2.6989700043360187
7143,ertugliflozin,2,1,3.0
7144,erythropoietin,2,1,3.0
7145,escape,2,2,2.6989700043360187
7146,esrd,2,2,2.6989700043360187
7147,essence,2,2,2.6989700043360187
7148,establishment,2,2,2.6989700043360187
7149,ethics,2,2,2.6989700043360187
7150,etiologies,2,2,2.6989700043360187
7151,eudravigilance,2,2,2.6989700043360187
7152,euglycemia,2,1,3.0
7153,europe,2,2,2.6989700043360187
7154,ev,2,1,3.0
7155,evenly,2,2,2.6989700043360187
7156,evogliptin,2,1,3.0
7157,ex4,2,1,3.0
7158,exactly,2,2,2.6989700043360187
7159,exceed,2,2,2.6989700043360187
7160,exceeds,2,2,2.6989700043360187
7161,exchangers,2,1,3.0
7162,exclude,2,2,2.6989700043360187
7163,exercised,2,1,3.0
7164,exhaustion,2,2,2.6989700043360187
7165,existed,2,2,2.6989700043360187
7166,existence,2,2,2.6989700043360187
7167,exocytosis,2,2,2.6989700043360187
7168,expectations,2,2,2.6989700043360187
7169,explainable,2,2,2.6989700043360187
7170,exploring,2,2,2.6989700043360187
7171,exports,2,2,2.6989700043360187
7172,extrapolated,2,2,2.6989700043360187
7173,extrapyramidal,2,1,3.0
7174,extreme,2,2,2.6989700043360187
7175,extremity,2,1,3.0
7176,eyelid,2,1,3.0
7177,f10,2,1,3.0
7178,faceted,2,1,3.0
7179,faecalibaculum,2,2,2.6989700043360187
7180,falsified,2,1,3.0
7181,farnesoid,2,2,2.6989700043360187
7182,fats,2,2,2.6989700043360187
7183,favor,2,2,2.6989700043360187
7184,favouring,2,2,2.6989700043360187
7185,fe2,2,2,2.6989700043360187
7186,featuring,2,2,2.6989700043360187
7187,feb,2,2,2.6989700043360187
7188,feel,2,2,2.6989700043360187
7189,fell,2,2,2.6989700043360187
7190,felt,2,1,3.0
7191,fenofibrate,2,1,3.0
7192,fermentable,2,2,2.6989700043360187
7193,fermenting,2,2,2.6989700043360187
7194,ffar2,2,2,2.6989700043360187
7195,ffar3,2,2,2.6989700043360187
7196,fga,2,1,3.0
7197,fgf19,2,1,3.0
7198,fh,2,1,3.0
7199,fibrates,2,2,2.6989700043360187
7200,fibrinolytic,2,1,3.0
7201,fibrogenic,2,1,3.0
7202,fidelity,2,2,2.6989700043360187
7203,fifteen,2,2,2.6989700043360187
7204,fighting,2,1,3.0
7205,file,2,2,2.6989700043360187
7206,files,2,2,2.6989700043360187
7207,filled,2,2,2.6989700043360187
7208,filters,2,1,3.0
7209,fingerprints,2,1,3.0
7210,finland,2,2,2.6989700043360187
7211,finnish,2,2,2.6989700043360187
7212,firm,2,2,2.6989700043360187
7213,fish,2,1,3.0
7214,fission,2,1,3.0
7215,fitness,2,2,2.6989700043360187
7216,fits,2,2,2.6989700043360187
7217,flap,2,1,3.0
7218,fluorescence,2,2,2.6989700043360187
7219,fluorescent,2,2,2.6989700043360187
7220,foenum,2,1,3.0
7221,folds,2,1,3.0
7222,football,2,1,3.0
7223,forces,2,1,3.0
7224,formate,2,1,3.0
7225,formats,2,2,2.6989700043360187
7226,fostering,2,2,2.6989700043360187
7227,foxo3a,2,1,3.0
7228,fr,2,1,3.0
7229,fractional,2,2,2.6989700043360187
7230,fragment,2,2,2.6989700043360187
7231,framingham,2,1,3.0
7232,fraudulent,2,1,3.0
7233,frc,2,1,3.0
7234,freely,2,1,3.0
7235,friendly,2,2,2.6989700043360187
7236,front,2,2,2.6989700043360187
7237,frontiers,2,1,3.0
7238,frontotemporal,2,1,3.0
7239,fructosamine,2,1,3.0
7240,fsg,2,1,3.0
7241,fulfilled,2,2,2.6989700043360187
7242,functionalized,2,2,2.6989700043360187
7243,functionally,2,2,2.6989700043360187
7244,functioning,2,2,2.6989700043360187
7245,fundoplication,2,1,3.0
7246,fused,2,2,2.6989700043360187
7247,fw,2,1,3.0
7248,fxiiia,2,1,3.0
7249,g2,2,2,2.6989700043360187
7250,gaining,2,2,2.6989700043360187
7251,galectin,2,1,3.0
7252,gallate,2,2,2.6989700043360187
7253,garnered,2,2,2.6989700043360187
7254,gasdermin,2,2,2.6989700043360187
7255,gastroenterological,2,2,2.6989700043360187
7256,gate,2,2,2.6989700043360187
7257,gavage,2,2,2.6989700043360187
7258,gba,2,1,3.0
7259,gc,2,2,2.6989700043360187
7260,gdf15,2,1,3.0
7261,gdmt,2,1,3.0
7262,ged,2,1,3.0
7263,gemigliptin,2,1,3.0
7264,genera,2,2,2.6989700043360187
7265,generalisable,2,2,2.6989700043360187
7266,generalised,2,2,2.6989700043360187
7267,generality,2,2,2.6989700043360187
7268,generalizable,2,2,2.6989700043360187
7269,genetics,2,2,2.6989700043360187
7270,genuinely,2,2,2.6989700043360187
7271,genus,2,2,2.6989700043360187
7272,geography,2,1,3.0
7273,germany,2,2,2.6989700043360187
7274,germline,2,1,3.0
7275,gerotherapeutic,2,2,2.6989700043360187
7276,ghr,2,1,3.0
7277,github,2,1,3.0
7278,glk,2,1,3.0
7279,gluconeogenesis,2,2,2.6989700043360187
7280,glut2,2,2,2.6989700043360187
7281,glutamatergic,2,1,3.0
7282,glycation,2,2,2.6989700043360187
7283,glycolysis,2,2,2.6989700043360187
7284,glycosidic,2,2,2.6989700043360187
7285,glycosylated,2,2,2.6989700043360187
7286,gnf4877,2,1,3.0
7287,goc,2,1,3.0
7288,gold,2,2,2.6989700043360187
7289,gonadal,2,2,2.6989700043360187
7290,goto,2,2,2.6989700043360187
7291,gout,2,1,3.0
7292,governed,2,2,2.6989700043360187
7293,grabs,2,1,3.0
7294,graecum,2,1,3.0
7295,grafting,2,2,2.6989700043360187
7296,grains,2,2,2.6989700043360187
7297,grant,2,2,2.6989700043360187
7298,granulocyte,2,2,2.6989700043360187
7299,grapes,2,1,3.0
7300,gray,2,2,2.6989700043360187
7301,greedy,2,2,2.6989700043360187
7302,grew,2,2,2.6989700043360187
7303,grey,2,2,2.6989700043360187
7304,ground,2,2,2.6989700043360187
7305,grounded,2,2,2.6989700043360187
7306,gs,2,2,2.6989700043360187
7307,guanylate,2,2,2.6989700043360187
7308,guiding,2,2,2.6989700043360187
7309,guinea,2,1,3.0
7310,göttingen,2,1,3.0
7311,gαs,2,2,2.6989700043360187
7312,halt,2,2,2.6989700043360187
7313,harabasz,2,1,3.0
7314,harvested,2,2,2.6989700043360187
7315,hbond,2,1,3.0
7316,heat,2,1,3.0
7317,heavily,2,2,2.6989700043360187
7318,hedonics,2,1,3.0
7319,heighten,2,2,2.6989700043360187
7320,heightened,2,2,2.6989700043360187
7321,held,2,2,2.6989700043360187
7322,heloderma,2,1,3.0
7323,hematological,2,1,3.0
7324,hematoxylin,2,2,2.6989700043360187
7325,hemoglobinopathies,2,1,3.0
7326,hemorrhagic,2,2,2.6989700043360187
7327,hemostatic,2,1,3.0
7328,hepatitis,2,1,3.0
7329,hepatokine,2,1,3.0
7330,herb,2,2,2.6989700043360187
7331,hereafter,2,2,2.6989700043360187
7332,heterodimerization,2,1,3.0
7333,heterozygosity,2,1,3.0
7334,hfs,2,1,3.0
7335,hierarchy,2,2,2.6989700043360187
7336,histomorphometry,2,1,3.0
7337,histopathological,2,2,2.6989700043360187
7338,historic,2,2,2.6989700043360187
7339,hmw,2,1,3.0
7340,hne,2,2,2.6989700043360187
7341,homo,2,1,3.0
7342,homolog,2,2,2.6989700043360187
7343,horizons,2,2,2.6989700043360187
7344,hormonally,2,1,3.0
7345,hospitalisations,2,2,2.6989700043360187
7346,hp,2,2,2.6989700043360187
7347,hsa,2,1,3.0
7348,htrf,2,1,3.0
7349,humanized,2,2,2.6989700043360187
7350,hungry,2,1,3.0
7351,hvs,2,1,3.0
7352,hybridization,2,2,2.6989700043360187
7353,hydrolase,2,2,2.6989700043360187
7354,hydroxy,2,2,2.6989700043360187
7355,hyper,2,2,2.6989700043360187
7356,hypercholesterolemia,2,2,2.6989700043360187
7357,hyperglucagonemia,2,1,3.0
7358,hypersecretion,2,2,2.6989700043360187
7359,hypomanic,2,1,3.0
7360,hypotension,2,2,2.6989700043360187
7361,hypotonia,2,1,3.0
7362,iatrogenic,2,2,2.6989700043360187
7363,iauc0,2,1,3.0
7364,ic,2,2,2.6989700043360187
7365,icam,2,1,3.0
7366,ich,2,1,3.0
7367,ichd,2,1,3.0
7368,id,2,2,2.6989700043360187
7369,ideally,2,2,2.6989700043360187
7370,ie,2,2,2.6989700043360187
7371,igg4,2,2,2.6989700043360187
7372,iihts,2,1,3.0
7373,il1,2,1,3.0
7374,il18,2,1,3.0
7375,il2ra,2,1,3.0
7376,il6,2,1,3.0
7377,ild,2,1,3.0
7378,ileum,2,2,2.6989700043360187
7379,ili,2,1,3.0
7380,illnesses,2,2,2.6989700043360187
7381,illustrates,2,2,2.6989700043360187
7382,illustrative,2,2,2.6989700043360187
7383,immediately,2,1,3.0
7384,immunogenic,2,2,2.6989700043360187
7385,immunogenicity,2,2,2.6989700043360187
7386,immunoglobulin,2,2,2.6989700043360187
7387,immunopathological,2,2,2.6989700043360187
7388,immunosorbent,2,2,2.6989700043360187
7389,immunosuppression,2,2,2.6989700043360187
7390,immunosuppressive,2,2,2.6989700043360187
7391,implantable,2,1,3.0
7392,implicates,2,2,2.6989700043360187
7393,implicating,2,2,2.6989700043360187
7394,imposes,2,2,2.6989700043360187
7395,impotence,2,1,3.0
7396,imputed,2,2,2.6989700043360187
7397,inability,2,1,3.0
7398,inaccessible,2,2,2.6989700043360187
7399,inaccurate,2,2,2.6989700043360187
7400,inadequacy,2,1,3.0
7401,inadvertently,2,2,2.6989700043360187
7402,incarceration,2,1,3.0
7403,incorrect,2,2,2.6989700043360187
7404,increment,2,2,2.6989700043360187
7405,indians,2,1,3.0
7406,indigestible,2,1,3.0
7407,individualising,2,2,2.6989700043360187
7408,individualization,2,2,2.6989700043360187
7409,inducible,2,2,2.6989700043360187
7410,indy,2,1,3.0
7411,inequities,2,2,2.6989700043360187
7412,inert,2,1,3.0
7413,inferential,2,2,2.6989700043360187
7414,infinity,2,2,2.6989700043360187
7415,influx,2,2,2.6989700043360187
7416,infrequent,2,2,2.6989700043360187
7417,infused,2,2,2.6989700043360187
7418,ingestive,2,2,2.6989700043360187
7419,inherent,2,2,2.6989700043360187
7420,inherited,2,2,2.6989700043360187
7421,initiatives,2,1,3.0
7422,innovator,2,1,3.0
7423,innovators,2,1,3.0
7424,inovalon,2,2,2.6989700043360187
7425,insomnia,2,1,3.0
7426,inspired,2,1,3.0
7427,institutes,2,2,2.6989700043360187
7428,institutions,2,2,2.6989700043360187
7429,instructed,2,2,2.6989700043360187
7430,instruction,2,1,3.0
7431,instrumental,2,1,3.0
7432,instruments,2,2,2.6989700043360187
7433,insult,2,1,3.0
7434,intentional,2,2,2.6989700043360187
7435,intercept,2,2,2.6989700043360187
7436,interchangeable,2,2,2.6989700043360187
7437,interdependent,2,2,2.6989700043360187
7438,interpretability,2,2,2.6989700043360187
7439,interpretations,2,2,2.6989700043360187
7440,interprofessional,2,1,3.0
7441,interrogated,2,2,2.6989700043360187
7442,interrupted,2,1,3.0
7443,interruption,2,2,2.6989700043360187
7444,intersection,2,2,2.6989700043360187
7445,intervertebral,2,1,3.0
7446,intestines,2,2,2.6989700043360187
7447,intl,2,1,3.0
7448,intra,2,2,2.6989700043360187
7449,intragastric,2,2,2.6989700043360187
7450,intrahepatic,2,2,2.6989700043360187
7451,intramuscular,2,1,3.0
7452,intranasal,2,2,2.6989700043360187
7453,intraperitoneal,2,2,2.6989700043360187
7454,intrarenal,2,2,2.6989700043360187
7455,intrauterine,2,1,3.0
7456,introduces,2,2,2.6989700043360187
7457,introducing,2,2,2.6989700043360187
7458,intrusive,2,2,2.6989700043360187
7459,invasiveness,2,2,2.6989700043360187
7460,inventory,2,2,2.6989700043360187
7461,invited,2,2,2.6989700043360187
7462,ipsilateral,2,1,3.0
7463,ipw,2,1,3.0
7464,iqvia,2,2,2.6989700043360187
7465,iridoid,2,1,3.0
7466,irritable,2,2,2.6989700043360187
7467,irs,2,2,2.6989700043360187
7468,isotope,2,2,2.6989700043360187
7469,isr,2,1,3.0
7470,italian,2,2,2.6989700043360187
7471,jama,2,1,3.0
7472,jointly,2,2,2.6989700043360187
7473,joints,2,2,2.6989700043360187
7474,jp,2,1,3.0
7475,justification,2,2,2.6989700043360187
7476,k48,2,1,3.0
7477,kakizaki,2,2,2.6989700043360187
7478,kap,2,1,3.0
7479,kappa,2,2,2.6989700043360187
7480,katp,2,1,3.0
7481,kda,2,2,2.6989700043360187
7482,ketamine,2,1,3.0
7483,ketogenic,2,1,3.0
7484,ketonaemia,2,1,3.0
7485,kidneys,2,2,2.6989700043360187
7486,kindling,2,1,3.0
7487,kinetic,2,2,2.6989700043360187
7488,kingdom,2,2,2.6989700043360187
7489,klotho,2,2,2.6989700043360187
7490,knock,2,2,2.6989700043360187
7491,la,2,1,3.0
7492,labdane,2,1,3.0
7493,labor,2,2,2.6989700043360187
7494,lachnoclostridium,2,2,2.6989700043360187
7495,lachnospiraceae,2,2,2.6989700043360187
7496,lacks,2,2,2.6989700043360187
7497,lactam,2,2,2.6989700043360187
7498,lactobacillaceae,2,2,2.6989700043360187
7499,lanifibranor,2,2,2.6989700043360187
7500,lastly,2,2,2.6989700043360187
7501,latin,2,2,2.6989700043360187
7502,lay,2,2,2.6989700043360187
7503,lcfas,2,1,3.0
7504,ldh,2,2,2.6989700043360187
7505,ldlr,2,2,2.6989700043360187
7506,leg,2,1,3.0
7507,legal,2,2,2.6989700043360187
7508,lens,2,2,2.6989700043360187
7509,lesions,2,1,3.0
7510,letrozole,2,2,2.6989700043360187
7511,leu32,2,1,3.0
7512,leucettine,2,1,3.0
7513,leukemias,2,1,3.0
7514,leverage,2,2,2.6989700043360187
7515,leveraged,2,2,2.6989700043360187
7516,lewy,2,1,3.0
7517,ligase,2,2,2.6989700043360187
7518,ligilactobacillus,2,2,2.6989700043360187
7519,liking,2,1,3.0
7520,linezolid,2,1,3.0
7521,linkage,2,2,2.6989700043360187
7522,linker,2,2,2.6989700043360187
7523,linoleic,2,2,2.6989700043360187
7524,lipidation,2,2,2.6989700043360187
7525,lipogenesis,2,2,2.6989700043360187
7526,lipogenic,2,2,2.6989700043360187
7527,lipohypertrophy,2,1,3.0
7528,liquids,2,2,2.6989700043360187
7529,listed,2,2,2.6989700043360187
7530,littermate,2,2,2.6989700043360187
7531,lives,2,2,2.6989700043360187
7532,lmics,2,1,3.0
7533,loaded,2,2,2.6989700043360187
7534,localized,2,2,2.6989700043360187
7535,locomotor,2,2,2.6989700043360187
7536,logic,2,2,2.6989700043360187
7537,longevity,2,2,2.6989700043360187
7538,longstanding,2,2,2.6989700043360187
7539,lowers,2,2,2.6989700043360187
7540,lrrk2,2,1,3.0
7541,lumen,2,2,2.6989700043360187
7542,lumo,2,1,3.0
7543,lymphocyte,2,1,3.0
7544,lynch,2,1,3.0
7545,lysosomal,2,2,2.6989700043360187
7546,m4,2,1,3.0
7547,magnitudes,2,2,2.6989700043360187
7548,mainstay,2,2,2.6989700043360187
7549,malabsorption,2,2,2.6989700043360187
7550,malaise,2,2,2.6989700043360187
7551,malnourished,2,2,2.6989700043360187
7552,mandatory,2,2,2.6989700043360187
7553,manic,2,1,3.0
7554,mannitol,2,1,3.0
7555,manually,2,2,2.6989700043360187
7556,married,2,2,2.6989700043360187
7557,mask,2,2,2.6989700043360187
7558,match,2,2,2.6989700043360187
7559,maturation,2,2,2.6989700043360187
7560,maturing,2,2,2.6989700043360187
7561,maximize,2,2,2.6989700043360187
7562,mayo,2,1,3.0
7563,mcfas,2,1,3.0
7564,means,2,2,2.6989700043360187
7565,measuring,2,2,2.6989700043360187
7566,meibomian,2,1,3.0
7567,membranes,2,2,2.6989700043360187
7568,mentions,2,2,2.6989700043360187
7569,mere,2,2,2.6989700043360187
7570,metabolized,2,1,3.0
7571,metabolome,2,2,2.6989700043360187
7572,metagenomic,2,2,2.6989700043360187
7573,methodsthe,2,2,2.6989700043360187
7574,methodswe,2,2,2.6989700043360187
7575,metric,2,2,2.6989700043360187
7576,mexico,2,1,3.0
7577,micelle,2,1,3.0
7578,michigan,2,1,3.0
7579,microdomains,2,2,2.6989700043360187
7580,microenvironments,2,2,2.6989700043360187
7581,microglia,2,2,2.6989700043360187
7582,micrornas,2,2,2.6989700043360187
7583,milestones,2,2,2.6989700043360187
7584,milieu,2,2,2.6989700043360187
7585,milligrams,2,2,2.6989700043360187
7586,millions,2,2,2.6989700043360187
7587,milt,2,1,3.0
7588,mimetics,2,2,2.6989700043360187
7589,min6,2,1,3.0
7590,mindful,2,1,3.0
7591,minipigs,2,1,3.0
7592,mirrors,2,2,2.6989700043360187
7593,mismatch,2,2,2.6989700043360187
7594,missense,2,2,2.6989700043360187
7595,mito,2,1,3.0
7596,mitophagy,2,2,2.6989700043360187
7597,mitoros,2,1,3.0
7598,mmrm,2,1,3.0
7599,mna,2,1,3.0
7600,modal,2,2,2.6989700043360187
7601,modality,2,2,2.6989700043360187
7602,mode,2,2,2.6989700043360187
7603,module,2,2,2.6989700043360187
7604,modules,2,2,2.6989700043360187
7605,monoaminergic,2,2,2.6989700043360187
7606,monoclonal,2,2,2.6989700043360187
7607,monoglobus,2,1,3.0
7608,monoglycerides,2,1,3.0
7609,monolayers,2,2,2.6989700043360187
7610,mononuclear,2,1,3.0
7611,mononucleotide,2,2,2.6989700043360187
7612,moose,2,2,2.6989700043360187
7613,motivationally,2,1,3.0
7614,mounting,2,2,2.6989700043360187
7615,mounts,2,2,2.6989700043360187
7616,movement,2,1,3.0
7617,mp3,2,1,3.0
7618,mtorc1i,2,1,3.0
7619,mtp,2,1,3.0
7620,mu,2,2,2.6989700043360187
7621,mucin,2,2,2.6989700043360187
7622,mucoadhesive,2,1,3.0
7623,multiagonists,2,2,2.6989700043360187
7624,multicomponent,2,2,2.6989700043360187
7625,multidose,2,2,2.6989700043360187
7626,multifunctional,2,1,3.0
7627,multilevel,2,2,2.6989700043360187
7628,multiomics,2,2,2.6989700043360187
7629,multiorgan,2,2,2.6989700043360187
7630,multiplicative,2,2,2.6989700043360187
7631,multiplicity,2,2,2.6989700043360187
7632,multipole,2,1,3.0
7633,multivalent,2,2,2.6989700043360187
7634,multiyear,2,2,2.6989700043360187
7635,mussel,2,1,3.0
7636,myeloma,2,1,3.0
7637,myocytes,2,2,2.6989700043360187
7638,myokine,2,2,2.6989700043360187
7639,myopia,2,1,3.0
7640,myostatin,2,1,3.0
7641,myriad,2,2,2.6989700043360187
7642,nacl,2,1,3.0
7643,named,2,2,2.6989700043360187
7644,namely,2,2,2.6989700043360187
7645,nanoemulsions,2,2,2.6989700043360187
7646,narrowing,2,2,2.6989700043360187
7647,naturalistic,2,1,3.0
7648,navigate,2,2,2.6989700043360187
7649,nct02496611,2,1,3.0
7650,nct03574597,2,2,2.6989700043360187
7651,nct05869903,2,2,2.6989700043360187
7652,nct05872620,2,2,2.6989700043360187
7653,nct06283641,2,2,2.6989700043360187
7654,nct07611201,2,1,3.0
7655,ndevs,2,1,3.0
7656,ndna,2,1,3.0
7657,nds,2,1,3.0
7658,necessitate,2,2,2.6989700043360187
7659,necessitating,2,2,2.6989700043360187
7660,necessity,2,2,2.6989700043360187
7661,negligible,2,2,2.6989700043360187
7662,neoplasia,2,1,3.0
7663,neprilysin,2,2,2.6989700043360187
7664,neurobehavioral,2,2,2.6989700043360187
7665,neurocardiac,2,2,2.6989700043360187
7666,neurocognitive,2,2,2.6989700043360187
7667,neurogenesis,2,2,2.6989700043360187
7668,neuroglia,2,1,3.0
7669,neuroglial,2,2,2.6989700043360187
7670,neurohumoral,2,2,2.6989700043360187
7671,neuropsychological,2,2,2.6989700043360187
7672,neurotoxicity,2,2,2.6989700043360187
7673,neurotransmitters,2,2,2.6989700043360187
7674,neutralizing,2,2,2.6989700043360187
7675,nhe1,2,2,2.6989700043360187
7676,niche,2,1,3.0
7677,niddm,2,1,3.0
7678,night,2,2,2.6989700043360187
7679,nigricans,2,2,2.6989700043360187
7680,nigrum,2,1,3.0
7681,ninety,2,2,2.6989700043360187
7682,nissen,2,1,3.0
7683,nitrogen,2,2,2.6989700043360187
7684,nnh,2,1,3.0
7685,nomenclature,2,2,2.6989700043360187
7686,noncoding,2,2,2.6989700043360187
7687,nonhuman,2,2,2.6989700043360187
7688,nonintensive,2,1,3.0
7689,nonlinear,2,2,2.6989700043360187
7690,nonlinearity,2,2,2.6989700043360187
7691,nonresponse,2,2,2.6989700043360187
7692,normalisation,2,2,2.6989700043360187
7693,normative,2,2,2.6989700043360187
7694,normoglycaemia,2,1,3.0
7695,northeast,2,2,2.6989700043360187
7696,northwestern,2,1,3.0
7697,note,2,2,2.6989700043360187
7698,noxious,2,1,3.0
7699,npy4r,2,1,3.0
7700,nrtis,2,1,3.0
7701,nss,2,1,3.0
7702,nucleoside,2,2,2.6989700043360187
7703,numerical,2,2,2.6989700043360187
7704,nutraceuticals,2,2,2.6989700043360187
7705,oads,2,1,3.0
7706,oagb,2,1,3.0
7707,objectively,2,2,2.6989700043360187
7708,obligate,2,1,3.0
7709,obs,2,1,3.0
7710,obscure,2,2,2.6989700043360187
7711,observe,2,2,2.6989700043360187
7712,occludin,2,2,2.6989700043360187
7713,occlusion,2,2,2.6989700043360187
7714,ocps,2,1,3.0
7715,odt,2,1,3.0
7716,offs,2,2,2.6989700043360187
7717,offsets,2,1,3.0
7718,oily,2,1,3.0
7719,oligomer,2,2,2.6989700043360187
7720,oligomeric,2,2,2.6989700043360187
7721,olive,2,2,2.6989700043360187
7722,oma,2,2,2.6989700043360187
7723,omega,2,2,2.6989700043360187
7724,oms,2,1,3.0
7725,ondansetron,2,1,3.0
7726,ones,2,2,2.6989700043360187
7727,onwards,2,2,2.6989700043360187
7728,operationalized,2,2,2.6989700043360187
7729,operationally,2,2,2.6989700043360187
7730,opinion,2,2,2.6989700043360187
7731,opposes,2,2,2.6989700043360187
7732,optimizes,2,2,2.6989700043360187
7733,optional,2,2,2.6989700043360187
7734,orc,2,1,3.0
7735,orchestrate,2,2,2.6989700043360187
7736,orchestrates,2,2,2.6989700043360187
7737,ordinal,2,2,2.6989700043360187
7738,orf,2,1,3.0
7739,organic,2,2,2.6989700043360187
7740,origin,2,2,2.6989700043360187
7741,origins,2,2,2.6989700043360187
7742,orthostatic,2,1,3.0
7743,oscillibacter,2,2,2.6989700043360187
7744,osteocalcin,2,2,2.6989700043360187
7745,osteoclast,2,1,3.0
7746,osteolytic,2,1,3.0
7747,otherwise,2,2,2.6989700043360187
7748,otolaryngologists,2,2,2.6989700043360187
7749,ovaries,2,1,3.0
7750,overactivation,2,2,2.6989700043360187
7751,overfeeding,2,2,2.6989700043360187
7752,overproduction,2,2,2.6989700043360187
7753,pacific,2,2,2.6989700043360187
7754,paediatrics,2,1,3.0
7755,palatable,2,2,2.6989700043360187
7756,pallor,2,2,2.6989700043360187
7757,palpitations,2,1,3.0
7758,pancreatobiliary,2,2,2.6989700043360187
7759,panelists,2,1,3.0
7760,panniculectomy,2,1,3.0
7761,papillary,2,2,2.6989700043360187
7762,paracrine,2,1,3.0
7763,paradoxical,2,2,2.6989700043360187
7764,parasomnia,2,1,3.0
7765,parent,2,2,2.6989700043360187
7766,parental,2,2,2.6989700043360187
7767,particles,2,2,2.6989700043360187
7768,partner,2,2,2.6989700043360187
7769,patents,2,1,3.0
7770,pathogen,2,2,2.6989700043360187
7771,pathogenicity,2,1,3.0
7772,pathologically,2,2,2.6989700043360187
7773,payment,2,2,2.6989700043360187
7774,pbmcs,2,1,3.0
7775,pcf,2,1,3.0
7776,pch,2,1,3.0
7777,pdff,2,1,3.0
7778,peaked,2,2,2.6989700043360187
7779,pelvic,2,2,2.6989700043360187
7780,penetrance,2,2,2.6989700043360187
7781,penk,2,1,3.0
7782,pens,2,2,2.6989700043360187
7783,perifusion,2,2,2.6989700043360187
7784,periodontitis,2,2,2.6989700043360187
7785,peritoneal,2,2,2.6989700043360187
7786,perm,2,1,3.0
7787,permissive,2,1,3.0
7788,peroral,2,1,3.0
7789,persistently,2,2,2.6989700043360187
7790,perturbation,2,2,2.6989700043360187
7791,petd,2,1,3.0
7792,petrelintide,2,2,2.6989700043360187
7793,pharmacies,2,2,2.6989700043360187
7794,pharmacoepidemiologic,2,1,3.0
7795,pharmacoepidemiology,2,2,2.6989700043360187
7796,pharmacoequity,2,1,3.0
7797,pharmacophoric,2,1,3.0
7798,pharmacosimilars,2,1,3.0
7799,phenolic,2,2,2.6989700043360187
7800,phenomena,2,2,2.6989700043360187
7801,phosphatase,2,2,2.6989700043360187
7802,phosphodiesterase,2,2,2.6989700043360187
7803,phospholipids,2,2,2.6989700043360187
7804,phylum,2,2,2.6989700043360187
7805,phytomedicine,2,1,3.0
7806,pid1,2,1,3.0
7807,pid8,2,1,3.0
7808,pig,2,1,3.0
7809,pillar,2,2,2.6989700043360187
7810,pillars,2,2,2.6989700043360187
7811,pioneering,2,2,2.6989700043360187
7812,pis,2,1,3.0
7813,pku,2,1,3.0
7814,pl,2,1,3.0
7815,placement,2,2,2.6989700043360187
7816,places,2,2,2.6989700043360187
7817,plants,2,2,2.6989700043360187
7818,plaque,2,2,2.6989700043360187
7819,plaques,2,2,2.6989700043360187
7820,plateaued,2,2,2.6989700043360187
7821,plga,2,2,2.6989700043360187
7822,plot,2,2,2.6989700043360187
7823,plumieride,2,1,3.0
7824,pms,2,1,3.0
7825,pnpho,2,1,3.0
7826,pocus,2,2,2.6989700043360187
7827,podcast,2,1,3.0
7828,polish,2,2,2.6989700043360187
7829,pollock,2,1,3.0
7830,poly,2,2,2.6989700043360187
7831,polymorphisms,2,2,2.6989700043360187
7832,polypeptides,2,2,2.6989700043360187
7833,polysaccharide,2,2,2.6989700043360187
7834,polyunsaturated,2,2,2.6989700043360187
7835,polyuria,2,2,2.6989700043360187
7836,popular,2,2,2.6989700043360187
7837,portion,2,2,2.6989700043360187
7838,portosystemic,2,1,3.0
7839,positron,2,2,2.6989700043360187
7840,postbiotic,2,1,3.0
7841,postbiotics,2,2,2.6989700043360187
7842,postdialysis,2,1,3.0
7843,postdialytic,2,1,3.0
7844,potentiated,2,2,2.6989700043360187
7845,potentiation,2,1,3.0
7846,ppka,2,1,3.0
7847,ppo,2,1,3.0
7848,practicing,2,2,2.6989700043360187
7849,prader,2,2,2.6989700043360187
7850,preadipocyte,2,1,3.0
7851,preb,2,2,2.6989700043360187
7852,precautions,2,2,2.6989700043360187
7853,preceded,2,2,2.6989700043360187
7854,precedes,2,2,2.6989700043360187
7855,precipitant,2,1,3.0
7856,precisely,2,2,2.6989700043360187
7857,precludes,2,2,2.6989700043360187
7858,precursor,2,2,2.6989700043360187
7859,predialysis,2,2,2.6989700043360187
7860,predisposing,2,2,2.6989700043360187
7861,predisposition,2,2,2.6989700043360187
7862,preeclampsia,2,1,3.0
7863,preferentially,2,2,2.6989700043360187
7864,premenopausal,2,2,2.6989700043360187
7865,prepare,2,2,2.6989700043360187
7866,preregistered,2,2,2.6989700043360187
7867,prerequisite,2,2,2.6989700043360187
7868,prerequisites,2,1,3.0
7869,prescriptive,2,2,2.6989700043360187
7870,press,2,2,2.6989700043360187
7871,preterm,2,2,2.6989700043360187
7872,prevailing,2,2,2.6989700043360187
7873,prevented,2,2,2.6989700043360187
7874,prevotella,2,1,3.0
7875,primate,2,2,2.6989700043360187
7876,primed,2,2,2.6989700043360187
7877,principally,2,2,2.6989700043360187
7878,prioritisation,2,2,2.6989700043360187
7879,prioritizing,2,2,2.6989700043360187
7880,probably,2,2,2.6989700043360187
7881,procollagen,2,2,2.6989700043360187
7882,productive,2,2,2.6989700043360187
7883,profibrotic,2,2,2.6989700043360187
7884,proglucagon,2,2,2.6989700043360187
7885,programmed,2,2,2.6989700043360187
7886,promotion,2,2,2.6989700043360187
7887,prompt,2,2,2.6989700043360187
7888,propac,2,1,3.0
7889,propeptide,2,2,2.6989700043360187
7890,propofol,2,2,2.6989700043360187
7891,proportionally,2,2,2.6989700043360187
7892,proposal,2,2,2.6989700043360187
7893,proprietary,2,2,2.6989700043360187
7894,prostate,2,2,2.6989700043360187
7895,proteasome,2,2,2.6989700043360187
7896,proteobacteria,2,2,2.6989700043360187
7897,proteolysis,2,1,3.0
7898,prototypes,2,2,2.6989700043360187
7899,pruning,2,1,3.0
7900,pruritus,2,2,2.6989700043360187
7901,psa,2,1,3.0
7902,psd,2,1,3.0
7903,pseudocyst,2,1,3.0
7904,pso,2,1,3.0
7905,psychometric,2,1,3.0
7906,psychopathology,2,1,3.0
7907,psychostimulant,2,1,3.0
7908,psychotropic,2,2,2.6989700043360187
7909,ptau217,2,1,3.0
7910,pubertal,2,2,2.6989700043360187
7911,publicly,2,2,2.6989700043360187
7912,pv,2,1,3.0
7913,pw,2,1,3.0
7914,pwv,2,1,3.0
7915,pxr,2,1,3.0
7916,q10,2,2,2.6989700043360187
7917,q13,2,1,3.0
7918,qol,2,1,3.0
7919,qualifying,2,2,2.6989700043360187
7920,quartiles,2,2,2.6989700043360187
7921,r1,2,1,3.0
7922,r131q,2,1,3.0
7923,radiological,2,1,3.0
7924,rage,2,2,2.6989700043360187
7925,rand,2,1,3.0
7926,ranges,2,2,2.6989700043360187
7927,rankl,2,2,2.6989700043360187
7928,raw,2,2,2.6989700043360187
7929,ray,2,2,2.6989700043360187
7930,rc,2,1,3.0
7931,rdw,2,1,3.0
7932,reachability,2,1,3.0
7933,reaches,2,2,2.6989700043360187
7934,reasonable,2,2,2.6989700043360187
7935,reassessment,2,2,2.6989700043360187
7936,receipt,2,2,2.6989700043360187
7937,rechallenge,2,1,3.0
7938,recomposition,2,1,3.0
7939,reconstruction,2,1,3.0
7940,recptno,2,1,3.0
7941,redefining,2,2,2.6989700043360187
7942,redirect,2,2,2.6989700043360187
7943,redocking,2,1,3.0
7944,ree,2,1,3.0
7945,referenced,2,2,2.6989700043360187
7946,references,2,2,2.6989700043360187
7947,refills,2,2,2.6989700043360187
7948,refined,2,2,2.6989700043360187
7949,reforms,2,1,3.0
7950,reframing,2,2,2.6989700043360187
7951,regained,2,2,2.6989700043360187
7952,regards,2,2,2.6989700043360187
7953,regressions,2,2,2.6989700043360187
7954,rehabilitation,2,2,2.6989700043360187
7955,reintroduction,2,1,3.0
7956,rejection,2,1,3.0
7957,relate,2,2,2.6989700043360187
7958,relatives,2,2,2.6989700043360187
7959,relieve,2,2,2.6989700043360187
7960,remarkable,2,2,2.6989700043360187
7961,remodeled,2,2,2.6989700043360187
7962,remote,2,2,2.6989700043360187
7963,removal,2,2,2.6989700043360187
7964,reno,2,2,2.6989700043360187
7965,renoprotection,2,2,2.6989700043360187
7966,repairs,2,1,3.0
7967,repertoire,2,2,2.6989700043360187
7968,replacements,2,2,2.6989700043360187
7969,replicated,2,2,2.6989700043360187
7970,replicates,2,2,2.6989700043360187
7971,representativeness,2,2,2.6989700043360187
7972,reproduced,2,2,2.6989700043360187
7973,reproducibility,2,2,2.6989700043360187
7974,reprogrammed,2,2,2.6989700043360187
7975,repulsion,2,1,3.0
7976,request,2,2,2.6989700043360187
7977,reservoir,2,2,2.6989700043360187
7978,resilience,2,2,2.6989700043360187
7979,resistin,2,2,2.6989700043360187
7980,resolve,2,2,2.6989700043360187
7981,respirometry,2,2,2.6989700043360187
7982,responds,2,2,2.6989700043360187
7983,responsibilities,2,2,2.6989700043360187
7984,responsibly,2,2,2.6989700043360187
7985,restart,2,1,3.0
7986,restricts,2,2,2.6989700043360187
7987,resveratrol,2,2,2.6989700043360187
7988,retail,2,1,3.0
7989,retain,2,2,2.6989700043360187
7990,retaining,2,2,2.6989700043360187
7991,retains,2,2,2.6989700043360187
7992,reticulata,2,1,3.0
7993,retired,2,1,3.0
7994,retrospectively,2,2,2.6989700043360187
7995,return,2,2,2.6989700043360187
7996,returned,2,2,2.6989700043360187
7997,revel,2,1,3.0
7998,revered,2,1,3.0
7999,reversing,2,2,2.6989700043360187
8000,reverted,2,1,3.0
8001,revisions,2,1,3.0
8002,revolutionised,2,2,2.6989700043360187
8003,rhamnosus,2,2,2.6989700043360187
8004,rheumatology,2,1,3.0
8005,rhinoplasty,2,1,3.0
8006,rhr,2,1,3.0
8007,rhytidectomy,2,1,3.0
8008,ribes,2,1,3.0
8009,ring,2,2,2.6989700043360187
8010,rituximab,2,1,3.0
8011,rld,2,1,3.0
8012,rmsd,2,2,2.6989700043360187
8013,rnascope,2,2,2.6989700043360187
8014,rnfl,2,1,3.0
8015,robustly,2,2,2.6989700043360187
8016,rodents,2,2,2.6989700043360187
8017,room,2,2,2.6989700043360187
8018,rors,2,2,2.6989700043360187
8019,roscoea,2,1,3.0
8020,roscohumeanol,2,1,3.0
8021,rounds,2,1,3.0
8022,routes,2,2,2.6989700043360187
8023,royal,2,2,2.6989700043360187
8024,rplc,2,1,3.0
8025,rps,2,1,3.0
8026,rrna,2,2,2.6989700043360187
8027,rrr,2,1,3.0
8028,ruminal,2,1,3.0
8029,s1,2,2,2.6989700043360187
8030,s1b,2,1,3.0
8031,s40200,2,2,2.6989700043360187
8032,saba,2,1,3.0
8033,safer,2,2,2.6989700043360187
8034,said,2,1,3.0
8035,salient,2,2,2.6989700043360187
8036,sampling,2,2,2.6989700043360187
8037,sanghuang,2,1,3.0
8038,sanra,2,2,2.6989700043360187
8039,sans,2,1,3.0
8040,sarcoplasmic,2,1,3.0
8041,saturated,2,2,2.6989700043360187
8042,saturation,2,1,3.0
8043,saxagliptin,2,1,3.0
8044,sbp,2,2,2.6989700043360187
8045,scaffolds,2,2,2.6989700043360187
8046,scheme,2,2,2.6989700043360187
8047,school,2,2,2.6989700043360187
8048,scope,2,2,2.6989700043360187
8049,scr,2,2,2.6989700043360187
8050,sct,2,1,3.0
8051,scwat,2,1,3.0
8052,sdh,2,1,3.0
8053,sea,2,1,3.0
8054,secretagogue,2,2,2.6989700043360187
8055,sections,2,2,2.6989700043360187
8056,sed,2,1,3.0
8057,sedentary,2,1,3.0
8058,seek,2,2,2.6989700043360187
8059,seeks,2,2,2.6989700043360187
8060,seemingly,2,2,2.6989700043360187
8061,seems,2,2,2.6989700043360187
8062,seer,2,1,3.0
8063,semistructured,2,1,3.0
8064,senior,2,2,2.6989700043360187
8065,senolytic,2,2,2.6989700043360187
8066,sensitization,2,2,2.6989700043360187
8067,sensitizers,2,2,2.6989700043360187
8068,sensor,2,1,3.0
8069,separates,2,2,2.6989700043360187
8070,sept,2,2,2.6989700043360187
8071,septic,2,1,3.0
8072,sequentially,2,2,2.6989700043360187
8073,ser18,2,1,3.0
8074,ser473,2,1,3.0
8075,serine,2,2,2.6989700043360187
8076,seriousness,2,1,3.0
8077,session,2,1,3.0
8078,seventy,2,2,2.6989700043360187
8079,sharing,2,2,2.6989700043360187
8080,sheep,2,1,3.0
8081,shock,2,1,3.0
8082,shortening,2,2,2.6989700043360187
8083,shp,2,2,2.6989700043360187
8084,shrna,2,2,2.6989700043360187
8085,shuttle,2,2,2.6989700043360187
8086,signature,2,2,2.6989700043360187
8087,silenced,2,2,2.6989700043360187
8088,silent,2,2,2.6989700043360187
8089,silhouette,2,1,3.0
8090,silos,2,2,2.6989700043360187
8091,similarity,2,2,2.6989700043360187
8092,simply,2,2,2.6989700043360187
8093,simulate,2,2,2.6989700043360187
8094,singh,2,1,3.0
8095,sinus,2,2,2.6989700043360187
8096,sirtuin,2,2,2.6989700043360187
8097,sit,2,1,3.0
8098,sits,2,2,2.6989700043360187
8099,situate,2,2,2.6989700043360187
8100,situations,2,1,3.0
8101,slot,2,1,3.0
8102,slowed,2,2,2.6989700043360187
8103,smoke,2,1,3.0
8104,smokers,2,2,2.6989700043360187
8105,sn,2,2,2.6989700043360187
8106,sofa,2,1,3.0
8107,software,2,2,2.6989700043360187
8108,sold,2,1,3.0
8109,sole,2,2,2.6989700043360187
8110,soli,2,1,3.0
8111,solute,2,2,2.6989700043360187
8112,solve,2,2,2.6989700043360187
8113,southwestern,2,1,3.0
8114,spacing,2,2,2.6989700043360187
8115,sparked,2,2,2.6989700043360187
8116,spatially,2,2,2.6989700043360187
8117,special,2,2,2.6989700043360187
8118,specialties,2,1,3.0
8119,specialty,2,1,3.0
8120,specification,2,2,2.6989700043360187
8121,speed,2,2,2.6989700043360187
8122,sperm,2,2,2.6989700043360187
8123,splicing,2,1,3.0
8124,spline,2,2,2.6989700043360187
8125,sponsor,2,2,2.6989700043360187
8126,spontaneously,2,2,2.6989700043360187
8127,spp,2,2,2.6989700043360187
8128,springer,2,2,2.6989700043360187
8129,sq22536,2,1,3.0
8130,srivastav,2,1,3.0
8131,srm,2,1,3.0
8132,sta,2,1,3.0
8133,stabilising,2,2,2.6989700043360187
8134,stabilize,2,2,2.6989700043360187
8135,stabilizers,2,2,2.6989700043360187
8136,stabilizes,2,2,2.6989700043360187
8137,standardize,2,2,2.6989700043360187
8138,stapled,2,1,3.0
8139,starvation,2,2,2.6989700043360187
8140,statutory,2,2,2.6989700043360187
8141,steps,2,2,2.6989700043360187
8142,steviol,2,1,3.0
8143,stewardship,2,2,2.6989700043360187
8144,stigmatizing,2,2,2.6989700043360187
8145,stimulant,2,2,2.6989700043360187
8146,stockholm,2,2,2.6989700043360187
8147,stored,2,1,3.0
8148,strand,2,2,2.6989700043360187
8149,strategically,2,1,3.0
8150,stratify,2,2,2.6989700043360187
8151,strictly,2,2,2.6989700043360187
8152,stricture,2,1,3.0
8153,struggle,2,1,3.0
8154,struggling,2,2,2.6989700043360187
8155,student,2,1,3.0
8156,subclasses,2,1,3.0
8157,subpopulation,2,2,2.6989700043360187
8158,subpopulations,2,2,2.6989700043360187
8159,substitutions,2,2,2.6989700043360187
8160,subunit,2,2,2.6989700043360187
8161,successive,2,2,2.6989700043360187
8162,suffer,2,2,2.6989700043360187
8163,suggestions,2,2,2.6989700043360187
8164,suggestive,2,2,2.6989700043360187
8165,sulfated,2,1,3.0
8166,sulphonylureas,2,1,3.0
8167,sult2a1,2,1,3.0
8168,summarised,2,2,2.6989700043360187
8169,supernatant,2,1,3.0
8170,supplies,2,2,2.6989700043360187
8171,suprathreshold,2,1,3.0
8172,surpass,2,2,2.6989700043360187
8173,surveyed,2,2,2.6989700043360187
8174,survivorship,2,1,3.0
8175,sus,2,2,2.6989700043360187
8176,suspectum,2,1,3.0
8177,suspension,2,1,3.0
8178,sustaining,2,2,2.6989700043360187
8179,swallowing,2,1,3.0
8180,sweden,2,2,2.6989700043360187
8181,sweetener,2,2,2.6989700043360187
8182,sweeteners,2,1,3.0
8183,switched,2,2,2.6989700043360187
8184,symptomatically,2,2,2.6989700043360187
8185,synapses,2,2,2.6989700043360187
8186,synbiotics,2,2,2.6989700043360187
8187,syncytial,2,1,3.0
8188,synopsis,2,2,2.6989700043360187
8189,synovial,2,1,3.0
8190,synthesising,2,2,2.6989700043360187
8191,synthesizing,2,2,2.6989700043360187
8192,synthetase,2,2,2.6989700043360187
8193,système,2,2,2.6989700043360187
8194,tab,2,1,3.0
8195,table,2,2,2.6989700043360187
8196,taiwanese,2,2,2.6989700043360187
8197,takeda,2,2,2.6989700043360187
8198,talk,2,2,2.6989700043360187
8199,tandem,2,2,2.6989700043360187
8200,tangles,2,2,2.6989700043360187
8201,task,2,2,2.6989700043360187
8202,taurine,2,2,2.6989700043360187
8203,technical,2,2,2.6989700043360187
8204,technicians,2,1,3.0
8205,technique,2,2,2.6989700043360187
8206,template,2,2,2.6989700043360187
8207,tendinopathy,2,1,3.0
8208,tenfold,2,1,3.0
8209,tens,2,2,2.6989700043360187
8210,th,2,2,2.6989700043360187
8211,themes,2,2,2.6989700043360187
8212,theoretically,2,2,2.6989700043360187
8213,theorized,2,2,2.6989700043360187
8214,thermoresponsive,2,1,3.0
8215,thiazide,2,2,2.6989700043360187
8216,thigh,2,1,3.0
8217,thirteen,2,2,2.6989700043360187
8218,thoracic,2,1,3.0
8219,thoracolumbar,2,1,3.0
8220,thoughtful,2,2,2.6989700043360187
8221,thr,2,2,2.6989700043360187
8222,thromboinflammation,2,1,3.0
8223,thrβ,2,2,2.6989700043360187
8224,tiered,2,2,2.6989700043360187
8225,tiers,2,2,2.6989700043360187
8226,tightly,2,2,2.6989700043360187
8227,tir,2,1,3.0
8228,titer,2,1,3.0
8229,titrate,2,1,3.0
8230,tjr,2,1,3.0
8231,toc,2,1,3.0
8232,toll,2,2,2.6989700043360187
8233,tongue,2,2,2.6989700043360187
8234,took,2,2,2.6989700043360187
8235,topic,2,2,2.6989700043360187
8236,topics,2,1,3.0
8237,toxic,2,2,2.6989700043360187
8238,toxicities,2,2,2.6989700043360187
8239,toxicological,2,2,2.6989700043360187
8240,trace,2,2,2.6989700043360187
8241,traced,2,1,3.0
8242,tracked,2,2,2.6989700043360187
8243,tracking,2,2,2.6989700043360187
8244,trade,2,2,2.6989700043360187
8245,trans,2,2,2.6989700043360187
8246,transaminases,2,2,2.6989700043360187
8247,transcriptase,2,2,2.6989700043360187
8248,transcriptomics,2,1,3.0
8249,transducer,2,2,2.6989700043360187
8250,transferrin,2,1,3.0
8251,translates,2,2,2.6989700043360187
8252,translocation,2,2,2.6989700043360187
8253,transparency,2,2,2.6989700043360187
8254,transporters,2,2,2.6989700043360187
8255,treadmill,2,2,2.6989700043360187
8256,triad,2,2,2.6989700043360187
8257,triangle,2,2,2.6989700043360187
8258,triangulation,2,2,2.6989700043360187
8259,triazine,2,1,3.0
8260,triggered,2,2,2.6989700043360187
8261,triggering,2,2,2.6989700043360187
8262,trimester,2,1,3.0
8263,triol,2,1,3.0
8264,triumph,2,2,2.6989700043360187
8265,trkb,2,1,3.0
8266,troponin,2,2,2.6989700043360187
8267,trough,2,2,2.6989700043360187
8268,trt,2,1,3.0
8269,truly,2,2,2.6989700043360187
8270,tsh,2,2,2.6989700043360187
8271,tubules,2,2,2.6989700043360187
8272,tubulointerstitial,2,2,2.6989700043360187
8273,tumorigenic,2,2,2.6989700043360187
8274,tuning,2,2,2.6989700043360187
8275,ulcerative,2,2,2.6989700043360187
8276,ultrashort,2,1,3.0
8277,umin,2,1,3.0
8278,unaddressed,2,2,2.6989700043360187
8279,unanswered,2,2,2.6989700043360187
8280,uncharacterized,2,2,2.6989700043360187
8281,unclassified,2,2,2.6989700043360187
8282,uncomfortable,2,1,3.0
8283,unconfirmed,2,2,2.6989700043360187
8284,uncouple,2,2,2.6989700043360187
8285,undefined,2,2,2.6989700043360187
8286,underdiagnosed,2,2,2.6989700043360187
8287,undergo,2,2,2.6989700043360187
8288,undergone,2,2,2.6989700043360187
8289,underlies,2,2,2.6989700043360187
8290,undermine,2,2,2.6989700043360187
8291,underpinning,2,2,2.6989700043360187
8292,underrepresentation,2,1,3.0
8293,underutilized,2,2,2.6989700043360187
8294,unemployed,2,1,3.0
8295,unfold,2,2,2.6989700043360187
8296,unfolded,2,2,2.6989700043360187
8297,uniformity,2,2,2.6989700043360187
8298,uninformative,2,1,3.0
8299,unintended,2,2,2.6989700043360187
8300,univariate,2,2,2.6989700043360187
8301,unlikely,2,2,2.6989700043360187
8302,unnecessary,2,2,2.6989700043360187
8303,unplanned,2,2,2.6989700043360187
8304,unsuccessful,2,2,2.6989700043360187
8305,untargeted,2,2,2.6989700043360187
8306,untested,2,2,2.6989700043360187
8307,unwanted,2,2,2.6989700043360187
8308,upcoming,2,2,2.6989700043360187
8309,upfront,2,1,3.0
8310,upr,2,2,2.6989700043360187
8311,urea,2,2,2.6989700043360187
8312,uremia,2,2,2.6989700043360187
8313,urokinase,2,1,3.0
8314,usability,2,2,2.6989700043360187
8315,utilised,2,2,2.6989700043360187
8316,uuo,2,1,3.0
8317,vagus,2,2,2.6989700043360187
8318,vasc,2,1,3.0
8319,vat,2,1,3.0
8320,vcam,2,1,3.0
8321,verify,2,2,2.6989700043360187
8322,victim,2,1,3.0
8323,vignettes,2,2,2.6989700043360187
8324,villus,2,2,2.6989700043360187
8325,vina,2,2,2.6989700043360187
8326,virome,2,1,3.0
8327,visualized,2,2,2.6989700043360187
8328,vo2,2,1,3.0
8329,voice,2,1,3.0
8330,vpt,2,1,3.0
8331,vtdr,2,1,3.0
8332,vulnerabilities,2,2,2.6989700043360187
8333,w,2,1,3.0
8334,wake,2,1,3.0
8335,wanting,2,1,3.0
8336,warnings,2,1,3.0
8337,ways,2,1,3.0
8338,wd,2,1,3.0
8339,welch,2,2,2.6989700043360187
8340,wes,2,1,3.0
8341,widen,2,2,2.6989700043360187
8342,willi,2,2,2.6989700043360187
8343,windows,2,2,2.6989700043360187
8344,withdrawals,2,2,2.6989700043360187
8345,womac,2,2,2.6989700043360187
8346,worsens,2,2,2.6989700043360187
8347,wrinkle,2,1,3.0
8348,wsph,2,1,3.0
8349,xanthomas,2,1,3.0
8350,yields,2,2,2.6989700043360187
8351,zeus,2,1,3.0
8352,µg,2,2,2.6989700043360187
8353,¹,2,1,3.0
8354,å,2,1,3.0
8355,δcavi,2,1,3.0
8356,δfib,2,1,3.0
8357,κ,2,2,2.6989700043360187
8358,μmol,2,1,3.0
8359,χ2,2,2,2.6989700043360187
8360,00002,1,1,3.0
8361,0004,1,1,3.0
8362,0005,1,1,3.0
8363,000781,1,1,3.0
8364,0008,1,1,3.0
8365,0012,1,1,3.0
8366,0015,1,1,3.0
8367,002390,1,1,3.0
8368,002479,1,1,3.0
8369,0025,1,1,3.0
8370,002500,1,1,3.0
8371,0026,1,1,3.0
8372,0027,1,1,3.0
8373,0030,1,1,3.0
8374,0032,1,1,3.0
8375,0037,1,1,3.0
8376,0039,1,1,3.0
8377,0043,1,1,3.0
8378,0050,1,1,3.0
8379,0055,1,1,3.0
8380,0066,1,1,3.0
8381,0067,1,1,3.0
8382,0078,1,1,3.0
8383,0079,1,1,3.0
8384,0082,1,1,3.0
8385,0084,1,1,3.0
8386,0085,1,1,3.0
8387,0086,1,1,3.0
8388,0087,1,1,3.0
8389,0095,1,1,3.0
8390,0118,1,1,3.0
8391,0140,1,1,3.0
8392,0148,1,1,3.0
8393,0178,1,1,3.0
8394,0196,1,1,3.0
8395,02000,1,1,3.0
8396,02089,1,1,3.0
8397,0266,1,1,3.0
8398,0275,1,1,3.0
8399,0306,1,1,3.0
8400,0347,1,1,3.0
8401,0356,1,1,3.0
8402,036,1,1,3.0
8403,0397,1,1,3.0
8404,042,1,1,3.0
8405,0421,1,1,3.0
8406,0436,1,1,3.0
8407,0439,1,1,3.0
8408,0474,1,1,3.0
8409,0498,1,1,3.0
8410,057,1,1,3.0
8411,061,1,1,3.0
8412,0622,1,1,3.0
8413,066,1,1,3.0
8414,067,1,1,3.0
8415,069,1,1,3.0
8416,072,1,1,3.0
8417,074,1,1,3.0
8418,080,1,1,3.0
8419,082,1,1,3.0
8420,084,1,1,3.0
8421,085,1,1,3.0
8422,085487,1,1,3.0
8423,086,1,1,3.0
8424,087,1,1,3.0
8425,089,1,1,3.0
8426,093,1,1,3.0
8427,096,1,1,3.0
8428,097,1,1,3.0
8429,10000,1,1,3.0
8430,1001,1,1,3.0
8431,1009,1,1,3.0
8432,100ug,1,1,3.0
8433,1010,1,1,3.0
8434,1014,1,1,3.0
8435,1019,1,1,3.0
8436,1028,1,1,3.0
8437,1033,1,1,3.0
8438,1034,1,1,3.0
8439,1049,1,1,3.0
8440,1056,1,1,3.0
8441,1068,1,1,3.0
8442,1087,1,1,3.0
8443,1093,1,1,3.0
8444,10th,1,1,3.0
8445,10⁹,1,1,3.0
8446,1125,1,1,3.0
8447,1129,1,1,3.0
8448,1134,1,1,3.0
8449,1139,1,1,3.0
8450,1143,1,1,3.0
8451,1148,1,1,3.0
8452,1164,1,1,3.0
8453,1183,1,1,3.0
8454,1203,1,1,3.0
8455,1220,1,1,3.0
8456,1226,1,1,3.0
8457,1229,1,1,3.0
8458,1230,1,1,3.0
8459,1261,1,1,3.0
8460,1262,1,1,3.0
8461,1265,1,1,3.0
8462,127,1,1,3.0
8463,12c,1,1,3.0
8464,12z,1,1,3.0
8465,131,1,1,3.0
8466,1320,1,1,3.0
8467,1327,1,1,3.0
8468,1332,1,1,3.0
8469,1345,1,1,3.0
8470,1363,1,1,3.0
8471,1368,1,1,3.0
8472,1373,1,1,3.0
8473,1402,1,1,3.0
8474,1407,1,1,3.0
8475,1416,1,1,3.0
8476,1419,1,1,3.0
8477,1422,1,1,3.0
8478,1434,1,1,3.0
8479,1441,1,1,3.0
8480,1444,1,1,3.0
8481,14542,1,1,3.0
8482,146,1,1,3.0
8483,14643,1,1,3.0
8484,14r,1,1,3.0
8485,1500,1,1,3.0
8486,153,1,1,3.0
8487,1547,1,1,3.0
8488,156,1,1,3.0
8489,1567,1,1,3.0
8490,15843,1,1,3.0
8491,15902,1,1,3.0
8492,1613,1,1,3.0
8493,163,1,1,3.0
8494,16460,1,1,3.0
8495,1658,1,1,3.0
8496,1705,1,1,3.0
8497,171,1,1,3.0
8498,1725,1,1,3.0
8499,1753,1,1,3.0
8500,1762,1,1,3.0
8501,1775,1,1,3.0
8502,1797,1,1,3.0
8503,17b,1,1,3.0
8504,17n,1,1,3.0
8505,180min,1,1,3.0
8506,1816,1,1,3.0
8507,1819,1,1,3.0
8508,1822,1,1,3.0
8509,1844,1,1,3.0
8510,1850,1,1,3.0
8511,187,1,1,3.0
8512,1876,1,1,3.0
8513,1883,1,1,3.0
8514,189,1,1,3.0
8515,192,1,1,3.0
8516,1960s,1,1,3.0
8517,1969,1,1,3.0
8518,1991,1,1,3.0
8519,1998,1,1,3.0
8520,1999,1,1,3.0
8521,19n,1,1,3.0
8522,1b3,1,1,3.0
8523,1d,1,1,3.0
8524,1rats,1,1,3.0
8525,1st,1,1,3.0
8526,2001,1,1,3.0
8527,2002,1,1,3.0
8528,2003,1,1,3.0
8529,2005q2,1,1,3.0
8530,2018q1,1,1,3.0
8531,2021q1,1,1,3.0
8532,2024q2,1,1,3.0
8533,2025q4,1,1,3.0
8534,2026q1,1,1,3.0
8535,203,1,1,3.0
8536,2031,1,1,3.0
8537,205,1,1,3.0
8538,2050,1,1,3.0
8539,207,1,1,3.0
8540,20s,1,1,3.0
8541,2102,1,1,3.0
8542,215,1,1,3.0
8543,217,1,1,3.0
8544,2182,1,1,3.0
8545,219,1,1,3.0
8546,21years,1,1,3.0
8547,222,1,1,3.0
8548,2225,1,1,3.0
8549,224,1,1,3.0
8550,225,1,1,3.0
8551,22551,1,1,3.0
8552,2267,1,1,3.0
8553,2270,1,1,3.0
8554,2286,1,1,3.0
8555,2292,1,1,3.0
8556,2329,1,1,3.0
8557,233i,1,1,3.0
8558,2345,1,1,3.0
8559,2357,1,1,3.0
8560,238,1,1,3.0
8561,2384,1,1,3.0
8562,239,1,1,3.0
8563,244,1,1,3.0
8564,2470,1,1,3.0
8565,248,1,1,3.0
8566,2508,1,1,3.0
8567,252,1,1,3.0
8568,253,1,1,3.0
8569,258,1,1,3.0
8570,2685,1,1,3.0
8571,2719,1,1,3.0
8572,276,1,1,3.0
8573,2776,1,1,3.0
8574,2778,1,1,3.0
8575,2784,1,1,3.0
8576,2792,1,1,3.0
8577,28180,1,1,3.0
8578,285,1,1,3.0
8579,2852,1,1,3.0
8580,2859,1,1,3.0
8581,28804,1,1,3.0
8582,288408,1,1,3.0
8583,289,1,1,3.0
8584,2898,1,1,3.0
8585,2906,1,1,3.0
8586,293,1,1,3.0
8587,2990,1,1,3.0
8588,2d,1,1,3.0
8589,2kg,1,1,3.0
8590,2r,1,1,3.0
8591,301,1,1,3.0
8592,3059,1,1,3.0
8593,306,1,1,3.0
8594,30s,1,1,3.0
8595,3115,1,1,3.0
8596,3125,1,1,3.0
8597,317,1,1,3.0
8598,318,1,1,3.0
8599,3196,1,1,3.0
8600,3215,1,1,3.0
8601,326,1,1,3.0
8602,3284,1,1,3.0
8603,330,1,1,3.0
8604,3310,1,1,3.0
8605,3313,1,1,3.0
8606,3316,1,1,3.0
8607,333,1,1,3.0
8608,3333,1,1,3.0
8609,335,1,1,3.0
8610,336,1,1,3.0
8611,3363,1,1,3.0
8612,337,1,1,3.0
8613,338,1,1,3.0
8614,33a,1,1,3.0
8615,343,1,1,3.0
8616,3438,1,1,3.0
8617,344,1,1,3.0
8618,3459,1,1,3.0
8619,346,1,1,3.0
8620,3460,1,1,3.0
8621,347,1,1,3.0
8622,3492,1,1,3.0
8623,352,1,1,3.0
8624,354,1,1,3.0
8625,357,1,1,3.0
8626,359,1,1,3.0
8627,361,1,1,3.0
8628,362,1,1,3.0
8629,3629,1,1,3.0
8630,363,1,1,3.0
8631,364,1,1,3.0
8632,3689,1,1,3.0
8633,369,1,1,3.0
8634,3747,1,1,3.0
8635,378,1,1,3.0
8636,3791,1,1,3.0
8637,3823,1,1,3.0
8638,3835,1,1,3.0
8639,38406,1,1,3.0
8640,387,1,1,3.0
8641,389,1,1,3.0
8642,3928,1,1,3.0
8643,394,1,1,3.0
8644,396,1,1,3.0
8645,3971,1,1,3.0
8646,3980,1,1,3.0
8647,399,1,1,3.0
8648,3c5t,1,1,3.0
8649,3d,1,1,3.0
8650,3s,1,1,3.0
8651,402,1,1,3.0
8652,40349,1,1,3.0
8653,4043,1,1,3.0
8654,406,1,1,3.0
8655,4066,1,1,3.0
8656,4076,1,1,3.0
8657,410,1,1,3.0
8658,4113,1,1,3.0
8659,4120,1,1,3.0
8660,414,1,1,3.0
8661,4153,1,1,3.0
8662,416,1,1,3.0
8663,4170,1,1,3.0
8664,418,1,1,3.0
8665,4181,1,1,3.0
8666,420,1,1,3.0
8667,420m,1,1,3.0
8668,421,1,1,3.0
8669,42423,1,1,3.0
8670,426,1,1,3.0
8671,4300,1,1,3.0
8672,433,1,1,3.0
8673,4361,1,1,3.0
8674,4365,1,1,3.0
8675,443,1,1,3.0
8676,4450,1,1,3.0
8677,448,1,1,3.0
8678,4491,1,1,3.0
8679,451,1,1,3.0
8680,455,1,1,3.0
8681,4555,1,1,3.0
8682,4557,1,1,3.0
8683,458,1,1,3.0
8684,462,1,1,3.0
8685,4620,1,1,3.0
8686,463,1,1,3.0
8687,464,1,1,3.0
8688,467,1,1,3.0
8689,468,1,1,3.0
8690,469,1,1,3.0
8691,46h,1,1,3.0
8692,470,1,1,3.0
8693,473,1,1,3.0
8694,474,1,1,3.0
8695,4768,1,1,3.0
8696,4769,1,1,3.0
8697,4773,1,1,3.0
8698,479,1,1,3.0
8699,484,1,1,3.0
8700,4872,1,1,3.0
8701,4890,1,1,3.0
8702,492,1,1,3.0
8703,4920,1,1,3.0
8704,493,1,1,3.0
8705,495,1,1,3.0
8706,496,1,1,3.0
8707,498,1,1,3.0
8708,4a,1,1,3.0
8709,4bgd,1,1,3.0
8710,4d,1,1,3.0
8711,4mg,1,1,3.0
8712,502,1,1,3.0
8713,5032,1,1,3.0
8714,506,1,1,3.0
8715,507,1,1,3.0
8716,511,1,1,3.0
8717,512,1,1,3.0
8718,513,1,1,3.0
8719,518,1,1,3.0
8720,519,1,1,3.0
8721,5200,1,1,3.0
8722,5221,1,1,3.0
8723,5237,1,1,3.0
8724,5275,1,1,3.0
8725,529,1,1,3.0
8726,530,1,1,3.0
8727,531,1,1,3.0
8728,532,1,1,3.0
8729,535,1,1,3.0
8730,536,1,1,3.0
8731,53b,1,1,3.0
8732,5432,1,1,3.0
8733,545,1,1,3.0
8734,549,1,1,3.0
8735,552,1,1,3.0
8736,553,1,1,3.0
8737,5532,1,1,3.0
8738,554,1,1,3.0
8739,55619,1,1,3.0
8740,557,1,1,3.0
8741,559,1,1,3.0
8742,5608,1,1,3.0
8743,5613,1,1,3.0
8744,5624,1,1,3.0
8745,566,1,1,3.0
8746,5673,1,1,3.0
8747,5674,1,1,3.0
8748,5675,1,1,3.0
8749,5699,1,1,3.0
8750,575,1,1,3.0
8751,576,1,1,3.0
8752,5762,1,1,3.0
8753,577,1,1,3.0
8754,578,1,1,3.0
8755,582,1,1,3.0
8756,5827,1,1,3.0
8757,585,1,1,3.0
8758,5863,1,1,3.0
8759,587,1,1,3.0
8760,5871,1,1,3.0
8761,5876,1,1,3.0
8762,589f,1,1,3.0
8763,591,1,1,3.0
8764,596,1,1,3.0
8765,597,1,1,3.0
8766,5p,1,1,3.0
8767,5th,1,1,3.0
8768,6018,1,1,3.0
8769,607,1,1,3.0
8770,60min,1,1,3.0
8771,60ml,1,1,3.0
8772,614,1,1,3.0
8773,616,1,1,3.0
8774,617,1,1,3.0
8775,618,1,1,3.0
8776,6300,1,1,3.0
8777,634,1,1,3.0
8778,6365,1,1,3.0
8779,637,1,1,3.0
8780,64565111,1,1,3.0
8781,648,1,1,3.0
8782,6482,1,1,3.0
8783,649,1,1,3.0
8784,651,1,1,3.0
8785,6515,1,1,3.0
8786,654,1,1,3.0
8787,657,1,1,3.0
8788,658,1,1,3.0
8789,659,1,1,3.0
8790,660,1,1,3.0
8791,661,1,1,3.0
8792,6659,1,1,3.0
8793,666,1,1,3.0
8794,668,1,1,3.0
8795,674,1,1,3.0
8796,6748,1,1,3.0
8797,675,1,1,3.0
8798,679,1,1,3.0
8799,682,1,1,3.0
8800,684,1,1,3.0
8801,685,1,1,3.0
8802,688,1,1,3.0
8803,6887,1,1,3.0
8804,692,1,1,3.0
8805,6920,1,1,3.0
8806,6953,1,1,3.0
8807,696,1,1,3.0
8808,697,1,1,3.0
8809,698,1,1,3.0
8810,699,1,1,3.0
8811,6e,1,1,3.0
8812,6kg,1,1,3.0
8813,6n,1,1,3.0
8814,6x19,1,1,3.0
8815,7015,1,1,3.0
8816,703,1,1,3.0
8817,705,1,1,3.0
8818,707,1,1,3.0
8819,709,1,1,3.0
8820,710,1,1,3.0
8821,714,1,1,3.0
8822,7151,1,1,3.0
8823,718,1,1,3.0
8824,721,1,1,3.0
8825,7214,1,1,3.0
8826,723,1,1,3.0
8827,7249,1,1,3.0
8828,726,1,1,3.0
8829,729,1,1,3.0
8830,72h,1,1,3.0
8831,730,1,1,3.0
8832,731,1,1,3.0
8833,732,1,1,3.0
8834,734,1,1,3.0
8835,736,1,1,3.0
8836,7389,1,1,3.0
8837,744,1,1,3.0
8838,746,1,1,3.0
8839,7491,1,1,3.0
8840,752,1,1,3.0
8841,755,1,1,3.0
8842,757,1,1,3.0
8843,75n92021d00006,1,1,3.0
8844,764,1,1,3.0
8845,765,1,1,3.0
8846,766,1,1,3.0
8847,768,1,1,3.0
8848,7692,1,1,3.0
8849,771,1,1,3.0
8850,780,1,1,3.0
8851,781,1,1,3.0
8852,782,1,1,3.0
8853,785,1,1,3.0
8854,7852,1,1,3.0
8855,787,1,1,3.0
8856,788,1,1,3.0
8857,791,1,1,3.0
8858,795,1,1,3.0
8859,797,1,1,3.0
8860,7cfn,1,1,3.0
8861,7xtq,1,1,3.0
8862,801,1,1,3.0
8863,802,1,1,3.0
8864,8039,1,1,3.0
8865,804,1,1,3.0
8866,809,1,1,3.0
8867,812,1,1,3.0
8868,813,1,1,3.0
8869,815,1,1,3.0
8870,8176,1,1,3.0
8871,819,1,1,3.0
8872,820,1,1,3.0
8873,82058,1,1,3.0
8874,821,1,1,3.0
8875,8217,1,1,3.0
8876,824,1,1,3.0
8877,828,1,1,3.0
8878,829,1,1,3.0
8879,831,1,1,3.0
8880,833,1,1,3.0
8881,8349,1,1,3.0
8882,835,1,1,3.0
8883,836,1,1,3.0
8884,838,1,1,3.0
8885,842,1,1,3.0
8886,843,1,1,3.0
8887,845,1,1,3.0
8888,846,1,1,3.0
8889,849,1,1,3.0
8890,851,1,1,3.0
8891,855,1,1,3.0
8892,857,1,1,3.0
8893,8598,1,1,3.0
8894,860,1,1,3.0
8895,861,1,1,3.0
8896,8610,1,1,3.0
8897,863,1,1,3.0
8898,864,1,1,3.0
8899,867,1,1,3.0
8900,8682,1,1,3.0
8901,871,1,1,3.0
8902,8715,1,1,3.0
8903,873,1,1,3.0
8904,877,1,1,3.0
8905,878,1,1,3.0
8906,879,1,1,3.0
8907,883,1,1,3.0
8908,885,1,1,3.0
8909,887,1,1,3.0
8910,889t,1,1,3.0
8911,890,1,1,3.0
8912,892,1,1,3.0
8913,8929,1,1,3.0
8914,893,1,1,3.0
8915,8969,1,1,3.0
8916,898,1,1,3.0
8917,901,1,1,3.0
8918,908,1,1,3.0
8919,909,1,1,3.0
8920,912,1,1,3.0
8921,916,1,1,3.0
8922,917,1,1,3.0
8923,918,1,1,3.0
8924,921,1,1,3.0
8925,922,1,1,3.0
8926,9222,1,1,3.0
8927,924,1,1,3.0
8928,930,1,1,3.0
8929,931,1,1,3.0
8930,936,1,1,3.0
8931,937,1,1,3.0
8932,940,1,1,3.0
8933,941,1,1,3.0
8934,943,1,1,3.0
8935,9493,1,1,3.0
8936,950,1,1,3.0
8937,952,1,1,3.0
8938,955,1,1,3.0
8939,9556,1,1,3.0
8940,9585,1,1,3.0
8941,961,1,1,3.0
8942,965,1,1,3.0
8943,966,1,1,3.0
8944,969,1,1,3.0
8945,970,1,1,3.0
8946,971,1,1,3.0
8947,973,1,1,3.0
8948,975,1,1,3.0
8949,977,1,1,3.0
8950,979,1,1,3.0
8951,9795,1,1,3.0
8952,986,1,1,3.0
8953,990,1,1,3.0
8954,9939,1,1,3.0
8955,996,1,1,3.0
8956,9981,1,1,3.0
8957,999,1,1,3.0
8958,9993,1,1,3.0
8959,9gyo,1,1,3.0
8960,a10,1,1,3.0
8961,a2,1,1,3.0
8962,a316t5,1,1,3.0
8963,aalen,1,1,3.0
8964,aasld,1,1,3.0
8965,abandon,1,1,3.0
8966,abbreviated,1,1,3.0
8967,abbreviations,1,1,3.0
8968,abbv,1,1,3.0
8969,abcg1,1,1,3.0
8970,aberration,1,1,3.0
8971,abilities,1,1,3.0
8972,abolishes,1,1,3.0
8973,abscesses,1,1,3.0
8974,absences,1,1,3.0
8975,absorbable,1,1,3.0
8976,abundances,1,1,3.0
8977,abuse,1,1,3.0
8978,acc,1,1,3.0
8979,accept,1,1,3.0
8980,accommodation,1,1,3.0
8981,accreditation,1,1,3.0
8982,accumbens,1,1,3.0
8983,acetatifactor,1,1,3.0
8984,acetyl,1,1,3.0
8985,acetylcholinesterase,1,1,3.0
8986,acidophilus,1,1,3.0
8987,acknowledged,1,1,3.0
8988,acknowledgment,1,1,3.0
8989,acn,1,1,3.0
8990,acne,1,1,3.0
8991,acp5,1,1,3.0
8992,acquainting,1,1,3.0
8993,acquired,1,1,3.0
8994,acquity,1,1,3.0
8995,acr,1,1,3.0
8996,acres,1,1,3.0
8997,acrs,1,1,3.0
8998,acryloxysuccinimide,1,1,3.0
8999,activatespparg,1,1,3.0
9000,activin,1,1,3.0
9001,actrn12625001011471,1,1,3.0
9002,actual,1,1,3.0
9003,actually,1,1,3.0
9004,acutalibacter,1,1,3.0
9005,acylated,1,1,3.0
9006,acylation,1,1,3.0
9007,ada,1,1,3.0
9008,adalimumab,1,1,3.0
9009,additively,1,1,3.0
9010,additives,1,1,3.0
9011,additivity,1,1,3.0
9012,adduct,1,1,3.0
9013,adeno,1,1,3.0
9014,adenoma,1,1,3.0
9015,adenomas,1,1,3.0
9016,adenovirus,1,1,3.0
9017,adenylate,1,1,3.0
9018,adenylyl,1,1,3.0
9019,adherents,1,1,3.0
9020,adhesions,1,1,3.0
9021,adipogenesis,1,1,3.0
9022,adiporenal,1,1,3.0
9023,adiposopathic,1,1,3.0
9024,adiposopathy,1,1,3.0
9025,adjacency,1,1,3.0
9026,adjudicated,1,1,3.0
9027,adme,1,1,3.0
9028,administering,1,1,3.0
9029,administrating,1,1,3.0
9030,administrations,1,1,3.0
9031,adminstration,1,1,3.0
9032,adopt,1,1,3.0
9033,adrenals,1,1,3.0
9034,adrenergic,1,1,3.0
9035,adrenocorticotropic,1,1,3.0
9036,adulthood,1,1,3.0
9037,advantaged,1,1,3.0
9038,adversely,1,1,3.0
9039,advisable,1,1,3.0
9040,advocacy,1,1,3.0
9041,aersmine,1,1,3.0
9042,affective,1,1,3.0
9043,affiliated,1,1,3.0
9044,affirming,1,1,3.0
9045,affording,1,1,3.0
9046,aforementioned,1,1,3.0
9047,africa,1,1,3.0
9048,afterward,1,1,3.0
9049,agentic,1,1,3.0
9050,agglomerative,1,1,3.0
9051,aggravating,1,1,3.0
9052,aglycone,1,1,3.0
9053,agnostic,1,1,3.0
9054,agouti,1,1,3.0
9055,agranulocytosis,1,1,3.0
9056,agreed,1,1,3.0
9057,agreements,1,1,3.0
9058,ahead,1,1,3.0
9059,aids,1,1,3.0
9060,aifa,1,1,3.0
9061,aim2,1,1,3.0
9062,ain,1,1,3.0
9063,akaike,1,1,3.0
9064,aks,1,1,3.0
9065,akt308,1,1,3.0
9066,akt473,1,1,3.0
9067,alan,1,1,3.0
9068,alba,1,1,3.0
9069,albiglutide,1,1,3.0
9070,albino,1,1,3.0
9071,albumen,1,1,3.0
9072,albuminuric,1,1,3.0
9073,alike,1,1,3.0
9074,alikes,1,1,3.0
9075,alistipes,1,1,3.0
9076,alkaloid,1,1,3.0
9077,alkaloids,1,1,3.0
9078,alkbh5,1,1,3.0
9079,allergic,1,1,3.0
9080,allied,1,1,3.0
9081,allodynia,1,1,3.0
9082,alloprevotella,1,1,3.0
9083,alogliptin,1,1,3.0
9084,alpinia,1,1,3.0
9085,alteration,1,1,3.0
9086,alternate,1,1,3.0
9087,alternatively,1,1,3.0
9088,altitudinal,1,1,3.0
9089,altogether,1,1,3.0
9090,alum,1,1,3.0
9091,aluminum,1,1,3.0
9092,ambient,1,1,3.0
9093,ambitious,1,1,3.0
9094,amelioration,1,1,3.0
9095,ameliorative,1,1,3.0
9096,americans,1,1,3.0
9097,ameroid,1,1,3.0
9098,amid,1,1,3.0
9099,aminopropionitrile,1,1,3.0
9100,amounted,1,1,3.0
9101,amounts,1,1,3.0
9102,ampkα,1,1,3.0
9103,amplicon,1,1,3.0
9104,amplifier,1,1,3.0
9105,amplifiers,1,1,3.0
9106,amyloidogenic,1,1,3.0
9107,anaesthetic,1,1,3.0
9108,anaesthetist,1,1,3.0
9109,analgesic,1,1,3.0
9110,analgesics,1,1,3.0
9111,analyser,1,1,3.0
9112,analyte,1,1,3.0
9113,analytes,1,1,3.0
9114,analyzing,1,1,3.0
9115,anastomosis,1,1,3.0
9116,anatomy,1,1,3.0
9117,anchored,1,1,3.0
9118,anchoring,1,1,3.0
9119,andreducing,1,1,3.0
9120,androgenetic,1,1,3.0
9121,anecdotal,1,1,3.0
9122,anecdotally,1,1,3.0
9123,anecdotes,1,1,3.0
9124,anesthesiologist,1,1,3.0
9125,anesthesiologists,1,1,3.0
9126,anesthesiology,1,1,3.0
9127,aneurysm,1,1,3.0
9128,angptl3,1,1,3.0
9129,anguilla,1,1,3.0
9130,anhydroglucitol,1,1,3.0
9131,anisotropic,1,1,3.0
9132,annotate,1,1,3.0
9133,annulated,1,1,3.0
9134,annum,1,1,3.0
9135,anomalies,1,1,3.0
9136,anonymised,1,1,3.0
9137,anorectic,1,1,3.0
9138,anova,1,1,3.0
9139,anp,1,1,3.0
9140,answer,1,1,3.0
9141,antagonize,1,1,3.0
9142,anthocyanin,1,1,3.0
9143,anthracyclines,1,1,3.0
9144,antiaging,1,1,3.0
9145,antiandrogen,1,1,3.0
9146,antiapoptotic,1,1,3.0
9147,antiatherosclerotic,1,1,3.0
9148,anticipate,1,1,3.0
9149,anticoagulation,1,1,3.0
9150,antidementia,1,1,3.0
9151,antidiuretic,1,1,3.0
9152,antiepileptic,1,1,3.0
9153,antiepileptics,1,1,3.0
9154,antiepileptogenesis,1,1,3.0
9155,antigravity,1,1,3.0
9156,antihyperglycemics,1,1,3.0
9157,antiinflammatory,1,1,3.0
9158,antimicrobial,1,1,3.0
9159,antimigraine,1,1,3.0
9160,antimycin,1,1,3.0
9161,antinociception,1,1,3.0
9162,antioxid,1,1,3.0
9163,antiparkinsonian,1,1,3.0
9164,antiplatelet,1,1,3.0
9165,antiretrovirals,1,1,3.0
9166,antithyroid,1,1,3.0
9167,anzctr,1,1,3.0
9168,aphasia,1,1,3.0
9169,apical,1,1,3.0
9170,apigenin,1,1,3.0
9171,apoc,1,1,3.0
9172,apparently,1,1,3.0
9173,appendicular,1,1,3.0
9174,appendix,1,1,3.0
9175,apple,1,1,3.0
9176,apply,1,1,3.0
9177,appointments,1,1,3.0
9178,appreciation,1,1,3.0
9179,apprehension,1,1,3.0
9180,approaching,1,1,3.0
9181,approximate,1,1,3.0
9182,approximately22,1,1,3.0
9183,apremilast,1,1,3.0
9184,arabinoxylan,1,1,3.0
9185,arbor,1,1,3.0
9186,architectures,1,1,3.0
9187,arcuate,1,1,3.0
9188,arg1,1,1,3.0
9189,arginine,1,1,3.0
9190,argon,1,1,3.0
9191,arguing,1,1,3.0
9192,argumentation,1,1,3.0
9193,arguments,1,1,3.0
9194,aries,1,1,3.0
9195,arisen,1,1,3.0
9196,arksey,1,1,3.0
9197,armed,1,1,3.0
9198,arni,1,1,3.0
9199,aronchick,1,1,3.0
9200,arrangements,1,1,3.0
9201,arrays,1,1,3.0
9202,arteries,1,1,3.0
9203,arthropathies,1,1,3.0
9204,arthroplasties,1,1,3.0
9205,artichokes,1,1,3.0
9206,articular,1,1,3.0
9207,articulates,1,1,3.0
9208,asa24,1,1,3.0
9209,asan,1,1,3.0
9210,asc,1,1,3.0
9211,ascertainment,1,1,3.0
9212,asjof,1,1,3.0
9213,asn0000001061,1,1,3.0
9214,asos,1,1,3.0
9215,aspart,1,1,3.0
9216,aspirate,1,1,3.0
9217,aspirational,1,1,3.0
9218,aspro,1,1,3.0
9219,asrs,1,1,3.0
9220,assessable,1,1,3.0
9221,assessors,1,1,3.0
9222,associating,1,1,3.0
9223,associational,1,1,3.0
9224,assume,1,1,3.0
9225,assurance,1,1,3.0
9226,astaxanthin,1,1,3.0
9227,astrocytopathy,1,1,3.0
9228,astroglial,1,1,3.0
9229,astronauts,1,1,3.0
9230,at1r,1,1,3.0
9231,atf4,1,1,3.0
9232,atlas,1,1,3.0
9233,atom,1,1,3.0
9234,atonia,1,1,3.0
9235,atraumatic,1,1,3.0
9236,atrium,1,1,3.0
9237,atrogenes,1,1,3.0
9238,attaining,1,1,3.0
9239,attend,1,1,3.0
9240,attendant,1,1,3.0
9241,attraction,1,1,3.0
9242,attractions,1,1,3.0
9243,attractiveness,1,1,3.0
9244,attrited,1,1,3.0
9245,atypica,1,1,3.0
9246,audit,1,1,3.0
9247,auditory,1,1,3.0
9248,aug,1,1,3.0
9249,aurum,1,1,3.0
9250,australian,1,1,3.0
9251,authorizations,1,1,3.0
9252,authorship,1,1,3.0
9253,autodock,1,1,3.0
9254,autofluorescence,1,1,3.0
9255,autonomously,1,1,3.0
9256,autophagosome,1,1,3.0
9257,autosomal,1,1,3.0
9258,avalanche,1,1,3.0
9259,avenciguat,1,1,3.0
9260,averaged,1,1,3.0
9261,avoided,1,1,3.0
9262,avoiding,1,1,3.0
9263,await,1,1,3.0
9264,awaited,1,1,3.0
9265,axons,1,1,3.0
9266,ayushman,1,1,3.0
9267,azd6234,1,1,3.0
9268,aβ40,1,1,3.0
9269,aβ42,1,1,3.0
9270,b100,1,1,3.0
9271,b2,1,1,3.0
9272,b48,1,1,3.0
9273,back,1,1,3.0
9274,backgroundadults,1,1,3.0
9275,backgroundlimited,1,1,3.0
9276,backgrounds,1,1,3.0
9277,backing,1,1,3.0
9278,backup,1,1,3.0
9279,backward,1,1,3.0
9280,bacteroidaceae,1,1,3.0
9281,balf,1,1,3.0
9282,balloon,1,1,3.0
9283,balloons,1,1,3.0
9284,bardet,1,1,3.0
9285,baricitinib,1,1,3.0
9286,baron,1,1,3.0
9287,barring,1,1,3.0
9288,basement,1,1,3.0
9289,baxdrostat,1,1,3.0
9290,bcpnn,1,1,3.0
9291,bear,1,1,3.0
9292,beats,1,1,3.0
9293,beauchamp,1,1,3.0
9294,becomes,1,1,3.0
9295,beds,1,1,3.0
9296,beforehand,1,1,3.0
9297,begg,1,1,3.0
9298,begin,1,1,3.0
9299,begins,1,1,3.0
9300,beh,1,1,3.0
9301,behaves,1,1,3.0
9302,behaviorally,1,1,3.0
9303,behind,1,1,3.0
9304,beige,1,1,3.0
9305,beiging,1,1,3.0
9306,belief,1,1,3.0
9307,bempedoic,1,1,3.0
9308,benchmarked,1,1,3.0
9309,benchmarking,1,1,3.0
9310,bending,1,1,3.0
9311,beneficially,1,1,3.0
9312,beneficiary,1,1,3.0
9313,benzoate,1,1,3.0
9314,benzoyl,1,1,3.0
9315,berberis,1,1,3.0
9316,besides,1,1,3.0
9317,bestmed,1,1,3.0
9318,bh2,1,1,3.0
9319,bh4,1,1,3.0
9320,bharat,1,1,3.0
9321,bhbe,1,1,3.0
9322,biases,1,1,3.0
9323,bibliographic,1,1,3.0
9324,bibliographies,1,1,3.0
9325,bibliometrix,1,1,3.0
9326,biedl,1,1,3.0
9327,bihor,1,1,3.0
9328,biib122,1,1,3.0
9329,bilaterally,1,1,3.0
9330,bilayer,1,1,3.0
9331,biliopancreatic,1,1,3.0
9332,billed,1,1,3.0
9333,bimekizumab,1,1,3.0
9334,bimonthly,1,1,3.0
9335,bio,1,1,3.0
9336,bioaccumulation,1,1,3.0
9337,biocompatibility,1,1,3.0
9338,biocompatible,1,1,3.0
9339,biodistribution,1,1,3.0
9340,bioequivalent,1,1,3.0
9341,bioethical,1,1,3.0
9342,biofilm,1,1,3.0
9343,biomedical,1,1,3.0
9344,biopharmaceuticals,1,1,3.0
9345,bioresources,1,1,3.0
9346,biosafe,1,1,3.0
9347,biosciences,1,1,3.0
9348,biotics,1,1,3.0
9349,bis,1,1,3.0
9350,bisdemethoxycurcumin,1,1,3.0
9351,bispebjerg,1,1,3.0
9352,bistable,1,1,3.0
9353,bisulfite,1,1,3.0
9354,bivalent,1,1,3.0
9355,bivariate,1,1,3.0
9356,bl,1,1,3.0
9357,blackcurrants,1,1,3.0
9358,blanket,1,1,3.0
9359,blanking,1,1,3.0
9360,blautia,1,1,3.0
9361,bled,1,1,3.0
9362,blend,1,1,3.0
9363,blinder,1,1,3.0
9364,blinding,1,1,3.0
9365,blistering,1,1,3.0
9366,block,1,1,3.0
9367,blockbuster,1,1,3.0
9368,blurred,1,1,3.0
9369,bmdm,1,1,3.0
9370,bmdms,1,1,3.0
9371,bmj,1,1,3.0
9372,bmsc,1,1,3.0
9373,bmscs,1,1,3.0
9374,boehringer,1,1,3.0
9375,boltz,1,1,3.0
9376,boltzmann,1,1,3.0
9377,bones,1,1,3.0
9378,boolean,1,1,3.0
9379,boost,1,1,3.0
9380,boosters,1,1,3.0
9381,boosting,1,1,3.0
9382,boston,1,1,3.0
9383,bothersome,1,1,3.0
9384,bottlenecks,1,1,3.0
9385,botulinum,1,1,3.0
9386,bounded,1,1,3.0
9387,bradford,1,1,3.0
9388,brakes,1,1,3.0
9389,branched,1,1,3.0
9390,branching,1,1,3.0
9391,brand,1,1,3.0
9392,branding,1,1,3.0
9393,brdu,1,1,3.0
9394,breadth,1,1,3.0
9395,break,1,1,3.0
9396,bred,1,1,3.0
9397,bridges,1,1,3.0
9398,brief,1,1,3.0
9399,brightness,1,1,3.0
9400,bring,1,1,3.0
9401,brings,1,1,3.0
9402,british,1,1,3.0
9403,broadening,1,1,3.0
9404,bronchial,1,1,3.0
9405,bronchoalveolar,1,1,3.0
9406,browning,1,1,3.0
9407,bsep,1,1,3.0
9408,bshs,1,1,3.0
9409,budgetary,1,1,3.0
9410,buffered,1,1,3.0
9411,buffering,1,1,3.0
9412,build,1,1,3.0
9413,bulimia,1,1,3.0
9414,bulk,1,1,3.0
9415,bulky,1,1,3.0
9416,bullous,1,1,3.0
9417,burdens,1,1,3.0
9418,burdensome,1,1,3.0
9419,bursts,1,1,3.0
9420,butyricum,1,1,3.0
9421,bv,1,1,3.0
9422,bydureon,1,1,3.0
9423,byproducts,1,1,3.0
9424,bystander,1,1,3.0
9425,c18,1,1,3.0
9426,c25,1,1,3.0
9427,c64,1,1,3.0
9428,c65,1,1,3.0
9429,ca19,1,1,3.0
9430,cacl₂,1,1,3.0
9431,cadence,1,1,3.0
9432,cadro,1,1,3.0
9433,caecicola,1,1,3.0
9434,caffeine,1,1,3.0
9435,cag,1,1,3.0
9436,cairo,1,1,3.0
9437,cajal,1,1,3.0
9438,calcified,1,1,3.0
9439,calculation,1,1,3.0
9440,calculations,1,1,3.0
9441,calculators,1,1,3.0
9442,calculous,1,1,3.0
9443,calf,1,1,3.0
9444,calibrations,1,1,3.0
9445,caliper,1,1,3.0
9446,callers,1,1,3.0
9447,calprotectin,1,1,3.0
9448,calvarial,1,1,3.0
9449,cam,1,1,3.0
9450,camkii,1,1,3.0
9451,canadensis,1,1,3.0
9452,canakinumab,1,1,3.0
9453,cannabidiol,1,1,3.0
9454,cannabinoid,1,1,3.0
9455,capabilities,1,1,3.0
9456,capillaritis,1,1,3.0
9457,capita,1,1,3.0
9458,capitated,1,1,3.0
9459,capnography,1,1,3.0
9460,caprylic,1,1,3.0
9461,caps,1,1,3.0
9462,capsaicin,1,1,3.0
9463,car,1,1,3.0
9464,carboxy,1,1,3.0
9465,carboxylation,1,1,3.0
9466,carcass,1,1,3.0
9467,carcinogens,1,1,3.0
9468,cardamic,1,1,3.0
9469,cardiohepatorenal,1,1,3.0
9470,cardiokidney,1,1,3.0
9471,cardiolink,1,1,3.0
9472,cardiolipin,1,1,3.0
9473,cardiorenometabolic,1,1,3.0
9474,cardiorenoprotective,1,1,3.0
9475,cardiotoxicity,1,1,3.0
9476,cards,1,1,3.0
9477,caring,1,1,3.0
9478,cariogenic,1,1,3.0
9479,carlo,1,1,3.0
9480,carnitine,1,1,3.0
9481,carrierfamily,1,1,3.0
9482,cart,1,1,3.0
9483,casein,1,1,3.0
9484,cast,1,1,3.0
9485,cat,1,1,3.0
9486,catalase,1,1,3.0
9487,catalogue,1,1,3.0
9488,cataloguing,1,1,3.0
9489,catalyzed,1,1,3.0
9490,cataracts,1,1,3.0
9491,catechol,1,1,3.0
9492,categorically,1,1,3.0
9493,categorize,1,1,3.0
9494,catheterization,1,1,3.0
9495,cationic,1,1,3.0
9496,cations,1,1,3.0
9497,causally,1,1,3.0
9498,cautionary,1,1,3.0
9499,caveolae,1,1,3.0
9500,caveolin,1,1,3.0
9501,ca²,1,1,3.0
9502,cb1r,1,1,3.0
9503,cbm,1,1,3.0
9504,ccaat,1,1,3.0
9505,ccr2,1,1,3.0
9506,cd11b,1,1,3.0
9507,cd38,1,1,3.0
9508,cd39,1,1,3.0
9509,cd4,1,1,3.0
9510,cd68,1,1,3.0
9511,cd73,1,1,3.0
9512,cd8,1,1,3.0
9513,cd80,1,1,3.0
9514,cd86,1,1,3.0
9515,cdca,1,1,3.0
9516,cdyn,1,1,3.0
9517,cea,1,1,3.0
9518,cebq,1,1,3.0
9519,cect,1,1,3.0
9520,cellularity,1,1,3.0
9521,cellulitis,1,1,3.0
9522,cellulose,1,1,3.0
9523,censored,1,1,3.0
9524,centerpiece,1,1,3.0
9525,ceramide,1,1,3.0
9526,ceramides,1,1,3.0
9527,cerebrospinal,1,1,3.0
9528,cerevisiae,1,1,3.0
9529,certification,1,1,3.0
9530,certolizumab,1,1,3.0
9531,cesarean,1,1,3.0
9532,cetyl,1,1,3.0
9533,cfar,1,1,3.0
9534,cftr,1,1,3.0
9535,cfu,1,1,3.0
9536,chaining,1,1,3.0
9537,chains,1,1,3.0
9538,chalcogrammus,1,1,3.0
9539,chalcone,1,1,3.0
9540,championing,1,1,3.0
9541,characterisation,1,1,3.0
9542,characterises,1,1,3.0
9543,characterizes,1,1,3.0
9544,characterizing,1,1,3.0
9545,charged,1,1,3.0
9546,charlson,1,1,3.0
9547,charts,1,1,3.0
9548,checks,1,1,3.0
9549,cheeks,1,1,3.0
9550,chelation,1,1,3.0
9551,chemoattractant,1,1,3.0
9552,chemoprevention,1,1,3.0
9553,chemopreventive,1,1,3.0
9554,chemosensing,1,1,3.0
9555,chemosensitivity,1,1,3.0
9556,ches,1,1,3.0
9557,cheung,1,1,3.0
9558,chewing,1,1,3.0
9559,chicory,1,1,3.0
9560,chictr,1,1,3.0
9561,chictr2500111569,1,1,3.0
9562,chictr2600116148,1,1,3.0
9563,chictr2600123803,1,1,3.0
9564,chiglitazar,1,1,3.0
9565,childbearing,1,1,3.0
9566,childress,1,1,3.0
9567,chinensis,1,1,3.0
9568,chitosan,1,1,3.0
9569,chlorhexidine,1,1,3.0
9570,chloride,1,1,3.0
9571,chlorpromazine,1,1,3.0
9572,choices,1,1,3.0
9573,cholangiopancreatography,1,1,3.0
9574,cholecalciferol,1,1,3.0
9575,cholestasis,1,1,3.0
9576,cholic,1,1,3.0
9577,chondrocytes,1,1,3.0
9578,chondroprotective,1,1,3.0
9579,choosing,1,1,3.0
9580,chorionic,1,1,3.0
9581,chosen,1,1,3.0
9582,chrebp,1,1,3.0
9583,christensenella,1,1,3.0
9584,chromium,1,1,3.0
9585,chronification,1,1,3.0
9586,cicatricial,1,1,3.0
9587,cigarette,1,1,3.0
9588,ciliopathy,1,1,3.0
9589,cinema,1,1,3.0
9590,cinnamon,1,1,3.0
9591,circulations,1,1,3.0
9592,circumflex,1,1,3.0
9593,circumventricular,1,1,3.0
9594,cisplatin,1,1,3.0
9595,cite,1,1,3.0
9596,citespace,1,1,3.0
9597,citizens,1,1,3.0
9598,ckms,1,1,3.0
9599,cl,1,1,3.0
9600,clad,1,1,3.0
9601,clarification,1,1,3.0
9602,clarifies,1,1,3.0
9603,clarivate,1,1,3.0
9604,classifiable,1,1,3.0
9605,classifications,1,1,3.0
9606,claudin,1,1,3.0
9607,clazakizumab,1,1,3.0
9608,clean,1,1,3.0
9609,cleared,1,1,3.0
9610,clearest,1,1,3.0
9611,cleavage,1,1,3.0
9612,cleaved,1,1,3.0
9613,click,1,1,3.0
9614,climate,1,1,3.0
9615,clindamycin,1,1,3.0
9616,clinformatics,1,1,3.0
9617,clinicaltrialsregister,1,1,3.0
9618,clinico,1,1,3.0
9619,clinicopathological,1,1,3.0
9620,clinics,1,1,3.0
9621,clocks,1,1,3.0
9622,clomiphene,1,1,3.0
9623,clonal,1,1,3.0
9624,clonazepam,1,1,3.0
9625,clone,1,1,3.0
9626,closest,1,1,3.0
9627,clostridiaceae,1,1,3.0
9628,clp,1,1,3.0
9629,cm2,1,1,3.0
9630,cmr,1,1,3.0
9631,cmtb,1,1,3.0
9632,cnki,1,1,3.0
9633,co2e,1,1,3.0
9634,coacervate,1,1,3.0
9635,coacervates,1,1,3.0
9636,coaches,1,1,3.0
9637,coagulation,1,1,3.0
9638,coagulopathy,1,1,3.0
9639,coating,1,1,3.0
9640,coders,1,1,3.0
9641,coefficient,1,1,3.0
9642,coercion,1,1,3.0
9643,cognition,1,1,3.0
9644,cohesion,1,1,3.0
9645,coincided,1,1,3.0
9646,col1a1,1,1,3.0
9647,collaborating,1,1,3.0
9648,collaborations,1,1,3.0
9649,collapsing,1,1,3.0
9650,collating,1,1,3.0
9651,colleagues,1,1,3.0
9652,college,1,1,3.0
9653,collinsella,1,1,3.0
9654,colloidal,1,1,3.0
9655,colocalization,1,1,3.0
9656,columbia,1,1,3.0
9657,column,1,1,3.0
9658,columns,1,1,3.0
9659,coma,1,1,3.0
9660,combat,1,1,3.0
9661,combinatorial,1,1,3.0
9662,comisa,1,1,3.0
9663,commend,1,1,3.0
9664,commended,1,1,3.0
9665,commensals,1,1,3.0
9666,comment,1,1,3.0
9667,comments,1,1,3.0
9668,commissioned,1,1,3.0
9669,committees,1,1,3.0
9670,committing,1,1,3.0
9671,communicatively,1,1,3.0
9672,comparably,1,1,3.0
9673,compartmental,1,1,3.0
9674,compartmentalization,1,1,3.0
9675,compass,1,1,3.0
9676,compels,1,1,3.0
9677,compendium,1,1,3.0
9678,competency,1,1,3.0
9679,competition,1,1,3.0
9680,compiled,1,1,3.0
9681,complementarily,1,1,3.0
9682,complemented,1,1,3.0
9683,complementing,1,1,3.0
9684,completeness,1,1,3.0
9685,complicates,1,1,3.0
9686,complies,1,1,3.0
9687,composed,1,1,3.0
9688,composites,1,1,3.0
9689,compositi,1,1,3.0
9690,compositional,1,1,3.0
9691,comprehension,1,1,3.0
9692,compressing,1,1,3.0
9693,compressive,1,1,3.0
9694,compromise,1,1,3.0
9695,computable,1,1,3.0
9696,computatıonal,1,1,3.0
9697,computerized,1,1,3.0
9698,conceals,1,1,3.0
9699,concentrate,1,1,3.0
9700,concentric,1,1,3.0
9701,conceptualisation,1,1,3.0
9702,conceptualization,1,1,3.0
9703,conceptualizations,1,1,3.0
9704,conceptualize,1,1,3.0
9705,conceptualizes,1,1,3.0
9706,concise,1,1,3.0
9707,concluded,1,1,3.0
9708,concluding,1,1,3.0
9709,conclusionexternal,1,1,3.0
9710,conclusionglp,1,1,3.0
9711,conclusionin,1,1,3.0
9712,conclusionperioperative,1,1,3.0
9713,conclusionspharmacovigilance,1,1,3.0
9714,conclusionsthe,1,1,3.0
9715,concordance,1,1,3.0
9716,conditioning,1,1,3.0
9717,conduct,1,1,3.0
9718,conduction,1,1,3.0
9719,conductive,1,1,3.0
9720,conferences,1,1,3.0
9721,confersuperior,1,1,3.0
9722,confines,1,1,3.0
9723,confirmatory,1,1,3.0
9724,conflicts,1,1,3.0
9725,conformationally,1,1,3.0
9726,confronting,1,1,3.0
9727,confusa,1,1,3.0
9728,confusion,1,1,3.0
9729,congeners,1,1,3.0
9730,congress,1,1,3.0
9731,connection,1,1,3.0
9732,connections,1,1,3.0
9733,connectivity,1,1,3.0
9734,conscious,1,1,3.0
9735,consented,1,1,3.0
9736,conservation,1,1,3.0
9737,considers,1,1,3.0
9738,consolidated,1,1,3.0
9739,consolidates,1,1,3.0
9740,consort,1,1,3.0
9741,consortia,1,1,3.0
9742,conspire,1,1,3.0
9743,constituent,1,1,3.0
9744,constitutively,1,1,3.0
9745,constrains,1,1,3.0
9746,constraint,1,1,3.0
9747,constrictor,1,1,3.0
9748,constructing,1,1,3.0
9749,construction,1,1,3.0
9750,constructions,1,1,3.0
9751,consultations,1,1,3.0
9752,contemplating,1,1,3.0
9753,contested,1,1,3.0
9754,contextualization,1,1,3.0
9755,contextualized,1,1,3.0
9756,contingent,1,1,3.0
9757,continual,1,1,3.0
9758,contour,1,1,3.0
9759,contraceptives,1,1,3.0
9760,contracted,1,1,3.0
9761,contracts,1,1,3.0
9762,contradict,1,1,3.0
9763,contralateral,1,1,3.0
9764,contransporter,1,1,3.0
9765,contrasted,1,1,3.0
9766,control2,1,1,3.0
9767,convenience,1,1,3.0
9768,convenient,1,1,3.0
9769,converges,1,1,3.0
9770,conversions,1,1,3.0
9771,convertase,1,1,3.0
9772,cooperative,1,1,3.0
9773,coordinately,1,1,3.0
9774,copay,1,1,3.0
9775,copenhagen,1,1,3.0
9776,coping,1,1,3.0
9777,coproporphyrin,1,1,3.0
9778,coptis,1,1,3.0
9779,coq10,1,1,3.0
9780,cor,1,1,3.0
9781,cord,1,1,3.0
9782,cornerstones,1,1,3.0
9783,coronavirus,1,1,3.0
9784,corporation,1,1,3.0
9785,correlating,1,1,3.0
9786,correlational,1,1,3.0
9787,correlative,1,1,3.0
9788,correspond,1,1,3.0
9789,corroborates,1,1,3.0
9790,corticosterone,1,1,3.0
9791,cortisol,1,1,3.0
9792,cough,1,1,3.0
9793,coulomb,1,1,3.0
9794,council,1,1,3.0
9795,counsel,1,1,3.0
9796,counseled,1,1,3.0
9797,counteracted,1,1,3.0
9798,counterbalance,1,1,3.0
9799,counterbalanced,1,1,3.0
9800,countermeasure,1,1,3.0
9801,county,1,1,3.0
9802,courses,1,1,3.0
9803,cov,1,1,3.0
9804,covariance,1,1,3.0
9805,covariate,1,1,3.0
9806,co₂e,1,1,3.0
9807,cpg,1,1,3.0
9808,cpt,1,1,3.0
9809,cpt1,1,1,3.0
9810,cradle,1,1,3.0
9811,craniopharyngioma,1,1,3.0
9812,crates,1,1,3.0
9813,crd42023473875,1,1,3.0
9814,crd42024505558,1,1,3.0
9815,crd420251024082,1,1,3.0
9816,crd420251034652,1,1,3.0
9817,crd420251074381,1,1,3.0
9818,crd420251077729,1,1,3.0
9819,crd420251079970,1,1,3.0
9820,crd420251110220,1,1,3.0
9821,crd420251130232,1,1,3.0
9822,crd420251139475,1,1,3.0
9823,crd420251149266,1,1,3.0
9824,crd420251155026,1,1,3.0
9825,crd420251162316,1,1,3.0
9826,crd420251176164,1,1,3.0
9827,crd420251183938,1,1,3.0
9828,crd420251231137,1,1,3.0
9829,crd420251270326,1,1,3.0
9830,crd42025644064,1,1,3.0
9831,crd42025645378,1,1,3.0
9832,crd420261279841,1,1,3.0
9833,crd420261320374,1,1,3.0
9834,crd420261320840,1,1,3.0
9835,crd420261321430,1,1,3.0
9836,crd420261352699,1,1,3.0
9837,crd420261354941,1,1,3.0
9838,crd420261360886,1,1,3.0
9839,crd420261385854,1,1,3.0
9840,crd420261414637,1,1,3.0
9841,creation,1,1,3.0
9842,credence,1,1,3.0
9843,creert2,1,1,3.0
9844,cris,1,1,3.0
9845,crispatus,1,1,3.0
9846,crispr,1,1,3.0
9847,critiques,1,1,3.0
9848,crossbred,1,1,3.0
9849,crossed,1,1,3.0
9850,crosslink,1,1,3.0
9851,crosslinking,1,1,3.0
9852,crush,1,1,3.0
9853,crv431,1,1,3.0
9854,crystal,1,1,3.0
9855,csa,1,1,3.0
9856,ctn,1,1,3.0
9857,ctr20233198,1,1,3.0
9858,cubic,1,1,3.0
9859,cug,1,1,3.0
9860,culprit,1,1,3.0
9861,cultivar,1,1,3.0
9862,cultivars,1,1,3.0
9863,culturally,1,1,3.0
9864,cultured,1,1,3.0
9865,cuprizone,1,1,3.0
9866,cur,1,1,3.0
9867,curated,1,1,3.0
9868,currents,1,1,3.0
9869,curriculum,1,1,3.0
9870,custom,1,1,3.0
9871,cutoff,1,1,3.0
9872,cwe,1,1,3.0
9873,cxcr4,1,1,3.0
9874,cy,1,1,3.0
9875,cyano,1,1,3.0
9876,cyanocobalamin,1,1,3.0
9877,cyclin,1,1,3.0
9878,cycling,1,1,3.0
9879,cyclization,1,1,3.0
9880,cyp,1,1,3.0
9881,cyp2c9,1,1,3.0
9882,cyp7a1,1,1,3.0
9883,cyrtonema,1,1,3.0
9884,cyst,1,1,3.0
9885,cystatin,1,1,3.0
9886,cytoarchitecture,1,1,3.0
9887,cytokeratin,1,1,3.0
9888,cytoplasm,1,1,3.0
9889,cytoprotective,1,1,3.0
9890,cytotoxicity,1,1,3.0
9891,d1,1,1,3.0
9892,d3,1,1,3.0
9893,damaging,1,1,3.0
9894,dampen,1,1,3.0
9895,dampening,1,1,3.0
9896,dampens,1,1,3.0
9897,dapa,1,1,3.0
9898,dapi,1,1,3.0
9899,daprodustat,1,1,3.0
9900,datalink,1,1,3.0
9901,dc,1,1,3.0
9902,dcct,1,1,3.0
9903,ddi,1,1,3.0
9904,ddis,1,1,3.0
9905,ddp,1,1,3.0
9906,deactivation,1,1,3.0
9907,debated,1,1,3.0
9908,deceleration,1,1,3.0
9909,decisive,1,1,3.0
9910,declaration,1,1,3.0
9911,declaring,1,1,3.0
9912,declining,1,1,3.0
9913,decode,1,1,3.0
9914,decomposed,1,1,3.0
9915,decompression,1,1,3.0
9916,decongestants,1,1,3.0
9917,decongestion,1,1,3.0
9918,deconjugation,1,1,3.0
9919,decoration,1,1,3.0
9920,decoupling,1,1,3.0
9921,dedoose,1,1,3.0
9922,deduplicated,1,1,3.0
9923,deemed,1,1,3.0
9924,defaults,1,1,3.0
9925,defences,1,1,3.0
9926,defended,1,1,3.0
9927,defensible,1,1,3.0
9928,defines,1,1,3.0
9929,definite,1,1,3.0
9930,defocus,1,1,3.0
9931,degraded,1,1,3.0
9932,dehydroepiandrosterone,1,1,3.0
9933,deintensification,1,1,3.0
9934,delegate,1,1,3.0
9935,deleted,1,1,3.0
9936,deliberate,1,1,3.0
9937,delineating,1,1,3.0
9938,delineation,1,1,3.0
9939,delocalized,1,1,3.0
9940,delphinidin,1,1,3.0
9941,demethoxycurcumin,1,1,3.0
9942,demethylase,1,1,3.0
9943,demográfica,1,1,3.0
9944,demonstrable,1,1,3.0
9945,demoted,1,1,3.0
9946,demyelination,1,1,3.0
9947,denaturant,1,1,3.0
9948,denifanstat,1,1,3.0
9949,deoxycalyxin,1,1,3.0
9950,deoxyribonucleic,1,1,3.0
9951,depleted,1,1,3.0
9952,deployable,1,1,3.0
9953,deployed,1,1,3.0
9954,depolarization,1,1,3.0
9955,deposits,1,1,3.0
9956,deprivation,1,1,3.0
9957,derives,1,1,3.0
9958,dermatologist,1,1,3.0
9959,dermatosis,1,1,3.0
9960,dermis,1,1,3.0
9961,dersimonian,1,1,3.0
9962,desaturation,1,1,3.0
9963,desc,1,1,3.0
9964,descending,1,1,3.0
9965,descriptors,1,1,3.0
9966,desensitization,1,1,3.0
9967,deserve,1,1,3.0
9968,desiccation,1,1,3.0
9969,designated,1,1,3.0
9970,destabilization,1,1,3.0
9971,destabilizes,1,1,3.0
9972,detectably,1,1,3.0
9973,detent,1,1,3.0
9974,deteriorate,1,1,3.0
9975,deteriorates,1,1,3.0
9976,determination,1,1,3.0
9977,detrimental,1,1,3.0
9978,devastating,1,1,3.0
9979,developers,1,1,3.0
9980,deviations,1,1,3.0
9981,dexa,1,1,3.0
9982,dexcom,1,1,3.0
9983,dextran,1,1,3.0
9984,dextromethorphan,1,1,3.0
9985,dextrose,1,1,3.0
9986,dfa,1,1,3.0
9987,dfs,1,1,3.0
9988,dia,1,1,3.0
9989,diabetics,1,1,3.0
9990,diabetogenic,1,1,3.0
9991,diabetologia,1,1,3.0
9992,diabetology,1,1,3.0
9993,diadema,1,1,3.0
9994,diagnose,1,1,3.0
9995,dialysate,1,1,3.0
9996,dialyzing,1,1,3.0
9997,diamidino,1,1,3.0
9998,diap,1,1,3.0
9999,diaphoresis,1,1,3.0
10000,diary,1,1,3.0
10001,diarylheptanoids,1,1,3.0
10002,dichotomized,1,1,3.0
10003,dictate,1,1,3.0
10004,dictated,1,1,3.0
10005,diene,1,1,3.0
10006,differentiate,1,1,3.0
10007,differentiates,1,1,3.0
10008,differentiator,1,1,3.0
10009,differently,1,1,3.0
10010,difficulty,1,1,3.0
10011,difluoroacetic,1,1,3.0
10012,digesting,1,1,3.0
10013,digit,1,1,3.0
10014,dihydrobiopterin,1,1,3.0
10015,dihydrotestosterone,1,1,3.0
10016,dilator,1,1,3.0
10017,dilute,1,1,3.0
10018,dilution,1,1,3.0
10019,dimensionality,1,1,3.0
10020,dimethyl,1,1,3.0
10021,dimethylformamide,1,1,3.0
10022,dimorphic,1,1,3.0
10023,dims,1,1,3.0
10024,dip,1,1,3.0
10025,diploma,1,1,3.0
10026,directing,1,1,3.0
10027,directory,1,1,3.0
10028,directs,1,1,3.0
10029,dis,1,1,3.0
10030,disadvantage,1,1,3.0
10031,disadvantaged,1,1,3.0
10032,disagree,1,1,3.0
10033,disagreement,1,1,3.0
10034,disambiguate,1,1,3.0
10035,disappeared,1,1,3.0
10036,disclosed,1,1,3.0
10037,discloses,1,1,3.0
10038,disclosures,1,1,3.0
10039,discomforting,1,1,3.0
10040,discordance,1,1,3.0
10041,discordant,1,1,3.0
10042,discourages,1,1,3.0
10043,discovered,1,1,3.0
10044,discrepancies,1,1,3.0
10045,discrete,1,1,3.0
10046,discriminating,1,1,3.0
10047,diseases6,1,1,3.0
10048,disentangling,1,1,3.0
10049,disintegrating,1,1,3.0
10050,disordersand,1,1,3.0
10051,dispense,1,1,3.0
10052,dispensings,1,1,3.0
10053,displaying,1,1,3.0
10054,disruptive,1,1,3.0
10055,disruptors,1,1,3.0
10056,dissected,1,1,3.0
10057,dissection,1,1,3.0
10058,dissociable,1,1,3.0
10059,dissociate,1,1,3.0
10060,dissociates,1,1,3.0
10061,dissociating,1,1,3.0
10062,dissolution,1,1,3.0
10063,dissolving,1,1,3.0
10064,distances,1,1,3.0
10065,distinctions,1,1,3.0
10066,distinctiveness,1,1,3.0
10067,distortion,1,1,3.0
10068,district,1,1,3.0
10069,diterpenoid,1,1,3.0
10070,diterpenoids,1,1,3.0
10071,dithiothreitol,1,1,3.0
10072,dive,1,1,3.0
10073,diverge,1,1,3.0
10074,divergences,1,1,3.0
10075,diversion,1,1,3.0
10076,diverts,1,1,3.0
10077,division,1,1,3.0
10078,divorced,1,1,3.0
10079,dizziness,1,1,3.0
10080,dj,1,1,3.0
10081,dlqi,1,1,3.0
10082,dmds,1,1,3.0
10083,dmso,1,1,3.0
10084,dmxaa,1,1,3.0
10085,dnl,1,1,3.0
10086,doc,1,1,3.0
10087,docked,1,1,3.0
10088,dollar,1,1,3.0
10089,dominance,1,1,3.0
10090,dominantly,1,1,3.0
10091,dominating,1,1,3.0
10092,donepezil,1,1,3.0
10093,dorper,1,1,3.0
10094,dorsal,1,1,3.0
10095,dorsi,1,1,3.0
10096,doubling,1,1,3.0
10097,downregulate,1,1,3.0
10098,dpard,1,1,3.0
10099,drafting,1,1,3.0
10100,drain,1,1,3.0
10101,draining,1,1,3.0
10102,drank,1,1,3.0
10103,dream,1,1,3.0
10104,drift,1,1,3.0
10105,dronabinol,1,1,3.0
10106,drop,1,1,3.0
10107,droplets,1,1,3.0
10108,dropout,1,1,3.0
10109,drove,1,1,3.0
10110,drummond,1,1,3.0
10111,dry,1,1,3.0
10112,dsc,1,1,3.0
10113,dsmi,1,1,3.0
10114,dts,1,1,3.0
10115,duality,1,1,3.0
10116,dumping,1,1,3.0
10117,dunedinpace,1,1,3.0
10118,duodenum,1,1,3.0
10119,duty,1,1,3.0
10120,dwat,1,1,3.0
10121,dynamin,1,1,3.0
10122,dynasty,1,1,3.0
10123,dysarthria,1,1,3.0
10124,dysesthesia,1,1,3.0
10125,dysesthesias,1,1,3.0
10126,dysfunctionassociated,1,1,3.0
10127,dysfunctions,1,1,3.0
10128,dysglycemic,1,1,3.0
10129,dyslipidaemic,1,1,3.0
10130,dysmotility,1,1,3.0
10131,dyspepsia,1,1,3.0
10132,dysphonia,1,1,3.0
10133,dyspnoea,1,1,3.0
10134,e10,1,1,3.0
10135,e12,1,1,3.0
10136,ease,1,1,3.0
10137,easier,1,1,3.0
10138,eastern,1,1,3.0
10139,eb05,1,1,3.0
10140,ebm,1,1,3.0
10141,ebmts,1,1,3.0
10142,ebpα,1,1,3.0
10143,ebsco,1,1,3.0
10144,echocardiographic,1,1,3.0
10145,echomri,1,1,3.0
10146,ecim,1,1,3.0
10147,economically,1,1,3.0
10148,economics,1,1,3.0
10149,economy,1,1,3.0
10150,ecpo,1,1,3.0
10151,eczema,1,1,3.0
10152,edds,1,1,3.0
10153,edible,1,1,3.0
10154,editing,1,1,3.0
10155,edition,1,1,3.0
10156,editors,1,1,3.0
10157,edmonton,1,1,3.0
10158,eds,1,1,3.0
10159,edss,1,1,3.0
10160,educating,1,1,3.0
10161,edv,1,1,3.0
10162,eef1a1,1,1,3.0
10163,ef,1,1,3.0
10164,efad,1,1,3.0
10165,efferent,1,1,3.0
10166,efficacyof,1,1,3.0
10167,efficiently,1,1,3.0
10168,efruxifermin,1,1,3.0
10169,eged,1,1,3.0
10170,egg,1,1,3.0
10171,eggshell,1,1,3.0
10172,egypt,1,1,3.0
10173,ei,1,1,3.0
10174,eicosatetraenoic,1,1,3.0
10175,eicosatrienoic,1,1,3.0
10176,eighty,1,1,3.0
10177,elaborated,1,1,3.0
10178,elaborates,1,1,3.0
10179,elastographic,1,1,3.0
10180,electric,1,1,3.0
10181,electrically,1,1,3.0
10182,electrocardiography,1,1,3.0
10183,electrolytes,1,1,3.0
10184,electromagnetic,1,1,3.0
10185,electrophoresis,1,1,3.0
10186,electrophysiologic,1,1,3.0
10187,electrospinning,1,1,3.0
10188,electrospun,1,1,3.0
10189,electrostatics,1,1,3.0
10190,elegantly,1,1,3.0
10191,elevate,1,1,3.0
10192,elevating,1,1,3.0
10193,elicit,1,1,3.0
10194,eliminated,1,1,3.0
10195,eliminates,1,1,3.0
10196,eliminating,1,1,3.0
10197,elixhauser,1,1,3.0
10198,ellagitannins,1,1,3.0
10199,elsevier,1,1,3.0
10200,elucidates,1,1,3.0
10201,elucidation,1,1,3.0
10202,elution,1,1,3.0
10203,embedding,1,1,3.0
10204,embryonic,1,1,3.0
10205,emergencies,1,1,3.0
10206,emesis,1,1,3.0
10207,emotive,1,1,3.0
10208,empa,1,1,3.0
10209,emperor,1,1,3.0
10210,emphasise,1,1,3.0
10211,emphasised,1,1,3.0
10212,emphasises,1,1,3.0
10213,empiric,1,1,3.0
10214,employs,1,1,3.0
10215,emps,1,1,3.0
10216,emr,1,1,3.0
10217,emulate,1,1,3.0
10218,emulating,1,1,3.0
10219,emulations,1,1,3.0
10220,emulsifying,1,1,3.0
10221,emulsion,1,1,3.0
10222,enacted,1,1,3.0
10223,enactive,1,1,3.0
10224,enactment,1,1,3.0
10225,enc,1,1,3.0
10226,encapsulated,1,1,3.0
10227,encapsulating,1,1,3.0
10228,encephalomyelitis,1,1,3.0
10229,enchid,1,1,3.0
10230,encompassed,1,1,3.0
10231,encountered,1,1,3.0
10232,encouraged,1,1,3.0
10233,encuesta,1,1,3.0
10234,endes,1,1,3.0
10235,endocannabinoids,1,1,3.0
10236,endocrinological,1,1,3.0
10237,endocrinopathies,1,1,3.0
10238,endocytic,1,1,3.0
10239,endocytosis,1,1,3.0
10240,endogenously,1,1,3.0
10241,endometrium,1,1,3.0
10242,endopat,1,1,3.0
10243,endorse,1,1,3.0
10244,endorses,1,1,3.0
10245,endorsing,1,1,3.0
10246,endosomal,1,1,3.0
10247,endotoxin,1,1,3.0
10248,endotypes,1,1,3.0
10249,endotyping,1,1,3.0
10250,endovascular,1,1,3.0
10251,energised,1,1,3.0
10252,enforced,1,1,3.0
10253,engendered,1,1,3.0
10254,engines,1,1,3.0
10255,england,1,1,3.0
10256,enjoyable,1,1,3.0
10257,enjoyment,1,1,3.0
10258,enquire,1,1,3.0
10259,enrolment,1,1,3.0
10260,ensmust00000155383,1,1,3.0
10261,ensuing,1,1,3.0
10262,ensures,1,1,3.0
10263,entail,1,1,3.0
10264,enterocytes,1,1,3.0
10265,enterocytic,1,1,3.0
10266,enterohepatic,1,1,3.0
10267,enteropancreatic,1,1,3.0
10268,enterprise,1,1,3.0
10269,entities,1,1,3.0
10270,entitled,1,1,3.0
10271,entpd1,1,1,3.0
10272,entpd3,1,1,3.0
10273,entrenchment,1,1,3.0
10274,environments,1,1,3.0
10275,eosinophilic,1,1,3.0
10276,epi,1,1,3.0
10277,epigenome,1,1,3.0
10278,epistemonikos,1,1,3.0
10279,eplerenone,1,1,3.0
10280,eqtl,1,1,3.0
10281,eqtlgen,1,1,3.0
10282,equitably,1,1,3.0
10283,erasing,1,1,3.0
10284,erk1,1,1,3.0
10285,eructation,1,1,3.0
10286,eruptions,1,1,3.0
10287,erythema,1,1,3.0
10288,erythropoiesis,1,1,3.0
10289,esada,1,1,3.0
10290,esophagectomy,1,1,3.0
10291,esophagitis,1,1,3.0
10292,esposure,1,1,3.0
10293,esr1,1,1,3.0
10294,essay,1,1,3.0
10295,esterification,1,1,3.0
10296,estimable,1,1,3.0
10297,estimands,1,1,3.0
10298,estimator,1,1,3.0
10299,estimators,1,1,3.0
10300,estrogenic,1,1,3.0
10301,etc,1,1,3.0
10302,etco₂,1,1,3.0
10303,ethanol,1,1,3.0
10304,ether,1,1,3.0
10305,ethnopharmacological,1,1,3.0
10306,ethylene,1,1,3.0
10307,eubiosis,1,1,3.0
10308,eudka,1,1,3.0
10309,euglycaemic,1,1,3.0
10310,euglycemic,1,1,3.0
10311,eugonadal,1,1,3.0
10312,europepmc,1,1,3.0
10313,euroqol,1,1,3.0
10314,eus,1,1,3.0
10315,euthyroid,1,1,3.0
10316,evade,1,1,3.0
10317,evaluator,1,1,3.0
10318,evasion,1,1,3.0
10319,eventual,1,1,3.0
10320,evidentiary,1,1,3.0
10321,evokes,1,1,3.0
10322,evolves,1,1,3.0
10323,evs,1,1,3.0
10324,exacerbate,1,1,3.0
10325,exacerbates,1,1,3.0
10326,exacerbating,1,1,3.0
10327,exaggerated,1,1,3.0
10328,exceedingly,1,1,3.0
10329,excellence,1,1,3.0
10330,exchanger,1,1,3.0
10331,exchanges,1,1,3.0
10332,excipient,1,1,3.0
10333,excitability,1,1,3.0
10334,executed,1,1,3.0
10335,execution,1,1,3.0
10336,executive,1,1,3.0
10337,exemplifies,1,1,3.0
10338,exendin9,1,1,3.0
10339,exercising,1,1,3.0
10340,exhibiting,1,1,3.0
10341,exocrine,1,1,3.0
10342,exome,1,1,3.0
10343,exosomes,1,1,3.0
10344,expander,1,1,3.0
10345,expenditures,1,1,3.0
10346,expertise,1,1,3.0
10347,expiry,1,1,3.0
10348,explainability,1,1,3.0
10349,explaining,1,1,3.0
10350,exponentially,1,1,3.0
10351,exposing,1,1,3.0
10352,expressions,1,1,3.0
10353,exquisitely,1,1,3.0
10354,extant,1,1,3.0
10355,extensions,1,1,3.0
10356,extra,1,1,3.0
10357,extractable,1,1,3.0
10358,extracutaneous,1,1,3.0
10359,extraordinary,1,1,3.0
10360,extremities,1,1,3.0
10361,extrinsic,1,1,3.0
10362,extrusion,1,1,3.0
10363,eyes,1,1,3.0
10364,ezetimibe,1,1,3.0
10365,f12,1,1,3.0
10366,f96,1,1,3.0
10367,fabrication,1,1,3.0
10368,faced,1,1,3.0
10369,facets,1,1,3.0
10370,facilitating,1,1,3.0
10371,facilitation,1,1,3.0
10372,fact,1,1,3.0
10373,factories,1,1,3.0
10374,fad,1,1,3.0
10375,faecalibacterium,1,1,3.0
10376,faecalicatena,1,1,3.0
10377,faecousia,1,1,3.0
10378,failures,1,1,3.0
10379,falling,1,1,3.0
10380,falsifiable,1,1,3.0
10381,familiar,1,1,3.0
10382,familiarity,1,1,3.0
10383,fasciculine,1,1,3.0
10384,fashioning,1,1,3.0
10385,fasn,1,1,3.0
10386,fatherhood,1,1,3.0
10387,fbg,1,1,3.0
10388,fbxo32,1,1,3.0
10389,fd,1,1,3.0
10390,fears,1,1,3.0
10391,febrile,1,1,3.0
10392,fedrated,1,1,3.0
10393,feeds,1,1,3.0
10394,feet,1,1,3.0
10395,feno,1,1,3.0
10396,fertile,1,1,3.0
10397,ffa,1,1,3.0
10398,ffar4,1,1,3.0
10399,ffl,1,1,3.0
10400,fg,1,1,3.0
10401,fgf15,1,1,3.0
10402,fgf23,1,1,3.0
10403,fibrils,1,1,3.0
10404,fig,1,1,3.0
10405,figure,1,1,3.0
10406,filamin,1,1,3.0
10407,filler,1,1,3.0
10408,filling,1,1,3.0
10409,fills,1,1,3.0
10410,finite,1,1,3.0
10411,firing,1,1,3.0
10412,firmness,1,1,3.0
10413,fischer,1,1,3.0
10414,fit,1,1,3.0
10415,fitbits,1,1,3.0
10416,fitzpatrick,1,1,3.0
10417,flagging,1,1,3.0
10418,flags,1,1,3.0
10419,flare,1,1,3.0
10420,flares,1,1,3.0
10421,flatness,1,1,3.0
10422,flavonols,1,1,3.0
10423,flavored,1,1,3.0
10424,flexneri,1,1,3.0
10425,flora,1,1,3.0
10426,flu,1,1,3.0
10427,fluids,1,1,3.0
10428,fmd,1,1,3.0
10429,fnl,1,1,3.0
10430,focal,1,1,3.0
10431,folklore,1,1,3.0
10432,follicles,1,1,3.0
10433,folliculogenesis,1,1,3.0
10434,fondaparinux,1,1,3.0
10435,foodborne,1,1,3.0
10436,footnotes,1,1,3.0
10437,footprints,1,1,3.0
10438,ford,1,1,3.0
10439,forefront,1,1,3.0
10440,forest,1,1,3.0
10441,forestall,1,1,3.0
10442,forests,1,1,3.0
10443,forkhead,1,1,3.0
10444,formed,1,1,3.0
10445,formidable,1,1,3.0
10446,formulary,1,1,3.0
10447,fortunately,1,1,3.0
10448,founded,1,1,3.0
10449,fourier,1,1,3.0
10450,fourteen,1,1,3.0
10451,foxo1,1,1,3.0
10452,foxp3,1,1,3.0
10453,fqhc,1,1,3.0
10454,fqhcs,1,1,3.0
10455,fractionation,1,1,3.0
10456,fragile,1,1,3.0
10457,fragments,1,1,3.0
10458,french,1,1,3.0
10459,fresenius,1,1,3.0
10460,frontrunner,1,1,3.0
10461,fruitful,1,1,3.0
10462,fruits,1,1,3.0
10463,fsp1,1,1,3.0
10464,ftir,1,1,3.0
10465,fuel,1,1,3.0
10466,fuels,1,1,3.0
10467,fulfillment,1,1,3.0
10468,functionality,1,1,3.0
10469,functionalization,1,1,3.0
10470,functioned,1,1,3.0
10471,funders,1,1,3.0
10472,fungus,1,1,3.0
10473,futility,1,1,3.0
10474,g1,1,1,3.0
10475,g3b,1,1,3.0
10476,g6,1,1,3.0
10477,gabaergic,1,1,3.0
10478,gadus,1,1,3.0
10479,galactoside,1,1,3.0
10480,gallol,1,1,3.0
10481,ganglia,1,1,3.0
10482,garlic,1,1,3.0
10483,gasseri,1,1,3.0
10484,gastro,1,1,3.0
10485,gastroplasty,1,1,3.0
10486,gastroscopy,1,1,3.0
10487,gastrostomy,1,1,3.0
10488,gata6,1,1,3.0
10489,gather,1,1,3.0
10490,gathered,1,1,3.0
10491,gathering,1,1,3.0
10492,gaunt,1,1,3.0
10493,gavaged,1,1,3.0
10494,gave,1,1,3.0
10495,gcase,1,1,3.0
10496,gcr,1,1,3.0
10497,gcst90691839,1,1,3.0
10498,gcst90691840,1,1,3.0
10499,gcst90691841,1,1,3.0
10500,gdc,1,1,3.0
10501,gdf,1,1,3.0
10502,gdp,1,1,3.0
10503,generalisability,1,1,3.0
10504,generalisation,1,1,3.0
10505,generalize,1,1,3.0
10506,generations,1,1,3.0
10507,genomic,1,1,3.0
10508,genotoxicity,1,1,3.0
10509,gentamicin,1,1,3.0
10510,geometries,1,1,3.0
10511,geriatric,1,1,3.0
10512,germ,1,1,3.0
10513,germinal,1,1,3.0
10514,geroprotectors,1,1,3.0
10515,geroscience,1,1,3.0
10516,gerotherapeutics,1,1,3.0
10517,gfp,1,1,3.0
10518,gfr,1,1,3.0
10519,ghba1c,1,1,3.0
10520,gipra,1,1,3.0
10521,girl,1,1,3.0
10522,glasses,1,1,3.0
10523,glean,1,1,3.0
10524,glia,1,1,3.0
10525,gliflozins,1,1,3.0
10526,glimins,1,1,3.0
10527,glinides,1,1,3.0
10528,gliptins,1,1,3.0
10529,gln221,1,1,3.0
10530,globe,1,1,3.0
10531,globular,1,1,3.0
10532,globulins,1,1,3.0
10533,glomerulomegaly,1,1,3.0
10534,glomerulonephritis,1,1,3.0
10535,glomerulopathy,1,1,3.0
10536,glomerulosclerosis,1,1,3.0
10537,glp1a,1,1,3.0
10538,glpg0974,1,1,3.0
10539,glucoamylase,1,1,3.0
10540,glucocorticoids,1,1,3.0
10541,glucogalactomannans,1,1,3.0
10542,glucokinase,1,1,3.0
10543,glucolipid,1,1,3.0
10544,glucolipotoxic,1,1,3.0
10545,glucosamine,1,1,3.0
10546,glucotoxicity,1,1,3.0
10547,glucuronide,1,1,3.0
10548,gluredia,1,1,3.0
10549,glut,1,1,3.0
10550,glut4,1,1,3.0
10551,glutamate,1,1,3.0
10552,glutamine,1,1,3.0
10553,glutamyl,1,1,3.0
10554,glycero,1,1,3.0
10555,glycine,1,1,3.0
10556,glycodeoxycholate,1,1,3.0
10557,glycol,1,1,3.0
10558,glycolic,1,1,3.0
10559,glycomacropeptide,1,1,3.0
10560,glymphatic,1,1,3.0
10561,gmh,1,1,3.0
10562,gmr,1,1,3.0
10563,gnina,1,1,3.0
10564,gnrh,1,1,3.0
10565,goes,1,1,3.0
10566,going,1,1,3.0
10567,golgi,1,1,3.0
10568,gonadotropins,1,1,3.0
10569,gone,1,1,3.0
10570,governance,1,1,3.0
10571,governs,1,1,3.0
10572,govnct04652479,1,1,3.0
10573,gpcrs,1,1,3.0
10574,gph,1,1,3.0
10575,gpr120,1,1,3.0
10576,gpr158,1,1,3.0
10577,gpr41,1,1,3.0
10578,gprotein,1,1,3.0
10579,gq,1,1,3.0
10580,gra,1,1,3.0
10581,gradually,1,1,3.0
10582,grams,1,1,3.0
10583,grants,1,1,3.0
10584,granular,1,1,3.0
10585,granules,1,1,3.0
10586,granulocytic,1,1,3.0
10587,granulomatous,1,1,3.0
10588,graph,1,1,3.0
10589,graphical,1,1,3.0
10590,grappa,1,1,3.0
10591,gravitational,1,1,3.0
10592,grip,1,1,3.0
10593,gross,1,1,3.0
10594,grounding,1,1,3.0
10595,groundwork,1,1,3.0
10596,grown,1,1,3.0
10597,grp78,1,1,3.0
10598,gsdmd,1,1,3.0
10599,gsk3β,1,1,3.0
10600,guanidinium,1,1,3.0
10601,guanosine,1,1,3.0
10602,guardians,1,1,3.0
10603,guardrails,1,1,3.0
10604,guilds,1,1,3.0
10605,gwas,1,1,3.0
10606,gynaecologic,1,1,3.0
10607,gynaecology,1,1,3.0
10608,gynecologic,1,1,3.0
10609,gynecology,1,1,3.0
10610,gα,1,1,3.0
10611,h2o2,1,1,3.0
10612,habitual,1,1,3.0
10613,haematologic,1,1,3.0
10614,haematology,1,1,3.0
10615,haemodynamics,1,1,3.0
10616,haemolysis,1,1,3.0
10617,haenszel,1,1,3.0
10618,hallucinations,1,1,3.0
10619,halting,1,1,3.0
10620,halved,1,1,3.0
10621,handled,1,1,3.0
10622,hands,1,1,3.0
10623,hangzhou,1,1,3.0
10624,haptoglobin,1,1,3.0
10625,harmful,1,1,3.0
10626,harmonization,1,1,3.0
10627,harmony,1,1,3.0
10628,harms,1,1,3.0
10629,harness,1,1,3.0
10630,harnessing,1,1,3.0
10631,hart,1,1,3.0
10632,hartung,1,1,3.0
10633,haugh,1,1,3.0
10634,hcmec,1,1,3.0
10635,hdlc,1,1,3.0
10636,heavier,1,1,3.0
10637,hec50,1,1,3.0
10638,heightens,1,1,3.0
10639,helicity,1,1,3.0
10640,helios,1,1,3.0
10641,helped,1,1,3.0
10642,helper,1,1,3.0
10643,helpful,1,1,3.0
10644,helsinki,1,1,3.0
10645,hematoma,1,1,3.0
10646,hemiparesis,1,1,3.0
10647,hemiplegia,1,1,3.0
10648,hemodiafiltration,1,1,3.0
10649,hemodynamically,1,1,3.0
10650,hemoglobinopathy,1,1,3.0
10651,hemolysis,1,1,3.0
10652,hemostasis,1,1,3.0
10653,henry,1,1,3.0
10654,heparin,1,1,3.0
10655,hepatically,1,1,3.0
10656,hepato,1,1,3.0
10657,hepatobiliary,1,1,3.0
10658,hepatocyte,1,1,3.0
10659,hepatokines,1,1,3.0
10660,heptamer,1,1,3.0
10661,hepten,1,1,3.0
10662,herbs,1,1,3.0
10663,hernia,1,1,3.0
10664,herringbone,1,1,3.0
10665,hesitancy,1,1,3.0
10666,hexamer,1,1,3.0
10667,hexapeptide,1,1,3.0
10668,hfc,1,1,3.0
10669,hfl,1,1,3.0
10670,hglp,1,1,3.0
10671,hhsn268200800007c,1,1,3.0
10672,hhsn268201200036c,1,1,3.0
10673,hhsn268201800001c,1,1,3.0
10674,hiapp,1,1,3.0
10675,hidden,1,1,3.0
10676,highdefinition,1,1,3.0
10677,hill,1,1,3.0
10678,hindbrain,1,1,3.0
10679,hinder,1,1,3.0
10680,hindering,1,1,3.0
10681,hips,1,1,3.0
10682,hirsutism,1,1,3.0
10683,histologically,1,1,3.0
10684,histone,1,1,3.0
10685,historically,1,1,3.0
10686,hit,1,1,3.0
10687,hitherto,1,1,3.0
10688,hk,1,1,3.0
10689,hk2,1,1,3.0
10690,hn001,1,1,3.0
10691,hn019,1,1,3.0
10692,holding,1,1,3.0
10693,hollowing,1,1,3.0
10694,homes,1,1,3.0
10695,homogeneous,1,1,3.0
10696,homologous,1,1,3.0
10697,hoos,1,1,3.0
10698,hope,1,1,3.0
10699,hopping,1,1,3.0
10700,hos,1,1,3.0
10701,hospitalised,1,1,3.0
10702,hosted,1,1,3.0
10703,hotspots,1,1,3.0
10704,house,1,1,3.0
10705,housed,1,1,3.0
10706,household,1,1,3.0
10707,housekeeping,1,1,3.0
10708,housing,1,1,3.0
10709,hplc,1,1,3.0
10710,hresims,1,1,3.0
10711,hrm,1,1,3.0
10712,hrs9531,1,1,3.0
10713,hsp,1,1,3.0
10714,ht2a,1,1,3.0
10715,ht3,1,1,3.0
10716,http,1,1,3.0
10717,hu,1,1,3.0
10718,hua,1,1,3.0
10719,huadong,1,1,3.0
10720,huising,1,1,3.0
10721,humoral,1,1,3.0
10722,humour,1,1,3.0
10723,hurley,1,1,3.0
10724,hydrastis,1,1,3.0
10725,hydrocarbon,1,1,3.0
10726,hydrolysis,1,1,3.0
10727,hydrophilicity,1,1,3.0
10728,hydrophobicity,1,1,3.0
10729,hydrostatic,1,1,3.0
10730,hydroxide,1,1,3.0
10731,hydroxybenzyl,1,1,3.0
10732,hydroxybutyrate,1,1,3.0
10733,hydroxyindoleacetic,1,1,3.0
10734,hydroxylase,1,1,3.0
10735,hydroxyphenyl,1,1,3.0
10736,hydroxytryptamine,1,1,3.0
10737,hyperactivity,1,1,3.0
10738,hyperaemic,1,1,3.0
10739,hyperalgesia,1,1,3.0
10740,hyperandrogenism,1,1,3.0
10741,hypercholesterolaemia,1,1,3.0
10742,hyperemia,1,1,3.0
10743,hyperglycolysis,1,1,3.0
10744,hyperhidrosis,1,1,3.0
10745,hyperkalemia,1,1,3.0
10746,hyperkeratotic,1,1,3.0
10747,hypermethylation,1,1,3.0
10748,hypermetropic,1,1,3.0
10749,hyperoxaluria,1,1,3.0
10750,hyperphosphorylated,1,1,3.0
10751,hyperpigmentation,1,1,3.0
10752,hyperreactivity,1,1,3.0
10753,hypersomnolence,1,1,3.0
10754,hyperthyroidism,1,1,3.0
10755,hypertrophic,1,1,3.0
10756,hypertrophied,1,1,3.0
10757,hypholomine,1,1,3.0
10758,hypnopompic,1,1,3.0
10759,hypocaloric,1,1,3.0
10760,hypogonadal,1,1,3.0
10761,hypolipidemic,1,1,3.0
10762,hypomotility,1,1,3.0
10763,hypotensive,1,1,3.0
10764,hypothesise,1,1,3.0
10765,hypothesised,1,1,3.0
10766,hypothesize,1,1,3.0
10767,hölscher,1,1,3.0
10768,iapp,1,1,3.0
10769,iba1,1,1,3.0
10770,ibogaine,1,1,3.0
10771,ibot,1,1,3.0
10772,ic025,1,1,3.0
10773,ic50,1,1,3.0
10774,iceland,1,1,3.0
10775,icosapent,1,1,3.0
10776,icu,1,1,3.0
10777,ideal,1,1,3.0
10778,ideals,1,1,3.0
10779,ideglira,1,1,3.0
10780,identically,1,1,3.0
10781,identities,1,1,3.0
10782,ietsi,1,1,3.0
10783,ifcc,1,1,3.0
10784,ignore,1,1,3.0
10785,iia,1,1,3.0
10786,iiht,1,1,3.0
10787,ikk,1,1,3.0
10788,ikzf2,1,1,3.0
10789,illegal,1,1,3.0
10790,illumina,1,1,3.0
10791,illuminating,1,1,3.0
10792,illustrate,1,1,3.0
10793,illustrated,1,1,3.0
10794,illustrating,1,1,3.0
10795,illustration,1,1,3.0
10796,image,1,1,3.0
10797,imaged,1,1,3.0
10798,imbalanced,1,1,3.0
10799,imm,1,1,3.0
10800,immobilization,1,1,3.0
10801,immortalised,1,1,3.0
10802,immortalized,1,1,3.0
10803,immunoassay,1,1,3.0
10804,immunocytochemistry,1,1,3.0
10805,immunology,1,1,3.0
10806,immunometabolism,1,1,3.0
10807,immunomodulation,1,1,3.0
10808,immunoprevention,1,1,3.0
10809,immunostaining,1,1,3.0
10810,immunosuppressant,1,1,3.0
10811,impacted,1,1,3.0
10812,impactful,1,1,3.0
10813,impacting,1,1,3.0
10814,impending,1,1,3.0
10815,imperfectly,1,1,3.0
10816,implants,1,1,3.0
10817,implication,1,1,3.0
10818,implying,1,1,3.0
10819,import,1,1,3.0
10820,importanceobesity,1,1,3.0
10821,imposed,1,1,3.0
10822,imprecise,1,1,3.0
10823,impressions,1,1,3.0
10824,impressive,1,1,3.0
10825,imprint,1,1,3.0
10826,impurity,1,1,3.0
10827,inaccuracies,1,1,3.0
10828,inactivation,1,1,3.0
10829,inactive,1,1,3.0
10830,inaugural,1,1,3.0
10831,inbody720,1,1,3.0
10832,inborn,1,1,3.0
10833,incarcerations,1,1,3.0
10834,incentive,1,1,3.0
10835,inceptions,1,1,3.0
10836,incidental,1,1,3.0
10837,incidents,1,1,3.0
10838,inconsistencies,1,1,3.0
10839,inconsistency,1,1,3.0
10840,incontinence,1,1,3.0
10841,incubations,1,1,3.0
10842,incur,1,1,3.0
10843,indefinite,1,1,3.0
10844,indeterminate,1,1,3.0
10845,indexed,1,1,3.0
10846,indian,1,1,3.0
10847,indicatethat,1,1,3.0
10848,indicative,1,1,3.0
10849,indigenous,1,1,3.0
10850,indirectness,1,1,3.0
10851,indispensable,1,1,3.0
10852,individualizing,1,1,3.0
10853,ineffective,1,1,3.0
10854,inequitable,1,1,3.0
10855,infancy,1,1,3.0
10856,infantile,1,1,3.0
10857,inflamed,1,1,3.0
10858,inflection,1,1,3.0
10859,infliximab,1,1,3.0
10860,influencer,1,1,3.0
10861,infodemic,1,1,3.0
10862,informally,1,1,3.0
10863,informatics,1,1,3.0
10864,informing,1,1,3.0
10865,infrared,1,1,3.0
10866,ingelheim,1,1,3.0
10867,ingested,1,1,3.0
10868,ingredient,1,1,3.0
10869,inherently,1,1,3.0
10870,inheritance,1,1,3.0
10871,initiations,1,1,3.0
10872,initiative,1,1,3.0
10873,injected,1,1,3.0
10874,injuries,1,1,3.0
10875,innervating,1,1,3.0
10876,inoscavin,1,1,3.0
10877,inquire,1,1,3.0
10878,inquiry,1,1,3.0
10879,insensitivity,1,1,3.0
10880,insertion,1,1,3.0
10881,instagram,1,1,3.0
10882,instance,1,1,3.0
10883,instances,1,1,3.0
10884,instantaneous,1,1,3.0
10885,institutet,1,1,3.0
10886,instrips,1,1,3.0
10887,instructive,1,1,3.0
10888,instrumented,1,1,3.0
10889,insulinaemic,1,1,3.0
10890,insulinemic,1,1,3.0
10891,insulinogenic,1,1,3.0
10892,insurer,1,1,3.0
10893,insurers,1,1,3.0
10894,integer,1,1,3.0
10895,integrase,1,1,3.0
10896,intellectual,1,1,3.0
10897,intending,1,1,3.0
10898,intense,1,1,3.0
10899,intensely,1,1,3.0
10900,intensifies,1,1,3.0
10901,intensifying,1,1,3.0
10902,intent,1,1,3.0
10903,interacting,1,1,3.0
10904,interactive,1,1,3.0
10905,interactome,1,1,3.0
10906,intercellular,1,1,3.0
10907,interchangeability,1,1,3.0
10908,intercohort,1,1,3.0
10909,interconnections,1,1,3.0
10910,interconversion,1,1,3.0
10911,intercurrent,1,1,3.0
10912,interestingly,1,1,3.0
10913,interests,1,1,3.0
10914,interfere,1,1,3.0
10915,interference,1,1,3.0
10916,interfering,1,1,3.0
10917,interim,1,1,3.0
10918,interkeratinocyte,1,1,3.0
10919,interleukin18,1,1,3.0
10920,interlobular,1,1,3.0
10921,interlocking,1,1,3.0
10922,intermediary,1,1,3.0
10923,internalized,1,1,3.0
10924,internally,1,1,3.0
10925,interpretable,1,1,3.0
10926,interrogate,1,1,3.0
10927,interrogating,1,1,3.0
10928,interrogation,1,1,3.0
10929,interrupt,1,1,3.0
10930,interrupting,1,1,3.0
10931,interruptions,1,1,3.0
10932,intersectional,1,1,3.0
10933,intersections,1,1,3.0
10934,intersects,1,1,3.0
10935,interspecies,1,1,3.0
10936,intertriginous,1,1,3.0
10937,intervene,1,1,3.0
10938,interviewed,1,1,3.0
10939,intestinally,1,1,3.0
10940,intima,1,1,3.0
10941,intimately,1,1,3.0
10942,intodisease,1,1,3.0
10943,intolerant,1,1,3.0
10944,intracerebral,1,1,3.0
10945,intractable,1,1,3.0
10946,intradialytic,1,1,3.0
10947,intraductal,1,1,3.0
10948,intraglomerular,1,1,3.0
10949,intraindividual,1,1,3.0
10950,intrainsular,1,1,3.0
10951,intraocular,1,1,3.0
10952,intrathoracic,1,1,3.0
10953,intravenously,1,1,3.0
10954,intricately,1,1,3.0
10955,intrinsically,1,1,3.0
10956,introductiondiabetes,1,1,3.0
10957,intubation,1,1,3.0
10958,intuitive,1,1,3.0
10959,inundated,1,1,3.0
10960,invaluable,1,1,3.0
10961,investigator,1,1,3.0
10962,investor,1,1,3.0
10963,invitations,1,1,3.0
10964,ionic,1,1,3.0
10965,ipgtt,1,1,3.0
10966,ips,1,1,3.0
10967,irb,1,1,3.0
10968,irbesartan,1,1,3.0
10969,irds,1,1,3.0
10970,ireland,1,1,3.0
10971,irf3,1,1,3.0
10972,iri,1,1,3.0
10973,irregular,1,1,3.0
10974,irrelevant,1,1,3.0
10975,ischaemia,1,1,3.0
10976,isoform,1,1,3.0
10977,isolate,1,1,3.0
10978,isolates,1,1,3.0
10979,isopropylacrylamide,1,1,3.0
10980,isoquinoline,1,1,3.0
10981,israeli,1,1,3.0
10982,itaconate,1,1,3.0
10983,italy,1,1,3.0
10984,itching,1,1,3.0
10985,iterative,1,1,3.0
10986,iu1,1,1,3.0
10987,ivw,1,1,3.0
10988,jadad,1,1,3.0
10989,jan,1,1,3.0
10990,japonica,1,1,3.0
10991,japonicus,1,1,3.0
10992,jasn,1,1,3.0
10993,jbi,1,1,3.0
10994,jeddah,1,1,3.0
10995,jejunal,1,1,3.0
10996,jejunum,1,1,3.0
10997,jerusalem,1,1,3.0
10998,jiang,1,1,3.0
10999,jingfen,1,1,3.0
11000,jnj,1,1,3.0
11001,johansen,1,1,3.0
11002,johnsonii,1,1,3.0
11003,jonkman,1,1,3.0
11004,journalism,1,1,3.0
11005,journey,1,1,3.0
11006,journeys,1,1,3.0
11007,jq1,1,1,3.0
11008,jr,1,1,3.0
11009,judgment,1,1,3.0
11010,juice,1,1,3.0
11011,junctions,1,1,3.0
11012,kameda,1,1,3.0
11013,karelia,1,1,3.0
11014,karolinska,1,1,3.0
11015,katsumadai,1,1,3.0
11016,keap1,1,1,3.0
11017,keep,1,1,3.0
11018,keeping,1,1,3.0
11019,kefir,1,1,3.0
11020,kenny,1,1,3.0
11021,kept,1,1,3.0
11022,keratinocyte,1,1,3.0
11023,keratinocytes,1,1,3.0
11024,keto,1,1,3.0
11025,ketogenesis,1,1,3.0
11026,kgco₂e,1,1,3.0
11027,kickback,1,1,3.0
11028,kickstarting,1,1,3.0
11029,kim,1,1,3.0
11030,kimchi,1,1,3.0
11031,kits,1,1,3.0
11032,km,1,1,3.0
11033,knapp,1,1,3.0
11034,knees,1,1,3.0
11035,knowing,1,1,3.0
11036,komodo,1,1,3.0
11037,korea,1,1,3.0
11038,korsakoff,1,1,3.0
11039,kpa,1,1,3.0
11040,ksa,1,1,3.0
11041,kynurenic,1,1,3.0
11042,kyoto,1,1,3.0
11043,kyphoplasty,1,1,3.0
11044,l260f,1,1,3.0
11045,l260f3,1,1,3.0
11046,l71,1,1,3.0
11047,laacf,1,1,3.0
11048,lab,1,1,3.0
11049,labda,1,1,3.0
11050,labelled,1,1,3.0
11051,labile,1,1,3.0
11052,labyrinths,1,1,3.0
11053,lactiplantibacillus,1,1,3.0
11054,lactis,1,1,3.0
11055,lag,1,1,3.0
11056,lagged,1,1,3.0
11057,laird,1,1,3.0
11058,lamina,1,1,3.0
11059,lamp,1,1,3.0
11060,lancaster,1,1,3.0
11061,landscapes,1,1,3.0
11062,laryngologists,1,1,3.0
11063,lasted,1,1,3.0
11064,latencies,1,1,3.0
11065,latency,1,1,3.0
11066,lateral,1,1,3.0
11067,launch,1,1,3.0
11068,launched,1,1,3.0
11069,lauric,1,1,3.0
11070,lautropia,1,1,3.0
11071,lavage,1,1,3.0
11072,lc3b,1,1,3.0
11073,lcfa,1,1,3.0
11074,lcr86,1,1,3.0
11075,leak,1,1,3.0
11076,leakage,1,1,3.0
11077,leakiness,1,1,3.0
11078,learned,1,1,3.0
11079,lecanemab,1,1,3.0
11080,lee,1,1,3.0
11081,legally,1,1,3.0
11082,legislation,1,1,3.0
11083,legislative,1,1,3.0
11084,legs,1,1,3.0
11085,legumes,1,1,3.0
11086,lengths,1,1,3.0
11087,lenses,1,1,3.0
11088,lentivirus,1,1,3.0
11089,leptogranulimonas,1,1,3.0
11090,lessen,1,1,3.0
11091,lessened,1,1,3.0
11092,lesser,1,1,3.0
11093,lesson,1,1,3.0
11094,lessons,1,1,3.0
11095,lethal,1,1,3.0
11096,letter,1,1,3.0
11097,letters,1,1,3.0
11098,leukemia,1,1,3.0
11099,leukocyte,1,1,3.0
11100,leumit,1,1,3.0
11101,leuprorelin,1,1,3.0
11102,lever,1,1,3.0
11103,leverages,1,1,3.0
11104,lexisnexis,1,1,3.0
11105,lfc,1,1,3.0
11106,lfd,1,1,3.0
11107,li,1,1,3.0
11108,licensing,1,1,3.0
11109,lies,1,1,3.0
11110,lifecourse,1,1,3.0
11111,lifespans,1,1,3.0
11112,lifted,1,1,3.0
11113,lifting,1,1,3.0
11114,ligases,1,1,3.0
11115,ligation,1,1,3.0
11116,lighter,1,1,3.0
11117,lighthouse,1,1,3.0
11118,liked,1,1,3.0
11119,lilacs,1,1,3.0
11120,limbic,1,1,3.0
11121,limbs,1,1,3.0
11122,limitation,1,1,3.0
11123,limosilactobacillus,1,1,3.0
11124,linearity,1,1,3.0
11125,linearly,1,1,3.0
11126,lip,1,1,3.0
11127,lipemia,1,1,3.0
11128,lipidaemias,1,1,3.0
11129,lipidated,1,1,3.0
11130,lipidomic,1,1,3.0
11131,lipidomics,1,1,3.0
11132,lipoabdominoplasty,1,1,3.0
11133,lipodystrophy,1,1,3.0
11134,lipoic,1,1,3.0
11135,lipolysis,1,1,3.0
11136,lipophagy,1,1,3.0
11137,lipophilic,1,1,3.0
11138,lipopolysaccharides,1,1,3.0
11139,lipoproteins,1,1,3.0
11140,liposomes,1,1,3.0
11141,literacy,1,1,3.0
11142,literatures,1,1,3.0
11143,lithogenic,1,1,3.0
11144,livertox,1,1,3.0
11145,lixi,1,1,3.0
11146,lixipark,1,1,3.0
11147,lm,1,1,3.0
11148,lncrnas,1,1,3.0
11149,lnuacr,1,1,3.0
11150,lobe,1,1,3.0
11151,locoregional,1,1,3.0
11152,locus,1,1,3.0
11153,lods,1,1,3.0
11154,log2,1,1,3.0
11155,logical,1,1,3.0
11156,logistical,1,1,3.0
11157,logistics,1,1,3.0
11158,logit,1,1,3.0
11159,lombardy,1,1,3.0
11160,longissimus,1,1,3.0
11161,loops,1,1,3.0
11162,loqs,1,1,3.0
11163,lorcaserin,1,1,3.0
11164,lorundrostat,1,1,3.0
11165,lpc,1,1,3.0
11166,lr08,1,1,3.0
11167,lra05,1,1,3.0
11168,ltd,1,1,3.0
11169,luma,1,1,3.0
11170,lungs,1,1,3.0
11171,luteinizing,1,1,3.0
11172,lux,1,1,3.0
11173,lvedp,1,1,3.0
11174,lxr,1,1,3.0
11175,ly2189265,1,1,3.0
11176,ly3437943,1,1,3.0
11177,lymphatic,1,1,3.0
11178,lymphoid,1,1,3.0
11179,m0,1,1,3.0
11180,machinery,1,1,3.0
11181,macrocyclic,1,1,3.0
11182,macrogenomic,1,1,3.0
11183,macrolides,1,1,3.0
11184,macromolecule,1,1,3.0
11185,maestro,1,1,3.0
11186,mafa,1,1,3.0
11187,mafb,1,1,3.0
11188,mage,1,1,3.0
11189,magnetically,1,1,3.0
11190,malabsorptive,1,1,3.0
11191,malley,1,1,3.0
11192,maltase,1,1,3.0
11193,maltoside,1,1,3.0
11194,manageable,1,1,3.0
11195,mandarin,1,1,3.0
11196,mandates,1,1,3.0
11197,mandating,1,1,3.0
11198,mandibular,1,1,3.0
11199,manifests,1,1,3.0
11200,manipulated,1,1,3.0
11201,manipulations,1,1,3.0
11202,mann,1,1,3.0
11203,manometry,1,1,3.0
11204,mantel,1,1,3.0
11205,manufacturable,1,1,3.0
11206,manufacturers,1,1,3.0
11207,mao,1,1,3.0
11208,mapk,1,1,3.0
11209,mapk3,1,1,3.0
11210,margin,1,1,3.0
11211,marine,1,1,3.0
11212,marital,1,1,3.0
11213,mark,1,1,3.0
11214,marketplaces,1,1,3.0
11215,marking,1,1,3.0
11216,mart,1,1,3.0
11217,massachusetts,1,1,3.0
11218,master,1,1,3.0
11219,mastery,1,1,3.0
11220,mate1,1,1,3.0
11221,materia,1,1,3.0
11222,materially,1,1,3.0
11223,mathematical,1,1,3.0
11224,mating,1,1,3.0
11225,maxillofacial,1,1,3.0
11226,maximally,1,1,3.0
11227,mca,1,1,3.0
11228,mcfa,1,1,3.0
11229,mcmaster,1,1,3.0
11230,mdc,1,1,3.0
11231,meanings,1,1,3.0
11232,meat,1,1,3.0
11233,mechanometabolic,1,1,3.0
11234,med,1,1,3.0
11235,medfine,1,1,3.0
11236,medial,1,1,3.0
11237,medica,1,1,3.0
11238,medicalization,1,1,3.0
11239,medicolegal,1,1,3.0
11240,medicus,1,1,3.0
11241,mediterranean,1,1,3.0
11242,megestrol,1,1,3.0
11243,mek,1,1,3.0
11244,mek1,1,1,3.0
11245,meld,1,1,3.0
11246,membered,1,1,3.0
11247,menarche,1,1,3.0
11248,menoyoung,1,1,3.0
11249,menus,1,1,3.0
11250,mep,1,1,3.0
11251,merip,1,1,3.0
11252,mesenchymal,1,1,3.0
11253,mesenteric,1,1,3.0
11254,mesh,1,1,3.0
11255,messengers,1,1,3.0
11256,metalloproteinase,1,1,3.0
11257,metalloproteinases,1,1,3.0
11258,meter,1,1,3.0
11259,methacrylation,1,1,3.0
11260,methanol,1,1,3.0
11261,methodologically,1,1,3.0
11262,methodsa,1,1,3.0
11263,methodsin,1,1,3.0
11264,methotrexate,1,1,3.0
11265,methyladenine,1,1,3.0
11266,methyladenosine,1,1,3.0
11267,methylglyoxal,1,1,3.0
11268,methylprednisolone,1,1,3.0
11269,methylsulfonyl,1,1,3.0
11270,methyltransferase,1,1,3.0
11271,mga,1,1,3.0
11272,mgb,1,1,3.0
11273,mgh,1,1,3.0
11274,mgps,1,1,3.0
11275,micelles,1,1,3.0
11276,michiganders,1,1,3.0
11277,microbially,1,1,3.0
11278,microbiological,1,1,3.0
11279,microchip,1,1,3.0
11280,microcirculatory,1,1,3.0
11281,microenvironmental,1,1,3.0
11282,microgravity,1,1,3.0
11283,micromachined,1,1,3.0
11284,microneedles,1,1,3.0
11285,micronucleus,1,1,3.0
11286,microorganisms,1,1,3.0
11287,microparticles,1,1,3.0
11288,microsomes,1,1,3.0
11289,microvasculature,1,1,3.0
11290,midwestern,1,1,3.0
11291,mifepristone,1,1,3.0
11292,milder,1,1,3.0
11293,mildly,1,1,3.0
11294,milligram,1,1,3.0
11295,mimicking,1,1,3.0
11296,mined,1,1,3.0
11297,mineralizing,1,1,3.0
11298,ming,1,1,3.0
11299,mining,1,1,3.0
11300,minireview,1,1,3.0
11301,minority,1,1,3.0
11302,minoxidil,1,1,3.0
11303,minus,1,1,3.0
11304,mirage,1,1,3.0
11305,mirna,1,1,3.0
11306,misalignment,1,1,3.0
11307,misdifferentiation,1,1,3.0
11308,misfolded,1,1,3.0
11309,misfolding,1,1,3.0
11310,mishandling,1,1,3.0
11311,misjudge,1,1,3.0
11312,mississippi,1,1,3.0
11313,misunderstood,1,1,3.0
11314,mitoq,1,1,3.0
11315,miu,1,1,3.0
11316,mixing,1,1,3.0
11317,mmp9,1,1,3.0
11318,mnemonic,1,1,3.0
11319,moca,1,1,3.0
11320,modafinil,1,1,3.0
11321,moderators,1,1,3.0
11322,modes,1,1,3.0
11323,modifiability,1,1,3.0
11324,modulatory,1,1,3.0
11325,mody6,1,1,3.0
11326,moiety,1,1,3.0
11327,mold,1,1,3.0
11328,molecularly,1,1,3.0
11329,molybdate,1,1,3.0
11330,moments,1,1,3.0
11331,monetary,1,1,3.0
11332,monitors,1,1,3.0
11333,monoagonist,1,1,3.0
11334,monocrotaline,1,1,3.0
11335,monocyte,1,1,3.0
11336,monodispersed,1,1,3.0
11337,monograph,1,1,3.0
11338,monomeric,1,1,3.0
11339,monosaccharide,1,1,3.0
11340,monosodium,1,1,3.0
11341,monotonic,1,1,3.0
11342,monte,1,1,3.0
11343,montreal,1,1,3.0
11344,morbidities,1,1,3.0
11345,morbidly,1,1,3.0
11346,morphine,1,1,3.0
11347,morphogenesis,1,1,3.0
11348,morphologic,1,1,3.0
11349,morphological,1,1,3.0
11350,mortem,1,1,3.0
11351,morus,1,1,3.0
11352,mossy,1,1,3.0
11353,motif,1,1,3.0
11354,mounjaro,1,1,3.0
11355,moves,1,1,3.0
11356,mrc1,1,1,3.0
11357,msu,1,1,3.0
11358,mt,1,1,3.0
11359,mtd,1,1,3.0
11360,mtiwnjmx,1,1,3.0
11361,mtx,1,1,3.0
11362,mucinous,1,1,3.0
11363,mucodiffusion,1,1,3.0
11364,mucosa,1,1,3.0
11365,multiagonist,1,1,3.0
11366,multicellular,1,1,3.0
11367,multicentric,1,1,3.0
11368,multidirectional,1,1,3.0
11369,multidrug,1,1,3.0
11370,multifactor,1,1,3.0
11371,multifrequency,1,1,3.0
11372,multihormone,1,1,3.0
11373,multiinstitutional,1,1,3.0
11374,multiparametric,1,1,3.0
11375,multiplex,1,1,3.0
11376,multiplexed,1,1,3.0
11377,multisociety,1,1,3.0
11378,multistakeholder,1,1,3.0
11379,multistep,1,1,3.0
11380,multitissue,1,1,3.0
11381,multivariably,1,1,3.0
11382,murf1,1,1,3.0
11383,muribaculaceae,1,1,3.0
11384,muris,1,1,3.0
11385,muscular,1,1,3.0
11386,musculature,1,1,3.0
11387,mutagenesis,1,1,3.0
11388,muted,1,1,3.0
11389,mutually,1,1,3.0
11390,mws,1,1,3.0
11391,myalgic,1,1,3.0
11392,myelocyte,1,1,3.0
11393,myoblasts,1,1,3.0
11394,myocardium,1,1,3.0
11395,myograph,1,1,3.0
11396,myopathy,1,1,3.0
11397,myosteatosis,1,1,3.0
11398,myricetin,1,1,3.0
11399,n01hc55222,1,1,3.0
11400,n01hc85079,1,1,3.0
11401,n01hc85080,1,1,3.0
11402,n01hc85081,1,1,3.0
11403,n01hc85082,1,1,3.0
11404,n01hc85083,1,1,3.0
11405,n01hc85086,1,1,3.0
11406,n6,1,1,3.0
11407,n93,1,1,3.0
11408,nac,1,1,3.0
11409,nails,1,1,3.0
11410,naldemedine,1,1,3.0
11411,nanoassemblies,1,1,3.0
11412,nanoassembly,1,1,3.0
11413,nanocarriers,1,1,3.0
11414,nanoemulsifying,1,1,3.0
11415,nanofiber,1,1,3.0
11416,nanomedicine,1,1,3.0
11417,nanomicellar,1,1,3.0
11418,nanomicelle,1,1,3.0
11419,nanostructured,1,1,3.0
11420,nanotechnology,1,1,3.0
11421,nanotoxicological,1,1,3.0
11422,narcoms,1,1,3.0
11423,narrates,1,1,3.0
11424,narrower,1,1,3.0
11425,nascent,1,1,3.0
11426,nash,1,1,3.0
11427,naturally,1,1,3.0
11428,nauseating,1,1,3.0
11429,navajo,1,1,3.0
11430,navigates,1,1,3.0
11431,navigation,1,1,3.0
11432,ncep,1,1,3.0
11433,ncfm,1,1,3.0
11434,nct03899402,1,1,3.0
11435,nct04019197,1,1,3.0
11436,nct04153929,1,1,3.0
11437,nct04591782,1,1,3.0
11438,nct04667377,1,1,3.0
11439,nct05013229,1,1,3.0
11440,nct05114018,1,1,3.0
11441,nct05152277,1,1,3.0
11442,nct05199948,1,1,3.0
11443,nct05259033,1,1,3.0
11444,nct05287906,1,1,3.0
11445,nct05352815,1,1,3.0
11446,nct05412004,1,1,3.0
11447,nct05646706,1,1,3.0
11448,nct05813912,1,1,3.0
11449,nct06010004,1,1,3.0
11450,nct06041217,1,1,3.0
11451,nct06066515,1,1,3.0
11452,nct06113146,1,1,3.0
11453,nct06124807,1,1,3.0
11454,nct06162715,1,1,3.0
11455,nct06269107,1,1,3.0
11456,nct06365385,1,1,3.0
11457,nct06410924,1,1,3.0
11458,nct06467604,1,1,3.0
11459,nct06559527,1,1,3.0
11460,nct06770621,1,1,3.0
11461,nct06789263,1,1,3.0
11462,nct06854952,1,1,3.0
11463,nct06973681,1,1,3.0
11464,nct07013409,1,1,3.0
11465,nct07014709,1,1,3.0
11466,nct07370922,1,1,3.0
11467,ndash,1,1,3.0
11468,ndev,1,1,3.0
11469,ndkd,1,1,3.0
11470,necroptosis,1,1,3.0
11471,negated,1,1,3.0
11472,neglecting,1,1,3.0
11473,nemolizumab,1,1,3.0
11474,neoadjuvant,1,1,3.0
11475,neoantigen,1,1,3.0
11476,nephrologic,1,1,3.0
11477,nephrologists,1,1,3.0
11478,nephron,1,1,3.0
11479,nephroprotection,1,1,3.0
11480,nephrotic,1,1,3.0
11481,nephrotoxic,1,1,3.0
11482,neun,1,1,3.0
11483,neuraly,1,1,3.0
11484,neuroanatomical,1,1,3.0
11485,neuroblu,1,1,3.0
11486,neurochemical,1,1,3.0
11487,neurodifferentiation,1,1,3.0
11488,neurofibrillary,1,1,3.0
11489,neurogenic,1,1,3.0
11490,neurogenin,1,1,3.0
11491,neuroglycopenic,1,1,3.0
11492,neurohypophysis,1,1,3.0
11493,neuroimmune,1,1,3.0
11494,neurologic,1,1,3.0
11495,neuromodulatory,1,1,3.0
11496,neuromuscular,1,1,3.0
11497,neurones,1,1,3.0
11498,neuronostatin,1,1,3.0
11499,neuroocular,1,1,3.0
11500,neuropathological,1,1,3.0
11501,neuropeptidey1,1,1,3.0
11502,neuropharmacology,1,1,3.0
11503,neuroplastic,1,1,3.0
11504,neuroscience,1,1,3.0
11505,neurotoxic,1,1,3.0
11506,neurotransmission,1,1,3.0
11507,neurotransmitter,1,1,3.0
11508,neutralisation,1,1,3.0
11509,neutralization,1,1,3.0
11510,neutrophilic,1,1,3.0
11511,nextida,1,1,3.0
11512,nexus,1,1,3.0
11513,ng28,1,1,3.0
11514,nga2,1,1,3.0
11515,ngf,1,1,3.0
11516,niacinamide,1,1,3.0
11517,nic,1,1,3.0
11518,nice,1,1,3.0
11519,niches,1,1,3.0
11520,nicotinic,1,1,3.0
11521,nicotininc,1,1,3.0
11522,nightmare,1,1,3.0
11523,nighttime,1,1,3.0
11524,nigra,1,1,3.0
11525,nigrostriatal,1,1,3.0
11526,nitro,1,1,3.0
11527,nitropyrimidine,1,1,3.0
11528,nitrosative,1,1,3.0
11529,nkx6,1,1,3.0
11530,nlrc4,1,1,3.0
11531,nlrp1b,1,1,3.0
11532,nmda,1,1,3.0
11533,nmnat2,1,1,3.0
11534,nmpa,1,1,3.0
11535,nn1213,1,1,3.0
11536,nnts,1,1,3.0
11537,nodularis,1,1,3.0
11538,nodule,1,1,3.0
11539,nominal,1,1,3.0
11540,nonadherence,1,1,3.0
11541,nonadherent,1,1,3.0
11542,nonalcoholic,1,1,3.0
11543,noncausal,1,1,3.0
11544,noncirrhotic,1,1,3.0
11545,nonclassical,1,1,3.0
11546,nonclinical,1,1,3.0
11547,noncomparative,1,1,3.0
11548,nondestructive,1,1,3.0
11549,nondialysis,1,1,3.0
11550,nonearly,1,1,3.0
11551,noneligible,1,1,3.0
11552,nonemergent,1,1,3.0
11553,nonenforced,1,1,3.0
11554,nonesterified,1,1,3.0
11555,nonglp,1,1,3.0
11556,noninfectious,1,1,3.0
11557,noninformative,1,1,3.0
11558,noninvasively,1,1,3.0
11559,nonmaleficence,1,1,3.0
11560,nonmetabolic,1,1,3.0
11561,nonmutually,1,1,3.0
11562,nonnutritive,1,1,3.0
11563,nonopioid,1,1,3.0
11564,nonparametric,1,1,3.0
11565,nonpeptide,1,1,3.0
11566,nonpharmacological,1,1,3.0
11567,nonpsychiatric,1,1,3.0
11568,nonrenal,1,1,3.0
11569,nonspecific,1,1,3.0
11570,nonstandard,1,1,3.0
11571,nonsurgical,1,1,3.0
11572,nonuse,1,1,3.0
11573,nordicc3m,1,1,3.0
11574,normalise,1,1,3.0
11575,normalize,1,1,3.0
11576,normalizing,1,1,3.0
11577,normo,1,1,3.0
11578,normoglycemia,1,1,3.0
11579,normotensive,1,1,3.0
11580,northern,1,1,3.0
11581,norway,1,1,3.0
11582,notes,1,1,3.0
11583,notherapeutic,1,1,3.0
11584,noting,1,1,3.0
11585,notoriety,1,1,3.0
11586,nov,1,1,3.0
11587,npo,1,1,3.0
11588,nps,1,1,3.0
11589,nrem,1,1,3.0
11590,nsmra,1,1,3.0
11591,nt5e,1,1,3.0
11592,ntcp,1,1,3.0
11593,nuanced,1,1,3.0
11594,nuances,1,1,3.0
11595,nullified,1,1,3.0
11596,numberically,1,1,3.0
11597,numeric,1,1,3.0
11598,nurse,1,1,3.0
11599,nurses,1,1,3.0
11600,nursing,1,1,3.0
11601,nush,1,1,3.0
11602,nutritionally,1,1,3.0
11603,nw,1,1,3.0
11604,nω,1,1,3.0
11605,o2k,1,1,3.0
11606,oac,1,1,3.0
11607,oatps,1,1,3.0
11608,oats,1,1,3.0
11609,oaxaca,1,1,3.0
11610,obesity1,1,1,3.0
11611,obesogenic,1,1,3.0
11612,objectionable,1,1,3.0
11613,objectivesglucagon,1,1,3.0
11614,objectivesto,1,1,3.0
11615,objectiveto,1,1,3.0
11616,obligation,1,1,3.0
11617,obligations,1,1,3.0
11618,obscures,1,1,3.0
11619,obstacles,1,1,3.0
11620,obstetrical,1,1,3.0
11621,obstetricians,1,1,3.0
11622,obvious,1,1,3.0
11623,occasionally,1,1,3.0
11624,occasions,1,1,3.0
11625,occupational,1,1,3.0
11626,occupy,1,1,3.0
11627,occurrences,1,1,3.0
11628,oceania,1,1,3.0
11629,oct1,1,1,3.0
11630,oct2,1,1,3.0
11631,oculomotor,1,1,3.0
11632,oecd,1,1,3.0
11633,ofcollagen,1,1,3.0
11634,offerings,1,1,3.0
11635,offices,1,1,3.0
11636,offloading,1,1,3.0
11637,offset,1,1,3.0
11638,offsetting,1,1,3.0
11639,oh,1,1,3.0
11640,ohdg,1,1,3.0
11641,ohio,1,1,3.0
11642,ojag080,1,1,3.0
11643,oldest,1,1,3.0
11644,oleoyl,1,1,3.0
11645,oligo,1,1,3.0
11646,oligomerization,1,1,3.0
11647,oligonucleotide,1,1,3.0
11648,oligonucleotides,1,1,3.0
11649,omission,1,1,3.0
11650,omitted,1,1,3.0
11651,omnibus,1,1,3.0
11652,omop,1,1,3.0
11653,oneflorida,1,1,3.0
11654,oniglt,1,1,3.0
11655,oniglts,1,1,3.0
11656,onions,1,1,3.0
11657,onlinemeta,1,1,3.0
11658,ontario,1,1,3.0
11659,onto,1,1,3.0
11660,ontologies,1,1,3.0
11661,ontology,1,1,3.0
11662,onward,1,1,3.0
11663,op,1,1,3.0
11664,openalex,1,1,3.0
11665,opened,1,1,3.0
11666,operate,1,1,3.0
11667,operation,1,1,3.0
11668,operationalised,1,1,3.0
11669,operations,1,1,3.0
11670,ophiopogon,1,1,3.0
11671,opiates,1,1,3.0
11672,opinions,1,1,3.0
11673,opiomelanocortin,1,1,3.0
11674,opposed,1,1,3.0
11675,opposing,1,1,3.0
11676,opposite,1,1,3.0
11677,opt,1,1,3.0
11678,optical,1,1,3.0
11679,optimised,1,1,3.0
11680,opting,1,1,3.0
11681,optumlabs,1,1,3.0
11682,orbital,1,1,3.0
11683,ordering,1,1,3.0
11684,orexin,1,1,3.0
11685,organellar,1,1,3.0
11686,organelles,1,1,3.0
11687,organised,1,1,3.0
11688,organize,1,1,3.0
11689,organizing,1,1,3.0
11690,orgasm,1,1,3.0
11691,oro,1,1,3.0
11692,oroboros,1,1,3.0
11693,oromucosal,1,1,3.0
11694,oropharyngeal,1,1,3.0
11695,orthokeratology,1,1,3.0
11696,orthopedic,1,1,3.0
11697,oscillations,1,1,3.0
11698,osmolality,1,1,3.0
11699,osteoblast,1,1,3.0
11700,osteoblastic,1,1,3.0
11701,osteocyte,1,1,3.0
11702,osteopenia,1,1,3.0
11703,osteopontin,1,1,3.0
11704,otalgia,1,1,3.0
11705,otolaryngologic,1,1,3.0
11706,otologic,1,1,3.0
11707,otoscopic,1,1,3.0
11708,otu,1,1,3.0
11709,outer,1,1,3.0
11710,outlining,1,1,3.0
11711,outlying,1,1,3.0
11712,outperform,1,1,3.0
11713,outperforming,1,1,3.0
11714,outputs,1,1,3.0
11715,outs,1,1,3.0
11716,outstanding,1,1,3.0
11717,ovariectomized,1,1,3.0
11718,ovatus,1,1,3.0
11719,overarching,1,1,3.0
11720,overcoming,1,1,3.0
11721,overconsumption,1,1,3.0
11722,overdue,1,1,3.0
11723,overestimation,1,1,3.0
11724,overlapped,1,1,3.0
11725,overlaps,1,1,3.0
11726,overnutrition,1,1,3.0
11727,overstate,1,1,3.0
11728,ovulatory,1,1,3.0
11729,ow,1,1,3.0
11730,ownership,1,1,3.0
11731,oxalate,1,1,3.0
11732,oxazole,1,1,3.0
11733,oxford,1,1,3.0
11734,oxidant,1,1,3.0
11735,oxo,1,1,3.0
11736,oxybate,1,1,3.0
11737,ozone,1,1,3.0
11738,ozympic,1,1,3.0
11739,p62,1,1,3.0
11740,pace,1,1,3.0
11741,packaging,1,1,3.0
11742,page,1,1,3.0
11743,pah,1,1,3.0
11744,paid,1,1,3.0
11745,painless,1,1,3.0
11746,palliated,1,1,3.0
11747,palm,1,1,3.0
11748,palmitoyl,1,1,3.0
11749,pancrelipase,1,1,3.0
11750,pancytopenia,1,1,3.0
11751,pandemic,1,1,3.0
11752,panellists,1,1,3.0
11753,papilla,1,1,3.0
11754,parabrachial,1,1,3.0
11755,paracardiac,1,1,3.0
11756,paracasei,1,1,3.0
11757,paracetamol,1,1,3.0
11758,paradoxically,1,1,3.0
11759,paragasseri,1,1,3.0
11760,parallels,1,1,3.0
11761,paramount,1,1,3.0
11762,parapharyngeal,1,1,3.0
11763,parasympathetic,1,1,3.0
11764,parathyroid,1,1,3.0
11765,parenteral,1,1,3.0
11766,parents,1,1,3.0
11767,parity,1,1,3.0
11768,park7,1,1,3.0
11769,parkinsonian,1,1,3.0
11770,paroxetine,1,1,3.0
11771,parp,1,1,3.0
11772,participating,1,1,3.0
11773,participation,1,1,3.0
11774,partitioning,1,1,3.0
11775,partum,1,1,3.0
11776,party,1,1,3.0
11777,patch,1,1,3.0
11778,patches,1,1,3.0
11779,patchy,1,1,3.0
11780,patellar,1,1,3.0
11781,patency,1,1,3.0
11782,paternally,1,1,3.0
11783,path,1,1,3.0
11784,pathobiology,1,1,3.0
11785,pathobiont,1,1,3.0
11786,pathobionts,1,1,3.0
11787,pathologic,1,1,3.0
11788,paths,1,1,3.0
11789,patid,1,1,3.0
11790,pause,1,1,3.0
11791,pave,1,1,3.0
11792,paving,1,1,3.0
11793,pcgrimage,1,1,3.0
11794,pd3,1,1,3.0
11795,pdx1,1,1,3.0
11796,peaking,1,1,3.0
11797,pearldiver,1,1,3.0
11798,pediatrician,1,1,3.0
11799,pediatricians,1,1,3.0
11800,peers,1,1,3.0
11801,pef,1,1,3.0
11802,pegol,1,1,3.0
11803,pem,1,1,3.0
11804,pemafibrate,1,1,3.0
11805,pemphigoid,1,1,3.0
11806,pemphigus,1,1,3.0
11807,penetrative,1,1,3.0
11808,pentose,1,1,3.0
11809,pentoxifylline,1,1,3.0
11810,pepsin,1,1,3.0
11811,percentages,1,1,3.0
11812,perceptual,1,1,3.0
11813,pericentral,1,1,3.0
11814,periconceptual,1,1,3.0
11815,pericytes,1,1,3.0
11816,perinatal,1,1,3.0
11817,perinephric,1,1,3.0
11818,periodic,1,1,3.0
11819,peripapillary,1,1,3.0
11820,peripartum,1,1,3.0
11821,peripherally,1,1,3.0
11822,perirenal,1,1,3.0
11823,peristaltic,1,1,3.0
11824,peritubal,1,1,3.0
11825,perivascular,1,1,3.0
11826,permanent,1,1,3.0
11827,permeable,1,1,3.0
11828,permit,1,1,3.0
11829,permutational,1,1,3.0
11830,peroxisomes,1,1,3.0
11831,perpetuate,1,1,3.0
11832,personal,1,1,3.0
11833,personnel,1,1,3.0
11834,persons,1,1,3.0
11835,pertinent,1,1,3.0
11836,perturb,1,1,3.0
11837,peru,1,1,3.0
11838,peto,1,1,3.0
11839,pfc,1,1,3.0
11840,pfizer,1,1,3.0
11841,pfs,1,1,3.0
11842,pgf,1,1,3.0
11843,pharma,1,1,3.0
11844,pharmaca,1,1,3.0
11845,pharmacoengineering,1,1,3.0
11846,pharmacogenetics,1,1,3.0
11847,pharmacologicallysubstantially,1,1,3.0
11848,pharmacomicrobiomics,1,1,3.0
11849,pharmatech,1,1,3.0
11850,pharmetrics,1,1,3.0
11851,phased,1,1,3.0
11852,phenoage,1,1,3.0
11853,phenyl,1,1,3.0
11854,phenylindole,1,1,3.0
11855,phenylketonuria,1,1,3.0
11856,philosophical,1,1,3.0
11857,phluorin,1,1,3.0
11858,phospho,1,1,3.0
11859,phosphocholine,1,1,3.0
11860,phospholamban,1,1,3.0
11861,phosphoproteomics,1,1,3.0
11862,phosphorus,1,1,3.0
11863,photon,1,1,3.0
11864,photos,1,1,3.0
11865,phototypes,1,1,3.0
11866,php,1,1,3.0
11867,phycocyanin,1,1,3.0
11868,phylogenetic,1,1,3.0
11869,phylogenetics,1,1,3.0
11870,physically,1,1,3.0
11871,phytosomes,1,1,3.0
11872,picots,1,1,3.0
11873,picrosirius,1,1,3.0
11874,picture,1,1,3.0
11875,pid,1,1,3.0
11876,pill,1,1,3.0
11877,pills,1,1,3.0
11878,pimonidazole,1,1,3.0
11879,pink1,1,1,3.0
11880,pioneer,1,1,3.0
11881,piracetam,1,1,3.0
11882,pitfalls,1,1,3.0
11883,pitnet,1,1,3.0
11884,pitolisant,1,1,3.0
11885,pkcβ,1,1,3.0
11886,pkd1,1,1,3.0
11887,pks,1,1,3.0
11888,placental,1,1,3.0
11889,plate,1,1,3.0
11890,plateau,1,1,3.0
11891,plateauing,1,1,3.0
11892,plateaus,1,1,3.0
11893,player,1,1,3.0
11894,plc,1,1,3.0
11895,please,1,1,3.0
11896,plication,1,1,3.0
11897,pls,1,1,3.0
11898,plumpness,1,1,3.0
11899,pluripotent,1,1,3.0
11900,pmaindet2,1,1,3.0
11901,pneumonitis,1,1,3.0
11902,pnpla3,1,1,3.0
11903,podocytes,1,1,3.0
11904,podtrac,1,1,3.0
11905,poentially,1,1,3.0
11906,pointing,1,1,3.0
11907,poisoning,1,1,3.0
11908,poland,1,1,3.0
11909,polar,1,1,3.0
11910,polarized,1,1,3.0
11911,policymakers,1,1,3.0
11912,polyagonist,1,1,3.0
11913,polyamine,1,1,3.0
11914,polyarthropathies,1,1,3.0
11915,polydipsia,1,1,3.0
11916,polyethylene,1,1,3.0
11917,polygonatum,1,1,3.0
11918,polyhormonal,1,1,3.0
11919,polylactide,1,1,3.0
11920,polymer,1,1,3.0
11921,polymerase,1,1,3.0
11922,polymethyl,1,1,3.0
11923,polypeptid,1,1,3.0
11924,polyphagia,1,1,3.0
11925,polyphenol,1,1,3.0
11926,polysynaptic,1,1,3.0
11927,pomegranate,1,1,3.0
11928,popc,1,1,3.0
11929,popping,1,1,3.0
11930,populace,1,1,3.0
11931,popularized,1,1,3.0
11932,populationlevel,1,1,3.0
11933,porosity,1,1,3.0
11934,porphyria,1,1,3.0
11935,porphyromonas,1,1,3.0
11936,posibil6eskd,1,1,3.0
11937,positing,1,1,3.0
11938,positivity,1,1,3.0
11939,possessing,1,1,3.0
11940,postacute,1,1,3.0
11941,postexertional,1,1,3.0
11942,postmenopause,1,1,3.0
11943,postmortem,1,1,3.0
11944,postprandially,1,1,3.0
11945,postrema,1,1,3.0
11946,posttransplantation,1,1,3.0
11947,potentialmolecular,1,1,3.0
11948,potentiating,1,1,3.0
11949,poultry,1,1,3.0
11950,pound,1,1,3.0
11951,powerfully,1,1,3.0
11952,ppard,1,1,3.0
11953,ppm,1,1,3.0
11954,pppm,1,1,3.0
11955,practitioners,1,1,3.0
11956,pramlintide,1,1,3.0
11957,prazosin,1,1,3.0
11958,preabsorption,1,1,3.0
11959,preadolescent,1,1,3.0
11960,prebiotic,1,1,3.0
11961,precede,1,1,3.0
11962,precipitates,1,1,3.0
11963,precipitating,1,1,3.0
11964,precipitation,1,1,3.0
11965,preclinically,1,1,3.0
11966,precluded,1,1,3.0
11967,precocious,1,1,3.0
11968,predictable,1,1,3.0
11969,predispose,1,1,3.0
11970,predisposed,1,1,3.0
11971,predisposes,1,1,3.0
11972,predispositions,1,1,3.0
11973,predominate,1,1,3.0
11974,predominated,1,1,3.0
11975,predominately,1,1,3.0
11976,preferable,1,1,3.0
11977,prefrontal,1,1,3.0
11978,pregnenolone,1,1,3.0
11979,prejudice,1,1,3.0
11980,premier,1,1,3.0
11981,preparing,1,1,3.0
11982,preproglucagon,1,1,3.0
11983,preregister,1,1,3.0
11984,preregistration,1,1,3.0
11985,prescribe,1,1,3.0
11986,presenters,1,1,3.0
11987,pressing,1,1,3.0
11988,presumably,1,1,3.0
11989,presumed,1,1,3.0
11990,presystemic,1,1,3.0
11991,pretreated,1,1,3.0
11992,preventable,1,1,3.0
11993,preventative,1,1,3.0
11994,preventt2,1,1,3.0
11995,primates,1,1,3.0
11996,prime,1,1,3.0
11997,priming,1,1,3.0
11998,primitive,1,1,3.0
11999,priori,1,1,3.0
12000,prioritise,1,1,3.0
12001,prioritising,1,1,3.0
12002,prioritization,1,1,3.0
12003,prioritizes,1,1,3.0
12004,prisons,1,1,3.0
12005,privileged,1,1,3.0
12006,proactively,1,1,3.0
12007,proband,1,1,3.0
12008,probes,1,1,3.0
12009,probing,1,1,3.0
12010,problematic,1,1,3.0
12011,probucol,1,1,3.0
12012,proceedings,1,1,3.0
12013,procurement,1,1,3.0
12014,procyanidins,1,1,3.0
12015,prodrugs,1,1,3.0
12016,productivities,1,1,3.0
12017,produxion,1,1,3.0
12018,professions,1,1,3.0
12019,profiled,1,1,3.0
12020,profit,1,1,3.0
12021,progenitors,1,1,3.0
12022,progesterone,1,1,3.0
12023,progestogen,1,1,3.0
12024,prognostication,1,1,3.0
12025,programmatic,1,1,3.0
12026,progranulin,1,1,3.0
12027,progressing,1,1,3.0
12028,prohibited,1,1,3.0
12029,proinflammatory,1,1,3.0
12030,projection,1,1,3.0
12031,projects,1,1,3.0
12032,prolactin,1,1,3.0
12033,prolific,1,1,3.0
12034,prolongation,1,1,3.0
12035,prolongs,1,1,3.0
12036,prominently,1,1,3.0
12037,promises,1,1,3.0
12038,promotemitophagic,1,1,3.0
12039,prompting,1,1,3.0
12040,promptly,1,1,3.0
12041,promyelocyte,1,1,3.0
12042,pronged,1,1,3.0
12043,propagate,1,1,3.0
12044,propanoate,1,1,3.0
12045,propanoic,1,1,3.0
12046,propelled,1,1,3.0
12047,proportionately,1,1,3.0
12048,proposals,1,1,3.0
12049,propositions,1,1,3.0
12050,proprotein,1,1,3.0
12051,proquest,1,1,3.0
12052,pros,1,1,3.0
12053,prospects,1,1,3.0
12054,protease,1,1,3.0
12055,protects,1,1,3.0
12056,proteostatic,1,1,3.0
12057,proteotoxicity,1,1,3.0
12058,prototypical,1,1,3.0
12059,prove,1,1,3.0
12060,proved,1,1,3.0
12061,provinces,1,1,3.0
12062,provocative,1,1,3.0
12063,proxies,1,1,3.0
12064,proximity,1,1,3.0
12065,prp,1,1,3.0
12066,prurigo,1,1,3.0
12067,pruritic,1,1,3.0
12068,pseudonymised,1,1,3.0
12069,pseudopapilloedema,1,1,3.0
12070,psg,1,1,3.0
12071,psychedelic,1,1,3.0
12072,psychedelics,1,1,3.0
12073,psychinfo,1,1,3.0
12074,psychodietetics,1,1,3.0
12075,psychomotor,1,1,3.0
12076,psychopathological,1,1,3.0
12077,psychopharmacological,1,1,3.0
12078,psychosis,1,1,3.0
12079,psychostimulants,1,1,3.0
12080,psychotherapy,1,1,3.0
12081,psychotropics,1,1,3.0
12082,psycinfo,1,1,3.0
12083,pth,1,1,3.0
12084,pufa,1,1,3.0
12085,pufas,1,1,3.0
12086,puget,1,1,3.0
12087,pull,1,1,3.0
12088,pullulan,1,1,3.0
12089,pulsatility,1,1,3.0
12090,pumps,1,1,3.0
12091,puncture,1,1,3.0
12092,pupil,1,1,3.0
12093,purchasable,1,1,3.0
12094,purchase,1,1,3.0
12095,purchased,1,1,3.0
12096,purchasing,1,1,3.0
12097,pure,1,1,3.0
12098,purification,1,1,3.0
12099,purine,1,1,3.0
12100,purkinje,1,1,3.0
12101,purported,1,1,3.0
12102,pursue,1,1,3.0
12103,pursued,1,1,3.0
12104,pushing,1,1,3.0
12105,pwt2d,1,1,3.0
12106,pycard,1,1,3.0
12107,pyd,1,1,3.0
12108,pyridoxamine,1,1,3.0
12109,pyrimidine,1,1,3.0
12110,q1,1,1,3.0
12111,q2,1,1,3.0
12112,q48,1,1,3.0
12113,q48h,1,1,3.0
12114,qf,1,1,3.0
12115,qrt,1,1,3.0
12116,qst,1,1,3.0
12117,qt,1,1,3.0
12118,quadriceps,1,1,3.0
12119,qualities,1,1,3.0
12120,quantifiable,1,1,3.0
12121,quantifies,1,1,3.0
12122,quantitation,1,1,3.0
12123,quantum,1,1,3.0
12124,quarters,1,1,3.0
12125,quartile,1,1,3.0
12126,questioned,1,1,3.0
12127,quit,1,1,3.0
12128,quite,1,1,3.0
12129,quote,1,1,3.0
12130,quoted,1,1,3.0
12131,r000055239,1,1,3.0
12132,r000055242,1,1,3.0
12133,r01ag023629,1,1,3.0
12134,r01hl144483,1,1,3.0
12135,r01hl146145,1,1,3.0
12136,r01hl172803,1,1,3.0
12137,r12,1,1,3.0
12138,r5,1,1,3.0
12139,radioactive,1,1,3.0
12140,radiotracers,1,1,3.0
12141,ram,1,1,3.0
12142,raman,1,1,3.0
12143,rams,1,1,3.0
12144,ran,1,1,3.0
12145,ranitidine,1,1,3.0
12146,ranks,1,1,3.0
12147,rarer,1,1,3.0
12148,rash,1,1,3.0
12149,rasis,1,1,3.0
12150,rating,1,1,3.0
12151,rationales,1,1,3.0
12152,rationalized,1,1,3.0
12153,rationally,1,1,3.0
12154,rationing,1,1,3.0
12155,raw264,1,1,3.0
12156,rbd,1,1,3.0
12157,rcc,1,1,3.0
12158,reactivation,1,1,3.0
12159,reader,1,1,3.0
12160,reading,1,1,3.0
12161,realise,1,1,3.0
12162,realised,1,1,3.0
12163,realizing,1,1,3.0
12164,reanalyzed,1,1,3.0
12165,rearrangements,1,1,3.0
12166,reasonably,1,1,3.0
12167,reassignment,1,1,3.0
12168,rebounded,1,1,3.0
12169,recalculation,1,1,3.0
12170,recall,1,1,3.0
12171,recalled,1,1,3.0
12172,recalls,1,1,3.0
12173,receives,1,1,3.0
12174,recipient,1,1,3.0
12175,reciprocal,1,1,3.0
12176,reclaim,1,1,3.0
12177,reclassify,1,1,3.0
12178,recognisable,1,1,3.0
12179,recognising,1,1,3.0
12180,recognizes,1,1,3.0
12181,recolonization,1,1,3.0
12182,reconcilable,1,1,3.0
12183,reconcile,1,1,3.0
12184,reconciliation,1,1,3.0
12185,reconfigure,1,1,3.0
12186,reconfigures,1,1,3.0
12187,reconstruct,1,1,3.0
12188,reconstructive,1,1,3.0
12189,reconstructs,1,1,3.0
12190,recordings,1,1,3.0
12191,recoveries,1,1,3.0
12192,recruiting,1,1,3.0
12193,recruits,1,1,3.0
12194,rectal,1,1,3.0
12195,recurrences,1,1,3.0
12196,recycling,1,1,3.0
12197,reddit,1,1,3.0
12198,reductionist,1,1,3.0
12199,refer,1,1,3.0
12200,referable,1,1,3.0
12201,refinement,1,1,3.0
12202,refining,1,1,3.0
12203,reflection,1,1,3.0
12204,refraction,1,1,3.0
12205,reframes,1,1,3.0
12206,refresh,1,1,3.0
12207,refute,1,1,3.0
12208,refuted,1,1,3.0
12209,regenerate,1,1,3.0
12210,registrated,1,1,3.0
12211,registrations,1,1,3.0
12212,regularly,1,1,3.0
12213,rehearsed,1,1,3.0
12214,reimbursed,1,1,3.0
12215,reinforce,1,1,3.0
12216,reinforces,1,1,3.0
12217,reinstated,1,1,3.0
12218,reinstatement,1,1,3.0
12219,reintervention,1,1,3.0
12220,reintroduced,1,1,3.0
12221,rejecting,1,1,3.0
12222,rejects,1,1,3.0
12223,rejuvenation,1,1,3.0
12224,relating,1,1,3.0
12225,relays,1,1,3.0
12226,releases,1,1,3.0
12227,releasing,1,1,3.0
12228,relied,1,1,3.0
12229,rem,1,1,3.0
12230,remainder,1,1,3.0
12231,remarkably,1,1,3.0
12232,remediation,1,1,3.0
12233,remimazolam,1,1,3.0
12234,remnant,1,1,3.0
12235,remotely,1,1,3.0
12236,remove,1,1,3.0
12237,removing,1,1,3.0
12238,ren,1,1,3.0
12239,rencofilstat,1,1,3.0
12240,renewal,1,1,3.0
12241,renji,1,1,3.0
12242,reorganized,1,1,3.0
12243,reorient,1,1,3.0
12244,repaglinide,1,1,3.0
12245,repeatedly,1,1,3.0
12246,repeating,1,1,3.0
12247,reperfusion,1,1,3.0
12248,repetitive,1,1,3.0
12249,replaced,1,1,3.0
12250,replenished,1,1,3.0
12251,replenishment,1,1,3.0
12252,reportedly,1,1,3.0
12253,repression,1,1,3.0
12254,repressor,1,1,3.0
12255,reproduce,1,1,3.0
12256,reproducibly,1,1,3.0
12257,reprograming,1,1,3.0
12258,reprograms,1,1,3.0
12259,repulsive,1,1,3.0
12260,requests,1,1,3.0
12261,resamples,1,1,3.0
12262,rescaled,1,1,3.0
12263,rescues,1,1,3.0
12264,rescuing,1,1,3.0
12265,researched,1,1,3.0
12266,researches,1,1,3.0
12267,resection,1,1,3.0
12268,resemble,1,1,3.0
12269,resembling,1,1,3.0
12270,resent,1,1,3.0
12271,reserving,1,1,3.0
12272,reset,1,1,3.0
12273,reside,1,1,3.0
12274,resident,1,1,3.0
12275,residing,1,1,3.0
12276,residue,1,1,3.0
12277,resist,1,1,3.0
12278,resists,1,1,3.0
12279,resmetiron,1,1,3.0
12280,resolves,1,1,3.0
12281,resolving,1,1,3.0
12282,respirometer,1,1,3.0
12283,respond,1,1,3.0
12284,responsibility,1,1,3.0
12285,restabilisation,1,1,3.0
12286,restorative,1,1,3.0
12287,restricting,1,1,3.0
12288,restrictive,1,1,3.0
12289,restructuring,1,1,3.0
12290,results608,1,1,3.0
12291,resultsa,1,1,3.0
12292,resultsamong,1,1,3.0
12293,resultsdemonstrate,1,1,3.0
12294,resultsglp,1,1,3.0
12295,resultshigher,1,1,3.0
12296,resultsthe,1,1,3.0
12297,resumption,1,1,3.0
12298,resurgence,1,1,3.0
12299,retears,1,1,3.0
12300,retina,1,1,3.0
12301,retinoids,1,1,3.0
12302,retrieval,1,1,3.0
12303,returning,1,1,3.0
12304,reuptake,1,1,3.0
12305,reusing,1,1,3.0
12306,reuteri,1,1,3.0
12307,reverses,1,1,3.0
12308,reversibly,1,1,3.0
12309,revert,1,1,3.0
12310,reviewer,1,1,3.0
12311,reviewing,1,1,3.0
12312,revisional,1,1,3.0
12313,revisits,1,1,3.0
12314,revman,1,1,3.0
12315,revolutionizing,1,1,3.0
12316,rewind,1,1,3.0
12317,rewiring,1,1,3.0
12318,rewriting,1,1,3.0
12319,rezdiffra,1,1,3.0
12320,rfr,1,1,3.0
12321,rfrs,1,1,3.0
12322,rfs,1,1,3.0
12323,rgcvia,1,1,3.0
12324,rheumatic,1,1,3.0
12325,rheumatoid,1,1,3.0
12326,rheumatoidarthritis,1,1,3.0
12327,rhythms,1,1,3.0
12328,ribonucleic,1,1,3.0
12329,ribonucleotides,1,1,3.0
12330,riboside,1,1,3.0
12331,richness,1,1,3.0
12332,rifamycin,1,1,3.0
12333,rife,1,1,3.0
12334,rigor,1,1,3.0
12335,rigorously,1,1,3.0
12336,rip,1,1,3.0
12337,ripe,1,1,3.0
12338,ripk3,1,1,3.0
12339,risking,1,1,3.0
12340,risky,1,1,3.0
12341,rival,1,1,3.0
12342,rivals,1,1,3.0
12343,riyadh,1,1,3.0
12344,riz,1,1,3.0
12345,rizatriptan,1,1,3.0
12346,rnas,1,1,3.0
12347,rob2,1,1,3.0
12348,rockwood,1,1,3.0
12349,rodentium,1,1,3.0
12350,rolipram,1,1,3.0
12351,romboutsia,1,1,3.0
12352,roots,1,1,3.0
12353,roscohumeanols,1,1,3.0
12354,roughly,1,1,3.0
12355,round,1,1,3.0
12356,routines,1,1,3.0
12357,rps6,1,1,3.0
12358,rs13429709,1,1,3.0
12359,rs156003,1,1,3.0
12360,rs17574,1,1,3.0
12361,rs2235868,1,1,3.0
12362,rsn,1,1,3.0
12363,rst25n,1,1,3.0
12364,ruboxistaurin,1,1,3.0
12365,ruled,1,1,3.0
12366,ruminants,1,1,3.0
12367,ruminococcaceae,1,1,3.0
12368,running,1,1,3.0
12369,runtime,1,1,3.0
12370,rvx,1,1,3.0
12371,ryanodine,1,1,3.0
12372,ryr2,1,1,3.0
12373,r²,1,1,3.0
12374,s1p,1,1,3.0
12375,s1p1,1,1,3.0
12376,s6,1,1,3.0
12377,saccharolytic,1,1,3.0
12378,saccharomyces,1,1,3.0
12379,sachet,1,1,3.0
12380,sachets,1,1,3.0
12381,sacubitril,1,1,3.0
12382,sad,1,1,3.0
12383,safeguards,1,1,3.0
12384,salacia,1,1,3.0
12385,sales,1,1,3.0
12386,saligenin,1,1,3.0
12387,salty,1,1,3.0
12388,salud,1,1,3.0
12389,sameness,1,1,3.0
12390,sanger,1,1,3.0
12391,sanghuangporus,1,1,3.0
12392,sar,1,1,3.0
12393,sarcolemmal,1,1,3.0
12394,sas,1,1,3.0
12395,saving,1,1,3.0
12396,savings,1,1,3.0
12397,saw,1,1,3.0
12398,sax,1,1,3.0
12399,saxenda,1,1,3.0
12400,saxs,1,1,3.0
12401,sbm,1,1,3.0
12402,scalability,1,1,3.0
12403,scaled,1,1,3.0
12404,scarcely,1,1,3.0
12405,scattered,1,1,3.0
12406,scavenged,1,1,3.0
12407,scd,1,1,3.0
12408,schedule,1,1,3.0
12409,scheduler,1,1,3.0
12410,schedules,1,1,3.0
12411,scid,1,1,3.0
12412,scientifically,1,1,3.0
12413,scintigraphic,1,1,3.0
12414,scintigraphy,1,1,3.0
12415,sciwind,1,1,3.0
12416,sclerostin,1,1,3.0
12417,score2,1,1,3.0
12418,screenings,1,1,3.0
12419,screens,1,1,3.0
12420,sctr,1,1,3.0
12421,scx,1,1,3.0
12422,sds,1,1,3.0
12423,seasonings,1,1,3.0
12424,seborrheic,1,1,3.0
12425,secondarily,1,1,3.0
12426,secret,1,1,3.0
12427,secretagogic,1,1,3.0
12428,secretomes,1,1,3.0
12429,sectors,1,1,3.0
12430,secukinumab,1,1,3.0
12431,secular,1,1,3.0
12432,security,1,1,3.0
12433,sedative,1,1,3.0
12434,sedimentation,1,1,3.0
12435,seekers,1,1,3.0
12436,seem,1,1,3.0
12437,segmental,1,1,3.0
12438,segregation,1,1,3.0
12439,sell,1,1,3.0
12440,selonsertib,1,1,3.0
12441,semiannual,1,1,3.0
12442,seminal,1,1,3.0
12443,seminar,1,1,3.0
12444,seminars,1,1,3.0
12445,seminiferous,1,1,3.0
12446,seniors,1,1,3.0
12447,senomorphic,1,1,3.0
12448,sensations,1,1,3.0
12449,sensed,1,1,3.0
12450,sent,1,1,3.0
12451,sentiment,1,1,3.0
12452,sentiments,1,1,3.0
12453,sentinel,1,1,3.0
12454,seoul,1,1,3.0
12455,separating,1,1,3.0
12456,ser235,1,1,3.0
12457,ser236,1,1,3.0
12458,ser31,1,1,3.0
12459,ser9,1,1,3.0
12460,sera,1,1,3.0
12461,serca2a,1,1,3.0
12462,serendipitous,1,1,3.0
12463,serially,1,1,3.0
12464,serotonin,1,1,3.0
12465,ses,1,1,3.0
12466,settled,1,1,3.0
12467,seventeen,1,1,3.0
12468,sexually,1,1,3.0
12469,sgc,1,1,3.0
12470,sgl2,1,1,3.0
12471,sglt1,1,1,3.0
12472,sh,1,1,3.0
12473,shams,1,1,3.0
12474,shannon,1,1,3.0
12475,shanxi,1,1,3.0
12476,shaping,1,1,3.0
12477,shapley,1,1,3.0
12478,shareholder,1,1,3.0
12479,sharjah,1,1,3.0
12480,sharp,1,1,3.0
12481,sharpness,1,1,3.0
12482,shemountain,1,1,3.0
12483,shigella,1,1,3.0
12484,shipt,1,1,3.0
12485,shocks,1,1,3.0
12486,shoot,1,1,3.0
12487,shopper,1,1,3.0
12488,shore,1,1,3.0
12489,shortened,1,1,3.0
12490,shortens,1,1,3.0
12491,shortform,1,1,3.0
12492,shotgun,1,1,3.0
12493,shoulder,1,1,3.0
12494,showcasing,1,1,3.0
12495,shrinker,1,1,3.0
12496,shrs,1,1,3.0
12497,sickest,1,1,3.0
12498,sickle,1,1,3.0
12499,sidik,1,1,3.0
12500,sigma,1,1,3.0
12501,sign,1,1,3.0
12502,signaled,1,1,3.0
12503,signify,1,1,3.0
12504,siloed,1,1,3.0
12505,singhealth,1,1,3.0
12506,singleton,1,1,3.0
12507,sinking,1,1,3.0
12508,sino,1,1,3.0
12509,sinopulmonary,1,1,3.0
12510,sinusitis,1,1,3.0
12511,sinusoidal,1,1,3.0
12512,sirius,1,1,3.0
12513,sirt,1,1,3.0
12514,sirt7,1,1,3.0
12515,sitosterol,1,1,3.0
12516,six3,1,1,3.0
12517,skewed,1,1,3.0
12518,skills,1,1,3.0
12519,sl,1,1,3.0
12520,slaughter,1,1,3.0
12521,slc25a33,1,1,3.0
12522,slc2a2,1,1,3.0
12523,slc5a2,1,1,3.0
12524,sleeping,1,1,3.0
12525,slight,1,1,3.0
12526,slimness,1,1,3.0
12527,slns,1,1,3.0
12528,slower,1,1,3.0
12529,smallest,1,1,3.0
12530,snacks,1,1,3.0
12531,snapshot,1,1,3.0
12532,snp,1,1,3.0
12533,sns,1,1,3.0
12534,sociability,1,1,3.0
12535,societies,1,1,3.0
12536,socioeconomically,1,1,3.0
12537,sociomedical,1,1,3.0
12538,sociopolitical,1,1,3.0
12539,softened,1,1,3.0
12540,soil,1,1,3.0
12541,soleus,1,1,3.0
12542,solitary,1,1,3.0
12543,solriamfetol,1,1,3.0
12544,solutions,1,1,3.0
12545,solvent,1,1,3.0
12546,solvents,1,1,3.0
12547,sometimes,1,1,3.0
12548,somnolence,1,1,3.0
12549,soon,1,1,3.0
12550,sorted,1,1,3.0
12551,sortilin,1,1,3.0
12552,sost,1,1,3.0
12553,sound,1,1,3.0
12554,sounds,1,1,3.0
12555,sox4,1,1,3.0
12556,soybean,1,1,3.0
12557,sp,1,1,3.0
12558,span,1,1,3.0
12559,spanned,1,1,3.0
12560,sparing,1,1,3.0
12561,spark,1,1,3.0
12562,speaking,1,1,3.0
12563,spearman,1,1,3.0
12564,specialists,1,1,3.0
12565,specialities,1,1,3.0
12566,specialization,1,1,3.0
12567,specializing,1,1,3.0
12568,specify,1,1,3.0
12569,spectacles,1,1,3.0
12570,spectrofluorometric,1,1,3.0
12571,spectrophotometry,1,1,3.0
12572,spectroscopically,1,1,3.0
12573,speculate,1,1,3.0
12574,speculative,1,1,3.0
12575,speeds,1,1,3.0
12576,spending,1,1,3.0
12577,spent,1,1,3.0
12578,spermidine,1,1,3.0
12579,spherically,1,1,3.0
12580,sphingolipid,1,1,3.0
12581,sphingolipids,1,1,3.0
12582,spices,1,1,3.0
12583,spiked,1,1,3.0
12584,spillover,1,1,3.0
12585,spiro,1,1,3.0
12586,spirocyclic,1,1,3.0
12587,splenic,1,1,3.0
12588,split,1,1,3.0
12589,splitting,1,1,3.0
12590,sponges,1,1,3.0
12591,sponging,1,1,3.0
12592,sponsored,1,1,3.0
12593,spo₂,1,1,3.0
12594,spss,1,1,3.0
12595,spurred,1,1,3.0
12596,sputum,1,1,3.0
12597,srlc,1,1,3.0
12598,ss,1,1,3.0
12599,ss2,1,1,3.0
12600,sstr5,1,1,3.0
12601,st,1,1,3.0
12602,st25l,1,1,3.0
12603,st25n,1,1,3.0
12604,stabilisation,1,1,3.0
12605,stabilised,1,1,3.0
12606,stabilises,1,1,3.0
12607,stably,1,1,3.0
12608,stack,1,1,3.0
12609,staffing,1,1,3.0
12610,stagger,1,1,3.0
12611,stagnated,1,1,3.0
12612,stainings,1,1,3.0
12613,stakeholders,1,1,3.0
12614,stalk,1,1,3.0
12615,standardisation,1,1,3.0
12616,standing,1,1,3.0
12617,stands,1,1,3.0
12618,stapling,1,1,3.0
12619,stars,1,1,3.0
12620,stat,1,1,3.0
12621,stata,1,1,3.0
12622,statewide,1,1,3.0
12623,station,1,1,3.0
12624,stations,1,1,3.0
12625,statistician,1,1,3.0
12626,stature,1,1,3.0
12627,statute,1,1,3.0
12628,stays,1,1,3.0
12629,steadily,1,1,3.0
12630,stearic,1,1,3.0
12631,steep,1,1,3.0
12632,steeper,1,1,3.0
12633,steeply,1,1,3.0
12634,stemming,1,1,3.0
12635,stemness,1,1,3.0
12636,stems,1,1,3.0
12637,stenosis,1,1,3.0
12638,stent,1,1,3.0
12639,steroidogenic,1,1,3.0
12640,steroids,1,1,3.0
12641,sterol,1,1,3.0
12642,stigmatized,1,1,3.0
12643,stimulatin,1,1,3.0
12644,stinging,1,1,3.0
12645,stock,1,1,3.0
12646,stool,1,1,3.0
12647,stop,1,1,3.0
12648,stopped,1,1,3.0
12649,stores,1,1,3.0
12650,strategiesfundingthe,1,1,3.0
12651,stratifications,1,1,3.0
12652,stratum,1,1,3.0
12653,streamline,1,1,3.0
12654,streamlined,1,1,3.0
12655,strengthened,1,1,3.0
12656,strengthens,1,1,3.0
12657,stressed,1,1,3.0
12658,stressor,1,1,3.0
12659,stressors,1,1,3.0
12660,striatum,1,1,3.0
12661,striking,1,1,3.0
12662,strikingly,1,1,3.0
12663,stringent,1,1,3.0
12664,strobe,1,1,3.0
12665,stzr,1,1,3.0
12666,subacute,1,1,3.0
12667,subcellular,1,1,3.0
12668,subchondral,1,1,3.0
12669,subcortical,1,1,3.0
12670,subdistribution,1,1,3.0
12671,subendocardial,1,1,3.0
12672,submitted,1,1,3.0
12673,subscale,1,1,3.0
12674,subscales,1,1,3.0
12675,subscore,1,1,3.0
12676,subsidies,1,1,3.0
12677,subsidy,1,1,3.0
12678,substantia,1,1,3.0
12679,substitute,1,1,3.0
12680,substitutedphenyl,1,1,3.0
12681,substitutes,1,1,3.0
12682,substituting,1,1,3.0
12683,subverted,1,1,3.0
12684,succinate,1,1,3.0
12685,suctioning,1,1,3.0
12686,suffered,1,1,3.0
12687,sufficiency,1,1,3.0
12688,sufficiently,1,1,3.0
12689,sulfoxide,1,1,3.0
12690,sulodexide,1,1,3.0
12691,sulphate,1,1,3.0
12692,sulphonylurea,1,1,3.0
12693,summaries,1,1,3.0
12694,summarise,1,1,3.0
12695,summarizing,1,1,3.0
12696,sunk,1,1,3.0
12697,sunrouge,1,1,3.0
12698,superecliptic,1,1,3.0
12699,superfocus,1,1,3.0
12700,superlearner,1,1,3.0
12701,superseded,1,1,3.0
12702,supervision,1,1,3.0
12703,supplementing,1,1,3.0
12704,supplied,1,1,3.0
12705,suppressant,1,1,3.0
12706,suppressor,1,1,3.0
12707,supramolecular,1,1,3.0
12708,supraphysiological,1,1,3.0
12709,sural,1,1,3.0
12710,surfaces,1,1,3.0
12711,surge,1,1,3.0
12712,surging,1,1,3.0
12713,surpassing,1,1,3.0
12714,surround,1,1,3.0
12715,surrounded,1,1,3.0
12716,surrounds,1,1,3.0
12717,survive,1,1,3.0
12718,surviving,1,1,3.0
12719,survivor,1,1,3.0
12720,sustainably,1,1,3.0
12721,sustains,1,1,3.0
12722,sweets,1,1,3.0
12723,swiftly,1,1,3.0
12724,swiss,1,1,3.0
12725,switches,1,1,3.0
12726,sydney,1,1,3.0
12727,symbiotic,1,1,3.0
12728,symmetrical,1,1,3.0
12729,symmetry,1,1,3.0
12730,sympathomimetic,1,1,3.0
12731,symposium,1,1,3.0
12732,synbiotic,1,1,3.0
12733,synchronize,1,1,3.0
12734,syncollin,1,1,3.0
12735,syndromic,1,1,3.0
12736,synonymous,1,1,3.0
12737,synthesizer,1,1,3.0
12738,syrcle,1,1,3.0
12739,systemically,1,1,3.0
12740,t3165,1,1,3.0
12741,ta,1,1,3.0
12742,tables,1,1,3.0
12743,tackling,1,1,3.0
12744,tagged,1,1,3.0
12745,tags,1,1,3.0
12746,tail,1,1,3.0
12747,tailor,1,1,3.0
12748,tailoring,1,1,3.0
12749,tanlab,1,1,3.0
12750,tannic,1,1,3.0
12751,tapering,1,1,3.0
12752,tartrate,1,1,3.0
12753,tasks,1,1,3.0
12754,taurocholic,1,1,3.0
12755,taurolithocholate,1,1,3.0
12756,taxon,1,1,3.0
12757,taxonomic,1,1,3.0
12758,taxonomy,1,1,3.0
12759,tbil,1,1,3.0
12760,tca,1,1,3.0
12761,tcf7l2,1,1,3.0
12762,tcho,1,1,3.0
12763,tcm,1,1,3.0
12764,td2m,1,1,3.0
12765,tdd,1,1,3.0
12766,te,1,1,3.0
12767,teaching,1,1,3.0
12768,teae,1,1,3.0
12769,technetium,1,1,3.0
12770,teeth,1,1,3.0
12771,telemonitoring,1,1,3.0
12772,telephone,1,1,3.0
12773,telopeptide,1,1,3.0
12774,templates,1,1,3.0
12775,temporality,1,1,3.0
12776,temporarily,1,1,3.0
12777,temporary,1,1,3.0
12778,tendency,1,1,3.0
12779,tenogenic,1,1,3.0
12780,tensin,1,1,3.0
12781,tensions,1,1,3.0
12782,teratogenic,1,1,3.0
12783,teratogenicity,1,1,3.0
12784,terazosin,1,1,3.0
12785,termination,1,1,3.0
12786,terrors,1,1,3.0
12787,tertiles,1,1,3.0
12788,testers,1,1,3.0
12789,testes,1,1,3.0
12790,testicular,1,1,3.0
12791,testis,1,1,3.0
12792,tetrachloride,1,1,3.0
12793,tetracyclines,1,1,3.0
12794,tetrahydrobiopterin,1,1,3.0
12795,tetranectin,1,1,3.0
12796,texts,1,1,3.0
12797,texture,1,1,3.0
12798,textured,1,1,3.0
12799,tezepelumab,1,1,3.0
12800,tga,1,1,3.0
12801,tgfb1,1,1,3.0
12802,tgfβ,1,1,3.0
12803,th1,1,1,3.0
12804,th17,1,1,3.0
12805,th2,1,1,3.0
12806,thalassaemia,1,1,3.0
12807,thalassemia,1,1,3.0
12808,thehangrywoman,1,1,3.0
12809,theories,1,1,3.0
12810,thereafter,1,1,3.0
12811,therefor,1,1,3.0
12812,thereof,1,1,3.0
12813,thermogenic,1,1,3.0
12814,thermogenics,1,1,3.0
12815,thiazolidinedione,1,1,3.0
12816,thiazolidinedionespiog,1,1,3.0
12817,thickening,1,1,3.0
12818,thinness,1,1,3.0
12819,thirst,1,1,3.0
12820,thorough,1,1,3.0
12821,thought,1,1,3.0
12822,threat,1,1,3.0
12823,threonine,1,1,3.0
12824,thresholded,1,1,3.0
12825,thrombectomy,1,1,3.0
12826,thrombo,1,1,3.0
12827,thromboinflammatory,1,1,3.0
12828,thromboprophylactic,1,1,3.0
12829,thymoquinone,1,1,3.0
12830,thyrotoxicosis,1,1,3.0
12831,tibetan,1,1,3.0
12832,tibial,1,1,3.0
12833,tied,1,1,3.0
12834,ties,1,1,3.0
12835,till,1,1,3.0
12836,tilt,1,1,3.0
12837,timepoint,1,1,3.0
12838,tip,1,1,3.0
12839,tips,1,1,3.0
12840,titles,1,1,3.0
12841,tjas,1,1,3.0
12842,tm1,1,1,3.0
12843,tm3,1,1,3.0
12844,tm4,1,1,3.0
12845,tm5,1,1,3.0
12846,tnt,1,1,3.0
12847,tolerable,1,1,3.0
12848,tolerant,1,1,3.0
12849,tomm20,1,1,3.0
12850,tonometry,1,1,3.0
12851,toolbox,1,1,3.0
12852,toolkit,1,1,3.0
12853,tooth,1,1,3.0
12854,topological,1,1,3.0
12855,topologies,1,1,3.0
12856,toronto,1,1,3.0
12857,tos,1,1,3.0
12858,tost,1,1,3.0
12859,totalling,1,1,3.0
12860,totals,1,1,3.0
12861,toughness,1,1,3.0
12862,toxinology,1,1,3.0
12863,tracers,1,1,3.0
12864,tracing,1,1,3.0
12865,tractable,1,1,3.0
12866,traction,1,1,3.0
12867,tradeoffs,1,1,3.0
12868,traditions,1,1,3.0
12869,transactivation,1,1,3.0
12870,transaminase,1,1,3.0
12871,transbuccal,1,1,3.0
12872,transcellular,1,1,3.0
12873,transcribed,1,1,3.0
12874,transcriptome,1,1,3.0
12875,transducers,1,1,3.0
12876,transferable,1,1,3.0
12877,transferase,1,1,3.0
12878,transfusion,1,1,3.0
12879,transfusions,1,1,3.0
12880,transgenic,1,1,3.0
12881,translatable,1,1,3.0
12882,translocase,1,1,3.0
12883,transmucosal,1,1,3.0
12884,transplanted,1,1,3.0
12885,transplants,1,1,3.0
12886,transporting,1,1,3.0
12887,transposase,1,1,3.0
12888,transsphenoidal,1,1,3.0
12889,transverse,1,1,3.0
12890,transwell,1,1,3.0
12891,trap,1,1,3.0
12892,trapezoidal,1,1,3.0
12893,treatise,1,1,3.0
12894,tregs,1,1,3.0
12895,tremendous,1,1,3.0
12896,trended,1,1,3.0
12897,tri,1,1,3.0
12898,triaging,1,1,3.0
12899,trialling,1,1,3.0
12900,trifluoromethyl,1,1,3.0
12901,trigonella,1,1,3.0
12902,triiodothyronine,1,1,3.0
12903,trim,1,1,3.0
12904,trim63,1,1,3.0
12905,trimethylamine,1,1,3.0
12906,trimming,1,1,3.0
12907,tripartite,1,1,3.0
12908,triphosphate,1,1,3.0
12909,triplet,1,1,3.0
12910,trophic,1,1,3.0
12911,tropomyosin,1,1,3.0
12912,trp,1,1,3.0
12913,trpv1,1,1,3.0
12914,trust,1,1,3.0
12915,trying,1,1,3.0
12916,tslp,1,1,3.0
12917,ttt1,1,1,3.0
12918,tu,1,1,3.0
12919,tubule,1,1,3.0
12920,tubuloglomerular,1,1,3.0
12921,tubuloids,1,1,3.0
12922,tumorigenesis,1,1,3.0
12923,tunel,1,1,3.0
12924,tunnels,1,1,3.0
12925,turbinates,1,1,3.0
12926,turing,1,1,3.0
12927,turmeric,1,1,3.0
12928,tv,1,1,3.0
12929,tyg,1,1,3.0
12930,tyk2,1,1,3.0
12931,tympanometry,1,1,3.0
12932,type2,1,1,3.0
12933,tyr,1,1,3.0
12934,tyr202,1,1,3.0
12935,tyr2052,1,1,3.0
12936,tyr297asp,1,1,3.0
12937,tyr315,1,1,3.0
12938,tzd,1,1,3.0
12939,tβ,1,1,3.0
12940,u01hl080295,1,1,3.0
12941,u01hl130114,1,1,3.0
12942,uae,1,1,3.0
12943,ucp2,1,1,3.0
12944,uhmwpe,1,1,3.0
12945,uhplc,1,1,3.0
12946,ukpds,1,1,3.0
12947,ulceration,1,1,3.0
12948,ultimate,1,1,3.0
12949,ultrasonography,1,1,3.0
12950,ultrastructural,1,1,3.0
12951,ultrastructure,1,1,3.0
12952,ultraviolet,1,1,3.0
12953,umbrella,1,1,3.0
12954,umin000048469,1,1,3.0
12955,umin000048471,1,1,3.0
12956,unacceptably,1,1,3.0
12957,unaffected,1,1,3.0
12958,unaffordable,1,1,3.0
12959,unanesthetized,1,1,3.0
12960,unattempted,1,1,3.0
12961,unbiased,1,1,3.0
12962,unchecked,1,1,3.0
12963,unconfounded,1,1,3.0
12964,uncontrollable,1,1,3.0
12965,uncoupled,1,1,3.0
12966,undated,1,1,3.0
12967,underdeveloped,1,1,3.0
12968,underdocumented,1,1,3.0
12969,underestimated,1,1,3.0
12970,underestimation,1,1,3.0
12971,underevaluated,1,1,3.0
12972,underlining,1,1,3.0
12973,undermines,1,1,3.0
12974,undernutrition,1,1,3.0
12975,underpinnings,1,1,3.0
12976,underrealized,1,1,3.0
12977,underscored,1,1,3.0
12978,understandable,1,1,3.0
12979,understandings,1,1,3.0
12980,understudied,1,1,3.0
12981,undertake,1,1,3.0
12982,undertaken,1,1,3.0
12983,undertreated,1,1,3.0
12984,underused,1,1,3.0
12985,underutilised,1,1,3.0
12986,underwater,1,1,3.0
12987,undetermined,1,1,3.0
12988,undifferentiated,1,1,3.0
12989,undisclosed,1,1,3.0
12990,undoubtedly,1,1,3.0
12991,unequal,1,1,3.0
12992,unexpectedly,1,1,3.0
12993,unexplained,1,1,3.0
12994,unfamiliar,1,1,3.0
12995,unfamiliarity,1,1,3.0
12996,unfavorable,1,1,3.0
12997,unfavourable,1,1,3.0
12998,unfolding,1,1,3.0
12999,unfortunately,1,1,3.0
13000,unfractionated,1,1,3.0
13001,uni,1,1,3.0
13002,unimpaired,1,1,3.0
13003,unimpairment,1,1,3.0
13004,union,1,1,3.0
13005,unite,1,1,3.0
13006,universities,1,1,3.0
13007,unlabelled,1,1,3.0
13008,unless,1,1,3.0
13009,unliteral,1,1,3.0
13010,unmarried,1,1,3.0
13011,unopposed,1,1,3.0
13012,unordered,1,1,3.0
13013,unpeeled,1,1,3.0
13014,unprompted,1,1,3.0
13015,unravelling,1,1,3.0
13016,unrealistic,1,1,3.0
13017,unrecognized,1,1,3.0
13018,unrefreshing,1,1,3.0
13019,unrelated,1,1,3.0
13020,unreliable,1,1,3.0
13021,unremarkable,1,1,3.0
13022,unremitted,1,1,3.0
13023,unreplicated,1,1,3.0
13024,unreported,1,1,3.0
13025,unrestrained,1,1,3.0
13026,unsatisfactory,1,1,3.0
13027,unsaturated,1,1,3.0
13028,unsettled,1,1,3.0
13029,unspecified,1,1,3.0
13030,unstandardized,1,1,3.0
13031,unsuitable,1,1,3.0
13032,unsupervised,1,1,3.0
13033,unsustained,1,1,3.0
13034,unusual,1,1,3.0
13035,unveil,1,1,3.0
13036,unveils,1,1,3.0
13037,unwell,1,1,3.0
13038,updating,1,1,3.0
13039,upregulate,1,1,3.0
13040,upregulates,1,1,3.0
13041,uptitrated,1,1,3.0
13042,uraemic,1,1,3.0
13043,urate,1,1,3.0
13044,urgency,1,1,3.0
13045,uric,1,1,3.0
13046,url,1,1,3.0
13047,ursodeoxycholic,1,1,3.0
13048,urticaria,1,1,3.0
13049,usefully,1,1,3.0
13050,username,1,1,3.0
13051,usp14,1,1,3.0
13052,uterine,1,1,3.0
13053,utilising,1,1,3.0
13054,uveitis,1,1,3.0
13055,v0,1,1,3.0
13056,v10,1,1,3.0
13057,vagally,1,1,3.0
13058,vaginal,1,1,3.0
13059,valorization,1,1,3.0
13060,valsartan,1,1,3.0
13061,valued,1,1,3.0
13062,variably,1,1,3.0
13063,variously,1,1,3.0
13064,vas,1,1,3.0
13065,vascularity,1,1,3.0
13066,vasculature,1,1,3.0
13067,vasculopathy,1,1,3.0
13068,vaso,1,1,3.0
13069,vasomotor,1,1,3.0
13070,vasopressin,1,1,3.0
13071,vasoprotective,1,1,3.0
13072,vasovagal,1,1,3.0
13073,vast,1,1,3.0
13074,vdac1,1,1,3.0
13075,vector,1,1,3.0
13076,vegetarian,1,1,3.0
13077,vehicles,1,1,3.0
13078,veillonella,1,1,3.0
13079,velocity,1,1,3.0
13080,vendors,1,1,3.0
13081,venovenous,1,1,3.0
13082,ventromedial,1,1,3.0
13083,verasight,1,1,3.0
13084,verdict,1,1,3.0
13085,verifying,1,1,3.0
13086,vermis,1,1,3.0
13087,versus1,1,1,3.0
13088,vertebrates,1,1,3.0
13089,vertebroplasty,1,1,3.0
13090,vertigo,1,1,3.0
13091,vesicle,1,1,3.0
13092,vestibule,1,1,3.0
13093,vgat,1,1,3.0
13094,vi,1,1,3.0
13095,vial,1,1,3.0
13096,vials,1,1,3.0
13097,vicadrostat,1,1,3.0
13098,vicinity,1,1,3.0
13099,villi,1,1,3.0
13100,villin,1,1,3.0
13101,violent,1,1,3.0
13102,vip,1,1,3.0
13103,virchow,1,1,3.0
13104,virologically,1,1,3.0
13105,virtually,1,1,3.0
13106,virus,1,1,3.0
13107,viscosity,1,1,3.0
13108,visfatin,1,1,3.0
13109,visible,1,1,3.0
13110,visibly,1,1,3.0
13111,visited,1,1,3.0
13112,visualization,1,1,3.0
13113,vitamins,1,1,3.0
13114,vitroand,1,1,3.0
13115,vldl,1,1,3.0
13116,vmat2,1,1,3.0
13117,voltage,1,1,3.0
13118,volts,1,1,3.0
13119,volumetric,1,1,3.0
13120,vosviewer,1,1,3.0
13121,vta,1,1,3.0
13122,vtrna2,1,1,3.0
13123,vulgaris,1,1,3.0
13124,vying,1,1,3.0
13125,vδ1,1,1,3.0
13126,vδ2,1,1,3.0
13127,w237,1,1,3.0
13128,waited,1,1,3.0
13129,waiting,1,1,3.0
13130,wald,1,1,3.0
13131,wanfang,1,1,3.0
13132,warping,1,1,3.0
13133,watershed,1,1,3.0
13134,wave,1,1,3.0
13135,weakening,1,1,3.0
13136,weakens,1,1,3.0
13137,weakest,1,1,3.0
13138,weakness,1,1,3.0
13139,weapon,1,1,3.0
13140,weber,1,1,3.0
13141,website,1,1,3.0
13142,websites,1,1,3.0
13143,weibull,1,1,3.0
13144,weigh,1,1,3.0
13145,weissella,1,1,3.0
13146,welcomed,1,1,3.0
13147,wellbeing,1,1,3.0
13148,wellness,1,1,3.0
13149,wernicke,1,1,3.0
13150,westernized,1,1,3.0
13151,wet,1,1,3.0
13152,wfs1,1,1,3.0
13153,whenever,1,1,3.0
13154,whitney,1,1,3.0
13155,wider,1,1,3.0
13156,widowed,1,1,3.0
13157,wikim51,1,1,3.0
13158,wiley,1,1,3.0
13159,wire,1,1,3.0
13160,wise,1,1,3.0
13161,withdrawn,1,1,3.0
13162,withdrew,1,1,3.0
13163,withholding,1,1,3.0
13164,witnessed,1,1,3.0
13165,word,1,1,3.0
13166,wore,1,1,3.0
13167,workers,1,1,3.0
13168,workflows,1,1,3.0
13169,workload,1,1,3.0
13170,works,1,1,3.0
13171,workshops,1,1,3.0
13172,wp,1,1,3.0
13173,wrinkles,1,1,3.0
13174,writing,1,1,3.0
13175,wrvu,1,1,3.0
13176,wy,1,1,3.0
13177,xenobiotics,1,1,3.0
13178,xiaoji,1,1,3.0
13179,xiaoke,1,1,3.0
13180,xiiia,1,1,3.0
13181,xw003,1,1,3.0
13182,xylanibacter,1,1,3.0
13183,y2,1,1,3.0
13184,y240,1,1,3.0
13185,y2423,1,1,3.0
13186,y4,1,1,3.0
13187,y4r,1,1,3.0
13188,yearly,1,1,3.0
13189,yes,1,1,3.0
13190,ykl,1,1,3.0
13191,yme1l,1,1,3.0
13192,yohimbine,1,1,3.0
13193,yorkshire,1,1,3.0
13194,youden,1,1,3.0
13195,youtube,1,1,3.0
13196,yunpi,1,1,3.0
13197,zealand,1,1,3.0
13198,zebrafish,1,1,3.0
13199,zepbound,1,1,3.0
13200,zhao,1,1,3.0
13201,zhen,1,1,3.0
13202,zibotentan,1,1,3.0
13203,zilebesiran,1,1,3.0
13204,zo,1,1,3.0
13205,zone,1,1,3.0
13206,¹⁷,1,1,3.0
13207,α4β2,1,1,3.0
13208,α6β2,1,1,3.0
13209,δbw,1,1,3.0
13210,δcpeptide0,1,1,3.0
13211,δgatp,1,1,3.0
13212,δgluc0,1,1,3.0
13213,δglucose0,1,1,3.0
13214,δisr0,1,1,3.0
13215,δsmm,1,1,3.0
13216,ε4,1,1,3.0
13217,τ²,1,1,3.0
13218,χ²,1,1,3.0
13219,ω,1,1,3.0
13220,⁸,1,1,3.0
