rank,term,cf,df,idf
1,and,10666,997,0.0013048416883442802
2,the,6154,977,0.01010543628122691
3,of,5837,973,0.011887159731648084
4,in,4901,961,0.017276612331454597
5,1,4285,955,0.019996628416253655
6,with,4135,915,0.03857890593355177
7,to,3669,944,0.025028005701931054
8,a,3167,922,0.03526907894637068
9,glp,3052,766,0.11577123036739609
10,0,2779,414,0.3829996588791011
11,for,2263,860,0.0655015487564323
12,were,1872,570,0.24412514432750856
13,was,1713,590,0.2291479883578558
14,2,1434,617,0.2097148359667583
15,or,1374,567,0.2464169411070934
16,this,1230,751,0.12436006299583165
17,receptor,1210,798,0.09799710864927055
18,is,1157,618,0.2090115249111842
19,weight,1155,409,0.38827669199265824
20,as,1117,584,0.2335871528876005
21,patients,1096,405,0.3925449767853314
22,obesity,1086,484,0.3151546383555875
23,on,1076,587,0.23136189875238553
24,risk,1054,429,0.36754270781527576
25,by,1024,561,0.2510371387438386
26,associated,938,497,0.30364361126666783
27,that,933,517,0.2865094569060575
28,peptide,904,724,0.1402614338028531
29,metabolic,884,387,0.4122890349810886
30,95,874,267,0.5734887386354247
31,diabetes,867,531,0.2749054789185309
32,glucagon,859,718,0.14387555575769967
33,agonists,819,602,0.22040350874217546
34,like,818,722,0.1414628024303609
35,treatment,812,431,0.3655227298392684
36,ci,789,225,0.6478174818886375
37,p,780,232,0.6345120151091004
38,from,779,489,0.3106911408763798
39,we,777,477,0.3214816209598861
40,outcomes,762,394,0.4045037781744259
41,are,755,484,0.3151546383555875
42,these,727,515,0.288192770958809
43,effects,704,418,0.3788237182249648
44,clinical,688,420,0.37675070960209955
45,semaglutide,682,234,0.6307841425898572
46,evidence,668,381,0.4190750243243807
47,study,665,424,0.3726341434072674
48,3,663,325,0.4881166390211256
49,4,652,316,0.5003129173815962
50,use,647,313,0.5044556624535516
51,at,646,342,0.46597389394386496
52,disease,629,332,0.47886191629596375
53,glucose,627,345,0.46218090492672587
54,loss,619,280,0.5528419686577808
55,studies,596,315,0.5016894462103995
56,type,574,430,0.3665315444204135
57,not,573,367,0.4353339357479106
58,may,547,358,0.4461169733561256
59,an,542,395,0.4034029043735398
60,using,534,359,0.44490555142168087
61,5,521,252,0.5985994592184559
62,cardiovascular,521,215,0.6675615400843947
63,1ra,512,144,0.8416375079047503
64,therapy,508,261,0.583359492661719
65,based,491,307,0.5128616245228135
66,insulin,487,201,0.6968039425795111
67,between,482,327,0.4854522473397139
68,6,480,242,0.6161846340195687
69,including,472,360,0.44369749923271273
70,ra,468,145,0.8386319977650251
71,adults,461,263,0.5800442515102422
72,but,455,356,0.44855000202712486
73,be,443,298,0.5257837359237447
74,have,439,332,0.47886191629596375
75,1ras,426,161,0.7931741239681503
76,data,424,297,0.5272435506827877
77,trials,423,245,0.6108339156354675
78,included,422,281,0.5512936800949201
79,among,414,259,0.5867002359187482
80,their,408,306,0.51427857351842
81,related,405,277,0.5575202309355515
82,after,404,247,0.6073030467403343
83,analysis,400,258,0.5883802940367698
84,body,394,229,0.6401645176601121
85,review,390,310,0.5086383061657272
86,compared,387,243,0.6143937264016878
87,tirzepatide,381,139,0.8569851997459049
88,management,376,251,0.6003262785189618
89,ras,374,149,0.826813731587726
90,significant,374,250,0.6020599913279624
91,all,371,227,0.6439741428068773
92,kidney,368,131,0.8827287043442358
93,lower,367,213,0.6716203965612623
94,potential,364,282,0.5497508916806388
95,across,362,259,0.5867002359187482
96,inhibitors,349,194,0.712198270069774
97,findings,348,314,0.5030703519267851
98,8,343,199,0.7011469235902934
99,reduced,342,252,0.5985994592184559
100,7,341,187,0.7281583934635011
101,hr,339,87,1.0604807473813815
102,therapies,338,220,0.6575773191777938
103,increased,334,236,0.6270879970298935
104,agonist,331,256,0.5917600346881504
105,no,331,242,0.6161846340195687
106,health,325,231,0.6363880201078557
107,analyses,324,214,0.6695862266508091
108,mg,323,106,0.9746941347352298
109,while,323,265,0.5767541260631922
110,events,318,175,0.7569619513137056
111,adverse,315,206,0.6861327796308465
112,safety,315,191,0.7189666327522725
113,baseline,314,162,0.790484985457369
114,through,313,238,0.623423042943488
115,has,305,254,0.595166283380062
116,therapeutic,301,211,0.6757175447023074
117,9,299,172,0.7644715530924511
118,cohort,296,185,0.7328282715969862
119,years,294,183,0.7375489102695705
120,however,293,253,0.596879478824182
121,participants,292,136,0.8664610916297825
122,high,289,194,0.712198270069774
123,reduction,287,179,0.7471469690201068
124,than,279,212,0.6736641390712486
125,10,277,194,0.712198270069774
126,also,277,222,0.6536470255493614
127,12,276,166,0.7798919119599449
128,primary,275,207,0.6840296545430823
129,remains,275,251,0.6003262785189618
130,group,274,127,0.8961962790440432
131,vs,273,111,0.9546770212133426
132,liver,270,99,1.00436480540245
133,which,269,210,0.6777807052660807
134,control,268,202,0.6946486305533762
135,t2dm,268,102,0.9913998282380825
136,non,267,184,0.7351821769904635
137,both,265,219,0.6595558851598817
138,used,262,207,0.6840296545430823
139,drug,254,154,0.8124792791635369
140,higher,250,162,0.790484985457369
141,dysfunction,249,170,0.7695510786217261
142,n,249,117,0.9318141382538383
143,significantly,247,178,0.7495799976911061
144,its,246,185,0.7328282715969862
145,efficacy,245,193,0.7144426909922262
146,without,245,176,0.7544873321858502
147,dose,242,110,0.958607314841775
148,mechanisms,241,177,0.7520267336381934
149,bmi,237,110,0.958607314841775
150,term,236,164,0.7851561519523022
151,most,234,189,0.7235381958267558
152,specific,233,170,0.7695510786217261
153,surgery,233,98,1.0087739243075051
154,benefits,232,188,0.7258421507363202
155,gip,231,116,0.9355420107730815
156,incretin,231,121,0.9172146296835498
157,kg,230,126,0.8996294548824371
158,mass,230,144,0.8416375079047503
159,long,228,171,0.7670038896078462
160,t2d,228,77,1.1135092748275182
161,s,226,143,0.8446639625349383
162,further,225,209,0.679853713888946
163,showed,225,176,0.7544873321858502
164,chronic,224,182,0.7399286120149252
165,changes,222,155,0.8096683018297085
166,during,222,148,0.8297382846050426
167,year,222,119,0.9244530386074693
168,conducted,219,203,0.6925039620867871
169,limited,219,195,0.709965388637482
170,cell,218,105,0.978810700930062
171,mean,218,143,0.8446639625349383
172,mortality,217,107,0.9706162223147904
173,users,216,81,1.0915149811213503
174,assessed,215,180,0.7447274948966939
175,inflammatory,215,118,0.9281179926938746
176,signaling,213,115,0.9393021596463883
177,trial,213,142,0.8477116556169435
178,agents,212,164,0.7851561519523022
179,effect,212,161,0.7931741239681503
180,observed,212,172,0.7644715530924511
181,remain,212,196,0.707743928643524
182,1r,211,62,1.207608310501746
183,001,210,107,0.9706162223147904
184,placebo,210,79,1.1023729087095586
185,other,209,169,0.7721132953863264
186,patient,209,148,0.8297382846050426
187,care,206,134,0.8728952016351924
188,reported,206,135,0.8696662315049939
189,outcome,204,154,0.8124792791635369
190,up,204,153,0.8153085691824012
191,versus,203,111,0.9546770212133426
192,dual,202,146,0.8356471442155629
193,major,202,159,0.7986028756795486
194,randomized,202,144,0.8416375079047503
195,such,202,164,0.7851561519523022
196,low,200,128,0.8927900303521317
197,months,200,101,0.9956786262173575
198,current,198,165,0.7825160557860937
199,more,196,164,0.7851561519523022
200,oral,196,95,1.0222763947111522
201,30,195,143,0.8446639625349383
202,ckd,195,52,1.2839966563652008
203,levels,193,114,0.9430951486635274
204,although,192,165,0.7825160557860937
205,individuals,192,124,0.906578314837765
206,support,192,161,0.7931741239681503
207,age,189,143,0.8446639625349383
208,exposure,189,104,0.9829666607012196
209,medications,189,121,0.9172146296835498
210,total,189,147,0.8326826652518239
211,should,188,136,0.8664610916297825
212,been,187,167,0.7772835288524167
213,dependent,187,157,0.8041003475907663
214,pathways,187,148,0.8297382846050426
215,strategies,187,147,0.8326826652518239
216,improved,186,153,0.8153085691824012
217,function,185,118,0.9281179926938746
218,over,184,149,0.826813731587726
219,sglt2i,184,47,1.3279021420642825
220,cardiometabolic,182,113,0.9469215565165803
221,failure,182,123,0.9100948885606021
222,identified,181,149,0.826813731587726
223,within,181,150,0.8239087409443188
224,fat,180,85,1.0705810742857074
225,who,180,135,0.8696662315049939
226,differences,179,137,0.8632794328435932
227,models,179,150,0.8239087409443188
228,time,178,121,0.9172146296835498
229,evaluated,177,153,0.8153085691824012
230,mellitus,177,161,0.7931741239681503
231,association,176,124,0.906578314837765
232,hba1c,176,83,1.080921907623926
233,renal,174,90,1.045757490560675
234,one,173,130,0.8860566476931633
235,had,172,119,0.9244530386074693
236,controlled,171,143,0.8446639625349383
237,demonstrated,170,152,0.8181564120552274
238,it,170,134,0.8728952016351924
239,two,170,132,0.8794260687941502
240,meta,169,101,0.9956786262173575
241,score,169,131,0.8827287043442358
242,combination,168,88,1.0555173278498313
243,index,167,136,0.8664610916297825
244,induced,167,105,0.978810700930062
245,gut,166,81,1.0915149811213503
246,whether,165,142,0.8477116556169435
247,heart,163,100,1.0
248,liraglutide,162,72,1.1426675035687315
249,into,160,139,0.8569851997459049
250,cause,159,97,1.0132282657337552
251,ratio,159,123,0.9100948885606021
252,reductions,158,122,0.9136401693252517
253,bariatric,157,75,1.1249387366083
254,food,157,87,1.0604807473813815
255,medication,157,84,1.0757207139381184
256,research,157,136,0.8664610916297825
257,clinically,155,127,0.8961962790440432
258,glycemic,155,110,0.958607314841775
259,retrospective,155,149,0.826813731587726
260,emerging,154,142,0.8477116556169435
261,gastrointestinal,154,113,0.9469215565165803
262,mechanistic,153,111,0.9546770212133426
263,role,153,125,0.9030899869919435
264,change,151,88,1.0555173278498313
265,complications,151,88,1.0555173278498313
266,following,151,112,0.9507819773298184
267,inflammation,151,105,0.978810700930062
268,sodium,151,141,0.8507808873446201
269,metformin,150,84,1.0757207139381184
270,particularly,149,137,0.8632794328435932
271,benefit,147,113,0.9469215565165803
272,cells,147,76,1.1191864077192086
273,groups,147,97,1.0132282657337552
274,real,147,112,0.9507819773298184
275,world,147,112,0.9507819773298184
276,greater,146,109,0.9625735020593764
277,initiation,146,83,1.080921907623926
278,model,146,102,0.9913998282380825
279,observational,146,109,0.9625735020593764
280,performed,146,132,0.8794260687941502
281,follow,144,114,0.9430951486635274
282,evaluate,143,138,0.8601209135987635
283,m2,143,84,1.0757207139381184
284,population,143,118,0.9281179926938746
285,can,142,116,0.9355420107730815
286,early,139,106,0.9746941347352298
287,framework,139,107,0.9706162223147904
288,human,139,88,1.0555173278498313
289,lipid,139,84,1.0757207139381184
290,substantial,139,124,0.906578314837765
291,improve,138,123,0.9100948885606021
292,results,138,118,0.9281179926938746
293,2025,137,125,0.9030899869919435
294,masld,137,38,1.4202164033831899
295,overall,137,115,0.9393021596463883
296,those,137,103,0.9871627752948278
297,14,136,101,0.9956786262173575
298,expression,136,69,1.1611509092627448
299,level,136,88,1.0555173278498313
300,secondary,136,114,0.9430951486635274
301,week,136,62,1.207608310501746
302,anti,134,94,1.0268721464003012
303,people,134,78,1.1079053973095196
304,treated,134,96,1.0177287669604316
305,well,134,120,0.9208187539523752
306,mice,133,62,1.207608310501746
307,overweight,133,83,1.080921907623926
308,quality,133,83,1.080921907623926
309,blood,132,86,1.0655015487564323
310,incidence,132,85,1.0705810742857074
311,muscle,132,56,1.2518119729937995
312,phase,132,81,1.0915149811213503
313,protein,132,86,1.0655015487564323
314,systemic,132,103,0.9871627752948278
315,intake,131,62,1.207608310501746
316,sensitivity,131,97,1.0132282657337552
317,days,130,81,1.0915149811213503
318,interventions,130,102,0.9913998282380825
319,suggest,130,120,0.9208187539523752
320,target,130,102,0.9913998282380825
321,development,129,104,0.9829666607012196
322,weeks,129,80,1.0969100130080565
323,factors,128,95,1.0222763947111522
324,key,128,116,0.9355420107730815
325,24,127,86,1.0655015487564323
326,central,127,103,0.9871627752948278
327,lifestyle,127,82,1.0861861476162833
328,post,127,82,1.0861861476162833
329,propensity,127,107,0.9706162223147904
330,response,127,78,1.1079053973095196
331,90,126,78,1.1079053973095196
332,matching,126,85,1.0705810742857074
333,disorders,125,84,1.0757207139381184
334,established,125,112,0.9507819773298184
335,whereas,125,108,0.9665762445130504
336,c,124,65,1.1870866433571445
337,diabetic,124,79,1.1023729087095586
338,hepatic,124,69,1.1611509092627448
339,reduce,124,104,0.9829666607012196
340,18,123,95,1.0222763947111522
341,matched,123,82,1.0861861476162833
342,cancer,122,36,1.4436974992327127
343,increasingly,122,117,0.9318141382538383
344,network,122,98,1.0087739243075051
345,day,121,69,1.1611509092627448
346,decreased,121,89,1.0506099933550872
347,drugs,121,82,1.0861861476162833
348,pharmacological,121,89,1.0506099933550872
349,populations,121,95,1.0222763947111522
350,secretion,121,76,1.1191864077192086
351,11,119,92,1.0362121726544447
352,needed,119,115,0.9393021596463883
353,only,119,105,0.978810700930062
354,beyond,118,108,0.9665762445130504
355,consistent,118,101,0.9956786262173575
356,first,118,97,1.0132282657337552
357,regarding,118,96,1.0177287669604316
358,diet,117,71,1.1487416512809248
359,sglt2,117,61,1.2146701649892329
360,confidence,116,107,0.9706162223147904
361,despite,116,112,0.9507819773298184
362,gastric,116,58,1.2365720064370627
363,new,116,95,1.0222763947111522
364,resistance,116,88,1.0555173278498313
365,rr,116,30,1.5228787452803376
366,17,115,91,1.0409586076789064
367,aimed,115,113,0.9469215565165803
368,assessment,115,92,1.0362121726544447
369,stress,115,81,1.0915149811213503
370,15,114,94,1.0268721464003012
371,activity,114,83,1.080921907623926
372,effective,114,95,1.0222763947111522
373,future,114,104,0.9829666607012196
374,direct,113,98,1.0087739243075051
375,mace,113,39,1.408935392973501
376,odds,113,71,1.1487416512809248
377,three,113,89,1.0506099933550872
378,molecular,112,82,1.0861861476162833
379,there,112,79,1.1023729087095586
380,cotransporter,111,109,0.9625735020593764
381,identify,111,102,0.9913998282380825
382,impact,111,98,1.0087739243075051
383,responses,111,72,1.1426675035687315
384,common,110,100,1.0
385,defined,110,92,1.0362121726544447
386,rate,110,85,1.0705810742857074
387,tissue,110,69,1.1611509092627448
388,each,109,93,1.0315170514460648
389,metabolism,109,84,1.0757207139381184
390,pancreatic,109,51,1.2924298239020637
391,β,109,55,1.2596373105057561
392,16,107,81,1.0915149811213503
393,alone,107,73,1.136677139879544
394,mediated,107,84,1.0757207139381184
395,novel,107,88,1.0555173278498313
396,prospective,107,101,0.9956786262173575
397,rates,107,83,1.080921907623926
398,risks,107,72,1.1426675035687315
399,driven,106,96,1.0177287669604316
400,did,105,87,1.0604807473813815
401,syndrome,105,67,1.1739251972991736
402,20,104,87,1.0604807473813815
403,acute,104,67,1.1739251972991736
404,fibrosis,104,45,1.3467874862246563
405,improvements,104,83,1.080921907623926
406,profile,104,87,1.0604807473813815
407,system,104,93,1.0315170514460648
408,under,104,88,1.0555173278498313
409,when,104,92,1.0362121726544447
410,difference,103,76,1.1191864077192086
411,axis,102,72,1.1426675035687315
412,estimated,102,83,1.080921907623926
413,mitochondrial,102,44,1.3565473235138126
414,reporting,102,54,1.2676062401770316
415,05,101,60,1.2218487496163564
416,preclinical,101,75,1.1249387366083
417,recent,101,89,1.0506099933550872
418,our,100,78,1.1079053973095196
419,hazard,99,76,1.1191864077192086
420,independent,99,85,1.0705810742857074
421,l,99,42,1.3767507096020994
422,multiple,99,89,1.0506099933550872
423,polypeptide,99,95,1.0222763947111522
424,provide,99,92,1.0362121726544447
425,respectively,99,80,1.0969100130080565
426,yet,99,96,1.0177287669604316
427,2024,98,83,1.080921907623926
428,activation,98,75,1.1249387366083
429,available,98,84,1.0757207139381184
430,case,98,62,1.207608310501746
431,disorder,98,66,1.1804560644581314
432,fasting,98,53,1.275724130399211
433,increase,98,82,1.0861861476162833
434,injury,98,59,1.2291479883578558
435,insulinotropic,98,94,1.0268721464003012
436,single,98,73,1.136677139879544
437,systematic,98,77,1.1135092748275182
438,50,97,79,1.1023729087095586
439,additional,97,78,1.1079053973095196
440,adjusted,97,70,1.1549019599857433
441,appetite,97,64,1.193820026016113
442,approaches,97,87,1.0604807473813815
443,co,97,81,1.0915149811213503
444,conditions,97,77,1.1135092748275182
445,dietary,97,52,1.2839966563652008
446,energy,97,63,1.2006594505464183
447,intestinal,97,45,1.3467874862246563
448,lowering,97,72,1.1426675035687315
449,rather,97,79,1.1023729087095586
450,ratios,97,88,1.0555173278498313
451,13,96,78,1.1079053973095196
452,progression,96,64,1.193820026016113
453,pubmed,96,95,1.0222763947111522
454,increasing,95,88,1.0555173278498313
455,orforglipron,95,20,1.6989700043360187
456,practice,95,67,1.1739251972991736
457,regulation,95,76,1.1191864077192086
458,2026,94,84,1.0757207139381184
459,combined,94,71,1.1487416512809248
460,dpp,94,40,1.3979400086720377
461,how,94,78,1.1079053973095196
462,receiving,94,62,1.207608310501746
463,acid,93,61,1.2146701649892329
464,composition,93,62,1.207608310501746
465,derived,93,78,1.1079053973095196
466,nutritional,93,43,1.3665315444204134
467,promising,93,88,1.0555173278498313
468,relative,92,73,1.136677139879544
469,administration,91,75,1.1249387366083
470,heterogeneity,91,68,1.1674910872937636
471,women,91,43,1.3665315444204134
472,assess,90,84,1.0757207139381184
473,burden,90,77,1.1135092748275182
474,effectiveness,90,58,1.2365720064370627
475,g,90,60,1.2218487496163564
476,per,90,60,1.2218487496163564
477,postoperative,90,36,1.4436974992327127
478,via,90,82,1.0861861476162833
479,60,89,66,1.1804560644581314
480,cost,89,37,1.431798275933005
481,intervention,89,66,1.1804560644581314
482,narrative,89,78,1.1079053973095196
483,need,89,85,1.0705810742857074
484,prescribed,89,67,1.1739251972991736
485,21,88,77,1.1135092748275182
486,associations,88,69,1.1611509092627448
487,before,88,76,1.1191864077192086
488,improvement,88,63,1.2006594505464183
489,period,88,66,1.1804560644581314
490,diseases,87,55,1.2596373105057561
491,provides,87,83,1.080921907623926
492,regression,87,80,1.0969100130080565
493,obese,86,47,1.3279021420642825
494,pathway,86,63,1.2006594505464183
495,relevant,86,77,1.1135092748275182
496,strategy,86,78,1.1079053973095196
497,will,86,53,1.275724130399211
498,characterized,85,81,1.0915149811213503
499,functional,85,68,1.1674910872937636
500,important,85,78,1.1079053973095196
501,male,85,58,1.2365720064370627
502,median,85,57,1.2441251443275085
503,microbiota,85,40,1.3979400086720377
504,pressure,85,49,1.3098039199714864
505,analyzed,84,79,1.1023729087095586
506,comorbidities,84,71,1.1487416512809248
507,due,84,76,1.1191864077192086
508,e,84,50,1.3010299956639813
509,female,84,63,1.2006594505464183
510,severe,84,59,1.2291479883578558
511,symptoms,84,58,1.2365720064370627
512,27,83,72,1.1426675035687315
513,access,83,52,1.2839966563652008
514,cohorts,83,68,1.1674910872937636
515,discontinuation,83,56,1.2518119729937995
516,pooled,83,47,1.3279021420642825
517,22,82,68,1.1674910872937636
518,36,82,50,1.3010299956639813
519,65,82,62,1.207608310501746
520,antidiabetic,82,42,1.3767507096020994
521,approved,82,64,1.193820026016113
522,exercise,82,40,1.3979400086720377
523,hf,82,14,1.853871964321762
524,large,82,71,1.1487416512809248
525,status,82,62,1.207608310501746
526,weekly,82,56,1.2518119729937995
527,brain,81,47,1.3279021420642825
528,factor,81,70,1.1549019599857433
529,monitoring,81,63,1.2006594505464183
530,several,81,76,1.1191864077192086
531,40,80,67,1.1739251972991736
532,class,80,55,1.2596373105057561
533,homeostasis,80,62,1.207608310501746
534,multi,80,59,1.2291479883578558
535,sex,80,55,1.2596373105057561
536,19,79,66,1.1804560644581314
537,31,79,72,1.1426675035687315
538,concerns,79,73,1.136677139879544
539,criteria,79,65,1.1870866433571445
540,design,79,69,1.1611509092627448
541,hormone,79,54,1.2676062401770316
542,once,79,55,1.2596373105057561
543,similar,79,63,1.2006594505464183
544,stroke,79,33,1.4814860601221125
545,t1d,79,18,1.744727494896694
546,unclear,79,79,1.1023729087095586
547,25,78,67,1.1739251972991736
548,active,78,68,1.1674910872937636
549,bias,78,55,1.2596373105057561
550,certainty,78,27,1.5686362358410126
551,regulatory,78,60,1.2218487496163564
552,targeting,78,69,1.1611509092627448
553,treatments,78,60,1.2218487496163564
554,approach,77,71,1.1487416512809248
555,perioperative,77,42,1.3767507096020994
556,pharmacotherapy,77,54,1.2676062401770316
557,small,77,61,1.2146701649892329
558,suggests,77,71,1.1487416512809248
559,cognitive,76,26,1.585026652029182
560,event,76,63,1.2006594505464183
561,markers,76,54,1.2676062401770316
562,profiles,76,61,1.2146701649892329
563,sglt,76,29,1.537602002101044
564,death,75,47,1.3279021420642825
565,dulaglutide,75,33,1.4814860601221125
566,elevated,75,60,1.2218487496163564
567,global,75,70,1.1549019599857433
568,literature,75,66,1.1804560644581314
569,meaningful,75,67,1.1739251972991736
570,pre,75,47,1.3279021420642825
571,52,74,63,1.2006594505464183
572,73,74,56,1.2518119729937995
573,glp1,74,25,1.6020599913279623
574,35,73,60,1.2218487496163564
575,adherence,73,44,1.3565473235138126
576,aged,73,64,1.193820026016113
577,egfr,73,31,1.5086383061657274
578,hfpef,73,20,1.6989700043360187
579,mechanism,73,57,1.2441251443275085
580,older,73,48,1.3187587626244128
581,plasma,73,49,1.3098039199714864
582,stage,73,45,1.3467874862246563
583,trinetx,73,69,1.1611509092627448
584,bone,72,29,1.537602002101044
585,i,72,42,1.3767507096020994
586,prior,72,53,1.275724130399211
587,they,72,60,1.2218487496163564
588,diagnosis,71,56,1.2518119729937995
589,embase,71,71,1.1487416512809248
590,followed,71,68,1.1674910872937636
591,life,71,54,1.2676062401770316
592,phenotype,71,47,1.3279021420642825
593,reports,71,44,1.3565473235138126
594,statistically,71,58,1.2365720064370627
595,surgical,71,46,1.337242168318426
596,undergoing,71,43,1.3665315444204134
597,32,70,52,1.2839966563652008
598,beta,70,26,1.585026652029182
599,distinct,70,62,1.207608310501746
600,inhibitor,70,48,1.3187587626244128
601,medical,70,53,1.275724130399211
602,received,70,55,1.2596373105057561
603,26,69,54,1.2676062401770316
604,45,69,58,1.2365720064370627
605,characteristics,69,61,1.2146701649892329
606,composite,69,38,1.4202164033831899
607,eligible,69,57,1.2441251443275085
608,examined,69,62,1.207608310501746
609,hypothesis,69,61,1.2146701649892329
610,month,69,42,1.3767507096020994
611,primarily,69,64,1.193820026016113
612,pulmonary,69,26,1.585026652029182
613,randomised,69,52,1.2839966563652008
614,signals,69,44,1.3565473235138126
615,targeted,69,60,1.2218487496163564
616,72,68,50,1.3010299956639813
617,biomarkers,68,57,1.2441251443275085
618,could,68,61,1.2146701649892329
619,four,68,56,1.2518119729937995
620,healthcare,68,47,1.3279021420642825
621,moderate,68,55,1.2596373105057561
622,short,68,56,1.2518119729937995
623,subgroup,68,51,1.2924298239020637
624,vascular,68,41,1.3872161432802645
625,because,67,53,1.275724130399211
626,daily,67,48,1.3187587626244128
627,include,67,57,1.2441251443275085
628,least,67,50,1.3010299956639813
629,md,67,22,1.6575773191777938
630,parameters,67,58,1.2365720064370627
631,random,67,63,1.2006594505464183
632,remained,67,62,1.207608310501746
633,sleep,67,30,1.5228787452803376
634,01,66,46,1.337242168318426
635,28,66,58,1.2365720064370627
636,comparative,66,53,1.275724130399211
637,initiated,66,56,1.2518119729937995
638,integrated,66,60,1.2218487496163564
639,prescribing,66,32,1.494850021680094
640,searched,66,65,1.1870866433571445
641,selected,66,58,1.2365720064370627
642,supporting,66,61,1.2146701649892329
643,translational,66,57,1.2441251443275085
644,adipose,65,47,1.3279021420642825
645,af,65,11,1.9586073148417749
646,cholesterol,65,31,1.5086383061657274
647,controls,65,46,1.337242168318426
648,endocrine,65,40,1.3979400086720377
649,interval,65,60,1.2218487496163564
650,min,65,35,1.4559319556497243
651,often,65,61,1.2146701649892329
652,prevention,65,39,1.408935392973501
653,underlying,65,60,1.2218487496163564
654,70,64,56,1.2518119729937995
655,76,64,56,1.2518119729937995
656,cvd,64,18,1.744727494896694
657,dipeptidyl,64,59,1.2291479883578558
658,peptidase,64,59,1.2291479883578558
659,physical,64,44,1.3565473235138126
660,33,63,54,1.2676062401770316
661,48,63,46,1.337242168318426
662,83,63,55,1.2596373105057561
663,addition,63,56,1.2518119729937995
664,context,63,56,1.2518119729937995
665,cox,63,59,1.2291479883578558
666,evaluation,63,55,1.2596373105057561
667,lean,63,29,1.537602002101044
668,positive,63,47,1.3279021420642825
669,rcts,63,30,1.5228787452803376
670,self,63,38,1.4202164033831899
671,standard,63,45,1.3467874862246563
672,37,62,55,1.2596373105057561
673,challenges,62,55,1.2596373105057561
674,eating,62,30,1.5228787452803376
675,immune,62,41,1.3872161432802645
676,linked,62,56,1.2518119729937995
677,modulation,62,55,1.2596373105057561
678,monotherapy,62,27,1.5686362358410126
679,psychiatric,62,27,1.5686362358410126
680,revealed,62,53,1.275724130399211
681,23,61,54,1.2676062401770316
682,75,61,54,1.2676062401770316
683,classes,61,44,1.3565473235138126
684,compare,61,59,1.2291479883578558
685,comprehensive,61,55,1.2596373105057561
686,enhanced,61,53,1.275724130399211
687,hormones,61,37,1.431798275933005
688,individual,61,56,1.2518119729937995
689,intervals,61,59,1.2291479883578558
690,mash,61,16,1.7958800173440752
691,ml,61,38,1.4202164033831899
692,oxidative,61,45,1.3467874862246563
693,range,61,43,1.3665315444204134
694,targets,61,48,1.3187587626244128
695,test,61,44,1.3565473235138126
696,42,60,55,1.2596373105057561
697,demonstrate,60,57,1.2441251443275085
698,developed,60,55,1.2596373105057561
699,emerged,60,60,1.2218487496163564
700,occurred,60,45,1.3467874862246563
701,patterns,60,47,1.3279021420642825
702,structural,60,41,1.3872161432802645
703,value,60,43,1.3665315444204134
704,about,59,49,1.3098039199714864
705,alcohol,59,17,1.7695510786217261
706,contribute,59,52,1.2839966563652008
707,database,59,53,1.275724130399211
708,largely,59,55,1.2596373105057561
709,leading,59,58,1.2365720064370627
710,longitudinal,59,46,1.337242168318426
711,present,59,56,1.2518119729937995
712,suggesting,59,57,1.2441251443275085
713,utilization,59,33,1.4814860601221125
714,0001,58,32,1.494850021680094
715,34,58,47,1.3279021420642825
716,39,58,54,1.2676062401770316
717,44,58,54,1.2676062401770316
718,85,58,53,1.275724130399211
719,adolescents,58,21,1.6777807052660807
720,cross,58,53,1.275724130399211
721,dpp4i,58,18,1.744727494896694
722,electronic,58,56,1.2518119729937995
723,exploratory,58,46,1.337242168318426
724,highlight,58,58,1.2365720064370627
725,implications,58,53,1.275724130399211
726,79,57,51,1.2924298239020637
727,critical,57,52,1.2839966563652008
728,dl,57,24,1.6197887582883939
729,fatty,57,42,1.3767507096020994
730,impaired,57,50,1.3010299956639813
731,initiating,57,46,1.337242168318426
732,investigated,57,55,1.2596373105057561
733,reducing,57,51,1.2924298239020637
734,serum,57,40,1.3979400086720377
735,91,56,52,1.2839966563652008
736,approximately,56,48,1.3187587626244128
737,biological,56,45,1.3467874862246563
738,confirmed,56,51,1.2924298239020637
739,duration,56,46,1.337242168318426
740,emptying,56,34,1.4685210829577449
741,endpoint,56,44,1.3565473235138126
742,frequently,56,55,1.2596373105057561
743,growing,56,54,1.2676062401770316
744,guidelines,56,50,1.3010299956639813
745,here,56,55,1.2596373105057561
746,incident,56,32,1.494850021680094
747,interactions,56,47,1.3279021420642825
748,protective,56,49,1.3098039199714864
749,63,55,52,1.2839966563652008
750,67,55,47,1.3279021420642825
751,different,55,49,1.3098039199714864
752,endothelial,55,26,1.585026652029182
753,endpoints,55,46,1.337242168318426
754,found,55,46,1.337242168318426
755,sustained,55,50,1.3010299956639813
756,α,55,32,1.494850021680094
757,29,54,54,1.2676062401770316
758,80,54,45,1.3467874862246563
759,94,54,45,1.3467874862246563
760,97,54,50,1.3010299956639813
761,consistently,54,51,1.2924298239020637
762,given,54,50,1.3010299956639813
763,measures,54,49,1.3098039199714864
764,methods,54,50,1.3010299956639813
765,prescription,54,36,1.4436974992327127
766,science,54,53,1.275724130399211
767,scores,54,36,1.4436974992327127
768,search,54,45,1.3467874862246563
769,structured,54,41,1.3872161432802645
770,subcutaneous,54,43,1.3665315444204134
771,therefore,54,53,1.275724130399211
772,tolerability,54,37,1.431798275933005
773,100,53,35,1.4559319556497243
774,46,53,50,1.3010299956639813
775,88,53,44,1.3565473235138126
776,achieved,53,41,1.3872161432802645
777,any,53,47,1.3279021420642825
778,clinicaltrials,53,48,1.3187587626244128
779,d,53,32,1.494850021680094
780,heterogeneous,53,49,1.3098039199714864
781,hypertension,53,39,1.408935392973501
782,hypoglycemia,53,20,1.6989700043360187
783,involving,53,52,1.2839966563652008
784,myocardial,53,40,1.3979400086720377
785,pain,53,31,1.5086383061657274
786,production,53,36,1.4436974992327127
787,receptors,53,32,1.494850021680094
788,severity,53,38,1.4202164033831899
789,show,53,51,1.2924298239020637
790,shown,53,53,1.275724130399211
791,validation,53,45,1.3467874862246563
792,47,52,47,1.3279021420642825
793,89,52,44,1.3565473235138126
794,balance,52,43,1.3665315444204134
795,causal,52,48,1.3187587626244128
796,comparisons,52,43,1.3665315444204134
797,existing,52,44,1.3565473235138126
798,glycaemic,52,37,1.431798275933005
799,improving,52,49,1.3098039199714864
800,influence,52,48,1.3187587626244128
801,osa,52,10,2.0
802,remodeling,52,37,1.431798275933005
803,report,52,44,1.3565473235138126
804,residual,52,39,1.408935392973501
805,web,52,50,1.3010299956639813
806,53,51,48,1.3187587626244128
807,56,51,46,1.337242168318426
808,absolute,51,39,1.408935392973501
809,ad,51,14,1.853871964321762
810,against,51,45,1.3467874862246563
811,cardiac,51,33,1.4814860601221125
812,cochrane,51,43,1.3665315444204134
813,dementia,51,13,1.8860566476931633
814,generally,51,48,1.3187587626244128
815,gov,51,46,1.337242168318426
816,highlights,51,51,1.2924298239020637
817,inhibition,51,36,1.4436974992327127
818,preoperative,51,29,1.537602002101044
819,protection,51,41,1.3872161432802645
820,records,51,48,1.3187587626244128
821,sd,51,28,1.5528419686577808
822,steatotic,51,47,1.3279021420642825
823,together,51,48,1.3187587626244128
824,address,50,46,1.337242168318426
825,complementary,50,45,1.3467874862246563
826,complex,50,47,1.3279021420642825
827,currently,50,44,1.3565473235138126
828,gain,50,37,1.431798275933005
829,independently,50,46,1.337242168318426
830,peripheral,50,36,1.4436974992327127
831,points,50,32,1.494850021680094
832,preserved,50,46,1.337242168318426
833,required,50,46,1.337242168318426
834,understanding,50,44,1.3565473235138126
835,vitro,50,37,1.431798275933005
836,2023,49,42,1.3767507096020994
837,advances,49,42,1.3767507096020994
838,concentrations,49,29,1.537602002101044
839,evaluating,49,46,1.337242168318426
840,impairment,49,32,1.494850021680094
841,less,49,44,1.3565473235138126
842,physiological,49,33,1.4814860601221125
843,postprandial,49,22,1.6575773191777938
844,prevalence,49,41,1.3872161432802645
845,strong,49,35,1.4559319556497243
846,supports,49,47,1.3279021420642825
847,suppression,49,38,1.4202164033831899
848,survey,49,28,1.5528419686577808
849,54,48,43,1.3665315444204134
850,57,48,44,1.3565473235138126
851,according,48,43,1.3665315444204134
852,alongside,48,46,1.337242168318426
853,asthma,48,8,2.0969100130080562
854,b,48,26,1.585026652029182
855,biomarker,48,30,1.5228787452803376
856,decline,48,39,1.408935392973501
857,determine,48,48,1.3187587626244128
858,establish,48,45,1.3467874862246563
859,free,48,32,1.494850021680094
860,january,48,47,1.3279021420642825
861,june,48,47,1.3279021420642825
862,medline,48,47,1.3279021420642825
863,proportion,48,36,1.4436974992327127
864,rats,48,23,1.6382721639824072
865,require,48,46,1.337242168318426
866,toward,48,44,1.3565473235138126
867,55,47,46,1.337242168318426
868,69,47,44,1.3565473235138126
869,comparator,47,37,1.431798275933005
870,considered,47,45,1.3467874862246563
871,genetic,47,36,1.4436974992327127
872,gipr,47,16,1.7958800173440752
873,h,47,29,1.537602002101044
874,measured,47,45,1.3467874862246563
875,national,47,40,1.3979400086720377
876,percentage,47,33,1.4814860601221125
877,represent,47,46,1.337242168318426
878,selection,47,43,1.3665315444204134
879,stratified,47,41,1.3872161432802645
880,02,46,37,1.431798275933005
881,49,46,41,1.3872161432802645
882,64,46,42,1.3767507096020994
883,96,46,38,1.4202164033831899
884,delivery,46,29,1.537602002101044
885,discuss,46,40,1.3979400086720377
886,do,46,43,1.3665315444204134
887,does,46,41,1.3872161432802645
888,doses,46,34,1.4685210829577449
889,highly,46,41,1.3872161432802645
890,hospitalization,46,25,1.6020599913279623
891,increases,46,42,1.3767507096020994
892,investigation,46,43,1.3665315444204134
893,microbial,46,22,1.6575773191777938
894,modification,46,39,1.408935392973501
895,pancreatitis,46,16,1.7958800173440752
896,potentially,46,43,1.3665315444204134
897,proportional,46,45,1.3467874862246563
898,recommendations,46,39,1.408935392973501
899,release,46,27,1.5686362358410126
900,routine,46,42,1.3767507096020994
901,scopus,46,46,1.337242168318426
902,state,46,36,1.4436974992327127
903,subgroups,46,33,1.4814860601221125
904,tolerance,46,33,1.4814860601221125
905,uncertain,46,42,1.3767507096020994
906,43,45,41,1.3872161432802645
907,71,45,41,1.3872161432802645
908,81,45,40,1.3979400086720377
909,82,45,40,1.3979400086720377
910,87,45,39,1.408935392973501
911,attenuated,45,42,1.3767507096020994
912,cardiorenal,45,29,1.537602002101044
913,comorbidity,45,38,1.4202164033831899
914,december,45,41,1.3872161432802645
915,examine,45,44,1.3565473235138126
916,fraction,45,38,1.4202164033831899
917,generating,45,44,1.3565473235138126
918,grade,45,41,1.3872161432802645
919,il,45,21,1.6777807052660807
920,importance,45,41,1.3872161432802645
921,interaction,45,34,1.4685210829577449
922,likely,45,40,1.3979400086720377
923,limitations,45,40,1.3979400086720377
924,medicine,45,37,1.431798275933005
925,modest,45,42,1.3767507096020994
926,produced,45,42,1.3767507096020994
927,properties,45,36,1.4436974992327127
928,recognized,45,43,1.3665315444204134
929,some,45,42,1.3767507096020994
930,survival,45,27,1.5686362358410126
931,widely,45,43,1.3665315444204134
932,68,44,40,1.3979400086720377
933,98,44,36,1.4436974992327127
934,cgm,44,11,1.9586073148417749
935,comparison,44,37,1.431798275933005
936,depression,44,20,1.6989700043360187
937,healthy,44,36,1.4436974992327127
938,interpreted,44,43,1.3665315444204134
939,known,44,42,1.3767507096020994
940,persistent,44,30,1.5228787452803376
941,prevent,44,29,1.537602002101044
942,represents,44,42,1.3767507096020994
943,reviews,44,32,1.494850021680094
944,robust,44,41,1.3872161432802645
945,scale,44,39,1.408935392973501
946,skeletal,44,28,1.5528419686577808
947,underwent,44,36,1.4436974992327127
948,volume,44,27,1.5686362358410126
949,58,43,40,1.3979400086720377
950,84,43,37,1.431798275933005
951,advanced,43,34,1.4685210829577449
952,either,43,43,1.3665315444204134
953,estimates,43,28,1.5528419686577808
954,indirect,43,33,1.4814860601221125
955,multivariable,43,34,1.4685210829577449
956,opioid,43,13,1.8860566476931633
957,published,43,39,1.408935392973501
958,skin,43,20,1.6989700043360187
959,states,43,33,1.4814860601221125
960,sulfonylureas,43,29,1.537602002101044
961,us,43,42,1.3767507096020994
962,vivo,43,32,1.494850021680094
963,where,43,39,1.408935392973501
964,00,42,29,1.537602002101044
965,2022,42,34,1.4685210829577449
966,41,42,38,1.4202164033831899
967,59,42,41,1.3872161432802645
968,adult,42,35,1.4559319556497243
969,aging,42,23,1.6382721639824072
970,amylin,42,12,1.9208187539523751
971,atrial,42,23,1.6382721639824072
972,cellular,42,31,1.5086383061657274
973,comparable,42,36,1.4436974992327127
974,differ,42,40,1.3979400086720377
975,estimate,42,38,1.4202164033831899
976,examines,42,42,1.3767507096020994
977,highlighting,42,41,1.3872161432802645
978,offer,42,42,1.3767507096020994
979,onset,42,30,1.5228787452803376
980,recorded,42,26,1.585026652029182
981,relationship,42,38,1.4202164033831899
982,signalling,42,28,1.5528419686577808
983,synthesis,42,30,1.5228787452803376
984,tests,42,36,1.4436974992327127
985,uacr,42,12,1.9208187539523751
986,62,41,37,1.431798275933005
987,77,41,40,1.3979400086720377
988,92,41,37,1.431798275933005
989,accumulation,41,29,1.537602002101044
990,action,41,38,1.4202164033831899
991,agonism,41,24,1.6197887582883939
992,being,41,38,1.4202164033831899
993,consumption,41,27,1.5686362358410126
994,favorable,41,36,1.4436974992327127
995,fda,41,28,1.5528419686577808
996,hormonal,41,32,1.494850021680094
997,met,41,34,1.4685210829577449
998,morbidity,41,38,1.4202164033831899
999,pcos,41,10,2.0
1000,pediatric,41,20,1.6989700043360187
1001,retatrutide,41,16,1.7958800173440752
1002,stable,41,35,1.4559319556497243
1003,standardized,41,34,1.4685210829577449
1004,stratification,41,36,1.4436974992327127
1005,04,40,34,1.4685210829577449
1006,61,40,40,1.3979400086720377
1007,74,40,38,1.4202164033831899
1008,additionally,40,39,1.408935392973501
1009,alternative,40,31,1.5086383061657274
1010,background,40,33,1.4814860601221125
1011,binding,40,23,1.6382721639824072
1012,cv,40,10,2.0
1013,exhibited,40,32,1.494850021680094
1014,gaps,40,35,1.4559319556497243
1015,help,40,36,1.4436974992327127
1016,individualized,40,37,1.431798275933005
1017,maintenance,40,29,1.537602002101044
1018,optimal,40,33,1.4814860601221125
1019,predominantly,40,35,1.4559319556497243
1020,screening,40,31,1.5086383061657274
1021,sema,40,9,2.0457574905606752
1022,sglt2is,40,15,1.8239087409443189
1023,shared,40,35,1.4559319556497243
1024,systems,40,37,1.431798275933005
1025,though,40,38,1.4202164033831899
1026,trajectories,40,25,1.6020599913279623
1027,triple,40,23,1.6382721639824072
1028,validated,40,36,1.4436974992327127
1029,4i,39,11,1.9586073148417749
1030,66,39,37,1.431798275933005
1031,completed,39,33,1.4814860601221125
1032,considerations,39,31,1.5086383061657274
1033,contrast,39,37,1.431798275933005
1034,ejection,39,32,1.494850021680094
1035,end,39,35,1.4559319556497243
1036,exenatide,39,25,1.6020599913279623
1037,experimental,39,35,1.4559319556497243
1038,hypoglycaemia,39,21,1.6777807052660807
1039,meal,39,21,1.6777807052660807
1040,microbiome,39,22,1.6575773191777938
1041,naion,39,9,2.0457574905606752
1042,pd,39,9,2.0457574905606752
1043,precision,39,37,1.431798275933005
1044,products,39,20,1.6989700043360187
1045,rapid,39,35,1.4559319556497243
1046,six,39,35,1.4559319556497243
1047,acting,38,29,1.537602002101044
1048,beneficial,38,34,1.4685210829577449
1049,children,38,12,1.9208187539523751
1050,circulating,38,23,1.6382721639824072
1051,ckm,38,13,1.8860566476931633
1052,continued,38,30,1.5228787452803376
1053,coronary,38,20,1.6989700043360187
1054,double,38,35,1.4559319556497243
1055,essential,38,37,1.431798275933005
1056,feeding,38,18,1.744727494896694
1057,furthermore,38,36,1.4436974992327127
1058,fusion,38,12,1.9208187539523751
1059,history,38,26,1.585026652029182
1060,incompletely,38,37,1.431798275933005
1061,many,38,35,1.4559319556497243
1062,mbs,38,10,2.0
1063,mechanistically,38,36,1.4436974992327127
1064,mmol,38,19,1.721246399047171
1065,multidisciplinary,38,35,1.4559319556497243
1066,neuropathy,38,21,1.6777807052660807
1067,organ,38,25,1.6020599913279623
1068,plus,38,26,1.585026652029182
1069,procedures,38,28,1.5528419686577808
1070,propose,38,37,1.431798275933005
1071,reward,38,23,1.6382721639824072
1072,sectional,38,35,1.4559319556497243
1073,site,38,25,1.6020599913279623
1074,stability,38,29,1.537602002101044
1075,testing,38,33,1.4814860601221125
1076,u,38,31,1.5086383061657274
1077,very,38,18,1.744727494896694
1078,visceral,38,23,1.6382721639824072
1079,000,37,24,1.6197887582883939
1080,38,37,34,1.4685210829577449
1081,51,37,33,1.4814860601221125
1082,86,37,36,1.4436974992327127
1083,behavioral,37,26,1.585026652029182
1084,broader,37,34,1.4685210829577449
1085,candidate,37,31,1.5086383061657274
1086,capacity,37,30,1.5228787452803376
1087,commonly,37,35,1.4559319556497243
1088,comparing,37,36,1.4436974992327127
1089,confounding,37,34,1.4685210829577449
1090,decrease,37,30,1.5228787452803376
1091,directly,37,33,1.4814860601221125
1092,experienced,37,32,1.494850021680094
1093,five,37,31,1.5086383061657274
1094,i2,37,14,1.853871964321762
1095,information,37,32,1.494850021680094
1096,interest,37,36,1.4436974992327127
1097,investigate,37,36,1.4436974992327127
1098,mixed,37,36,1.4436974992327127
1099,particular,37,36,1.4436974992327127
1100,public,37,32,1.494850021680094
1101,serious,37,34,1.4685210829577449
1102,accompanied,36,34,1.4685210829577449
1103,aims,36,35,1.4559319556497243
1104,attention,36,35,1.4559319556497243
1105,biology,36,31,1.5086383061657274
1106,cases,36,28,1.5528419686577808
1107,date,36,32,1.494850021680094
1108,diagnosed,36,30,1.5228787452803376
1109,dkd,36,10,2.0
1110,explore,36,35,1.4559319556497243
1111,formulations,36,26,1.585026652029182
1112,generation,36,28,1.5528419686577808
1113,implementation,36,31,1.5086383061657274
1114,longer,36,35,1.4559319556497243
1115,managing,36,34,1.4685210829577449
1116,modulating,36,34,1.4685210829577449
1117,now,36,35,1.4559319556497243
1118,poorly,36,35,1.4559319556497243
1119,relevance,36,35,1.4559319556497243
1120,subsequent,36,33,1.4814860601221125
1121,substantially,36,34,1.4685210829577449
1122,suggested,36,31,1.5086383061657274
1123,transformed,36,36,1.4436974992327127
1124,urinary,36,23,1.6382721639824072
1125,03,35,32,1.494850021680094
1126,aes,35,14,1.853871964321762
1127,applied,35,33,1.4814860601221125
1128,appropriate,35,33,1.4814860601221125
1129,barriers,35,25,1.6020599913279623
1130,calculated,35,35,1.4559319556497243
1131,claims,35,32,1.494850021680094
1132,exert,35,33,1.4814860601221125
1133,hazards,35,29,1.537602002101044
1134,hrs,35,27,1.5686362358410126
1135,ischemic,35,22,1.6575773191777938
1136,knowledge,35,27,1.5686362358410126
1137,label,35,28,1.5528419686577808
1138,led,35,29,1.537602002101044
1139,linking,35,34,1.4685210829577449
1140,nutrition,35,26,1.585026652029182
1141,old,35,34,1.4685210829577449
1142,options,35,34,1.4685210829577449
1143,peptides,35,21,1.6777807052660807
1144,point,35,24,1.6197887582883939
1145,prevalent,35,35,1.4559319556497243
1146,promote,35,34,1.4685210829577449
1147,reproductive,35,18,1.744727494896694
1148,supplementation,35,21,1.6777807052660807
1149,systematically,35,35,1.4559319556497243
1150,thereby,35,32,1.494850021680094
1151,understood,35,35,1.4559319556497243
1152,visits,35,20,1.6989700043360187
1153,warranted,35,33,1.4814860601221125
1154,white,35,22,1.6575773191777938
1155,93,34,31,1.5086383061657274
1156,adiposity,34,29,1.537602002101044
1157,adjunct,34,27,1.5686362358410126
1158,antagonists,34,30,1.5228787452803376
1159,barrier,34,25,1.6020599913279623
1160,basal,34,25,1.6020599913279623
1161,center,34,27,1.5686362358410126
1162,cis,34,33,1.4814860601221125
1163,clinicians,34,29,1.537602002101044
1164,condition,34,30,1.5228787452803376
1165,conventional,34,27,1.5686362358410126
1166,dosing,34,26,1.585026652029182
1167,engagement,34,21,1.6777807052660807
1168,excluded,34,33,1.4814860601221125
1169,exendin,34,19,1.721246399047171
1170,focused,34,34,1.4685210829577449
1171,notably,34,34,1.4685210829577449
1172,number,34,33,1.4814860601221125
1173,persistence,34,17,1.7695510786217261
1174,practical,34,34,1.4685210829577449
1175,providing,34,32,1.494850021680094
1176,side,34,30,1.5228787452803376
1177,strength,34,23,1.6382721639824072
1178,06,33,26,1.585026652029182
1179,2021,33,29,1.537602002101044
1180,administered,33,30,1.5228787452803376
1181,aim,33,33,1.4814860601221125
1182,altered,33,32,1.494850021680094
1183,alzheimer,33,18,1.744727494896694
1184,area,33,28,1.5528419686577808
1185,chinese,33,22,1.6575773191777938
1186,continuous,33,32,1.494850021680094
1187,costs,33,17,1.7695510786217261
1188,counseling,33,21,1.6777807052660807
1189,dm,33,10,2.0
1190,focus,33,33,1.4814860601221125
1191,frequent,33,31,1.5086383061657274
1192,growth,33,26,1.585026652029182
1193,guided,33,30,1.5228787452803376
1194,hemoglobin,33,32,1.494850021680094
1195,hyperglycemia,33,23,1.6382721639824072
1196,insights,33,32,1.494850021680094
1197,insurance,33,22,1.6575773191777938
1198,integrating,33,32,1.494850021680094
1199,landscape,33,28,1.5528419686577808
1200,metabolites,33,19,1.721246399047171
1201,next,33,24,1.6197887582883939
1202,previously,33,28,1.5528419686577808
1203,promoting,33,31,1.5086383061657274
1204,summarizes,33,32,1.494850021680094
1205,timing,33,26,1.585026652029182
1206,treat,33,32,1.494850021680094
1207,99,32,26,1.585026652029182
1208,achieving,32,24,1.6197887582883939
1209,acids,32,24,1.6197887582883939
1210,better,32,31,1.5086383061657274
1211,camp,32,20,1.6989700043360187
1212,collectively,32,32,1.494850021680094
1213,complication,32,31,1.5086383061657274
1214,confirm,32,32,1.494850021680094
1215,coverage,32,16,1.7958800173440752
1216,documented,32,22,1.6575773191777938
1217,enrolled,32,28,1.5528419686577808
1218,faers,32,13,1.8860566476931633
1219,fibrillation,32,22,1.6575773191777938
1220,frequency,32,26,1.585026652029182
1221,guide,32,32,1.494850021680094
1222,hs,32,8,2.0969100130080562
1223,infection,32,23,1.6382721639824072
1224,intolerance,32,19,1.721246399047171
1225,larger,32,31,1.5086383061657274
1226,living,32,23,1.6382721639824072
1227,men,32,17,1.7695510786217261
1228,normal,32,21,1.6777807052660807
1229,pathophysiology,32,29,1.537602002101044
1230,percent,32,24,1.6197887582883939
1231,pharmacotherapies,32,24,1.6197887582883939
1232,pmos,32,6,2.221848749616356
1233,prespecified,32,27,1.5686362358410126
1234,recurrence,32,14,1.853871964321762
1235,regain,32,19,1.721246399047171
1236,resulting,32,31,1.5086383061657274
1237,shift,32,32,1.494850021680094
1238,specifically,32,31,1.5086383061657274
1239,steatohepatitis,32,26,1.585026652029182
1240,78,31,28,1.5528419686577808
1241,addressing,31,30,1.5228787452803376
1242,adjustment,31,24,1.6197887582883939
1243,along,31,26,1.585026652029182
1244,best,31,20,1.6989700043360187
1245,conclusions,31,27,1.5686362358410126
1246,containing,31,23,1.6382721639824072
1247,dialysis,31,12,1.9208187539523751
1248,enhance,31,28,1.5528419686577808
1249,fixed,31,22,1.6575773191777938
1250,flow,31,23,1.6382721639824072
1251,general,31,29,1.537602002101044
1252,glomerular,31,27,1.5686362358410126
1253,guidance,31,24,1.6197887582883939
1254,infarction,31,26,1.585026652029182
1255,initial,31,29,1.537602002101044
1256,mental,31,20,1.6989700043360187
1257,mouse,31,24,1.6197887582883939
1258,noise,31,7,2.154901959985743
1259,ongoing,31,26,1.585026652029182
1260,predicted,31,22,1.6575773191777938
1261,recently,31,29,1.537602002101044
1262,reference,31,21,1.6777807052660807
1263,registered,31,29,1.537602002101044
1264,series,31,17,1.7695510786217261
1265,supported,31,28,1.5528419686577808
1266,t,31,22,1.6575773191777938
1267,therapeutics,31,26,1.585026652029182
1268,article,30,30,1.5228787452803376
1269,atherosclerotic,30,24,1.6197887582883939
1270,behaviors,30,21,1.6777807052660807
1271,bile,30,18,1.744727494896694
1272,bioavailability,30,19,1.721246399047171
1273,challenge,30,29,1.537602002101044
1274,circumference,30,22,1.6575773191777938
1275,collaborative,30,30,1.5228787452803376
1276,complete,30,26,1.585026652029182
1277,define,30,29,1.537602002101044
1278,diverse,30,30,1.5228787452803376
1279,emergency,30,24,1.6197887582883939
1280,especially,30,29,1.537602002101044
1281,fewer,30,26,1.585026652029182
1282,greatest,30,27,1.5686362358410126
1283,guideline,30,21,1.6777807052660807
1284,iii,30,27,1.5686362358410126
1285,inception,30,30,1.5228787452803376
1286,indicating,30,29,1.537602002101044
1287,isolated,30,20,1.6989700043360187
1288,joint,30,17,1.7695510786217261
1289,mild,30,25,1.6020599913279623
1290,oa,30,6,2.221848749616356
1291,online,30,21,1.6777807052660807
1292,performance,30,21,1.6777807052660807
1293,pharmacologic,30,27,1.5686362358410126
1294,possible,30,29,1.537602002101044
1295,program,30,22,1.6575773191777938
1296,prospero,30,30,1.5228787452803376
1297,rare,30,28,1.5528419686577808
1298,requires,30,28,1.5528419686577808
1299,reviewed,30,28,1.5528419686577808
1300,screened,30,28,1.5528419686577808
1301,steatosis,30,22,1.6575773191777938
1302,suicide,30,7,2.154901959985743
1303,synthesizes,30,30,1.5228787452803376
1304,traditional,30,26,1.585026652029182
1305,triglycerides,30,22,1.6575773191777938
1306,unique,30,26,1.585026652029182
1307,various,30,29,1.537602002101044
1308,vitamin,30,15,1.8239087409443189
1309,2020,29,27,1.5686362358410126
1310,actions,29,27,1.5686362358410126
1311,articles,29,19,1.721246399047171
1312,aspiration,29,12,1.9208187539523751
1313,basis,29,26,1.585026652029182
1314,behavior,29,20,1.6989700043360187
1315,broad,29,24,1.6197887582883939
1316,causality,29,26,1.585026652029182
1317,decision,29,25,1.6020599913279623
1318,demonstrating,29,28,1.5528419686577808
1319,experience,29,27,1.5686362358410126
1320,full,29,20,1.6989700043360187
1321,ghrelin,29,13,1.8860566476931633
1322,if,29,22,1.6575773191777938
1323,ii,29,24,1.6197887582883939
1324,integration,29,27,1.5686362358410126
1325,inverse,29,25,1.6020599913279623
1326,line,29,24,1.6197887582883939
1327,making,29,27,1.5686362358410126
1328,nausea,29,27,1.5686362358410126
1329,pathological,29,23,1.6382721639824072
1330,prisma,29,27,1.5686362358410126
1331,product,29,19,1.721246399047171
1332,proposed,29,26,1.585026652029182
1333,randomly,29,18,1.744727494896694
1334,rapidly,29,29,1.537602002101044
1335,receive,29,25,1.6020599913279623
1336,same,29,28,1.5528419686577808
1337,spectrum,29,24,1.6197887582883939
1338,terms,29,25,1.6020599913279623
1339,thyroid,29,17,1.7695510786217261
1340,transplant,29,13,1.8860566476931633
1341,transporter,29,25,1.6020599913279623
1342,variable,29,26,1.585026652029182
1343,a1c,28,24,1.6197887582883939
1344,airway,28,14,1.853871964321762
1345,angiotensin,28,27,1.5686362358410126
1346,antipsychotic,28,9,2.0457574905606752
1347,become,28,28,1.5528419686577808
1348,chain,28,24,1.6197887582883939
1349,compounds,28,16,1.7958800173440752
1350,contemporary,28,24,1.6197887582883939
1351,content,28,19,1.721246399047171
1352,databases,28,26,1.585026652029182
1353,diagnostic,28,23,1.6382721639824072
1354,directed,28,25,1.6020599913279623
1355,dynamics,28,24,1.6197887582883939
1356,dysregulation,28,26,1.585026652029182
1357,excess,28,26,1.585026652029182
1358,family,28,21,1.6777807052660807
1359,glp1r,28,13,1.8860566476931633
1360,hospital,28,24,1.6197887582883939
1361,indicate,28,28,1.5528419686577808
1362,indicated,28,28,1.5528419686577808
1363,logistic,28,27,1.5686362358410126
1364,neuroprotective,28,20,1.6989700043360187
1365,offers,28,28,1.5528419686577808
1366,pairs,28,20,1.6989700043360187
1367,phenotypes,28,25,1.6020599913279623
1368,poor,28,28,1.5528419686577808
1369,progressive,28,27,1.5686362358410126
1370,provided,28,27,1.5686362358410126
1371,pyy,28,15,1.8239087409443189
1372,recommend,28,12,1.9208187539523751
1373,revision,28,14,1.853871964321762
1374,rgc,28,4,2.3979400086720375
1375,roles,28,23,1.6382721639824072
1376,ror,28,9,2.0457574905606752
1377,signal,28,22,1.6575773191777938
1378,significance,28,26,1.585026652029182
1379,treating,28,23,1.6382721639824072
1380,unknown,28,28,1.5528419686577808
1381,waist,28,21,1.6777807052660807
1382,work,28,25,1.6020599913279623
1383,worldwide,28,27,1.5686362358410126
1384,y,28,25,1.6020599913279623
1385,09,27,22,1.6575773191777938
1386,agent,27,24,1.6197887582883939
1387,amino,27,19,1.721246399047171
1388,ampk,27,22,1.6575773191777938
1389,anxiety,27,15,1.8239087409443189
1390,blind,27,27,1.5686362358410126
1391,ca2,27,7,2.154901959985743
1392,cardio,27,18,1.744727494896694
1393,concentration,27,22,1.6575773191777938
1394,evolving,27,26,1.585026652029182
1395,extend,27,26,1.585026652029182
1396,extracted,27,27,1.5686362358410126
1397,features,27,26,1.585026652029182
1398,fold,27,22,1.6575773191777938
1399,hair,27,5,2.3010299956639813
1400,incremental,27,19,1.721246399047171
1401,indications,27,27,1.5686362358410126
1402,informed,27,24,1.6197887582883939
1403,initiators,27,14,1.853871964321762
1404,injection,27,14,1.853871964321762
1405,integrity,27,23,1.6382721639824072
1406,involved,27,27,1.5686362358410126
1407,kaplan,27,22,1.6575773191777938
1408,linear,27,26,1.585026652029182
1409,meier,27,22,1.6575773191777938
1410,million,27,20,1.6989700043360187
1411,modifying,27,24,1.6197887582883939
1412,molecule,27,19,1.721246399047171
1413,m²,27,18,1.744727494896694
1414,neural,27,19,1.721246399047171
1415,neuropsychiatric,27,12,1.9208187539523751
1416,nlrp3,27,20,1.6989700043360187
1417,nutrient,27,22,1.6575773191777938
1418,objective,27,27,1.5686362358410126
1419,off,27,20,1.6989700043360187
1420,optic,27,14,1.853871964321762
1421,physicians,27,13,1.8860566476931633
1422,prediabetes,27,12,1.9208187539523751
1423,psychological,27,14,1.853871964321762
1424,questions,27,26,1.585026652029182
1425,sample,27,26,1.585026652029182
1426,second,27,24,1.6197887582883939
1427,selective,27,24,1.6197887582883939
1428,setting,27,25,1.6020599913279623
1429,social,27,22,1.6575773191777938
1430,statistical,27,24,1.6197887582883939
1431,withdrawal,27,16,1.7958800173440752
1432,acdf,26,5,2.3010299956639813
1433,adjunctive,26,21,1.6777807052660807
1434,assigned,26,16,1.7958800173440752
1435,cannot,26,26,1.585026652029182
1436,dedicated,26,23,1.6382721639824072
1437,delayed,26,22,1.6575773191777938
1438,disparities,26,10,2.0
1439,downstream,26,23,1.6382721639824072
1440,endogenous,26,19,1.721246399047171
1441,field,26,20,1.6989700043360187
1442,filtration,26,24,1.6197887582883939
1443,fmt,26,6,2.221848749616356
1444,fully,26,25,1.6020599913279623
1445,hhf,26,6,2.221848749616356
1446,highest,26,23,1.6382721639824072
1447,imaging,26,23,1.6382721639824072
1448,indicates,26,23,1.6382721639824072
1449,islets,26,13,1.8860566476931633
1450,library,26,25,1.6020599913279623
1451,mainly,26,25,1.6020599913279623
1452,marked,26,25,1.6020599913279623
1453,obstructive,26,25,1.6020599913279623
1454,operative,26,9,2.0457574905606752
1455,platform,26,20,1.6989700043360187
1456,procedure,26,18,1.744727494896694
1457,promise,26,25,1.6020599913279623
1458,rationale,26,24,1.6197887582883939
1459,record,26,24,1.6197887582883939
1460,repair,26,16,1.7958800173440752
1461,requirements,26,21,1.6777807052660807
1462,respiratory,26,19,1.721246399047171
1463,safe,26,25,1.6020599913279623
1464,select,26,14,1.853871964321762
1465,taking,26,19,1.721246399047171
1466,utility,26,22,1.6575773191777938
1467,water,26,12,1.9208187539523751
1468,achieve,25,25,1.6020599913279623
1469,activated,25,20,1.6989700043360187
1470,akt,25,17,1.7695510786217261
1471,albuminuria,25,17,1.7695510786217261
1472,analysed,25,22,1.6575773191777938
1473,aud,25,6,2.221848749616356
1474,carcinoma,25,21,1.6777807052660807
1475,characterize,25,24,1.6197887582883939
1476,china,25,12,1.9208187539523751
1477,clarify,25,24,1.6197887582883939
1478,collected,25,24,1.6197887582883939
1479,combining,25,22,1.6575773191777938
1480,contributes,25,24,1.6197887582883939
1481,cp,25,4,2.3979400086720375
1482,deficiency,25,15,1.8239087409443189
1483,demographic,25,21,1.6777807052660807
1484,eight,25,24,1.6197887582883939
1485,eligibility,25,17,1.7695510786217261
1486,escalation,25,19,1.721246399047171
1487,expanding,25,24,1.6197887582883939
1488,formulation,25,17,1.7695510786217261
1489,functions,25,23,1.6382721639824072
1490,gap,25,24,1.6197887582883939
1491,head,25,11,1.9586073148417749
1492,hoc,25,17,1.7695510786217261
1493,inclusion,25,24,1.6197887582883939
1494,injectable,25,17,1.7695510786217261
1495,insufficient,25,25,1.6020599913279623
1496,lack,25,24,1.6197887582883939
1497,ldl,25,17,1.7695510786217261
1498,markedly,25,25,1.6020599913279623
1499,mediation,25,17,1.7695510786217261
1500,medicare,25,14,1.853871964321762
1501,modern,25,16,1.7958800173440752
1502,negative,25,23,1.6382721639824072
1503,optimization,25,22,1.6575773191777938
1504,preliminary,25,24,1.6197887582883939
1505,prescriptions,25,17,1.7695510786217261
1506,presence,25,19,1.721246399047171
1507,probability,25,23,1.6382721639824072
1508,recovery,25,18,1.744727494896694
1509,rygb,25,9,2.0457574905606752
1510,settings,25,21,1.6777807052660807
1511,sg,25,8,2.0969100130080562
1512,superior,25,24,1.6197887582883939
1513,them,25,24,1.6197887582883939
1514,then,25,25,1.6020599913279623
1515,thus,25,24,1.6197887582883939
1516,trend,25,25,1.6020599913279623
1517,tumor,25,14,1.853871964321762
1518,120,24,15,1.8239087409443189
1519,affects,24,24,1.6197887582883939
1520,alterations,24,18,1.744727494896694
1521,animal,24,20,1.6989700043360187
1522,application,24,23,1.6382721639824072
1523,approval,24,21,1.6777807052660807
1524,ascvd,24,9,2.0457574905606752
1525,asian,24,14,1.853871964321762
1526,balanced,24,23,1.6382721639824072
1527,candidates,24,21,1.6777807052660807
1528,covariates,24,22,1.6575773191777938
1529,critically,24,24,1.6197887582883939
1530,db,24,6,2.221848749616356
1531,emphasis,24,24,1.6197887582883939
1532,epithelial,24,15,1.8239087409443189
1533,esge,24,1,3.0
1534,focusing,24,24,1.6197887582883939
1535,ibd,24,4,2.3979400086720375
1536,inform,24,21,1.6777807052660807
1537,males,24,17,1.7695510786217261
1538,mechanical,24,12,1.9208187539523751
1539,memory,24,11,1.9586073148417749
1540,might,24,22,1.6575773191777938
1541,mineralocorticoid,24,24,1.6197887582883939
1542,modulators,24,22,1.6575773191777938
1543,neuroinflammation,24,17,1.7695510786217261
1544,newly,24,18,1.744727494896694
1545,pharmacology,24,22,1.6575773191777938
1546,pharmacovigilance,24,18,1.744727494896694
1547,pr,24,2,2.6989700043360187
1548,presented,24,23,1.6382721639824072
1549,preserving,24,23,1.6382721639824072
1550,pro,24,21,1.6777807052660807
1551,reduces,24,23,1.6382721639824072
1552,reflect,24,23,1.6382721639824072
1553,regulating,24,23,1.6382721639824072
1554,remission,24,12,1.9208187539523751
1555,sarcopenia,24,15,1.8239087409443189
1556,serve,24,23,1.6382721639824072
1557,subsequently,24,24,1.6197887582883939
1558,substance,24,15,1.8239087409443189
1559,uptake,24,15,1.8239087409443189
1560,user,24,23,1.6382721639824072
1561,ventricular,24,13,1.8860566476931633
1562,vomiting,24,22,1.6575773191777938
1563,whom,24,24,1.6197887582883939
1564,worsening,24,15,1.8239087409443189
1565,wound,24,16,1.7958800173440752
1566,affect,23,23,1.6382721639824072
1567,analogs,23,13,1.8860566476931633
1568,apnea,23,19,1.721246399047171
1569,artery,23,15,1.8239087409443189
1570,assessments,23,20,1.6989700043360187
1571,carbohydrate,23,9,2.0457574905606752
1572,cessation,23,13,1.8860566476931633
1573,challenging,23,23,1.6382721639824072
1574,comprising,23,23,1.6382721639824072
1575,conclusion,23,23,1.6382721639824072
1576,consensus,23,15,1.8239087409443189
1577,consequences,23,19,1.721246399047171
1578,curve,23,20,1.6989700043360187
1579,de,23,16,1.7958800173440752
1580,designed,23,23,1.6382721639824072
1581,detection,23,12,1.9208187539523751
1582,digital,23,10,2.0
1583,docking,23,15,1.8239087409443189
1584,ecnoglutide,23,4,2.3979400086720375
1585,esgena,23,1,3.0
1586,evaluates,23,23,1.6382721639824072
1587,females,23,16,1.7958800173440752
1588,finally,23,22,1.6575773191777938
1589,foods,23,16,1.7958800173440752
1590,gdm,23,2,2.6989700043360187
1591,generated,23,22,1.6575773191777938
1592,glycated,23,23,1.6382721639824072
1593,indication,23,18,1.744727494896694
1594,induce,23,23,1.6382721639824072
1595,laboratory,23,21,1.6777807052660807
1596,link,23,21,1.6777807052660807
1597,lipoprotein,23,12,1.9208187539523751
1598,method,23,18,1.744727494896694
1599,modulate,23,23,1.6382721639824072
1600,nt,23,8,2.0969100130080562
1601,open,23,22,1.6575773191777938
1602,option,23,22,1.6575773191777938
1603,pathophysiological,23,22,1.6575773191777938
1604,predictors,23,18,1.744727494896694
1605,pregnancy,23,11,1.9586073148417749
1606,prolonged,23,18,1.744727494896694
1607,pseudarthrosis,23,7,2.154901959985743
1608,r,23,15,1.8239087409443189
1609,reactive,23,22,1.6575773191777938
1610,recommendation,23,4,2.3979400086720375
1611,requiring,23,22,1.6575773191777938
1612,resulted,23,23,1.6382721639824072
1613,satiety,23,14,1.853871964321762
1614,sedation,23,6,2.221848749616356
1615,structure,23,18,1.744727494896694
1616,survodutide,23,5,2.3010299956639813
1617,temporal,23,22,1.6575773191777938
1618,transcriptional,23,17,1.7695510786217261
1619,translation,23,20,1.6989700043360187
1620,07,22,20,1.6989700043360187
1621,2019,22,14,1.853871964321762
1622,2i,22,8,2.0969100130080562
1623,bodyweight,22,7,2.154901959985743
1624,conceptual,22,19,1.721246399047171
1625,concomitant,22,21,1.6777807052660807
1626,decisions,22,19,1.721246399047171
1627,demonstrates,22,22,1.6575773191777938
1628,density,22,19,1.721246399047171
1629,department,22,17,1.7695510786217261
1630,descriptive,22,19,1.721246399047171
1631,detected,22,19,1.721246399047171
1632,discontinued,22,17,1.7695510786217261
1633,discovery,22,16,1.7958800173440752
1634,distribution,22,19,1.721246399047171
1635,disturbances,22,20,1.6989700043360187
1636,driver,22,22,1.6575773191777938
1637,dyslipidemia,22,21,1.6777807052660807
1638,employed,22,21,1.6777807052660807
1639,enhancing,22,20,1.6989700043360187
1640,even,22,21,1.6777807052660807
1641,examining,22,21,1.6777807052660807
1642,expenditure,22,16,1.7958800173440752
1643,finerenone,22,11,1.9586073148417749
1644,gcgr,22,6,2.221848749616356
1645,genes,22,16,1.7958800173440752
1646,gi,22,10,2.0
1647,half,22,18,1.744727494896694
1648,homa,22,12,1.9208187539523751
1649,identifying,22,21,1.6777807052660807
1650,intensification,22,10,2.0
1651,iqr,22,10,2.0
1652,ir,22,13,1.8860566476931633
1653,language,22,17,1.7695510786217261
1654,largest,22,18,1.744727494896694
1655,lead,22,19,1.721246399047171
1656,lung,22,9,2.0457574905606752
1657,manner,22,20,1.6989700043360187
1658,march,22,22,1.6575773191777938
1659,medicines,22,10,2.0
1660,mm,22,12,1.9208187539523751
1661,moreover,22,20,1.6989700043360187
1662,musculoskeletal,22,15,1.8239087409443189
1663,neurons,22,10,2.0
1664,pathology,22,18,1.744727494896694
1665,perspective,22,21,1.6777807052660807
1666,pharmacokinetic,22,16,1.7958800173440752
1667,pharmacokinetics,22,17,1.7695510786217261
1668,potent,22,22,1.6575773191777938
1669,processes,22,20,1.6989700043360187
1670,qaly,22,6,2.221848749616356
1671,reactions,22,9,2.0457574905606752
1672,restricted,22,19,1.721246399047171
1673,senescence,22,10,2.0
1674,set,22,15,1.8239087409443189
1675,studied,22,22,1.6575773191777938
1676,suppressed,22,20,1.6989700043360187
1677,synthesized,22,21,1.6777807052660807
1678,systolic,22,17,1.7695510786217261
1679,tested,22,21,1.6777807052660807
1680,thresholds,22,16,1.7958800173440752
1681,tzp,22,3,2.5228787452803374
1682,western,22,19,1.721246399047171
1683,1s,21,6,2.221848749616356
1684,abnormalities,21,18,1.744727494896694
1685,add,21,16,1.7958800173440752
1686,adequate,21,20,1.6989700043360187
1687,affected,21,20,1.6989700043360187
1688,base,21,19,1.721246399047171
1689,classification,21,15,1.8239087409443189
1690,classified,21,18,1.744727494896694
1691,component,21,20,1.6989700043360187
1692,contributing,21,21,1.6777807052660807
1693,crosstalk,21,17,1.7695510786217261
1694,cumulative,21,19,1.721246399047171
1695,damage,21,18,1.744727494896694
1696,degradation,21,18,1.744727494896694
1697,demographics,21,21,1.6777807052660807
1698,determinants,21,18,1.744727494896694
1699,ea,21,2,2.6989700043360187
1700,education,21,18,1.744727494896694
1701,enteroendocrine,21,15,1.8239087409443189
1702,exposed,21,16,1.7958800173440752
1703,fed,21,14,1.853871964321762
1704,ferroptosis,21,7,2.154901959985743
1705,final,21,19,1.721246399047171
1706,improves,21,21,1.6777807052660807
1707,inconsistent,21,21,1.6777807052660807
1708,integrates,21,20,1.6989700043360187
1709,interpretation,21,19,1.721246399047171
1710,investigations,21,19,1.721246399047171
1711,kinase,21,17,1.7695510786217261
1712,knee,21,12,1.9208187539523751
1713,make,21,12,1.9208187539523751
1714,media,21,14,1.853871964321762
1715,mi,21,5,2.3010299956639813
1716,micronutrient,21,10,2.0
1717,newer,21,20,1.6989700043360187
1718,optimize,21,20,1.6989700043360187
1719,out,21,19,1.721246399047171
1720,parallel,21,21,1.6777807052660807
1721,peak,21,16,1.7958800173440752
1722,ph,21,5,2.3010299956639813
1723,predictive,21,12,1.9208187539523751
1724,process,21,20,1.6989700043360187
1725,pwh,21,5,2.3010299956639813
1726,smd,21,7,2.154901959985743
1727,stigma,21,12,1.9208187539523751
1728,summarize,21,21,1.6777807052660807
1729,suppressing,21,21,1.6777807052660807
1730,tool,21,21,1.6777807052660807
1731,tools,21,21,1.6777807052660807
1732,training,21,13,1.8860566476931633
1733,trajectory,21,17,1.7695510786217261
1734,values,21,20,1.6989700043360187
1735,visual,21,8,2.0969100130080562
1736,would,21,21,1.6777807052660807
1737,08,20,18,1.744727494896694
1738,200,20,10,2.0
1739,2018,20,17,1.7695510786217261
1740,abca1,20,3,2.5228787452803374
1741,abundance,20,17,1.7695510786217261
1742,assessing,20,19,1.721246399047171
1743,average,20,17,1.7695510786217261
1744,beneficiaries,20,5,2.3010299956639813
1745,centered,20,19,1.721246399047171
1746,codes,20,17,1.7695510786217261
1747,components,20,18,1.744727494896694
1748,corresponding,20,19,1.721246399047171
1749,coupled,20,18,1.744727494896694
1750,crp,20,9,2.0457574905606752
1751,describe,20,20,1.6989700043360187
1752,device,20,15,1.8239087409443189
1753,diastolic,20,14,1.853871964321762
1754,differentiation,20,13,1.8860566476931633
1755,discussed,20,18,1.744727494896694
1756,domains,20,17,1.7695510786217261
1757,dpn,20,3,2.5228787452803374
1758,drive,20,20,1.6989700043360187
1759,durable,20,18,1.744727494896694
1760,endoscopy,20,6,2.221848749616356
1761,epigenetic,20,13,1.8860566476931633
1762,fi,20,2,2.6989700043360187
1763,hip,20,13,1.8860566476931633
1764,ibs,20,2,2.6989700043360187
1765,july,20,19,1.721246399047171
1766,lps,20,11,1.9586073148417749
1767,metrics,20,13,1.8860566476931633
1768,modified,20,13,1.8860566476931633
1769,neurodegenerative,20,14,1.853871964321762
1770,occurring,20,19,1.721246399047171
1771,osteoarthritis,20,17,1.7695510786217261
1772,oud,20,6,2.221848749616356
1773,oxygen,20,13,1.8860566476931633
1774,paradigm,20,19,1.721246399047171
1775,part,20,17,1.7695510786217261
1776,partially,20,19,1.721246399047171
1777,prediction,20,14,1.853871964321762
1778,preservation,20,20,1.6989700043360187
1779,processing,20,14,1.853871964321762
1780,producing,20,20,1.6989700043360187
1781,quantitative,20,19,1.721246399047171
1782,raised,20,20,1.6989700043360187
1783,rd,20,8,2.0969100130080562
1784,recurrent,20,18,1.744727494896694
1785,regimen,20,12,1.9208187539523751
1786,relatively,20,20,1.6989700043360187
1787,renin,20,20,1.6989700043360187
1788,sensing,20,14,1.853871964321762
1789,size,20,20,1.6989700043360187
1790,stimulated,20,15,1.8239087409443189
1791,stimulation,20,13,1.8860566476931633
1792,symptom,20,14,1.853871964321762
1793,thiazolidinediones,20,14,1.853871964321762
1794,tissues,20,15,1.8239087409443189
1795,tubular,20,7,2.154901959985743
1796,until,20,20,1.6989700043360187
1797,upper,20,13,1.8860566476931633
1798,variability,20,18,1.744727494896694
1799,variables,20,16,1.7958800173440752
1800,yielded,20,20,1.6989700043360187
1801,aesthetic,19,6,2.221848749616356
1802,affecting,19,19,1.721246399047171
1803,alpha,19,7,2.154901959985743
1804,analytical,19,12,1.9208187539523751
1805,anterior,19,16,1.7958800173440752
1806,appears,19,18,1.744727494896694
1807,ba,19,3,2.5228787452803374
1808,calcium,19,18,1.744727494896694
1809,cerebrovascular,19,13,1.8860566476931633
1810,clear,19,18,1.744727494896694
1811,cm,19,10,2.0
1812,communication,19,15,1.8239087409443189
1813,comparators,19,15,1.8239087409443189
1814,contribution,19,17,1.7695510786217261
1815,core,19,17,1.7695510786217261
1816,delay,19,17,1.7695510786217261
1817,domain,19,13,1.8860566476931633
1818,effectively,19,18,1.744727494896694
1819,emphasizing,19,19,1.721246399047171
1820,encompassing,19,19,1.721246399047171
1821,expected,19,17,1.7695510786217261
1822,explored,19,19,1.721246399047171
1823,expressed,19,13,1.8860566476931633
1824,favourable,19,18,1.744727494896694
1825,gastrectomy,19,14,1.853871964321762
1826,gene,19,17,1.7695510786217261
1827,hcc,19,8,2.0969100130080562
1828,hemodynamic,19,16,1.7958800173440752
1829,humans,19,15,1.8239087409443189
1830,hypothalamic,19,14,1.853871964321762
1831,icd,19,17,1.7695510786217261
1832,inhibitory,19,18,1.744727494896694
1833,learning,19,14,1.853871964321762
1834,leptin,19,14,1.853871964321762
1835,m,19,12,1.9208187539523751
1836,measurement,19,15,1.8239087409443189
1837,metabolomic,19,9,2.0457574905606752
1838,mitigate,19,18,1.744727494896694
1839,must,19,18,1.744727494896694
1840,nearly,19,18,1.744727494896694
1841,obtained,19,18,1.744727494896694
1842,offering,19,19,1.721246399047171
1843,partial,19,16,1.7958800173440752
1844,pattern,19,18,1.744727494896694
1845,physiology,19,15,1.8239087409443189
1846,policy,19,16,1.7958800173440752
1847,preferred,19,18,1.744727494896694
1848,priorities,19,19,1.721246399047171
1849,protocol,19,17,1.7695510786217261
1850,publication,19,14,1.853871964321762
1851,retinopathy,19,9,2.0457574905606752
1852,smi,19,3,2.5228787452803374
1853,threshold,19,17,1.7695510786217261
1854,unchanged,19,18,1.744727494896694
1855,united,19,16,1.7958800173440752
1856,vary,19,18,1.744727494896694
1857,weighting,19,17,1.7695510786217261
1858,what,19,17,1.7695510786217261
1859,180,18,13,1.8860566476931633
1860,absence,18,18,1.744727494896694
1861,account,18,18,1.744727494896694
1862,act,18,17,1.7695510786217261
1863,additive,18,15,1.8239087409443189
1864,appeared,18,15,1.8239087409443189
1865,arm,18,14,1.853871964321762
1866,around,18,17,1.7695510786217261
1867,arthroplasty,18,15,1.8239087409443189
1868,august,18,18,1.744727494896694
1869,biliary,18,5,2.3010299956639813
1870,bowel,18,8,2.0969100130080562
1871,breast,18,9,2.0457574905606752
1872,cardioprotective,18,12,1.9208187539523751
1873,cervical,18,7,2.154901959985743
1874,compound,18,10,2.0
1875,confer,18,18,1.744727494896694
1876,confirmation,18,18,1.744727494896694
1877,convergence,18,16,1.7958800173440752
1878,creatinine,18,15,1.8239087409443189
1879,crossover,18,17,1.7695510786217261
1880,da,18,3,2.5228787452803374
1881,described,18,17,1.7695510786217261
1882,developing,18,17,1.7695510786217261
1883,endoscopic,18,13,1.8860566476931633
1884,er,18,6,2.221848749616356
1885,experiments,18,16,1.7958800173440752
1886,fecal,18,12,1.9208187539523751
1887,glargine,18,8,2.0969100130080562
1888,glp1ra,18,6,2.221848749616356
1889,hfd,18,5,2.3010299956639813
1890,hscrp,18,4,2.3979400086720375
1891,https,18,16,1.7958800173440752
1892,icosema,18,3,2.5228787452803374
1893,infusion,18,8,2.0969100130080562
1894,intensity,18,13,1.8860566476931633
1895,international,18,18,1.744727494896694
1896,main,18,18,1.744727494896694
1897,methodological,18,16,1.7958800173440752
1898,mrna,18,13,1.8860566476931633
1899,nvamd,18,1,3.0
1900,occur,18,18,1.744727494896694
1901,occurrence,18,15,1.8239087409443189
1902,october,18,15,1.8239087409443189
1903,outline,18,18,1.744727494896694
1904,ovary,18,14,1.853871964321762
1905,phenotyping,18,16,1.7958800173440752
1906,pk,18,8,2.0969100130080562
1907,pka,18,10,2.0
1908,play,18,18,1.744727494896694
1909,preventing,18,17,1.7695510786217261
1910,priority,18,14,1.853871964321762
1911,profiling,18,14,1.853871964321762
1912,programs,18,17,1.7695510786217261
1913,proteins,18,17,1.7695510786217261
1914,questionnaire,18,17,1.7695510786217261
1915,re,18,12,1.9208187539523751
1916,readmission,18,12,1.9208187539523751
1917,replacement,18,18,1.744727494896694
1918,resistant,18,11,1.9586073148417749
1919,resolution,18,14,1.853871964321762
1920,restriction,18,13,1.8860566476931633
1921,retention,18,15,1.8239087409443189
1922,rna,18,13,1.8860566476931633
1923,seven,18,18,1.744727494896694
1924,showing,18,18,1.744727494896694
1925,similarly,18,17,1.7695510786217261
1926,sirt1,18,11,1.9586073148417749
1927,sleeve,18,15,1.8239087409443189
1928,socioeconomic,18,11,1.9586073148417749
1929,synthesize,18,18,1.744727494896694
1930,tka,18,4,2.3979400086720375
1931,tnf,18,14,1.853871964321762
1932,transplantation,18,14,1.853871964321762
1933,twenty,18,18,1.744727494896694
1934,utilized,18,17,1.7695510786217261
1935,washout,18,12,1.9208187539523751
1936,κb,18,11,1.9586073148417749
1937,1a,17,6,2.221848749616356
1938,above,17,15,1.8239087409443189
1939,adenocarcinoma,17,5,2.3010299956639813
1940,ai,17,5,2.3010299956639813
1941,albumin,17,16,1.7958800173440752
1942,below,17,15,1.8239087409443189
1943,bioactive,17,12,1.9208187539523751
1944,cancers,17,11,1.9586073148417749
1945,causes,17,16,1.7958800173440752
1946,cirrhosis,17,14,1.853871964321762
1947,combine,17,5,2.3010299956639813
1948,depressive,17,9,2.0457574905606752
1949,dermatologic,17,9,2.0457574905606752
1950,dr,17,4,2.3979400086720375
1951,dysphagia,17,7,2.154901959985743
1952,economic,17,9,2.0457574905606752
1953,ed,17,8,2.0969100130080562
1954,empagliflozin,17,7,2.154901959985743
1955,equitable,17,14,1.853871964321762
1956,expert,17,12,1.9208187539523751
1957,extended,17,12,1.9208187539523751
1958,few,17,16,1.7958800173440752
1959,finding,17,17,1.7695510786217261
1960,hepatocellular,17,16,1.7958800173440752
1961,hiv,17,6,2.221848749616356
1962,hospitalisation,17,8,2.0969100130080562
1963,identifier,17,15,1.8239087409443189
1964,infections,17,12,1.9208187539523751
1965,interleukin,17,13,1.8860566476931633
1966,islet,17,9,2.0457574905606752
1967,labeled,17,2,2.6989700043360187
1968,lines,17,12,1.9208187539523751
1969,little,17,17,1.7695510786217261
1970,lost,17,13,1.8860566476931633
1971,macrophages,17,5,2.3010299956639813
1972,magnetic,17,16,1.7958800173440752
1973,magnitude,17,16,1.7958800173440752
1974,mazdutide,17,5,2.3010299956639813
1975,medicaid,17,6,2.221848749616356
1976,metabolite,17,14,1.853871964321762
1977,minimal,17,17,1.7695510786217261
1978,nf,17,11,1.9586073148417749
1979,nine,17,17,1.7695510786217261
1980,observations,17,14,1.853871964321762
1981,panel,17,10,2.0
1982,past,17,17,1.7695510786217261
1983,pathogenesis,17,17,1.7695510786217261
1984,periods,17,17,1.7695510786217261
1985,phosphorylation,17,14,1.853871964321762
1986,pi3k,17,12,1.9208187539523751
1987,pivotal,17,15,1.8239087409443189
1988,practices,17,12,1.9208187539523751
1989,progress,17,17,1.7695510786217261
1990,promotes,17,17,1.7695510786217261
1991,ranging,17,17,1.7695510786217261
1992,recognition,17,15,1.8239087409443189
1993,reflux,17,10,2.0
1994,regimens,17,12,1.9208187539523751
1995,regulate,17,17,1.7695510786217261
1996,relationships,17,16,1.7958800173440752
1997,resmetirom,17,11,1.9586073148417749
1998,responsiveness,17,11,1.9586073148417749
1999,reveal,17,17,1.7695510786217261
2000,reverse,17,13,1.8860566476931633
2001,samples,17,15,1.8239087409443189
2002,satisfaction,17,7,2.154901959985743
2003,sensitive,17,13,1.8860566476931633
2004,sequence,17,15,1.8239087409443189
2005,shows,17,17,1.7695510786217261
2006,species,17,15,1.8239087409443189
2007,stiffness,17,11,1.9586073148417749
2008,still,17,17,1.7695510786217261
2009,strongly,17,17,1.7695510786217261
2010,suicidality,17,9,2.0457574905606752
2011,uk,17,14,1.853871964321762
2012,venous,17,8,2.0969100130080562
2013,wide,17,13,1.8860566476931633
2014,yy,17,13,1.8860566476931633
2015,1000,16,9,2.0457574905606752
2016,2014,16,13,1.8860566476931633
2017,2016,16,15,1.8239087409443189
2018,aggregation,16,7,2.154901959985743
2019,alter,16,16,1.7958800173440752
2020,appear,16,16,1.7958800173440752
2021,areas,16,15,1.8239087409443189
2022,assays,16,14,1.853871964321762
2023,auc,16,10,2.0
2024,bidirectional,16,15,1.8239087409443189
2025,black,16,6,2.221848749616356
2026,characterised,16,15,1.8239087409443189
2027,cns,16,8,2.0969100130080562
2028,compounded,16,8,2.0969100130080562
2029,considering,16,16,1.7958800173440752
2030,conversely,16,15,1.8239087409443189
2031,correlated,16,11,1.9586073148417749
2032,craving,16,11,1.9586073148417749
2033,deficiencies,16,11,1.9586073148417749
2034,differential,16,15,1.8239087409443189
2035,disrupted,16,15,1.8239087409443189
2036,dpp4is,16,7,2.154901959985743
2037,english,16,15,1.8239087409443189
2038,ethical,16,7,2.154901959985743
2039,exhibit,16,15,1.8239087409443189
2040,february,16,15,1.8239087409443189
2041,fluid,16,9,2.0457574905606752
2042,haemoglobin,16,14,1.853871964321762
2043,harm,16,13,1.8860566476931633
2044,having,16,12,1.9208187539523751
2045,hdl,16,10,2.0
2046,hispanic,16,6,2.221848749616356
2047,identification,16,14,1.853871964321762
2048,immunometabolic,16,12,1.9208187539523751
2049,implicated,16,15,1.8239087409443189
2050,importantly,16,16,1.7958800173440752
2051,invasive,16,14,1.853871964321762
2052,japan,16,6,2.221848749616356
2053,links,16,16,1.7958800173440752
2054,measurements,16,16,1.7958800173440752
2055,nad,16,7,2.154901959985743
2056,nervous,16,16,1.7958800173440752
2057,neurological,16,12,1.9208187539523751
2058,neuronal,16,12,1.9208187539523751
2059,ocular,16,7,2.154901959985743
2060,osteoporosis,16,7,2.154901959985743
2061,pancreas,16,10,2.0
2062,participant,16,10,2.0
2063,persisted,16,14,1.853871964321762
2064,person,16,12,1.9208187539523751
2065,personalized,16,15,1.8239087409443189
2066,pharmaceuticals,16,8,2.0969100130080562
2067,pharmacy,16,6,2.221848749616356
2068,phentermine,16,9,2.0457574905606752
2069,pioglitazone,16,9,2.0457574905606752
2070,polycystic,16,13,1.8860566476931633
2071,polysaccharides,16,7,2.154901959985743
2072,presents,16,14,1.853871964321762
2073,previous,16,15,1.8239087409443189
2074,probnp,16,7,2.154901959985743
2075,produce,16,15,1.8239087409443189
2076,rat,16,8,2.0969100130080562
2077,repeated,16,16,1.7958800173440752
2078,repurposed,16,10,2.0
2079,resonance,16,15,1.8239087409443189
2080,restoring,16,15,1.8239087409443189
2081,result,16,16,1.7958800173440752
2082,rise,16,15,1.8239087409443189
2083,seeking,16,13,1.8860566476931633
2084,sites,16,14,1.853871964321762
2085,strongest,16,16,1.7958800173440752
2086,surveillance,16,16,1.7958800173440752
2087,synergistic,16,14,1.853871964321762
2088,transition,16,14,1.853871964321762
2089,trends,16,16,1.7958800173440752
2090,triglyceride,16,13,1.8860566476931633
2091,types,16,15,1.8239087409443189
2092,uncertainty,16,16,1.7958800173440752
2093,variants,16,10,2.0
2094,variation,16,15,1.8239087409443189
2095,window,16,13,1.8860566476931633
2096,z,16,7,2.154901959985743
2097,002,15,13,1.8860566476931633
2098,1β,15,12,1.9208187539523751
2099,2010,15,14,1.853871964321762
2100,2017,15,13,1.8860566476931633
2101,365,15,9,2.0457574905606752
2102,ablation,15,8,2.0969100130080562
2103,adequately,15,14,1.853871964321762
2104,adolescent,15,10,2.0
2105,ahi,15,4,2.3979400086720375
2106,anthropometric,15,11,1.9586073148417749
2107,apoptosis,15,14,1.853871964321762
2108,april,15,15,1.8239087409443189
2109,arrhythmia,15,5,2.3010299956639813
2110,astrocyte,15,7,2.154901959985743
2111,bacterial,15,6,2.221848749616356
2112,billion,15,9,2.0457574905606752
2113,bypass,15,13,1.8860566476931633
2114,certain,15,14,1.853871964321762
2115,choice,15,10,2.0
2116,clinic,15,11,1.9586073148417749
2117,closely,15,15,1.8239087409443189
2118,coded,15,11,1.9586073148417749
2119,colonic,15,11,1.9586073148417749
2120,combinations,15,12,1.9208187539523751
2121,community,15,9,2.0457574905606752
2122,competing,15,9,2.0457574905606752
2123,consideration,15,15,1.8239087409443189
2124,coordinated,15,13,1.8860566476931633
2125,crc,15,2,2.6989700043360187
2126,cue,15,8,2.0969100130080562
2127,cyclic,15,9,2.0457574905606752
2128,determined,15,15,1.8239087409443189
2129,discharge,15,6,2.221848749616356
2130,disordered,15,11,1.9586073148417749
2131,dna,15,13,1.8860566476931633
2132,dynamic,15,13,1.8860566476931633
2133,epidemiological,15,13,1.8860566476931633
2134,esophageal,15,3,2.5228787452803374
2135,european,15,11,1.9586073148417749
2136,expanded,15,15,1.8239087409443189
2137,feasibility,15,8,2.0969100130080562
2138,foundational,15,12,1.9208187539523751
2139,fracture,15,6,2.221848749616356
2140,fractures,15,10,2.0
2141,frailty,15,8,2.0969100130080562
2142,fxr,15,5,2.3010299956639813
2143,genetically,15,9,2.0457574905606752
2144,gld,15,3,2.5228787452803374
2145,google,15,15,1.8239087409443189
2146,hidradenitis,15,12,1.9208187539523751
2147,host,15,12,1.9208187539523751
2148,hypoglycemic,15,11,1.9586073148417749
2149,inflammasome,15,13,1.8860566476931633
2150,influences,15,14,1.853871964321762
2151,inpatient,15,9,2.0457574905606752
2152,intensive,15,14,1.853871964321762
2153,iron,15,11,1.9586073148417749
2154,iv,15,9,2.0457574905606752
2155,ketoacidosis,15,11,1.9586073148417749
2156,lacking,15,15,1.8239087409443189
2157,landmark,15,12,1.9208187539523751
2158,local,15,13,1.8860566476931633
2159,macrophage,15,7,2.154901959985743
2160,meet,15,15,1.8239087409443189
2161,menopause,15,7,2.154901959985743
2162,microvascular,15,11,1.9586073148417749
2163,motility,15,11,1.9586073148417749
2164,motivation,15,7,2.154901959985743
2165,nationwide,15,15,1.8239087409443189
2166,natural,15,12,1.9208187539523751
2167,opportunities,15,14,1.853871964321762
2168,ovarian,15,11,1.9586073148417749
2169,predictor,15,11,1.9586073148417749
2170,probiotic,15,6,2.221848749616356
2171,psychosocial,15,11,1.9586073148417749
2172,publications,15,14,1.853871964321762
2173,quantified,15,15,1.8239087409443189
2174,randomization,15,13,1.8860566476931633
2175,ranking,15,10,2.0
2176,rebound,15,4,2.3979400086720375
2177,recipients,15,8,2.0969100130080562
2178,recommended,15,12,1.9208187539523751
2179,regardless,15,11,1.9586073148417749
2180,regulator,15,14,1.853871964321762
2181,reprogramming,15,13,1.8860566476931633
2182,restoration,15,11,1.9586073148417749
2183,reviewers,15,15,1.8239087409443189
2184,right,15,7,2.154901959985743
2185,scientific,15,13,1.8860566476931633
2186,she,15,6,2.221848749616356
2187,si,15,3,2.5228787452803374
2188,solid,15,12,1.9208187539523751
2189,stages,15,14,1.853871964321762
2190,sting,15,4,2.3979400086720375
2191,success,15,15,1.8239087409443189
2192,suicidal,15,8,2.0969100130080562
2193,summary,15,14,1.853871964321762
2194,suppurativa,15,12,1.9208187539523751
2195,switching,15,7,2.154901959985743
2196,testosterone,15,5,2.3010299956639813
2197,tgr5,15,8,2.0969100130080562
2198,thrombosis,15,11,1.9586073148417749
2199,transient,15,14,1.853871964321762
2200,understand,15,15,1.8239087409443189
2201,upf,15,2,2.6989700043360187
2202,upregulated,15,12,1.9208187539523751
2203,upstream,15,14,1.853871964321762
2204,vulnerability,15,10,2.0
2205,woman,15,14,1.853871964321762
2206,young,15,9,2.0457574905606752
2207,00001,14,4,2.3979400086720375
2208,2013,14,12,1.9208187539523751
2209,2015,14,13,1.8860566476931633
2210,abdominal,14,8,2.0969100130080562
2211,ability,14,14,1.853871964321762
2212,absorption,14,11,1.9586073148417749
2213,advice,14,2,2.6989700043360187
2214,aki,14,3,2.5228787452803374
2215,analogues,14,11,1.9586073148417749
2216,animals,14,9,2.0457574905606752
2217,annual,14,9,2.0457574905606752
2218,another,14,12,1.9208187539523751
2219,attenuation,14,12,1.9208187539523751
2220,autophagy,14,10,2.0
2221,awareness,14,10,2.0
2222,axes,14,11,1.9586073148417749
2223,caloric,14,12,1.9208187539523751
2224,calorie,14,7,2.154901959985743
2225,capture,14,13,1.8860566476931633
2226,caution,14,12,1.9208187539523751
2227,cautiously,14,14,1.853871964321762
2228,cavi,14,2,2.6989700043360187
2229,comprised,14,14,1.853871964321762
2230,concept,14,14,1.853871964321762
2231,concern,14,14,1.853871964321762
2232,concurrent,14,12,1.9208187539523751
2233,consequently,14,14,1.853871964321762
2234,constrained,14,13,1.8860566476931633
2235,deaths,14,10,2.0
2236,declined,14,11,1.9586073148417749
2237,decreasing,14,10,2.0
2238,definitive,14,12,1.9208187539523751
2239,dependence,14,5,2.3010299956639813
2240,dermatology,14,7,2.154901959985743
2241,develop,14,12,1.9208187539523751
2242,disproportionality,14,10,2.0
2243,disruption,14,13,1.8860566476931633
2244,driving,14,14,1.853871964321762
2245,dysbiosis,14,10,2.0
2246,ebmt,14,1,3.0
2247,enrichment,14,13,1.8860566476931633
2248,era,14,12,1.9208187539523751
2249,evaluations,14,11,1.9586073148417749
2250,evoke,14,4,2.3979400086720375
2251,excessive,14,14,1.853871964321762
2252,expand,14,14,1.853871964321762
2253,facial,14,6,2.221848749616356
2254,facilitate,14,14,1.853871964321762
2255,fibrotic,14,13,1.8860566476931633
2256,frameworks,14,12,1.9208187539523751
2257,gerd,14,6,2.221848749616356
2258,glycemia,14,9,2.0457574905606752
2259,healing,14,11,1.9586073148417749
2260,hippocampal,14,6,2.221848749616356
2261,hold,14,8,2.0969100130080562
2262,hospitalizations,14,11,1.9586073148417749
2263,hour,14,10,2.0
2264,hypoxia,14,5,2.3010299956639813
2265,ideation,14,8,2.0969100130080562
2266,imbalance,14,12,1.9208187539523751
2267,inadequate,14,9,2.0457574905606752
2268,initially,14,14,1.853871964321762
2269,intermittent,14,9,2.0457574905606752
2270,ion,14,7,2.154901959985743
2271,left,14,11,1.9586073148417749
2272,limit,14,14,1.853871964321762
2273,maintained,14,13,1.8860566476931633
2274,maintaining,14,14,1.853871964321762
2275,maximum,14,12,1.9208187539523751
2276,mediators,14,10,2.0
2277,modestly,14,14,1.853871964321762
2278,modifications,14,13,1.8860566476931633
2279,mol,14,9,2.0457574905606752
2280,mr,14,4,2.3979400086720375
2281,ms,14,7,2.154901959985743
2282,mtor,14,10,2.0
2283,needs,14,13,1.8860566476931633
2284,neurohormonal,14,8,2.0969100130080562
2285,ogtt,14,8,2.0969100130080562
2286,partly,14,14,1.853871964321762
2287,permeability,14,9,2.0457574905606752
2288,postmenopausal,14,6,2.221848749616356
2289,procedural,14,7,2.154901959985743
2290,pronounced,14,13,1.8860566476931633
2291,question,14,14,1.853871964321762
2292,register,14,13,1.8860566476931633
2293,regulated,14,14,1.853871964321762
2294,rising,14,14,1.853871964321762
2295,salivary,14,4,2.3979400086720375
2296,scholar,14,14,1.853871964321762
2297,separate,14,14,1.853871964321762
2298,sequencing,14,12,1.9208187539523751
2299,service,14,11,1.9586073148417749
2300,sizes,14,14,1.853871964321762
2301,source,14,12,1.9208187539523751
2302,sources,14,12,1.9208187539523751
2303,sr,14,2,2.6989700043360187
2304,statements,14,9,2.0457574905606752
2305,statins,14,11,1.9586073148417749
2306,step,14,12,1.9208187539523751
2307,stimulate,14,13,1.8860566476931633
2308,superiority,14,10,2.0
2309,suppress,14,13,1.8860566476931633
2310,sustain,14,13,1.8860566476931633
2311,tailored,14,14,1.853871964321762
2312,techniques,14,12,1.9208187539523751
2313,tha,14,4,2.3979400086720375
2314,throughout,14,14,1.853871964321762
2315,unit,14,12,1.9208187539523751
2316,updated,14,13,1.8860566476931633
2317,variance,14,11,1.9586073148417749
2318,varying,14,13,1.8860566476931633
2319,weighted,14,11,1.9586073148417749
2320,younger,14,11,1.9586073148417749
2321,accessibility,13,13,1.8860566476931633
2322,activating,13,10,2.0
2323,adjusting,13,12,1.9208187539523751
2324,adjuvant,13,7,2.154901959985743
2325,ae,13,10,2.0
2326,ahr,13,4,2.3979400086720375
2327,already,13,12,1.9208187539523751
2328,alt,13,7,2.154901959985743
2329,antagonism,13,8,2.0969100130080562
2330,argue,13,13,1.8860566476931633
2331,arthritis,13,7,2.154901959985743
2332,asia,13,7,2.154901959985743
2333,bacteria,13,10,2.0
2334,bc,13,2,2.6989700043360187
2335,bipolar,13,6,2.221848749616356
2336,blockade,13,9,2.0457574905606752
2337,c3m,13,1,3.0
2338,clearance,13,9,2.0457574905606752
2339,consider,13,13,1.8860566476931633
2340,contents,13,9,2.0457574905606752
2341,cornerstone,13,13,1.8860566476931633
2342,correction,13,9,2.0457574905606752
2343,course,13,11,1.9586073148417749
2344,cravings,13,7,2.154901959985743
2345,decades,13,13,1.8860566476931633
2346,differed,13,13,1.8860566476931633
2347,discusses,13,13,1.8860566476931633
2348,dul,13,2,2.6989700043360187
2349,durability,13,13,1.8860566476931633
2350,earlier,13,13,1.8860566476931633
2351,ehr,13,7,2.154901959985743
2352,elective,13,9,2.0457574905606752
2353,emergent,13,11,1.9586073148417749
2354,emulation,13,12,1.9208187539523751
2355,en,13,12,1.9208187539523751
2356,enabling,13,13,1.8860566476931633
2357,enhances,13,13,1.8860566476931633
2358,ensure,13,12,1.9208187539523751
2359,enzyme,13,11,1.9586073148417749
2360,equations,13,8,2.0969100130080562
2361,exclusion,13,13,1.8860566476931633
2362,explain,13,13,1.8860566476931633
2363,fc,13,3,2.5228787452803374
2364,foot,13,3,2.5228787452803374
2365,formation,13,11,1.9586073148417749
2366,gcg,13,4,2.3979400086720375
2367,identifies,13,13,1.8860566476931633
2368,impair,13,13,1.8860566476931633
2369,includes,13,12,1.9208187539523751
2370,institute,13,11,1.9586073148417749
2371,involvement,13,13,1.8860566476931633
2372,irr,13,6,2.221848749616356
2373,i²,13,8,2.0969100130080562
2374,late,13,11,1.9586073148417749
2375,later,13,10,2.0
2376,ld,13,2,2.6989700043360187
2377,limiting,13,12,1.9208187539523751
2378,lipids,13,12,1.9208187539523751
2379,liquid,13,10,2.0
2380,majority,13,13,1.8860566476931633
2381,measure,13,11,1.9586073148417749
2382,mendelian,13,11,1.9586073148417749
2383,metabolically,13,13,1.8860566476931633
2384,mlf,13,1,3.0
2385,molecules,13,11,1.9586073148417749
2386,mood,13,7,2.154901959985743
2387,multicenter,13,13,1.8860566476931633
2388,multicentre,13,13,1.8860566476931633
2389,nerve,13,11,1.9586073148417749
2390,neuroendocrine,13,9,2.0457574905606752
2391,nm,13,9,2.0457574905606752
2392,november,13,13,1.8860566476931633
2393,novo,13,12,1.9208187539523751
2394,objectives,13,13,1.8860566476931633
2395,ophthalmic,13,10,2.0
2396,organs,13,9,2.0457574905606752
2397,output,13,13,1.8860566476931633
2398,overview,13,13,1.8860566476931633
2399,paired,13,8,2.0969100130080562
2400,pairwise,13,9,2.0457574905606752
2401,pathogenic,13,10,2.0
2402,perceived,13,6,2.221848749616356
2403,perspectives,13,12,1.9208187539523751
2404,pharmaceutical,13,11,1.9586073148417749
2405,powered,13,12,1.9208187539523751
2406,precise,13,12,1.9208187539523751
2407,pressures,13,10,2.0
2408,probiotics,13,9,2.0457574905606752
2409,projected,13,6,2.221848749616356
2410,proportions,13,10,2.0
2411,proposes,13,13,1.8860566476931633
2412,prr,13,5,2.3010299956639813
2413,psoriasis,13,9,2.0457574905606752
2414,pyroptosis,13,6,2.221848749616356
2415,race,13,12,1.9208187539523751
2416,raising,13,13,1.8860566476931633
2417,ranked,13,9,2.0457574905606752
2418,region,13,12,1.9208187539523751
2419,representing,13,13,1.8860566476931633
2420,respondents,13,6,2.221848749616356
2421,retained,13,13,1.8860566476931633
2422,retinal,13,8,2.0969100130080562
2423,rich,13,11,1.9586073148417749
2424,rigorous,13,13,1.8860566476931633
2425,robustness,13,11,1.9586073148417749
2426,seen,13,13,1.8860566476931633
2427,signatures,13,13,1.8860566476931633
2428,simulations,13,11,1.9586073148417749
2429,simultaneously,13,13,1.8860566476931633
2430,sitagliptin,13,5,2.3010299956639813
2431,started,13,10,2.0
2432,stimulating,13,12,1.9208187539523751
2433,stronger,13,13,1.8860566476931633
2434,subjects,13,7,2.154901959985743
2435,suboptimal,13,13,1.8860566476931633
2436,subtypes,13,10,2.0
2437,successfully,13,13,1.8860566476931633
2438,synthetic,13,9,2.0457574905606752
2439,third,13,13,1.8860566476931633
2440,topiramate,13,7,2.154901959985743
2441,varied,13,13,1.8860566476931633
2442,view,13,12,1.9208187539523751
2443,virtual,13,6,2.221848749616356
2444,visit,13,11,1.9586073148417749
2445,warrants,13,13,1.8860566476931633
2446,wc,13,3,2.5228787452803374
2447,widespread,13,13,1.8860566476931633
2448,academic,12,11,1.9586073148417749
2449,acceptable,12,12,1.9208187539523751
2450,accounted,12,10,2.0
2451,activities,12,10,2.0
2452,adaptive,12,10,2.0
2453,adiponectin,12,8,2.0969100130080562
2454,advancing,12,10,2.0
2455,aom,12,2,2.6989700043360187
2456,applications,12,9,2.0457574905606752
2457,assay,12,6,2.221848749616356
2458,availability,12,12,1.9208187539523751
2459,bdnf,12,3,2.5228787452803374
2460,biochemical,12,11,1.9586073148417749
2461,biologically,12,12,1.9208187539523751
2462,biopsy,12,9,2.0457574905606752
2463,bip,12,3,2.5228787452803374
2464,brca1,12,1,3.0
2465,bw,12,3,2.5228787452803374
2466,captured,12,12,1.9208187539523751
2467,carbon,12,6,2.221848749616356
2468,careful,12,12,1.9208187539523751
2469,centers,12,7,2.154901959985743
2470,circuits,12,7,2.154901959985743
2471,clinician,12,8,2.0969100130080562
2472,complicated,12,11,1.9586073148417749
2473,conditional,12,6,2.221848749616356
2474,considerable,12,12,1.9208187539523751
2475,consumed,12,7,2.154901959985743
2476,continuum,12,11,1.9586073148417749
2477,coupling,12,7,2.154901959985743
2478,covered,12,7,2.154901959985743
2479,cycle,12,11,1.9586073148417749
2480,dd01,12,1,3.0
2481,demand,12,11,1.9586073148417749
2482,deposition,12,11,1.9586073148417749
2483,describes,12,12,1.9208187539523751
2484,designs,12,11,1.9586073148417749
2485,deterioration,12,10,2.0
2486,directions,12,12,1.9208187539523751
2487,distinguish,12,12,1.9208187539523751
2488,divided,12,12,1.9208187539523751
2489,dme,12,3,2.5228787452803374
2490,dopaminergic,12,6,2.221848749616356
2491,elderly,12,8,2.0969100130080562
2492,elicited,12,10,2.0
2493,enrollees,12,3,2.5228787452803374
2494,environment,12,12,1.9208187539523751
2495,environmental,12,8,2.0969100130080562
2496,enzymes,12,9,2.0457574905606752
2497,erectile,12,5,2.3010299956639813
2498,ex,12,5,2.3010299956639813
2499,exacerbation,12,5,2.3010299956639813
2500,excluding,12,12,1.9208187539523751
2501,explained,12,11,1.9586073148417749
2502,external,12,10,2.0
2503,foundation,12,12,1.9208187539523751
2504,gained,12,11,1.9586073148417749
2505,gallbladder,12,5,2.3010299956639813
2506,generate,12,12,1.9208187539523751
2507,globally,12,12,1.9208187539523751
2508,incomplete,12,11,1.9586073148417749
2509,incorporating,12,12,1.9208187539523751
2510,induction,12,10,2.0
2511,injections,12,9,2.0457574905606752
2512,interconnected,12,12,1.9208187539523751
2513,intracellular,12,12,1.9208187539523751
2514,intravenous,12,8,2.0969100130080562
2515,issues,12,12,1.9208187539523751
2516,itself,12,12,1.9208187539523751
2517,japanese,12,7,2.154901959985743
2518,lncrna,12,2,2.6989700043360187
2519,lowered,12,12,1.9208187539523751
2520,lowest,12,10,2.0
2521,managed,12,12,1.9208187539523751
2522,matrix,12,9,2.0457574905606752
2523,metald,12,1,3.0
2524,mmhg,12,8,2.0969100130080562
2525,much,12,11,1.9586073148417749
2526,multimodal,12,11,1.9586073148417749
2527,natriuretic,12,9,2.0457574905606752
2528,neoplasms,12,5,2.3010299956639813
2529,net,12,10,2.0
2530,obstruction,12,6,2.221848749616356
2531,orally,12,12,1.9208187539523751
2532,original,12,11,1.9586073148417749
2533,ozempic,12,8,2.0969100130080562
2534,paediatric,12,4,2.3979400086720375
2535,pbh,12,3,2.5228787452803374
2536,pce,12,1,3.0
2537,perceptions,12,8,2.0969100130080562
2538,plausible,12,12,1.9208187539523751
2539,pleiotropic,12,11,1.9586073148417749
2540,polarization,12,5,2.3010299956639813
2541,positively,12,9,2.0457574905606752
2542,ppar,12,10,2.0
2543,pragmatic,12,8,2.0969100130080562
2544,preserve,12,12,1.9208187539523751
2545,price,12,5,2.3010299956639813
2546,principles,12,11,1.9586073148417749
2547,prognostic,12,6,2.221848749616356
2548,programme,12,7,2.154901959985743
2549,psm,12,8,2.0969100130080562
2550,rank,12,10,2.0
2551,reaching,12,11,1.9586073148417749
2552,regional,12,11,1.9586073148417749
2553,registry,12,10,2.0
2554,rodent,12,9,2.0457574905606752
2555,roux,12,11,1.9586073148417749
2556,scfa,12,8,2.0969100130080562
2557,september,12,11,1.9586073148417749
2558,sexual,12,4,2.3979400086720375
2559,specificity,12,11,1.9586073148417749
2560,spinal,12,5,2.3010299956639813
2561,substrate,12,11,1.9586073148417749
2562,surmount,12,6,2.221848749616356
2563,surrounding,12,10,2.0
2564,symptomatic,12,10,2.0
2565,ten,12,11,1.9586073148417749
2566,tendon,12,3,2.5228787452803374
2567,theoretical,12,10,2.0
2568,tolerated,12,12,1.9208187539523751
2569,tract,12,12,1.9208187539523751
2570,transcription,12,8,2.0969100130080562
2571,transit,12,7,2.154901959985743
2572,translate,12,12,1.9208187539523751
2573,twl,12,3,2.5228787452803374
2574,ultimately,12,12,1.9208187539523751
2575,unadjusted,12,8,2.0969100130080562
2576,untreated,12,9,2.0457574905606752
2577,validate,12,12,1.9208187539523751
2578,vulnerable,12,12,1.9208187539523751
2579,whose,12,11,1.9586073148417749
2580,wk,12,7,2.154901959985743
2581,workflow,12,6,2.221848749616356
2582,absent,11,10,2.0
2583,acm,11,3,2.5228787452803374
2584,acsl4,11,3,2.5228787452803374
2585,activates,11,10,2.0
2586,adding,11,8,2.0969100130080562
2587,affordability,11,10,2.0
2588,aldosterone,11,11,1.9586073148417749
2589,american,11,10,2.0
2590,ast,11,7,2.154901959985743
2591,atherosclerosis,11,10,2.0
2592,attain,11,3,2.5228787452803374
2593,authors,11,9,2.0457574905606752
2594,cecal,11,5,2.3010299956639813
2595,chromatography,11,5,2.3010299956639813
2596,collaboration,11,8,2.0969100130080562
2597,comorbid,11,11,1.9586073148417749
2598,complexity,11,10,2.0
2599,consisted,11,11,1.9586073148417749
2600,count,11,5,2.3010299956639813
2601,curcumin,11,5,2.3010299956639813
2602,dapagliflozin,11,4,2.3979400086720375
2603,decompensation,11,6,2.221848749616356
2604,decreases,11,9,2.0457574905606752
2605,definitions,11,11,1.9586073148417749
2606,degeneration,11,10,2.0
2607,descriptively,11,11,1.9586073148417749
2608,disc,11,5,2.3010299956639813
2609,dpp4,11,7,2.154901959985743
2610,egd,11,4,2.3979400086720375
2611,elucidate,11,11,1.9586073148417749
2612,emotional,11,6,2.221848749616356
2613,enriched,11,9,2.0457574905606752
2614,explores,11,11,1.9586073148417749
2615,extending,11,11,1.9586073148417749
2616,extracellular,11,10,2.0
2617,face,11,11,1.9586073148417749
2618,form,11,9,2.0457574905606752
2619,gastrocnemius,11,2,2.6989700043360187
2620,glp1ras,11,5,2.3010299956639813
2621,goal,11,8,2.0969100130080562
2622,good,11,11,1.9586073148417749
2623,hemodialysis,11,4,2.3979400086720375
2624,identity,11,6,2.221848749616356
2625,idiopathic,11,7,2.154901959985743
2626,ischaemic,11,6,2.221848749616356
2627,ischemia,11,5,2.3010299956639813
2628,last,11,9,2.0457574905606752
2629,limits,11,11,1.9586073148417749
2630,m1,11,4,2.3979400086720375
2631,macronutrient,11,7,2.154901959985743
2632,made,11,10,2.0
2633,maintain,11,11,1.9586073148417749
2634,manage,11,9,2.0457574905606752
2635,morbid,11,5,2.3010299956639813
2636,morphology,11,8,2.0969100130080562
2637,multimorbidity,11,10,2.0
2638,nephrectomy,11,3,2.5228787452803374
2639,neutral,11,10,2.0
2640,nondiabetic,11,7,2.154901959985743
2641,noted,11,11,1.9586073148417749
2642,nrf2,11,9,2.0457574905606752
2643,nuclear,11,10,2.0
2644,numerous,11,11,1.9586073148417749
2645,om,11,1,3.0
2646,order,11,11,1.9586073148417749
2647,others,11,11,1.9586073148417749
2648,oxidation,11,7,2.154901959985743
2649,parkinson,11,9,2.0457574905606752
2650,peer,11,8,2.0969100130080562
2651,periprosthetic,11,6,2.221848749616356
2652,persist,11,10,2.0
2653,pharmacodynamic,11,9,2.0457574905606752
2654,pi,11,3,2.5228787452803374
2655,position,11,10,2.0
2656,ppara,11,2,2.6989700043360187
2657,pparα,11,2,2.6989700043360187
2658,preventive,11,10,2.0
2659,prospectively,11,11,1.9586073148417749
2660,providers,11,8,2.0969100130080562
2661,pws,11,2,2.6989700043360187
2662,q,11,5,2.3010299956639813
2663,quercetin,11,5,2.3010299956639813
2664,ratings,11,8,2.0969100130080562
2665,rational,11,10,2.0
2666,reached,11,11,1.9586073148417749
2667,reaction,11,9,2.0457574905606752
2668,reflecting,11,11,1.9586073148417749
2669,reflects,11,10,2.0
2670,registries,11,11,1.9586073148417749
2671,relapse,11,8,2.0969100130080562
2672,renoprotective,11,10,2.0
2673,responsive,11,10,2.0
2674,restored,11,11,1.9586073148417749
2675,salt,11,5,2.3010299956639813
2676,sarcopenic,11,9,2.0457574905606752
2677,satiation,11,5,2.3010299956639813
2678,searches,11,10,2.0
2679,sequential,11,10,2.0
2680,services,11,7,2.154901959985743
2681,shifts,11,9,2.0457574905606752
2682,signs,11,6,2.221848749616356
2683,smoking,11,8,2.0969100130080562
2684,so,11,7,2.154901959985743
2685,soul,11,5,2.3010299956639813
2686,statement,11,11,1.9586073148417749
2687,successful,11,7,2.154901959985743
2688,sugar,11,5,2.3010299956639813
2689,surgeons,11,5,2.3010299956639813
2690,tablet,11,5,2.3010299956639813
2691,taken,11,11,1.9586073148417749
2692,turnover,11,5,2.3010299956639813
2693,typically,11,11,1.9586073148417749
2694,uncommon,11,11,1.9586073148417749
2695,underscore,11,11,1.9586073148417749
2696,underscores,11,11,1.9586073148417749
2697,unresolved,11,10,2.0
2698,vision,11,4,2.3979400086720375
2699,way,11,8,2.0969100130080562
2700,weights,11,10,2.0
2701,whole,11,9,2.0457574905606752
2702,worse,11,9,2.0457574905606752
2703,zenagamtide,11,3,2.5228787452803374
2704,γ,11,7,2.154901959985743
2705,003,10,9,2.0457574905606752
2706,007,10,10,2.0
2707,009,10,10,2.0
2708,021,10,9,2.0457574905606752
2709,118,10,9,2.0457574905606752
2710,accelerated,10,9,2.0457574905606752
2711,accounting,10,10,2.0
2712,adaptation,10,9,2.0457574905606752
2713,addressed,10,10,2.0
2714,adequacy,10,8,2.0969100130080562
2715,administrative,10,9,2.0457574905606752
2716,ageing,10,4,2.3979400086720375
2717,ali,10,2,2.6989700043360187
2718,aligned,10,8,2.0969100130080562
2719,alleviate,10,10,2.0
2720,alleviated,10,9,2.0457574905606752
2721,allocated,10,5,2.3010299956639813
2722,analytic,10,10,2.0
2723,anesthesia,10,7,2.154901959985743
2724,antiobesity,10,7,2.154901959985743
2725,apparent,10,8,2.0969100130080562
2726,arterial,10,7,2.154901959985743
2727,attempts,10,5,2.3010299956639813
2728,aversive,10,4,2.3979400086720375
2729,behavioural,10,6,2.221848749616356
2730,building,10,9,2.0457574905606752
2731,cannabis,10,2,2.6989700043360187
2732,carry,10,10,2.0
2733,categorized,10,10,2.0
2734,ccs,10,1,3.0
2735,cgmp,10,2,2.6989700043360187
2736,characteristic,10,9,2.0457574905606752
2737,cluster,10,6,2.221848749616356
2738,commercial,10,10,2.0
2739,conflicting,10,10,2.0
2740,contexts,10,9,2.0457574905606752
2741,continue,10,8,2.0969100130080562
2742,contributed,10,10,2.0
2743,countries,10,9,2.0457574905606752
2744,crucial,10,10,2.0
2745,cytokine,10,10,2.0
2746,cytokines,10,9,2.0457574905606752
2747,deep,10,10,2.0
2748,defining,10,9,2.0457574905606752
2749,degree,10,10,2.0
2750,depletion,10,10,2.0
2751,depth,10,10,2.0
2752,difficult,10,10,2.0
2753,digoxin,10,2,2.6989700043360187
2754,direction,10,10,2.0
2755,directionally,10,8,2.0969100130080562
2756,disability,10,10,2.0
2757,dominant,10,10,2.0
2758,dysregulated,10,10,2.0
2759,eat,10,3,2.5228787452803374
2760,edema,10,8,2.0969100130080562
2761,endocrinology,10,8,2.0969100130080562
2762,enrollment,10,7,2.154901959985743
2763,errors,10,7,2.154901959985743
2764,estimand,10,6,2.221848749616356
2765,exerts,10,10,2.0
2766,exist,10,10,2.0
2767,experiences,10,6,2.221848749616356
2768,extension,10,7,2.154901959985743
2769,fail,10,10,2.0
2770,fgf21,10,6,2.221848749616356
2771,fib,10,3,2.5228787452803374
2772,formal,10,10,2.0
2773,glds,10,3,2.5228787452803374
2774,glucosidase,10,9,2.0457574905606752
2775,glycaemia,10,6,2.221848749616356
2776,gynecologists,10,2,2.6989700043360187
2777,hfref,10,3,2.5228787452803374
2778,highlighted,10,10,2.0
2779,hsf1,10,2,2.6989700043360187
2780,hunger,10,9,2.0457574905606752
2781,icodec,10,4,2.3979400086720375
2782,illness,10,7,2.154901959985743
2783,incorporated,10,10,2.0
2784,induces,10,10,2.0
2785,inhibited,10,6,2.221848749616356
2786,insight,10,8,2.0969100130080562
2787,institutional,10,7,2.154901959985743
2788,integrative,10,8,2.0969100130080562
2789,intended,10,10,2.0
2790,interact,10,10,2.0
2791,interquartile,10,6,2.221848749616356
2792,length,10,8,2.0969100130080562
2793,lumbar,10,3,2.5228787452803374
2794,man,10,9,2.0457574905606752
2795,map,10,10,2.0
2796,marker,10,9,2.0457574905606752
2797,mediator,10,8,2.0969100130080562
2798,metabolomics,10,9,2.0457574905606752
2799,mets,10,3,2.5228787452803374
2800,modelling,10,6,2.221848749616356
2801,modifiable,10,10,2.0
2802,modifiers,10,9,2.0457574905606752
2803,monitored,10,10,2.0
2804,mras,10,3,2.5228787452803374
2805,multifactorial,10,10,2.0
2806,na,10,3,2.5228787452803374
2807,necrosis,10,9,2.0457574905606752
2808,nmol,10,6,2.221848749616356
2809,nonusers,10,9,2.0457574905606752
2810,notable,10,9,2.0457574905606752
2811,nsmras,10,3,2.5228787452803374
2812,null,10,9,2.0457574905606752
2813,occurs,10,10,2.0
2814,ocn,10,2,2.6989700043360187
2815,omics,10,10,2.0
2816,organizations,10,10,2.0
2817,oxide,10,10,2.0
2818,pathologies,10,5,2.3010299956639813
2819,pemf,10,1,3.0
2820,perfusion,10,8,2.0969100130080562
2821,pg,10,6,2.221848749616356
2822,pharmacologically,10,10,2.0
2823,phenotypic,10,8,2.0969100130080562
2824,plan,10,6,2.221848749616356
2825,policies,10,10,2.0
2826,positioning,10,9,2.0457574905606752
2827,potency,10,9,2.0457574905606752
2828,preparation,10,4,2.3979400086720375
2829,problem,10,10,2.0
2830,professional,10,10,2.0
2831,prognosis,10,8,2.0969100130080562
2832,proliferator,10,9,2.0457574905606752
2833,prompted,10,10,2.0
2834,ps,10,5,2.3010299956639813
2835,raises,10,9,2.0457574905606752
2836,rasi,10,2,2.6989700043360187
2837,recognised,10,8,2.0969100130080562
2838,reimbursement,10,7,2.154901959985743
2839,remodelling,10,7,2.154901959985743
2840,representative,10,8,2.0969100130080562
2841,resource,10,7,2.154901959985743
2842,resources,10,10,2.0
2843,reticulum,10,8,2.0969100130080562
2844,revealing,10,10,2.0
2845,rvo,10,2,2.6989700043360187
2846,saline,10,10,2.0
2847,schizophrenia,10,6,2.221848749616356
2848,secreted,10,9,2.0457574905606752
2849,sem,10,2,2.6989700043360187
2850,separation,10,8,2.0969100130080562
2851,sepsis,10,7,2.154901959985743
2852,sgk2,10,1,3.0
2853,shape,10,10,2.0
2854,slow,10,10,2.0
2855,spanning,10,10,2.0
2856,spatial,10,10,2.0
2857,spine,10,4,2.3979400086720375
2858,standardised,10,10,2.0
2859,statistics,10,10,2.0
2860,stem,10,8,2.0969100130080562
2861,sub,10,4,2.3979400086720375
2862,sucra,10,4,2.3979400086720375
2863,summit,10,5,2.3010299956639813
2864,surrogate,10,8,2.0969100130080562
2865,sustainable,10,8,2.0969100130080562
2866,tb,10,2,2.6989700043360187
2867,teaes,10,4,2.3979400086720375
2868,testable,10,10,2.0
2869,towards,10,10,2.0
2870,trained,10,7,2.154901959985743
2871,traits,10,7,2.154901959985743
2872,ubt251,10,1,3.0
2873,underscoring,10,10,2.0
2874,useful,10,10,2.0
2875,utilisation,10,7,2.154901959985743
2876,vein,10,10,2.0
2877,version,10,10,2.0
2878,viewed,10,9,2.0457574905606752
2879,warrant,10,10,2.0
2880,www,10,10,2.0
2881,yielding,10,10,2.0
2882,ζ,10,2,2.6989700043360187
2883,004,9,9,2.0457574905606752
2884,026,9,9,2.0457574905606752
2885,106,9,8,2.0969100130080562
2886,112,9,8,2.0969100130080562
2887,aa,9,1,3.0
2888,addiction,9,6,2.221848749616356
2889,adherent,9,4,2.3979400086720375
2890,advantage,9,9,2.0457574905606752
2891,alopecia,9,4,2.3979400086720375
2892,amd,9,2,2.6989700043360187
2893,amyloid,9,3,2.5228787452803374
2894,analog,9,8,2.0969100130080562
2895,anemia,9,5,2.3010299956639813
2896,antagonist,9,9,2.0457574905606752
2897,atp,9,7,2.154901959985743
2898,atrophy,9,6,2.221848749616356
2899,attenuates,9,9,2.0457574905606752
2900,attenuating,9,8,2.0969100130080562
2901,auc0,9,4,2.3979400086720375
2902,automated,9,5,2.3010299956639813
2903,bayesian,9,9,2.0457574905606752
2904,berberine,9,5,2.3010299956639813
2905,biogenesis,9,6,2.221848749616356
2906,bm,9,1,3.0
2907,bolus,9,8,2.0969100130080562
2908,buprenorphine,9,3,2.5228787452803374
2909,bupropion,9,6,2.221848749616356
2910,cagrisema,9,5,2.3010299956639813
2911,canonical,9,7,2.154901959985743
2912,capable,9,9,2.0457574905606752
2913,cardiomyocyte,9,4,2.3979400086720375
2914,categories,9,9,2.0457574905606752
2915,category,9,7,2.154901959985743
2916,chemical,9,7,2.154901959985743
2917,citation,9,7,2.154901959985743
2918,ckmd,9,1,3.0
2919,clusters,9,3,2.5228787452803374
2920,coexist,9,9,2.0457574905606752
2921,collagen,9,9,2.0457574905606752
2922,completion,9,7,2.154901959985743
2923,concentrated,9,8,2.0969100130080562
2924,conditioned,9,5,2.3010299956639813
2925,constituents,9,6,2.221848749616356
2926,continuity,9,5,2.3010299956639813
2927,contributor,9,8,2.0969100130080562
2928,controlling,9,9,2.0457574905606752
2929,cordycepin,9,3,2.5228787452803374
2930,cvi,9,1,3.0
2931,deficient,9,6,2.221848749616356
2932,delaying,9,9,2.0457574905606752
2933,delivered,9,9,2.0457574905606752
2934,depending,9,9,2.0457574905606752
2935,determinant,9,9,2.0457574905606752
2936,dimensions,9,9,2.0457574905606752
2937,divergent,9,8,2.0969100130080562
2938,diversity,9,8,2.0969100130080562
2939,downregulation,9,8,2.0969100130080562
2940,drivers,9,9,2.0457574905606752
2941,drives,9,9,2.0457574905606752
2942,duct,9,2,2.6989700043360187
2943,dyrk1a,9,1,3.0
2944,eg,9,3,2.5228787452803374
2945,eloralintide,9,4,2.3979400086720375
2946,emergence,9,9,2.0457574905606752
2947,enable,9,9,2.0457574905606752
2948,epidemiology,9,9,2.0457574905606752
2949,equivalence,9,5,2.3010299956639813
2950,establishing,9,9,2.0457574905606752
2951,etd,9,3,2.5228787452803374
2952,eustachian,9,3,2.5228787452803374
2953,exe,9,2,2.6989700043360187
2954,exists,9,9,2.0457574905606752
2955,expansion,9,9,2.0457574905606752
2956,experiencing,9,9,2.0457574905606752
2957,experts,9,8,2.0969100130080562
2958,extent,9,9,2.0457574905606752
2959,extract,9,9,2.0457574905606752
2960,fast,9,6,2.221848749616356
2961,fatigue,9,6,2.221848749616356
2962,feasible,9,9,2.0457574905606752
2963,fiber,9,7,2.154901959985743
2964,fpg,9,4,2.3979400086720375
2965,gestational,9,8,2.0969100130080562
2966,gh,9,2,2.6989700043360187
2967,glar,9,1,3.0
2968,glial,9,7,2.154901959985743
2969,glutag,9,4,2.3979400086720375
2970,grouped,9,9,2.0457574905606752
2971,headache,9,5,2.3010299956639813
2972,her,9,5,2.3010299956639813
2973,hff,9,2,2.6989700043360187
2974,histological,9,9,2.0457574905606752
2975,historical,9,8,2.0969100130080562
2976,homeostatic,9,9,2.0457574905606752
2977,hyperglycaemia,9,8,2.0969100130080562
2978,hypotheses,9,9,2.0457574905606752
2979,impacts,9,8,2.0969100130080562
2980,income,9,6,2.221848749616356
2981,incorporation,9,7,2.154901959985743
2982,india,9,4,2.3979400086720375
2983,indices,9,9,2.0457574905606752
2984,influencing,9,9,2.0457574905606752
2985,inhibits,9,5,2.3010299956639813
2986,instability,9,8,2.0969100130080562
2987,insufficiently,9,9,2.0457574905606752
2988,interplay,9,9,2.0457574905606752
2989,intracranial,9,6,2.221848749616356
2990,intrinsic,9,8,2.0969100130080562
2991,introduced,9,9,2.0457574905606752
2992,iptw,9,5,2.3010299956639813
2993,isorhamnetin,9,1,3.0
2994,kccq,9,5,2.3010299956639813
2995,knockdown,9,8,2.0969100130080562
2996,lactate,9,6,2.221848749616356
2997,liability,9,5,2.3010299956639813
2998,lifespan,9,7,2.154901959985743
2999,likelihood,9,9,2.0457574905606752
3000,limb,9,4,2.3979400086720375
3001,lp,9,3,2.5228787452803374
3002,lysate,9,2,2.6989700043360187
3003,maces,9,4,2.3979400086720375
3004,meals,9,8,2.0969100130080562
3005,mitochondria,9,7,2.154901959985743
3006,modeling,9,8,2.0969100130080562
3007,modify,9,8,2.0969100130080562
3008,modulates,9,9,2.0457574905606752
3009,moving,9,8,2.0969100130080562
3010,muciniphila,9,5,2.3010299956639813
3011,mucosal,9,6,2.221848749616356
3012,nafld,9,5,2.3010299956639813
3013,name,9,4,2.3979400086720375
3014,nature,9,9,2.0457574905606752
3015,naïve,9,7,2.154901959985743
3016,near,9,8,2.0969100130080562
3017,negatively,9,8,2.0969100130080562
3018,nephrology,9,6,2.221848749616356
3019,neuron,9,7,2.154901959985743
3020,neuropathic,9,4,2.3979400086720375
3021,nitric,9,9,2.0457574905606752
3022,oncology,9,6,2.221848749616356
3023,operating,9,8,2.0969100130080562
3024,optimizing,9,9,2.0457574905606752
3025,organization,9,8,2.0969100130080562
3026,oriented,9,8,2.0969100130080562
3027,outlines,9,9,2.0457574905606752
3028,outside,9,8,2.0969100130080562
3029,overdose,9,6,2.221848749616356
3030,overlap,9,6,2.221848749616356
3031,overlapping,9,6,2.221848749616356
3032,overload,9,8,2.0969100130080562
3033,ovid,9,7,2.154901959985743
3034,pad,9,2,2.6989700043360187
3035,pdac,9,2,2.6989700043360187
3036,peri,9,5,2.3010299956639813
3037,peroxisome,9,8,2.0969100130080562
3038,pet,9,4,2.3979400086720375
3039,phytochemicals,9,5,2.3010299956639813
3040,pji,9,3,2.5228787452803374
3041,pneumonia,9,7,2.154901959985743
3042,poisson,9,9,2.0457574905606752
3043,poses,9,9,2.0457574905606752
3044,prehabilitation,9,4,2.3979400086720375
3045,preload,9,2,2.6989700043360187
3046,premature,9,9,2.0457574905606752
3047,preparations,9,6,2.221848749616356
3048,presentation,9,8,2.0969100130080562
3049,proinsulin,9,1,3.0
3050,proliferation,9,7,2.154901959985743
3051,proof,9,9,2.0457574905606752
3052,proven,9,9,2.0457574905606752
3053,pyrin,9,7,2.154901959985743
3054,pyy3,9,1,3.0
3055,qualitative,9,8,2.0969100130080562
3056,quantify,9,9,2.0457574905606752
3057,queried,9,9,2.0457574905606752
3058,randomisation,9,7,2.154901959985743
3059,ranged,9,7,2.154901959985743
3060,redox,9,9,2.0457574905606752
3061,reflected,9,9,2.0457574905606752
3062,registration,9,9,2.0457574905606752
3063,regulators,9,9,2.0457574905606752
3064,remaining,9,9,2.0457574905606752
3065,resolved,9,9,2.0457574905606752
3066,restore,9,9,2.0457574905606752
3067,reversed,9,9,2.0457574905606752
3068,rhythm,9,4,2.3979400086720375
3069,riiβ,9,1,3.0
3070,rwe,9,3,2.5228787452803374
3071,saudi,9,5,2.3010299956639813
3072,scenarios,9,7,2.154901959985743
3073,secretory,9,9,2.0457574905606752
3074,served,9,9,2.0457574905606752
3075,share,9,9,2.0457574905606752
3076,simple,9,9,2.0457574905606752
3077,slows,9,7,2.154901959985743
3078,smooth,9,4,2.3979400086720375
3079,sst,9,1,3.0
3080,stabilization,9,9,2.0457574905606752
3081,stc,9,7,2.154901959985743
3082,stepwise,9,9,2.0457574905606752
3083,subjective,9,6,2.221848749616356
3084,subset,9,9,2.0457574905606752
3085,supplementary,9,8,2.0969100130080562
3086,susceptibility,9,7,2.154901959985743
3087,syndromes,9,5,2.3010299956639813
3088,taste,9,2,2.6989700043360187
3089,terminal,9,6,2.221848749616356
3090,tg,9,5,2.3010299956639813
3091,thrombotic,9,3,2.5228787452803374
3092,top,9,8,2.0969100130080562
3093,toxicity,9,9,2.0457574905606752
3094,translating,9,8,2.0969100130080562
3095,triggers,9,9,2.0457574905606752
3096,tube,9,3,2.5228787452803374
3097,twelve,9,8,2.0969100130080562
3098,u100,9,1,3.0
3099,uncontrolled,9,8,2.0969100130080562
3100,uniform,9,9,2.0457574905606752
3101,unmet,9,9,2.0457574905606752
3102,upon,9,9,2.0457574905606752
3103,ypxjf,9,1,3.0
3104,0002,8,6,2.221848749616356
3105,005,8,8,2.0969100130080562
3106,104,8,6,2.221848749616356
3107,155383,8,1,3.0
3108,310,8,6,2.221848749616356
3109,aad,8,1,3.0
3110,achievement,8,5,2.3010299956639813
3111,adipocyte,8,5,2.3010299956639813
3112,adjustments,8,7,2.154901959985743
3113,admission,8,3,2.5228787452803374
3114,adoption,8,8,2.0969100130080562
3115,adpn,8,1,3.0
3116,affinity,8,7,2.154901959985743
3117,agreement,8,6,2.221848749616356
3118,alcoholic,8,7,2.154901959985743
3119,alleviates,8,7,2.154901959985743
3120,amputation,8,4,2.3979400086720375
3121,analogue,8,8,2.0969100130080562
3122,antihyperglycemic,8,4,2.3979400086720375
3123,aoms,8,4,2.3979400086720375
3124,aor,8,3,2.5228787452803374
3125,appetitive,8,4,2.3979400086720375
3126,aspects,8,6,2.221848749616356
3127,attended,8,2,2.6989700043360187
3128,attenuate,8,7,2.154901959985743
3129,avexitide,8,1,3.0
3130,aware,8,8,2.0969100130080562
3131,bbb,8,3,2.5228787452803374
3132,bilibili,8,1,3.0
3133,biologic,8,7,2.154901959985743
3134,bleeding,8,4,2.3979400086720375
3135,bofanglutide,8,2,2.6989700043360187
3136,bp,8,3,2.5228787452803374
3137,breathing,8,5,2.3010299956639813
3138,c57bl,8,8,2.0969100130080562
3139,cascade,8,8,2.0969100130080562
3140,cascades,8,8,2.0969100130080562
3141,catenin,8,4,2.3979400086720375
3142,catheter,8,4,2.3979400086720375
3143,centres,8,6,2.221848749616356
3144,chromatin,8,6,2.221848749616356
3145,compatible,8,8,2.0969100130080562
3146,compensation,8,3,2.5228787452803374
3147,comprehensively,8,8,2.0969100130080562
3148,conformational,8,6,2.221848749616356
3149,consistency,8,7,2.154901959985743
3150,constipation,8,6,2.221848749616356
3151,contact,8,7,2.154901959985743
3152,contouring,8,4,2.3979400086720375
3153,contributions,8,8,2.0969100130080562
3154,contributors,8,8,2.0969100130080562
3155,controversial,8,8,2.0969100130080562
3156,conversion,8,7,2.154901959985743
3157,corticosteroid,8,5,2.3010299956639813
3158,cpap,8,3,2.5228787452803374
3159,created,8,7,2.154901959985743
3160,criterion,8,6,2.221848749616356
3161,cutaneous,8,5,2.3010299956639813
3162,d001,8,1,3.0
3163,declines,8,8,2.0969100130080562
3164,derivatives,8,7,2.154901959985743
3165,developments,8,8,2.0969100130080562
3166,diets,8,6,2.221848749616356
3167,digestion,8,6,2.221848749616356
3168,dimension,8,5,2.3010299956639813
3169,discourse,8,6,2.221848749616356
3170,discussion,8,8,2.0969100130080562
3171,dka,8,4,2.3979400086720375
3172,documentation,8,5,2.3010299956639813
3173,downregulated,8,7,2.154901959985743
3174,drinking,8,4,2.3979400086720375
3175,dvt,8,2,2.6989700043360187
3176,ela,8,1,3.0
3177,elucidated,8,8,2.0969100130080562
3178,emerge,8,8,2.0969100130080562
3179,enabled,8,8,2.0969100130080562
3180,enables,8,8,2.0969100130080562
3181,endoplasmic,8,7,2.154901959985743
3182,enos,8,4,2.3979400086720375
3183,erk,8,5,2.3010299956639813
3184,escalating,8,6,2.221848749616356
3185,evident,8,8,2.0969100130080562
3186,evolved,8,7,2.154901959985743
3187,excretion,8,5,2.3010299956639813
3188,extensive,8,8,2.0969100130080562
3189,federated,8,8,2.0969100130080562
3190,fermentation,8,4,2.3979400086720375
3191,fibroblast,8,8,2.0969100130080562
3192,flux,8,8,2.0969100130080562
3193,focuses,8,8,2.0969100130080562
3194,forty,8,8,2.0969100130080562
3195,frequentist,8,8,2.0969100130080562
3196,fundamental,8,8,2.0969100130080562
3197,gbts,8,1,3.0
3198,gila,8,1,3.0
3199,glucan,8,1,3.0
3200,gm2824,8,1,3.0
3201,governing,8,8,2.0969100130080562
3202,gpcr,8,3,2.5228787452803374
3203,gpr43,8,1,3.0
3204,grading,8,8,2.0969100130080562
3205,handling,8,7,2.154901959985743
3206,harmine,8,1,3.0
3207,height,8,8,2.0969100130080562
3208,hospitals,8,8,2.0969100130080562
3209,hours,8,5,2.3010299956639813
3210,hyperphagia,8,4,2.3979400086720375
3211,hypertensive,8,7,2.154901959985743
3212,hypogonadism,8,2,2.6989700043360187
3213,hypothesized,8,8,2.0969100130080562
3214,ibts,8,1,3.0
3215,icer,8,4,2.3979400086720375
3216,iec,8,1,3.0
3217,igf,8,4,2.3979400086720375
3218,iih,8,2,2.6989700043360187
3219,immunomodulatory,8,8,2.0969100130080562
3220,impedance,8,7,2.154901959985743
3221,inadequately,8,8,2.0969100130080562
3222,incorporate,8,8,2.0969100130080562
3223,incretins,8,6,2.221848749616356
3224,inflammaging,8,3,2.5228787452803374
3225,innovative,8,8,2.0969100130080562
3226,insulins,8,3,2.5228787452803374
3227,integrate,8,8,2.0969100130080562
3228,intermediate,8,6,2.221848749616356
3229,investigational,8,8,2.0969100130080562
3230,irrespective,8,6,2.221848749616356
3231,item,8,5,2.3010299956639813
3232,items,8,8,2.0969100130080562
3233,journal,8,5,2.3010299956639813
3234,laparoscopic,8,6,2.221848749616356
3235,leads,8,8,2.0969100130080562
3236,leaving,8,8,2.0969100130080562
3237,leucine,8,2,2.6989700043360187
3238,lipedema,8,1,3.0
3239,lixisenatide,8,6,2.221848749616356
3240,loading,8,7,2.154901959985743
3241,loxenatide,8,1,3.0
3242,lvad,8,1,3.0
3243,manufacturing,8,6,2.221848749616356
3244,marketing,8,8,2.0969100130080562
3245,material,8,8,2.0969100130080562
3246,mdd,8,2,2.6989700043360187
3247,mediating,8,7,2.154901959985743
3248,melanoma,8,3,2.5228787452803374
3249,membrane,8,8,2.0969100130080562
3250,middle,8,7,2.154901959985743
3251,migraine,8,1,3.0
3252,missing,8,7,2.154901959985743
3253,mmp,8,3,2.5228787452803374
3254,modeled,8,5,2.3010299956639813
3255,monotherapies,8,5,2.3010299956639813
3256,monster,8,1,3.0
3257,mrc,8,1,3.0
3258,murine,8,8,2.0969100130080562
3259,mutation,8,4,2.3979400086720375
3260,myeloid,8,2,2.6989700043360187
3261,naltrexone,8,6,2.221848749616356
3262,ne,8,1,3.0
3263,necessary,8,8,2.0969100130080562
3264,never,8,5,2.3010299956639813
3265,nicotinamide,8,5,2.3010299956639813
3266,nod,8,6,2.221848749616356
3267,nonarteritic,8,8,2.0969100130080562
3268,nonsteroidal,8,8,2.0969100130080562
3269,nor,8,7,2.154901959985743
3270,noteworthy,8,8,2.0969100130080562
3271,np,8,2,2.6989700043360187
3272,ns,8,4,2.3979400086720375
3273,nst,8,1,3.0
3274,observation,8,8,2.0969100130080562
3275,opportunity,8,8,2.0969100130080562
3276,outpatient,8,6,2.221848749616356
3277,overcome,8,8,2.0969100130080562
3278,owing,8,7,2.154901959985743
3279,pf,8,2,2.6989700043360187
3280,pituitary,8,7,2.154901959985743
3281,plausibility,8,7,2.154901959985743
3282,pn,8,2,2.6989700043360187
3283,polyendocrine,8,7,2.154901959985743
3284,postoperatively,8,6,2.221848749616356
3285,posts,8,2,2.6989700043360187
3286,pp,8,3,2.5228787452803374
3287,principal,8,8,2.0969100130080562
3288,private,8,7,2.154901959985743
3289,probabilistic,8,7,2.154901959985743
3290,progenitor,8,4,2.3979400086720375
3291,progressively,8,8,2.0969100130080562
3292,protocols,8,8,2.0969100130080562
3293,purpose,8,8,2.0969100130080562
3294,pwo,8,1,3.0
3295,q4,8,4,2.3979400086720375
3296,quarter,8,6,2.221848749616356
3297,rarely,8,8,2.0969100130080562
3298,regarded,8,8,2.0969100130080562
3299,regeneration,8,7,2.154901959985743
3300,regenerative,8,6,2.221848749616356
3301,regular,8,7,2.154901959985743
3302,regulates,8,7,2.154901959985743
3303,reshaped,8,8,2.0969100130080562
3304,responder,8,5,2.3010299956639813
3305,ribupatide,8,1,3.0
3306,rosuvastatin,8,2,2.6989700043360187
3307,route,8,6,2.221848749616356
3308,rybelsus,8,5,2.3010299956639813
3309,scfas,8,6,2.221848749616356
3310,serving,8,7,2.154901959985743
3311,sexes,8,6,2.221848749616356
3312,shorter,8,6,2.221848749616356
3313,sm,8,1,3.0
3314,smaller,8,8,2.0969100130080562
3315,sociodemographic,8,6,2.221848749616356
3316,sparse,8,8,2.0969100130080562
3317,square,8,8,2.0969100130080562
3318,starting,8,8,2.0969100130080562
3319,statistic,8,5,2.3010299956639813
3320,stay,8,6,2.221848749616356
3321,steroidal,8,8,2.0969100130080562
3322,stevia,8,1,3.0
3323,stimuli,8,5,2.3010299956639813
3324,streptozotocin,8,3,2.5228787452803374
3325,subtype,8,6,2.221848749616356
3326,sud,8,2,2.6989700043360187
3327,supportive,8,7,2.154901959985743
3328,surface,8,7,2.154901959985743
3329,survivors,8,3,2.5228787452803374
3330,suspect,8,3,2.5228787452803374
3331,suspected,8,6,2.221848749616356
3332,synthesised,8,7,2.154901959985743
3333,synthesises,8,8,2.0969100130080562
3334,t1dm,8,2,2.6989700043360187
3335,tau,8,4,2.3979400086720375
3336,taxa,8,6,2.221848749616356
3337,technologies,8,7,2.154901959985743
3338,technology,8,7,2.154901959985743
3339,thermogenesis,8,5,2.3010299956639813
3340,threatening,8,7,2.154901959985743
3341,thromboembolic,8,6,2.221848749616356
3342,times,8,7,2.154901959985743
3343,tja,8,3,2.5228787452803374
3344,trafficking,8,6,2.221848749616356
3345,ulcers,8,2,2.6989700043360187
3346,ultrasound,8,5,2.3010299956639813
3347,uncertainties,8,7,2.154901959985743
3348,unproven,8,8,2.0969100130080562
3349,upregulation,8,8,2.0969100130080562
3350,urine,8,6,2.221848749616356
3351,uses,8,8,2.0969100130080562
3352,usual,8,6,2.221848749616356
3353,v,8,7,2.154901959985743
3354,vaccination,8,1,3.0
3355,viable,8,6,2.221848749616356
3356,vital,8,6,2.221848749616356
3357,wilac,8,1,3.0
3358,x,8,7,2.154901959985743
3359,yr,8,2,2.6989700043360187
3360,μm,8,5,2.3010299956639813
3361,014,7,7,2.154901959985743
3362,016,7,6,2.221848749616356
3363,031,7,6,2.221848749616356
3364,039,7,7,2.154901959985743
3365,107,7,7,2.154901959985743
3366,115,7,7,2.154901959985743
3367,119,7,7,2.154901959985743
3368,123,7,7,2.154901959985743
3369,140,7,7,2.154901959985743
3370,142,7,7,2.154901959985743
3371,145,7,7,2.154901959985743
3372,1α,7,4,2.3979400086720375
3373,2006,7,6,2.221848749616356
3374,2is,7,2,2.6989700043360187
3375,3b,7,7,2.154901959985743
3376,500,7,7,2.154901959985743
3377,a8g,7,1,3.0
3378,aberrant,7,7,2.154901959985743
3379,ac,7,6,2.221848749616356
3380,accelerate,7,7,2.154901959985743
3381,accordance,7,7,2.154901959985743
3382,accuracy,7,6,2.221848749616356
3383,accurate,7,7,2.154901959985743
3384,adipocytes,7,4,2.3979400086720375
3385,adipokine,7,7,2.154901959985743
3386,adjuncts,7,7,2.154901959985743
3387,admissions,7,4,2.3979400086720375
3388,advantages,7,7,2.154901959985743
3389,aid,7,4,2.3979400086720375
3390,akkermansia,7,5,2.3010299956639813
3391,allow,7,7,2.154901959985743
3392,almost,7,7,2.154901959985743
3393,alternatives,7,7,2.154901959985743
3394,amp,7,6,2.221848749616356
3395,anorexia,7,5,2.3010299956639813
3396,anorexigenic,7,5,2.3010299956639813
3397,antibiotic,7,5,2.3010299956639813
3398,apc,7,1,3.0
3399,applicability,7,7,2.154901959985743
3400,arabia,7,4,2.3979400086720375
3401,architecture,7,6,2.221848749616356
3402,ard,7,2,2.6989700043360187
3403,arise,7,6,2.221848749616356
3404,arteritic,7,4,2.3979400086720375
3405,ascending,7,4,2.3979400086720375
3406,assignment,7,7,2.154901959985743
3407,asx,7,1,3.0
3408,atherogenic,7,6,2.221848749616356
3409,attributable,7,7,2.154901959985743
3410,attributed,7,7,2.154901959985743
3411,avoidance,7,5,2.3010299956639813
3412,aβ,7,4,2.3979400086720375
3413,began,7,6,2.221848749616356
3414,bgm0504,7,1,3.0
3415,biased,7,6,2.221848749616356
3416,binge,7,4,2.3979400086720375
3417,bioenergetics,7,6,2.221848749616356
3418,bmd,7,3,2.5228787452803374
3419,bodies,7,5,2.3010299956639813
3420,brs,7,1,3.0
3421,budget,7,3,2.5228787452803374
3422,cardiomyopathy,7,6,2.221848749616356
3423,cargo,7,2,2.6989700043360187
3424,centre,7,7,2.154901959985743
3425,centric,7,7,2.154901959985743
3426,cer,7,1,3.0
3427,checklist,7,5,2.3010299956639813
3428,chi,7,7,2.154901959985743
3429,child,7,4,2.3979400086720375
3430,childhood,7,6,2.221848749616356
3431,cn,7,2,2.6989700043360187
3432,collapse,7,6,2.221848749616356
3433,colon,7,4,2.3979400086720375
3434,colonoscopy,7,4,2.3979400086720375
3435,comes,7,6,2.221848749616356
3436,compartments,7,5,2.3010299956639813
3437,complement,7,7,2.154901959985743
3438,computational,7,5,2.3010299956639813
3439,concurrently,7,7,2.154901959985743
3440,consent,7,4,2.3979400086720375
3441,construct,7,4,2.3979400086720375
3442,continues,7,7,2.154901959985743
3443,contraindications,7,4,2.3979400086720375
3444,converge,7,7,2.154901959985743
3445,converging,7,7,2.154901959985743
3446,conversations,7,3,2.5228787452803374
3447,corrected,7,5,2.3010299956639813
3448,correlation,7,7,2.154901959985743
3449,cortical,7,6,2.221848749616356
3450,crisis,7,7,2.154901959985743
3451,ctni,7,1,3.0
3452,cuff,7,4,2.3979400086720375
3453,cultural,7,4,2.3979400086720375
3454,culture,7,7,2.154901959985743
3455,danish,7,5,2.3010299956639813
3456,dataset,7,7,2.154901959985743
3457,debate,7,6,2.221848749616356
3458,deficit,7,7,2.154901959985743
3459,definition,7,6,2.221848749616356
3460,delta,7,2,2.6989700043360187
3461,depend,7,7,2.154901959985743
3462,dermatologists,7,4,2.3979400086720375
3463,detailed,7,7,2.154901959985743
3464,developmental,7,4,2.3979400086720375
3465,deviation,7,5,2.3010299956639813
3466,differing,7,6,2.221848749616356
3467,dominated,7,7,2.154901959985743
3468,durations,7,5,2.3010299956639813
3469,dyslipidaemia,7,7,2.154901959985743
3470,ectopic,7,6,2.221848749616356
3471,elevation,7,7,2.154901959985743
3472,elevations,7,4,2.3979400086720375
3473,embolism,7,7,2.154901959985743
3474,emphasize,7,7,2.154901959985743
3475,emphasized,7,7,2.154901959985743
3476,endometrial,7,5,2.3010299956639813
3477,engage,7,7,2.154901959985743
3478,engaged,7,5,2.3010299956639813
3479,engages,7,7,2.154901959985743
3480,enhancement,7,6,2.221848749616356
3481,equivalent,7,6,2.221848749616356
3482,ers,7,1,3.0
3483,every,7,7,2.154901959985743
3484,evolution,7,7,2.154901959985743
3485,evt,7,1,3.0
3486,exact,7,7,2.154901959985743
3487,examination,7,7,2.154901959985743
3488,except,7,7,2.154901959985743
3489,exchange,7,4,2.3979400086720375
3490,exploration,7,7,2.154901959985743
3491,exposures,7,6,2.221848749616356
3492,expressing,7,5,2.3010299956639813
3493,failed,7,6,2.221848749616356
3494,false,7,6,2.221848749616356
3495,fertility,7,5,2.3010299956639813
3496,fisetin,7,3,2.5228787452803374
3497,flutter,7,3,2.5228787452803374
3498,footprint,7,2,2.6989700043360187
3499,forced,7,3,2.5228787452803374
3500,foxa1,7,1,3.0
3501,fragmented,7,7,2.154901959985743
3502,ft3,7,1,3.0
3503,fundamentally,7,7,2.154901959985743
3504,gains,7,6,2.221848749616356
3505,generalizability,7,7,2.154901959985743
3506,glaucoma,7,2,2.6989700043360187
3507,glucocorticoid,7,5,2.3010299956639813
3508,gr,7,2,2.6989700043360187
3509,herein,7,7,2.154901959985743
3510,histologic,7,4,2.3979400086720375
3511,histology,7,7,2.154901959985743
3512,holistic,7,7,2.154901959985743
3513,hydrocodone,7,1,3.0
3514,hypothetical,7,5,2.3010299956639813
3515,hypoxic,7,4,2.3979400086720375
3516,i1088,7,1,3.0
3517,ia,7,1,3.0
3518,iex,7,1,3.0
3519,iglarlixi,7,2,2.6989700043360187
3520,ileus,7,2,2.6989700043360187
3521,impairs,7,6,2.221848749616356
3522,implemented,7,7,2.154901959985743
3523,implementing,7,7,2.154901959985743
3524,inconclusive,7,7,2.154901959985743
3525,indirectly,7,7,2.154901959985743
3526,individually,7,7,2.154901959985743
3527,inference,7,7,2.154901959985743
3528,infrastructure,7,6,2.221848749616356
3529,inhibit,7,6,2.221848749616356
3530,instrip,7,1,3.0
3531,insufficiency,7,5,2.3010299956639813
3532,inter,7,7,2.154901959985743
3533,interindividual,7,7,2.154901959985743
3534,interview,7,5,2.3010299956639813
3535,interviews,7,3,2.5228787452803374
3536,intrapancreatic,7,2,2.6989700043360187
3537,introduction,7,7,2.154901959985743
3538,investigates,7,7,2.154901959985743
3539,irreversible,7,6,2.221848749616356
3540,jader,7,3,2.5228787452803374
3541,lactobacillus,7,6,2.221848749616356
3542,layer,7,5,2.3010299956639813
3543,leave,7,4,2.3979400086720375
3544,ligand,7,7,2.154901959985743
3545,ligands,7,6,2.221848749616356
3546,lipopolysaccharide,7,7,2.154901959985743
3547,list,7,6,2.221848749616356
3548,live,7,6,2.221848749616356
3549,loop,7,7,2.154901959985743
3550,loosening,7,5,2.3010299956639813
3551,lupeol,7,1,3.0
3552,machine,7,6,2.221848749616356
3553,macular,7,7,2.154901959985743
3554,maladaptive,7,7,2.154901959985743
3555,malignancies,7,6,2.221848749616356
3556,malignancy,7,6,2.221848749616356
3557,malnutrition,7,5,2.3010299956639813
3558,malo,7,2,2.6989700043360187
3559,manifestations,7,7,2.154901959985743
3560,march5,7,1,3.0
3561,market,7,6,2.221848749616356
3562,marketscan,7,5,2.3010299956639813
3563,marrow,7,6,2.221848749616356
3564,max,7,4,2.3979400086720375
3565,measurable,7,7,2.154901959985743
3566,meeting,7,7,2.154901959985743
3567,members,7,6,2.221848749616356
3568,methodology,7,5,2.3010299956639813
3569,microscopy,7,5,2.3010299956639813
3570,minutes,7,5,2.3010299956639813
3571,mitigated,7,7,2.154901959985743
3572,mitigating,7,7,2.154901959985743
3573,modifies,7,7,2.154901959985743
3574,modulated,7,6,2.221848749616356
3575,monitor,7,7,2.154901959985743
3576,mri,7,5,2.3010299956639813
3577,multidimensional,7,6,2.221848749616356
3578,multifaceted,7,7,2.154901959985743
3579,narratively,7,7,2.154901959985743
3580,networks,7,7,2.154901959985743
3581,neurodegeneration,7,5,2.3010299956639813
3582,neurovascular,7,5,2.3010299956639813
3583,ng,7,4,2.3979400086720375
3584,nma,7,3,2.5228787452803374
3585,none,7,7,2.154901959985743
3586,nonfatal,7,4,2.3979400086720375
3587,nordisk,7,7,2.154901959985743
3588,numbers,7,7,2.154901959985743
3589,o,7,5,2.3010299956639813
3590,optimized,7,7,2.154901959985743
3591,orders,7,3,2.5228787452803374
3592,overexpression,7,6,2.221848749616356
3593,oxytocin,7,1,3.0
3594,painful,7,2,2.6989700043360187
3595,paper,7,7,2.154901959985743
3596,papilledema,7,2,2.6989700043360187
3597,particle,7,5,2.3010299956639813
3598,pci,7,2,2.6989700043360187
3599,pe,7,2,2.6989700043360187
3600,pectin,7,1,3.0
3601,peg,7,2,2.6989700043360187
3602,pending,7,7,2.154901959985743
3603,phenomenon,7,6,2.221848749616356
3604,physician,7,5,2.3010299956639813
3605,place,7,7,2.154901959985743
3606,placed,7,7,2.154901959985743
3607,plant,7,7,2.154901959985743
3608,platforms,7,6,2.221848749616356
3609,pomj,7,1,3.0
3610,poorer,7,5,2.3010299956639813
3611,possibility,7,7,2.154901959985743
3612,postpartum,7,2,2.6989700043360187
3613,preconception,7,5,2.3010299956639813
3614,preference,7,5,2.3010299956639813
3615,preferential,7,5,2.3010299956639813
3616,promoted,7,7,2.154901959985743
3617,promoter,7,5,2.3010299956639813
3618,raas,7,6,2.221848749616356
3619,raasi,7,1,3.0
3620,rapamycin,7,7,2.154901959985743
3621,rds,7,6,2.221848749616356
3622,reasons,7,5,2.3010299956639813
3623,recombinant,7,3,2.5228787452803374
3624,recruitment,7,7,2.154901959985743
3625,reliability,7,6,2.221848749616356
3626,reliance,7,7,2.154901959985743
3627,repeat,7,6,2.221848749616356
3628,repurposing,7,6,2.221848749616356
3629,reshaping,7,7,2.154901959985743
3630,respective,7,6,2.221848749616356
3631,retrieved,7,7,2.154901959985743
3632,rob,7,7,2.154901959985743
3633,robins,7,7,2.154901959985743
3634,rrs,7,7,2.154901959985743
3635,scalable,7,6,2.221848749616356
3636,scenario,7,4,2.3979400086720375
3637,scopolamine,7,1,3.0
3638,secretagogues,7,3,2.5228787452803374
3639,selectively,7,6,2.221848749616356
3640,separated,7,7,2.154901959985743
3641,sets,7,6,2.221848749616356
3642,shifting,7,7,2.154901959985743
3643,shortages,7,5,2.3010299956639813
3644,simultaneous,7,4,2.3979400086720375
3645,since,7,7,2.154901959985743
3646,slowing,7,6,2.221848749616356
3647,smg,7,1,3.0
3648,society,7,6,2.221848749616356
3649,solely,7,7,2.154901959985743
3650,solids,7,2,2.6989700043360187
3651,spectroscopy,7,5,2.3010299956639813
3652,spontaneous,7,7,2.154901959985743
3653,ssi,7,2,2.6989700043360187
3654,sstr2,7,1,3.0
3655,stachyose,7,1,3.0
3656,sterile,7,6,2.221848749616356
3657,storage,7,5,2.3010299956639813
3658,strengths,7,6,2.221848749616356
3659,structurally,7,7,2.154901959985743
3660,structures,7,7,2.154901959985743
3661,subclinical,7,5,2.3010299956639813
3662,sublingual,7,2,2.6989700043360187
3663,suppresses,7,6,2.221848749616356
3664,synthase,7,6,2.221848749616356
3665,synuclein,7,4,2.3979400086720375
3666,thematic,7,6,2.221848749616356
3667,titration,7,6,2.221848749616356
3668,tramadol,7,1,3.0
3669,transfer,7,6,2.221848749616356
3670,translated,7,7,2.154901959985743
3671,transport,7,7,2.154901959985743
3672,unavailable,7,7,2.154901959985743
3673,units,7,7,2.154901959985743
3674,usa,7,6,2.221848749616356
3675,utilizing,7,7,2.154901959985743
3676,validity,7,7,2.154901959985743
3677,valuable,7,7,2.154901959985743
3678,variant,7,4,2.3979400086720375
3679,verified,7,6,2.221848749616356
3680,viability,7,7,2.154901959985743
3681,videos,7,2,2.6989700043360187
3682,vigilance,7,5,2.3010299956639813
3683,wl,7,1,3.0
3684,yield,7,6,2.221848749616356
3685,008,6,6,2.221848749616356
3686,012,6,6,2.221848749616356
3687,013,6,6,2.221848749616356
3688,023,6,6,2.221848749616356
3689,034,6,6,2.221848749616356
3690,109,6,6,2.221848749616356
3691,113,6,6,2.221848749616356
3692,135,6,4,2.3979400086720375
3693,1404,6,1,3.0
3694,143,6,6,2.221848749616356
3695,161,6,5,2.3010299956639813
3696,168,6,5,2.3010299956639813
3697,182,6,2,2.6989700043360187
3698,199,6,6,2.221848749616356
3699,210,6,3,2.5228787452803374
3700,395,6,3,2.5228787452803374
3701,401,6,5,2.3010299956639813
3702,a1,6,3,2.5228787452803374
3703,actionable,6,6,2.221848749616356
3704,activate,6,6,2.221848749616356
3705,acts,6,6,2.221848749616356
3706,acutely,6,5,2.3010299956639813
3707,adaptations,6,5,2.3010299956639813
3708,added,6,6,2.221848749616356
3709,addresses,6,6,2.221848749616356
3710,adhesion,6,3,2.5228787452803374
3711,adipogenic,6,2,2.6989700043360187
3712,adjust,6,5,2.3010299956639813
3713,adrenal,6,5,2.3010299956639813
3714,aerobic,6,5,2.3010299956639813
3715,aibd,6,1,3.0
3716,ais,6,2,2.6989700043360187
3717,algorithm,6,6,2.221848749616356
3718,algorithms,6,6,2.221848749616356
3719,ambulatory,6,3,2.5228787452803374
3720,ameliorated,6,6,2.221848749616356
3721,aminotransferase,6,5,2.3010299956639813
3722,amplitude,6,4,2.3979400086720375
3723,analyze,6,5,2.3010299956639813
3724,anesthetic,6,5,2.3010299956639813
3725,antidepressant,6,3,2.5228787452803374
3726,antipsychotics,6,4,2.3979400086720375
3727,apnoea,6,5,2.3010299956639813
3728,apolipoprotein,6,4,2.3979400086720375
3729,applicable,6,6,2.221848749616356
3730,appointment,6,2,2.6989700043360187
3731,aqueous,6,5,2.3010299956639813
3732,arrestin,6,5,2.3010299956639813
3733,artificial,6,6,2.221848749616356
3734,attractive,6,6,2.221848749616356
3735,author,6,5,2.3010299956639813
3736,authorization,6,3,2.5228787452803374
3737,autoimmune,6,6,2.221848749616356
3738,autonomic,6,6,2.221848749616356
3739,bbi,6,1,3.0
3740,beginning,6,6,2.221848749616356
3741,benchmarks,6,5,2.3010299956639813
3742,bioelectrical,6,6,2.221848749616356
3743,birth,6,5,2.3010299956639813
3744,blockers,6,6,2.221848749616356
3745,blot,6,6,2.221848749616356
3746,blotting,6,6,2.221848749616356
3747,bnp,6,2,2.6989700043360187
3748,bootstrap,6,3,2.5228787452803374
3749,breve,6,1,3.0
3750,broadly,6,6,2.221848749616356
3751,butyrate,6,3,2.5228787452803374
3752,caco,6,6,2.221848749616356
3753,cagrilintide,6,5,2.3010299956639813
3754,calibration,6,3,2.5228787452803374
3755,carbohydrates,6,4,2.3979400086720375
3756,carefully,6,6,2.221848749616356
3757,carvacrol,6,1,3.0
3758,caused,6,6,2.221848749616356
3759,censoring,6,3,2.5228787452803374
3760,cgas,6,3,2.5228787452803374
3761,changed,6,6,2.221848749616356
3762,channel,6,4,2.3979400086720375
3763,cho,6,3,2.5228787452803374
3764,cholecystitis,6,5,2.3010299956639813
3765,cim,6,1,3.0
3766,circuit,6,6,2.221848749616356
3767,circulation,6,6,2.221848749616356
3768,classical,6,6,2.221848749616356
3769,cli,6,2,2.6989700043360187
3770,coding,6,5,2.3010299956639813
3771,colorectal,6,5,2.3010299956639813
3772,compelling,6,6,2.221848749616356
3773,competence,6,3,2.5228787452803374
3774,completely,6,6,2.221848749616356
3775,compounding,6,5,2.3010299956639813
3776,compromising,6,6,2.221848749616356
3777,confounders,6,6,2.221848749616356
3778,consisting,6,6,2.221848749616356
3779,consultation,6,6,2.221848749616356
3780,contained,6,4,2.3979400086720375
3781,continuously,6,6,2.221848749616356
3782,convergent,6,5,2.3010299956639813
3783,coordination,6,5,2.3010299956639813
3784,ct130,6,1,3.0
3785,curves,6,6,2.221848749616356
3786,dates,6,5,2.3010299956639813
3787,decade,6,6,2.221848749616356
3788,deficits,6,6,2.221848749616356
3789,degenerative,6,2,2.6989700043360187
3790,deliver,6,6,2.221848749616356
3791,delphi,6,4,2.3979400086720375
3792,detect,6,5,2.3010299956639813
3793,detectable,6,5,2.3010299956639813
3794,devices,6,4,2.3979400086720375
3795,dexamethasone,6,2,2.6989700043360187
3796,diagnoses,6,6,2.221848749616356
3797,differentiated,6,6,2.221848749616356
3798,digestibility,6,2,2.6989700043360187
3799,digestive,6,5,2.3010299956639813
3800,diminished,6,6,2.221848749616356
3801,dio,6,5,2.3010299956639813
3802,dispensing,6,6,2.221848749616356
3803,disproportionate,6,6,2.221848749616356
3804,distinguishing,6,5,2.3010299956639813
3805,douyin,6,1,3.0
3806,down,6,6,2.221848749616356
3807,drawn,6,6,2.221848749616356
3808,editorial,6,6,2.221848749616356
3809,eec,6,1,3.0
3810,efficiency,6,5,2.3010299956639813
3811,effluvium,6,3,2.5228787452803374
3812,egger,6,4,2.3979400086720375
3813,elastography,6,5,2.3010299956639813
3814,electrolyte,6,5,2.3010299956639813
3815,electrostatic,6,2,2.6989700043360187
3816,eleven,6,6,2.221848749616356
3817,elisa,6,6,2.221848749616356
3818,encounter,6,5,2.3010299956639813
3819,endothelin,6,6,2.221848749616356
3820,enkephalin,6,1,3.0
3821,enzymatic,6,6,2.221848749616356
3822,epidemic,6,6,2.221848749616356
3823,episodes,6,5,2.3010299956639813
3824,estrogen,6,3,2.5228787452803374
3825,exacerbations,6,4,2.3979400086720375
3826,excellent,6,6,2.221848749616356
3827,exclusions,6,6,2.221848749616356
3828,exerted,6,6,2.221848749616356
3829,exhibits,6,6,2.221848749616356
3830,expands,6,6,2.221848749616356
3831,expiratory,6,3,2.5228787452803374
3832,explicit,6,5,2.3010299956639813
3833,explicitly,6,6,2.221848749616356
3834,extends,6,5,2.3010299956639813
3835,eye,6,5,2.3010299956639813
3836,facing,6,6,2.221848749616356
3837,fair,6,5,2.3010299956639813
3838,far,6,6,2.221848749616356
3839,fate,6,4,2.3979400086720375
3840,favoring,6,6,2.221848749616356
3841,feed,6,2,2.6989700043360187
3842,ffs,6,1,3.0
3843,fill,6,6,2.221848749616356
3844,fluctuations,6,6,2.221848749616356
3845,follicle,6,4,2.3979400086720375
3846,follows,6,6,2.221848749616356
3847,forms,6,5,2.3010299956639813
3848,fsh,6,3,2.5228787452803374
3849,fullness,6,4,2.3979400086720375
3850,gamma,6,5,2.3010299956639813
3851,gastroesophageal,6,6,2.221848749616356
3852,gastroparesis,6,4,2.3979400086720375
3853,genital,6,5,2.3010299956639813
3854,geometric,6,5,2.3010299956639813
3855,german,6,3,2.5228787452803374
3856,geroprotective,6,4,2.3979400086720375
3857,gland,6,2,2.6989700043360187
3858,gm,6,3,2.5228787452803374
3859,goals,6,6,2.221848749616356
3860,gpr119,6,3,2.5228787452803374
3861,graded,6,5,2.3010299956639813
3862,gradient,6,5,2.3010299956639813
3863,graft,6,2,2.6989700043360187
3864,granule,6,4,2.3979400086720375
3865,green,6,4,2.3979400086720375
3866,gt,6,1,3.0
3867,ha,6,1,3.0
3868,hallmark,6,6,2.221848749616356
3869,hallmarks,6,4,2.3979400086720375
3870,hap,6,1,3.0
3871,harmonised,6,6,2.221848749616356
3872,heavy,6,3,2.5228787452803374
3873,hierarchical,6,6,2.221848749616356
3874,his,6,5,2.3010299956639813
3875,hospitalized,6,4,2.3979400086720375
3876,hub,6,4,2.3979400086720375
3877,hundred,6,5,2.3010299956639813
3878,hydrophobic,6,5,2.3010299956639813
3879,hypothalamus,6,5,2.3010299956639813
3880,iarc,6,1,3.0
3881,ice,6,1,3.0
3882,immunity,6,5,2.3010299956639813
3883,infectious,6,5,2.3010299956639813
3884,influenced,6,6,2.221848749616356
3885,infusions,6,2,2.6989700043360187
3886,innate,6,5,2.3010299956639813
3887,intention,6,6,2.221848749616356
3888,interventional,6,5,2.3010299956639813
3889,inulin,6,2,2.6989700043360187
3890,investigators,6,6,2.221848749616356
3891,involves,6,6,2.221848749616356
3892,ird,6,1,3.0
3893,issue,6,6,2.221848749616356
3894,jumpstart,6,1,3.0
3895,junction,6,3,2.5228787452803374
3896,kc,6,1,3.0
3897,kcal,6,5,2.3010299956639813
3898,ketosis,6,5,2.3010299956639813
3899,labels,6,3,2.5228787452803374
3900,latest,6,6,2.221848749616356
3901,laying,6,2,2.6989700043360187
3902,lb,6,3,2.5228787452803374
3903,lds,6,1,3.0
3904,linagliptin,6,2,2.6989700043360187
3905,lineage,6,3,2.5228787452803374
3906,lipotoxicity,6,6,2.221848749616356
3907,ln,6,3,2.5228787452803374
3908,load,6,4,2.3979400086720375
3909,log,6,5,2.3010299956639813
3910,losing,6,6,2.221848749616356
3911,losses,6,6,2.221848749616356
3912,lrr,6,2,2.6989700043360187
3913,lt,6,2,2.6989700043360187
3914,ma,6,3,2.5228787452803374
3915,mafld,6,3,2.5228787452803374
3916,mala,6,1,3.0
3917,malformations,6,3,2.5228787452803374
3918,manufacturer,6,5,2.3010299956639813
3919,markov,6,6,2.221848749616356
3920,masked,6,5,2.3010299956639813
3921,materials,6,6,2.221848749616356
3922,matrices,6,5,2.3010299956639813
3923,matsuda,6,2,2.6989700043360187
3924,maximal,6,6,2.221848749616356
3925,mda,6,4,2.3979400086720375
3926,mdi,6,1,3.0
3927,mds,6,5,2.3010299956639813
3928,mediate,6,2,2.6989700043360187
3929,mediates,6,6,2.221848749616356
3930,medium,6,6,2.221848749616356
3931,melanocortin,6,3,2.5228787452803374
3932,microglial,6,5,2.3010299956639813
3933,mineral,6,5,2.3010299956639813
3934,mini,6,5,2.3010299956639813
3935,minimally,6,5,2.3010299956639813
3936,mitigation,6,6,2.221848749616356
3937,mmtt,6,2,2.6989700043360187
3938,monthly,6,5,2.3010299956639813
3939,mostly,6,6,2.221848749616356
3940,motor,6,4,2.3979400086720375
3941,mtc,6,2,2.6989700043360187
3942,mtdna,6,4,2.3979400086720375
3943,mvs,6,1,3.0
3944,nadir,6,3,2.5228787452803374
3945,neck,6,2,2.6989700043360187
3946,neither,6,5,2.3010299956639813
3947,neuroimaging,6,5,2.3010299956639813
3948,neuroprotection,6,6,2.221848749616356
3949,nevertheless,6,6,2.221848749616356
3950,nmr,6,4,2.3979400086720375
3951,nmsc,6,1,3.0
3952,nnt,6,2,2.6989700043360187
3953,noninvasive,6,3,2.5228787452803374
3954,nonrandomized,6,4,2.3979400086720375
3955,npy,6,4,2.3979400086720375
3956,nuclei,6,3,2.5228787452803374
3957,nutrients,6,6,2.221848749616356
3958,organized,6,6,2.221848749616356
3959,os,6,2,2.6989700043360187
3960,outpatients,6,5,2.3010299956639813
3961,pairing,6,5,2.3010299956639813
3962,panoptosis,6,1,3.0
3963,paradox,6,5,2.3010299956639813
3964,parameter,6,6,2.221848749616356
3965,pay,6,5,2.3010299956639813
3966,pcr,6,6,2.221848749616356
3967,penetration,6,5,2.3010299956639813
3968,permeation,6,4,2.3979400086720375
3969,peroxidation,6,4,2.3979400086720375
3970,persists,6,6,2.221848749616356
3971,pharmacodynamics,6,6,2.221848749616356
3972,pipeline,6,6,2.221848749616356
3973,planning,6,5,2.3010299956639813
3974,plastic,6,4,2.3979400086720375
3975,plasticity,6,5,2.3010299956639813
3976,platelet,6,2,2.6989700043360187
3977,plays,6,6,2.221848749616356
3978,podocyte,6,1,3.0
3979,positions,6,5,2.3010299956639813
3980,potassium,6,6,2.221848749616356
3981,power,6,6,2.221848749616356
3982,powerful,6,6,2.221848749616356
3983,pparγ,6,4,2.3979400086720375
3984,ppha,6,1,3.0
3985,prandial,6,3,2.5228787452803374
3986,prebiotics,6,5,2.3010299956639813
3987,precursors,6,6,2.221848749616356
3988,predominant,6,6,2.221848749616356
3989,preferences,6,6,2.221848749616356
3990,presentations,6,6,2.221848749616356
3991,prioritize,6,6,2.221848749616356
3992,produces,6,6,2.221848749616356
3993,prolong,6,6,2.221848749616356
3994,proteostasis,6,5,2.3010299956639813
3995,questionnaires,6,4,2.3979400086720375
3996,rated,6,5,2.3010299956639813
3997,reach,6,6,2.221848749616356
3998,reactivity,6,5,2.3010299956639813
3999,reassuring,6,5,2.3010299956639813
4000,receiver,6,5,2.3010299956639813
4001,recognizing,6,6,2.221848749616356
4002,referral,6,6,2.221848749616356
4003,refine,6,6,2.221848749616356
4004,refractory,6,4,2.3979400086720375
4005,regurgitation,6,1,3.0
4006,relapsing,6,6,2.221848749616356
4007,reliable,6,4,2.3979400086720375
4008,reoperation,6,5,2.3010299956639813
4009,rescue,6,3,2.5228787452803374
4010,respect,6,6,2.221848749616356
4011,respiration,6,3,2.5228787452803374
4012,responsible,6,6,2.221848749616356
4013,restores,6,6,2.221848749616356
4014,revascularization,6,5,2.3010299956639813
4015,reveals,6,6,2.221848749616356
4016,rgv,6,1,3.0
4017,roadmap,6,6,2.221848749616356
4018,rose,6,6,2.221848749616356
4019,rotator,6,3,2.5228787452803374
4020,rt,6,5,2.3010299956639813
4021,rwg,6,1,3.0
4022,sasp,6,3,2.5228787452803374
4023,scaffold,6,6,2.221848749616356
4024,scan,6,3,2.5228787452803374
4025,sdb,6,1,3.0
4026,sensors,6,6,2.221848749616356
4027,separately,6,5,2.3010299956639813
4028,seq,6,5,2.3010299956639813
4029,serial,6,6,2.221848749616356
4030,serves,6,6,2.221848749616356
4031,sf,6,3,2.5228787452803374
4032,sgt,6,1,3.0
4033,sick,6,3,2.5228787452803374
4034,silencing,6,5,2.3010299956639813
4035,solution,6,5,2.3010299956639813
4036,sought,6,6,2.221848749616356
4037,south,6,5,2.3010299956639813
4038,specialist,6,6,2.221848749616356
4039,spectrometry,6,5,2.3010299956639813
4040,squamous,6,2,2.6989700043360187
4041,staining,6,6,2.221848749616356
4042,start,6,6,2.221848749616356
4043,strain,6,4,2.3979400086720375
4044,strata,6,5,2.3010299956639813
4045,strengthen,6,6,2.221848749616356
4046,su,6,1,3.0
4047,substitution,6,5,2.3010299956639813
4048,sulfonylurea,6,6,2.221848749616356
4049,supplemented,6,6,2.221848749616356
4050,supplements,6,4,2.3979400086720375
4051,supply,6,6,2.221848749616356
4052,surveys,6,6,2.221848749616356
4053,synaptic,6,6,2.221848749616356
4054,synergy,6,5,2.3010299956639813
4055,t2,6,3,2.5228787452803374
4056,taiwan,6,3,2.5228787452803374
4057,tamoxifen,6,2,2.6989700043360187
4058,tbi,6,1,3.0
4059,telogen,6,3,2.5228787452803374
4060,terminology,6,5,2.3010299956639813
4061,tertiary,6,6,2.221848749616356
4062,text,6,5,2.3010299956639813
4063,theory,6,5,2.3010299956639813
4064,thiamine,6,4,2.3979400086720375
4065,thirty,6,6,2.221848749616356
4066,thromboembolism,6,6,2.221848749616356
4067,tight,6,2,2.6989700043360187
4068,timepoints,6,4,2.3979400086720375
4069,tlr4,6,4,2.3979400086720375
4070,transcripts,6,2,2.6989700043360187
4071,transformative,6,6,2.221848749616356
4072,treg,6,1,3.0
4073,tsa,6,2,2.6989700043360187
4074,tumors,6,3,2.5228787452803374
4075,tumour,6,4,2.3979400086720375
4076,uc,6,1,3.0
4077,udca,6,1,3.0
4078,underexplored,6,6,2.221848749616356
4079,underrepresented,6,6,2.221848749616356
4080,unexposed,6,5,2.3010299956639813
4081,unified,6,6,2.221848749616356
4082,university,6,5,2.3010299956639813
4083,unregulated,6,6,2.221848749616356
4084,update,6,5,2.3010299956639813
4085,urgent,6,6,2.221848749616356
4086,varies,6,6,2.221848749616356
4087,venom,6,2,2.6989700043360187
4088,vertebral,6,1,3.0
4089,veterans,6,3,2.5228787452803374
4090,warranting,6,6,2.221848749616356
4091,wat,6,2,2.6989700043360187
4092,why,6,6,2.221848749616356
4093,willingness,6,5,2.3010299956639813
4094,wmd,6,1,3.0
4095,ybx1,6,1,3.0
4096,γδ,6,1,3.0
4097,η2p,6,1,3.0
4098,006,5,5,2.3010299956639813
4099,015,5,5,2.3010299956639813
4100,017,5,5,2.3010299956639813
4101,022,5,5,2.3010299956639813
4102,025,5,5,2.3010299956639813
4103,040,5,5,2.3010299956639813
4104,052,5,5,2.3010299956639813
4105,101,5,5,2.3010299956639813
4106,102,5,5,2.3010299956639813
4107,111,5,5,2.3010299956639813
4108,114,5,5,2.3010299956639813
4109,122,5,4,2.3979400086720375
4110,129,5,5,2.3010299956639813
4111,132,5,4,2.3979400086720375
4112,139,5,5,2.3010299956639813
4113,141,5,5,2.3010299956639813
4114,149,5,5,2.3010299956639813
4115,151,5,5,2.3010299956639813
4116,185,5,5,2.3010299956639813
4117,195,5,3,2.5228787452803374
4118,196,5,5,2.3010299956639813
4119,1b,5,4,2.3979400086720375
4120,1rs,5,4,2.3979400086720375
4121,2009,5,3,2.5228787452803374
4122,2012,5,5,2.3010299956639813
4123,211,5,3,2.5228787452803374
4124,214,5,4,2.3979400086720375
4125,216,5,5,2.3010299956639813
4126,242,5,4,2.3979400086720375
4127,2557,5,1,3.0
4128,263,5,5,2.3010299956639813
4129,299,5,4,2.3979400086720375
4130,300,5,5,2.3010299956639813
4131,311,5,3,2.5228787452803374
4132,380,5,2,2.6989700043360187
4133,3a,5,2,2.6989700043360187
4134,3β,5,1,3.0
4135,540,5,1,3.0
4136,580,5,2,2.6989700043360187
4137,5b,5,1,3.0
4138,601,5,1,3.0
4139,672,5,5,2.3010299956639813
4140,6j,5,5,2.3010299956639813
4141,786,5,4,2.3979400086720375
4142,800,5,3,2.5228787452803374
4143,832,5,5,2.3010299956639813
4144,932,5,5,2.3010299956639813
4145,able,5,5,2.3010299956639813
4146,abnormal,5,5,2.3010299956639813
4147,abolished,5,5,2.3010299956639813
4148,accelerating,5,5,2.3010299956639813
4149,accompanying,5,5,2.3010299956639813
4150,accordingly,5,5,2.3010299956639813
4151,accumulating,5,5,2.3010299956639813
4152,accurately,5,5,2.3010299956639813
4153,activator,5,4,2.3979400086720375
4154,addictive,5,3,2.5228787452803374
4155,adds,5,2,2.6989700043360187
4156,adenosine,5,5,2.3010299956639813
4157,aga,5,2,2.6989700043360187
4158,agency,5,5,2.3010299956639813
4159,al,5,5,2.3010299956639813
4160,alignment,5,5,2.3010299956639813
4161,alleviating,5,5,2.3010299956639813
4162,alters,5,5,2.3010299956639813
4163,amplification,5,5,2.3010299956639813
4164,anaesthesia,5,1,3.0
4165,analyse,5,4,2.3979400086720375
4166,antibiotics,5,3,2.5228787452803374
4167,antioxidant,5,5,2.3010299956639813
4168,antiretroviral,5,4,2.3979400086720375
4169,aortic,5,2,2.6989700043360187
4170,apelin,5,2,2.6989700043360187
4171,applying,5,5,2.3010299956639813
4172,appropriateness,5,3,2.5228787452803374
4173,argues,5,5,2.3010299956639813
4174,arrhythmias,5,5,2.3010299956639813
4175,arthroscopic,5,2,2.6989700043360187
4176,aseptic,5,4,2.3979400086720375
4177,associative,5,5,2.3010299956639813
4178,attendance,5,3,2.5228787452803374
4179,attitudes,5,4,2.3979400086720375
4180,attributes,5,3,2.5228787452803374
4181,authorities,5,3,2.5228787452803374
4182,avenue,5,5,2.3010299956639813
4183,axial,5,2,2.6989700043360187
4184,basic,5,5,2.3010299956639813
4185,bca,5,1,3.0
4186,bearing,5,3,2.5228787452803374
4187,becoming,5,5,2.3010299956639813
4188,behaviour,5,5,2.3010299956639813
4189,binds,5,5,2.3010299956639813
4190,biologics,5,4,2.3979400086720375
4191,blinded,5,5,2.3010299956639813
4192,bond,5,2,2.6989700043360187
4193,boundaries,5,3,2.5228787452803374
4194,bpm,5,2,2.6989700043360187
4195,breakthroughs,5,4,2.3979400086720375
4196,bsh,5,2,2.6989700043360187
4197,ca,5,1,3.0
4198,ca7s,5,1,3.0
4199,cabg,5,1,3.0
4200,calendar,5,4,2.3979400086720375
4201,calls,5,5,2.3010299956639813
4202,calorimetry,5,3,2.5228787452803374
4203,canada,5,3,2.5228787452803374
4204,carcinogenicity,5,1,3.0
4205,cardiology,5,4,2.3979400086720375
4206,caregivers,5,1,3.0
4207,carrying,5,4,2.3979400086720375
4208,cartilage,5,4,2.3979400086720375
4209,causing,5,5,2.3010299956639813
4210,cautious,5,5,2.3010299956639813
4211,cerebellar,5,1,3.0
4212,characterise,5,5,2.3010299956639813
4213,characterization,5,3,2.5228787452803374
4214,ci95,5,1,3.0
4215,circadian,5,5,2.3010299956639813
4216,circuitry,5,5,2.3010299956639813
4217,city,5,5,2.3010299956639813
4218,close,5,5,2.3010299956639813
4219,clozapine,5,1,3.0
4220,cmds,5,1,3.0
4221,coexisting,5,5,2.3010299956639813
4222,colitis,5,3,2.5228787452803374
4223,collection,5,5,2.3010299956639813
4224,combines,5,5,2.3010299956639813
4225,commentary,5,4,2.3979400086720375
4226,companion,5,3,2.5228787452803374
4227,comparability,5,3,2.5228787452803374
4228,comparatively,5,5,2.3010299956639813
4229,compensatory,5,5,2.3010299956639813
4230,compliance,5,5,2.3010299956639813
4231,conclude,5,5,2.3010299956639813
4232,concordant,5,5,2.3010299956639813
4233,confers,5,5,2.3010299956639813
4234,conservative,5,5,2.3010299956639813
4235,considerably,5,5,2.3010299956639813
4236,constraints,5,4,2.3979400086720375
4237,consumer,5,4,2.3979400086720375
4238,contains,5,5,2.3010299956639813
4239,continuation,5,5,2.3010299956639813
4240,controversies,5,4,2.3979400086720375
4241,coordinate,5,5,2.3010299956639813
4242,cortex,5,4,2.3979400086720375
4243,counselling,5,4,2.3979400086720375
4244,counterparts,5,5,2.3010299956639813
4245,counts,5,5,2.3010299956639813
4246,crd,5,5,2.3010299956639813
4247,creating,5,5,2.3010299956639813
4248,creb,5,3,2.5228787452803374
4249,credible,5,4,2.3979400086720375
4250,crucially,5,5,2.3010299956639813
4251,cvots,5,3,2.5228787452803374
4252,cyclosporine,5,2,2.6989700043360187
4253,daytime,5,4,2.3979400086720375
4254,deeper,5,5,2.3010299956639813
4255,defect,5,3,2.5228787452803374
4256,deidentified,5,5,2.3010299956639813
4257,dependently,5,5,2.3010299956639813
4258,depends,5,5,2.3010299956639813
4259,derive,5,5,2.3010299956639813
4260,description,5,5,2.3010299956639813
4261,determining,5,5,2.3010299956639813
4262,diarrhoea,5,5,2.3010299956639813
4263,dipole,5,1,3.0
4264,directional,5,5,2.3010299956639813
4265,discontinue,5,5,2.3010299956639813
4266,discontinuers,5,3,2.5228787452803374
4267,discontinuing,5,4,2.3979400086720375
4268,discrimination,5,4,2.3979400086720375
4269,displayed,5,5,2.3010299956639813
4270,disproportionately,5,5,2.3010299956639813
4271,disrupts,5,4,2.3979400086720375
4272,distinction,5,5,2.3010299956639813
4273,distributed,5,5,2.3010299956639813
4274,disturbance,5,4,2.3979400086720375
4275,diuretics,5,4,2.3979400086720375
4276,donor,5,4,2.3979400086720375
4277,donors,5,2,2.6989700043360187
4278,dopamine,5,4,2.3979400086720375
4279,efforts,5,5,2.3010299956639813
4280,efpeglenatide,5,1,3.0
4281,elongation,5,1,3.0
4282,ema,5,4,2.3979400086720375
4283,enrolling,5,5,2.3010299956639813
4284,enteral,5,2,2.6989700043360187
4285,entry,5,4,2.3979400086720375
4286,eoss,5,1,3.0
4287,epicardial,5,4,2.3979400086720375
4288,epilepsy,5,1,3.0
4289,equally,5,4,2.3979400086720375
4290,et,5,5,2.3010299956639813
4291,ethnic,5,4,2.3979400086720375
4292,ethnicity,5,5,2.3010299956639813
4293,ever,5,5,2.3010299956639813
4294,evidenced,5,5,2.3010299956639813
4295,evolve,5,5,2.3010299956639813
4296,exceeded,5,5,2.3010299956639813
4297,exclusive,5,5,2.3010299956639813
4298,exclusively,5,5,2.3010299956639813
4299,excursions,5,4,2.3979400086720375
4300,exerting,5,5,2.3010299956639813
4301,experiment,5,3,2.5228787452803374
4302,experimentally,5,4,2.3979400086720375
4303,explanation,5,5,2.3010299956639813
4304,explanations,5,5,2.3010299956639813
4305,extraction,5,5,2.3010299956639813
4306,f1,5,1,3.0
4307,f2,5,4,2.3979400086720375
4308,f3,5,4,2.3979400086720375
4309,fails,5,5,2.3010299956639813
4310,falls,5,5,2.3010299956639813
4311,faster,5,3,2.5228787452803374
4312,fdr,5,4,2.3979400086720375
4313,feedback,5,5,2.3010299956639813
4314,fentanyl,5,1,3.0
4315,fetal,5,3,2.5228787452803374
4316,fev1,5,1,3.0
4317,fibroscan,5,2,2.6989700043360187
4318,fields,5,4,2.3979400086720375
4319,film,5,2,2.6989700043360187
4320,financial,5,5,2.3010299956639813
4321,fine,5,5,2.3010299956639813
4322,finger,5,2,2.6989700043360187
4323,flexibility,5,5,2.3010299956639813
4324,fm,5,2,2.6989700043360187
4325,folding,5,4,2.3979400086720375
4326,forming,5,5,2.3010299956639813
4327,frail,5,3,2.5228787452803374
4328,funnel,5,4,2.3979400086720375
4329,gallstones,5,3,2.5228787452803374
4330,generalized,5,5,2.3010299956639813
4331,genome,5,4,2.3979400086720375
4332,gfap,5,2,2.6989700043360187
4333,gk,5,2,2.6989700043360187
4334,glycolytic,5,2,2.6989700043360187
4335,great,5,5,2.3010299956639813
4336,gsk,5,1,3.0
4337,haemodynamic,5,4,2.3979400086720375
4338,hard,5,5,2.3010299956639813
4339,hb8,5,1,3.0
4340,hblt,5,1,3.0
4341,healthier,5,3,2.5228787452803374
4342,hedonic,5,4,2.3979400086720375
4343,hemodynamics,5,4,2.3979400086720375
4344,hepatotoxicity,5,2,2.6989700043360187
4345,hg,5,4,2.3979400086720375
4346,hgp,5,1,3.0
4347,hl,5,2,2.6989700043360187
4348,ho,5,1,3.0
4349,hybrid,5,4,2.3979400086720375
4350,hydrogen,5,4,2.3979400086720375
4351,hyperglycemic,5,5,2.3010299956639813
4352,hypersensitivity,5,3,2.5228787452803374
4353,hypertriglyceridemia,5,4,2.3979400086720375
4354,iauc,5,3,2.5228787452803374
4355,icers,5,3,2.5228787452803374
4356,ide,5,1,3.0
4357,idegasp,5,1,3.0
4358,ifn,5,2,2.6989700043360187
4359,iglarreduced,5,1,3.0
4360,immunoreactive,5,1,3.0
4361,imputation,5,4,2.3979400086720375
4362,inappropriate,5,2,2.6989700043360187
4363,inclusive,5,4,2.3979400086720375
4364,inducing,5,5,2.3010299956639813
4365,inferiority,5,3,2.5228787452803374
4366,infiltration,5,4,2.3979400086720375
4367,ingestion,5,4,2.3979400086720375
4368,insecurity,5,2,2.6989700043360187
4369,instead,5,5,2.3010299956639813
4370,instructions,5,5,2.3010299956639813
4371,intelligence,5,5,2.3010299956639813
4372,intensified,5,3,2.5228787452803374
4373,interface,5,4,2.3979400086720375
4374,internal,5,5,2.3010299956639813
4375,intestine,5,5,2.3010299956639813
4376,intraoperative,5,2,2.6989700043360187
4377,involve,5,5,2.3010299956639813
4378,ipmn,5,1,3.0
4379,irisin,5,2,2.6989700043360187
4380,irrs,5,3,2.5228787452803374
4381,iu,5,4,2.3979400086720375
4382,j,5,3,2.5228787452803374
4383,k,5,4,2.3979400086720375
4384,kansas,5,5,2.3010299956639813
4385,kd,5,2,2.6989700043360187
4386,keywords,5,5,2.3010299956639813
4387,kidneyintelx,5,1,3.0
4388,knockout,5,2,2.6989700043360187
4389,kpdm,5,1,3.0
4390,lc,5,4,2.3979400086720375
4391,leader,5,5,2.3010299956639813
4392,libitum,5,4,2.3979400086720375
4393,lifelong,5,5,2.3010299956639813
4394,lira,5,1,3.0
4395,lists,5,5,2.3010299956639813
4396,lor,5,1,3.0
4397,luminal,5,4,2.3979400086720375
4398,lv,5,2,2.6989700043360187
4399,lys12,5,1,3.0
4400,mainland,5,3,2.5228787452803374
4401,mam,5,1,3.0
4402,mammalian,5,4,2.3979400086720375
4403,manager,5,4,2.3979400086720375
4404,mandated,5,1,3.0
4405,mapping,5,5,2.3010299956639813
4406,massiliensis,5,1,3.0
4407,maze,5,2,2.6989700043360187
4408,mcf,5,1,3.0
4409,mci,5,3,2.5228787452803374
4410,meaningfully,5,4,2.3979400086720375
4411,mechanics,5,4,2.3979400086720375
4412,member,5,5,2.3010299956639813
4413,membership,5,3,2.5228787452803374
4414,micro,5,4,2.3979400086720375
4415,microenvironment,5,5,2.3010299956639813
4416,micronutrients,5,5,2.3010299956639813
4417,mid,5,5,2.3010299956639813
4418,midazolam,5,2,2.6989700043360187
4419,minute,5,4,2.3979400086720375
4420,misinformation,5,4,2.3979400086720375
4421,modifier,5,4,2.3979400086720375
4422,mody,5,1,3.0
4423,mono,5,5,2.3010299956639813
4424,monocytes,5,1,3.0
4425,monophosphate,5,5,2.3010299956639813
4426,mouth,5,4,2.3979400086720375
4427,move,5,5,2.3010299956639813
4428,muct,5,1,3.0
4429,nanoparticle,5,5,2.3010299956639813
4430,narratives,5,3,2.5228787452803374
4431,nasal,5,1,3.0
4432,native,5,3,2.5228787452803374
4433,navigating,5,5,2.3010299956639813
4434,necessarily,5,5,2.3010299956639813
4435,needle,5,2,2.6989700043360187
4436,nens,5,1,3.0
4437,neovascular,5,4,2.3979400086720375
4438,neurod1,5,1,3.0
4439,neuropeptide,5,4,2.3979400086720375
4440,newcastle,5,5,2.3010299956639813
4441,nhs,5,3,2.5228787452803374
4442,nicotine,5,2,2.6989700043360187
4443,normalization,5,5,2.3010299956639813
4444,normalized,5,5,2.3010299956639813
4445,north,5,5,2.3010299956639813
4446,nud,5,1,3.0
4447,oao,5,1,3.0
4448,oatp1b,5,1,3.0
4449,observable,5,4,2.3979400086720375
4450,obstetrician,5,2,2.6989700043360187
4451,occupancy,5,3,2.5228787452803374
4452,oil,5,4,2.3979400086720375
4453,ojps,5,1,3.0
4454,org,5,5,2.3010299956639813
4455,orlistat,5,5,2.3010299956639813
4456,orofacial,5,1,3.0
4457,orthopaedic,5,3,2.5228787452803374
4458,osteolysis,5,1,3.0
4459,osteoporotic,5,2,2.6989700043360187
4460,ottawa,5,5,2.3010299956639813
4461,outperformed,5,4,2.3979400086720375
4462,overt,5,4,2.3979400086720375
4463,ox,5,1,3.0
4464,oxphos,5,2,2.6989700043360187
4465,oxycodone,5,1,3.0
4466,p1np,5,2,2.6989700043360187
4467,pan,5,4,2.3979400086720375
4468,pap,5,2,2.6989700043360187
4469,pasireotide,5,1,3.0
4470,pass,5,4,2.3979400086720375
4471,pasteurized,5,1,3.0
4472,patent,5,4,2.3979400086720375
4473,pathophysiologic,5,4,2.3979400086720375
4474,payer,5,4,2.3979400086720375
4475,payers,5,4,2.3979400086720375
4476,pcps,5,1,3.0
4477,perception,5,5,2.3010299956639813
4478,periodontal,5,1,3.0
4479,photo,5,1,3.0
4480,plans,5,5,2.3010299956639813
4481,po,5,1,3.0
4482,pool,5,5,2.3010299956639813
4483,portal,5,3,2.5228787452803374
4484,pose,5,5,2.3010299956639813
4485,positioned,5,5,2.3010299956639813
4486,possess,5,5,2.3010299956639813
4487,possesses,5,5,2.3010299956639813
4488,postmarketing,5,3,2.5228787452803374
4489,postviral,5,1,3.0
4490,pounds,5,3,2.5228787452803374
4491,ppg,5,2,2.6989700043360187
4492,preceding,5,5,2.3010299956639813
4493,predefined,5,5,2.3010299956639813
4494,predominance,5,5,2.3010299956639813
4495,presenting,5,5,2.3010299956639813
4496,prevents,5,5,2.3010299956639813
4497,prioritized,5,4,2.3979400086720375
4498,problems,5,4,2.3979400086720375
4499,professionals,5,4,2.3979400086720375
4500,programmes,5,5,2.3010299956639813
4501,proliferative,5,5,2.3010299956639813
4502,prominent,5,5,2.3010299956639813
4503,propionate,5,4,2.3979400086720375
4504,proteasomal,5,2,2.6989700043360187
4505,protect,5,4,2.3979400086720375
4506,provider,5,4,2.3979400086720375
4507,psoriatic,5,3,2.5228787452803374
4508,psud,5,1,3.0
4509,pt,5,2,2.6989700043360187
4510,pulse,5,4,2.3979400086720375
4511,pump,5,2,2.6989700043360187
4512,pyruvate,5,4,2.3979400086720375
4513,qalys,5,4,2.3979400086720375
4514,qpcr,5,4,2.3979400086720375
4515,qualified,5,4,2.3979400086720375
4516,racial,5,4,2.3979400086720375
4517,radical,5,3,2.5228787452803374
4518,raise,5,5,2.3010299956639813
4519,rankings,5,4,2.3979400086720375
4520,read,5,4,2.3979400086720375
4521,readmissions,5,5,2.3010299956639813
4522,readouts,5,5,2.3010299956639813
4523,recruited,5,5,2.3010299956639813
4524,referred,5,4,2.3979400086720375
4525,regions,5,5,2.3010299956639813
4526,relation,5,5,2.3010299956639813
4527,reliably,5,5,2.3010299956639813
4528,relies,5,5,2.3010299956639813
4529,rely,5,5,2.3010299956639813
4530,reoperations,5,3,2.5228787452803374
4531,replication,5,5,2.3010299956639813
4532,reporter,5,4,2.3979400086720375
4533,representation,5,4,2.3979400086720375
4534,reserve,5,4,2.3979400086720375
4535,residence,5,3,2.5228787452803374
4536,residents,5,1,3.0
4537,resorption,5,3,2.5228787452803374
4538,responders,5,3,2.5228787452803374
4539,responsivity,5,3,2.5228787452803374
4540,restraint,5,2,2.6989700043360187
4541,revolutionized,5,5,2.3010299956639813
4542,root,5,4,2.3979400086720375
4543,routinely,5,5,2.3010299956639813
4544,run,5,4,2.3979400086720375
4545,rupture,5,2,2.6989700043360187
4546,rural,5,2,2.6989700043360187
4547,sagging,5,2,2.6989700043360187
4548,scoping,5,4,2.3979400086720375
4549,screen,5,5,2.3010299956639813
4550,secretin,5,1,3.0
4551,segment,5,5,2.3010299956639813
4552,semen,5,2,2.6989700043360187
4553,senolytics,5,5,2.3010299956639813
4554,sep,5,1,3.0
4555,sessions,5,3,2.5228787452803374
4556,simulated,5,5,2.3010299956639813
4557,slightly,5,4,2.3979400086720375
4558,slope,5,4,2.3979400086720375
4559,soluble,5,4,2.3979400086720375
4560,somatostatin,5,4,2.3979400086720375
4561,spanish,5,4,2.3979400086720375
4562,sphinganine,5,1,3.0
4563,squared,5,5,2.3010299956639813
4564,ssds,5,1,3.0
4565,st26,5,1,3.0
4566,staging,5,5,2.3010299956639813
4567,standardization,5,5,2.3010299956639813
4568,standards,5,5,2.3010299956639813
4569,steroid,5,2,2.6989700043360187
4570,sucrose,5,3,2.5228787452803374
4571,sufficient,5,4,2.3979400086720375
4572,sulfation,5,2,2.6989700043360187
4573,summarized,5,5,2.3010299956639813
4574,supplement,5,4,2.3979400086720375
4575,surgeon,5,3,2.5228787452803374
4576,surgeries,5,4,2.3979400086720375
4577,synergistically,5,5,2.3010299956639813
4578,tablets,5,4,2.3979400086720375
4579,team,5,4,2.3979400086720375
4580,tended,5,3,2.5228787452803374
4581,tern,5,1,3.0
4582,tf,5,1,3.0
4583,themselves,5,5,2.3010299956639813
4584,therapeutically,5,5,2.3010299956639813
4585,thymol,5,1,3.0
4586,tia,5,1,3.0
4587,timely,5,5,2.3010299956639813
4588,tobacco,5,5,2.3010299956639813
4589,toxicology,5,3,2.5228787452803374
4590,trabecular,5,2,2.6989700043360187
4591,traumatic,5,3,2.5228787452803374
4592,tree,5,2,2.6989700043360187
4593,trigger,5,2,2.6989700043360187
4594,tuberculosis,5,2,2.6989700043360187
4595,tzds,5,3,2.5228787452803374
4596,underlie,5,5,2.3010299956639813
4597,unexplored,5,5,2.3010299956639813
4598,uniquely,5,5,2.3010299956639813
4599,universal,5,5,2.3010299956639813
4600,updates,5,4,2.3979400086720375
4601,upfs,5,2,2.6989700043360187
4602,vagal,5,3,2.5228787452803374
4603,valid,5,4,2.3979400086720375
4604,vehicle,5,4,2.3979400086720375
4605,vicious,5,5,2.3010299956639813
4606,vso,5,1,3.0
4607,wegovy,5,5,2.3010299956639813
4608,wild,5,5,2.3010299956639813
4609,worsen,5,5,2.3010299956639813
4610,wt,5,2,2.6989700043360187
4611,york,5,5,2.3010299956639813
4612,zero,5,5,2.3010299956639813
4613,zfp423,5,1,3.0
4614,γglupal,5,1,3.0
4615,δ,5,5,2.3010299956639813
4616,δbfm,5,1,3.0
4617,μg,5,2,2.6989700043360187
4618,010,4,4,2.3979400086720375
4619,019,4,4,2.3979400086720375
4620,024,4,4,2.3979400086720375
4621,027,4,4,2.3979400086720375
4622,037,4,4,2.3979400086720375
4623,041,4,4,2.3979400086720375
4624,044,4,2,2.6989700043360187
4625,065,4,3,2.5228787452803374
4626,071,4,3,2.5228787452803374
4627,103,4,3,2.5228787452803374
4628,105,4,4,2.3979400086720375
4629,108,4,4,2.3979400086720375
4630,134,4,2,2.6989700043360187
4631,138,4,4,2.3979400086720375
4632,148,4,4,2.3979400086720375
4633,150,4,3,2.5228787452803374
4634,152,4,4,2.3979400086720375
4635,155,4,3,2.5228787452803374
4636,169,4,4,2.3979400086720375
4637,170,4,4,2.3979400086720375
4638,172,4,4,2.3979400086720375
4639,184,4,2,2.6989700043360187
4640,198,4,3,2.5228787452803374
4641,2000,4,4,2.3979400086720375
4642,2005,4,4,2.3979400086720375
4643,2007,4,2,2.6989700043360187
4644,208,4,4,2.3979400086720375
4645,209,4,4,2.3979400086720375
4646,213,4,4,2.3979400086720375
4647,243,4,4,2.3979400086720375
4648,250,4,4,2.3979400086720375
4649,256,4,4,2.3979400086720375
4650,259,4,4,2.3979400086720375
4651,260,4,4,2.3979400086720375
4652,286,4,4,2.3979400086720375
4653,291,4,3,2.5228787452803374
4654,292,4,4,2.3979400086720375
4655,297,4,4,2.3979400086720375
4656,2b,4,3,2.5228787452803374
4657,319,4,2,2.6989700043360187
4658,325,4,1,3.0
4659,328,4,4,2.3979400086720375
4660,391,4,4,2.3979400086720375
4661,400,4,1,3.0
4662,423,4,4,2.3979400086720375
4663,514,4,4,2.3979400086720375
4664,5d,4,2,2.6989700043360187
4665,5l,4,2,2.6989700043360187
4666,626,4,2,2.6989700043360187
4667,693,4,4,2.3979400086720375
4668,702,4,4,2.3979400086720375
4669,722,4,4,2.3979400086720375
4670,777,4,2,2.6989700043360187
4671,853,4,4,2.3979400086720375
4672,993,4,4,2.3979400086720375
4673,abstracts,4,4,2.3979400086720375
4674,acceptance,4,2,2.6989700043360187
4675,accepted,4,3,2.5228787452803374
4676,accessible,4,4,2.3979400086720375
4677,accounts,4,4,2.3979400086720375
4678,accumulate,4,4,2.3979400086720375
4679,acetate,4,4,2.3979400086720375
4680,acetylcysteine,4,3,2.5228787452803374
4681,achievable,4,4,2.3979400086720375
4682,acidic,4,3,2.5228787452803374
4683,acquisition,4,4,2.3979400086720375
4684,acvr2a,4,1,3.0
4685,adapted,4,4,2.3979400086720375
4686,adipokines,4,2,2.6989700043360187
4687,admitted,4,4,2.3979400086720375
4688,affordable,4,3,2.5228787452803374
4689,agencies,4,4,2.3979400086720375
4690,agenda,4,4,2.3979400086720375
4691,agis,4,2,2.6989700043360187
4692,ago,4,4,2.3979400086720375
4693,aha,4,2,2.6989700043360187
4694,akk,4,1,3.0
4695,alex,4,1,3.0
4696,allowing,4,4,2.3979400086720375
4697,altering,4,4,2.3979400086720375
4698,ameliorate,4,4,2.3979400086720375
4699,ameliorates,4,3,2.5228787452803374
4700,america,4,2,2.6989700043360187
4701,amount,4,4,2.3979400086720375
4702,amplified,4,4,2.3979400086720375
4703,amplify,4,4,2.3979400086720375
4704,amstar,4,3,2.5228787452803374
4705,analytics,4,4,2.3979400086720375
4706,ancestry,4,3,2.5228787452803374
4707,anchor,4,4,2.3979400086720375
4708,androgens,4,4,2.3979400086720375
4709,angiography,4,2,2.6989700043360187
4710,ankle,4,3,2.5228787452803374
4711,anticancer,4,1,3.0
4712,antihyperglycaemic,4,2,2.6989700043360187
4713,antihypertensive,4,2,2.6989700043360187
4714,appraisal,4,4,2.3979400086720375
4715,appraise,4,4,2.3979400086720375
4716,appraises,4,4,2.3979400086720375
4717,appropriately,4,4,2.3979400086720375
4718,approvals,4,4,2.3979400086720375
4719,apr,4,1,3.0
4720,armamentarium,4,4,2.3979400086720375
4721,arrhythmic,4,2,2.6989700043360187
4722,assembly,4,3,2.5228787452803374
4723,assesses,4,4,2.3979400086720375
4724,assistance,4,3,2.5228787452803374
4725,assisted,4,3,2.5228787452803374
4726,astrocytic,4,4,2.3979400086720375
4727,asvs,4,1,3.0
4728,asymmetric,4,4,2.3979400086720375
4729,atcc,4,1,3.0
4730,atr,4,1,3.0
4731,attending,4,3,2.5228787452803374
4732,attitude,4,1,3.0
4733,attributing,4,4,2.3979400086720375
4734,attribution,4,3,2.5228787452803374
4735,augment,4,4,2.3979400086720375
4736,augmentation,4,4,2.3979400086720375
4737,aural,4,2,2.6989700043360187
4738,australia,4,3,2.5228787452803374
4739,autoantibody,4,2,2.6989700043360187
4740,autonomy,4,4,2.3979400086720375
4741,ax,4,1,3.0
4742,barrett,4,1,3.0
4743,bas,4,2,2.6989700043360187
4744,bd,4,1,3.0
4745,benign,4,2,2.6989700043360187
4746,benjamini,4,4,2.3979400086720375
4747,beverages,4,2,2.6989700043360187
4748,bia,4,2,2.6989700043360187
4749,bibliometric,4,1,3.0
4750,binomial,4,4,2.3979400086720375
4751,bioassays,4,2,2.6989700043360187
4752,bioavailable,4,4,2.3979400086720375
4753,biobank,4,3,2.5228787452803374
4754,biopsychosocial,4,2,2.6989700043360187
4755,biweekly,4,1,3.0
4756,blackcurrant,4,1,3.0
4757,blindness,4,1,3.0
4758,bmis,4,1,3.0
4759,bo,4,1,3.0
4760,board,4,3,2.5228787452803374
4761,borderline,4,3,2.5228787452803374
4762,bound,4,3,2.5228787452803374
4763,brainstem,4,2,2.6989700043360187
4764,branded,4,3,2.5228787452803374
4765,bridging,4,4,2.3979400086720375
4766,bs,4,1,3.0
4767,called,4,4,2.3979400086720375
4768,caprylate,4,4,2.3979400086720375
4769,capturing,4,4,2.3979400086720375
4770,carried,4,3,2.5228787452803374
4771,causation,4,2,2.6989700043360187
4772,cd14,4,1,3.0
4773,centred,4,4,2.3979400086720375
4774,cerebral,4,4,2.3979400086720375
4775,cf,4,2,2.6989700043360187
4776,cgi,4,1,3.0
4777,chapter,4,3,2.5228787452803374
4778,charcot,4,1,3.0
4779,charge,4,2,2.6989700043360187
4780,checkpoint,4,3,2.5228787452803374
4781,cholecystokinin,4,4,2.3979400086720375
4782,cholelithiasis,4,3,2.5228787452803374
4783,chop,4,3,2.5228787452803374
4784,citrate,4,4,2.3979400086720375
4785,clearer,4,4,2.3979400086720375
4786,clearly,4,4,2.3979400086720375
4787,clostridia,4,1,3.0
4788,clustering,4,3,2.5228787452803374
4789,coagonists,4,2,2.6989700043360187
4790,coi,4,1,3.0
4791,cold,4,2,2.6989700043360187
4792,com,4,4,2.3979400086720375
4793,comfort,4,3,2.5228787452803374
4794,commercially,4,4,2.3979400086720375
4795,company,4,4,2.3979400086720375
4796,compares,4,4,2.3979400086720375
4797,compartment,4,3,2.5228787452803374
4798,competitive,4,4,2.3979400086720375
4799,comprises,4,4,2.3979400086720375
4800,concepts,4,4,2.3979400086720375
4801,confirming,4,3,2.5228787452803374
4802,conjunction,4,3,2.5228787452803374
4803,consecutive,4,4,2.3979400086720375
4804,constitutes,4,4,2.3979400086720375
4805,constitutive,4,3,2.5228787452803374
4806,continuing,4,4,2.3979400086720375
4807,contraction,4,2,2.6989700043360187
4808,convened,4,4,2.3979400086720375
4809,coprimary,4,2,2.6989700043360187
4810,correlations,4,4,2.3979400086720375
4811,corresponded,4,4,2.3979400086720375
4812,corroborate,4,4,2.3979400086720375
4813,cosmetic,4,4,2.3979400086720375
4814,cosmos,4,3,2.5228787452803374
4815,counteract,4,4,2.3979400086720375
4816,counterregulatory,4,3,2.5228787452803374
4817,covid,4,2,2.6989700043360187
4818,cps,4,1,3.0
4819,credibility,4,1,3.0
4820,crps,4,1,3.0
4821,css,4,3,2.5228787452803374
4822,ctr,4,1,3.0
4823,ctx,4,2,2.6989700043360187
4824,culminating,4,4,2.3979400086720375
4825,cyclase,4,4,2.3979400086720375
4826,cycles,4,4,2.3979400086720375
4827,cyp3a4,4,2,2.6989700043360187
4828,cytosolic,4,4,2.3979400086720375
4829,danuglipron,4,3,2.5228787452803374
4830,dawley,4,4,2.3979400086720375
4831,dca,4,1,3.0
4832,dce,4,1,3.0
4833,dcm,4,1,3.0
4834,declamping,4,1,3.0
4835,deduplication,4,4,2.3979400086720375
4836,defects,4,4,2.3979400086720375
4837,definitively,4,4,2.3979400086720375
4838,dehiscence,4,4,2.3979400086720375
4839,delineate,4,4,2.3979400086720375
4840,delivers,4,4,2.3979400086720375
4841,dental,4,2,2.6989700043360187
4842,depots,4,3,2.5228787452803374
4843,describing,4,4,2.3979400086720375
4844,desulfuricans,4,1,3.0
4845,detail,4,4,2.3979400086720375
4846,details,4,4,2.3979400086720375
4847,deterministic,4,4,2.3979400086720375
4848,diarrhea,4,3,2.5228787452803374
4849,dichotomous,4,4,2.3979400086720375
4850,differentially,4,4,2.3979400086720375
4851,dilemmas,4,1,3.0
4852,dili,4,1,3.0
4853,discectomy,4,4,2.3979400086720375
4854,disparity,4,2,2.6989700043360187
4855,dissociation,4,4,2.3979400086720375
4856,distance,4,3,2.5228787452803374
4857,distress,4,3,2.5228787452803374
4858,dls,4,1,3.0
4859,documents,4,4,2.3979400086720375
4860,downregulating,4,4,2.3979400086720375
4861,downward,4,4,2.3979400086720375
4862,dramatically,4,4,2.3979400086720375
4863,draw,4,4,2.3979400086720375
4864,drg,4,1,3.0
4865,dtw,4,1,3.0
4866,ductal,4,3,2.5228787452803374
4867,ducts,4,1,3.0
4868,duodenal,4,4,2.3979400086720375
4869,dysautonomia,4,1,3.0
4870,easo,4,2,2.6989700043360187
4871,ec50,4,3,2.5228787452803374
4872,ecosystem,4,3,2.5228787452803374
4873,educational,4,4,2.3979400086720375
4874,efflux,4,4,2.3979400086720375
4875,egr,4,1,3.0
4876,eli,4,4,2.3979400086720375
4877,elusive,4,4,2.3979400086720375
4878,embedded,4,4,2.3979400086720375
4879,emerges,4,4,2.3979400086720375
4880,emission,4,3,2.5228787452803374
4881,emphasizes,4,4,2.3979400086720375
4882,emulated,4,4,2.3979400086720375
4883,encapsulation,4,2,2.6989700043360187
4884,encompasses,4,4,2.3979400086720375
4885,encounters,4,3,2.5228787452803374
4886,ended,4,4,2.3979400086720375
4887,energetics,4,4,2.3979400086720375
4888,energies,4,3,2.5228787452803374
4889,engineering,4,4,2.3979400086720375
4890,entity,4,4,2.3979400086720375
4891,epithelium,4,4,2.3979400086720375
4892,eq,4,2,2.6989700043360187
4893,equation,4,4,2.3979400086720375
4894,equity,4,4,2.3979400086720375
4895,eqw,4,1,3.0
4896,erythritol,4,1,3.0
4897,escalated,4,4,2.3979400086720375
4898,ester,4,2,2.6989700043360187
4899,estimating,4,4,2.3979400086720375
4900,eta,4,1,3.0
4901,etiology,4,4,2.3979400086720375
4902,etr,4,1,3.0
4903,exacerbated,4,4,2.3979400086720375
4904,exceeding,4,4,2.3979400086720375
4905,exit,4,1,3.0
4906,expectancy,4,4,2.3979400086720375
4907,explains,4,4,2.3979400086720375
4908,exscel,4,2,2.6989700043360187
4909,extensor,4,1,3.0
4910,fairness,4,2,2.6989700043360187
4911,fall,4,4,2.3979400086720375
4912,favored,4,4,2.3979400086720375
4913,feature,4,4,2.3979400086720375
4914,ferritin,4,2,2.6989700043360187
4915,fibrillary,4,3,2.5228787452803374
4916,films,4,2,2.6989700043360187
4917,find,4,4,2.3979400086720375
4918,flavor,4,1,3.0
4919,fmoc,4,1,3.0
4920,folate,4,4,2.3979400086720375
4921,force,4,3,2.5228787452803374
4922,formally,4,4,2.3979400086720375
4923,formula,4,3,2.5228787452803374
4924,formulated,4,4,2.3979400086720375
4925,fourth,4,3,2.5228787452803374
4926,fragmentation,4,4,2.3979400086720375
4927,fructofuranosyl,4,1,3.0
4928,fructose,4,4,2.3979400086720375
4929,funding,4,3,2.5228787452803374
4930,g168s,4,1,3.0
4931,gated,4,4,2.3979400086720375
4932,gender,4,4,2.3979400086720375
4933,generics,4,3,2.5228787452803374
4934,give,4,4,2.3979400086720375
4935,gksset,4,1,3.0
4936,glipizide,4,2,2.6989700043360187
4937,glycolipid,4,2,2.6989700043360187
4938,glycoprotein,4,4,2.3979400086720375
4939,go,4,3,2.5228787452803374
4940,govern,4,4,2.3979400086720375
4941,gpcrvp,4,1,3.0
4942,gpx4,4,4,2.3979400086720375
4943,guarantee,4,3,2.5228787452803374
4944,gynaecological,4,1,3.0
4945,gynecological,4,2,2.6989700043360187
4946,h716,4,4,2.3979400086720375
4947,hads,4,1,3.0
4948,haematological,4,2,2.6989700043360187
4949,hand,4,4,2.3979400086720375
4950,handgrip,4,2,2.6989700043360187
4951,hcp,4,1,3.0
4952,hcu,4,1,3.0
4953,hdm1002,4,1,3.0
4954,healthspan,4,2,2.6989700043360187
4955,hei,4,2,2.6989700043360187
4956,helps,4,4,2.3979400086720375
4957,hens,4,1,3.0
4958,hepatology,4,3,2.5228787452803374
4959,hepg2,4,3,2.5228787452803374
4960,heterozygous,4,4,2.3979400086720375
4961,hif,4,1,3.0
4962,hippocampus,4,4,2.3979400086720375
4963,hispidin,4,1,3.0
4964,hochberg,4,4,2.3979400086720375
4965,hodgkin,4,1,3.0
4966,holds,4,4,2.3979400086720375
4967,home,4,2,2.6989700043360187
4968,horizon,4,4,2.3979400086720375
4969,hpc,4,1,3.0
4970,hrms,4,1,3.0
4971,hsps,4,1,3.0
4972,hydroxybenzoyl,4,4,2.3979400086720375
4973,hygiene,4,1,3.0
4974,hyperinsulinemia,4,3,2.5228787452803374
4975,hyperlipidemia,4,4,2.3979400086720375
4976,hypoglossal,4,3,2.5228787452803374
4977,iglar,4,2,2.6989700043360187
4978,iglartitrated,4,1,3.0
4979,il1b,4,2,2.6989700043360187
4980,imms,4,1,3.0
4981,immunohistochemistry,4,4,2.3979400086720375
4982,immunopositive,4,1,3.0
4983,immunoprecipitation,4,4,2.3979400086720375
4984,immunoreactivity,4,2,2.6989700043360187
4985,impairing,4,4,2.3979400086720375
4986,impairments,4,4,2.3979400086720375
4987,implant,4,4,2.3979400086720375
4988,inadvertent,4,4,2.3979400086720375
4989,indicator,4,4,2.3979400086720375
4990,indicators,4,4,2.3979400086720375
4991,inf,4,1,3.0
4992,informative,4,4,2.3979400086720375
4993,informs,4,4,2.3979400086720375
4994,inhibiting,4,4,2.3979400086720375
4995,initiate,4,4,2.3979400086720375
4996,innovation,4,3,2.5228787452803374
4997,innovations,4,4,2.3979400086720375
4998,inotropic,4,2,2.6989700043360187
4999,input,4,4,2.3979400086720375
5000,inputs,4,4,2.3979400086720375
5001,instrument,4,4,2.3979400086720375
5002,insured,4,2,2.6989700043360187
5003,intact,4,4,2.3979400086720375
5004,interdisciplinary,4,4,2.3979400086720375
5005,interrelated,4,4,2.3979400086720375
5006,intersect,4,4,2.3979400086720375
5007,intertwined,4,4,2.3979400086720375
5008,intestinalis,4,1,3.0
5009,inversely,4,3,2.5228787452803374
5010,investigating,4,4,2.3979400086720375
5011,investment,4,4,2.3979400086720375
5012,ip,4,2,2.6989700043360187
5013,ipfd,4,1,3.0
5014,ipmns,4,1,3.0
5015,isolation,4,4,2.3979400086720375
5016,jnk,4,3,2.5228787452803374
5017,justice,4,4,2.3979400086720375
5018,justify,4,4,2.3979400086720375
5019,kdigo,4,2,2.6989700043360187
5020,kfre,4,2,2.6989700043360187
5021,krt,4,1,3.0
5022,lacked,4,4,2.3979400086720375
5023,lactic,4,4,2.3979400086720375
5024,latter,4,4,2.3979400086720375
5025,lca,4,1,3.0
5026,leaf,4,2,2.6989700043360187
5027,leveraging,4,4,2.3979400086720375
5028,levodopa,4,2,2.6989700043360187
5029,lie,4,4,2.3979400086720375
5030,light,4,4,2.3979400086720375
5031,likewise,4,4,2.3979400086720375
5032,lilly,4,4,2.3979400086720375
5033,lipase,4,4,2.3979400086720375
5034,lipotoxic,4,3,2.5228787452803374
5035,lispro,4,1,3.0
5036,listing,4,3,2.5228787452803374
5037,lizard,4,1,3.0
5038,locally,4,4,2.3979400086720375
5039,loci,4,2,2.6989700043360187
5040,longitudinally,4,4,2.3979400086720375
5041,los,4,2,2.6989700043360187
5042,lsg,4,2,2.6989700043360187
5043,lsm,4,1,3.0
5044,luciferase,4,4,2.3979400086720375
5045,lymphoma,4,1,3.0
5046,lys1972,4,1,3.0
5047,m6a,4,1,3.0
5048,mapped,4,4,2.3979400086720375
5049,marks,4,3,2.5228787452803374
5050,maternal,4,2,2.6989700043360187
5051,mcp,4,2,2.6989700043360187
5052,meanwhile,4,4,2.3979400086720375
5053,medicinal,4,4,2.3979400086720375
5054,medullary,4,4,2.3979400086720375
5055,menopausal,4,3,2.5228787452803374
5056,mention,4,3,2.5228787452803374
5057,mesolimbic,4,4,2.3979400086720375
5058,methyl,4,4,2.3979400086720375
5059,methylation,4,4,2.3979400086720375
5060,microdosing,4,1,3.0
5061,microfluidic,4,2,2.6989700043360187
5062,militaris,4,2,2.6989700043360187
5063,minimum,4,4,2.3979400086720375
5064,mir,4,3,2.5228787452803374
5065,mixture,4,3,2.5228787452803374
5066,mo,4,2,2.6989700043360187
5067,mobile,4,2,2.6989700043360187
5068,mobility,4,3,2.5228787452803374
5069,modalities,4,4,2.3979400086720375
5070,monographs,4,1,3.0
5071,morris,4,2,2.6989700043360187
5072,motivated,4,3,2.5228787452803374
5073,motivational,4,3,2.5228787452803374
5074,moved,4,4,2.3979400086720375
5075,mrt,4,1,3.0
5076,mstn,4,2,2.6989700043360187
5077,mtorc1,4,2,2.6989700043360187
5078,mucus,4,2,2.6989700043360187
5079,mulberry,4,2,2.6989700043360187
5080,multinational,4,4,2.3979400086720375
5081,multisystem,4,4,2.3979400086720375
5082,multivariate,4,4,2.3979400086720375
5083,myotubes,4,3,2.5228787452803374
5084,naive,4,2,2.6989700043360187
5085,nanoemulsion,4,1,3.0
5086,naranjo,4,4,2.3979400086720375
5087,narrow,4,4,2.3979400086720375
5088,nci,4,4,2.3979400086720375
5089,nephropathy,4,4,2.3979400086720375
5090,neuro,4,4,2.3979400086720375
5091,neuroarthropathy,4,1,3.0
5092,neurobiological,4,4,2.3979400086720375
5093,neuroplasticity,4,3,2.5228787452803374
5094,neutrophil,4,3,2.5228787452803374
5095,nonetheless,4,4,2.3979400086720375
5096,noninsulin,4,3,2.5228787452803374
5097,nonobese,4,2,2.6989700043360187
5098,nonscarring,4,1,3.0
5099,npy4,4,1,3.0
5100,nucleus,4,4,2.3979400086720375
5101,numerically,4,3,2.5228787452803374
5102,nutri,4,1,3.0
5103,nyha,4,3,2.5228787452803374
5104,ob,4,2,2.6989700043360187
5105,obedigithum,4,1,3.0
5106,obstetric,4,3,2.5228787452803374
5107,oedema,4,2,2.6989700043360187
5108,oesophageal,4,1,3.0
5109,oesophagus,4,1,3.0
5110,offered,4,4,2.3979400086720375
5111,olanzapine,4,1,3.0
5112,oncologic,4,3,2.5228787452803374
5113,operates,4,4,2.3979400086720375
5114,optimisation,4,4,2.3979400086720375
5115,optimise,4,4,2.3979400086720375
5116,organoids,4,3,2.5228787452803374
5117,originally,4,4,2.3979400086720375
5118,ors,4,4,2.3979400086720375
5119,osteogenic,4,4,2.3979400086720375
5120,ovulation,4,3,2.5228787452803374
5121,own,4,4,2.3979400086720375
5122,oxidized,4,4,2.3979400086720375
5123,p65,4,2,2.6989700043360187
5124,pa,4,1,3.0
5125,padj,4,1,3.0
5126,pair,4,4,2.3979400086720375
5127,palmitate,4,2,2.6989700043360187
5128,panels,4,4,2.3979400086720375
5129,parametric,4,3,2.5228787452803374
5130,participate,4,4,2.3979400086720375
5131,parts,4,4,2.3979400086720375
5132,passive,4,3,2.5228787452803374
5133,paternal,4,2,2.6989700043360187
5134,patulous,4,3,2.5228787452803374
5135,pbsa,4,2,2.6989700043360187
5136,pcp,4,2,2.6989700043360187
5137,pentosus,4,1,3.0
5138,periconceptional,4,1,3.0
5139,permutation,4,2,2.6989700043360187
5140,peroxide,4,3,2.5228787452803374
5141,personalised,4,3,2.5228787452803374
5142,pgc,4,2,2.6989700043360187
5143,pharmacist,4,3,2.5228787452803374
5144,pharmacogenomic,4,3,2.5228787452803374
5145,phosphate,4,4,2.3979400086720375
5146,physiologic,4,4,2.3979400086720375
5147,pilot,4,4,2.3979400086720375
5148,piog,4,1,3.0
5149,plasminogen,4,3,2.5228787452803374
5150,players,4,3,2.5228787452803374
5151,plumeria,4,1,3.0
5152,pm,4,3,2.5228787452803374
5153,pocket,4,4,2.3979400086720375
5154,possibly,4,4,2.3979400086720375
5155,postbariatric,4,4,2.3979400086720375
5156,postcessation,4,2,2.6989700043360187
5157,posterior,4,3,2.5228787452803374
5158,precipitants,4,2,2.6989700043360187
5159,prediabetic,4,2,2.6989700043360187
5160,predict,4,3,2.5228787452803374
5161,predicting,4,4,2.3979400086720375
5162,predictions,4,3,2.5228787452803374
5163,predicts,4,3,2.5228787452803374
5164,pregnancies,4,3,2.5228787452803374
5165,preoperatively,4,4,2.3979400086720375
5166,prepared,4,3,2.5228787452803374
5167,preserves,4,4,2.3979400086720375
5168,pretreatment,4,4,2.3979400086720375
5169,pricing,4,4,2.3979400086720375
5170,privately,4,3,2.5228787452803374
5171,proactive,4,4,2.3979400086720375
5172,probabilities,4,3,2.5228787452803374
5173,processed,4,4,2.3979400086720375
5174,producer,4,2,2.6989700043360187
5175,productivity,4,1,3.0
5176,profoundly,4,4,2.3979400086720375
5177,programming,4,4,2.3979400086720375
5178,progressed,4,3,2.5228787452803374
5179,proteolytic,4,3,2.5228787452803374
5180,proteome,4,1,3.0
5181,proteomic,4,3,2.5228787452803374
5182,proximal,4,4,2.3979400086720375
5183,puberty,4,3,2.5228787452803374
5184,pulley,4,1,3.0
5185,qd,4,1,3.0
5186,quantitatively,4,4,2.3979400086720375
5187,quarterly,4,3,2.5228787452803374
5188,quinidine,4,1,3.0
5189,rcr,4,1,3.0
5190,rct,4,4,2.3979400086720375
5191,readily,4,4,2.3979400086720375
5192,readiness,4,4,2.3979400086720375
5193,reassurance,4,4,2.3979400086720375
5194,recapitulated,4,4,2.3979400086720375
5195,reclassification,4,2,2.6989700043360187
5196,recurring,4,3,2.5228787452803374
5197,refeeding,4,1,3.0
5198,released,4,4,2.3979400086720375
5199,renewed,4,4,2.3979400086720375
5200,requirement,4,3,2.5228787452803374
5201,reshape,4,4,2.3979400086720375
5202,responding,4,3,2.5228787452803374
5203,rest,4,4,2.3979400086720375
5204,restrictions,4,4,2.3979400086720375
5205,rests,4,4,2.3979400086720375
5206,reversal,4,4,2.3979400086720375
5207,reversible,4,4,2.3979400086720375
5208,revised,4,4,2.3979400086720375
5209,rheumatologic,4,1,3.0
5210,rhi,4,1,3.0
5211,rn,4,2,2.6989700043360187
5212,rorr,4,1,3.0
5213,ros,4,4,2.3979400086720375
5214,rubra,4,1,3.0
5215,rules,4,4,2.3979400086720375
5216,rwd,4,3,2.5228787452803374
5217,salivarius,4,1,3.0
5218,sc,4,1,3.0
5219,sciencedirect,4,4,2.3979400086720375
5220,sciences,4,4,2.3979400086720375
5221,se,4,4,2.3979400086720375
5222,searching,4,4,2.3979400086720375
5223,sedds,4,1,3.0
5224,seizure,4,1,3.0
5225,selectin,4,1,3.0
5226,selecting,4,4,2.3979400086720375
5227,selectivity,4,4,2.3979400086720375
5228,semi,4,4,2.3979400086720375
5229,senescent,4,4,2.3979400086720375
5230,ser2448,4,1,3.0
5231,setmelanotide,4,2,2.6989700043360187
5232,sga,4,1,3.0
5233,shedding,4,4,2.3979400086720375
5234,shifted,4,4,2.3979400086720375
5235,sided,4,3,2.5228787452803374
5236,silico,4,4,2.3979400086720375
5237,simd,4,1,3.0
5238,similarities,4,4,2.3979400086720375
5239,simplification,4,1,3.0
5240,simvastatin,4,1,3.0
5241,sirna,4,3,2.5228787452803374
5242,sixteen,4,4,2.3979400086720375
5243,smas,4,1,3.0
5244,smbg,4,2,2.6989700043360187
5245,snac,4,4,2.3979400086720375
5246,soc,4,1,3.0
5247,soft,4,1,3.0
5248,spc,4,1,3.0
5249,spps,4,1,3.0
5250,sprague,4,4,2.3979400086720375
5251,sstr3,4,1,3.0
5252,st25,4,1,3.0
5253,stabilizing,4,4,2.3979400086720375
5254,staff,4,4,2.3979400086720375
5255,stat3,4,1,3.0
5256,static,4,3,2.5228787452803374
5257,stimulates,4,4,2.3979400086720375
5258,stomach,4,4,2.3979400086720375
5259,strengthening,4,4,2.3979400086720375
5260,strict,4,4,2.3979400086720375
5261,stromal,4,3,2.5228787452803374
5262,subcutaneously,4,4,2.3979400086720375
5263,subjected,4,4,2.3979400086720375
5264,subsets,4,4,2.3979400086720375
5265,subtracted,4,3,2.5228787452803374
5266,suitable,4,4,2.3979400086720375
5267,sulfate,4,4,2.3979400086720375
5268,supervised,4,3,2.5228787452803374
5269,suppressive,4,3,2.5228787452803374
5270,sustainability,4,4,2.3979400086720375
5271,sweet,4,3,2.5228787452803374
5272,swelling,4,4,2.3979400086720375
5273,switch,4,4,2.3979400086720375
5274,sympathetic,4,4,2.3979400086720375
5275,tachycardia,4,2,2.6989700043360187
5276,tanycyte,4,1,3.0
5277,tdt,4,1,3.0
5278,telehealth,4,3,2.5228787452803374
5279,telemedicine,4,3,2.5228787452803374
5280,termed,4,4,2.3979400086720375
5281,terminated,4,3,2.5228787452803374
5282,tetrahydrocurcumin,4,1,3.0
5283,thickness,4,3,2.5228787452803374
5284,titrated,4,3,2.5228787452803374
5285,tomography,4,4,2.3979400086720375
5286,topical,4,3,2.5228787452803374
5287,toxin,4,4,2.3979400086720375
5288,track,4,4,2.3979400086720375
5289,traditionally,4,4,2.3979400086720375
5290,transcript,4,3,2.5228787452803374
5291,transcriptomic,4,4,2.3979400086720375
5292,transform,4,4,2.3979400086720375
5293,transformation,4,3,2.5228787452803374
5294,transforming,4,4,2.3979400086720375
5295,transiently,4,4,2.3979400086720375
5296,transmission,4,4,2.3979400086720375
5297,transparent,4,4,2.3979400086720375
5298,true,4,4,2.3979400086720375
5299,turn,4,4,2.3979400086720375
5300,twice,4,4,2.3979400086720375
5301,tyrosine,4,3,2.5228787452803374
5302,ubiquitin,4,3,2.5228787452803374
5303,ug,4,1,3.0
5304,uln,4,1,3.0
5305,uncoupling,4,3,2.5228787452803374
5306,uncover,4,4,2.3979400086720375
5307,underappreciated,4,4,2.3979400086720375
5308,underserved,4,3,2.5228787452803374
5309,undescribed,4,2,2.6989700043360187
5310,unhealthy,4,4,2.3979400086720375
5311,unifying,4,4,2.3979400086720375
5312,unimolecular,4,4,2.3979400086720375
5313,univariable,4,3,2.5228787452803374
5314,universally,4,4,2.3979400086720375
5315,unlike,4,4,2.3979400086720375
5316,unloading,4,2,2.6989700043360187
5317,unprecedented,4,4,2.3979400086720375
5318,urban,4,1,3.0
5319,uremic,4,4,2.3979400086720375
5320,urgently,4,4,2.3979400086720375
5321,usage,4,2,2.6989700043360187
5322,v2,4,3,2.5228787452803374
5323,v20,4,1,3.0
5324,variations,4,4,2.3979400086720375
5325,variety,4,4,2.3979400086720375
5326,venomous,4,1,3.0
5327,verification,4,3,2.5228787452803374
5328,vildagliptin,4,1,3.0
5329,volumes,4,3,2.5228787452803374
5330,voluntary,4,4,2.3979400086720375
5331,vrce,4,1,3.0
5332,vvs,4,1,3.0
5333,wait,4,2,2.6989700043360187
5334,warehouse,4,4,2.3979400086720375
5335,warning,4,4,2.3979400086720375
5336,wnt5a,4,1,3.0
5337,workforce,4,2,2.6989700043360187
5338,workshop,4,2,2.6989700043360187
5339,wss,4,1,3.0
5340,xa1416,4,1,3.0
5341,y297d,4,1,3.0
5342,zinc,4,4,2.3979400086720375
5343,δasm,4,1,3.0
5344,0014,3,3,2.5228787452803374
5345,0036,3,1,3.0
5346,011,3,3,2.5228787452803374
5347,029,3,3,2.5228787452803374
5348,032,3,3,2.5228787452803374
5349,033,3,3,2.5228787452803374
5350,035,3,3,2.5228787452803374
5351,038,3,3,2.5228787452803374
5352,043,3,3,2.5228787452803374
5353,045,3,3,2.5228787452803374
5354,046,3,3,2.5228787452803374
5355,064,3,3,2.5228787452803374
5356,076,3,3,2.5228787452803374
5357,1007,3,3,2.5228787452803374
5358,110,3,3,2.5228787452803374
5359,11cp,3,1,3.0
5360,121,3,3,2.5228787452803374
5361,128,3,3,2.5228787452803374
5362,133,3,3,2.5228787452803374
5363,137,3,3,2.5228787452803374
5364,13c,3,1,3.0
5365,147,3,3,2.5228787452803374
5366,157,3,3,2.5228787452803374
5367,158,3,3,2.5228787452803374
5368,160,3,3,2.5228787452803374
5369,164,3,3,2.5228787452803374
5370,165,3,3,2.5228787452803374
5371,167,3,3,2.5228787452803374
5372,176,3,3,2.5228787452803374
5373,177,3,3,2.5228787452803374
5374,181,3,3,2.5228787452803374
5375,191,3,2,2.6989700043360187
5376,197,3,3,2.5228787452803374
5377,1a02,3,1,3.0
5378,1b03,3,1,3.0
5379,2011,3,3,2.5228787452803374
5380,202,3,3,2.5228787452803374
5381,2030,3,3,2.5228787452803374
5382,212,3,3,2.5228787452803374
5383,220,3,3,2.5228787452803374
5384,227,3,3,2.5228787452803374
5385,229,3,3,2.5228787452803374
5386,231,3,3,2.5228787452803374
5387,233,3,3,2.5228787452803374
5388,235,3,3,2.5228787452803374
5389,241,3,3,2.5228787452803374
5390,245,3,3,2.5228787452803374
5391,247,3,3,2.5228787452803374
5392,251,3,3,2.5228787452803374
5393,254,3,3,2.5228787452803374
5394,255,3,3,2.5228787452803374
5395,266,3,3,2.5228787452803374
5396,270,3,3,2.5228787452803374
5397,273,3,3,2.5228787452803374
5398,304,3,3,2.5228787452803374
5399,309,3,3,2.5228787452803374
5400,320,3,3,2.5228787452803374
5401,322,3,3,2.5228787452803374
5402,342,3,3,2.5228787452803374
5403,349,3,3,2.5228787452803374
5404,366,3,3,2.5228787452803374
5405,381,3,3,2.5228787452803374
5406,383,3,3,2.5228787452803374
5407,393,3,3,2.5228787452803374
5408,397,3,3,2.5228787452803374
5409,3t3,3,2,2.6989700043360187
5410,404,3,3,2.5228787452803374
5411,407,3,3,2.5228787452803374
5412,408,3,3,2.5228787452803374
5413,409,3,3,2.5228787452803374
5414,411,3,3,2.5228787452803374
5415,428,3,3,2.5228787452803374
5416,430,3,2,2.6989700043360187
5417,434,3,3,2.5228787452803374
5418,442,3,3,2.5228787452803374
5419,445,3,3,2.5228787452803374
5420,450,3,3,2.5228787452803374
5421,471,3,2,2.6989700043360187
5422,488,3,3,2.5228787452803374
5423,528,3,3,2.5228787452803374
5424,534,3,3,2.5228787452803374
5425,544,3,2,2.6989700043360187
5426,546,3,3,2.5228787452803374
5427,564,3,3,2.5228787452803374
5428,567,3,2,2.6989700043360187
5429,568,3,3,2.5228787452803374
5430,572,3,3,2.5228787452803374
5431,589,3,3,2.5228787452803374
5432,604,3,3,2.5228787452803374
5433,613,3,3,2.5228787452803374
5434,623,3,3,2.5228787452803374
5435,630,3,3,2.5228787452803374
5436,638,3,3,2.5228787452803374
5437,650,3,3,2.5228787452803374
5438,678,3,3,2.5228787452803374
5439,690,3,3,2.5228787452803374
5440,694,3,3,2.5228787452803374
5441,701,3,3,2.5228787452803374
5442,712,3,3,2.5228787452803374
5443,717,3,3,2.5228787452803374
5444,733,3,3,2.5228787452803374
5445,740,3,3,2.5228787452803374
5446,772,3,3,2.5228787452803374
5447,775,3,3,2.5228787452803374
5448,816,3,3,2.5228787452803374
5449,825,3,3,2.5228787452803374
5450,881,3,3,2.5228787452803374
5451,919,3,3,2.5228787452803374
5452,933,3,3,2.5228787452803374
5453,934,3,3,2.5228787452803374
5454,953,3,3,2.5228787452803374
5455,962,3,2,2.6989700043360187
5456,987,3,3,2.5228787452803374
5457,ablated,3,1,3.0
5458,abnormally,3,3,2.5228787452803374
5459,abstinence,3,2,2.6989700043360187
5460,abstract,3,3,2.5228787452803374
5461,academia,3,3,2.5228787452803374
5462,acarbose,3,3,2.5228787452803374
5463,accommodate,3,3,2.5228787452803374
5464,accumulated,3,3,2.5228787452803374
5465,ace,3,2,2.6989700043360187
5466,ache,3,1,3.0
5467,achieves,3,3,2.5228787452803374
5468,acromegaly,3,1,3.0
5469,acted,3,3,2.5228787452803374
5470,acyl,3,3,2.5228787452803374
5471,adenine,3,3,2.5228787452803374
5472,adjacent,3,3,2.5228787452803374
5473,adjustable,3,3,2.5228787452803374
5474,adma,3,1,3.0
5475,admet,3,2,2.6989700043360187
5476,adopting,3,3,2.5228787452803374
5477,adpkd,3,1,3.0
5478,advancement,3,3,2.5228787452803374
5479,advent,3,3,2.5228787452803374
5480,advised,3,3,2.5228787452803374
5481,advocate,3,3,2.5228787452803374
5482,aetiologies,3,2,2.6989700043360187
5483,ages,3,3,2.5228787452803374
5484,aggravate,3,3,2.5228787452803374
5485,aggravated,3,3,2.5228787452803374
5486,aggregate,3,3,2.5228787452803374
5487,aion,3,1,3.0
5488,alphamissense,3,1,3.0
5489,ame,3,1,3.0
5490,ameliorating,3,3,2.5228787452803374
5491,amycretin,3,2,2.6989700043360187
5492,amylase,3,2,2.6989700043360187
5493,anabolic,3,3,2.5228787452803374
5494,anaemia,3,3,2.5228787452803374
5495,analogous,3,3,2.5228787452803374
5496,anatomical,3,3,2.5228787452803374
5497,anhedonia,3,2,2.6989700043360187
5498,anion,3,2,2.6989700043360187
5499,anonymous,3,3,2.5228787452803374
5500,anthocyanins,3,3,2.5228787452803374
5501,antiarrhythmic,3,2,2.6989700043360187
5502,antibodies,3,3,2.5228787452803374
5503,anticipated,3,3,2.5228787452803374
5504,antidepressants,3,1,3.0
5505,antinociceptive,3,3,2.5228787452803374
5506,antiseizure,3,1,3.0
5507,antithrombotic,3,3,2.5228787452803374
5508,ap,3,1,3.0
5509,apglp1r,3,1,3.0
5510,apoe,3,3,2.5228787452803374
5511,applies,3,3,2.5228787452803374
5512,appreciated,3,3,2.5228787452803374
5513,apps,3,1,3.0
5514,aquaporin,3,2,2.6989700043360187
5515,arises,3,3,2.5228787452803374
5516,arising,3,3,2.5228787452803374
5517,arms,3,3,2.5228787452803374
5518,arousal,3,3,2.5228787452803374
5519,ascites,3,1,3.0
5520,asians,3,1,3.0
5521,asn,3,2,2.6989700043360187
5522,aso,3,2,2.6989700043360187
5523,aspartate,3,3,2.5228787452803374
5524,assist,3,3,2.5228787452803374
5525,associate,3,3,2.5228787452803374
5526,associates,3,3,2.5228787452803374
5527,assumed,3,3,2.5228787452803374
5528,assumptions,3,3,2.5228787452803374
5529,astrocytes,3,3,2.5228787452803374
5530,asymptomatic,3,3,2.5228787452803374
5531,attempt,3,1,3.0
5532,attempted,3,3,2.5228787452803374
5533,attracted,3,3,2.5228787452803374
5534,attrition,3,3,2.5228787452803374
5535,atypical,3,3,2.5228787452803374
5536,augmented,3,2,2.6989700043360187
5537,authoritative,3,3,2.5228787452803374
5538,authority,3,3,2.5228787452803374
5539,autophagic,3,3,2.5228787452803374
5540,avenues,3,3,2.5228787452803374
5541,b12,3,3,2.5228787452803374
5542,bacteriome,3,1,3.0
5543,bacteroides,3,3,2.5228787452803374
5544,bacteroidetes,3,3,2.5228787452803374
5545,bb,3,1,3.0
5546,bbs,3,1,3.0
5547,behaviours,3,3,2.5228787452803374
5548,benchmark,3,3,2.5228787452803374
5549,beneficence,3,3,2.5228787452803374
5550,bfi,3,1,3.0
5551,bhe,3,1,3.0
5552,bid,3,1,3.0
5553,bifidobacterium,3,3,2.5228787452803374
5554,bifunctional,3,1,3.0
5555,bilateral,3,3,2.5228787452803374
5556,bilirubin,3,2,2.6989700043360187
5557,binary,3,3,2.5228787452803374
5558,bioactivity,3,3,2.5228787452803374
5559,bioenergetic,3,3,2.5228787452803374
5560,biosynthesis,3,3,2.5228787452803374
5561,bitter,3,1,3.0
5562,blm,3,1,3.0
5563,bloating,3,1,3.0
5564,blocking,3,2,2.6989700043360187
5565,blunted,3,3,2.5228787452803374
5566,blunting,3,3,2.5228787452803374
5567,bonferroni,3,3,2.5228787452803374
5568,box,3,3,2.5228787452803374
5569,boxed,3,3,2.5228787452803374
5570,breakfast,3,3,2.5228787452803374
5571,breakthrough,3,3,2.5228787452803374
5572,bridge,3,3,2.5228787452803374
5573,briggs,3,3,2.5228787452803374
5574,broaden,3,3,2.5228787452803374
5575,buccal,3,1,3.0
5576,budgets,3,2,2.6989700043360187
5577,burn,3,1,3.0
5578,c2c12,3,2,2.6989700043360187
5579,calcitonin,3,2,2.6989700043360187
5580,call,3,3,2.5228787452803374
5581,came,3,3,2.5228787452803374
5582,candidacy,3,2,2.6989700043360187
5583,capsules,3,2,2.6989700043360187
5584,carbamazepine,3,1,3.0
5585,carcinogenesis,3,2,2.6989700043360187
5586,carcinogenic,3,1,3.0
5587,cardiomems,3,1,3.0
5588,cardiomyocytes,3,2,2.6989700043360187
5589,caregiver,3,1,3.0
5590,carriers,3,3,2.5228787452803374
5591,carries,3,3,2.5228787452803374
5592,catechins,3,2,2.6989700043360187
5593,cation,3,2,2.6989700043360187
5594,cck,3,3,2.5228787452803374
5595,cd206,3,3,2.5228787452803374
5596,cd25,3,1,3.0
5597,centrally,3,3,2.5228787452803374
5598,cerebellum,3,1,3.0
5599,cfrd,3,1,3.0
5600,cfs,3,1,3.0
5601,chaperone,3,2,2.6989700043360187
5602,chart,3,3,2.5228787452803374
5603,chemically,3,3,2.5228787452803374
5604,chemosensory,3,1,3.0
5605,chicks,3,1,3.0
5606,chip,3,3,2.5228787452803374
5607,cholangitis,3,2,2.6989700043360187
5608,cholinergic,3,2,2.6989700043360187
5609,chow,3,3,2.5228787452803374
5610,chromatographic,3,3,2.5228787452803374
5611,cinahl,3,3,2.5228787452803374
5612,cirrhotic,3,3,2.5228787452803374
5613,claim,3,3,2.5228787452803374
5614,clarithromycin,3,1,3.0
5615,clarity,3,3,2.5228787452803374
5616,closer,3,3,2.5228787452803374
5617,clostridium,3,3,2.5228787452803374
5618,cmax,3,2,2.6989700043360187
5619,cny,3,1,3.0
5620,coa,3,3,2.5228787452803374
5621,coaching,3,2,2.6989700043360187
5622,coadministration,3,2,2.6989700043360187
5623,cochran,3,3,2.5228787452803374
5624,coe,3,1,3.0
5625,coexists,3,3,2.5228787452803374
5626,cola,3,1,3.0
5627,colic,3,1,3.0
5628,colocalisation,3,1,3.0
5629,colony,3,3,2.5228787452803374
5630,commitment,3,2,2.6989700043360187
5631,committee,3,2,2.6989700043360187
5632,communicable,3,1,3.0
5633,communities,3,3,2.5228787452803374
5634,companies,3,1,3.0
5635,compatibility,3,1,3.0
5636,completing,3,3,2.5228787452803374
5637,component025,3,1,3.0
5638,comprise,3,3,2.5228787452803374
5639,computed,3,3,2.5228787452803374
5640,computer,3,3,2.5228787452803374
5641,con,3,2,2.6989700043360187
5642,conception,3,3,2.5228787452803374
5643,conducting,3,3,2.5228787452803374
5644,conference,3,3,2.5228787452803374
5645,conferring,3,3,2.5228787452803374
5646,confined,3,3,2.5228787452803374
5647,confocal,3,2,2.6989700043360187
5648,consecutively,3,3,2.5228787452803374
5649,conserved,3,3,2.5228787452803374
5650,constant,3,2,2.6989700043360187
5651,constituted,3,3,2.5228787452803374
5652,consummatory,3,2,2.6989700043360187
5653,contain,3,3,2.5228787452803374
5654,contextual,3,3,2.5228787452803374
5655,contextualize,3,3,2.5228787452803374
5656,contraception,3,2,2.6989700043360187
5657,contraceptive,3,3,2.5228787452803374
5658,contrasts,3,3,2.5228787452803374
5659,controversy,3,3,2.5228787452803374
5660,converting,3,3,2.5228787452803374
5661,cordyceps,3,2,2.6989700043360187
5662,correct,3,3,2.5228787452803374
5663,correctly,3,3,2.5228787452803374
5664,correlates,3,3,2.5228787452803374
5665,corticosteroids,3,3,2.5228787452803374
5666,counter,3,3,2.5228787452803374
5667,counterfeit,3,2,2.6989700043360187
5668,counterregulation,3,1,3.0
5669,country,3,3,2.5228787452803374
5670,cover,3,2,2.6989700043360187
5671,covering,3,3,2.5228787452803374
5672,covers,3,3,2.5228787452803374
5673,creates,3,3,2.5228787452803374
5674,creatine,3,1,3.0
5675,cri,3,1,3.0
5676,csm,3,1,3.0
5677,cues,3,3,2.5228787452803374
5678,cut,3,3,2.5228787452803374
5679,cvot,3,3,2.5228787452803374
5680,cyclophilin,3,1,3.0
5681,cystic,3,3,2.5228787452803374
5682,cytometry,3,3,2.5228787452803374
5683,d3ga,3,1,3.0
5684,dd,3,1,3.0
5685,deacetylation,3,2,2.6989700043360187
5686,debilitating,3,3,2.5228787452803374
5687,decarboxylase,3,1,3.0
5688,decomposition,3,3,2.5228787452803374
5689,default,3,3,2.5228787452803374
5690,degrading,3,2,2.6989700043360187
5691,delays,3,3,2.5228787452803374
5692,deletion,3,3,2.5228787452803374
5693,delivering,3,3,2.5228787452803374
5694,demands,3,3,2.5228787452803374
5695,dense,3,3,2.5228787452803374
5696,deployment,3,2,2.6989700043360187
5697,depot,3,1,3.0
5698,dermal,3,3,2.5228787452803374
5699,dermatitis,3,2,2.6989700043360187
5700,desulfovibrio,3,2,2.6989700043360187
5701,devaluation,3,1,3.0
5702,dian,3,1,3.0
5703,die,3,2,2.6989700043360187
5704,dietitian,3,3,2.5228787452803374
5705,diffusion,3,3,2.5228787452803374
5706,diminish,3,3,2.5228787452803374
5707,diminishes,3,3,2.5228787452803374
5708,dinucleotide,3,3,2.5228787452803374
5709,disciplines,3,3,2.5228787452803374
5710,discontinuations,3,3,2.5228787452803374
5711,discrepancy,3,3,2.5228787452803374
5712,dislocation,3,2,2.6989700043360187
5713,dispensed,3,2,2.6989700043360187
5714,disruptions,3,3,2.5228787452803374
5715,distension,3,1,3.0
5716,distinguished,3,3,2.5228787452803374
5717,distributions,3,3,2.5228787452803374
5718,diuresis,3,2,2.6989700043360187
5719,diuretic,3,3,2.5228787452803374
5720,diurnal,3,2,2.6989700043360187
5721,divergence,3,3,2.5228787452803374
5722,dmadds,3,1,3.0
5723,dmf,3,1,3.0
5724,dmn,3,1,3.0
5725,docusate,3,2,2.6989700043360187
5726,dor,3,1,3.0
5727,dotap,3,1,3.0
5728,drawing,3,3,2.5228787452803374
5729,drinks,3,1,3.0
5730,dutch,3,2,2.6989700043360187
5731,dxa,3,2,2.6989700043360187
5732,dysglycaemia,3,3,2.5228787452803374
5733,e3,3,2,2.6989700043360187
5734,eae,3,1,3.0
5735,ear,3,1,3.0
5736,echocardiography,3,3,2.5228787452803374
5737,ecm,3,1,3.0
5738,ect,3,1,3.0
5739,edd,3,1,3.0
5740,edged,3,2,2.6989700043360187
5741,editorials,3,3,2.5228787452803374
5742,effector,3,3,2.5228787452803374
5743,effort,3,2,2.6989700043360187
5744,egr1,3,1,3.0
5745,eif2α,3,3,2.5228787452803374
5746,element,3,3,2.5228787452803374
5747,elements,3,3,2.5228787452803374
5748,eliminate,3,3,2.5228787452803374
5749,emissions,3,2,2.6989700043360187
5750,employing,3,2,2.6989700043360187
5751,encourage,3,3,2.5228787452803374
5752,encouraging,3,3,2.5228787452803374
5753,endometrioid,3,1,3.0
5754,endoscopist,3,2,2.6989700043360187
5755,endurance,3,2,2.6989700043360187
5756,engaging,3,3,2.5228787452803374
5757,engineered,3,3,2.5228787452803374
5758,enhancer,3,3,2.5228787452803374
5759,enriching,3,2,2.6989700043360187
5760,entire,3,3,2.5228787452803374
5761,entirely,3,3,2.5228787452803374
5762,epic,3,2,2.6989700043360187
5763,epigastric,3,3,2.5228787452803374
5764,episodic,3,2,2.6989700043360187
5765,equivalents,3,2,2.6989700043360187
5766,eras,3,2,2.6989700043360187
5767,erythrocyte,3,3,2.5228787452803374
5768,erythroid,3,3,2.5228787452803374
5769,esa,3,1,3.0
5770,eskd,3,1,3.0
5771,esophagogastroduodenoscopy,3,3,2.5228787452803374
5772,essentially,3,3,2.5228787452803374
5773,establishes,3,3,2.5228787452803374
5774,estimation,3,2,2.6989700043360187
5775,estradiol,3,3,2.5228787452803374
5776,ethyl,3,3,2.5228787452803374
5777,eu,3,3,2.5228787452803374
5778,eudract,3,2,2.6989700043360187
5779,eventually,3,3,2.5228787452803374
5780,everyday,3,3,2.5228787452803374
5781,ewom,3,1,3.0
5782,example,3,3,2.5228787452803374
5783,examples,3,2,2.6989700043360187
5784,excursion,3,1,3.0
5785,exemplified,3,3,2.5228787452803374
5786,exhaled,3,2,2.6989700043360187
5787,exogenous,3,3,2.5228787452803374
5788,explanatory,3,3,2.5228787452803374
5789,export,3,3,2.5228787452803374
5790,extensively,3,3,2.5228787452803374
5791,externally,3,3,2.5228787452803374
5792,extrahepatic,3,3,2.5228787452803374
5793,extrapolation,3,2,2.6989700043360187
5794,extremely,3,3,2.5228787452803374
5795,f,3,3,2.5228787452803374
5796,faces,3,3,2.5228787452803374
5797,facilitates,3,3,2.5228787452803374
5798,factorial,3,2,2.6989700043360187
5799,failing,3,3,2.5228787452803374
5800,familial,3,3,2.5228787452803374
5801,families,3,3,2.5228787452803374
5802,fasted,3,2,2.6989700043360187
5803,fatal,3,3,2.5228787452803374
5804,favorably,3,3,2.5228787452803374
5805,fea,3,1,3.0
5806,fear,3,3,2.5228787452803374
5807,feces,3,3,2.5228787452803374
5808,federal,3,3,2.5228787452803374
5809,federally,3,3,2.5228787452803374
5810,fee,3,3,2.5228787452803374
5811,fermentative,3,2,2.6989700043360187
5812,fermented,3,1,3.0
5813,ferroptotic,3,2,2.6989700043360187
5814,ffml,3,1,3.0
5815,fgf,3,3,2.5228787452803374
5816,fibers,3,3,2.5228787452803374
5817,fibre,3,2,2.6989700043360187
5818,fibrogenesis,3,2,2.6989700043360187
5819,fifty,3,3,2.5228787452803374
5820,finngen,3,2,2.6989700043360187
5821,firmicutes,3,3,2.5228787452803374
5822,fisher,3,3,2.5228787452803374
5823,flavonoid,3,2,2.6989700043360187
5824,flavonoids,3,3,2.5228787452803374
5825,flexible,3,3,2.5228787452803374
5826,flight,3,1,3.0
5827,fnq,3,1,3.0
5828,follicular,3,3,2.5228787452803374
5829,former,3,3,2.5228787452803374
5830,formerly,3,3,2.5228787452803374
5831,forward,3,3,2.5228787452803374
5832,foundayo,3,2,2.6989700043360187
5833,fractions,3,1,3.0
5834,frame,3,3,2.5228787452803374
5835,framing,3,3,2.5228787452803374
5836,frequencies,3,3,2.5228787452803374
5837,frontier,3,3,2.5228787452803374
5838,ft,3,1,3.0
5839,funded,3,3,2.5228787452803374
5840,galactomannans,3,1,3.0
5841,ganglion,3,3,2.5228787452803374
5842,gas,3,2,2.6989700043360187
5843,gastroenterology,3,2,2.6989700043360187
5844,gbsa,3,2,2.6989700043360187
5845,gcs,3,2,2.6989700043360187
5846,gdn,3,1,3.0
5847,generates,3,3,2.5228787452803374
5848,generic,3,2,2.6989700043360187
5849,genitourinary,3,2,2.6989700043360187
5850,genotype,3,3,2.5228787452803374
5851,genotyping,3,3,2.5228787452803374
5852,geographic,3,3,2.5228787452803374
5853,geographical,3,3,2.5228787452803374
5854,geometry,3,2,2.6989700043360187
5855,geroprotection,3,1,3.0
5856,glands,3,2,2.6989700043360187
5857,glicentin,3,1,3.0
5858,glpa,3,1,3.0
5859,glucoregulatory,3,1,3.0
5860,glutamic,3,1,3.0
5861,glutathione,3,3,2.5228787452803374
5862,glycogen,3,1,3.0
5863,glycoside,3,2,2.6989700043360187
5864,gonadotropin,3,3,2.5228787452803374
5865,gonads,3,1,3.0
5866,government,3,3,2.5228787452803374
5867,governmental,3,2,2.6989700043360187
5868,gp,3,1,3.0
5869,gpr107,3,1,3.0
5870,gradients,3,2,2.6989700043360187
5871,graves,3,1,3.0
5872,greenhouse,3,2,2.6989700043360187
5873,grocery,3,1,3.0
5874,gsh,3,3,2.5228787452803374
5875,h2s,3,1,3.0
5876,h9c2,3,1,3.0
5877,habit,3,1,3.0
5878,habits,3,3,2.5228787452803374
5879,hamster,3,2,2.6989700043360187
5880,harmonized,3,3,2.5228787452803374
5881,he,3,2,2.6989700043360187
5882,headline,3,3,2.5228787452803374
5883,hearing,3,2,2.6989700043360187
5884,helping,3,3,2.5228787452803374
5885,hematologic,3,2,2.6989700043360187
5886,hemorrhage,3,2,2.6989700043360187
5887,hence,3,3,2.5228787452803374
5888,hepatocytes,3,3,2.5228787452803374
5889,hepatoprotective,3,3,2.5228787452803374
5890,hiaa,3,1,3.0
5891,histopathology,3,3,2.5228787452803374
5892,hksj,3,1,3.0
5893,hop,3,1,3.0
5894,hordeola,3,1,3.0
5895,hpa,3,3,2.5228787452803374
5896,hrsa,3,1,3.0
5897,hspa5,3,2,2.6989700043360187
5898,ht,3,3,2.5228787452803374
5899,hubs,3,3,2.5228787452803374
5900,humeana,3,1,3.0
5901,hy,3,1,3.0
5902,hyd,3,1,3.0
5903,hydration,3,3,2.5228787452803374
5904,hyperaminoacidemia,3,1,3.0
5905,hyperfiltration,3,3,2.5228787452803374
5906,hyperglycaemic,3,1,3.0
5907,hyperkalaemia,3,2,2.6989700043360187
5908,hypertrophy,3,3,2.5228787452803374
5909,hypoglycaemic,3,3,2.5228787452803374
5910,hypopnea,3,3,2.5228787452803374
5911,hypoxemia,3,2,2.6989700043360187
5912,hz,3,2,2.6989700043360187
5913,ic₅₀,3,2,2.6989700043360187
5914,iddm,3,1,3.0
5915,identical,3,3,2.5228787452803374
5916,iib,3,1,3.0
5917,il2,3,1,3.0
5918,ileal,3,3,2.5228787452803374
5919,ill,3,1,3.0
5920,illicit,3,2,2.6989700043360187
5921,imbalances,3,3,2.5228787452803374
5922,immediate,3,3,2.5228787452803374
5923,immortal,3,3,2.5228787452803374
5924,immunoblot,3,2,2.6989700043360187
5925,immunoblotting,3,3,2.5228787452803374
5926,immunofluorescence,3,3,2.5228787452803374
5927,immunologic,3,2,2.6989700043360187
5928,immunological,3,2,2.6989700043360187
5929,immunosenescence,3,3,2.5228787452803374
5930,imperative,3,3,2.5228787452803374
5931,implantation,3,2,2.6989700043360187
5932,implement,3,3,2.5228787452803374
5933,implicate,3,3,2.5228787452803374
5934,imply,3,3,2.5228787452803374
5935,imprecision,3,3,2.5228787452803374
5936,incidences,3,3,2.5228787452803374
5937,inconsistently,3,3,2.5228787452803374
5938,incorporates,3,3,2.5228787452803374
5939,incubation,3,2,2.6989700043360187
5940,indeed,3,3,2.5228787452803374
5941,independence,3,3,2.5228787452803374
5942,individualised,3,3,2.5228787452803374
5943,industry,3,3,2.5228787452803374
5944,ineligible,3,2,2.6989700043360187
5945,inequalities,3,3,2.5228787452803374
5946,inertia,3,3,2.5228787452803374
5947,inferior,3,3,2.5228787452803374
5948,inferred,3,3,2.5228787452803374
5949,infertility,3,3,2.5228787452803374
5950,influential,3,2,2.6989700043360187
5951,ingredients,3,3,2.5228787452803374
5952,inos,3,3,2.5228787452803374
5953,insr,3,3,2.5228787452803374
5954,instis,3,1,3.0
5955,institution,3,3,2.5228787452803374
5956,int,3,1,3.0
5957,intakes,3,2,2.6989700043360187
5958,interception,3,2,2.6989700043360187
5959,interferon,3,3,2.5228787452803374
5960,intermediates,3,3,2.5228787452803374
5961,internalization,3,3,2.5228787452803374
5962,interorgan,3,2,2.6989700043360187
5963,interpret,3,3,2.5228787452803374
5964,interpreting,3,3,2.5228787452803374
5965,interstitial,3,3,2.5228787452803374
5966,intrathecal,3,1,3.0
5967,intricate,3,3,2.5228787452803374
5968,introduce,3,3,2.5228787452803374
5969,isocaloric,3,2,2.6989700043360187
5970,jak,3,3,2.5228787452803374
5971,jakmip3,3,1,3.0
5972,janus,3,3,2.5228787452803374
5973,joanna,3,3,2.5228787452803374
5974,journals,3,3,2.5228787452803374
5975,justified,3,3,2.5228787452803374
5976,k58,3,1,3.0
5977,ketone,3,3,2.5228787452803374
5978,keyword,3,2,2.6989700043360187
5979,kilograms,3,3,2.5228787452803374
5980,kinetics,3,3,2.5228787452803374
5981,ko,3,1,3.0
5982,korean,3,3,2.5228787452803374
5983,kruskal,3,2,2.6989700043360187
5984,kynurenine,3,1,3.0
5985,l1,3,2,2.6989700043360187
5986,labelling,3,1,3.0
5987,labs,3,3,2.5228787452803374
5988,lactation,3,3,2.5228787452803374
5989,lacticaseibacillus,3,2,2.6989700043360187
5990,lasting,3,3,2.5228787452803374
5991,latent,3,3,2.5228787452803374
5992,laterality,3,1,3.0
5993,latino,3,2,2.6989700043360187
5994,law,3,1,3.0
5995,laxity,3,2,2.6989700043360187
5996,layered,3,3,2.5228787452803374
5997,lbm,3,1,3.0
5998,legacy,3,3,2.5228787452803374
5999,lh,3,1,3.0
6000,lhvgat,3,1,3.0
6001,lifetime,3,3,2.5228787452803374
6002,linkages,3,3,2.5228787452803374
6003,lived,3,3,2.5228787452803374
6004,lklkll,3,1,3.0
6005,lobes,3,1,3.0
6006,look,3,3,2.5228787452803374
6007,looking,3,3,2.5228787452803374
6008,lose,3,3,2.5228787452803374
6009,lvef,3,3,2.5228787452803374
6010,macce,3,1,3.0
6011,macrovascular,3,3,2.5228787452803374
6012,mad,3,1,3.0
6013,magnesium,3,3,2.5228787452803374
6014,maintains,3,3,2.5228787452803374
6015,makes,3,3,2.5228787452803374
6016,maleficence,3,3,2.5228787452803374
6017,malignant,3,1,3.0
6018,malondialdehyde,3,3,2.5228787452803374
6019,mams,3,1,3.0
6020,manifest,3,3,2.5228787452803374
6021,manifestation,3,3,2.5228787452803374
6022,manipulation,3,3,2.5228787452803374
6023,manual,3,3,2.5228787452803374
6024,manuscript,3,2,2.6989700043360187
6025,marginal,3,3,2.5228787452803374
6026,marketed,3,3,2.5228787452803374
6027,massive,3,2,2.6989700043360187
6028,mature,3,3,2.5228787452803374
6029,maturity,3,2,2.6989700043360187
6030,maximizing,3,3,2.5228787452803374
6031,mc4r,3,1,3.0
6032,mcid,3,2,2.6989700043360187
6033,me,3,1,3.0
6034,meddra,3,3,2.5228787452803374
6035,medically,3,3,2.5228787452803374
6036,meglitinides,3,1,3.0
6037,melatonin,3,3,2.5228787452803374
6038,mentioned,3,3,2.5228787452803374
6039,merative,3,3,2.5228787452803374
6040,merely,3,3,2.5228787452803374
6041,messenger,3,2,2.6989700043360187
6042,meters,3,3,2.5228787452803374
6043,methacrylate,3,3,2.5228787452803374
6044,methadone,3,3,2.5228787452803374
6045,methodologies,3,3,2.5228787452803374
6046,mettl14,3,1,3.0
6047,mfr,3,1,3.0
6048,microalgal,3,1,3.0
6049,microbe,3,2,2.6989700043360187
6050,mimetic,3,3,2.5228787452803374
6051,mimic,3,3,2.5228787452803374
6052,minimize,3,3,2.5228787452803374
6053,minimizing,3,3,2.5228787452803374
6054,minor,3,3,2.5228787452803374
6055,misclassification,3,3,2.5228787452803374
6056,misleading,3,2,2.6989700043360187
6057,missed,3,3,2.5228787452803374
6058,mitigates,3,3,2.5228787452803374
6059,mk,3,1,3.0
6060,mme,3,1,3.0
6061,mmse,3,1,3.0
6062,mn,3,1,3.0
6063,mobilization,3,2,2.6989700043360187
6064,modulator,3,3,2.5228787452803374
6065,molar,3,2,2.6989700043360187
6066,moment,3,3,2.5228787452803374
6067,monkeys,3,2,2.6989700043360187
6068,monocytic,3,2,2.6989700043360187
6069,monopole,3,1,3.0
6070,morusin,3,1,3.0
6071,mtros,3,3,2.5228787452803374
6072,mucoadhesion,3,2,2.6989700043360187
6073,multimorbid,3,2,2.6989700043360187
6074,multiomic,3,2,2.6989700043360187
6075,muscles,3,3,2.5228787452803374
6076,mutant,3,2,2.6989700043360187
6077,mutations,3,2,2.6989700043360187
6078,nano,3,1,3.0
6079,nanoparticles,3,2,2.6989700043360187
6080,nationally,3,2,2.6989700043360187
6081,natriuresis,3,3,2.5228787452803374
6082,nco,3,1,3.0
6083,nct04184622,3,1,3.0
6084,nct04657003,3,1,3.0
6085,ne150,3,1,3.0
6086,nearest,3,3,2.5228787452803374
6087,necessitates,3,3,2.5228787452803374
6088,nedd4l,3,1,3.0
6089,nefa,3,2,2.6989700043360187
6090,neighbor,3,3,2.5228787452803374
6091,neo,3,1,3.0
6092,neonatal,3,3,2.5228787452803374
6093,neoplastic,3,3,2.5228787452803374
6094,nephrolithiasis,3,2,2.6989700043360187
6095,nephroprotective,3,3,2.5228787452803374
6096,nervosa,3,3,2.5228787452803374
6097,nets,3,1,3.0
6098,neurodevelopmental,3,3,2.5228787452803374
6099,neuroinflammatory,3,3,2.5228787452803374
6100,neuromodulators,3,1,3.0
6101,neuropeptides,3,3,2.5228787452803374
6102,neurophysiological,3,3,2.5228787452803374
6103,neurotrophic,3,3,2.5228787452803374
6104,news,3,2,2.6989700043360187
6105,nihss,3,1,3.0
6106,nineteen,3,3,2.5228787452803374
6107,nitida,3,1,3.0
6108,nlr,3,1,3.0
6109,nociceptive,3,3,2.5228787452803374
6110,nocturnal,3,2,2.6989700043360187
6111,node,3,3,2.5228787452803374
6112,nodes,3,3,2.5228787452803374
6113,nodules,3,3,2.5228787452803374
6114,nominally,3,3,2.5228787452803374
6115,nonexudative,3,1,3.0
6116,nonrelated,3,1,3.0
6117,nonsignificant,3,3,2.5228787452803374
6118,normoglycaemic,3,1,3.0
6119,normoglycemic,3,2,2.6989700043360187
6120,nos,3,2,2.6989700043360187
6121,ntsglp1r,3,1,3.0
6122,nucleotide,3,3,2.5228787452803374
6123,nutraceutical,3,2,2.6989700043360187
6124,nutritionists,3,2,2.6989700043360187
6125,nvtdr,3,1,3.0
6126,nvu,3,1,3.0
6127,obtain,3,3,2.5228787452803374
6128,oc,3,1,3.0
6129,octt,3,1,3.0
6130,oils,3,2,2.6989700043360187
6131,olfactory,3,2,2.6989700043360187
6132,omm,3,1,3.0
6133,oncological,3,3,2.5228787452803374
6134,operational,3,2,2.6989700043360187
6135,opioids,3,3,2.5228787452803374
6136,optum,3,3,2.5228787452803374
6137,orexigenic,3,3,2.5228787452803374
6138,organelle,3,2,2.6989700043360187
6139,orientation,3,2,2.6989700043360187
6140,orthogonal,3,2,2.6989700043360187
6141,oss,3,1,3.0
6142,osteoclastogenesis,3,2,2.6989700043360187
6143,osteomyelitis,3,1,3.0
6144,outlined,3,3,2.5228787452803374
6145,paced,3,1,3.0
6146,package,3,3,2.5228787452803374
6147,pai,3,2,2.6989700043360187
6148,papers,3,3,2.5228787452803374
6149,paradigms,3,3,2.5228787452803374
6150,participated,3,3,2.5228787452803374
6151,pasc,3,1,3.0
6152,paucity,3,3,2.5228787452803374
6153,pbs,3,2,2.6989700043360187
6154,pc1,3,1,3.0
6155,pcs,3,1,3.0
6156,pcsk1,3,2,2.6989700043360187
6157,pcsk9,3,3,2.5228787452803374
6158,pdc,3,2,2.6989700043360187
6159,penetrant,3,3,2.5228787452803374
6160,percentile,3,3,2.5228787452803374
6161,percutaneous,3,3,2.5228787452803374
6162,perform,3,3,2.5228787452803374
6163,performing,3,2,2.6989700043360187
6164,periprocedural,3,2,2.6989700043360187
6165,perpetrator,3,1,3.0
6166,perpetuating,3,3,2.5228787452803374
6167,pervasive,3,3,2.5228787452803374
6168,pharmacists,3,2,2.6989700043360187
6169,pharmacoepidemiological,3,2,2.6989700043360187
6170,pharmacotherapeutic,3,3,2.5228787452803374
6171,pharyngeal,3,3,2.5228787452803374
6172,phases,3,3,2.5228787452803374
6173,phosphorylated,3,3,2.5228787452803374
6174,phq,3,1,3.0
6175,physicochemical,3,3,2.5228787452803374
6176,physiologically,3,3,2.5228787452803374
6177,phytochemical,3,3,2.5228787452803374
6178,playing,3,3,2.5228787452803374
6179,plots,3,2,2.6989700043360187
6180,pmca4,3,1,3.0
6181,pmol,3,2,2.6989700043360187
6182,polypharmacy,3,3,2.5228787452803374
6183,polyphenols,3,3,2.5228787452803374
6184,pomc,3,1,3.0
6185,popularity,3,3,2.5228787452803374
6186,posing,3,3,2.5228787452803374
6187,postural,3,2,2.6989700043360187
6188,pparg,3,3,2.5228787452803374
6189,precipitate,3,3,2.5228787452803374
6190,preclude,3,3,2.5228787452803374
6191,preconditioning,3,2,2.6989700043360187
6192,preexisting,3,2,2.6989700043360187
6193,pregnant,3,3,2.5228787452803374
6194,preoccupation,3,3,2.5228787452803374
6195,preprint,3,3,2.5228787452803374
6196,preprocedural,3,1,3.0
6197,prescribers,3,2,2.6989700043360187
6198,prices,3,2,2.6989700043360187
6199,principle,3,3,2.5228787452803374
6200,prioritised,3,3,2.5228787452803374
6201,probable,3,3,2.5228787452803374
6202,producers,3,1,3.0
6203,profound,3,3,2.5228787452803374
6204,project,3,3,2.5228787452803374
6205,projections,3,3,2.5228787452803374
6206,prominence,3,3,2.5228787452803374
6207,promis,3,1,3.0
6208,promoters,3,3,2.5228787452803374
6209,proms,3,1,3.0
6210,prone,3,3,2.5228787452803374
6211,propagation,3,3,2.5228787452803374
6212,proteases,3,1,3.0
6213,protected,3,3,2.5228787452803374
6214,protecting,3,3,2.5228787452803374
6215,proteinopathy,3,2,2.6989700043360187
6216,proteomics,3,3,2.5228787452803374
6217,prothrombotic,3,3,2.5228787452803374
6218,proton,3,3,2.5228787452803374
6219,provision,3,3,2.5228787452803374
6220,proxied,3,3,2.5228787452803374
6221,proxy,3,3,2.5228787452803374
6222,pseudo,3,2,2.6989700043360187
6223,psychiatry,3,3,2.5228787452803374
6224,psychotic,3,3,2.5228787452803374
6225,ptc,3,1,3.0
6226,pten,3,3,2.5228787452803374
6227,pul,3,1,3.0
6228,pulsed,3,2,2.6989700043360187
6229,purely,3,3,2.5228787452803374
6230,purity,3,3,2.5228787452803374
6231,purposes,3,3,2.5228787452803374
6232,putative,3,3,2.5228787452803374
6233,pwcf,3,1,3.0
6234,q3,3,2,2.6989700043360187
6235,qmdr,3,1,3.0
6236,qualitatively,3,3,2.5228787452803374
6237,quantification,3,3,2.5228787452803374
6238,quantity,3,3,2.5228787452803374
6239,quasi,3,3,2.5228787452803374
6240,query,3,3,2.5228787452803374
6241,r2,3,3,2.5228787452803374
6242,reason,3,3,2.5228787452803374
6243,recommending,3,3,2.5228787452803374
6244,recommends,3,2,2.6989700043360187
6245,recovered,3,1,3.0
6246,red,3,2,2.6989700043360187
6247,redefined,3,3,2.5228787452803374
6248,redistribution,3,2,2.6989700043360187
6249,reductive,3,2,2.6989700043360187
6250,referencing,3,2,2.6989700043360187
6251,referrals,3,2,2.6989700043360187
6252,reflexive,3,3,2.5228787452803374
6253,registers,3,3,2.5228787452803374
6254,reinforced,3,3,2.5228787452803374
6255,reinforcing,3,3,2.5228787452803374
6256,relaxation,3,2,2.6989700043360187
6257,remodel,3,3,2.5228787452803374
6258,repetitions,3,1,3.0
6259,replace,3,3,2.5228787452803374
6260,replicate,3,3,2.5228787452803374
6261,repositioning,3,3,2.5228787452803374
6262,represented,3,3,2.5228787452803374
6263,reproducible,3,3,2.5228787452803374
6264,reproduction,3,3,2.5228787452803374
6265,rescued,3,3,2.5228787452803374
6266,researchers,3,3,2.5228787452803374
6267,reshapes,3,3,2.5228787452803374
6268,residues,3,3,2.5228787452803374
6269,resting,3,3,2.5228787452803374
6270,retear,3,1,3.0
6271,rewarding,3,2,2.6989700043360187
6272,riddle,3,1,3.0
6273,rif,3,1,3.0
6274,risen,3,3,2.5228787452803374
6275,rises,3,3,2.5228787452803374
6276,roseburia,3,2,2.6989700043360187
6277,rp,3,1,3.0
6278,rpea,3,1,3.0
6279,rs,3,1,3.0
6280,rw,3,1,3.0
6281,safely,3,3,2.5228787452803374
6282,sal,3,1,3.0
6283,salience,3,3,2.5228787452803374
6284,salvage,3,2,2.6989700043360187
6285,sampled,3,3,2.5228787452803374
6286,sars,3,2,2.6989700043360187
6287,scales,3,3,2.5228787452803374
6288,scarce,3,3,2.5228787452803374
6289,scheduled,3,3,2.5228787452803374
6290,sclerosis,3,2,2.6989700043360187
6291,scoring,3,3,2.5228787452803374
6292,scs,3,1,3.0
6293,secrete,3,3,2.5228787452803374
6294,secreting,3,2,2.6989700043360187
6295,section,3,3,2.5228787452803374
6296,sedated,3,2,2.6989700043360187
6297,sedatives,3,1,3.0
6298,see,3,3,2.5228787452803374
6299,segments,3,2,2.6989700043360187
6300,sensory,3,3,2.5228787452803374
6301,sequelae,3,3,2.5228787452803374
6302,sequences,3,3,2.5228787452803374
6303,seroma,3,2,2.6989700043360187
6304,serosal,3,1,3.0
6305,sham,3,3,2.5228787452803374
6306,shaped,3,3,2.5228787452803374
6307,shares,3,3,2.5228787452803374
6308,sharply,3,3,2.5228787452803374
6309,shbg,3,1,3.0
6310,shi,3,2,2.6989700043360187
6311,shortage,3,3,2.5228787452803374
6312,shortly,3,3,2.5228787452803374
6313,shr,3,1,3.0
6314,signalled,3,2,2.6989700043360187
6315,simulation,3,3,2.5228787452803374
6316,situ,3,3,2.5228787452803374
6317,sixty,3,3,2.5228787452803374
6318,sld,3,1,3.0
6319,sleepiness,3,2,2.6989700043360187
6320,sln,3,2,2.6989700043360187
6321,sma,3,1,3.0
6322,smad,3,3,2.5228787452803374
6323,smds,3,3,2.5228787452803374
6324,snps,3,2,2.6989700043360187
6325,societal,3,3,2.5228787452803374
6326,solubility,3,2,2.6989700043360187
6327,space,3,2,2.6989700043360187
6328,spain,3,2,2.6989700043360187
6329,spcs,3,1,3.0
6330,specialized,3,3,2.5228787452803374
6331,specified,3,3,2.5228787452803374
6332,spectroscopic,3,3,2.5228787452803374
6333,spikes,3,2,2.6989700043360187
6334,spironolactone,3,3,2.5228787452803374
6335,squares,3,3,2.5228787452803374
6336,srebp,3,3,2.5228787452803374
6337,sred,3,1,3.0
6338,st2,3,1,3.0
6339,stabilized,3,3,2.5228787452803374
6340,stand,3,2,2.6989700043360187
6341,standalone,3,3,2.5228787452803374
6342,starch,3,3,2.5228787452803374
6343,statin,3,3,2.5228787452803374
6344,std,3,1,3.0
6345,steady,3,3,2.5228787452803374
6346,stimulator,3,2,2.6989700043360187
6347,stone,3,1,3.0
6348,strains,3,3,2.5228787452803374
6349,strategic,3,3,2.5228787452803374
6350,stratifying,3,3,2.5228787452803374
6351,studying,3,3,2.5228787452803374
6352,stz,3,3,2.5228787452803374
6353,subcohort,3,1,3.0
6354,subject,3,3,2.5228787452803374
6355,suboptimally,3,2,2.6989700043360187
6356,substances,3,3,2.5228787452803374
6357,substrates,3,3,2.5228787452803374
6358,substudy,3,3,2.5228787452803374
6359,sucralose,3,1,3.0
6360,sudden,3,3,2.5228787452803374
6361,suffering,3,2,2.6989700043360187
6362,suitability,3,3,2.5228787452803374
6363,sum,3,3,2.5228787452803374
6364,summarises,3,3,2.5228787452803374
6365,surrogates,3,3,2.5228787452803374
6366,susceptible,3,3,2.5228787452803374
6367,swedish,3,2,2.6989700043360187
6368,swim,3,3,2.5228787452803374
6369,swine,3,1,3.0
6370,sword,3,1,3.0
6371,symmetric,3,2,2.6989700043360187
6372,syncope,3,2,2.6989700043360187
6373,synthesise,3,3,2.5228787452803374
6374,tac,3,1,3.0
6375,take,3,3,2.5228787452803374
6376,tc,3,3,2.5228787452803374
6377,tcdca,3,1,3.0
6378,tea,3,2,2.6989700043360187
6379,teams,3,3,2.5228787452803374
6380,temperature,3,2,2.6989700043360187
6381,temporally,3,3,2.5228787452803374
6382,tension,3,2,2.6989700043360187
6383,tgf,3,2,2.6989700043360187
6384,thermal,3,3,2.5228787452803374
6385,thermodynamic,3,3,2.5228787452803374
6386,thin,3,1,3.0
6387,thirds,3,3,2.5228787452803374
6388,thoughts,3,3,2.5228787452803374
6389,thp,3,3,2.5228787452803374
6390,thrice,3,3,2.5228787452803374
6391,throughput,3,3,2.5228787452803374
6392,tier,3,2,2.6989700043360187
6393,tiktok,3,2,2.6989700043360187
6394,timescale,3,1,3.0
6395,tolvaptan,3,1,3.0
6396,tone,3,3,2.5228787452803374
6397,too,3,3,2.5228787452803374
6398,toxins,3,2,2.6989700043360187
6399,trait,3,3,2.5228787452803374
6400,transdermal,3,1,3.0
6401,transitioned,3,3,2.5228787452803374
6402,transitioning,3,3,2.5228787452803374
6403,transitions,3,3,2.5228787452803374
6404,treats,3,3,2.5228787452803374
6405,treewas,3,1,3.0
6406,trem2,3,2,2.6989700043360187
6407,triage,3,2,2.6989700043360187
6408,tried,3,3,2.5228787452803374
6409,trunk,3,3,2.5228787452803374
6410,tryptophan,3,3,2.5228787452803374
6411,trz,3,1,3.0
6412,tt,3,1,3.0
6413,tudca,3,1,3.0
6414,twas,3,1,3.0
6415,ubiquitination,3,1,3.0
6416,ultra,3,3,2.5228787452803374
6417,uncovered,3,2,2.6989700043360187
6418,underestimate,3,3,2.5228787452803374
6419,underpin,3,3,2.5228787452803374
6420,underpowered,3,3,2.5228787452803374
6421,underrecognized,3,3,2.5228787452803374
6422,underway,3,3,2.5228787452803374
6423,underweight,3,3,2.5228787452803374
6424,uneven,3,3,2.5228787452803374
6425,unexpected,3,3,2.5228787452803374
6426,unidentified,3,3,2.5228787452803374
6427,uniformly,3,3,2.5228787452803374
6428,unilateral,3,2,2.6989700043360187
6429,unmeasured,3,3,2.5228787452803374
6430,unstructured,3,1,3.0
6431,upregulating,3,3,2.5228787452803374
6432,upward,3,2,2.6989700043360187
6433,v1,3,2,2.6989700043360187
6434,v30,3,1,3.0
6435,va,3,2,2.6989700043360187
6436,vaccines,3,2,2.6989700043360187
6437,var,3,1,3.0
6438,vegetables,3,2,2.6989700043360187
6439,vesicles,3,3,2.5228787452803374
6440,vessel,3,1,3.0
6441,vibration,3,3,2.5228787452803374
6442,video,3,2,2.6989700043360187
6443,viewpoint,3,3,2.5228787452803374
6444,vigilant,3,3,2.5228787452803374
6445,viral,3,2,2.6989700043360187
6446,visibility,3,3,2.5228787452803374
6447,volunteers,3,3,2.5228787452803374
6448,vr,3,1,3.0
6449,vte,3,2,2.6989700043360187
6450,walk,3,3,2.5228787452803374
6451,wallis,3,2,2.6989700043360187
6452,wasting,3,3,2.5228787452803374
6453,weak,3,3,2.5228787452803374
6454,weaker,3,3,2.5228787452803374
6455,weakly,3,3,2.5228787452803374
6456,wear,3,1,3.0
6457,wearables,3,1,3.0
6458,wg,3,1,3.0
6459,whereby,3,3,2.5228787452803374
6460,whf,3,1,3.0
6461,whilst,3,2,2.6989700043360187
6462,wilcoxon,3,3,2.5228787452803374
6463,wistar,3,3,2.5228787452803374
6464,wnt,3,2,2.6989700043360187
6465,woe,3,1,3.0
6466,working,3,3,2.5228787452803374
6467,worsened,3,3,2.5228787452803374
6468,written,3,3,2.5228787452803374
6469,wssq,3,1,3.0
6470,wtp,3,2,2.6989700043360187
6471,xbp1,3,1,3.0
6472,ziltivekimab,3,3,2.5228787452803374
6473,µm,3,3,2.5228787452803374
6474,δlnuacr,3,1,3.0
6475,0003,2,2,2.6989700043360187
6476,0006,2,2,2.6989700043360187
6477,0007,2,2,2.6989700043360187
6478,0016,2,2,2.6989700043360187
6479,0024,2,2,2.6989700043360187
6480,00266,2,2,2.6989700043360187
6481,018,2,2,2.6989700043360187
6482,020,2,2,2.6989700043360187
6483,0219,2,1,3.0
6484,028,2,2,2.6989700043360187
6485,030,2,2,2.6989700043360187
6486,0342,2,2,2.6989700043360187
6487,047,2,2,2.6989700043360187
6488,049,2,2,2.6989700043360187
6489,054,2,2,2.6989700043360187
6490,056,2,1,3.0
6491,059,2,2,2.6989700043360187
6492,062,2,2,2.6989700043360187
6493,073,2,2,2.6989700043360187
6494,078,2,1,3.0
6495,094,2,2,2.6989700043360187
6496,095,2,2,2.6989700043360187
6497,1095,2,2,2.6989700043360187
6498,116,2,2,2.6989700043360187
6499,117,2,2,2.6989700043360187
6500,120min,2,1,3.0
6501,124,2,2,2.6989700043360187
6502,125,2,2,2.6989700043360187
6503,126,2,2,2.6989700043360187
6504,130,2,2,2.6989700043360187
6505,1348,2,1,3.0
6506,136,2,2,2.6989700043360187
6507,13co2,2,1,3.0
6508,144,2,2,2.6989700043360187
6509,154,2,2,2.6989700043360187
6510,159,2,2,2.6989700043360187
6511,15q11,2,1,3.0
6512,166,2,2,2.6989700043360187
6513,16s,2,2,2.6989700043360187
6514,174,2,2,2.6989700043360187
6515,179,2,2,2.6989700043360187
6516,183,2,2,2.6989700043360187
6517,186,2,2,2.6989700043360187
6518,188,2,2,2.6989700043360187
6519,190,2,2,2.6989700043360187
6520,193,2,2,2.6989700043360187
6521,1971,2,1,3.0
6522,1995,2,2,2.6989700043360187
6523,1as,2,2,2.6989700043360187
6524,1c,2,2,2.6989700043360187
6525,1h,2,2,2.6989700043360187
6526,1rtanycytekd,2,1,3.0
6527,2008,2,2,2.6989700043360187
6528,201,2,2,2.6989700043360187
6529,2029,2,1,3.0
6530,204,2,2,2.6989700043360187
6531,206,2,2,2.6989700043360187
6532,218,2,2,2.6989700043360187
6533,226,2,2,2.6989700043360187
6534,230,2,2,2.6989700043360187
6535,232,2,2,2.6989700043360187
6536,234,2,2,2.6989700043360187
6537,236,2,2,2.6989700043360187
6538,237,2,2,2.6989700043360187
6539,240,2,2,2.6989700043360187
6540,246,2,2,2.6989700043360187
6541,261,2,2,2.6989700043360187
6542,265,2,2,2.6989700043360187
6543,267,2,2,2.6989700043360187
6544,272,2,2,2.6989700043360187
6545,277,2,2,2.6989700043360187
6546,279,2,2,2.6989700043360187
6547,281,2,2,2.6989700043360187
6548,287,2,2,2.6989700043360187
6549,288,2,2,2.6989700043360187
6550,290,2,2,2.6989700043360187
6551,294,2,2,2.6989700043360187
6552,295,2,2,2.6989700043360187
6553,296,2,2,2.6989700043360187
6554,2a,2,2,2.6989700043360187
6555,2c,2,1,3.0
6556,2hpg,2,1,3.0
6557,302,2,2,2.6989700043360187
6558,303,2,2,2.6989700043360187
6559,305,2,2,2.6989700043360187
6560,307,2,2,2.6989700043360187
6561,315,2,2,2.6989700043360187
6562,31st,2,2,2.6989700043360187
6563,323,2,2,2.6989700043360187
6564,327,2,2,2.6989700043360187
6565,3270,2,1,3.0
6566,329,2,2,2.6989700043360187
6567,332,2,2,2.6989700043360187
6568,334,2,2,2.6989700043360187
6569,339,2,2,2.6989700043360187
6570,3468,2,1,3.0
6571,350,2,2,2.6989700043360187
6572,351,2,2,2.6989700043360187
6573,353,2,2,2.6989700043360187
6574,367,2,2,2.6989700043360187
6575,368,2,2,2.6989700043360187
6576,371,2,2,2.6989700043360187
6577,374,2,2,2.6989700043360187
6578,375,2,2,2.6989700043360187
6579,379,2,2,2.6989700043360187
6580,382,2,2,2.6989700043360187
6581,384,2,2,2.6989700043360187
6582,385,2,2,2.6989700043360187
6583,388,2,1,3.0
6584,398,2,2,2.6989700043360187
6585,3c,2,1,3.0
6586,3p,2,1,3.0
6587,3r,2,1,3.0
6588,403,2,2,2.6989700043360187
6589,405,2,2,2.6989700043360187
6590,4117,2,1,3.0
6591,412,2,2,2.6989700043360187
6592,413,2,2,2.6989700043360187
6593,415,2,2,2.6989700043360187
6594,417,2,2,2.6989700043360187
6595,419,2,2,2.6989700043360187
6596,424,2,2,2.6989700043360187
6597,429,2,2,2.6989700043360187
6598,435,2,2,2.6989700043360187
6599,438,2,2,2.6989700043360187
6600,439,2,2,2.6989700043360187
6601,440,2,2,2.6989700043360187
6602,446,2,2,2.6989700043360187
6603,453,2,2,2.6989700043360187
6604,459,2,2,2.6989700043360187
6605,465,2,2,2.6989700043360187
6606,478,2,2,2.6989700043360187
6607,480,2,2,2.6989700043360187
6608,485,2,2,2.6989700043360187
6609,489,2,2,2.6989700043360187
6610,491,2,2,2.6989700043360187
6611,497,2,1,3.0
6612,505,2,2,2.6989700043360187
6613,508,2,2,2.6989700043360187
6614,509,2,2,2.6989700043360187
6615,520,2,2,2.6989700043360187
6616,522,2,2,2.6989700043360187
6617,524,2,2,2.6989700043360187
6618,525,2,2,2.6989700043360187
6619,538,2,2,2.6989700043360187
6620,539,2,2,2.6989700043360187
6621,541,2,2,2.6989700043360187
6622,543,2,2,2.6989700043360187
6623,547,2,2,2.6989700043360187
6624,555,2,2,2.6989700043360187
6625,556,2,2,2.6989700043360187
6626,562,2,2,2.6989700043360187
6627,563,2,2,2.6989700043360187
6628,570,2,2,2.6989700043360187
6629,573,2,2,2.6989700043360187
6630,574,2,2,2.6989700043360187
6631,583,2,2,2.6989700043360187
6632,584,2,2,2.6989700043360187
6633,586,2,2,2.6989700043360187
6634,593,2,2,2.6989700043360187
6635,600,2,2,2.6989700043360187
6636,602,2,2,2.6989700043360187
6637,605,2,2,2.6989700043360187
6638,608,2,2,2.6989700043360187
6639,609,2,2,2.6989700043360187
6640,610,2,2,2.6989700043360187
6641,611,2,2,2.6989700043360187
6642,612,2,2,2.6989700043360187
6643,628,2,2,2.6989700043360187
6644,629,2,2,2.6989700043360187
6645,632,2,2,2.6989700043360187
6646,639,2,2,2.6989700043360187
6647,640,2,2,2.6989700043360187
6648,642,2,2,2.6989700043360187
6649,646,2,2,2.6989700043360187
6650,653,2,2,2.6989700043360187
6651,655,2,2,2.6989700043360187
6652,662,2,2,2.6989700043360187
6653,663,2,2,2.6989700043360187
6654,664,2,2,2.6989700043360187
6655,665,2,2,2.6989700043360187
6656,670,2,2,2.6989700043360187
6657,686,2,2,2.6989700043360187
6658,691,2,2,2.6989700043360187
6659,704,2,2,2.6989700043360187
6660,708,2,2,2.6989700043360187
6661,715,2,2,2.6989700043360187
6662,716,2,2,2.6989700043360187
6663,720,2,1,3.0
6664,7218,2,1,3.0
6665,725,2,2,2.6989700043360187
6666,737,2,2,2.6989700043360187
6667,747,2,2,2.6989700043360187
6668,748,2,2,2.6989700043360187
6669,749,2,2,2.6989700043360187
6670,750,2,2,2.6989700043360187
6671,760,2,2,2.6989700043360187
6672,770,2,2,2.6989700043360187
6673,774,2,2,2.6989700043360187
6674,776,2,2,2.6989700043360187
6675,796,2,1,3.0
6676,799,2,2,2.6989700043360187
6677,803,2,2,2.6989700043360187
6678,807,2,2,2.6989700043360187
6679,808,2,2,2.6989700043360187
6680,810,2,2,2.6989700043360187
6681,811,2,2,2.6989700043360187
6682,822,2,2,2.6989700043360187
6683,826,2,1,3.0
6684,827,2,2,2.6989700043360187
6685,830,2,2,2.6989700043360187
6686,844,2,2,2.6989700043360187
6687,852,2,2,2.6989700043360187
6688,862,2,2,2.6989700043360187
6689,866,2,2,2.6989700043360187
6690,874,2,2,2.6989700043360187
6691,882,2,2,2.6989700043360187
6692,896,2,2,2.6989700043360187
6693,899,2,2,2.6989700043360187
6694,902,2,2,2.6989700043360187
6695,907,2,2,2.6989700043360187
6696,911,2,2,2.6989700043360187
6697,915,2,2,2.6989700043360187
6698,928,2,2,2.6989700043360187
6699,929,2,1,3.0
6700,9327,2,2,2.6989700043360187
6701,948,2,2,2.6989700043360187
6702,95th,2,2,2.6989700043360187
6703,960,2,2,2.6989700043360187
6704,978,2,2,2.6989700043360187
6705,980,2,1,3.0
6706,984,2,2,2.6989700043360187
6707,988,2,2,2.6989700043360187
6708,995,2,2,2.6989700043360187
6709,997,2,2,2.6989700043360187
6710,a2g,2,1,3.0
6711,a316t,2,1,3.0
6712,abcde,2,1,3.0
6713,abdominoplasty,2,1,3.0
6714,abolish,2,1,3.0
6715,abom,2,1,3.0
6716,abortion,2,1,3.0
6717,abrogated,2,2,2.6989700043360187
6718,abrupt,2,1,3.0
6719,absorb,2,2,2.6989700043360187
6720,absorbed,2,1,3.0
6721,absorptiometry,2,2,2.6989700043360187
6722,acanthosis,2,2,2.6989700043360187
6723,accelerates,2,2,2.6989700043360187
6724,acceleration,2,2,2.6989700043360187
6725,acceptability,2,2,2.6989700043360187
6726,accompany,2,2,2.6989700043360187
6727,accura,2,1,3.0
6728,acetonitrile,2,2,2.6989700043360187
6729,acetylcholine,2,2,2.6989700043360187
6730,achilles,2,1,3.0
6731,acidosis,2,2,2.6989700043360187
6732,acrylamido,2,1,3.0
6733,actionability,2,1,3.0
6734,activators,2,2,2.6989700043360187
6735,actively,2,2,2.6989700043360187
6736,acuity,2,1,3.0
6737,adhesive,2,1,3.0
6738,adipor1,2,1,3.0
6739,adj,2,1,3.0
6740,adjudication,2,2,2.6989700043360187
6741,adm,2,1,3.0
6742,adms,2,2,2.6989700043360187
6743,adolescence,2,2,2.6989700043360187
6744,adopted,2,2,2.6989700043360187
6745,ads,2,1,3.0
6746,advance,2,2,2.6989700043360187
6747,advantageous,2,2,2.6989700043360187
6748,advisory,2,1,3.0
6749,aerodigestive,2,1,3.0
6750,affairs,2,2,2.6989700043360187
6751,afferent,2,2,2.6989700043360187
6752,afferents,2,1,3.0
6753,affinities,2,2,2.6989700043360187
6754,agb,2,2,2.6989700043360187
6755,aggregated,2,2,2.6989700043360187
6756,aggregating,2,2,2.6989700043360187
6757,aggressive,2,2,2.6989700043360187
6758,aggressively,2,2,2.6989700043360187
6759,agonistic,2,2,2.6989700043360187
6760,agree,2,2,2.6989700043360187
6761,agrp,2,2,2.6989700043360187
6762,ahrs,2,2,2.6989700043360187
6763,aiming,2,2,2.6989700043360187
6764,ala,2,1,3.0
6765,alanine,2,2,2.6989700043360187
6766,alaska,2,1,3.0
6767,albeit,2,2,2.6989700043360187
6768,ald,2,1,3.0
6769,align,2,2,2.6989700043360187
6770,alive,2,2,2.6989700043360187
6771,allocation,2,2,2.6989700043360187
6772,allograft,2,1,3.0
6773,allosteric,2,2,2.6989700043360187
6774,alveolar,2,2,2.6989700043360187
6775,always,2,2,2.6989700043360187
6776,ambiguous,2,2,2.6989700043360187
6777,ambroxol,2,1,3.0
6778,ames,2,2,2.6989700043360187
6779,amg133,2,2,2.6989700043360187
6780,aminotransferases,2,1,3.0
6781,amplifies,2,2,2.6989700043360187
6782,amplifying,2,2,2.6989700043360187
6783,amputations,2,2,2.6989700043360187
6784,amy1r,2,1,3.0
6785,anaerovorax,2,1,3.0
6786,analgesia,2,1,3.0
6787,analysing,2,2,2.6989700043360187
6788,analyzes,2,2,2.6989700043360187
6789,anaphylaxis,2,1,3.0
6790,ancova,2,1,3.0
6791,androgen,2,2,2.6989700043360187
6792,androgenic,2,1,3.0
6793,angeles,2,1,3.0
6794,angiogenesis,2,2,2.6989700043360187
6795,annotated,2,2,2.6989700043360187
6796,announcement,2,1,3.0
6797,annualised,2,1,3.0
6798,annually,2,2,2.6989700043360187
6799,anonymized,2,2,2.6989700043360187
6800,antagonistic,2,2,2.6989700043360187
6801,antibody,2,2,2.6989700043360187
6802,antifibrotic,2,2,2.6989700043360187
6803,antiglycemic,2,1,3.0
6804,antineoplastic,2,2,2.6989700043360187
6805,antioxidants,2,2,2.6989700043360187
6806,antioxidative,2,2,2.6989700043360187
6807,antisense,2,2,2.6989700043360187
6808,antitumor,2,2,2.6989700043360187
6809,apart,2,2,2.6989700043360187
6810,apj,2,1,3.0
6811,apob,2,1,3.0
6812,apoptotic,2,2,2.6989700043360187
6813,appearance,2,2,2.6989700043360187
6814,appearing,2,2,2.6989700043360187
6815,appraised,2,2,2.6989700043360187
6816,appreciate,2,1,3.0
6817,approached,2,2,2.6989700043360187
6818,aqp4,2,1,3.0
6819,areata,2,1,3.0
6820,arginase,2,1,3.0
6821,armitage,2,2,2.6989700043360187
6822,aromatic,2,2,2.6989700043360187
6823,arr,2,1,3.0
6824,arrest,2,2,2.6989700043360187
6825,art,2,2,2.6989700043360187
6826,arthrodesis,2,1,3.0
6827,aryl,2,2,2.6989700043360187
6828,asbt,2,2,2.6989700043360187
6829,ask,2,2,2.6989700043360187
6830,ask1,2,2,2.6989700043360187
6831,asks,2,2,2.6989700043360187
6832,aspirin,2,1,3.0
6833,asq,2,1,3.0
6834,asr,2,1,3.0
6835,assessor,2,2,2.6989700043360187
6836,assign,2,2,2.6989700043360187
6837,assumption,2,2,2.6989700043360187
6838,atc,2,2,2.6989700043360187
6839,atf6,2,2,2.6989700043360187
6840,atherothrombotic,2,2,2.6989700043360187
6841,athletes,2,1,3.0
6842,athletic,2,1,3.0
6843,atopic,2,1,3.0
6844,atorvastatin,2,1,3.0
6845,atpase,2,2,2.6989700043360187
6846,attached,2,2,2.6989700043360187
6847,attack,2,2,2.6989700043360187
6848,attainment,2,2,2.6989700043360187
6849,attempting,2,2,2.6989700043360187
6850,attitudinal,2,1,3.0
6851,attribute,2,1,3.0
6852,aucs,2,1,3.0
6853,augmenting,2,2,2.6989700043360187
6854,autoantibodies,2,2,2.6989700043360187
6855,autonomous,2,1,3.0
6856,autophony,2,2,2.6989700043360187
6857,aversion,2,2,2.6989700043360187
6858,aviitam,2,1,3.0
6859,avoid,2,2,2.6989700043360187
6860,awaiting,2,2,2.6989700043360187
6861,awakening,2,1,3.0
6862,away,2,2,2.6989700043360187
6863,b6,2,2,2.6989700043360187
6864,backbone,2,2,2.6989700043360187
6865,balancing,2,2,2.6989700043360187
6866,banding,2,2,2.6989700043360187
6867,bardoxolone,2,2,2.6989700043360187
6868,batch,2,2,2.6989700043360187
6869,bax,2,1,3.0
6870,bayes,2,2,2.6989700043360187
6871,bbs10,2,1,3.0
6872,bcl,2,1,3.0
6873,bcrp,2,1,3.0
6874,beating,2,1,3.0
6875,became,2,1,3.0
6876,bed,2,2,2.6989700043360187
6877,beliefs,2,2,2.6989700043360187
6878,believe,2,2,2.6989700043360187
6879,believed,2,2,2.6989700043360187
6880,berries,2,1,3.0
6881,beverage,2,1,3.0
6882,bidirectionally,2,2,2.6989700043360187
6883,biguanides,2,2,2.6989700043360187
6884,bin,2,1,3.0
6885,bioelectromagnetics,2,1,3.0
6886,bioequivalence,2,2,2.6989700043360187
6887,bioinspired,2,1,3.0
6888,biomechanical,2,2,2.6989700043360187
6889,biomimetic,2,1,3.0
6890,biophysical,2,2,2.6989700043360187
6891,biopro,2,1,3.0
6892,biopsies,2,2,2.6989700043360187
6893,biosensor,2,1,3.0
6894,biosimilars,2,2,2.6989700043360187
6895,biotransformation,2,2,2.6989700043360187
6896,bladder,2,2,2.6989700043360187
6897,bleomycin,2,2,2.6989700043360187
6898,blepharitis,2,1,3.0
6899,bliss,2,1,3.0
6900,bmc,2,1,3.0
6901,bouldin,2,1,3.0
6902,bpa,2,1,3.0
6903,bradyarrhythmia,2,1,3.0
6904,brazil,2,1,3.0
6905,bread,2,1,3.0
6906,breakdown,2,2,2.6989700043360187
6907,breakpoint,2,1,3.0
6908,breastfeeding,2,1,3.0
6909,breath,2,1,3.0
6910,briefly,2,2,2.6989700043360187
6911,brigham,2,2,2.6989700043360187
6912,broiler,2,1,3.0
6913,brown,2,2,2.6989700043360187
6914,bruising,2,1,3.0
6915,buffer,2,2,2.6989700043360187
6916,built,2,2,2.6989700043360187
6917,bv2,2,1,3.0
6918,cac,2,1,3.0
6919,cachexia,2,2,2.6989700043360187
6920,calcification,2,2,2.6989700043360187
6921,calculate,2,2,2.6989700043360187
6922,calinski,2,1,3.0
6923,camkiv,2,2,2.6989700043360187
6924,camkk,2,2,2.6989700043360187
6925,cams,2,1,3.0
6926,canagliflozin,2,1,3.0
6927,cannabinoids,2,2,2.6989700043360187
6928,cap,2,1,3.0
6929,capability,2,2,2.6989700043360187
6930,capillary,2,2,2.6989700043360187
6931,capsule,2,1,3.0
6932,carboxylase,2,2,2.6989700043360187
6933,card,2,1,3.0
6934,cardiohepatic,2,1,3.0
6935,cardiologists,2,2,2.6989700043360187
6936,cardioprotection,2,2,2.6989700043360187
6937,cardiorespiratory,2,2,2.6989700043360187
6938,cardioversion,2,2,2.6989700043360187
6939,carolina,2,1,3.0
6940,carotid,2,2,2.6989700043360187
6941,casp3,2,1,3.0
6942,cassette,2,2,2.6989700043360187
6943,catabolic,2,2,2.6989700043360187
6944,catabolism,2,1,3.0
6945,catalytic,2,2,2.6989700043360187
6946,categorical,2,2,2.6989700043360187
6947,categorised,2,2,2.6989700043360187
6948,cav1,2,1,3.0
6949,cc,2,1,3.0
6950,cca,2,1,3.0
6951,cci,2,1,3.0
6952,ccm,2,1,3.0
6953,cd163,2,2,2.6989700043360187
6954,center6,2,1,3.0
6955,cephalic,2,2,2.6989700043360187
6956,certified,2,1,3.0
6957,chalazia,2,1,3.0
6958,challenged,2,2,2.6989700043360187
6959,changing,2,2,2.6989700043360187
6960,channels,2,2,2.6989700043360187
6961,chase,2,1,3.0
6962,cha₂ds₂,2,1,3.0
6963,checklists,2,2,2.6989700043360187
6964,cheers,2,2,2.6989700043360187
6965,chemesthesis,2,1,3.0
6966,chemistry,2,1,3.0
6967,cholecystectomy,2,2,2.6989700043360187
6968,choledocholithiasis,2,2,2.6989700043360187
6969,cholestatic,2,2,2.6989700043360187
6970,choroidal,2,1,3.0
6971,chose,2,1,3.0
6972,chromosome,2,2,2.6989700043360187
6973,cia,2,1,3.0
6974,cited,2,2,2.6989700043360187
6975,clalit,2,2,2.6989700043360187
6976,clamp,2,2,2.6989700043360187
6977,clarified,2,2,2.6989700043360187
6978,clarifying,2,2,2.6989700043360187
6979,classic,2,2,2.6989700043360187
6980,classically,2,2,2.6989700043360187
6981,clathrin,2,2,2.6989700043360187
6982,clears,2,1,3.0
6983,cliff,2,1,3.0
6984,clonogenic,2,1,3.0
6985,closed,2,2,2.6989700043360187
6986,closing,2,2,2.6989700043360187
6987,clpph,2,1,3.0
6988,coacervation,2,1,3.0
6989,coactivator,2,2,2.6989700043360187
6990,code,2,2,2.6989700043360187
6991,coenzyme,2,2,2.6989700043360187
6992,coexistence,2,2,2.6989700043360187
6993,cognitions,2,1,3.0
6994,cognitively,2,2,2.6989700043360187
6995,cohen,2,1,3.0
6996,coherence,2,2,2.6989700043360187
6997,coherent,2,2,2.6989700043360187
6998,col4a1,2,1,3.0
6999,colchicine,2,2,2.6989700043360187
7000,collect,2,2,2.6989700043360187
7001,colonization,2,2,2.6989700043360187
7002,colonized,2,1,3.0
7003,combating,2,2,2.6989700043360187
7004,communications,2,2,2.6989700043360187
7005,compensate,2,2,2.6989700043360187
7006,compkt,2,1,3.0
7007,complementarity,2,2,2.6989700043360187
7008,complements,2,2,2.6989700043360187
7009,complexed,2,2,2.6989700043360187
7010,complexes,2,2,2.6989700043360187
7011,complexities,2,2,2.6989700043360187
7012,compliant,2,2,2.6989700043360187
7013,complicate,2,2,2.6989700043360187
7014,complicating,2,2,2.6989700043360187
7015,compromised,2,2,2.6989700043360187
7016,conceptualized,2,2,2.6989700043360187
7017,conceptually,2,2,2.6989700043360187
7018,concerning,2,2,2.6989700043360187
7019,conditionally,2,1,3.0
7020,conferred,2,2,2.6989700043360187
7021,confirms,2,2,2.6989700043360187
7022,conformation,2,2,2.6989700043360187
7023,confounded,2,2,2.6989700043360187
7024,confounder,2,2,2.6989700043360187
7025,confronts,2,2,2.6989700043360187
7026,congenital,2,2,2.6989700043360187
7027,congestion,2,2,2.6989700043360187
7028,conjugated,2,2,2.6989700043360187
7029,connected,2,2,2.6989700043360187
7030,connecting,2,2,2.6989700043360187
7031,consequence,2,2,2.6989700043360187
7032,consequential,2,2,2.6989700043360187
7033,conservatively,2,2,2.6989700043360187
7034,consists,2,2,2.6989700043360187
7035,consolidate,2,2,2.6989700043360187
7036,consortium,2,2,2.6989700043360187
7037,constellations,2,1,3.0
7038,constitute,2,2,2.6989700043360187
7039,constructed,2,2,2.6989700043360187
7040,consume,2,2,2.6989700043360187
7041,consuming,2,2,2.6989700043360187
7042,contacted,2,1,3.0
7043,contacts,2,2,2.6989700043360187
7044,contractile,2,2,2.6989700043360187
7045,contraindication,2,2,2.6989700043360187
7046,contributory,2,2,2.6989700043360187
7047,converted,2,2,2.6989700043360187
7048,copd,2,1,3.0
7049,copies,2,1,3.0
7050,corneal,2,1,3.0
7051,corrects,2,2,2.6989700043360187
7052,correlate,2,2,2.6989700043360187
7053,correspondence,2,2,2.6989700043360187
7054,corroborated,2,2,2.6989700043360187
7055,costly,2,2,2.6989700043360187
7056,counteracts,2,2,2.6989700043360187
7057,countermeasures,2,2,2.6989700043360187
7058,counting,2,2,2.6989700043360187
7059,couples,2,2,2.6989700043360187
7060,cprd,2,2,2.6989700043360187
7061,crd420251150683,2,1,3.0
7062,crd420261327235,2,1,3.0
7063,crd420261354386,2,1,3.0
7064,crds,2,1,3.0
7065,create,2,2,2.6989700043360187
7066,crude,2,1,3.0
7067,crypt,2,2,2.6989700043360187
7068,csf,2,1,3.0
7069,ct,2,2,2.6989700043360187
7070,ctla4,2,1,3.0
7071,ctri,2,1,3.0
7072,cultivable,2,1,3.0
7073,cultures,2,2,2.6989700043360187
7074,cummings,2,1,3.0
7075,cvds,2,1,3.0
7076,cycloheximide,2,1,3.0
7077,cynomolgus,2,1,3.0
7078,cyp2d6,2,2,2.6989700043360187
7079,cyp3a,2,1,3.0
7080,cytocompatibility,2,1,3.0
7081,daergic,2,1,3.0
7082,dairy,2,1,3.0
7083,damps,2,1,3.0
7084,dasatinib,2,2,2.6989700043360187
7085,datasets,2,2,2.6989700043360187
7086,davies,2,1,3.0
7087,debris,2,1,3.0
7088,dechallenge,2,2,2.6989700043360187
7089,deconstructing,2,2,2.6989700043360187
7090,defective,2,2,2.6989700043360187
7091,defense,2,2,2.6989700043360187
7092,degludec,2,2,2.6989700043360187
7093,degrees,2,2,2.6989700043360187
7094,dehydration,2,2,2.6989700043360187
7095,dehydrogenase,2,2,2.6989700043360187
7096,delineates,2,2,2.6989700043360187
7097,demyelinating,2,2,2.6989700043360187
7098,denmark,2,2,2.6989700043360187
7099,denominators,2,2,2.6989700043360187
7100,densely,2,2,2.6989700043360187
7101,depended,2,2,2.6989700043360187
7102,dependency,2,2,2.6989700043360187
7103,deprived,2,1,3.0
7104,derangements,2,2,2.6989700043360187
7105,derivation,2,2,2.6989700043360187
7106,dermatological,2,2,2.6989700043360187
7107,dermatoses,2,1,3.0
7108,desert,2,1,3.0
7109,deserts,2,1,3.0
7110,designing,2,2,2.6989700043360187
7111,designretrospective,2,2,2.6989700043360187
7112,desire,2,2,2.6989700043360187
7113,desired,2,2,2.6989700043360187
7114,destabilizing,2,2,2.6989700043360187
7115,destruction,2,2,2.6989700043360187
7116,detailing,2,2,2.6989700043360187
7117,developmentally,2,2,2.6989700043360187
7118,develops,2,2,2.6989700043360187
7119,dft,2,1,3.0
7120,dhea,2,2,2.6989700043360187
7121,diabetologists,2,2,2.6989700043360187
7122,diagnostics,2,2,2.6989700043360187
7123,diarylheptanoid,2,2,2.6989700043360187
7124,dichlorophenyl,2,1,3.0
7125,didn,2,1,3.0
7126,dietcamb,2,1,3.0
7127,dietetic,2,1,3.0
7128,dietitians,2,1,3.0
7129,differs,2,2,2.6989700043360187
7130,difficile,2,1,3.0
7131,difficulties,2,2,2.6989700043360187
7132,diffuse,2,2,2.6989700043360187
7133,digitally,2,2,2.6989700043360187
7134,dilatation,2,1,3.0
7135,dilation,2,2,2.6989700043360187
7136,dimensional,2,2,2.6989700043360187
7137,dimerizing,2,1,3.0
7138,dimethylarginine,2,2,2.6989700043360187
7139,disadvantages,2,2,2.6989700043360187
7140,discern,2,1,3.0
7141,disciplinary,2,2,2.6989700043360187
7142,disclosure,2,2,2.6989700043360187
7143,discontinuity,2,1,3.0
7144,discounted,2,2,2.6989700043360187
7145,discoveries,2,2,2.6989700043360187
7146,discussions,2,2,2.6989700043360187
7147,display,2,2,2.6989700043360187
7148,disposal,2,2,2.6989700043360187
7149,disposition,2,2,2.6989700043360187
7150,disputes,2,2,2.6989700043360187
7151,disrupt,2,2,2.6989700043360187
7152,dissect,2,2,2.6989700043360187
7153,disseminated,2,2,2.6989700043360187
7154,distal,2,2,2.6989700043360187
7155,distinctive,2,2,2.6989700043360187
7156,distinguishes,2,2,2.6989700043360187
7157,distressing,2,2,2.6989700043360187
7158,distributional,2,1,3.0
7159,disulfide,2,2,2.6989700043360187
7160,dmadd,2,1,3.0
7161,dmns,2,1,3.0
7162,dn,2,1,3.0
7163,document,2,2,2.6989700043360187
7164,dod,2,1,3.0
7165,dodecyl,2,2,2.6989700043360187
7166,doi,2,2,2.6989700043360187
7167,domestic,2,1,3.0
7168,domestically,2,2,2.6989700043360187
7169,done,2,2,2.6989700043360187
7170,dosage,2,2,2.6989700043360187
7171,doubled,2,2,2.6989700043360187
7172,doubly,2,1,3.0
7173,doxycycline,2,1,3.0
7174,dp,2,1,3.0
7175,dramatic,2,2,2.6989700043360187
7176,draws,2,2,2.6989700043360187
7177,drgs,2,1,3.0
7178,droplet,2,2,2.6989700043360187
7179,drp1,2,1,3.0
7180,druggable,2,2,2.6989700043360187
7181,dsn,2,1,3.0
7182,dss,2,1,3.0
7183,dtsqc,2,1,3.0
7184,dtt,2,1,3.0
7185,dupilumab,2,1,3.0
7186,duplicates,2,2,2.6989700043360187
7187,dynamically,2,2,2.6989700043360187
7188,dysfunctional,2,2,2.6989700043360187
7189,dysglycemia,2,2,2.6989700043360187
7190,dysplasia,2,2,2.6989700043360187
7191,e11,2,2,2.6989700043360187
7192,earliest,2,2,2.6989700043360187
7193,east,2,2,2.6989700043360187
7194,easy,2,2,2.6989700043360187
7195,ebgm,2,2,2.6989700043360187
7196,ecd,2,2,2.6989700043360187
7197,ecg,2,2,2.6989700043360187
7198,ecological,2,2,2.6989700043360187
7199,ecology,2,2,2.6989700043360187
7200,ee,2,1,3.0
7201,eecs,2,1,3.0
7202,eeg,2,1,3.0
7203,eel,2,1,3.0
7204,effectors,2,2,2.6989700043360187
7205,efficacious,2,2,2.6989700043360187
7206,efficient,2,2,2.6989700043360187
7207,egcg,2,1,3.0
7208,egfp,2,2,2.6989700043360187
7209,ehrs,2,2,2.6989700043360187
7210,eighteen,2,2,2.6989700043360187
7211,elasticity,2,1,3.0
7212,electrical,2,1,3.0
7213,electroacupuncture,2,2,2.6989700043360187
7214,electron,2,2,2.6989700043360187
7215,electrophysiology,2,2,2.6989700043360187
7216,electrostatically,2,2,2.6989700043360187
7217,elimination,2,2,2.6989700043360187
7218,elucidating,2,2,2.6989700043360187
7219,empirical,2,2,2.6989700043360187
7220,empirically,2,1,3.0
7221,empty,2,2,2.6989700043360187
7222,encephalopathy,2,2,2.6989700043360187
7223,encoded,2,2,2.6989700043360187
7224,encoding,2,2,2.6989700043360187
7225,encompass,2,2,2.6989700043360187
7226,encourages,2,2,2.6989700043360187
7227,ending,2,2,2.6989700043360187
7228,endobariatric,2,2,2.6989700043360187
7229,endocrinologists,2,2,2.6989700043360187
7230,endometriosis,2,1,3.0
7231,endorsed,2,2,2.6989700043360187
7232,endorsement,2,2,2.6989700043360187
7233,endothelium,2,1,3.0
7234,endotoxemia,2,2,2.6989700043360187
7235,engineer,2,2,2.6989700043360187
7236,enhancements,2,2,2.6989700043360187
7237,enhancers,2,2,2.6989700043360187
7238,enrich,2,2,2.6989700043360187
7239,enroled,2,1,3.0
7240,ensemble,2,2,2.6989700043360187
7241,ensembles,2,1,3.0
7242,ensuring,2,2,2.6989700043360187
7243,entered,2,2,2.6989700043360187
7244,entering,2,2,2.6989700043360187
7245,environmentally,2,1,3.0
7246,eosin,2,2,2.6989700043360187
7247,eosinophils,2,2,2.6989700043360187
7248,epidemiologic,2,2,2.6989700043360187
7249,epigallocatechin,2,2,2.6989700043360187
7250,epigenomic,2,2,2.6989700043360187
7251,episode,2,2,2.6989700043360187
7252,epitranscriptomic,2,2,2.6989700043360187
7253,equal,2,2,2.6989700043360187
7254,equilibrium,2,2,2.6989700043360187
7255,error,2,2,2.6989700043360187
7256,ertugliflozin,2,1,3.0
7257,erythropoietin,2,1,3.0
7258,escape,2,2,2.6989700043360187
7259,esrd,2,2,2.6989700043360187
7260,essence,2,2,2.6989700043360187
7261,establishment,2,2,2.6989700043360187
7262,ethics,2,2,2.6989700043360187
7263,etiologies,2,2,2.6989700043360187
7264,eudravigilance,2,2,2.6989700043360187
7265,euglycemia,2,1,3.0
7266,europe,2,2,2.6989700043360187
7267,ev,2,1,3.0
7268,evenly,2,2,2.6989700043360187
7269,evogliptin,2,1,3.0
7270,ex4,2,1,3.0
7271,exactly,2,2,2.6989700043360187
7272,exceed,2,2,2.6989700043360187
7273,exceeds,2,2,2.6989700043360187
7274,exchangers,2,1,3.0
7275,exclude,2,2,2.6989700043360187
7276,exercised,2,1,3.0
7277,exhaustion,2,2,2.6989700043360187
7278,existed,2,2,2.6989700043360187
7279,existence,2,2,2.6989700043360187
7280,exocytosis,2,2,2.6989700043360187
7281,expectations,2,2,2.6989700043360187
7282,explainable,2,2,2.6989700043360187
7283,exploring,2,2,2.6989700043360187
7284,exports,2,2,2.6989700043360187
7285,extrapolated,2,2,2.6989700043360187
7286,extrapyramidal,2,1,3.0
7287,extreme,2,2,2.6989700043360187
7288,extremity,2,1,3.0
7289,eyelid,2,1,3.0
7290,f10,2,1,3.0
7291,faceted,2,1,3.0
7292,faecalibaculum,2,2,2.6989700043360187
7293,falsified,2,1,3.0
7294,farnesoid,2,2,2.6989700043360187
7295,fats,2,2,2.6989700043360187
7296,favor,2,2,2.6989700043360187
7297,favouring,2,2,2.6989700043360187
7298,fe2,2,2,2.6989700043360187
7299,featuring,2,2,2.6989700043360187
7300,feb,2,2,2.6989700043360187
7301,feel,2,2,2.6989700043360187
7302,fell,2,2,2.6989700043360187
7303,felt,2,1,3.0
7304,fenofibrate,2,1,3.0
7305,fermentable,2,2,2.6989700043360187
7306,fermenting,2,2,2.6989700043360187
7307,ffar2,2,2,2.6989700043360187
7308,ffar3,2,2,2.6989700043360187
7309,fga,2,1,3.0
7310,fgf19,2,1,3.0
7311,fh,2,1,3.0
7312,fibrates,2,2,2.6989700043360187
7313,fibrinolytic,2,1,3.0
7314,fibrogenic,2,1,3.0
7315,fidelity,2,2,2.6989700043360187
7316,fifteen,2,2,2.6989700043360187
7317,fighting,2,1,3.0
7318,file,2,2,2.6989700043360187
7319,files,2,2,2.6989700043360187
7320,filled,2,2,2.6989700043360187
7321,filters,2,1,3.0
7322,fingerprints,2,1,3.0
7323,finland,2,2,2.6989700043360187
7324,finnish,2,2,2.6989700043360187
7325,firm,2,2,2.6989700043360187
7326,fish,2,1,3.0
7327,fission,2,1,3.0
7328,fitness,2,2,2.6989700043360187
7329,fits,2,2,2.6989700043360187
7330,flap,2,1,3.0
7331,fluorescence,2,2,2.6989700043360187
7332,fluorescent,2,2,2.6989700043360187
7333,foenum,2,1,3.0
7334,folds,2,1,3.0
7335,football,2,1,3.0
7336,forces,2,1,3.0
7337,formate,2,1,3.0
7338,formats,2,2,2.6989700043360187
7339,fostering,2,2,2.6989700043360187
7340,foxo3a,2,1,3.0
7341,fr,2,1,3.0
7342,fractional,2,2,2.6989700043360187
7343,fragment,2,2,2.6989700043360187
7344,framingham,2,1,3.0
7345,fraudulent,2,1,3.0
7346,frc,2,1,3.0
7347,freely,2,1,3.0
7348,friendly,2,2,2.6989700043360187
7349,front,2,2,2.6989700043360187
7350,frontiers,2,1,3.0
7351,frontotemporal,2,1,3.0
7352,fructosamine,2,1,3.0
7353,fsg,2,1,3.0
7354,fulfilled,2,2,2.6989700043360187
7355,functionalized,2,2,2.6989700043360187
7356,functionally,2,2,2.6989700043360187
7357,functioning,2,2,2.6989700043360187
7358,fundoplication,2,1,3.0
7359,fused,2,2,2.6989700043360187
7360,fw,2,1,3.0
7361,fxiiia,2,1,3.0
7362,g2,2,2,2.6989700043360187
7363,gaining,2,2,2.6989700043360187
7364,galectin,2,1,3.0
7365,gallate,2,2,2.6989700043360187
7366,garnered,2,2,2.6989700043360187
7367,gasdermin,2,2,2.6989700043360187
7368,gastroenterological,2,2,2.6989700043360187
7369,gate,2,2,2.6989700043360187
7370,gavage,2,2,2.6989700043360187
7371,gba,2,1,3.0
7372,gc,2,2,2.6989700043360187
7373,gdf15,2,1,3.0
7374,gdmt,2,1,3.0
7375,ged,2,1,3.0
7376,gemigliptin,2,1,3.0
7377,genera,2,2,2.6989700043360187
7378,generalisable,2,2,2.6989700043360187
7379,generalised,2,2,2.6989700043360187
7380,generality,2,2,2.6989700043360187
7381,generalizable,2,2,2.6989700043360187
7382,genetics,2,2,2.6989700043360187
7383,genuinely,2,2,2.6989700043360187
7384,genus,2,2,2.6989700043360187
7385,geography,2,1,3.0
7386,germany,2,2,2.6989700043360187
7387,germline,2,1,3.0
7388,gerotherapeutic,2,2,2.6989700043360187
7389,ghr,2,1,3.0
7390,github,2,1,3.0
7391,glk,2,1,3.0
7392,gluconeogenesis,2,2,2.6989700043360187
7393,glut2,2,2,2.6989700043360187
7394,glutamatergic,2,1,3.0
7395,glycation,2,2,2.6989700043360187
7396,glycolysis,2,2,2.6989700043360187
7397,glycosidic,2,2,2.6989700043360187
7398,glycosylated,2,2,2.6989700043360187
7399,gnf4877,2,1,3.0
7400,goc,2,1,3.0
7401,gold,2,2,2.6989700043360187
7402,gonadal,2,2,2.6989700043360187
7403,goto,2,2,2.6989700043360187
7404,gout,2,1,3.0
7405,governed,2,2,2.6989700043360187
7406,grabs,2,1,3.0
7407,graecum,2,1,3.0
7408,grafting,2,2,2.6989700043360187
7409,grains,2,2,2.6989700043360187
7410,grant,2,2,2.6989700043360187
7411,granulocyte,2,2,2.6989700043360187
7412,grapes,2,1,3.0
7413,gray,2,2,2.6989700043360187
7414,greedy,2,2,2.6989700043360187
7415,grew,2,2,2.6989700043360187
7416,grey,2,2,2.6989700043360187
7417,ground,2,2,2.6989700043360187
7418,grounded,2,2,2.6989700043360187
7419,gs,2,2,2.6989700043360187
7420,guanylate,2,2,2.6989700043360187
7421,guiding,2,2,2.6989700043360187
7422,guinea,2,1,3.0
7423,göttingen,2,1,3.0
7424,gαs,2,2,2.6989700043360187
7425,halt,2,2,2.6989700043360187
7426,harabasz,2,1,3.0
7427,harvested,2,2,2.6989700043360187
7428,hbond,2,1,3.0
7429,heat,2,1,3.0
7430,heavily,2,2,2.6989700043360187
7431,hedonics,2,1,3.0
7432,heighten,2,2,2.6989700043360187
7433,heightened,2,2,2.6989700043360187
7434,held,2,2,2.6989700043360187
7435,heloderma,2,1,3.0
7436,hematological,2,1,3.0
7437,hematoxylin,2,2,2.6989700043360187
7438,hemoglobinopathies,2,1,3.0
7439,hemorrhagic,2,2,2.6989700043360187
7440,hemostatic,2,1,3.0
7441,hepatitis,2,1,3.0
7442,hepatokine,2,1,3.0
7443,herb,2,2,2.6989700043360187
7444,hereafter,2,2,2.6989700043360187
7445,heterodimerization,2,1,3.0
7446,heterozygosity,2,1,3.0
7447,hfs,2,1,3.0
7448,hierarchy,2,2,2.6989700043360187
7449,histomorphometry,2,1,3.0
7450,histopathological,2,2,2.6989700043360187
7451,historic,2,2,2.6989700043360187
7452,hmw,2,1,3.0
7453,hne,2,2,2.6989700043360187
7454,homo,2,1,3.0
7455,homolog,2,2,2.6989700043360187
7456,horizons,2,2,2.6989700043360187
7457,hormonally,2,1,3.0
7458,hospitalisations,2,2,2.6989700043360187
7459,hp,2,2,2.6989700043360187
7460,hsa,2,1,3.0
7461,htrf,2,1,3.0
7462,humanized,2,2,2.6989700043360187
7463,hungry,2,1,3.0
7464,hvs,2,1,3.0
7465,hybridization,2,2,2.6989700043360187
7466,hydrolase,2,2,2.6989700043360187
7467,hydroxy,2,2,2.6989700043360187
7468,hyper,2,2,2.6989700043360187
7469,hypercholesterolemia,2,2,2.6989700043360187
7470,hyperglucagonemia,2,1,3.0
7471,hypersecretion,2,2,2.6989700043360187
7472,hypomanic,2,1,3.0
7473,hypotension,2,2,2.6989700043360187
7474,hypotonia,2,1,3.0
7475,iatrogenic,2,2,2.6989700043360187
7476,iauc0,2,1,3.0
7477,ic,2,2,2.6989700043360187
7478,icam,2,1,3.0
7479,ich,2,1,3.0
7480,ichd,2,1,3.0
7481,id,2,2,2.6989700043360187
7482,ideally,2,2,2.6989700043360187
7483,ie,2,2,2.6989700043360187
7484,igg4,2,2,2.6989700043360187
7485,iihts,2,1,3.0
7486,il1,2,1,3.0
7487,il18,2,1,3.0
7488,il2ra,2,1,3.0
7489,il6,2,1,3.0
7490,ild,2,1,3.0
7491,ileum,2,2,2.6989700043360187
7492,ili,2,1,3.0
7493,illnesses,2,2,2.6989700043360187
7494,illustrates,2,2,2.6989700043360187
7495,illustrative,2,2,2.6989700043360187
7496,immediately,2,1,3.0
7497,immunogenic,2,2,2.6989700043360187
7498,immunogenicity,2,2,2.6989700043360187
7499,immunoglobulin,2,2,2.6989700043360187
7500,immunopathological,2,2,2.6989700043360187
7501,immunosorbent,2,2,2.6989700043360187
7502,immunosuppression,2,2,2.6989700043360187
7503,immunosuppressive,2,2,2.6989700043360187
7504,implantable,2,1,3.0
7505,implicates,2,2,2.6989700043360187
7506,implicating,2,2,2.6989700043360187
7507,imposes,2,2,2.6989700043360187
7508,impotence,2,1,3.0
7509,imputed,2,2,2.6989700043360187
7510,inability,2,1,3.0
7511,inaccessible,2,2,2.6989700043360187
7512,inaccurate,2,2,2.6989700043360187
7513,inadequacy,2,1,3.0
7514,inadvertently,2,2,2.6989700043360187
7515,incarceration,2,1,3.0
7516,incorrect,2,2,2.6989700043360187
7517,increment,2,2,2.6989700043360187
7518,indians,2,1,3.0
7519,indigestible,2,1,3.0
7520,individualising,2,2,2.6989700043360187
7521,individualization,2,2,2.6989700043360187
7522,inducible,2,2,2.6989700043360187
7523,indy,2,1,3.0
7524,inequities,2,2,2.6989700043360187
7525,inert,2,1,3.0
7526,inferential,2,2,2.6989700043360187
7527,infinity,2,2,2.6989700043360187
7528,influx,2,2,2.6989700043360187
7529,infrequent,2,2,2.6989700043360187
7530,infused,2,2,2.6989700043360187
7531,ingestive,2,2,2.6989700043360187
7532,inherent,2,2,2.6989700043360187
7533,inherited,2,2,2.6989700043360187
7534,initiatives,2,1,3.0
7535,innovator,2,1,3.0
7536,innovators,2,1,3.0
7537,inovalon,2,2,2.6989700043360187
7538,insomnia,2,1,3.0
7539,inspired,2,1,3.0
7540,institutes,2,2,2.6989700043360187
7541,institutions,2,2,2.6989700043360187
7542,instructed,2,2,2.6989700043360187
7543,instruction,2,1,3.0
7544,instrumental,2,1,3.0
7545,instruments,2,2,2.6989700043360187
7546,insult,2,1,3.0
7547,intentional,2,2,2.6989700043360187
7548,intercept,2,2,2.6989700043360187
7549,interchangeable,2,2,2.6989700043360187
7550,interdependent,2,2,2.6989700043360187
7551,interpretability,2,2,2.6989700043360187
7552,interpretations,2,2,2.6989700043360187
7553,interprofessional,2,1,3.0
7554,interrogated,2,2,2.6989700043360187
7555,interrupted,2,1,3.0
7556,interruption,2,2,2.6989700043360187
7557,intersection,2,2,2.6989700043360187
7558,intervertebral,2,1,3.0
7559,intestines,2,2,2.6989700043360187
7560,intl,2,1,3.0
7561,intra,2,2,2.6989700043360187
7562,intragastric,2,2,2.6989700043360187
7563,intrahepatic,2,2,2.6989700043360187
7564,intramuscular,2,1,3.0
7565,intranasal,2,2,2.6989700043360187
7566,intraperitoneal,2,2,2.6989700043360187
7567,intrarenal,2,2,2.6989700043360187
7568,intrauterine,2,1,3.0
7569,introduces,2,2,2.6989700043360187
7570,introducing,2,2,2.6989700043360187
7571,intrusive,2,2,2.6989700043360187
7572,invasiveness,2,2,2.6989700043360187
7573,inventory,2,2,2.6989700043360187
7574,invited,2,2,2.6989700043360187
7575,ipsilateral,2,1,3.0
7576,ipw,2,1,3.0
7577,iqvia,2,2,2.6989700043360187
7578,iridoid,2,1,3.0
7579,irritable,2,2,2.6989700043360187
7580,irs,2,2,2.6989700043360187
7581,isotope,2,2,2.6989700043360187
7582,isr,2,1,3.0
7583,italian,2,2,2.6989700043360187
7584,jama,2,1,3.0
7585,jointly,2,2,2.6989700043360187
7586,joints,2,2,2.6989700043360187
7587,jp,2,1,3.0
7588,just,2,2,2.6989700043360187
7589,justification,2,2,2.6989700043360187
7590,k48,2,1,3.0
7591,kakizaki,2,2,2.6989700043360187
7592,kap,2,1,3.0
7593,kappa,2,2,2.6989700043360187
7594,katp,2,1,3.0
7595,kda,2,2,2.6989700043360187
7596,ketamine,2,1,3.0
7597,ketogenic,2,1,3.0
7598,ketonaemia,2,1,3.0
7599,kidneys,2,2,2.6989700043360187
7600,kindling,2,1,3.0
7601,kinetic,2,2,2.6989700043360187
7602,kingdom,2,2,2.6989700043360187
7603,klotho,2,2,2.6989700043360187
7604,knock,2,2,2.6989700043360187
7605,la,2,1,3.0
7606,labdane,2,1,3.0
7607,labor,2,2,2.6989700043360187
7608,lachnoclostridium,2,2,2.6989700043360187
7609,lachnospiraceae,2,2,2.6989700043360187
7610,lacks,2,2,2.6989700043360187
7611,lactam,2,2,2.6989700043360187
7612,lactobacillaceae,2,2,2.6989700043360187
7613,lanifibranor,2,2,2.6989700043360187
7614,lastly,2,2,2.6989700043360187
7615,latin,2,2,2.6989700043360187
7616,lay,2,2,2.6989700043360187
7617,lcfas,2,1,3.0
7618,ldh,2,2,2.6989700043360187
7619,ldlr,2,2,2.6989700043360187
7620,leg,2,1,3.0
7621,legal,2,2,2.6989700043360187
7622,lens,2,2,2.6989700043360187
7623,lesions,2,1,3.0
7624,letrozole,2,2,2.6989700043360187
7625,leu32,2,1,3.0
7626,leucettine,2,1,3.0
7627,leukemias,2,1,3.0
7628,leverage,2,2,2.6989700043360187
7629,leveraged,2,2,2.6989700043360187
7630,lewy,2,1,3.0
7631,ligase,2,2,2.6989700043360187
7632,ligilactobacillus,2,2,2.6989700043360187
7633,liking,2,1,3.0
7634,linezolid,2,1,3.0
7635,linkage,2,2,2.6989700043360187
7636,linker,2,2,2.6989700043360187
7637,linoleic,2,2,2.6989700043360187
7638,lipidation,2,2,2.6989700043360187
7639,lipogenesis,2,2,2.6989700043360187
7640,lipogenic,2,2,2.6989700043360187
7641,lipohypertrophy,2,1,3.0
7642,liquids,2,2,2.6989700043360187
7643,listed,2,2,2.6989700043360187
7644,littermate,2,2,2.6989700043360187
7645,lives,2,2,2.6989700043360187
7646,lmics,2,1,3.0
7647,loaded,2,2,2.6989700043360187
7648,localized,2,2,2.6989700043360187
7649,locomotor,2,2,2.6989700043360187
7650,logic,2,2,2.6989700043360187
7651,longevity,2,2,2.6989700043360187
7652,longstanding,2,2,2.6989700043360187
7653,lowers,2,2,2.6989700043360187
7654,lrrk2,2,1,3.0
7655,lumen,2,2,2.6989700043360187
7656,lumo,2,1,3.0
7657,lymphocyte,2,1,3.0
7658,lynch,2,1,3.0
7659,lysosomal,2,2,2.6989700043360187
7660,m4,2,1,3.0
7661,magnitudes,2,2,2.6989700043360187
7662,mainstay,2,2,2.6989700043360187
7663,malabsorption,2,2,2.6989700043360187
7664,malaise,2,2,2.6989700043360187
7665,malnourished,2,2,2.6989700043360187
7666,mandatory,2,2,2.6989700043360187
7667,manic,2,1,3.0
7668,mannitol,2,1,3.0
7669,manually,2,2,2.6989700043360187
7670,married,2,2,2.6989700043360187
7671,mask,2,2,2.6989700043360187
7672,match,2,2,2.6989700043360187
7673,maturation,2,2,2.6989700043360187
7674,maturing,2,2,2.6989700043360187
7675,maximize,2,2,2.6989700043360187
7676,mayo,2,1,3.0
7677,mcfas,2,1,3.0
7678,means,2,2,2.6989700043360187
7679,measuring,2,2,2.6989700043360187
7680,meibomian,2,1,3.0
7681,membranes,2,2,2.6989700043360187
7682,mentions,2,2,2.6989700043360187
7683,mere,2,2,2.6989700043360187
7684,metabolized,2,1,3.0
7685,metabolome,2,2,2.6989700043360187
7686,metagenomic,2,2,2.6989700043360187
7687,methodsthe,2,2,2.6989700043360187
7688,methodswe,2,2,2.6989700043360187
7689,metric,2,2,2.6989700043360187
7690,mexico,2,1,3.0
7691,micelle,2,1,3.0
7692,michigan,2,1,3.0
7693,microdomains,2,2,2.6989700043360187
7694,microenvironments,2,2,2.6989700043360187
7695,microglia,2,2,2.6989700043360187
7696,micrornas,2,2,2.6989700043360187
7697,milestones,2,2,2.6989700043360187
7698,milieu,2,2,2.6989700043360187
7699,milligrams,2,2,2.6989700043360187
7700,millions,2,2,2.6989700043360187
7701,milt,2,1,3.0
7702,mimetics,2,2,2.6989700043360187
7703,min6,2,1,3.0
7704,mindful,2,1,3.0
7705,minipigs,2,1,3.0
7706,mirrors,2,2,2.6989700043360187
7707,mismatch,2,2,2.6989700043360187
7708,missense,2,2,2.6989700043360187
7709,mito,2,1,3.0
7710,mitophagy,2,2,2.6989700043360187
7711,mitoros,2,1,3.0
7712,mmrm,2,1,3.0
7713,mna,2,1,3.0
7714,modal,2,2,2.6989700043360187
7715,modality,2,2,2.6989700043360187
7716,mode,2,2,2.6989700043360187
7717,module,2,2,2.6989700043360187
7718,modules,2,2,2.6989700043360187
7719,monoaminergic,2,2,2.6989700043360187
7720,monoclonal,2,2,2.6989700043360187
7721,monoglobus,2,1,3.0
7722,monoglycerides,2,1,3.0
7723,monolayers,2,2,2.6989700043360187
7724,mononuclear,2,1,3.0
7725,mononucleotide,2,2,2.6989700043360187
7726,moose,2,2,2.6989700043360187
7727,motivationally,2,1,3.0
7728,mounting,2,2,2.6989700043360187
7729,mounts,2,2,2.6989700043360187
7730,movement,2,1,3.0
7731,mp3,2,1,3.0
7732,mtorc1i,2,1,3.0
7733,mtp,2,1,3.0
7734,mu,2,2,2.6989700043360187
7735,mucin,2,2,2.6989700043360187
7736,mucoadhesive,2,1,3.0
7737,multiagonists,2,2,2.6989700043360187
7738,multicomponent,2,2,2.6989700043360187
7739,multidose,2,2,2.6989700043360187
7740,multifunctional,2,1,3.0
7741,multilevel,2,2,2.6989700043360187
7742,multiomics,2,2,2.6989700043360187
7743,multiorgan,2,2,2.6989700043360187
7744,multiplicative,2,2,2.6989700043360187
7745,multiplicity,2,2,2.6989700043360187
7746,multipole,2,1,3.0
7747,multivalent,2,2,2.6989700043360187
7748,multiyear,2,2,2.6989700043360187
7749,mussel,2,1,3.0
7750,myeloma,2,1,3.0
7751,myocytes,2,2,2.6989700043360187
7752,myokine,2,2,2.6989700043360187
7753,myopia,2,1,3.0
7754,myostatin,2,1,3.0
7755,myriad,2,2,2.6989700043360187
7756,nacl,2,1,3.0
7757,named,2,2,2.6989700043360187
7758,namely,2,2,2.6989700043360187
7759,nanoemulsions,2,2,2.6989700043360187
7760,narrowing,2,2,2.6989700043360187
7761,naturalistic,2,1,3.0
7762,navigate,2,2,2.6989700043360187
7763,nct02496611,2,1,3.0
7764,nct03574597,2,2,2.6989700043360187
7765,nct05869903,2,2,2.6989700043360187
7766,nct05872620,2,2,2.6989700043360187
7767,nct06283641,2,2,2.6989700043360187
7768,nct07611201,2,1,3.0
7769,ndevs,2,1,3.0
7770,ndna,2,1,3.0
7771,nds,2,1,3.0
7772,necessitate,2,2,2.6989700043360187
7773,necessitating,2,2,2.6989700043360187
7774,necessity,2,2,2.6989700043360187
7775,negligible,2,2,2.6989700043360187
7776,neoplasia,2,1,3.0
7777,neprilysin,2,2,2.6989700043360187
7778,neurobehavioral,2,2,2.6989700043360187
7779,neurocardiac,2,2,2.6989700043360187
7780,neurocognitive,2,2,2.6989700043360187
7781,neurogenesis,2,2,2.6989700043360187
7782,neuroglia,2,1,3.0
7783,neuroglial,2,2,2.6989700043360187
7784,neurohumoral,2,2,2.6989700043360187
7785,neuropsychological,2,2,2.6989700043360187
7786,neurotoxicity,2,2,2.6989700043360187
7787,neurotransmitters,2,2,2.6989700043360187
7788,neutralizing,2,2,2.6989700043360187
7789,nhe1,2,2,2.6989700043360187
7790,niche,2,1,3.0
7791,niddm,2,1,3.0
7792,night,2,2,2.6989700043360187
7793,nigricans,2,2,2.6989700043360187
7794,nigrum,2,1,3.0
7795,ninety,2,2,2.6989700043360187
7796,nissen,2,1,3.0
7797,nitrogen,2,2,2.6989700043360187
7798,nnh,2,1,3.0
7799,nomenclature,2,2,2.6989700043360187
7800,noncoding,2,2,2.6989700043360187
7801,nonhuman,2,2,2.6989700043360187
7802,nonintensive,2,1,3.0
7803,nonlinear,2,2,2.6989700043360187
7804,nonlinearity,2,2,2.6989700043360187
7805,nonresponse,2,2,2.6989700043360187
7806,normalisation,2,2,2.6989700043360187
7807,normative,2,2,2.6989700043360187
7808,normoglycaemia,2,1,3.0
7809,northeast,2,2,2.6989700043360187
7810,northwestern,2,1,3.0
7811,note,2,2,2.6989700043360187
7812,noxious,2,1,3.0
7813,npy4r,2,1,3.0
7814,nrtis,2,1,3.0
7815,nss,2,1,3.0
7816,nucleoside,2,2,2.6989700043360187
7817,numerical,2,2,2.6989700043360187
7818,nutraceuticals,2,2,2.6989700043360187
7819,oads,2,1,3.0
7820,oagb,2,1,3.0
7821,objectively,2,2,2.6989700043360187
7822,obligate,2,1,3.0
7823,obs,2,1,3.0
7824,obscure,2,2,2.6989700043360187
7825,observe,2,2,2.6989700043360187
7826,occludin,2,2,2.6989700043360187
7827,occlusion,2,2,2.6989700043360187
7828,ocps,2,1,3.0
7829,odt,2,1,3.0
7830,offs,2,2,2.6989700043360187
7831,offsets,2,1,3.0
7832,oily,2,1,3.0
7833,oligomer,2,2,2.6989700043360187
7834,oligomeric,2,2,2.6989700043360187
7835,olive,2,2,2.6989700043360187
7836,oma,2,2,2.6989700043360187
7837,omega,2,2,2.6989700043360187
7838,oms,2,1,3.0
7839,ondansetron,2,1,3.0
7840,ones,2,2,2.6989700043360187
7841,onwards,2,2,2.6989700043360187
7842,operationalized,2,2,2.6989700043360187
7843,operationally,2,2,2.6989700043360187
7844,opinion,2,2,2.6989700043360187
7845,opposes,2,2,2.6989700043360187
7846,optimizes,2,2,2.6989700043360187
7847,optional,2,2,2.6989700043360187
7848,orc,2,1,3.0
7849,orchestrate,2,2,2.6989700043360187
7850,orchestrates,2,2,2.6989700043360187
7851,ordinal,2,2,2.6989700043360187
7852,orf,2,1,3.0
7853,organic,2,2,2.6989700043360187
7854,origin,2,2,2.6989700043360187
7855,origins,2,2,2.6989700043360187
7856,orthostatic,2,1,3.0
7857,oscillibacter,2,2,2.6989700043360187
7858,osteocalcin,2,2,2.6989700043360187
7859,osteoclast,2,1,3.0
7860,osteolytic,2,1,3.0
7861,otherwise,2,2,2.6989700043360187
7862,otolaryngologists,2,2,2.6989700043360187
7863,ovaries,2,1,3.0
7864,overactivation,2,2,2.6989700043360187
7865,overfeeding,2,2,2.6989700043360187
7866,overproduction,2,2,2.6989700043360187
7867,pacific,2,2,2.6989700043360187
7868,paediatrics,2,1,3.0
7869,palatable,2,2,2.6989700043360187
7870,pallor,2,2,2.6989700043360187
7871,palpitations,2,1,3.0
7872,pancreatobiliary,2,2,2.6989700043360187
7873,panelists,2,1,3.0
7874,panniculectomy,2,1,3.0
7875,papillary,2,2,2.6989700043360187
7876,paracrine,2,1,3.0
7877,paradoxical,2,2,2.6989700043360187
7878,parasomnia,2,1,3.0
7879,parent,2,2,2.6989700043360187
7880,parental,2,2,2.6989700043360187
7881,particles,2,2,2.6989700043360187
7882,partner,2,2,2.6989700043360187
7883,patents,2,1,3.0
7884,pathogen,2,2,2.6989700043360187
7885,pathogenicity,2,1,3.0
7886,pathologically,2,2,2.6989700043360187
7887,payment,2,2,2.6989700043360187
7888,pbmcs,2,1,3.0
7889,pcf,2,1,3.0
7890,pch,2,1,3.0
7891,pdff,2,1,3.0
7892,peaked,2,2,2.6989700043360187
7893,pelvic,2,2,2.6989700043360187
7894,penetrance,2,2,2.6989700043360187
7895,penk,2,1,3.0
7896,pens,2,2,2.6989700043360187
7897,perifusion,2,2,2.6989700043360187
7898,periodontitis,2,2,2.6989700043360187
7899,peritoneal,2,2,2.6989700043360187
7900,perm,2,1,3.0
7901,permissive,2,1,3.0
7902,peroral,2,1,3.0
7903,persistently,2,2,2.6989700043360187
7904,perturbation,2,2,2.6989700043360187
7905,petd,2,1,3.0
7906,petrelintide,2,2,2.6989700043360187
7907,pharmacies,2,2,2.6989700043360187
7908,pharmacoepidemiologic,2,1,3.0
7909,pharmacoepidemiology,2,2,2.6989700043360187
7910,pharmacoequity,2,1,3.0
7911,pharmacophoric,2,1,3.0
7912,pharmacosimilars,2,1,3.0
7913,phenolic,2,2,2.6989700043360187
7914,phenomena,2,2,2.6989700043360187
7915,phosphatase,2,2,2.6989700043360187
7916,phosphodiesterase,2,2,2.6989700043360187
7917,phospholipids,2,2,2.6989700043360187
7918,phylum,2,2,2.6989700043360187
7919,phytomedicine,2,1,3.0
7920,pid1,2,1,3.0
7921,pid8,2,1,3.0
7922,pig,2,1,3.0
7923,pillar,2,2,2.6989700043360187
7924,pillars,2,2,2.6989700043360187
7925,pioneering,2,2,2.6989700043360187
7926,pis,2,1,3.0
7927,pku,2,1,3.0
7928,pl,2,1,3.0
7929,placement,2,2,2.6989700043360187
7930,places,2,2,2.6989700043360187
7931,plants,2,2,2.6989700043360187
7932,plaque,2,2,2.6989700043360187
7933,plaques,2,2,2.6989700043360187
7934,plateaued,2,2,2.6989700043360187
7935,plga,2,2,2.6989700043360187
7936,plot,2,2,2.6989700043360187
7937,plumieride,2,1,3.0
7938,pms,2,1,3.0
7939,pnpho,2,1,3.0
7940,pocus,2,2,2.6989700043360187
7941,podcast,2,1,3.0
7942,polish,2,2,2.6989700043360187
7943,pollock,2,1,3.0
7944,poly,2,2,2.6989700043360187
7945,polymorphisms,2,2,2.6989700043360187
7946,polypeptides,2,2,2.6989700043360187
7947,polysaccharide,2,2,2.6989700043360187
7948,polyunsaturated,2,2,2.6989700043360187
7949,polyuria,2,2,2.6989700043360187
7950,popular,2,2,2.6989700043360187
7951,portion,2,2,2.6989700043360187
7952,portosystemic,2,1,3.0
7953,positron,2,2,2.6989700043360187
7954,postbiotic,2,1,3.0
7955,postbiotics,2,2,2.6989700043360187
7956,postdialysis,2,1,3.0
7957,postdialytic,2,1,3.0
7958,potentiated,2,2,2.6989700043360187
7959,potentiation,2,1,3.0
7960,ppka,2,1,3.0
7961,ppo,2,1,3.0
7962,practicing,2,2,2.6989700043360187
7963,prader,2,2,2.6989700043360187
7964,preadipocyte,2,1,3.0
7965,preb,2,2,2.6989700043360187
7966,precautions,2,2,2.6989700043360187
7967,preceded,2,2,2.6989700043360187
7968,precedes,2,2,2.6989700043360187
7969,precipitant,2,1,3.0
7970,precisely,2,2,2.6989700043360187
7971,precludes,2,2,2.6989700043360187
7972,precursor,2,2,2.6989700043360187
7973,predialysis,2,2,2.6989700043360187
7974,predisposing,2,2,2.6989700043360187
7975,predisposition,2,2,2.6989700043360187
7976,preeclampsia,2,1,3.0
7977,preferentially,2,2,2.6989700043360187
7978,premenopausal,2,2,2.6989700043360187
7979,prepare,2,2,2.6989700043360187
7980,preregistered,2,2,2.6989700043360187
7981,prerequisite,2,2,2.6989700043360187
7982,prerequisites,2,1,3.0
7983,prescriptive,2,2,2.6989700043360187
7984,press,2,2,2.6989700043360187
7985,preterm,2,2,2.6989700043360187
7986,prevailing,2,2,2.6989700043360187
7987,prevented,2,2,2.6989700043360187
7988,prevotella,2,1,3.0
7989,primate,2,2,2.6989700043360187
7990,primed,2,2,2.6989700043360187
7991,principally,2,2,2.6989700043360187
7992,prioritisation,2,2,2.6989700043360187
7993,prioritizing,2,2,2.6989700043360187
7994,probably,2,2,2.6989700043360187
7995,procollagen,2,2,2.6989700043360187
7996,productive,2,2,2.6989700043360187
7997,profibrotic,2,2,2.6989700043360187
7998,proglucagon,2,2,2.6989700043360187
7999,programmed,2,2,2.6989700043360187
8000,promotion,2,2,2.6989700043360187
8001,prompt,2,2,2.6989700043360187
8002,propac,2,1,3.0
8003,propeptide,2,2,2.6989700043360187
8004,propofol,2,2,2.6989700043360187
8005,proportionally,2,2,2.6989700043360187
8006,proposal,2,2,2.6989700043360187
8007,proprietary,2,2,2.6989700043360187
8008,prostate,2,2,2.6989700043360187
8009,proteasome,2,2,2.6989700043360187
8010,proteobacteria,2,2,2.6989700043360187
8011,proteolysis,2,1,3.0
8012,prototypes,2,2,2.6989700043360187
8013,pruning,2,1,3.0
8014,pruritus,2,2,2.6989700043360187
8015,psa,2,1,3.0
8016,psd,2,1,3.0
8017,pseudocyst,2,1,3.0
8018,pso,2,1,3.0
8019,psychometric,2,1,3.0
8020,psychopathology,2,1,3.0
8021,psychostimulant,2,1,3.0
8022,psychotropic,2,2,2.6989700043360187
8023,ptau217,2,1,3.0
8024,pubertal,2,2,2.6989700043360187
8025,publicly,2,2,2.6989700043360187
8026,pv,2,1,3.0
8027,pw,2,1,3.0
8028,pwv,2,1,3.0
8029,pxr,2,1,3.0
8030,q10,2,2,2.6989700043360187
8031,q13,2,1,3.0
8032,qol,2,1,3.0
8033,qualifying,2,2,2.6989700043360187
8034,quartiles,2,2,2.6989700043360187
8035,r1,2,1,3.0
8036,r131q,2,1,3.0
8037,radiological,2,1,3.0
8038,rage,2,2,2.6989700043360187
8039,rand,2,1,3.0
8040,ranges,2,2,2.6989700043360187
8041,rankl,2,2,2.6989700043360187
8042,raw,2,2,2.6989700043360187
8043,ray,2,2,2.6989700043360187
8044,rc,2,1,3.0
8045,rdw,2,1,3.0
8046,reachability,2,1,3.0
8047,reaches,2,2,2.6989700043360187
8048,reasonable,2,2,2.6989700043360187
8049,reassessment,2,2,2.6989700043360187
8050,receipt,2,2,2.6989700043360187
8051,rechallenge,2,1,3.0
8052,recomposition,2,1,3.0
8053,reconstruction,2,1,3.0
8054,recptno,2,1,3.0
8055,redefining,2,2,2.6989700043360187
8056,redirect,2,2,2.6989700043360187
8057,redocking,2,1,3.0
8058,ree,2,1,3.0
8059,referenced,2,2,2.6989700043360187
8060,references,2,2,2.6989700043360187
8061,refills,2,2,2.6989700043360187
8062,refined,2,2,2.6989700043360187
8063,reforms,2,1,3.0
8064,reframing,2,2,2.6989700043360187
8065,regained,2,2,2.6989700043360187
8066,regards,2,2,2.6989700043360187
8067,regressions,2,2,2.6989700043360187
8068,rehabilitation,2,2,2.6989700043360187
8069,reintroduction,2,1,3.0
8070,rejection,2,1,3.0
8071,relate,2,2,2.6989700043360187
8072,relatives,2,2,2.6989700043360187
8073,relieve,2,2,2.6989700043360187
8074,remarkable,2,2,2.6989700043360187
8075,remodeled,2,2,2.6989700043360187
8076,remote,2,2,2.6989700043360187
8077,removal,2,2,2.6989700043360187
8078,reno,2,2,2.6989700043360187
8079,renoprotection,2,2,2.6989700043360187
8080,repairs,2,1,3.0
8081,repertoire,2,2,2.6989700043360187
8082,replacements,2,2,2.6989700043360187
8083,replicated,2,2,2.6989700043360187
8084,replicates,2,2,2.6989700043360187
8085,representativeness,2,2,2.6989700043360187
8086,reproduced,2,2,2.6989700043360187
8087,reproducibility,2,2,2.6989700043360187
8088,reprogrammed,2,2,2.6989700043360187
8089,repulsion,2,1,3.0
8090,request,2,2,2.6989700043360187
8091,reservoir,2,2,2.6989700043360187
8092,resilience,2,2,2.6989700043360187
8093,resistin,2,2,2.6989700043360187
8094,resolve,2,2,2.6989700043360187
8095,respirometry,2,2,2.6989700043360187
8096,responds,2,2,2.6989700043360187
8097,responsibilities,2,2,2.6989700043360187
8098,responsibly,2,2,2.6989700043360187
8099,restart,2,1,3.0
8100,restricts,2,2,2.6989700043360187
8101,resveratrol,2,2,2.6989700043360187
8102,retail,2,1,3.0
8103,retain,2,2,2.6989700043360187
8104,retaining,2,2,2.6989700043360187
8105,retains,2,2,2.6989700043360187
8106,reticulata,2,1,3.0
8107,retired,2,1,3.0
8108,retrospectively,2,2,2.6989700043360187
8109,return,2,2,2.6989700043360187
8110,returned,2,2,2.6989700043360187
8111,revel,2,1,3.0
8112,revered,2,1,3.0
8113,reversing,2,2,2.6989700043360187
8114,reverted,2,1,3.0
8115,revisions,2,1,3.0
8116,revolutionised,2,2,2.6989700043360187
8117,rhamnosus,2,2,2.6989700043360187
8118,rheumatology,2,1,3.0
8119,rhinoplasty,2,1,3.0
8120,rhr,2,1,3.0
8121,rhytidectomy,2,1,3.0
8122,ribes,2,1,3.0
8123,ring,2,2,2.6989700043360187
8124,rituximab,2,1,3.0
8125,rld,2,1,3.0
8126,rmsd,2,2,2.6989700043360187
8127,rnascope,2,2,2.6989700043360187
8128,rnfl,2,1,3.0
8129,robustly,2,2,2.6989700043360187
8130,rodents,2,2,2.6989700043360187
8131,room,2,2,2.6989700043360187
8132,rors,2,2,2.6989700043360187
8133,roscoea,2,1,3.0
8134,roscohumeanol,2,1,3.0
8135,rounds,2,1,3.0
8136,routes,2,2,2.6989700043360187
8137,royal,2,2,2.6989700043360187
8138,rplc,2,1,3.0
8139,rps,2,1,3.0
8140,rrna,2,2,2.6989700043360187
8141,rrr,2,1,3.0
8142,ruminal,2,1,3.0
8143,s1,2,2,2.6989700043360187
8144,s1b,2,1,3.0
8145,s40200,2,2,2.6989700043360187
8146,saba,2,1,3.0
8147,safer,2,2,2.6989700043360187
8148,said,2,1,3.0
8149,salient,2,2,2.6989700043360187
8150,sampling,2,2,2.6989700043360187
8151,sanghuang,2,1,3.0
8152,sanra,2,2,2.6989700043360187
8153,sans,2,1,3.0
8154,sarcoplasmic,2,1,3.0
8155,saturated,2,2,2.6989700043360187
8156,saturation,2,1,3.0
8157,saxagliptin,2,1,3.0
8158,sbp,2,2,2.6989700043360187
8159,scaffolds,2,2,2.6989700043360187
8160,scheme,2,2,2.6989700043360187
8161,school,2,2,2.6989700043360187
8162,scope,2,2,2.6989700043360187
8163,scr,2,2,2.6989700043360187
8164,sct,2,1,3.0
8165,scwat,2,1,3.0
8166,sdh,2,1,3.0
8167,sea,2,1,3.0
8168,secretagogue,2,2,2.6989700043360187
8169,sections,2,2,2.6989700043360187
8170,sed,2,1,3.0
8171,sedentary,2,1,3.0
8172,seek,2,2,2.6989700043360187
8173,seeks,2,2,2.6989700043360187
8174,seemingly,2,2,2.6989700043360187
8175,seems,2,2,2.6989700043360187
8176,seer,2,1,3.0
8177,semistructured,2,1,3.0
8178,senior,2,2,2.6989700043360187
8179,senolytic,2,2,2.6989700043360187
8180,sensitization,2,2,2.6989700043360187
8181,sensitizers,2,2,2.6989700043360187
8182,sensor,2,1,3.0
8183,separates,2,2,2.6989700043360187
8184,sept,2,2,2.6989700043360187
8185,septic,2,1,3.0
8186,sequentially,2,2,2.6989700043360187
8187,ser18,2,1,3.0
8188,ser473,2,1,3.0
8189,serine,2,2,2.6989700043360187
8190,seriousness,2,1,3.0
8191,session,2,1,3.0
8192,seventy,2,2,2.6989700043360187
8193,sharing,2,2,2.6989700043360187
8194,sheep,2,1,3.0
8195,shock,2,1,3.0
8196,shortening,2,2,2.6989700043360187
8197,shp,2,2,2.6989700043360187
8198,shrna,2,2,2.6989700043360187
8199,shuttle,2,2,2.6989700043360187
8200,signature,2,2,2.6989700043360187
8201,silenced,2,2,2.6989700043360187
8202,silent,2,2,2.6989700043360187
8203,silhouette,2,1,3.0
8204,silos,2,2,2.6989700043360187
8205,similarity,2,2,2.6989700043360187
8206,simply,2,2,2.6989700043360187
8207,simulate,2,2,2.6989700043360187
8208,singh,2,1,3.0
8209,sinus,2,2,2.6989700043360187
8210,sirtuin,2,2,2.6989700043360187
8211,sit,2,1,3.0
8212,sits,2,2,2.6989700043360187
8213,situate,2,2,2.6989700043360187
8214,situations,2,1,3.0
8215,slot,2,1,3.0
8216,slowed,2,2,2.6989700043360187
8217,smoke,2,1,3.0
8218,smokers,2,2,2.6989700043360187
8219,sn,2,2,2.6989700043360187
8220,sofa,2,1,3.0
8221,software,2,2,2.6989700043360187
8222,sold,2,1,3.0
8223,sole,2,2,2.6989700043360187
8224,soli,2,1,3.0
8225,solute,2,2,2.6989700043360187
8226,solve,2,2,2.6989700043360187
8227,southwestern,2,1,3.0
8228,spacing,2,2,2.6989700043360187
8229,sparked,2,2,2.6989700043360187
8230,spatially,2,2,2.6989700043360187
8231,special,2,2,2.6989700043360187
8232,specialties,2,1,3.0
8233,specialty,2,1,3.0
8234,specification,2,2,2.6989700043360187
8235,speed,2,2,2.6989700043360187
8236,sperm,2,2,2.6989700043360187
8237,splicing,2,1,3.0
8238,spline,2,2,2.6989700043360187
8239,sponsor,2,2,2.6989700043360187
8240,spontaneously,2,2,2.6989700043360187
8241,spp,2,2,2.6989700043360187
8242,springer,2,2,2.6989700043360187
8243,sq22536,2,1,3.0
8244,srivastav,2,1,3.0
8245,srm,2,1,3.0
8246,sta,2,1,3.0
8247,stabilising,2,2,2.6989700043360187
8248,stabilize,2,2,2.6989700043360187
8249,stabilizers,2,2,2.6989700043360187
8250,stabilizes,2,2,2.6989700043360187
8251,standardize,2,2,2.6989700043360187
8252,stapled,2,1,3.0
8253,starvation,2,2,2.6989700043360187
8254,statutory,2,2,2.6989700043360187
8255,steps,2,2,2.6989700043360187
8256,steviol,2,1,3.0
8257,stewardship,2,2,2.6989700043360187
8258,stigmatizing,2,2,2.6989700043360187
8259,stimulant,2,2,2.6989700043360187
8260,stockholm,2,2,2.6989700043360187
8261,stored,2,1,3.0
8262,strand,2,2,2.6989700043360187
8263,strategically,2,1,3.0
8264,stratify,2,2,2.6989700043360187
8265,strictly,2,2,2.6989700043360187
8266,stricture,2,1,3.0
8267,struggle,2,1,3.0
8268,struggling,2,2,2.6989700043360187
8269,student,2,1,3.0
8270,subclasses,2,1,3.0
8271,subpopulation,2,2,2.6989700043360187
8272,subpopulations,2,2,2.6989700043360187
8273,substitutions,2,2,2.6989700043360187
8274,subunit,2,2,2.6989700043360187
8275,successive,2,2,2.6989700043360187
8276,suffer,2,2,2.6989700043360187
8277,suggestions,2,2,2.6989700043360187
8278,suggestive,2,2,2.6989700043360187
8279,sulfated,2,1,3.0
8280,sulphonylureas,2,1,3.0
8281,sult2a1,2,1,3.0
8282,summarised,2,2,2.6989700043360187
8283,supernatant,2,1,3.0
8284,supplies,2,2,2.6989700043360187
8285,suprathreshold,2,1,3.0
8286,surpass,2,2,2.6989700043360187
8287,surveyed,2,2,2.6989700043360187
8288,survivorship,2,1,3.0
8289,sus,2,2,2.6989700043360187
8290,suspectum,2,1,3.0
8291,suspension,2,1,3.0
8292,sustaining,2,2,2.6989700043360187
8293,swallowing,2,1,3.0
8294,sweden,2,2,2.6989700043360187
8295,sweetener,2,2,2.6989700043360187
8296,sweeteners,2,1,3.0
8297,switched,2,2,2.6989700043360187
8298,symptomatically,2,2,2.6989700043360187
8299,synapses,2,2,2.6989700043360187
8300,synbiotics,2,2,2.6989700043360187
8301,syncytial,2,1,3.0
8302,synopsis,2,2,2.6989700043360187
8303,synovial,2,1,3.0
8304,synthesising,2,2,2.6989700043360187
8305,synthesizing,2,2,2.6989700043360187
8306,synthetase,2,2,2.6989700043360187
8307,système,2,2,2.6989700043360187
8308,tab,2,1,3.0
8309,table,2,2,2.6989700043360187
8310,taiwanese,2,2,2.6989700043360187
8311,takeda,2,2,2.6989700043360187
8312,talk,2,2,2.6989700043360187
8313,tandem,2,2,2.6989700043360187
8314,tangles,2,2,2.6989700043360187
8315,task,2,2,2.6989700043360187
8316,taurine,2,2,2.6989700043360187
8317,technical,2,2,2.6989700043360187
8318,technicians,2,1,3.0
8319,technique,2,2,2.6989700043360187
8320,template,2,2,2.6989700043360187
8321,tendinopathy,2,1,3.0
8322,tenfold,2,1,3.0
8323,tens,2,2,2.6989700043360187
8324,th,2,2,2.6989700043360187
8325,themes,2,2,2.6989700043360187
8326,theoretically,2,2,2.6989700043360187
8327,theorized,2,2,2.6989700043360187
8328,thermoresponsive,2,1,3.0
8329,thiazide,2,2,2.6989700043360187
8330,thigh,2,1,3.0
8331,thirteen,2,2,2.6989700043360187
8332,thoracic,2,1,3.0
8333,thoracolumbar,2,1,3.0
8334,thoughtful,2,2,2.6989700043360187
8335,thr,2,2,2.6989700043360187
8336,thromboinflammation,2,1,3.0
8337,thrβ,2,2,2.6989700043360187
8338,tiered,2,2,2.6989700043360187
8339,tiers,2,2,2.6989700043360187
8340,tightly,2,2,2.6989700043360187
8341,tir,2,1,3.0
8342,titer,2,1,3.0
8343,titrate,2,1,3.0
8344,tjr,2,1,3.0
8345,toc,2,1,3.0
8346,toll,2,2,2.6989700043360187
8347,tongue,2,2,2.6989700043360187
8348,took,2,2,2.6989700043360187
8349,topic,2,2,2.6989700043360187
8350,topics,2,1,3.0
8351,toxic,2,2,2.6989700043360187
8352,toxicities,2,2,2.6989700043360187
8353,toxicological,2,2,2.6989700043360187
8354,trace,2,2,2.6989700043360187
8355,traced,2,1,3.0
8356,tracked,2,2,2.6989700043360187
8357,tracking,2,2,2.6989700043360187
8358,trade,2,2,2.6989700043360187
8359,trans,2,2,2.6989700043360187
8360,transaminases,2,2,2.6989700043360187
8361,transcriptase,2,2,2.6989700043360187
8362,transcriptomics,2,1,3.0
8363,transducer,2,2,2.6989700043360187
8364,transferrin,2,1,3.0
8365,translates,2,2,2.6989700043360187
8366,translocation,2,2,2.6989700043360187
8367,transparency,2,2,2.6989700043360187
8368,transporters,2,2,2.6989700043360187
8369,treadmill,2,2,2.6989700043360187
8370,triad,2,2,2.6989700043360187
8371,triangle,2,2,2.6989700043360187
8372,triangulation,2,2,2.6989700043360187
8373,triazine,2,1,3.0
8374,triggered,2,2,2.6989700043360187
8375,triggering,2,2,2.6989700043360187
8376,trimester,2,1,3.0
8377,triol,2,1,3.0
8378,triumph,2,2,2.6989700043360187
8379,trkb,2,1,3.0
8380,troponin,2,2,2.6989700043360187
8381,trough,2,2,2.6989700043360187
8382,trt,2,1,3.0
8383,truly,2,2,2.6989700043360187
8384,tsh,2,2,2.6989700043360187
8385,tubules,2,2,2.6989700043360187
8386,tubulointerstitial,2,2,2.6989700043360187
8387,tumorigenic,2,2,2.6989700043360187
8388,tuning,2,2,2.6989700043360187
8389,ulcerative,2,2,2.6989700043360187
8390,ultrashort,2,1,3.0
8391,umin,2,1,3.0
8392,unaddressed,2,2,2.6989700043360187
8393,unanswered,2,2,2.6989700043360187
8394,uncharacterized,2,2,2.6989700043360187
8395,unclassified,2,2,2.6989700043360187
8396,uncomfortable,2,1,3.0
8397,unconfirmed,2,2,2.6989700043360187
8398,uncouple,2,2,2.6989700043360187
8399,undefined,2,2,2.6989700043360187
8400,underdiagnosed,2,2,2.6989700043360187
8401,undergo,2,2,2.6989700043360187
8402,undergone,2,2,2.6989700043360187
8403,underlies,2,2,2.6989700043360187
8404,undermine,2,2,2.6989700043360187
8405,underpinning,2,2,2.6989700043360187
8406,underrepresentation,2,1,3.0
8407,underutilized,2,2,2.6989700043360187
8408,unemployed,2,1,3.0
8409,unfold,2,2,2.6989700043360187
8410,unfolded,2,2,2.6989700043360187
8411,uniformity,2,2,2.6989700043360187
8412,uninformative,2,1,3.0
8413,unintended,2,2,2.6989700043360187
8414,univariate,2,2,2.6989700043360187
8415,unlikely,2,2,2.6989700043360187
8416,unnecessary,2,2,2.6989700043360187
8417,unplanned,2,2,2.6989700043360187
8418,unsuccessful,2,2,2.6989700043360187
8419,untargeted,2,2,2.6989700043360187
8420,untested,2,2,2.6989700043360187
8421,unwanted,2,2,2.6989700043360187
8422,upcoming,2,2,2.6989700043360187
8423,upfront,2,1,3.0
8424,upr,2,2,2.6989700043360187
8425,urea,2,2,2.6989700043360187
8426,uremia,2,2,2.6989700043360187
8427,urokinase,2,1,3.0
8428,usability,2,2,2.6989700043360187
8429,utilised,2,2,2.6989700043360187
8430,uuo,2,1,3.0
8431,vagus,2,2,2.6989700043360187
8432,vasc,2,1,3.0
8433,vat,2,1,3.0
8434,vcam,2,1,3.0
8435,verify,2,2,2.6989700043360187
8436,victim,2,1,3.0
8437,vignettes,2,2,2.6989700043360187
8438,villus,2,2,2.6989700043360187
8439,vina,2,2,2.6989700043360187
8440,virome,2,1,3.0
8441,visualized,2,2,2.6989700043360187
8442,vo2,2,1,3.0
8443,voice,2,1,3.0
8444,vpt,2,1,3.0
8445,vtdr,2,1,3.0
8446,vulnerabilities,2,2,2.6989700043360187
8447,w,2,1,3.0
8448,wake,2,1,3.0
8449,wanting,2,1,3.0
8450,warnings,2,1,3.0
8451,ways,2,1,3.0
8452,wd,2,1,3.0
8453,welch,2,2,2.6989700043360187
8454,wes,2,1,3.0
8455,widen,2,2,2.6989700043360187
8456,willi,2,2,2.6989700043360187
8457,windows,2,2,2.6989700043360187
8458,withdrawals,2,2,2.6989700043360187
8459,womac,2,2,2.6989700043360187
8460,worsens,2,2,2.6989700043360187
8461,wrinkle,2,1,3.0
8462,wsph,2,1,3.0
8463,xanthomas,2,1,3.0
8464,yields,2,2,2.6989700043360187
8465,zeus,2,1,3.0
8466,µg,2,2,2.6989700043360187
8467,¹,2,1,3.0
8468,å,2,1,3.0
8469,δcavi,2,1,3.0
8470,δfib,2,1,3.0
8471,κ,2,2,2.6989700043360187
8472,μmol,2,1,3.0
8473,χ2,2,2,2.6989700043360187
8474,00002,1,1,3.0
8475,0004,1,1,3.0
8476,0005,1,1,3.0
8477,000781,1,1,3.0
8478,0008,1,1,3.0
8479,0012,1,1,3.0
8480,0015,1,1,3.0
8481,002390,1,1,3.0
8482,002479,1,1,3.0
8483,0025,1,1,3.0
8484,002500,1,1,3.0
8485,0026,1,1,3.0
8486,0027,1,1,3.0
8487,0030,1,1,3.0
8488,0032,1,1,3.0
8489,0037,1,1,3.0
8490,0039,1,1,3.0
8491,0043,1,1,3.0
8492,0050,1,1,3.0
8493,0055,1,1,3.0
8494,0066,1,1,3.0
8495,0067,1,1,3.0
8496,0078,1,1,3.0
8497,0079,1,1,3.0
8498,0082,1,1,3.0
8499,0084,1,1,3.0
8500,0085,1,1,3.0
8501,0086,1,1,3.0
8502,0087,1,1,3.0
8503,0095,1,1,3.0
8504,0118,1,1,3.0
8505,0140,1,1,3.0
8506,0148,1,1,3.0
8507,0178,1,1,3.0
8508,0196,1,1,3.0
8509,02000,1,1,3.0
8510,02089,1,1,3.0
8511,0266,1,1,3.0
8512,0275,1,1,3.0
8513,0306,1,1,3.0
8514,0347,1,1,3.0
8515,0356,1,1,3.0
8516,036,1,1,3.0
8517,0397,1,1,3.0
8518,042,1,1,3.0
8519,0421,1,1,3.0
8520,0436,1,1,3.0
8521,0439,1,1,3.0
8522,0474,1,1,3.0
8523,0498,1,1,3.0
8524,057,1,1,3.0
8525,061,1,1,3.0
8526,0622,1,1,3.0
8527,066,1,1,3.0
8528,067,1,1,3.0
8529,069,1,1,3.0
8530,072,1,1,3.0
8531,074,1,1,3.0
8532,080,1,1,3.0
8533,082,1,1,3.0
8534,084,1,1,3.0
8535,085,1,1,3.0
8536,085487,1,1,3.0
8537,086,1,1,3.0
8538,087,1,1,3.0
8539,089,1,1,3.0
8540,093,1,1,3.0
8541,096,1,1,3.0
8542,097,1,1,3.0
8543,10000,1,1,3.0
8544,1001,1,1,3.0
8545,1009,1,1,3.0
8546,100ug,1,1,3.0
8547,1010,1,1,3.0
8548,1014,1,1,3.0
8549,1019,1,1,3.0
8550,1028,1,1,3.0
8551,1033,1,1,3.0
8552,1034,1,1,3.0
8553,1049,1,1,3.0
8554,1056,1,1,3.0
8555,1068,1,1,3.0
8556,1087,1,1,3.0
8557,1093,1,1,3.0
8558,10th,1,1,3.0
8559,10⁹,1,1,3.0
8560,1125,1,1,3.0
8561,1129,1,1,3.0
8562,1134,1,1,3.0
8563,1139,1,1,3.0
8564,1143,1,1,3.0
8565,1148,1,1,3.0
8566,1164,1,1,3.0
8567,1183,1,1,3.0
8568,1203,1,1,3.0
8569,1220,1,1,3.0
8570,1226,1,1,3.0
8571,1229,1,1,3.0
8572,1230,1,1,3.0
8573,1261,1,1,3.0
8574,1262,1,1,3.0
8575,1265,1,1,3.0
8576,127,1,1,3.0
8577,12c,1,1,3.0
8578,12z,1,1,3.0
8579,131,1,1,3.0
8580,1320,1,1,3.0
8581,1327,1,1,3.0
8582,1332,1,1,3.0
8583,1345,1,1,3.0
8584,1363,1,1,3.0
8585,1368,1,1,3.0
8586,1373,1,1,3.0
8587,1402,1,1,3.0
8588,1407,1,1,3.0
8589,1416,1,1,3.0
8590,1419,1,1,3.0
8591,1422,1,1,3.0
8592,1434,1,1,3.0
8593,1441,1,1,3.0
8594,1444,1,1,3.0
8595,14542,1,1,3.0
8596,146,1,1,3.0
8597,14643,1,1,3.0
8598,14r,1,1,3.0
8599,1500,1,1,3.0
8600,153,1,1,3.0
8601,1547,1,1,3.0
8602,156,1,1,3.0
8603,1567,1,1,3.0
8604,15843,1,1,3.0
8605,15902,1,1,3.0
8606,1613,1,1,3.0
8607,163,1,1,3.0
8608,16460,1,1,3.0
8609,1658,1,1,3.0
8610,1705,1,1,3.0
8611,171,1,1,3.0
8612,1725,1,1,3.0
8613,1753,1,1,3.0
8614,1762,1,1,3.0
8615,1775,1,1,3.0
8616,1797,1,1,3.0
8617,17b,1,1,3.0
8618,17n,1,1,3.0
8619,180min,1,1,3.0
8620,1816,1,1,3.0
8621,1819,1,1,3.0
8622,1822,1,1,3.0
8623,1844,1,1,3.0
8624,1850,1,1,3.0
8625,187,1,1,3.0
8626,1876,1,1,3.0
8627,1883,1,1,3.0
8628,189,1,1,3.0
8629,192,1,1,3.0
8630,1960s,1,1,3.0
8631,1969,1,1,3.0
8632,1991,1,1,3.0
8633,1998,1,1,3.0
8634,1999,1,1,3.0
8635,19n,1,1,3.0
8636,1b3,1,1,3.0
8637,1d,1,1,3.0
8638,1rats,1,1,3.0
8639,1st,1,1,3.0
8640,2001,1,1,3.0
8641,2002,1,1,3.0
8642,2003,1,1,3.0
8643,2005q2,1,1,3.0
8644,2018q1,1,1,3.0
8645,2021q1,1,1,3.0
8646,2024q2,1,1,3.0
8647,2025q4,1,1,3.0
8648,2026q1,1,1,3.0
8649,203,1,1,3.0
8650,2031,1,1,3.0
8651,205,1,1,3.0
8652,2050,1,1,3.0
8653,207,1,1,3.0
8654,20s,1,1,3.0
8655,2102,1,1,3.0
8656,215,1,1,3.0
8657,217,1,1,3.0
8658,2182,1,1,3.0
8659,219,1,1,3.0
8660,21years,1,1,3.0
8661,222,1,1,3.0
8662,2225,1,1,3.0
8663,224,1,1,3.0
8664,225,1,1,3.0
8665,22551,1,1,3.0
8666,2267,1,1,3.0
8667,2270,1,1,3.0
8668,2286,1,1,3.0
8669,2292,1,1,3.0
8670,2329,1,1,3.0
8671,233i,1,1,3.0
8672,2345,1,1,3.0
8673,2357,1,1,3.0
8674,238,1,1,3.0
8675,2384,1,1,3.0
8676,239,1,1,3.0
8677,244,1,1,3.0
8678,2470,1,1,3.0
8679,248,1,1,3.0
8680,2508,1,1,3.0
8681,252,1,1,3.0
8682,253,1,1,3.0
8683,258,1,1,3.0
8684,2685,1,1,3.0
8685,2719,1,1,3.0
8686,276,1,1,3.0
8687,2776,1,1,3.0
8688,2778,1,1,3.0
8689,2784,1,1,3.0
8690,2792,1,1,3.0
8691,28180,1,1,3.0
8692,285,1,1,3.0
8693,2852,1,1,3.0
8694,2859,1,1,3.0
8695,28804,1,1,3.0
8696,288408,1,1,3.0
8697,289,1,1,3.0
8698,2898,1,1,3.0
8699,2906,1,1,3.0
8700,293,1,1,3.0
8701,2990,1,1,3.0
8702,2d,1,1,3.0
8703,2kg,1,1,3.0
8704,2r,1,1,3.0
8705,301,1,1,3.0
8706,3059,1,1,3.0
8707,306,1,1,3.0
8708,30s,1,1,3.0
8709,3115,1,1,3.0
8710,3125,1,1,3.0
8711,317,1,1,3.0
8712,318,1,1,3.0
8713,3196,1,1,3.0
8714,3215,1,1,3.0
8715,326,1,1,3.0
8716,3284,1,1,3.0
8717,330,1,1,3.0
8718,3310,1,1,3.0
8719,3313,1,1,3.0
8720,3316,1,1,3.0
8721,333,1,1,3.0
8722,3333,1,1,3.0
8723,335,1,1,3.0
8724,336,1,1,3.0
8725,3363,1,1,3.0
8726,337,1,1,3.0
8727,338,1,1,3.0
8728,33a,1,1,3.0
8729,343,1,1,3.0
8730,3438,1,1,3.0
8731,344,1,1,3.0
8732,3459,1,1,3.0
8733,346,1,1,3.0
8734,3460,1,1,3.0
8735,347,1,1,3.0
8736,3492,1,1,3.0
8737,352,1,1,3.0
8738,354,1,1,3.0
8739,357,1,1,3.0
8740,359,1,1,3.0
8741,361,1,1,3.0
8742,362,1,1,3.0
8743,3629,1,1,3.0
8744,363,1,1,3.0
8745,364,1,1,3.0
8746,3689,1,1,3.0
8747,369,1,1,3.0
8748,3747,1,1,3.0
8749,378,1,1,3.0
8750,3791,1,1,3.0
8751,3823,1,1,3.0
8752,3835,1,1,3.0
8753,38406,1,1,3.0
8754,387,1,1,3.0
8755,389,1,1,3.0
8756,3928,1,1,3.0
8757,394,1,1,3.0
8758,396,1,1,3.0
8759,3971,1,1,3.0
8760,3980,1,1,3.0
8761,399,1,1,3.0
8762,3c5t,1,1,3.0
8763,3d,1,1,3.0
8764,3s,1,1,3.0
8765,402,1,1,3.0
8766,40349,1,1,3.0
8767,4043,1,1,3.0
8768,406,1,1,3.0
8769,4066,1,1,3.0
8770,4076,1,1,3.0
8771,410,1,1,3.0
8772,4113,1,1,3.0
8773,4120,1,1,3.0
8774,414,1,1,3.0
8775,4153,1,1,3.0
8776,416,1,1,3.0
8777,4170,1,1,3.0
8778,418,1,1,3.0
8779,4181,1,1,3.0
8780,420,1,1,3.0
8781,420m,1,1,3.0
8782,421,1,1,3.0
8783,42423,1,1,3.0
8784,426,1,1,3.0
8785,4300,1,1,3.0
8786,433,1,1,3.0
8787,4361,1,1,3.0
8788,4365,1,1,3.0
8789,443,1,1,3.0
8790,4450,1,1,3.0
8791,448,1,1,3.0
8792,4491,1,1,3.0
8793,451,1,1,3.0
8794,455,1,1,3.0
8795,4555,1,1,3.0
8796,4557,1,1,3.0
8797,458,1,1,3.0
8798,462,1,1,3.0
8799,4620,1,1,3.0
8800,463,1,1,3.0
8801,464,1,1,3.0
8802,467,1,1,3.0
8803,468,1,1,3.0
8804,469,1,1,3.0
8805,46h,1,1,3.0
8806,470,1,1,3.0
8807,473,1,1,3.0
8808,474,1,1,3.0
8809,4768,1,1,3.0
8810,4769,1,1,3.0
8811,4773,1,1,3.0
8812,479,1,1,3.0
8813,484,1,1,3.0
8814,4872,1,1,3.0
8815,4890,1,1,3.0
8816,492,1,1,3.0
8817,4920,1,1,3.0
8818,493,1,1,3.0
8819,495,1,1,3.0
8820,496,1,1,3.0
8821,498,1,1,3.0
8822,4a,1,1,3.0
8823,4bgd,1,1,3.0
8824,4d,1,1,3.0
8825,4mg,1,1,3.0
8826,502,1,1,3.0
8827,5032,1,1,3.0
8828,506,1,1,3.0
8829,507,1,1,3.0
8830,511,1,1,3.0
8831,512,1,1,3.0
8832,513,1,1,3.0
8833,518,1,1,3.0
8834,519,1,1,3.0
8835,5200,1,1,3.0
8836,5221,1,1,3.0
8837,5237,1,1,3.0
8838,5275,1,1,3.0
8839,529,1,1,3.0
8840,530,1,1,3.0
8841,531,1,1,3.0
8842,532,1,1,3.0
8843,535,1,1,3.0
8844,536,1,1,3.0
8845,53b,1,1,3.0
8846,5432,1,1,3.0
8847,545,1,1,3.0
8848,549,1,1,3.0
8849,552,1,1,3.0
8850,553,1,1,3.0
8851,5532,1,1,3.0
8852,554,1,1,3.0
8853,55619,1,1,3.0
8854,557,1,1,3.0
8855,559,1,1,3.0
8856,5608,1,1,3.0
8857,5613,1,1,3.0
8858,5624,1,1,3.0
8859,566,1,1,3.0
8860,5673,1,1,3.0
8861,5674,1,1,3.0
8862,5675,1,1,3.0
8863,5699,1,1,3.0
8864,575,1,1,3.0
8865,576,1,1,3.0
8866,5762,1,1,3.0
8867,577,1,1,3.0
8868,578,1,1,3.0
8869,582,1,1,3.0
8870,5827,1,1,3.0
8871,585,1,1,3.0
8872,5863,1,1,3.0
8873,587,1,1,3.0
8874,5871,1,1,3.0
8875,5876,1,1,3.0
8876,589f,1,1,3.0
8877,591,1,1,3.0
8878,596,1,1,3.0
8879,597,1,1,3.0
8880,5p,1,1,3.0
8881,5th,1,1,3.0
8882,6018,1,1,3.0
8883,607,1,1,3.0
8884,60min,1,1,3.0
8885,60ml,1,1,3.0
8886,614,1,1,3.0
8887,616,1,1,3.0
8888,617,1,1,3.0
8889,618,1,1,3.0
8890,6300,1,1,3.0
8891,634,1,1,3.0
8892,6365,1,1,3.0
8893,637,1,1,3.0
8894,64565111,1,1,3.0
8895,648,1,1,3.0
8896,6482,1,1,3.0
8897,649,1,1,3.0
8898,651,1,1,3.0
8899,6515,1,1,3.0
8900,654,1,1,3.0
8901,657,1,1,3.0
8902,658,1,1,3.0
8903,659,1,1,3.0
8904,660,1,1,3.0
8905,661,1,1,3.0
8906,6659,1,1,3.0
8907,666,1,1,3.0
8908,668,1,1,3.0
8909,674,1,1,3.0
8910,6748,1,1,3.0
8911,675,1,1,3.0
8912,679,1,1,3.0
8913,682,1,1,3.0
8914,684,1,1,3.0
8915,685,1,1,3.0
8916,688,1,1,3.0
8917,6887,1,1,3.0
8918,692,1,1,3.0
8919,6920,1,1,3.0
8920,6953,1,1,3.0
8921,696,1,1,3.0
8922,697,1,1,3.0
8923,698,1,1,3.0
8924,699,1,1,3.0
8925,6e,1,1,3.0
8926,6kg,1,1,3.0
8927,6n,1,1,3.0
8928,6x19,1,1,3.0
8929,7015,1,1,3.0
8930,703,1,1,3.0
8931,705,1,1,3.0
8932,707,1,1,3.0
8933,709,1,1,3.0
8934,710,1,1,3.0
8935,714,1,1,3.0
8936,7151,1,1,3.0
8937,718,1,1,3.0
8938,721,1,1,3.0
8939,7214,1,1,3.0
8940,723,1,1,3.0
8941,7249,1,1,3.0
8942,726,1,1,3.0
8943,729,1,1,3.0
8944,72h,1,1,3.0
8945,730,1,1,3.0
8946,731,1,1,3.0
8947,732,1,1,3.0
8948,734,1,1,3.0
8949,736,1,1,3.0
8950,7389,1,1,3.0
8951,744,1,1,3.0
8952,746,1,1,3.0
8953,7491,1,1,3.0
8954,752,1,1,3.0
8955,755,1,1,3.0
8956,757,1,1,3.0
8957,75n92021d00006,1,1,3.0
8958,764,1,1,3.0
8959,765,1,1,3.0
8960,766,1,1,3.0
8961,768,1,1,3.0
8962,7692,1,1,3.0
8963,771,1,1,3.0
8964,780,1,1,3.0
8965,781,1,1,3.0
8966,782,1,1,3.0
8967,785,1,1,3.0
8968,7852,1,1,3.0
8969,787,1,1,3.0
8970,788,1,1,3.0
8971,791,1,1,3.0
8972,795,1,1,3.0
8973,797,1,1,3.0
8974,7cfn,1,1,3.0
8975,7xtq,1,1,3.0
8976,801,1,1,3.0
8977,802,1,1,3.0
8978,8039,1,1,3.0
8979,804,1,1,3.0
8980,809,1,1,3.0
8981,812,1,1,3.0
8982,813,1,1,3.0
8983,815,1,1,3.0
8984,8176,1,1,3.0
8985,819,1,1,3.0
8986,820,1,1,3.0
8987,82058,1,1,3.0
8988,821,1,1,3.0
8989,8217,1,1,3.0
8990,824,1,1,3.0
8991,828,1,1,3.0
8992,829,1,1,3.0
8993,831,1,1,3.0
8994,833,1,1,3.0
8995,8349,1,1,3.0
8996,835,1,1,3.0
8997,836,1,1,3.0
8998,838,1,1,3.0
8999,842,1,1,3.0
9000,843,1,1,3.0
9001,845,1,1,3.0
9002,846,1,1,3.0
9003,849,1,1,3.0
9004,851,1,1,3.0
9005,855,1,1,3.0
9006,857,1,1,3.0
9007,8598,1,1,3.0
9008,860,1,1,3.0
9009,861,1,1,3.0
9010,8610,1,1,3.0
9011,863,1,1,3.0
9012,864,1,1,3.0
9013,867,1,1,3.0
9014,8682,1,1,3.0
9015,871,1,1,3.0
9016,8715,1,1,3.0
9017,873,1,1,3.0
9018,877,1,1,3.0
9019,878,1,1,3.0
9020,879,1,1,3.0
9021,883,1,1,3.0
9022,885,1,1,3.0
9023,887,1,1,3.0
9024,889t,1,1,3.0
9025,890,1,1,3.0
9026,892,1,1,3.0
9027,8929,1,1,3.0
9028,893,1,1,3.0
9029,8969,1,1,3.0
9030,898,1,1,3.0
9031,901,1,1,3.0
9032,908,1,1,3.0
9033,909,1,1,3.0
9034,912,1,1,3.0
9035,916,1,1,3.0
9036,917,1,1,3.0
9037,918,1,1,3.0
9038,921,1,1,3.0
9039,922,1,1,3.0
9040,9222,1,1,3.0
9041,924,1,1,3.0
9042,930,1,1,3.0
9043,931,1,1,3.0
9044,936,1,1,3.0
9045,937,1,1,3.0
9046,940,1,1,3.0
9047,941,1,1,3.0
9048,943,1,1,3.0
9049,9493,1,1,3.0
9050,950,1,1,3.0
9051,952,1,1,3.0
9052,955,1,1,3.0
9053,9556,1,1,3.0
9054,9585,1,1,3.0
9055,961,1,1,3.0
9056,965,1,1,3.0
9057,966,1,1,3.0
9058,969,1,1,3.0
9059,970,1,1,3.0
9060,971,1,1,3.0
9061,973,1,1,3.0
9062,975,1,1,3.0
9063,977,1,1,3.0
9064,979,1,1,3.0
9065,9795,1,1,3.0
9066,986,1,1,3.0
9067,990,1,1,3.0
9068,9939,1,1,3.0
9069,996,1,1,3.0
9070,9981,1,1,3.0
9071,999,1,1,3.0
9072,9993,1,1,3.0
9073,9gyo,1,1,3.0
9074,a10,1,1,3.0
9075,a2,1,1,3.0
9076,a316t5,1,1,3.0
9077,aalen,1,1,3.0
9078,aasld,1,1,3.0
9079,abandon,1,1,3.0
9080,abbreviated,1,1,3.0
9081,abbreviations,1,1,3.0
9082,abbv,1,1,3.0
9083,abcg1,1,1,3.0
9084,aberration,1,1,3.0
9085,abilities,1,1,3.0
9086,abolishes,1,1,3.0
9087,abscesses,1,1,3.0
9088,absences,1,1,3.0
9089,absorbable,1,1,3.0
9090,abundances,1,1,3.0
9091,abuse,1,1,3.0
9092,acc,1,1,3.0
9093,accept,1,1,3.0
9094,accommodation,1,1,3.0
9095,accreditation,1,1,3.0
9096,accumbens,1,1,3.0
9097,acetatifactor,1,1,3.0
9098,acetyl,1,1,3.0
9099,acetylcholinesterase,1,1,3.0
9100,acidophilus,1,1,3.0
9101,acknowledged,1,1,3.0
9102,acknowledgment,1,1,3.0
9103,acn,1,1,3.0
9104,acne,1,1,3.0
9105,acp5,1,1,3.0
9106,acquainting,1,1,3.0
9107,acquired,1,1,3.0
9108,acquity,1,1,3.0
9109,acr,1,1,3.0
9110,acres,1,1,3.0
9111,acrs,1,1,3.0
9112,acryloxysuccinimide,1,1,3.0
9113,activatespparg,1,1,3.0
9114,activin,1,1,3.0
9115,actrn12625001011471,1,1,3.0
9116,actual,1,1,3.0
9117,actually,1,1,3.0
9118,acutalibacter,1,1,3.0
9119,acylated,1,1,3.0
9120,acylation,1,1,3.0
9121,ada,1,1,3.0
9122,adalimumab,1,1,3.0
9123,additively,1,1,3.0
9124,additives,1,1,3.0
9125,additivity,1,1,3.0
9126,adduct,1,1,3.0
9127,adeno,1,1,3.0
9128,adenoma,1,1,3.0
9129,adenomas,1,1,3.0
9130,adenovirus,1,1,3.0
9131,adenylate,1,1,3.0
9132,adenylyl,1,1,3.0
9133,adherents,1,1,3.0
9134,adhesions,1,1,3.0
9135,adipogenesis,1,1,3.0
9136,adiporenal,1,1,3.0
9137,adiposopathic,1,1,3.0
9138,adiposopathy,1,1,3.0
9139,adjacency,1,1,3.0
9140,adjudicated,1,1,3.0
9141,adme,1,1,3.0
9142,administering,1,1,3.0
9143,administrating,1,1,3.0
9144,administrations,1,1,3.0
9145,adminstration,1,1,3.0
9146,adopt,1,1,3.0
9147,adrenals,1,1,3.0
9148,adrenergic,1,1,3.0
9149,adrenocorticotropic,1,1,3.0
9150,adulthood,1,1,3.0
9151,advantaged,1,1,3.0
9152,adversely,1,1,3.0
9153,advisable,1,1,3.0
9154,advocacy,1,1,3.0
9155,aersmine,1,1,3.0
9156,affective,1,1,3.0
9157,affiliated,1,1,3.0
9158,affirming,1,1,3.0
9159,affording,1,1,3.0
9160,aforementioned,1,1,3.0
9161,africa,1,1,3.0
9162,afterward,1,1,3.0
9163,again,1,1,3.0
9164,agentic,1,1,3.0
9165,agglomerative,1,1,3.0
9166,aggravating,1,1,3.0
9167,aglycone,1,1,3.0
9168,agnostic,1,1,3.0
9169,agouti,1,1,3.0
9170,agranulocytosis,1,1,3.0
9171,agreed,1,1,3.0
9172,agreements,1,1,3.0
9173,ahead,1,1,3.0
9174,aids,1,1,3.0
9175,aifa,1,1,3.0
9176,aim2,1,1,3.0
9177,ain,1,1,3.0
9178,akaike,1,1,3.0
9179,aks,1,1,3.0
9180,akt308,1,1,3.0
9181,akt473,1,1,3.0
9182,alan,1,1,3.0
9183,alba,1,1,3.0
9184,albiglutide,1,1,3.0
9185,albino,1,1,3.0
9186,albumen,1,1,3.0
9187,albuminuric,1,1,3.0
9188,alike,1,1,3.0
9189,alikes,1,1,3.0
9190,alistipes,1,1,3.0
9191,alkaloid,1,1,3.0
9192,alkaloids,1,1,3.0
9193,alkbh5,1,1,3.0
9194,allergic,1,1,3.0
9195,allied,1,1,3.0
9196,allodynia,1,1,3.0
9197,alloprevotella,1,1,3.0
9198,alogliptin,1,1,3.0
9199,alpinia,1,1,3.0
9200,alteration,1,1,3.0
9201,alternate,1,1,3.0
9202,alternatively,1,1,3.0
9203,altitudinal,1,1,3.0
9204,altogether,1,1,3.0
9205,alum,1,1,3.0
9206,aluminum,1,1,3.0
9207,am,1,1,3.0
9208,ambient,1,1,3.0
9209,ambitious,1,1,3.0
9210,amelioration,1,1,3.0
9211,ameliorative,1,1,3.0
9212,americans,1,1,3.0
9213,ameroid,1,1,3.0
9214,amid,1,1,3.0
9215,aminopropionitrile,1,1,3.0
9216,amounted,1,1,3.0
9217,amounts,1,1,3.0
9218,ampkα,1,1,3.0
9219,amplicon,1,1,3.0
9220,amplifier,1,1,3.0
9221,amplifiers,1,1,3.0
9222,amyloidogenic,1,1,3.0
9223,anaesthetic,1,1,3.0
9224,anaesthetist,1,1,3.0
9225,analgesic,1,1,3.0
9226,analgesics,1,1,3.0
9227,analyser,1,1,3.0
9228,analyte,1,1,3.0
9229,analytes,1,1,3.0
9230,analyzing,1,1,3.0
9231,anastomosis,1,1,3.0
9232,anatomy,1,1,3.0
9233,anchored,1,1,3.0
9234,anchoring,1,1,3.0
9235,andreducing,1,1,3.0
9236,androgenetic,1,1,3.0
9237,anecdotal,1,1,3.0
9238,anecdotally,1,1,3.0
9239,anecdotes,1,1,3.0
9240,anesthesiologist,1,1,3.0
9241,anesthesiologists,1,1,3.0
9242,anesthesiology,1,1,3.0
9243,aneurysm,1,1,3.0
9244,angptl3,1,1,3.0
9245,anguilla,1,1,3.0
9246,anhydroglucitol,1,1,3.0
9247,anisotropic,1,1,3.0
9248,annotate,1,1,3.0
9249,annulated,1,1,3.0
9250,annum,1,1,3.0
9251,anomalies,1,1,3.0
9252,anonymised,1,1,3.0
9253,anorectic,1,1,3.0
9254,anova,1,1,3.0
9255,anp,1,1,3.0
9256,answer,1,1,3.0
9257,antagonize,1,1,3.0
9258,anthocyanin,1,1,3.0
9259,anthracyclines,1,1,3.0
9260,antiaging,1,1,3.0
9261,antiandrogen,1,1,3.0
9262,antiapoptotic,1,1,3.0
9263,antiatherosclerotic,1,1,3.0
9264,anticipate,1,1,3.0
9265,anticoagulation,1,1,3.0
9266,antidementia,1,1,3.0
9267,antidiuretic,1,1,3.0
9268,antiepileptic,1,1,3.0
9269,antiepileptics,1,1,3.0
9270,antiepileptogenesis,1,1,3.0
9271,antigravity,1,1,3.0
9272,antihyperglycemics,1,1,3.0
9273,antiinflammatory,1,1,3.0
9274,antimicrobial,1,1,3.0
9275,antimigraine,1,1,3.0
9276,antimycin,1,1,3.0
9277,antinociception,1,1,3.0
9278,antioxid,1,1,3.0
9279,antiparkinsonian,1,1,3.0
9280,antiplatelet,1,1,3.0
9281,antiretrovirals,1,1,3.0
9282,antithyroid,1,1,3.0
9283,anzctr,1,1,3.0
9284,aphasia,1,1,3.0
9285,apical,1,1,3.0
9286,apigenin,1,1,3.0
9287,apoc,1,1,3.0
9288,apparently,1,1,3.0
9289,appendicular,1,1,3.0
9290,appendix,1,1,3.0
9291,apple,1,1,3.0
9292,apply,1,1,3.0
9293,appointments,1,1,3.0
9294,appreciation,1,1,3.0
9295,apprehension,1,1,3.0
9296,approaching,1,1,3.0
9297,approximate,1,1,3.0
9298,approximately22,1,1,3.0
9299,apremilast,1,1,3.0
9300,arabinoxylan,1,1,3.0
9301,arbor,1,1,3.0
9302,architectures,1,1,3.0
9303,arcuate,1,1,3.0
9304,arg1,1,1,3.0
9305,arginine,1,1,3.0
9306,argon,1,1,3.0
9307,arguing,1,1,3.0
9308,argumentation,1,1,3.0
9309,arguments,1,1,3.0
9310,aries,1,1,3.0
9311,arisen,1,1,3.0
9312,arksey,1,1,3.0
9313,armed,1,1,3.0
9314,arni,1,1,3.0
9315,aronchick,1,1,3.0
9316,arrangements,1,1,3.0
9317,arrays,1,1,3.0
9318,arteries,1,1,3.0
9319,arthropathies,1,1,3.0
9320,arthroplasties,1,1,3.0
9321,artichokes,1,1,3.0
9322,articular,1,1,3.0
9323,articulates,1,1,3.0
9324,asa24,1,1,3.0
9325,asan,1,1,3.0
9326,asc,1,1,3.0
9327,ascertainment,1,1,3.0
9328,asjof,1,1,3.0
9329,asn0000001061,1,1,3.0
9330,asos,1,1,3.0
9331,aspart,1,1,3.0
9332,aspirate,1,1,3.0
9333,aspirational,1,1,3.0
9334,aspro,1,1,3.0
9335,asrs,1,1,3.0
9336,assessable,1,1,3.0
9337,assessors,1,1,3.0
9338,associating,1,1,3.0
9339,associational,1,1,3.0
9340,assume,1,1,3.0
9341,assurance,1,1,3.0
9342,astaxanthin,1,1,3.0
9343,astrocytopathy,1,1,3.0
9344,astroglial,1,1,3.0
9345,astronauts,1,1,3.0
9346,at1r,1,1,3.0
9347,atf4,1,1,3.0
9348,atlas,1,1,3.0
9349,atom,1,1,3.0
9350,atonia,1,1,3.0
9351,atraumatic,1,1,3.0
9352,atrium,1,1,3.0
9353,atrogenes,1,1,3.0
9354,attaining,1,1,3.0
9355,attend,1,1,3.0
9356,attendant,1,1,3.0
9357,attraction,1,1,3.0
9358,attractions,1,1,3.0
9359,attractiveness,1,1,3.0
9360,attrited,1,1,3.0
9361,atypica,1,1,3.0
9362,audit,1,1,3.0
9363,auditory,1,1,3.0
9364,aug,1,1,3.0
9365,aurum,1,1,3.0
9366,australian,1,1,3.0
9367,authorizations,1,1,3.0
9368,authorship,1,1,3.0
9369,autodock,1,1,3.0
9370,autofluorescence,1,1,3.0
9371,autonomously,1,1,3.0
9372,autophagosome,1,1,3.0
9373,autosomal,1,1,3.0
9374,avalanche,1,1,3.0
9375,avenciguat,1,1,3.0
9376,averaged,1,1,3.0
9377,avoided,1,1,3.0
9378,avoiding,1,1,3.0
9379,await,1,1,3.0
9380,awaited,1,1,3.0
9381,axons,1,1,3.0
9382,ayushman,1,1,3.0
9383,azd6234,1,1,3.0
9384,aβ40,1,1,3.0
9385,aβ42,1,1,3.0
9386,b100,1,1,3.0
9387,b2,1,1,3.0
9388,b48,1,1,3.0
9389,back,1,1,3.0
9390,backgroundadults,1,1,3.0
9391,backgroundlimited,1,1,3.0
9392,backgrounds,1,1,3.0
9393,backing,1,1,3.0
9394,backup,1,1,3.0
9395,backward,1,1,3.0
9396,bacteroidaceae,1,1,3.0
9397,balf,1,1,3.0
9398,balloon,1,1,3.0
9399,balloons,1,1,3.0
9400,bardet,1,1,3.0
9401,baricitinib,1,1,3.0
9402,baron,1,1,3.0
9403,barring,1,1,3.0
9404,basement,1,1,3.0
9405,baxdrostat,1,1,3.0
9406,bcpnn,1,1,3.0
9407,bear,1,1,3.0
9408,beats,1,1,3.0
9409,beauchamp,1,1,3.0
9410,becomes,1,1,3.0
9411,beds,1,1,3.0
9412,beforehand,1,1,3.0
9413,begg,1,1,3.0
9414,begin,1,1,3.0
9415,begins,1,1,3.0
9416,beh,1,1,3.0
9417,behaves,1,1,3.0
9418,behaviorally,1,1,3.0
9419,behind,1,1,3.0
9420,beige,1,1,3.0
9421,beiging,1,1,3.0
9422,belief,1,1,3.0
9423,bempedoic,1,1,3.0
9424,benchmarked,1,1,3.0
9425,benchmarking,1,1,3.0
9426,bending,1,1,3.0
9427,beneficially,1,1,3.0
9428,beneficiary,1,1,3.0
9429,benzoate,1,1,3.0
9430,benzoyl,1,1,3.0
9431,berberis,1,1,3.0
9432,besides,1,1,3.0
9433,bestmed,1,1,3.0
9434,bh2,1,1,3.0
9435,bh4,1,1,3.0
9436,bharat,1,1,3.0
9437,bhbe,1,1,3.0
9438,biases,1,1,3.0
9439,bibliographic,1,1,3.0
9440,bibliographies,1,1,3.0
9441,bibliometrix,1,1,3.0
9442,biedl,1,1,3.0
9443,bihor,1,1,3.0
9444,biib122,1,1,3.0
9445,bilaterally,1,1,3.0
9446,bilayer,1,1,3.0
9447,biliopancreatic,1,1,3.0
9448,billed,1,1,3.0
9449,bimekizumab,1,1,3.0
9450,bimonthly,1,1,3.0
9451,bio,1,1,3.0
9452,bioaccumulation,1,1,3.0
9453,biocompatibility,1,1,3.0
9454,biocompatible,1,1,3.0
9455,biodistribution,1,1,3.0
9456,bioequivalent,1,1,3.0
9457,bioethical,1,1,3.0
9458,biofilm,1,1,3.0
9459,biomedical,1,1,3.0
9460,biopharmaceuticals,1,1,3.0
9461,bioresources,1,1,3.0
9462,biosafe,1,1,3.0
9463,biosciences,1,1,3.0
9464,biotics,1,1,3.0
9465,bis,1,1,3.0
9466,bisdemethoxycurcumin,1,1,3.0
9467,bispebjerg,1,1,3.0
9468,bistable,1,1,3.0
9469,bisulfite,1,1,3.0
9470,bivalent,1,1,3.0
9471,bivariate,1,1,3.0
9472,bl,1,1,3.0
9473,blackcurrants,1,1,3.0
9474,blanket,1,1,3.0
9475,blanking,1,1,3.0
9476,blautia,1,1,3.0
9477,bled,1,1,3.0
9478,blend,1,1,3.0
9479,blinder,1,1,3.0
9480,blinding,1,1,3.0
9481,blistering,1,1,3.0
9482,block,1,1,3.0
9483,blockbuster,1,1,3.0
9484,blurred,1,1,3.0
9485,bmdm,1,1,3.0
9486,bmdms,1,1,3.0
9487,bmj,1,1,3.0
9488,bmsc,1,1,3.0
9489,bmscs,1,1,3.0
9490,boehringer,1,1,3.0
9491,boltz,1,1,3.0
9492,boltzmann,1,1,3.0
9493,bones,1,1,3.0
9494,boolean,1,1,3.0
9495,boost,1,1,3.0
9496,boosters,1,1,3.0
9497,boosting,1,1,3.0
9498,boston,1,1,3.0
9499,bothersome,1,1,3.0
9500,bottlenecks,1,1,3.0
9501,botulinum,1,1,3.0
9502,bounded,1,1,3.0
9503,bradford,1,1,3.0
9504,brakes,1,1,3.0
9505,branched,1,1,3.0
9506,branching,1,1,3.0
9507,brand,1,1,3.0
9508,branding,1,1,3.0
9509,brdu,1,1,3.0
9510,breadth,1,1,3.0
9511,break,1,1,3.0
9512,bred,1,1,3.0
9513,bridges,1,1,3.0
9514,brief,1,1,3.0
9515,brightness,1,1,3.0
9516,bring,1,1,3.0
9517,brings,1,1,3.0
9518,british,1,1,3.0
9519,broadening,1,1,3.0
9520,bronchial,1,1,3.0
9521,bronchoalveolar,1,1,3.0
9522,browning,1,1,3.0
9523,bsep,1,1,3.0
9524,bshs,1,1,3.0
9525,budgetary,1,1,3.0
9526,buffered,1,1,3.0
9527,buffering,1,1,3.0
9528,build,1,1,3.0
9529,bulimia,1,1,3.0
9530,bulk,1,1,3.0
9531,bulky,1,1,3.0
9532,bullous,1,1,3.0
9533,burdens,1,1,3.0
9534,burdensome,1,1,3.0
9535,bursts,1,1,3.0
9536,butyricum,1,1,3.0
9537,bv,1,1,3.0
9538,bydureon,1,1,3.0
9539,byproducts,1,1,3.0
9540,bystander,1,1,3.0
9541,c18,1,1,3.0
9542,c25,1,1,3.0
9543,c64,1,1,3.0
9544,c65,1,1,3.0
9545,ca19,1,1,3.0
9546,cacl₂,1,1,3.0
9547,cadence,1,1,3.0
9548,cadro,1,1,3.0
9549,caecicola,1,1,3.0
9550,caffeine,1,1,3.0
9551,cag,1,1,3.0
9552,cairo,1,1,3.0
9553,cajal,1,1,3.0
9554,calcified,1,1,3.0
9555,calculation,1,1,3.0
9556,calculations,1,1,3.0
9557,calculators,1,1,3.0
9558,calculous,1,1,3.0
9559,calf,1,1,3.0
9560,calibrations,1,1,3.0
9561,caliper,1,1,3.0
9562,callers,1,1,3.0
9563,calprotectin,1,1,3.0
9564,calvarial,1,1,3.0
9565,cam,1,1,3.0
9566,camkii,1,1,3.0
9567,canadensis,1,1,3.0
9568,canakinumab,1,1,3.0
9569,cannabidiol,1,1,3.0
9570,cannabinoid,1,1,3.0
9571,capabilities,1,1,3.0
9572,capillaritis,1,1,3.0
9573,capita,1,1,3.0
9574,capitated,1,1,3.0
9575,capnography,1,1,3.0
9576,caprylic,1,1,3.0
9577,caps,1,1,3.0
9578,capsaicin,1,1,3.0
9579,car,1,1,3.0
9580,carboxy,1,1,3.0
9581,carboxylation,1,1,3.0
9582,carcass,1,1,3.0
9583,carcinogens,1,1,3.0
9584,cardamic,1,1,3.0
9585,cardiohepatorenal,1,1,3.0
9586,cardiokidney,1,1,3.0
9587,cardiolink,1,1,3.0
9588,cardiolipin,1,1,3.0
9589,cardiorenometabolic,1,1,3.0
9590,cardiorenoprotective,1,1,3.0
9591,cardiotoxicity,1,1,3.0
9592,cards,1,1,3.0
9593,caring,1,1,3.0
9594,cariogenic,1,1,3.0
9595,carlo,1,1,3.0
9596,carnitine,1,1,3.0
9597,carrierfamily,1,1,3.0
9598,cart,1,1,3.0
9599,casein,1,1,3.0
9600,cast,1,1,3.0
9601,cat,1,1,3.0
9602,catalase,1,1,3.0
9603,catalogue,1,1,3.0
9604,cataloguing,1,1,3.0
9605,catalyzed,1,1,3.0
9606,cataracts,1,1,3.0
9607,catechol,1,1,3.0
9608,categorically,1,1,3.0
9609,categorize,1,1,3.0
9610,catheterization,1,1,3.0
9611,cationic,1,1,3.0
9612,cations,1,1,3.0
9613,causally,1,1,3.0
9614,cautionary,1,1,3.0
9615,caveolae,1,1,3.0
9616,caveolin,1,1,3.0
9617,ca²,1,1,3.0
9618,cb1r,1,1,3.0
9619,cbm,1,1,3.0
9620,ccaat,1,1,3.0
9621,ccr2,1,1,3.0
9622,cd11b,1,1,3.0
9623,cd38,1,1,3.0
9624,cd39,1,1,3.0
9625,cd4,1,1,3.0
9626,cd68,1,1,3.0
9627,cd73,1,1,3.0
9628,cd8,1,1,3.0
9629,cd80,1,1,3.0
9630,cd86,1,1,3.0
9631,cdca,1,1,3.0
9632,cdyn,1,1,3.0
9633,cea,1,1,3.0
9634,cebq,1,1,3.0
9635,cect,1,1,3.0
9636,cellularity,1,1,3.0
9637,cellulitis,1,1,3.0
9638,cellulose,1,1,3.0
9639,censored,1,1,3.0
9640,centerpiece,1,1,3.0
9641,ceramide,1,1,3.0
9642,ceramides,1,1,3.0
9643,cerebrospinal,1,1,3.0
9644,cerevisiae,1,1,3.0
9645,certification,1,1,3.0
9646,certolizumab,1,1,3.0
9647,cesarean,1,1,3.0
9648,cetyl,1,1,3.0
9649,cfar,1,1,3.0
9650,cftr,1,1,3.0
9651,cfu,1,1,3.0
9652,chaining,1,1,3.0
9653,chains,1,1,3.0
9654,chalcogrammus,1,1,3.0
9655,chalcone,1,1,3.0
9656,championing,1,1,3.0
9657,characterisation,1,1,3.0
9658,characterises,1,1,3.0
9659,characterizes,1,1,3.0
9660,characterizing,1,1,3.0
9661,charged,1,1,3.0
9662,charlson,1,1,3.0
9663,charts,1,1,3.0
9664,checks,1,1,3.0
9665,cheeks,1,1,3.0
9666,chelation,1,1,3.0
9667,chemoattractant,1,1,3.0
9668,chemoprevention,1,1,3.0
9669,chemopreventive,1,1,3.0
9670,chemosensing,1,1,3.0
9671,chemosensitivity,1,1,3.0
9672,ches,1,1,3.0
9673,cheung,1,1,3.0
9674,chewing,1,1,3.0
9675,chicory,1,1,3.0
9676,chictr,1,1,3.0
9677,chictr2500111569,1,1,3.0
9678,chictr2600116148,1,1,3.0
9679,chictr2600123803,1,1,3.0
9680,chiglitazar,1,1,3.0
9681,childbearing,1,1,3.0
9682,childress,1,1,3.0
9683,chinensis,1,1,3.0
9684,chitosan,1,1,3.0
9685,chlorhexidine,1,1,3.0
9686,chloride,1,1,3.0
9687,chlorpromazine,1,1,3.0
9688,choices,1,1,3.0
9689,cholangiopancreatography,1,1,3.0
9690,cholecalciferol,1,1,3.0
9691,cholestasis,1,1,3.0
9692,cholic,1,1,3.0
9693,chondrocytes,1,1,3.0
9694,chondroprotective,1,1,3.0
9695,choosing,1,1,3.0
9696,chorionic,1,1,3.0
9697,chosen,1,1,3.0
9698,chrebp,1,1,3.0
9699,christensenella,1,1,3.0
9700,chromium,1,1,3.0
9701,chronification,1,1,3.0
9702,cicatricial,1,1,3.0
9703,cigarette,1,1,3.0
9704,ciliopathy,1,1,3.0
9705,cinema,1,1,3.0
9706,cinnamon,1,1,3.0
9707,circulations,1,1,3.0
9708,circumflex,1,1,3.0
9709,circumventricular,1,1,3.0
9710,cisplatin,1,1,3.0
9711,cite,1,1,3.0
9712,citespace,1,1,3.0
9713,citizens,1,1,3.0
9714,ckms,1,1,3.0
9715,cl,1,1,3.0
9716,clad,1,1,3.0
9717,clarification,1,1,3.0
9718,clarifies,1,1,3.0
9719,clarivate,1,1,3.0
9720,classifiable,1,1,3.0
9721,classifications,1,1,3.0
9722,claudin,1,1,3.0
9723,clazakizumab,1,1,3.0
9724,clean,1,1,3.0
9725,cleared,1,1,3.0
9726,clearest,1,1,3.0
9727,cleavage,1,1,3.0
9728,cleaved,1,1,3.0
9729,click,1,1,3.0
9730,climate,1,1,3.0
9731,clindamycin,1,1,3.0
9732,clinformatics,1,1,3.0
9733,clinicaltrialsregister,1,1,3.0
9734,clinico,1,1,3.0
9735,clinicopathological,1,1,3.0
9736,clinics,1,1,3.0
9737,clocks,1,1,3.0
9738,clomiphene,1,1,3.0
9739,clonal,1,1,3.0
9740,clonazepam,1,1,3.0
9741,clone,1,1,3.0
9742,closest,1,1,3.0
9743,clostridiaceae,1,1,3.0
9744,clp,1,1,3.0
9745,cm2,1,1,3.0
9746,cmr,1,1,3.0
9747,cmtb,1,1,3.0
9748,cnki,1,1,3.0
9749,co2e,1,1,3.0
9750,coacervate,1,1,3.0
9751,coacervates,1,1,3.0
9752,coaches,1,1,3.0
9753,coagulation,1,1,3.0
9754,coagulopathy,1,1,3.0
9755,coating,1,1,3.0
9756,coders,1,1,3.0
9757,coefficient,1,1,3.0
9758,coercion,1,1,3.0
9759,cognition,1,1,3.0
9760,cohesion,1,1,3.0
9761,coincided,1,1,3.0
9762,col1a1,1,1,3.0
9763,collaborating,1,1,3.0
9764,collaborations,1,1,3.0
9765,collapsing,1,1,3.0
9766,collating,1,1,3.0
9767,colleagues,1,1,3.0
9768,college,1,1,3.0
9769,collinsella,1,1,3.0
9770,colloidal,1,1,3.0
9771,colocalization,1,1,3.0
9772,columbia,1,1,3.0
9773,column,1,1,3.0
9774,columns,1,1,3.0
9775,coma,1,1,3.0
9776,combat,1,1,3.0
9777,combinatorial,1,1,3.0
9778,comisa,1,1,3.0
9779,commend,1,1,3.0
9780,commended,1,1,3.0
9781,commensals,1,1,3.0
9782,comment,1,1,3.0
9783,comments,1,1,3.0
9784,commissioned,1,1,3.0
9785,committees,1,1,3.0
9786,committing,1,1,3.0
9787,communicatively,1,1,3.0
9788,comparably,1,1,3.0
9789,compartmental,1,1,3.0
9790,compartmentalization,1,1,3.0
9791,compass,1,1,3.0
9792,compels,1,1,3.0
9793,compendium,1,1,3.0
9794,competency,1,1,3.0
9795,competition,1,1,3.0
9796,compiled,1,1,3.0
9797,complementarily,1,1,3.0
9798,complemented,1,1,3.0
9799,complementing,1,1,3.0
9800,completeness,1,1,3.0
9801,complicates,1,1,3.0
9802,complies,1,1,3.0
9803,composed,1,1,3.0
9804,composites,1,1,3.0
9805,compositi,1,1,3.0
9806,compositional,1,1,3.0
9807,comprehension,1,1,3.0
9808,compressing,1,1,3.0
9809,compressive,1,1,3.0
9810,compromise,1,1,3.0
9811,computable,1,1,3.0
9812,computatıonal,1,1,3.0
9813,computerized,1,1,3.0
9814,conceals,1,1,3.0
9815,concentrate,1,1,3.0
9816,concentric,1,1,3.0
9817,conceptualisation,1,1,3.0
9818,conceptualization,1,1,3.0
9819,conceptualizations,1,1,3.0
9820,conceptualize,1,1,3.0
9821,conceptualizes,1,1,3.0
9822,concise,1,1,3.0
9823,concluded,1,1,3.0
9824,concluding,1,1,3.0
9825,conclusionexternal,1,1,3.0
9826,conclusionglp,1,1,3.0
9827,conclusionin,1,1,3.0
9828,conclusionperioperative,1,1,3.0
9829,conclusionspharmacovigilance,1,1,3.0
9830,conclusionsthe,1,1,3.0
9831,concordance,1,1,3.0
9832,conditioning,1,1,3.0
9833,conduct,1,1,3.0
9834,conduction,1,1,3.0
9835,conductive,1,1,3.0
9836,conferences,1,1,3.0
9837,confersuperior,1,1,3.0
9838,confines,1,1,3.0
9839,confirmatory,1,1,3.0
9840,conflicts,1,1,3.0
9841,conformationally,1,1,3.0
9842,confronting,1,1,3.0
9843,confusa,1,1,3.0
9844,confusion,1,1,3.0
9845,congeners,1,1,3.0
9846,congress,1,1,3.0
9847,connection,1,1,3.0
9848,connections,1,1,3.0
9849,connectivity,1,1,3.0
9850,conscious,1,1,3.0
9851,consented,1,1,3.0
9852,conservation,1,1,3.0
9853,considers,1,1,3.0
9854,consolidated,1,1,3.0
9855,consolidates,1,1,3.0
9856,consort,1,1,3.0
9857,consortia,1,1,3.0
9858,conspire,1,1,3.0
9859,constituent,1,1,3.0
9860,constitutively,1,1,3.0
9861,constrains,1,1,3.0
9862,constraint,1,1,3.0
9863,constrictor,1,1,3.0
9864,constructing,1,1,3.0
9865,construction,1,1,3.0
9866,constructions,1,1,3.0
9867,consultations,1,1,3.0
9868,contemplating,1,1,3.0
9869,contested,1,1,3.0
9870,contextualization,1,1,3.0
9871,contextualized,1,1,3.0
9872,contingent,1,1,3.0
9873,continual,1,1,3.0
9874,contour,1,1,3.0
9875,contraceptives,1,1,3.0
9876,contracted,1,1,3.0
9877,contracts,1,1,3.0
9878,contradict,1,1,3.0
9879,contralateral,1,1,3.0
9880,contransporter,1,1,3.0
9881,contrasted,1,1,3.0
9882,control2,1,1,3.0
9883,convenience,1,1,3.0
9884,convenient,1,1,3.0
9885,converges,1,1,3.0
9886,conversions,1,1,3.0
9887,convertase,1,1,3.0
9888,cooperative,1,1,3.0
9889,coordinately,1,1,3.0
9890,copay,1,1,3.0
9891,copenhagen,1,1,3.0
9892,coping,1,1,3.0
9893,coproporphyrin,1,1,3.0
9894,coptis,1,1,3.0
9895,coq10,1,1,3.0
9896,cor,1,1,3.0
9897,cord,1,1,3.0
9898,cornerstones,1,1,3.0
9899,coronavirus,1,1,3.0
9900,corporation,1,1,3.0
9901,correlating,1,1,3.0
9902,correlational,1,1,3.0
9903,correlative,1,1,3.0
9904,correspond,1,1,3.0
9905,corroborates,1,1,3.0
9906,corticosterone,1,1,3.0
9907,cortisol,1,1,3.0
9908,cough,1,1,3.0
9909,coulomb,1,1,3.0
9910,council,1,1,3.0
9911,counsel,1,1,3.0
9912,counseled,1,1,3.0
9913,counteracted,1,1,3.0
9914,counterbalance,1,1,3.0
9915,counterbalanced,1,1,3.0
9916,countermeasure,1,1,3.0
9917,county,1,1,3.0
9918,courses,1,1,3.0
9919,cov,1,1,3.0
9920,covariance,1,1,3.0
9921,covariate,1,1,3.0
9922,co₂e,1,1,3.0
9923,cpg,1,1,3.0
9924,cpt,1,1,3.0
9925,cpt1,1,1,3.0
9926,cradle,1,1,3.0
9927,craniopharyngioma,1,1,3.0
9928,crates,1,1,3.0
9929,crd42023473875,1,1,3.0
9930,crd42024505558,1,1,3.0
9931,crd420251024082,1,1,3.0
9932,crd420251034652,1,1,3.0
9933,crd420251074381,1,1,3.0
9934,crd420251077729,1,1,3.0
9935,crd420251079970,1,1,3.0
9936,crd420251110220,1,1,3.0
9937,crd420251130232,1,1,3.0
9938,crd420251139475,1,1,3.0
9939,crd420251149266,1,1,3.0
9940,crd420251155026,1,1,3.0
9941,crd420251162316,1,1,3.0
9942,crd420251176164,1,1,3.0
9943,crd420251183938,1,1,3.0
9944,crd420251231137,1,1,3.0
9945,crd420251270326,1,1,3.0
9946,crd42025644064,1,1,3.0
9947,crd42025645378,1,1,3.0
9948,crd420261279841,1,1,3.0
9949,crd420261320374,1,1,3.0
9950,crd420261320840,1,1,3.0
9951,crd420261321430,1,1,3.0
9952,crd420261352699,1,1,3.0
9953,crd420261354941,1,1,3.0
9954,crd420261360886,1,1,3.0
9955,crd420261385854,1,1,3.0
9956,crd420261414637,1,1,3.0
9957,creation,1,1,3.0
9958,credence,1,1,3.0
9959,creert2,1,1,3.0
9960,cris,1,1,3.0
9961,crispatus,1,1,3.0
9962,crispr,1,1,3.0
9963,critiques,1,1,3.0
9964,crossbred,1,1,3.0
9965,crossed,1,1,3.0
9966,crosslink,1,1,3.0
9967,crosslinking,1,1,3.0
9968,crush,1,1,3.0
9969,crv431,1,1,3.0
9970,crystal,1,1,3.0
9971,csa,1,1,3.0
9972,ctn,1,1,3.0
9973,ctr20233198,1,1,3.0
9974,cubic,1,1,3.0
9975,cug,1,1,3.0
9976,culprit,1,1,3.0
9977,cultivar,1,1,3.0
9978,cultivars,1,1,3.0
9979,culturally,1,1,3.0
9980,cultured,1,1,3.0
9981,cuprizone,1,1,3.0
9982,cur,1,1,3.0
9983,curated,1,1,3.0
9984,currents,1,1,3.0
9985,curriculum,1,1,3.0
9986,custom,1,1,3.0
9987,cutoff,1,1,3.0
9988,cwe,1,1,3.0
9989,cxcr4,1,1,3.0
9990,cy,1,1,3.0
9991,cyano,1,1,3.0
9992,cyanocobalamin,1,1,3.0
9993,cyclin,1,1,3.0
9994,cycling,1,1,3.0
9995,cyclization,1,1,3.0
9996,cyp,1,1,3.0
9997,cyp2c9,1,1,3.0
9998,cyp7a1,1,1,3.0
9999,cyrtonema,1,1,3.0
10000,cyst,1,1,3.0
10001,cystatin,1,1,3.0
10002,cytoarchitecture,1,1,3.0
10003,cytokeratin,1,1,3.0
10004,cytoplasm,1,1,3.0
10005,cytoprotective,1,1,3.0
10006,cytotoxicity,1,1,3.0
10007,d1,1,1,3.0
10008,d3,1,1,3.0
10009,damaging,1,1,3.0
10010,dampen,1,1,3.0
10011,dampening,1,1,3.0
10012,dampens,1,1,3.0
10013,dapa,1,1,3.0
10014,dapi,1,1,3.0
10015,daprodustat,1,1,3.0
10016,datalink,1,1,3.0
10017,dc,1,1,3.0
10018,dcct,1,1,3.0
10019,ddi,1,1,3.0
10020,ddis,1,1,3.0
10021,ddp,1,1,3.0
10022,deactivation,1,1,3.0
10023,debated,1,1,3.0
10024,deceleration,1,1,3.0
10025,decisive,1,1,3.0
10026,declaration,1,1,3.0
10027,declaring,1,1,3.0
10028,declining,1,1,3.0
10029,decode,1,1,3.0
10030,decomposed,1,1,3.0
10031,decompression,1,1,3.0
10032,decongestants,1,1,3.0
10033,decongestion,1,1,3.0
10034,deconjugation,1,1,3.0
10035,decoration,1,1,3.0
10036,decoupling,1,1,3.0
10037,dedoose,1,1,3.0
10038,deduplicated,1,1,3.0
10039,deemed,1,1,3.0
10040,defaults,1,1,3.0
10041,defences,1,1,3.0
10042,defended,1,1,3.0
10043,defensible,1,1,3.0
10044,defines,1,1,3.0
10045,definite,1,1,3.0
10046,defocus,1,1,3.0
10047,degraded,1,1,3.0
10048,dehydroepiandrosterone,1,1,3.0
10049,deintensification,1,1,3.0
10050,delegate,1,1,3.0
10051,deleted,1,1,3.0
10052,deliberate,1,1,3.0
10053,delineating,1,1,3.0
10054,delineation,1,1,3.0
10055,delocalized,1,1,3.0
10056,delphinidin,1,1,3.0
10057,demethoxycurcumin,1,1,3.0
10058,demethylase,1,1,3.0
10059,demográfica,1,1,3.0
10060,demonstrable,1,1,3.0
10061,demoted,1,1,3.0
10062,demyelination,1,1,3.0
10063,denaturant,1,1,3.0
10064,denifanstat,1,1,3.0
10065,deoxycalyxin,1,1,3.0
10066,deoxyribonucleic,1,1,3.0
10067,depleted,1,1,3.0
10068,deployable,1,1,3.0
10069,deployed,1,1,3.0
10070,depolarization,1,1,3.0
10071,deposits,1,1,3.0
10072,deprivation,1,1,3.0
10073,derives,1,1,3.0
10074,dermatologist,1,1,3.0
10075,dermatosis,1,1,3.0
10076,dermis,1,1,3.0
10077,dersimonian,1,1,3.0
10078,desaturation,1,1,3.0
10079,desc,1,1,3.0
10080,descending,1,1,3.0
10081,descriptors,1,1,3.0
10082,desensitization,1,1,3.0
10083,deserve,1,1,3.0
10084,desiccation,1,1,3.0
10085,designated,1,1,3.0
10086,destabilization,1,1,3.0
10087,destabilizes,1,1,3.0
10088,detectably,1,1,3.0
10089,detent,1,1,3.0
10090,deteriorate,1,1,3.0
10091,deteriorates,1,1,3.0
10092,determination,1,1,3.0
10093,detrimental,1,1,3.0
10094,devastating,1,1,3.0
10095,developers,1,1,3.0
10096,deviations,1,1,3.0
10097,dexa,1,1,3.0
10098,dexcom,1,1,3.0
10099,dextran,1,1,3.0
10100,dextromethorphan,1,1,3.0
10101,dextrose,1,1,3.0
10102,dfa,1,1,3.0
10103,dfs,1,1,3.0
10104,dia,1,1,3.0
10105,diabetics,1,1,3.0
10106,diabetogenic,1,1,3.0
10107,diabetologia,1,1,3.0
10108,diabetology,1,1,3.0
10109,diadema,1,1,3.0
10110,diagnose,1,1,3.0
10111,dialysate,1,1,3.0
10112,dialyzing,1,1,3.0
10113,diamidino,1,1,3.0
10114,diap,1,1,3.0
10115,diaphoresis,1,1,3.0
10116,diary,1,1,3.0
10117,diarylheptanoids,1,1,3.0
10118,dichotomized,1,1,3.0
10119,dictate,1,1,3.0
10120,dictated,1,1,3.0
10121,diene,1,1,3.0
10122,differentiate,1,1,3.0
10123,differentiates,1,1,3.0
10124,differentiator,1,1,3.0
10125,differently,1,1,3.0
10126,difficulty,1,1,3.0
10127,difluoroacetic,1,1,3.0
10128,digesting,1,1,3.0
10129,digit,1,1,3.0
10130,dihydrobiopterin,1,1,3.0
10131,dihydrotestosterone,1,1,3.0
10132,dilator,1,1,3.0
10133,dilute,1,1,3.0
10134,dilution,1,1,3.0
10135,dimensionality,1,1,3.0
10136,dimethyl,1,1,3.0
10137,dimethylformamide,1,1,3.0
10138,dimorphic,1,1,3.0
10139,dims,1,1,3.0
10140,dip,1,1,3.0
10141,diploma,1,1,3.0
10142,directing,1,1,3.0
10143,directory,1,1,3.0
10144,directs,1,1,3.0
10145,dis,1,1,3.0
10146,disadvantage,1,1,3.0
10147,disadvantaged,1,1,3.0
10148,disagree,1,1,3.0
10149,disagreement,1,1,3.0
10150,disambiguate,1,1,3.0
10151,disappeared,1,1,3.0
10152,disclosed,1,1,3.0
10153,discloses,1,1,3.0
10154,disclosures,1,1,3.0
10155,discomforting,1,1,3.0
10156,discordance,1,1,3.0
10157,discordant,1,1,3.0
10158,discourages,1,1,3.0
10159,discovered,1,1,3.0
10160,discrepancies,1,1,3.0
10161,discrete,1,1,3.0
10162,discriminating,1,1,3.0
10163,diseases6,1,1,3.0
10164,disentangling,1,1,3.0
10165,disintegrating,1,1,3.0
10166,disordersand,1,1,3.0
10167,dispense,1,1,3.0
10168,dispensings,1,1,3.0
10169,displaying,1,1,3.0
10170,disruptive,1,1,3.0
10171,disruptors,1,1,3.0
10172,dissected,1,1,3.0
10173,dissection,1,1,3.0
10174,dissociable,1,1,3.0
10175,dissociate,1,1,3.0
10176,dissociates,1,1,3.0
10177,dissociating,1,1,3.0
10178,dissolution,1,1,3.0
10179,dissolving,1,1,3.0
10180,distances,1,1,3.0
10181,distinctions,1,1,3.0
10182,distinctiveness,1,1,3.0
10183,distortion,1,1,3.0
10184,district,1,1,3.0
10185,diterpenoid,1,1,3.0
10186,diterpenoids,1,1,3.0
10187,dithiothreitol,1,1,3.0
10188,dive,1,1,3.0
10189,diverge,1,1,3.0
10190,divergences,1,1,3.0
10191,diversion,1,1,3.0
10192,diverts,1,1,3.0
10193,division,1,1,3.0
10194,divorced,1,1,3.0
10195,dizziness,1,1,3.0
10196,dj,1,1,3.0
10197,dlqi,1,1,3.0
10198,dmds,1,1,3.0
10199,dmso,1,1,3.0
10200,dmxaa,1,1,3.0
10201,dnl,1,1,3.0
10202,doc,1,1,3.0
10203,docked,1,1,3.0
10204,doing,1,1,3.0
10205,dollar,1,1,3.0
10206,dominance,1,1,3.0
10207,dominantly,1,1,3.0
10208,dominating,1,1,3.0
10209,donepezil,1,1,3.0
10210,dorper,1,1,3.0
10211,dorsal,1,1,3.0
10212,dorsi,1,1,3.0
10213,doubling,1,1,3.0
10214,downregulate,1,1,3.0
10215,dpard,1,1,3.0
10216,drafting,1,1,3.0
10217,drain,1,1,3.0
10218,draining,1,1,3.0
10219,drank,1,1,3.0
10220,dream,1,1,3.0
10221,drift,1,1,3.0
10222,dronabinol,1,1,3.0
10223,drop,1,1,3.0
10224,droplets,1,1,3.0
10225,dropout,1,1,3.0
10226,drove,1,1,3.0
10227,drummond,1,1,3.0
10228,dry,1,1,3.0
10229,dsc,1,1,3.0
10230,dsmi,1,1,3.0
10231,dts,1,1,3.0
10232,duality,1,1,3.0
10233,dumping,1,1,3.0
10234,dunedinpace,1,1,3.0
10235,duodenum,1,1,3.0
10236,duty,1,1,3.0
10237,dwat,1,1,3.0
10238,dynamin,1,1,3.0
10239,dynasty,1,1,3.0
10240,dysarthria,1,1,3.0
10241,dysesthesia,1,1,3.0
10242,dysesthesias,1,1,3.0
10243,dysfunctionassociated,1,1,3.0
10244,dysfunctions,1,1,3.0
10245,dysglycemic,1,1,3.0
10246,dyslipidaemic,1,1,3.0
10247,dysmotility,1,1,3.0
10248,dyspepsia,1,1,3.0
10249,dysphonia,1,1,3.0
10250,dyspnoea,1,1,3.0
10251,e10,1,1,3.0
10252,e12,1,1,3.0
10253,ease,1,1,3.0
10254,easier,1,1,3.0
10255,eastern,1,1,3.0
10256,eb05,1,1,3.0
10257,ebm,1,1,3.0
10258,ebmts,1,1,3.0
10259,ebpα,1,1,3.0
10260,ebsco,1,1,3.0
10261,echocardiographic,1,1,3.0
10262,echomri,1,1,3.0
10263,ecim,1,1,3.0
10264,economically,1,1,3.0
10265,economics,1,1,3.0
10266,economy,1,1,3.0
10267,ecpo,1,1,3.0
10268,eczema,1,1,3.0
10269,edds,1,1,3.0
10270,edible,1,1,3.0
10271,editing,1,1,3.0
10272,edition,1,1,3.0
10273,editors,1,1,3.0
10274,edmonton,1,1,3.0
10275,eds,1,1,3.0
10276,edss,1,1,3.0
10277,educating,1,1,3.0
10278,edv,1,1,3.0
10279,eef1a1,1,1,3.0
10280,ef,1,1,3.0
10281,efad,1,1,3.0
10282,efferent,1,1,3.0
10283,efficacyof,1,1,3.0
10284,efficiently,1,1,3.0
10285,efruxifermin,1,1,3.0
10286,eged,1,1,3.0
10287,egg,1,1,3.0
10288,eggshell,1,1,3.0
10289,egypt,1,1,3.0
10290,ei,1,1,3.0
10291,eicosatetraenoic,1,1,3.0
10292,eicosatrienoic,1,1,3.0
10293,eighty,1,1,3.0
10294,elaborated,1,1,3.0
10295,elaborates,1,1,3.0
10296,elastographic,1,1,3.0
10297,electric,1,1,3.0
10298,electrically,1,1,3.0
10299,electrocardiography,1,1,3.0
10300,electrolytes,1,1,3.0
10301,electromagnetic,1,1,3.0
10302,electrophoresis,1,1,3.0
10303,electrophysiologic,1,1,3.0
10304,electrospinning,1,1,3.0
10305,electrospun,1,1,3.0
10306,electrostatics,1,1,3.0
10307,elegantly,1,1,3.0
10308,elevate,1,1,3.0
10309,elevating,1,1,3.0
10310,elicit,1,1,3.0
10311,eliminated,1,1,3.0
10312,eliminates,1,1,3.0
10313,eliminating,1,1,3.0
10314,elixhauser,1,1,3.0
10315,ellagitannins,1,1,3.0
10316,elsevier,1,1,3.0
10317,elucidates,1,1,3.0
10318,elucidation,1,1,3.0
10319,elution,1,1,3.0
10320,embedding,1,1,3.0
10321,embryonic,1,1,3.0
10322,emergencies,1,1,3.0
10323,emesis,1,1,3.0
10324,emotive,1,1,3.0
10325,empa,1,1,3.0
10326,emperor,1,1,3.0
10327,emphasise,1,1,3.0
10328,emphasised,1,1,3.0
10329,emphasises,1,1,3.0
10330,empiric,1,1,3.0
10331,employs,1,1,3.0
10332,emps,1,1,3.0
10333,emr,1,1,3.0
10334,emulate,1,1,3.0
10335,emulating,1,1,3.0
10336,emulations,1,1,3.0
10337,emulsifying,1,1,3.0
10338,emulsion,1,1,3.0
10339,enacted,1,1,3.0
10340,enactive,1,1,3.0
10341,enactment,1,1,3.0
10342,enc,1,1,3.0
10343,encapsulated,1,1,3.0
10344,encapsulating,1,1,3.0
10345,encephalomyelitis,1,1,3.0
10346,enchid,1,1,3.0
10347,encompassed,1,1,3.0
10348,encountered,1,1,3.0
10349,encouraged,1,1,3.0
10350,encuesta,1,1,3.0
10351,endes,1,1,3.0
10352,endocannabinoids,1,1,3.0
10353,endocrinological,1,1,3.0
10354,endocrinopathies,1,1,3.0
10355,endocytic,1,1,3.0
10356,endocytosis,1,1,3.0
10357,endogenously,1,1,3.0
10358,endometrium,1,1,3.0
10359,endopat,1,1,3.0
10360,endorse,1,1,3.0
10361,endorses,1,1,3.0
10362,endorsing,1,1,3.0
10363,endosomal,1,1,3.0
10364,endotoxin,1,1,3.0
10365,endotypes,1,1,3.0
10366,endotyping,1,1,3.0
10367,endovascular,1,1,3.0
10368,energised,1,1,3.0
10369,enforced,1,1,3.0
10370,engendered,1,1,3.0
10371,engines,1,1,3.0
10372,england,1,1,3.0
10373,enjoyable,1,1,3.0
10374,enjoyment,1,1,3.0
10375,enquire,1,1,3.0
10376,enrolment,1,1,3.0
10377,ensmust00000155383,1,1,3.0
10378,ensuing,1,1,3.0
10379,ensures,1,1,3.0
10380,entail,1,1,3.0
10381,enterocytes,1,1,3.0
10382,enterocytic,1,1,3.0
10383,enterohepatic,1,1,3.0
10384,enteropancreatic,1,1,3.0
10385,enterprise,1,1,3.0
10386,entities,1,1,3.0
10387,entitled,1,1,3.0
10388,entpd1,1,1,3.0
10389,entpd3,1,1,3.0
10390,entrenchment,1,1,3.0
10391,environments,1,1,3.0
10392,eosinophilic,1,1,3.0
10393,epi,1,1,3.0
10394,epigenome,1,1,3.0
10395,epistemonikos,1,1,3.0
10396,eplerenone,1,1,3.0
10397,eqtl,1,1,3.0
10398,eqtlgen,1,1,3.0
10399,equitably,1,1,3.0
10400,erasing,1,1,3.0
10401,erk1,1,1,3.0
10402,eructation,1,1,3.0
10403,eruptions,1,1,3.0
10404,erythema,1,1,3.0
10405,erythropoiesis,1,1,3.0
10406,esada,1,1,3.0
10407,esophagectomy,1,1,3.0
10408,esophagitis,1,1,3.0
10409,esposure,1,1,3.0
10410,esr1,1,1,3.0
10411,essay,1,1,3.0
10412,esterification,1,1,3.0
10413,estimable,1,1,3.0
10414,estimands,1,1,3.0
10415,estimator,1,1,3.0
10416,estimators,1,1,3.0
10417,estrogenic,1,1,3.0
10418,etc,1,1,3.0
10419,etco₂,1,1,3.0
10420,ethanol,1,1,3.0
10421,ether,1,1,3.0
10422,ethnopharmacological,1,1,3.0
10423,ethylene,1,1,3.0
10424,eubiosis,1,1,3.0
10425,eudka,1,1,3.0
10426,euglycaemic,1,1,3.0
10427,euglycemic,1,1,3.0
10428,eugonadal,1,1,3.0
10429,europepmc,1,1,3.0
10430,euroqol,1,1,3.0
10431,eus,1,1,3.0
10432,euthyroid,1,1,3.0
10433,evade,1,1,3.0
10434,evaluator,1,1,3.0
10435,evasion,1,1,3.0
10436,eventual,1,1,3.0
10437,evidentiary,1,1,3.0
10438,evokes,1,1,3.0
10439,evolves,1,1,3.0
10440,evs,1,1,3.0
10441,exacerbate,1,1,3.0
10442,exacerbates,1,1,3.0
10443,exacerbating,1,1,3.0
10444,exaggerated,1,1,3.0
10445,exceedingly,1,1,3.0
10446,excellence,1,1,3.0
10447,exchanger,1,1,3.0
10448,exchanges,1,1,3.0
10449,excipient,1,1,3.0
10450,excitability,1,1,3.0
10451,executed,1,1,3.0
10452,execution,1,1,3.0
10453,executive,1,1,3.0
10454,exemplifies,1,1,3.0
10455,exendin9,1,1,3.0
10456,exercising,1,1,3.0
10457,exhibiting,1,1,3.0
10458,exocrine,1,1,3.0
10459,exome,1,1,3.0
10460,exosomes,1,1,3.0
10461,expander,1,1,3.0
10462,expenditures,1,1,3.0
10463,expertise,1,1,3.0
10464,expiry,1,1,3.0
10465,explainability,1,1,3.0
10466,explaining,1,1,3.0
10467,exponentially,1,1,3.0
10468,exposing,1,1,3.0
10469,expressions,1,1,3.0
10470,exquisitely,1,1,3.0
10471,extant,1,1,3.0
10472,extensions,1,1,3.0
10473,extra,1,1,3.0
10474,extractable,1,1,3.0
10475,extracutaneous,1,1,3.0
10476,extraordinary,1,1,3.0
10477,extremities,1,1,3.0
10478,extrinsic,1,1,3.0
10479,extrusion,1,1,3.0
10480,eyes,1,1,3.0
10481,ezetimibe,1,1,3.0
10482,f12,1,1,3.0
10483,f96,1,1,3.0
10484,fabrication,1,1,3.0
10485,faced,1,1,3.0
10486,facets,1,1,3.0
10487,facilitating,1,1,3.0
10488,facilitation,1,1,3.0
10489,fact,1,1,3.0
10490,factories,1,1,3.0
10491,fad,1,1,3.0
10492,faecalibacterium,1,1,3.0
10493,faecalicatena,1,1,3.0
10494,faecousia,1,1,3.0
10495,failures,1,1,3.0
10496,falling,1,1,3.0
10497,falsifiable,1,1,3.0
10498,familiar,1,1,3.0
10499,familiarity,1,1,3.0
10500,fasciculine,1,1,3.0
10501,fashioning,1,1,3.0
10502,fasn,1,1,3.0
10503,fatherhood,1,1,3.0
10504,fbg,1,1,3.0
10505,fbxo32,1,1,3.0
10506,fd,1,1,3.0
10507,fears,1,1,3.0
10508,febrile,1,1,3.0
10509,fedrated,1,1,3.0
10510,feeds,1,1,3.0
10511,feet,1,1,3.0
10512,feno,1,1,3.0
10513,fertile,1,1,3.0
10514,ffa,1,1,3.0
10515,ffar4,1,1,3.0
10516,ffl,1,1,3.0
10517,fg,1,1,3.0
10518,fgf15,1,1,3.0
10519,fgf23,1,1,3.0
10520,fibrils,1,1,3.0
10521,fig,1,1,3.0
10522,figure,1,1,3.0
10523,filamin,1,1,3.0
10524,filler,1,1,3.0
10525,filling,1,1,3.0
10526,fills,1,1,3.0
10527,finite,1,1,3.0
10528,firing,1,1,3.0
10529,firmness,1,1,3.0
10530,fischer,1,1,3.0
10531,fit,1,1,3.0
10532,fitbits,1,1,3.0
10533,fitzpatrick,1,1,3.0
10534,flagging,1,1,3.0
10535,flags,1,1,3.0
10536,flare,1,1,3.0
10537,flares,1,1,3.0
10538,flatness,1,1,3.0
10539,flavonols,1,1,3.0
10540,flavored,1,1,3.0
10541,flexneri,1,1,3.0
10542,flora,1,1,3.0
10543,flu,1,1,3.0
10544,fluids,1,1,3.0
10545,fmd,1,1,3.0
10546,fnl,1,1,3.0
10547,focal,1,1,3.0
10548,folklore,1,1,3.0
10549,follicles,1,1,3.0
10550,folliculogenesis,1,1,3.0
10551,fondaparinux,1,1,3.0
10552,foodborne,1,1,3.0
10553,footnotes,1,1,3.0
10554,footprints,1,1,3.0
10555,ford,1,1,3.0
10556,forefront,1,1,3.0
10557,forest,1,1,3.0
10558,forestall,1,1,3.0
10559,forests,1,1,3.0
10560,forkhead,1,1,3.0
10561,formed,1,1,3.0
10562,formidable,1,1,3.0
10563,formulary,1,1,3.0
10564,fortunately,1,1,3.0
10565,founded,1,1,3.0
10566,fourier,1,1,3.0
10567,fourteen,1,1,3.0
10568,foxo1,1,1,3.0
10569,foxp3,1,1,3.0
10570,fqhc,1,1,3.0
10571,fqhcs,1,1,3.0
10572,fractionation,1,1,3.0
10573,fragile,1,1,3.0
10574,fragments,1,1,3.0
10575,french,1,1,3.0
10576,fresenius,1,1,3.0
10577,frontrunner,1,1,3.0
10578,fruitful,1,1,3.0
10579,fruits,1,1,3.0
10580,fsp1,1,1,3.0
10581,ftir,1,1,3.0
10582,fuel,1,1,3.0
10583,fuels,1,1,3.0
10584,fulfillment,1,1,3.0
10585,functionality,1,1,3.0
10586,functionalization,1,1,3.0
10587,functioned,1,1,3.0
10588,funders,1,1,3.0
10589,fungus,1,1,3.0
10590,futility,1,1,3.0
10591,g1,1,1,3.0
10592,g3b,1,1,3.0
10593,g6,1,1,3.0
10594,gabaergic,1,1,3.0
10595,gadus,1,1,3.0
10596,galactoside,1,1,3.0
10597,gallol,1,1,3.0
10598,ganglia,1,1,3.0
10599,garlic,1,1,3.0
10600,gasseri,1,1,3.0
10601,gastro,1,1,3.0
10602,gastroplasty,1,1,3.0
10603,gastroscopy,1,1,3.0
10604,gastrostomy,1,1,3.0
10605,gata6,1,1,3.0
10606,gather,1,1,3.0
10607,gathered,1,1,3.0
10608,gathering,1,1,3.0
10609,gaunt,1,1,3.0
10610,gavaged,1,1,3.0
10611,gave,1,1,3.0
10612,gcase,1,1,3.0
10613,gcr,1,1,3.0
10614,gcst90691839,1,1,3.0
10615,gcst90691840,1,1,3.0
10616,gcst90691841,1,1,3.0
10617,gdc,1,1,3.0
10618,gdf,1,1,3.0
10619,gdp,1,1,3.0
10620,generalisability,1,1,3.0
10621,generalisation,1,1,3.0
10622,generalize,1,1,3.0
10623,generations,1,1,3.0
10624,genomic,1,1,3.0
10625,genotoxicity,1,1,3.0
10626,gentamicin,1,1,3.0
10627,geometries,1,1,3.0
10628,geriatric,1,1,3.0
10629,germ,1,1,3.0
10630,germinal,1,1,3.0
10631,geroprotectors,1,1,3.0
10632,geroscience,1,1,3.0
10633,gerotherapeutics,1,1,3.0
10634,gfp,1,1,3.0
10635,gfr,1,1,3.0
10636,ghba1c,1,1,3.0
10637,gipra,1,1,3.0
10638,girl,1,1,3.0
10639,glasses,1,1,3.0
10640,glean,1,1,3.0
10641,glia,1,1,3.0
10642,gliflozins,1,1,3.0
10643,glimins,1,1,3.0
10644,glinides,1,1,3.0
10645,gliptins,1,1,3.0
10646,gln221,1,1,3.0
10647,globe,1,1,3.0
10648,globular,1,1,3.0
10649,globulins,1,1,3.0
10650,glomerulomegaly,1,1,3.0
10651,glomerulonephritis,1,1,3.0
10652,glomerulopathy,1,1,3.0
10653,glomerulosclerosis,1,1,3.0
10654,glp1a,1,1,3.0
10655,glpg0974,1,1,3.0
10656,glucoamylase,1,1,3.0
10657,glucocorticoids,1,1,3.0
10658,glucogalactomannans,1,1,3.0
10659,glucokinase,1,1,3.0
10660,glucolipid,1,1,3.0
10661,glucolipotoxic,1,1,3.0
10662,glucosamine,1,1,3.0
10663,glucotoxicity,1,1,3.0
10664,glucuronide,1,1,3.0
10665,gluredia,1,1,3.0
10666,glut,1,1,3.0
10667,glut4,1,1,3.0
10668,glutamate,1,1,3.0
10669,glutamine,1,1,3.0
10670,glutamyl,1,1,3.0
10671,glycero,1,1,3.0
10672,glycine,1,1,3.0
10673,glycodeoxycholate,1,1,3.0
10674,glycol,1,1,3.0
10675,glycolic,1,1,3.0
10676,glycomacropeptide,1,1,3.0
10677,glymphatic,1,1,3.0
10678,gmh,1,1,3.0
10679,gmr,1,1,3.0
10680,gnina,1,1,3.0
10681,gnrh,1,1,3.0
10682,goes,1,1,3.0
10683,going,1,1,3.0
10684,golgi,1,1,3.0
10685,gonadotropins,1,1,3.0
10686,gone,1,1,3.0
10687,governance,1,1,3.0
10688,governs,1,1,3.0
10689,govnct04652479,1,1,3.0
10690,gpcrs,1,1,3.0
10691,gph,1,1,3.0
10692,gpr120,1,1,3.0
10693,gpr158,1,1,3.0
10694,gpr41,1,1,3.0
10695,gprotein,1,1,3.0
10696,gq,1,1,3.0
10697,gra,1,1,3.0
10698,gradually,1,1,3.0
10699,grams,1,1,3.0
10700,grants,1,1,3.0
10701,granular,1,1,3.0
10702,granules,1,1,3.0
10703,granulocytic,1,1,3.0
10704,granulomatous,1,1,3.0
10705,graph,1,1,3.0
10706,graphical,1,1,3.0
10707,grappa,1,1,3.0
10708,gravitational,1,1,3.0
10709,grip,1,1,3.0
10710,gross,1,1,3.0
10711,grounding,1,1,3.0
10712,groundwork,1,1,3.0
10713,grown,1,1,3.0
10714,grp78,1,1,3.0
10715,gsdmd,1,1,3.0
10716,gsk3β,1,1,3.0
10717,guanidinium,1,1,3.0
10718,guanosine,1,1,3.0
10719,guardians,1,1,3.0
10720,guardrails,1,1,3.0
10721,guilds,1,1,3.0
10722,gwas,1,1,3.0
10723,gynaecologic,1,1,3.0
10724,gynaecology,1,1,3.0
10725,gynecologic,1,1,3.0
10726,gynecology,1,1,3.0
10727,gα,1,1,3.0
10728,h2o2,1,1,3.0
10729,habitual,1,1,3.0
10730,haematologic,1,1,3.0
10731,haematology,1,1,3.0
10732,haemodynamics,1,1,3.0
10733,haemolysis,1,1,3.0
10734,haenszel,1,1,3.0
10735,hallucinations,1,1,3.0
10736,halting,1,1,3.0
10737,halved,1,1,3.0
10738,handled,1,1,3.0
10739,hands,1,1,3.0
10740,hangzhou,1,1,3.0
10741,haptoglobin,1,1,3.0
10742,harmful,1,1,3.0
10743,harmonization,1,1,3.0
10744,harmony,1,1,3.0
10745,harms,1,1,3.0
10746,harness,1,1,3.0
10747,harnessing,1,1,3.0
10748,hart,1,1,3.0
10749,hartung,1,1,3.0
10750,haugh,1,1,3.0
10751,hcmec,1,1,3.0
10752,hdlc,1,1,3.0
10753,heavier,1,1,3.0
10754,hec50,1,1,3.0
10755,heightens,1,1,3.0
10756,helicity,1,1,3.0
10757,helios,1,1,3.0
10758,helped,1,1,3.0
10759,helper,1,1,3.0
10760,helpful,1,1,3.0
10761,helsinki,1,1,3.0
10762,hematoma,1,1,3.0
10763,hemiparesis,1,1,3.0
10764,hemiplegia,1,1,3.0
10765,hemodiafiltration,1,1,3.0
10766,hemodynamically,1,1,3.0
10767,hemoglobinopathy,1,1,3.0
10768,hemolysis,1,1,3.0
10769,hemostasis,1,1,3.0
10770,henry,1,1,3.0
10771,heparin,1,1,3.0
10772,hepatically,1,1,3.0
10773,hepato,1,1,3.0
10774,hepatobiliary,1,1,3.0
10775,hepatocyte,1,1,3.0
10776,hepatokines,1,1,3.0
10777,heptamer,1,1,3.0
10778,hepten,1,1,3.0
10779,herbs,1,1,3.0
10780,hernia,1,1,3.0
10781,herringbone,1,1,3.0
10782,hesitancy,1,1,3.0
10783,hexamer,1,1,3.0
10784,hexapeptide,1,1,3.0
10785,hfc,1,1,3.0
10786,hfl,1,1,3.0
10787,hglp,1,1,3.0
10788,hhsn268200800007c,1,1,3.0
10789,hhsn268201200036c,1,1,3.0
10790,hhsn268201800001c,1,1,3.0
10791,hiapp,1,1,3.0
10792,hidden,1,1,3.0
10793,highdefinition,1,1,3.0
10794,hill,1,1,3.0
10795,hindbrain,1,1,3.0
10796,hinder,1,1,3.0
10797,hindering,1,1,3.0
10798,hips,1,1,3.0
10799,hirsutism,1,1,3.0
10800,histologically,1,1,3.0
10801,histone,1,1,3.0
10802,historically,1,1,3.0
10803,hit,1,1,3.0
10804,hitherto,1,1,3.0
10805,hk,1,1,3.0
10806,hk2,1,1,3.0
10807,hn001,1,1,3.0
10808,hn019,1,1,3.0
10809,holding,1,1,3.0
10810,hollowing,1,1,3.0
10811,homes,1,1,3.0
10812,homogeneous,1,1,3.0
10813,homologous,1,1,3.0
10814,hoos,1,1,3.0
10815,hope,1,1,3.0
10816,hopping,1,1,3.0
10817,hos,1,1,3.0
10818,hospitalised,1,1,3.0
10819,hosted,1,1,3.0
10820,hotspots,1,1,3.0
10821,house,1,1,3.0
10822,housed,1,1,3.0
10823,household,1,1,3.0
10824,housekeeping,1,1,3.0
10825,housing,1,1,3.0
10826,hplc,1,1,3.0
10827,hresims,1,1,3.0
10828,hrm,1,1,3.0
10829,hrs9531,1,1,3.0
10830,hsp,1,1,3.0
10831,ht2a,1,1,3.0
10832,ht3,1,1,3.0
10833,http,1,1,3.0
10834,hu,1,1,3.0
10835,hua,1,1,3.0
10836,huadong,1,1,3.0
10837,huising,1,1,3.0
10838,humoral,1,1,3.0
10839,humour,1,1,3.0
10840,hurley,1,1,3.0
10841,hydrastis,1,1,3.0
10842,hydrocarbon,1,1,3.0
10843,hydrolysis,1,1,3.0
10844,hydrophilicity,1,1,3.0
10845,hydrophobicity,1,1,3.0
10846,hydrostatic,1,1,3.0
10847,hydroxide,1,1,3.0
10848,hydroxybenzyl,1,1,3.0
10849,hydroxybutyrate,1,1,3.0
10850,hydroxyindoleacetic,1,1,3.0
10851,hydroxylase,1,1,3.0
10852,hydroxyphenyl,1,1,3.0
10853,hydroxytryptamine,1,1,3.0
10854,hyperactivity,1,1,3.0
10855,hyperaemic,1,1,3.0
10856,hyperalgesia,1,1,3.0
10857,hyperandrogenism,1,1,3.0
10858,hypercholesterolaemia,1,1,3.0
10859,hyperemia,1,1,3.0
10860,hyperglycolysis,1,1,3.0
10861,hyperhidrosis,1,1,3.0
10862,hyperkalemia,1,1,3.0
10863,hyperkeratotic,1,1,3.0
10864,hypermethylation,1,1,3.0
10865,hypermetropic,1,1,3.0
10866,hyperoxaluria,1,1,3.0
10867,hyperphosphorylated,1,1,3.0
10868,hyperpigmentation,1,1,3.0
10869,hyperreactivity,1,1,3.0
10870,hypersomnolence,1,1,3.0
10871,hyperthyroidism,1,1,3.0
10872,hypertrophic,1,1,3.0
10873,hypertrophied,1,1,3.0
10874,hypholomine,1,1,3.0
10875,hypnopompic,1,1,3.0
10876,hypocaloric,1,1,3.0
10877,hypogonadal,1,1,3.0
10878,hypolipidemic,1,1,3.0
10879,hypomotility,1,1,3.0
10880,hypotensive,1,1,3.0
10881,hypothesise,1,1,3.0
10882,hypothesised,1,1,3.0
10883,hypothesize,1,1,3.0
10884,hölscher,1,1,3.0
10885,iapp,1,1,3.0
10886,iba1,1,1,3.0
10887,ibogaine,1,1,3.0
10888,ibot,1,1,3.0
10889,ic025,1,1,3.0
10890,ic50,1,1,3.0
10891,iceland,1,1,3.0
10892,icosapent,1,1,3.0
10893,icu,1,1,3.0
10894,ideal,1,1,3.0
10895,ideals,1,1,3.0
10896,ideglira,1,1,3.0
10897,identically,1,1,3.0
10898,identities,1,1,3.0
10899,ietsi,1,1,3.0
10900,ifcc,1,1,3.0
10901,ignore,1,1,3.0
10902,iia,1,1,3.0
10903,iiht,1,1,3.0
10904,ikk,1,1,3.0
10905,ikzf2,1,1,3.0
10906,illegal,1,1,3.0
10907,illumina,1,1,3.0
10908,illuminating,1,1,3.0
10909,illustrate,1,1,3.0
10910,illustrated,1,1,3.0
10911,illustrating,1,1,3.0
10912,illustration,1,1,3.0
10913,image,1,1,3.0
10914,imaged,1,1,3.0
10915,imbalanced,1,1,3.0
10916,imm,1,1,3.0
10917,immobilization,1,1,3.0
10918,immortalised,1,1,3.0
10919,immortalized,1,1,3.0
10920,immunoassay,1,1,3.0
10921,immunocytochemistry,1,1,3.0
10922,immunology,1,1,3.0
10923,immunometabolism,1,1,3.0
10924,immunomodulation,1,1,3.0
10925,immunoprevention,1,1,3.0
10926,immunostaining,1,1,3.0
10927,immunosuppressant,1,1,3.0
10928,impacted,1,1,3.0
10929,impactful,1,1,3.0
10930,impacting,1,1,3.0
10931,impending,1,1,3.0
10932,imperfectly,1,1,3.0
10933,implants,1,1,3.0
10934,implication,1,1,3.0
10935,implying,1,1,3.0
10936,import,1,1,3.0
10937,importanceobesity,1,1,3.0
10938,imposed,1,1,3.0
10939,imprecise,1,1,3.0
10940,impressions,1,1,3.0
10941,impressive,1,1,3.0
10942,imprint,1,1,3.0
10943,impurity,1,1,3.0
10944,inaccuracies,1,1,3.0
10945,inactivation,1,1,3.0
10946,inactive,1,1,3.0
10947,inaugural,1,1,3.0
10948,inbody720,1,1,3.0
10949,inborn,1,1,3.0
10950,incarcerations,1,1,3.0
10951,incentive,1,1,3.0
10952,inceptions,1,1,3.0
10953,incidental,1,1,3.0
10954,incidents,1,1,3.0
10955,inconsistencies,1,1,3.0
10956,inconsistency,1,1,3.0
10957,incontinence,1,1,3.0
10958,incubations,1,1,3.0
10959,incur,1,1,3.0
10960,indefinite,1,1,3.0
10961,indeterminate,1,1,3.0
10962,indexed,1,1,3.0
10963,indian,1,1,3.0
10964,indicatethat,1,1,3.0
10965,indicative,1,1,3.0
10966,indigenous,1,1,3.0
10967,indirectness,1,1,3.0
10968,indispensable,1,1,3.0
10969,individualizing,1,1,3.0
10970,ineffective,1,1,3.0
10971,inequitable,1,1,3.0
10972,infancy,1,1,3.0
10973,infantile,1,1,3.0
10974,inflamed,1,1,3.0
10975,inflection,1,1,3.0
10976,infliximab,1,1,3.0
10977,influencer,1,1,3.0
10978,infodemic,1,1,3.0
10979,informally,1,1,3.0
10980,informatics,1,1,3.0
10981,informing,1,1,3.0
10982,infrared,1,1,3.0
10983,ingelheim,1,1,3.0
10984,ingested,1,1,3.0
10985,ingredient,1,1,3.0
10986,inherently,1,1,3.0
10987,inheritance,1,1,3.0
10988,initiations,1,1,3.0
10989,initiative,1,1,3.0
10990,injected,1,1,3.0
10991,injuries,1,1,3.0
10992,innervating,1,1,3.0
10993,inoscavin,1,1,3.0
10994,inquire,1,1,3.0
10995,inquiry,1,1,3.0
10996,insensitivity,1,1,3.0
10997,insertion,1,1,3.0
10998,instagram,1,1,3.0
10999,instance,1,1,3.0
11000,instances,1,1,3.0
11001,instantaneous,1,1,3.0
11002,institutet,1,1,3.0
11003,instrips,1,1,3.0
11004,instructive,1,1,3.0
11005,instrumented,1,1,3.0
11006,insulinaemic,1,1,3.0
11007,insulinemic,1,1,3.0
11008,insulinogenic,1,1,3.0
11009,insurer,1,1,3.0
11010,insurers,1,1,3.0
11011,integer,1,1,3.0
11012,integrase,1,1,3.0
11013,intellectual,1,1,3.0
11014,intending,1,1,3.0
11015,intense,1,1,3.0
11016,intensely,1,1,3.0
11017,intensifies,1,1,3.0
11018,intensifying,1,1,3.0
11019,intent,1,1,3.0
11020,interacting,1,1,3.0
11021,interactive,1,1,3.0
11022,interactome,1,1,3.0
11023,intercellular,1,1,3.0
11024,interchangeability,1,1,3.0
11025,intercohort,1,1,3.0
11026,interconnections,1,1,3.0
11027,interconversion,1,1,3.0
11028,intercurrent,1,1,3.0
11029,interestingly,1,1,3.0
11030,interests,1,1,3.0
11031,interfere,1,1,3.0
11032,interference,1,1,3.0
11033,interfering,1,1,3.0
11034,interim,1,1,3.0
11035,interkeratinocyte,1,1,3.0
11036,interleukin18,1,1,3.0
11037,interlobular,1,1,3.0
11038,interlocking,1,1,3.0
11039,intermediary,1,1,3.0
11040,internalized,1,1,3.0
11041,internally,1,1,3.0
11042,interpretable,1,1,3.0
11043,interrogate,1,1,3.0
11044,interrogating,1,1,3.0
11045,interrogation,1,1,3.0
11046,interrupt,1,1,3.0
11047,interrupting,1,1,3.0
11048,interruptions,1,1,3.0
11049,intersectional,1,1,3.0
11050,intersections,1,1,3.0
11051,intersects,1,1,3.0
11052,interspecies,1,1,3.0
11053,intertriginous,1,1,3.0
11054,intervene,1,1,3.0
11055,interviewed,1,1,3.0
11056,intestinally,1,1,3.0
11057,intima,1,1,3.0
11058,intimately,1,1,3.0
11059,intodisease,1,1,3.0
11060,intolerant,1,1,3.0
11061,intracerebral,1,1,3.0
11062,intractable,1,1,3.0
11063,intradialytic,1,1,3.0
11064,intraductal,1,1,3.0
11065,intraglomerular,1,1,3.0
11066,intraindividual,1,1,3.0
11067,intrainsular,1,1,3.0
11068,intraocular,1,1,3.0
11069,intrathoracic,1,1,3.0
11070,intravenously,1,1,3.0
11071,intricately,1,1,3.0
11072,intrinsically,1,1,3.0
11073,introductiondiabetes,1,1,3.0
11074,intubation,1,1,3.0
11075,intuitive,1,1,3.0
11076,inundated,1,1,3.0
11077,invaluable,1,1,3.0
11078,investigator,1,1,3.0
11079,investor,1,1,3.0
11080,invitations,1,1,3.0
11081,ionic,1,1,3.0
11082,ipgtt,1,1,3.0
11083,ips,1,1,3.0
11084,irb,1,1,3.0
11085,irbesartan,1,1,3.0
11086,irds,1,1,3.0
11087,ireland,1,1,3.0
11088,irf3,1,1,3.0
11089,iri,1,1,3.0
11090,irregular,1,1,3.0
11091,irrelevant,1,1,3.0
11092,ischaemia,1,1,3.0
11093,isoform,1,1,3.0
11094,isolate,1,1,3.0
11095,isolates,1,1,3.0
11096,isopropylacrylamide,1,1,3.0
11097,isoquinoline,1,1,3.0
11098,israeli,1,1,3.0
11099,itaconate,1,1,3.0
11100,italy,1,1,3.0
11101,itching,1,1,3.0
11102,iterative,1,1,3.0
11103,iu1,1,1,3.0
11104,ivw,1,1,3.0
11105,jadad,1,1,3.0
11106,jan,1,1,3.0
11107,japonica,1,1,3.0
11108,japonicus,1,1,3.0
11109,jasn,1,1,3.0
11110,jbi,1,1,3.0
11111,jeddah,1,1,3.0
11112,jejunal,1,1,3.0
11113,jejunum,1,1,3.0
11114,jerusalem,1,1,3.0
11115,jiang,1,1,3.0
11116,jingfen,1,1,3.0
11117,jnj,1,1,3.0
11118,johansen,1,1,3.0
11119,johnsonii,1,1,3.0
11120,jonkman,1,1,3.0
11121,journalism,1,1,3.0
11122,journey,1,1,3.0
11123,journeys,1,1,3.0
11124,jq1,1,1,3.0
11125,jr,1,1,3.0
11126,judgment,1,1,3.0
11127,juice,1,1,3.0
11128,junctions,1,1,3.0
11129,kameda,1,1,3.0
11130,karelia,1,1,3.0
11131,karolinska,1,1,3.0
11132,katsumadai,1,1,3.0
11133,keap1,1,1,3.0
11134,keep,1,1,3.0
11135,keeping,1,1,3.0
11136,kefir,1,1,3.0
11137,kenny,1,1,3.0
11138,kept,1,1,3.0
11139,keratinocyte,1,1,3.0
11140,keratinocytes,1,1,3.0
11141,keto,1,1,3.0
11142,ketogenesis,1,1,3.0
11143,kgco₂e,1,1,3.0
11144,kickback,1,1,3.0
11145,kickstarting,1,1,3.0
11146,kim,1,1,3.0
11147,kimchi,1,1,3.0
11148,kits,1,1,3.0
11149,km,1,1,3.0
11150,knapp,1,1,3.0
11151,knees,1,1,3.0
11152,knowing,1,1,3.0
11153,komodo,1,1,3.0
11154,korea,1,1,3.0
11155,korsakoff,1,1,3.0
11156,kpa,1,1,3.0
11157,ksa,1,1,3.0
11158,kynurenic,1,1,3.0
11159,kyoto,1,1,3.0
11160,kyphoplasty,1,1,3.0
11161,l260f,1,1,3.0
11162,l260f3,1,1,3.0
11163,l71,1,1,3.0
11164,laacf,1,1,3.0
11165,lab,1,1,3.0
11166,labda,1,1,3.0
11167,labelled,1,1,3.0
11168,labile,1,1,3.0
11169,labyrinths,1,1,3.0
11170,lactiplantibacillus,1,1,3.0
11171,lactis,1,1,3.0
11172,lag,1,1,3.0
11173,lagged,1,1,3.0
11174,laird,1,1,3.0
11175,lamina,1,1,3.0
11176,lamp,1,1,3.0
11177,lancaster,1,1,3.0
11178,landscapes,1,1,3.0
11179,laryngologists,1,1,3.0
11180,lasted,1,1,3.0
11181,latencies,1,1,3.0
11182,latency,1,1,3.0
11183,lateral,1,1,3.0
11184,launch,1,1,3.0
11185,launched,1,1,3.0
11186,lauric,1,1,3.0
11187,lautropia,1,1,3.0
11188,lavage,1,1,3.0
11189,lc3b,1,1,3.0
11190,lcfa,1,1,3.0
11191,lcr86,1,1,3.0
11192,leak,1,1,3.0
11193,leakage,1,1,3.0
11194,leakiness,1,1,3.0
11195,learned,1,1,3.0
11196,lecanemab,1,1,3.0
11197,lee,1,1,3.0
11198,legally,1,1,3.0
11199,legislation,1,1,3.0
11200,legislative,1,1,3.0
11201,legs,1,1,3.0
11202,legumes,1,1,3.0
11203,lengths,1,1,3.0
11204,lenses,1,1,3.0
11205,lentivirus,1,1,3.0
11206,leptogranulimonas,1,1,3.0
11207,lessen,1,1,3.0
11208,lessened,1,1,3.0
11209,lesser,1,1,3.0
11210,lesson,1,1,3.0
11211,lessons,1,1,3.0
11212,lethal,1,1,3.0
11213,letter,1,1,3.0
11214,letters,1,1,3.0
11215,leukemia,1,1,3.0
11216,leukocyte,1,1,3.0
11217,leumit,1,1,3.0
11218,leuprorelin,1,1,3.0
11219,lever,1,1,3.0
11220,leverages,1,1,3.0
11221,lexisnexis,1,1,3.0
11222,lfc,1,1,3.0
11223,lfd,1,1,3.0
11224,li,1,1,3.0
11225,licensing,1,1,3.0
11226,lies,1,1,3.0
11227,lifecourse,1,1,3.0
11228,lifespans,1,1,3.0
11229,lifted,1,1,3.0
11230,lifting,1,1,3.0
11231,ligases,1,1,3.0
11232,ligation,1,1,3.0
11233,lighter,1,1,3.0
11234,lighthouse,1,1,3.0
11235,liked,1,1,3.0
11236,lilacs,1,1,3.0
11237,limbic,1,1,3.0
11238,limbs,1,1,3.0
11239,limitation,1,1,3.0
11240,limosilactobacillus,1,1,3.0
11241,linearity,1,1,3.0
11242,linearly,1,1,3.0
11243,lip,1,1,3.0
11244,lipemia,1,1,3.0
11245,lipidaemias,1,1,3.0
11246,lipidated,1,1,3.0
11247,lipidomic,1,1,3.0
11248,lipidomics,1,1,3.0
11249,lipoabdominoplasty,1,1,3.0
11250,lipodystrophy,1,1,3.0
11251,lipoic,1,1,3.0
11252,lipolysis,1,1,3.0
11253,lipophagy,1,1,3.0
11254,lipophilic,1,1,3.0
11255,lipopolysaccharides,1,1,3.0
11256,lipoproteins,1,1,3.0
11257,liposomes,1,1,3.0
11258,literacy,1,1,3.0
11259,literatures,1,1,3.0
11260,lithogenic,1,1,3.0
11261,livertox,1,1,3.0
11262,lixi,1,1,3.0
11263,lixipark,1,1,3.0
11264,lm,1,1,3.0
11265,lncrnas,1,1,3.0
11266,lnuacr,1,1,3.0
11267,lobe,1,1,3.0
11268,locoregional,1,1,3.0
11269,locus,1,1,3.0
11270,lods,1,1,3.0
11271,log2,1,1,3.0
11272,logical,1,1,3.0
11273,logistical,1,1,3.0
11274,logistics,1,1,3.0
11275,logit,1,1,3.0
11276,lombardy,1,1,3.0
11277,longissimus,1,1,3.0
11278,loops,1,1,3.0
11279,loqs,1,1,3.0
11280,lorcaserin,1,1,3.0
11281,lorundrostat,1,1,3.0
11282,lpc,1,1,3.0
11283,lr08,1,1,3.0
11284,lra05,1,1,3.0
11285,ltd,1,1,3.0
11286,luma,1,1,3.0
11287,lungs,1,1,3.0
11288,luteinizing,1,1,3.0
11289,lux,1,1,3.0
11290,lvedp,1,1,3.0
11291,lxr,1,1,3.0
11292,ly2189265,1,1,3.0
11293,ly3437943,1,1,3.0
11294,lymphatic,1,1,3.0
11295,lymphoid,1,1,3.0
11296,m0,1,1,3.0
11297,machinery,1,1,3.0
11298,macrocyclic,1,1,3.0
11299,macrogenomic,1,1,3.0
11300,macrolides,1,1,3.0
11301,macromolecule,1,1,3.0
11302,maestro,1,1,3.0
11303,mafa,1,1,3.0
11304,mafb,1,1,3.0
11305,mage,1,1,3.0
11306,magnetically,1,1,3.0
11307,malabsorptive,1,1,3.0
11308,malley,1,1,3.0
11309,maltase,1,1,3.0
11310,maltoside,1,1,3.0
11311,manageable,1,1,3.0
11312,mandarin,1,1,3.0
11313,mandates,1,1,3.0
11314,mandating,1,1,3.0
11315,mandibular,1,1,3.0
11316,manifests,1,1,3.0
11317,manipulated,1,1,3.0
11318,manipulations,1,1,3.0
11319,mann,1,1,3.0
11320,manometry,1,1,3.0
11321,mantel,1,1,3.0
11322,manufacturable,1,1,3.0
11323,manufacturers,1,1,3.0
11324,mao,1,1,3.0
11325,mapk,1,1,3.0
11326,mapk3,1,1,3.0
11327,margin,1,1,3.0
11328,marine,1,1,3.0
11329,marital,1,1,3.0
11330,mark,1,1,3.0
11331,marketplaces,1,1,3.0
11332,marking,1,1,3.0
11333,mart,1,1,3.0
11334,massachusetts,1,1,3.0
11335,master,1,1,3.0
11336,mastery,1,1,3.0
11337,mate1,1,1,3.0
11338,materia,1,1,3.0
11339,materially,1,1,3.0
11340,mathematical,1,1,3.0
11341,mating,1,1,3.0
11342,maxillofacial,1,1,3.0
11343,maximally,1,1,3.0
11344,mca,1,1,3.0
11345,mcfa,1,1,3.0
11346,mcmaster,1,1,3.0
11347,mdc,1,1,3.0
11348,meanings,1,1,3.0
11349,meat,1,1,3.0
11350,mechanometabolic,1,1,3.0
11351,med,1,1,3.0
11352,medfine,1,1,3.0
11353,medial,1,1,3.0
11354,medica,1,1,3.0
11355,medicalization,1,1,3.0
11356,medicolegal,1,1,3.0
11357,medicus,1,1,3.0
11358,mediterranean,1,1,3.0
11359,megestrol,1,1,3.0
11360,mek,1,1,3.0
11361,mek1,1,1,3.0
11362,meld,1,1,3.0
11363,membered,1,1,3.0
11364,menarche,1,1,3.0
11365,menoyoung,1,1,3.0
11366,menus,1,1,3.0
11367,mep,1,1,3.0
11368,merip,1,1,3.0
11369,mesenchymal,1,1,3.0
11370,mesenteric,1,1,3.0
11371,mesh,1,1,3.0
11372,messengers,1,1,3.0
11373,metalloproteinase,1,1,3.0
11374,metalloproteinases,1,1,3.0
11375,meter,1,1,3.0
11376,methacrylation,1,1,3.0
11377,methanol,1,1,3.0
11378,methodologically,1,1,3.0
11379,methodsa,1,1,3.0
11380,methodsin,1,1,3.0
11381,methotrexate,1,1,3.0
11382,methyladenine,1,1,3.0
11383,methyladenosine,1,1,3.0
11384,methylglyoxal,1,1,3.0
11385,methylprednisolone,1,1,3.0
11386,methylsulfonyl,1,1,3.0
11387,methyltransferase,1,1,3.0
11388,mga,1,1,3.0
11389,mgb,1,1,3.0
11390,mgh,1,1,3.0
11391,mgps,1,1,3.0
11392,micelles,1,1,3.0
11393,michiganders,1,1,3.0
11394,microbially,1,1,3.0
11395,microbiological,1,1,3.0
11396,microchip,1,1,3.0
11397,microcirculatory,1,1,3.0
11398,microenvironmental,1,1,3.0
11399,microgravity,1,1,3.0
11400,micromachined,1,1,3.0
11401,microneedles,1,1,3.0
11402,micronucleus,1,1,3.0
11403,microorganisms,1,1,3.0
11404,microparticles,1,1,3.0
11405,microsomes,1,1,3.0
11406,microvasculature,1,1,3.0
11407,midwestern,1,1,3.0
11408,mifepristone,1,1,3.0
11409,milder,1,1,3.0
11410,mildly,1,1,3.0
11411,milligram,1,1,3.0
11412,mimicking,1,1,3.0
11413,mined,1,1,3.0
11414,mineralizing,1,1,3.0
11415,ming,1,1,3.0
11416,mining,1,1,3.0
11417,minireview,1,1,3.0
11418,minority,1,1,3.0
11419,minoxidil,1,1,3.0
11420,minus,1,1,3.0
11421,mirage,1,1,3.0
11422,mirna,1,1,3.0
11423,misalignment,1,1,3.0
11424,misdifferentiation,1,1,3.0
11425,misfolded,1,1,3.0
11426,misfolding,1,1,3.0
11427,mishandling,1,1,3.0
11428,misjudge,1,1,3.0
11429,mississippi,1,1,3.0
11430,misunderstood,1,1,3.0
11431,mitoq,1,1,3.0
11432,miu,1,1,3.0
11433,mixing,1,1,3.0
11434,mmp9,1,1,3.0
11435,mnemonic,1,1,3.0
11436,moca,1,1,3.0
11437,modafinil,1,1,3.0
11438,moderators,1,1,3.0
11439,modes,1,1,3.0
11440,modifiability,1,1,3.0
11441,modulatory,1,1,3.0
11442,mody6,1,1,3.0
11443,moiety,1,1,3.0
11444,mold,1,1,3.0
11445,molecularly,1,1,3.0
11446,molybdate,1,1,3.0
11447,moments,1,1,3.0
11448,monetary,1,1,3.0
11449,monitors,1,1,3.0
11450,monoagonist,1,1,3.0
11451,monocrotaline,1,1,3.0
11452,monocyte,1,1,3.0
11453,monodispersed,1,1,3.0
11454,monograph,1,1,3.0
11455,monomeric,1,1,3.0
11456,monosaccharide,1,1,3.0
11457,monosodium,1,1,3.0
11458,monotonic,1,1,3.0
11459,monte,1,1,3.0
11460,montreal,1,1,3.0
11461,morbidities,1,1,3.0
11462,morbidly,1,1,3.0
11463,morphine,1,1,3.0
11464,morphogenesis,1,1,3.0
11465,morphologic,1,1,3.0
11466,morphological,1,1,3.0
11467,mortem,1,1,3.0
11468,morus,1,1,3.0
11469,mossy,1,1,3.0
11470,motif,1,1,3.0
11471,mounjaro,1,1,3.0
11472,moves,1,1,3.0
11473,mrc1,1,1,3.0
11474,msu,1,1,3.0
11475,mt,1,1,3.0
11476,mtd,1,1,3.0
11477,mtiwnjmx,1,1,3.0
11478,mtx,1,1,3.0
11479,mucinous,1,1,3.0
11480,mucodiffusion,1,1,3.0
11481,mucosa,1,1,3.0
11482,multiagonist,1,1,3.0
11483,multicellular,1,1,3.0
11484,multicentric,1,1,3.0
11485,multidirectional,1,1,3.0
11486,multidrug,1,1,3.0
11487,multifactor,1,1,3.0
11488,multifrequency,1,1,3.0
11489,multihormone,1,1,3.0
11490,multiinstitutional,1,1,3.0
11491,multiparametric,1,1,3.0
11492,multiplex,1,1,3.0
11493,multiplexed,1,1,3.0
11494,multisociety,1,1,3.0
11495,multistakeholder,1,1,3.0
11496,multistep,1,1,3.0
11497,multitissue,1,1,3.0
11498,multivariably,1,1,3.0
11499,murf1,1,1,3.0
11500,muribaculaceae,1,1,3.0
11501,muris,1,1,3.0
11502,muscular,1,1,3.0
11503,musculature,1,1,3.0
11504,mutagenesis,1,1,3.0
11505,muted,1,1,3.0
11506,mutually,1,1,3.0
11507,mws,1,1,3.0
11508,myalgic,1,1,3.0
11509,myelocyte,1,1,3.0
11510,myoblasts,1,1,3.0
11511,myocardium,1,1,3.0
11512,myograph,1,1,3.0
11513,myopathy,1,1,3.0
11514,myosteatosis,1,1,3.0
11515,myricetin,1,1,3.0
11516,n01hc55222,1,1,3.0
11517,n01hc85079,1,1,3.0
11518,n01hc85080,1,1,3.0
11519,n01hc85081,1,1,3.0
11520,n01hc85082,1,1,3.0
11521,n01hc85083,1,1,3.0
11522,n01hc85086,1,1,3.0
11523,n6,1,1,3.0
11524,n93,1,1,3.0
11525,nac,1,1,3.0
11526,nails,1,1,3.0
11527,naldemedine,1,1,3.0
11528,nanoassemblies,1,1,3.0
11529,nanoassembly,1,1,3.0
11530,nanocarriers,1,1,3.0
11531,nanoemulsifying,1,1,3.0
11532,nanofiber,1,1,3.0
11533,nanomedicine,1,1,3.0
11534,nanomicellar,1,1,3.0
11535,nanomicelle,1,1,3.0
11536,nanostructured,1,1,3.0
11537,nanotechnology,1,1,3.0
11538,nanotoxicological,1,1,3.0
11539,narcoms,1,1,3.0
11540,narrates,1,1,3.0
11541,narrower,1,1,3.0
11542,nascent,1,1,3.0
11543,nash,1,1,3.0
11544,naturally,1,1,3.0
11545,nauseating,1,1,3.0
11546,navajo,1,1,3.0
11547,navigates,1,1,3.0
11548,navigation,1,1,3.0
11549,ncep,1,1,3.0
11550,ncfm,1,1,3.0
11551,nct03899402,1,1,3.0
11552,nct04019197,1,1,3.0
11553,nct04153929,1,1,3.0
11554,nct04591782,1,1,3.0
11555,nct04667377,1,1,3.0
11556,nct05013229,1,1,3.0
11557,nct05114018,1,1,3.0
11558,nct05152277,1,1,3.0
11559,nct05199948,1,1,3.0
11560,nct05259033,1,1,3.0
11561,nct05287906,1,1,3.0
11562,nct05352815,1,1,3.0
11563,nct05412004,1,1,3.0
11564,nct05646706,1,1,3.0
11565,nct05813912,1,1,3.0
11566,nct06010004,1,1,3.0
11567,nct06041217,1,1,3.0
11568,nct06066515,1,1,3.0
11569,nct06113146,1,1,3.0
11570,nct06124807,1,1,3.0
11571,nct06162715,1,1,3.0
11572,nct06269107,1,1,3.0
11573,nct06365385,1,1,3.0
11574,nct06410924,1,1,3.0
11575,nct06467604,1,1,3.0
11576,nct06559527,1,1,3.0
11577,nct06770621,1,1,3.0
11578,nct06789263,1,1,3.0
11579,nct06854952,1,1,3.0
11580,nct06973681,1,1,3.0
11581,nct07013409,1,1,3.0
11582,nct07014709,1,1,3.0
11583,nct07370922,1,1,3.0
11584,ndash,1,1,3.0
11585,ndev,1,1,3.0
11586,ndkd,1,1,3.0
11587,necroptosis,1,1,3.0
11588,negated,1,1,3.0
11589,neglecting,1,1,3.0
11590,nemolizumab,1,1,3.0
11591,neoadjuvant,1,1,3.0
11592,neoantigen,1,1,3.0
11593,nephrologic,1,1,3.0
11594,nephrologists,1,1,3.0
11595,nephron,1,1,3.0
11596,nephroprotection,1,1,3.0
11597,nephrotic,1,1,3.0
11598,nephrotoxic,1,1,3.0
11599,neun,1,1,3.0
11600,neuraly,1,1,3.0
11601,neuroanatomical,1,1,3.0
11602,neuroblu,1,1,3.0
11603,neurochemical,1,1,3.0
11604,neurodifferentiation,1,1,3.0
11605,neurofibrillary,1,1,3.0
11606,neurogenic,1,1,3.0
11607,neurogenin,1,1,3.0
11608,neuroglycopenic,1,1,3.0
11609,neurohypophysis,1,1,3.0
11610,neuroimmune,1,1,3.0
11611,neurologic,1,1,3.0
11612,neuromodulatory,1,1,3.0
11613,neuromuscular,1,1,3.0
11614,neurones,1,1,3.0
11615,neuronostatin,1,1,3.0
11616,neuroocular,1,1,3.0
11617,neuropathological,1,1,3.0
11618,neuropeptidey1,1,1,3.0
11619,neuropharmacology,1,1,3.0
11620,neuroplastic,1,1,3.0
11621,neuroscience,1,1,3.0
11622,neurotoxic,1,1,3.0
11623,neurotransmission,1,1,3.0
11624,neurotransmitter,1,1,3.0
11625,neutralisation,1,1,3.0
11626,neutralization,1,1,3.0
11627,neutrophilic,1,1,3.0
11628,nextida,1,1,3.0
11629,nexus,1,1,3.0
11630,ng28,1,1,3.0
11631,nga2,1,1,3.0
11632,ngf,1,1,3.0
11633,niacinamide,1,1,3.0
11634,nic,1,1,3.0
11635,nice,1,1,3.0
11636,niches,1,1,3.0
11637,nicotinic,1,1,3.0
11638,nicotininc,1,1,3.0
11639,nightmare,1,1,3.0
11640,nighttime,1,1,3.0
11641,nigra,1,1,3.0
11642,nigrostriatal,1,1,3.0
11643,nitro,1,1,3.0
11644,nitropyrimidine,1,1,3.0
11645,nitrosative,1,1,3.0
11646,nkx6,1,1,3.0
11647,nlrc4,1,1,3.0
11648,nlrp1b,1,1,3.0
11649,nmda,1,1,3.0
11650,nmnat2,1,1,3.0
11651,nmpa,1,1,3.0
11652,nn1213,1,1,3.0
11653,nnts,1,1,3.0
11654,nodularis,1,1,3.0
11655,nodule,1,1,3.0
11656,nominal,1,1,3.0
11657,nonadherence,1,1,3.0
11658,nonadherent,1,1,3.0
11659,nonalcoholic,1,1,3.0
11660,noncausal,1,1,3.0
11661,noncirrhotic,1,1,3.0
11662,nonclassical,1,1,3.0
11663,nonclinical,1,1,3.0
11664,noncomparative,1,1,3.0
11665,nondestructive,1,1,3.0
11666,nondialysis,1,1,3.0
11667,nonearly,1,1,3.0
11668,noneligible,1,1,3.0
11669,nonemergent,1,1,3.0
11670,nonenforced,1,1,3.0
11671,nonesterified,1,1,3.0
11672,nonglp,1,1,3.0
11673,noninfectious,1,1,3.0
11674,noninformative,1,1,3.0
11675,noninvasively,1,1,3.0
11676,nonmaleficence,1,1,3.0
11677,nonmetabolic,1,1,3.0
11678,nonmutually,1,1,3.0
11679,nonnutritive,1,1,3.0
11680,nonopioid,1,1,3.0
11681,nonparametric,1,1,3.0
11682,nonpeptide,1,1,3.0
11683,nonpharmacological,1,1,3.0
11684,nonpsychiatric,1,1,3.0
11685,nonrenal,1,1,3.0
11686,nonspecific,1,1,3.0
11687,nonstandard,1,1,3.0
11688,nonsurgical,1,1,3.0
11689,nonuse,1,1,3.0
11690,nordicc3m,1,1,3.0
11691,normalise,1,1,3.0
11692,normalize,1,1,3.0
11693,normalizing,1,1,3.0
11694,normo,1,1,3.0
11695,normoglycemia,1,1,3.0
11696,normotensive,1,1,3.0
11697,northern,1,1,3.0
11698,norway,1,1,3.0
11699,notes,1,1,3.0
11700,notherapeutic,1,1,3.0
11701,noting,1,1,3.0
11702,notoriety,1,1,3.0
11703,nov,1,1,3.0
11704,npo,1,1,3.0
11705,nps,1,1,3.0
11706,nrem,1,1,3.0
11707,nsmra,1,1,3.0
11708,nt5e,1,1,3.0
11709,ntcp,1,1,3.0
11710,nuanced,1,1,3.0
11711,nuances,1,1,3.0
11712,nullified,1,1,3.0
11713,numberically,1,1,3.0
11714,numeric,1,1,3.0
11715,nurse,1,1,3.0
11716,nurses,1,1,3.0
11717,nursing,1,1,3.0
11718,nush,1,1,3.0
11719,nutritionally,1,1,3.0
11720,nw,1,1,3.0
11721,nω,1,1,3.0
11722,o2k,1,1,3.0
11723,oac,1,1,3.0
11724,oatps,1,1,3.0
11725,oats,1,1,3.0
11726,oaxaca,1,1,3.0
11727,obesity1,1,1,3.0
11728,obesogenic,1,1,3.0
11729,objectionable,1,1,3.0
11730,objectivesglucagon,1,1,3.0
11731,objectivesto,1,1,3.0
11732,objectiveto,1,1,3.0
11733,obligation,1,1,3.0
11734,obligations,1,1,3.0
11735,obscures,1,1,3.0
11736,obstacles,1,1,3.0
11737,obstetrical,1,1,3.0
11738,obstetricians,1,1,3.0
11739,obvious,1,1,3.0
11740,occasionally,1,1,3.0
11741,occasions,1,1,3.0
11742,occupational,1,1,3.0
11743,occupy,1,1,3.0
11744,occurrences,1,1,3.0
11745,oceania,1,1,3.0
11746,oct1,1,1,3.0
11747,oct2,1,1,3.0
11748,oculomotor,1,1,3.0
11749,oecd,1,1,3.0
11750,ofcollagen,1,1,3.0
11751,offerings,1,1,3.0
11752,offices,1,1,3.0
11753,offloading,1,1,3.0
11754,offset,1,1,3.0
11755,offsetting,1,1,3.0
11756,oh,1,1,3.0
11757,ohdg,1,1,3.0
11758,ohio,1,1,3.0
11759,ojag080,1,1,3.0
11760,oldest,1,1,3.0
11761,oleoyl,1,1,3.0
11762,oligo,1,1,3.0
11763,oligomerization,1,1,3.0
11764,oligonucleotide,1,1,3.0
11765,oligonucleotides,1,1,3.0
11766,omission,1,1,3.0
11767,omitted,1,1,3.0
11768,omnibus,1,1,3.0
11769,omop,1,1,3.0
11770,oneflorida,1,1,3.0
11771,oniglt,1,1,3.0
11772,oniglts,1,1,3.0
11773,onions,1,1,3.0
11774,onlinemeta,1,1,3.0
11775,ontario,1,1,3.0
11776,onto,1,1,3.0
11777,ontologies,1,1,3.0
11778,ontology,1,1,3.0
11779,onward,1,1,3.0
11780,op,1,1,3.0
11781,openalex,1,1,3.0
11782,opened,1,1,3.0
11783,operate,1,1,3.0
11784,operation,1,1,3.0
11785,operationalised,1,1,3.0
11786,operations,1,1,3.0
11787,ophiopogon,1,1,3.0
11788,opiates,1,1,3.0
11789,opinions,1,1,3.0
11790,opiomelanocortin,1,1,3.0
11791,opposed,1,1,3.0
11792,opposing,1,1,3.0
11793,opposite,1,1,3.0
11794,opt,1,1,3.0
11795,optical,1,1,3.0
11796,optimised,1,1,3.0
11797,opting,1,1,3.0
11798,optumlabs,1,1,3.0
11799,orbital,1,1,3.0
11800,ordering,1,1,3.0
11801,orexin,1,1,3.0
11802,organellar,1,1,3.0
11803,organelles,1,1,3.0
11804,organised,1,1,3.0
11805,organize,1,1,3.0
11806,organizing,1,1,3.0
11807,orgasm,1,1,3.0
11808,oro,1,1,3.0
11809,oroboros,1,1,3.0
11810,oromucosal,1,1,3.0
11811,oropharyngeal,1,1,3.0
11812,orthokeratology,1,1,3.0
11813,orthopedic,1,1,3.0
11814,oscillations,1,1,3.0
11815,osmolality,1,1,3.0
11816,osteoblast,1,1,3.0
11817,osteoblastic,1,1,3.0
11818,osteocyte,1,1,3.0
11819,osteopenia,1,1,3.0
11820,osteopontin,1,1,3.0
11821,otalgia,1,1,3.0
11822,otolaryngologic,1,1,3.0
11823,otologic,1,1,3.0
11824,otoscopic,1,1,3.0
11825,otu,1,1,3.0
11826,ourselves,1,1,3.0
11827,outer,1,1,3.0
11828,outlining,1,1,3.0
11829,outlying,1,1,3.0
11830,outperform,1,1,3.0
11831,outperforming,1,1,3.0
11832,outputs,1,1,3.0
11833,outs,1,1,3.0
11834,outstanding,1,1,3.0
11835,ovariectomized,1,1,3.0
11836,ovatus,1,1,3.0
11837,overarching,1,1,3.0
11838,overcoming,1,1,3.0
11839,overconsumption,1,1,3.0
11840,overdue,1,1,3.0
11841,overestimation,1,1,3.0
11842,overlapped,1,1,3.0
11843,overlaps,1,1,3.0
11844,overnutrition,1,1,3.0
11845,overstate,1,1,3.0
11846,ovulatory,1,1,3.0
11847,ow,1,1,3.0
11848,ownership,1,1,3.0
11849,oxalate,1,1,3.0
11850,oxazole,1,1,3.0
11851,oxford,1,1,3.0
11852,oxidant,1,1,3.0
11853,oxo,1,1,3.0
11854,oxybate,1,1,3.0
11855,ozone,1,1,3.0
11856,ozympic,1,1,3.0
11857,p62,1,1,3.0
11858,pace,1,1,3.0
11859,packaging,1,1,3.0
11860,page,1,1,3.0
11861,pah,1,1,3.0
11862,paid,1,1,3.0
11863,painless,1,1,3.0
11864,palliated,1,1,3.0
11865,palm,1,1,3.0
11866,palmitoyl,1,1,3.0
11867,pancrelipase,1,1,3.0
11868,pancytopenia,1,1,3.0
11869,pandemic,1,1,3.0
11870,panellists,1,1,3.0
11871,papilla,1,1,3.0
11872,parabrachial,1,1,3.0
11873,paracardiac,1,1,3.0
11874,paracasei,1,1,3.0
11875,paracetamol,1,1,3.0
11876,paradoxically,1,1,3.0
11877,paragasseri,1,1,3.0
11878,parallels,1,1,3.0
11879,paramount,1,1,3.0
11880,parapharyngeal,1,1,3.0
11881,parasympathetic,1,1,3.0
11882,parathyroid,1,1,3.0
11883,parenteral,1,1,3.0
11884,parents,1,1,3.0
11885,parity,1,1,3.0
11886,park7,1,1,3.0
11887,parkinsonian,1,1,3.0
11888,paroxetine,1,1,3.0
11889,parp,1,1,3.0
11890,participating,1,1,3.0
11891,participation,1,1,3.0
11892,partitioning,1,1,3.0
11893,partum,1,1,3.0
11894,party,1,1,3.0
11895,patch,1,1,3.0
11896,patches,1,1,3.0
11897,patchy,1,1,3.0
11898,patellar,1,1,3.0
11899,patency,1,1,3.0
11900,paternally,1,1,3.0
11901,path,1,1,3.0
11902,pathobiology,1,1,3.0
11903,pathobiont,1,1,3.0
11904,pathobionts,1,1,3.0
11905,pathologic,1,1,3.0
11906,paths,1,1,3.0
11907,patid,1,1,3.0
11908,pause,1,1,3.0
11909,pave,1,1,3.0
11910,paving,1,1,3.0
11911,pcgrimage,1,1,3.0
11912,pd3,1,1,3.0
11913,pdx1,1,1,3.0
11914,peaking,1,1,3.0
11915,pearldiver,1,1,3.0
11916,pediatrician,1,1,3.0
11917,pediatricians,1,1,3.0
11918,peers,1,1,3.0
11919,pef,1,1,3.0
11920,pegol,1,1,3.0
11921,pem,1,1,3.0
11922,pemafibrate,1,1,3.0
11923,pemphigoid,1,1,3.0
11924,pemphigus,1,1,3.0
11925,penetrative,1,1,3.0
11926,pentose,1,1,3.0
11927,pentoxifylline,1,1,3.0
11928,pepsin,1,1,3.0
11929,percentages,1,1,3.0
11930,perceptual,1,1,3.0
11931,pericentral,1,1,3.0
11932,periconceptual,1,1,3.0
11933,pericytes,1,1,3.0
11934,perinatal,1,1,3.0
11935,perinephric,1,1,3.0
11936,periodic,1,1,3.0
11937,peripapillary,1,1,3.0
11938,peripartum,1,1,3.0
11939,peripherally,1,1,3.0
11940,perirenal,1,1,3.0
11941,peristaltic,1,1,3.0
11942,peritubal,1,1,3.0
11943,perivascular,1,1,3.0
11944,permanent,1,1,3.0
11945,permeable,1,1,3.0
11946,permit,1,1,3.0
11947,permutational,1,1,3.0
11948,peroxisomes,1,1,3.0
11949,perpetuate,1,1,3.0
11950,personal,1,1,3.0
11951,personnel,1,1,3.0
11952,persons,1,1,3.0
11953,pertinent,1,1,3.0
11954,perturb,1,1,3.0
11955,peru,1,1,3.0
11956,peto,1,1,3.0
11957,pfc,1,1,3.0
11958,pfizer,1,1,3.0
11959,pfs,1,1,3.0
11960,pgf,1,1,3.0
11961,pharma,1,1,3.0
11962,pharmaca,1,1,3.0
11963,pharmacoengineering,1,1,3.0
11964,pharmacogenetics,1,1,3.0
11965,pharmacologicallysubstantially,1,1,3.0
11966,pharmacomicrobiomics,1,1,3.0
11967,pharmatech,1,1,3.0
11968,pharmetrics,1,1,3.0
11969,phased,1,1,3.0
11970,phenoage,1,1,3.0
11971,phenyl,1,1,3.0
11972,phenylindole,1,1,3.0
11973,phenylketonuria,1,1,3.0
11974,philosophical,1,1,3.0
11975,phluorin,1,1,3.0
11976,phospho,1,1,3.0
11977,phosphocholine,1,1,3.0
11978,phospholamban,1,1,3.0
11979,phosphoproteomics,1,1,3.0
11980,phosphorus,1,1,3.0
11981,photon,1,1,3.0
11982,photos,1,1,3.0
11983,phototypes,1,1,3.0
11984,php,1,1,3.0
11985,phycocyanin,1,1,3.0
11986,phylogenetic,1,1,3.0
11987,phylogenetics,1,1,3.0
11988,physically,1,1,3.0
11989,phytosomes,1,1,3.0
11990,picots,1,1,3.0
11991,picrosirius,1,1,3.0
11992,picture,1,1,3.0
11993,pid,1,1,3.0
11994,pill,1,1,3.0
11995,pills,1,1,3.0
11996,pimonidazole,1,1,3.0
11997,pink1,1,1,3.0
11998,pioneer,1,1,3.0
11999,piracetam,1,1,3.0
12000,pitfalls,1,1,3.0
12001,pitnet,1,1,3.0
12002,pitolisant,1,1,3.0
12003,pkcβ,1,1,3.0
12004,pkd1,1,1,3.0
12005,pks,1,1,3.0
12006,placental,1,1,3.0
12007,plate,1,1,3.0
12008,plateau,1,1,3.0
12009,plateauing,1,1,3.0
12010,plateaus,1,1,3.0
12011,player,1,1,3.0
12012,plc,1,1,3.0
12013,please,1,1,3.0
12014,plication,1,1,3.0
12015,pls,1,1,3.0
12016,plumpness,1,1,3.0
12017,pluripotent,1,1,3.0
12018,pmaindet2,1,1,3.0
12019,pneumonitis,1,1,3.0
12020,pnpla3,1,1,3.0
12021,podocytes,1,1,3.0
12022,podtrac,1,1,3.0
12023,poentially,1,1,3.0
12024,pointing,1,1,3.0
12025,poisoning,1,1,3.0
12026,poland,1,1,3.0
12027,polar,1,1,3.0
12028,polarized,1,1,3.0
12029,policymakers,1,1,3.0
12030,polyagonist,1,1,3.0
12031,polyamine,1,1,3.0
12032,polyarthropathies,1,1,3.0
12033,polydipsia,1,1,3.0
12034,polyethylene,1,1,3.0
12035,polygonatum,1,1,3.0
12036,polyhormonal,1,1,3.0
12037,polylactide,1,1,3.0
12038,polymer,1,1,3.0
12039,polymerase,1,1,3.0
12040,polymethyl,1,1,3.0
12041,polypeptid,1,1,3.0
12042,polyphagia,1,1,3.0
12043,polyphenol,1,1,3.0
12044,polysynaptic,1,1,3.0
12045,pomegranate,1,1,3.0
12046,popc,1,1,3.0
12047,popping,1,1,3.0
12048,populace,1,1,3.0
12049,popularized,1,1,3.0
12050,populationlevel,1,1,3.0
12051,porosity,1,1,3.0
12052,porphyria,1,1,3.0
12053,porphyromonas,1,1,3.0
12054,posibil6eskd,1,1,3.0
12055,positing,1,1,3.0
12056,positivity,1,1,3.0
12057,possessing,1,1,3.0
12058,postacute,1,1,3.0
12059,postexertional,1,1,3.0
12060,postmenopause,1,1,3.0
12061,postmortem,1,1,3.0
12062,postprandially,1,1,3.0
12063,postrema,1,1,3.0
12064,posttransplantation,1,1,3.0
12065,potentialmolecular,1,1,3.0
12066,potentiating,1,1,3.0
12067,poultry,1,1,3.0
12068,pound,1,1,3.0
12069,powerfully,1,1,3.0
12070,ppard,1,1,3.0
12071,ppm,1,1,3.0
12072,pppm,1,1,3.0
12073,practitioners,1,1,3.0
12074,pramlintide,1,1,3.0
12075,prazosin,1,1,3.0
12076,preabsorption,1,1,3.0
12077,preadolescent,1,1,3.0
12078,prebiotic,1,1,3.0
12079,precede,1,1,3.0
12080,precipitates,1,1,3.0
12081,precipitating,1,1,3.0
12082,precipitation,1,1,3.0
12083,preclinically,1,1,3.0
12084,precluded,1,1,3.0
12085,precocious,1,1,3.0
12086,predictable,1,1,3.0
12087,predispose,1,1,3.0
12088,predisposed,1,1,3.0
12089,predisposes,1,1,3.0
12090,predispositions,1,1,3.0
12091,predominate,1,1,3.0
12092,predominated,1,1,3.0
12093,predominately,1,1,3.0
12094,preferable,1,1,3.0
12095,prefrontal,1,1,3.0
12096,pregnenolone,1,1,3.0
12097,prejudice,1,1,3.0
12098,premier,1,1,3.0
12099,preparing,1,1,3.0
12100,preproglucagon,1,1,3.0
12101,preregister,1,1,3.0
12102,preregistration,1,1,3.0
12103,prescribe,1,1,3.0
12104,presenters,1,1,3.0
12105,pressing,1,1,3.0
12106,presumably,1,1,3.0
12107,presumed,1,1,3.0
12108,presystemic,1,1,3.0
12109,pretreated,1,1,3.0
12110,preventable,1,1,3.0
12111,preventative,1,1,3.0
12112,preventt2,1,1,3.0
12113,primates,1,1,3.0
12114,prime,1,1,3.0
12115,priming,1,1,3.0
12116,primitive,1,1,3.0
12117,priori,1,1,3.0
12118,prioritise,1,1,3.0
12119,prioritising,1,1,3.0
12120,prioritization,1,1,3.0
12121,prioritizes,1,1,3.0
12122,prisons,1,1,3.0
12123,privileged,1,1,3.0
12124,proactively,1,1,3.0
12125,proband,1,1,3.0
12126,probes,1,1,3.0
12127,probing,1,1,3.0
12128,problematic,1,1,3.0
12129,probucol,1,1,3.0
12130,proceedings,1,1,3.0
12131,procurement,1,1,3.0
12132,procyanidins,1,1,3.0
12133,prodrugs,1,1,3.0
12134,productivities,1,1,3.0
12135,produxion,1,1,3.0
12136,professions,1,1,3.0
12137,profiled,1,1,3.0
12138,profit,1,1,3.0
12139,progenitors,1,1,3.0
12140,progesterone,1,1,3.0
12141,progestogen,1,1,3.0
12142,prognostication,1,1,3.0
12143,programmatic,1,1,3.0
12144,progranulin,1,1,3.0
12145,progressing,1,1,3.0
12146,prohibited,1,1,3.0
12147,proinflammatory,1,1,3.0
12148,projection,1,1,3.0
12149,projects,1,1,3.0
12150,prolactin,1,1,3.0
12151,prolific,1,1,3.0
12152,prolongation,1,1,3.0
12153,prolongs,1,1,3.0
12154,prominently,1,1,3.0
12155,promises,1,1,3.0
12156,promotemitophagic,1,1,3.0
12157,prompting,1,1,3.0
12158,promptly,1,1,3.0
12159,promyelocyte,1,1,3.0
12160,pronged,1,1,3.0
12161,propagate,1,1,3.0
12162,propanoate,1,1,3.0
12163,propanoic,1,1,3.0
12164,propelled,1,1,3.0
12165,proportionately,1,1,3.0
12166,proposals,1,1,3.0
12167,propositions,1,1,3.0
12168,proprotein,1,1,3.0
12169,proquest,1,1,3.0
12170,pros,1,1,3.0
12171,prospects,1,1,3.0
12172,protease,1,1,3.0
12173,protects,1,1,3.0
12174,proteostatic,1,1,3.0
12175,proteotoxicity,1,1,3.0
12176,prototypical,1,1,3.0
12177,prove,1,1,3.0
12178,proved,1,1,3.0
12179,provinces,1,1,3.0
12180,provocative,1,1,3.0
12181,proxies,1,1,3.0
12182,proximity,1,1,3.0
12183,prp,1,1,3.0
12184,prurigo,1,1,3.0
12185,pruritic,1,1,3.0
12186,pseudonymised,1,1,3.0
12187,pseudopapilloedema,1,1,3.0
12188,psg,1,1,3.0
12189,psychedelic,1,1,3.0
12190,psychedelics,1,1,3.0
12191,psychinfo,1,1,3.0
12192,psychodietetics,1,1,3.0
12193,psychomotor,1,1,3.0
12194,psychopathological,1,1,3.0
12195,psychopharmacological,1,1,3.0
12196,psychosis,1,1,3.0
12197,psychostimulants,1,1,3.0
12198,psychotherapy,1,1,3.0
12199,psychotropics,1,1,3.0
12200,psycinfo,1,1,3.0
12201,pth,1,1,3.0
12202,pufa,1,1,3.0
12203,pufas,1,1,3.0
12204,puget,1,1,3.0
12205,pull,1,1,3.0
12206,pullulan,1,1,3.0
12207,pulsatility,1,1,3.0
12208,pumps,1,1,3.0
12209,puncture,1,1,3.0
12210,pupil,1,1,3.0
12211,purchasable,1,1,3.0
12212,purchase,1,1,3.0
12213,purchased,1,1,3.0
12214,purchasing,1,1,3.0
12215,pure,1,1,3.0
12216,purification,1,1,3.0
12217,purine,1,1,3.0
12218,purkinje,1,1,3.0
12219,purported,1,1,3.0
12220,pursue,1,1,3.0
12221,pursued,1,1,3.0
12222,pushing,1,1,3.0
12223,pwt2d,1,1,3.0
12224,pycard,1,1,3.0
12225,pyd,1,1,3.0
12226,pyridoxamine,1,1,3.0
12227,pyrimidine,1,1,3.0
12228,q1,1,1,3.0
12229,q2,1,1,3.0
12230,q48,1,1,3.0
12231,q48h,1,1,3.0
12232,qf,1,1,3.0
12233,qrt,1,1,3.0
12234,qst,1,1,3.0
12235,qt,1,1,3.0
12236,quadriceps,1,1,3.0
12237,qualities,1,1,3.0
12238,quantifiable,1,1,3.0
12239,quantifies,1,1,3.0
12240,quantitation,1,1,3.0
12241,quantum,1,1,3.0
12242,quarters,1,1,3.0
12243,quartile,1,1,3.0
12244,questioned,1,1,3.0
12245,quit,1,1,3.0
12246,quite,1,1,3.0
12247,quote,1,1,3.0
12248,quoted,1,1,3.0
12249,r000055239,1,1,3.0
12250,r000055242,1,1,3.0
12251,r01ag023629,1,1,3.0
12252,r01hl144483,1,1,3.0
12253,r01hl146145,1,1,3.0
12254,r01hl172803,1,1,3.0
12255,r12,1,1,3.0
12256,r5,1,1,3.0
12257,radioactive,1,1,3.0
12258,radiotracers,1,1,3.0
12259,ram,1,1,3.0
12260,raman,1,1,3.0
12261,rams,1,1,3.0
12262,ran,1,1,3.0
12263,ranitidine,1,1,3.0
12264,ranks,1,1,3.0
12265,rarer,1,1,3.0
12266,rash,1,1,3.0
12267,rasis,1,1,3.0
12268,rating,1,1,3.0
12269,rationales,1,1,3.0
12270,rationalized,1,1,3.0
12271,rationally,1,1,3.0
12272,rationing,1,1,3.0
12273,raw264,1,1,3.0
12274,rbd,1,1,3.0
12275,rcc,1,1,3.0
12276,reactivation,1,1,3.0
12277,reader,1,1,3.0
12278,reading,1,1,3.0
12279,realise,1,1,3.0
12280,realised,1,1,3.0
12281,realizing,1,1,3.0
12282,reanalyzed,1,1,3.0
12283,rearrangements,1,1,3.0
12284,reasonably,1,1,3.0
12285,reassignment,1,1,3.0
12286,rebounded,1,1,3.0
12287,recalculation,1,1,3.0
12288,recall,1,1,3.0
12289,recalled,1,1,3.0
12290,recalls,1,1,3.0
12291,receives,1,1,3.0
12292,recipient,1,1,3.0
12293,reciprocal,1,1,3.0
12294,reclaim,1,1,3.0
12295,reclassify,1,1,3.0
12296,recognisable,1,1,3.0
12297,recognising,1,1,3.0
12298,recognizes,1,1,3.0
12299,recolonization,1,1,3.0
12300,reconcilable,1,1,3.0
12301,reconcile,1,1,3.0
12302,reconciliation,1,1,3.0
12303,reconfigure,1,1,3.0
12304,reconfigures,1,1,3.0
12305,reconstruct,1,1,3.0
12306,reconstructive,1,1,3.0
12307,reconstructs,1,1,3.0
12308,recordings,1,1,3.0
12309,recoveries,1,1,3.0
12310,recruiting,1,1,3.0
12311,recruits,1,1,3.0
12312,rectal,1,1,3.0
12313,recurrences,1,1,3.0
12314,recycling,1,1,3.0
12315,reddit,1,1,3.0
12316,reductionist,1,1,3.0
12317,refer,1,1,3.0
12318,referable,1,1,3.0
12319,refinement,1,1,3.0
12320,refining,1,1,3.0
12321,reflection,1,1,3.0
12322,refraction,1,1,3.0
12323,reframes,1,1,3.0
12324,refresh,1,1,3.0
12325,refute,1,1,3.0
12326,refuted,1,1,3.0
12327,regenerate,1,1,3.0
12328,registrated,1,1,3.0
12329,registrations,1,1,3.0
12330,regularly,1,1,3.0
12331,rehearsed,1,1,3.0
12332,reimbursed,1,1,3.0
12333,reinforce,1,1,3.0
12334,reinforces,1,1,3.0
12335,reinstated,1,1,3.0
12336,reinstatement,1,1,3.0
12337,reintervention,1,1,3.0
12338,reintroduced,1,1,3.0
12339,rejecting,1,1,3.0
12340,rejects,1,1,3.0
12341,rejuvenation,1,1,3.0
12342,relating,1,1,3.0
12343,relays,1,1,3.0
12344,releases,1,1,3.0
12345,releasing,1,1,3.0
12346,relied,1,1,3.0
12347,rem,1,1,3.0
12348,remainder,1,1,3.0
12349,remarkably,1,1,3.0
12350,remediation,1,1,3.0
12351,remimazolam,1,1,3.0
12352,remnant,1,1,3.0
12353,remotely,1,1,3.0
12354,remove,1,1,3.0
12355,removing,1,1,3.0
12356,ren,1,1,3.0
12357,rencofilstat,1,1,3.0
12358,renewal,1,1,3.0
12359,renji,1,1,3.0
12360,reorganized,1,1,3.0
12361,reorient,1,1,3.0
12362,repaglinide,1,1,3.0
12363,repeatedly,1,1,3.0
12364,repeating,1,1,3.0
12365,reperfusion,1,1,3.0
12366,repetitive,1,1,3.0
12367,replaced,1,1,3.0
12368,replenished,1,1,3.0
12369,replenishment,1,1,3.0
12370,reportedly,1,1,3.0
12371,repression,1,1,3.0
12372,repressor,1,1,3.0
12373,reproduce,1,1,3.0
12374,reproducibly,1,1,3.0
12375,reprograming,1,1,3.0
12376,reprograms,1,1,3.0
12377,repulsive,1,1,3.0
12378,requests,1,1,3.0
12379,resamples,1,1,3.0
12380,rescaled,1,1,3.0
12381,rescues,1,1,3.0
12382,rescuing,1,1,3.0
12383,researched,1,1,3.0
12384,researches,1,1,3.0
12385,resection,1,1,3.0
12386,resemble,1,1,3.0
12387,resembling,1,1,3.0
12388,resent,1,1,3.0
12389,reserving,1,1,3.0
12390,reset,1,1,3.0
12391,reside,1,1,3.0
12392,resident,1,1,3.0
12393,residing,1,1,3.0
12394,residue,1,1,3.0
12395,resist,1,1,3.0
12396,resists,1,1,3.0
12397,resmetiron,1,1,3.0
12398,resolves,1,1,3.0
12399,resolving,1,1,3.0
12400,respirometer,1,1,3.0
12401,respond,1,1,3.0
12402,responsibility,1,1,3.0
12403,restabilisation,1,1,3.0
12404,restorative,1,1,3.0
12405,restricting,1,1,3.0
12406,restrictive,1,1,3.0
12407,restructuring,1,1,3.0
12408,results608,1,1,3.0
12409,resultsa,1,1,3.0
12410,resultsamong,1,1,3.0
12411,resultsdemonstrate,1,1,3.0
12412,resultsglp,1,1,3.0
12413,resultshigher,1,1,3.0
12414,resultsthe,1,1,3.0
12415,resumption,1,1,3.0
12416,resurgence,1,1,3.0
12417,retears,1,1,3.0
12418,retina,1,1,3.0
12419,retinoids,1,1,3.0
12420,retrieval,1,1,3.0
12421,returning,1,1,3.0
12422,reuptake,1,1,3.0
12423,reusing,1,1,3.0
12424,reuteri,1,1,3.0
12425,reverses,1,1,3.0
12426,reversibly,1,1,3.0
12427,revert,1,1,3.0
12428,reviewer,1,1,3.0
12429,reviewing,1,1,3.0
12430,revisional,1,1,3.0
12431,revisits,1,1,3.0
12432,revman,1,1,3.0
12433,revolutionizing,1,1,3.0
12434,rewind,1,1,3.0
12435,rewiring,1,1,3.0
12436,rewriting,1,1,3.0
12437,rezdiffra,1,1,3.0
12438,rfr,1,1,3.0
12439,rfrs,1,1,3.0
12440,rfs,1,1,3.0
12441,rgcvia,1,1,3.0
12442,rheumatic,1,1,3.0
12443,rheumatoid,1,1,3.0
12444,rheumatoidarthritis,1,1,3.0
12445,rhythms,1,1,3.0
12446,ribonucleic,1,1,3.0
12447,ribonucleotides,1,1,3.0
12448,riboside,1,1,3.0
12449,richness,1,1,3.0
12450,rifamycin,1,1,3.0
12451,rife,1,1,3.0
12452,rigor,1,1,3.0
12453,rigorously,1,1,3.0
12454,rip,1,1,3.0
12455,ripe,1,1,3.0
12456,ripk3,1,1,3.0
12457,risking,1,1,3.0
12458,risky,1,1,3.0
12459,rival,1,1,3.0
12460,rivals,1,1,3.0
12461,riyadh,1,1,3.0
12462,riz,1,1,3.0
12463,rizatriptan,1,1,3.0
12464,rnas,1,1,3.0
12465,rob2,1,1,3.0
12466,rockwood,1,1,3.0
12467,rodentium,1,1,3.0
12468,rolipram,1,1,3.0
12469,romboutsia,1,1,3.0
12470,roots,1,1,3.0
12471,roscohumeanols,1,1,3.0
12472,roughly,1,1,3.0
12473,round,1,1,3.0
12474,routines,1,1,3.0
12475,rps6,1,1,3.0
12476,rs13429709,1,1,3.0
12477,rs156003,1,1,3.0
12478,rs17574,1,1,3.0
12479,rs2235868,1,1,3.0
12480,rsn,1,1,3.0
12481,rst25n,1,1,3.0
12482,ruboxistaurin,1,1,3.0
12483,ruled,1,1,3.0
12484,ruminants,1,1,3.0
12485,ruminococcaceae,1,1,3.0
12486,running,1,1,3.0
12487,runtime,1,1,3.0
12488,rvx,1,1,3.0
12489,ryanodine,1,1,3.0
12490,ryr2,1,1,3.0
12491,r²,1,1,3.0
12492,s1p,1,1,3.0
12493,s1p1,1,1,3.0
12494,s6,1,1,3.0
12495,saccharolytic,1,1,3.0
12496,saccharomyces,1,1,3.0
12497,sachet,1,1,3.0
12498,sachets,1,1,3.0
12499,sacubitril,1,1,3.0
12500,sad,1,1,3.0
12501,safeguards,1,1,3.0
12502,salacia,1,1,3.0
12503,sales,1,1,3.0
12504,saligenin,1,1,3.0
12505,salty,1,1,3.0
12506,salud,1,1,3.0
12507,sameness,1,1,3.0
12508,sanger,1,1,3.0
12509,sanghuangporus,1,1,3.0
12510,sar,1,1,3.0
12511,sarcolemmal,1,1,3.0
12512,sas,1,1,3.0
12513,saving,1,1,3.0
12514,savings,1,1,3.0
12515,saw,1,1,3.0
12516,sax,1,1,3.0
12517,saxenda,1,1,3.0
12518,saxs,1,1,3.0
12519,sbm,1,1,3.0
12520,scalability,1,1,3.0
12521,scaled,1,1,3.0
12522,scarcely,1,1,3.0
12523,scattered,1,1,3.0
12524,scavenged,1,1,3.0
12525,scd,1,1,3.0
12526,schedule,1,1,3.0
12527,scheduler,1,1,3.0
12528,schedules,1,1,3.0
12529,scid,1,1,3.0
12530,scientifically,1,1,3.0
12531,scintigraphic,1,1,3.0
12532,scintigraphy,1,1,3.0
12533,sciwind,1,1,3.0
12534,sclerostin,1,1,3.0
12535,score2,1,1,3.0
12536,screenings,1,1,3.0
12537,screens,1,1,3.0
12538,sctr,1,1,3.0
12539,scx,1,1,3.0
12540,sds,1,1,3.0
12541,seasonings,1,1,3.0
12542,seborrheic,1,1,3.0
12543,secondarily,1,1,3.0
12544,secret,1,1,3.0
12545,secretagogic,1,1,3.0
12546,secretomes,1,1,3.0
12547,sectors,1,1,3.0
12548,secukinumab,1,1,3.0
12549,secular,1,1,3.0
12550,security,1,1,3.0
12551,sedative,1,1,3.0
12552,sedimentation,1,1,3.0
12553,seekers,1,1,3.0
12554,seem,1,1,3.0
12555,segmental,1,1,3.0
12556,segregation,1,1,3.0
12557,sell,1,1,3.0
12558,selonsertib,1,1,3.0
12559,semiannual,1,1,3.0
12560,seminal,1,1,3.0
12561,seminar,1,1,3.0
12562,seminars,1,1,3.0
12563,seminiferous,1,1,3.0
12564,seniors,1,1,3.0
12565,senomorphic,1,1,3.0
12566,sensations,1,1,3.0
12567,sensed,1,1,3.0
12568,sent,1,1,3.0
12569,sentiment,1,1,3.0
12570,sentiments,1,1,3.0
12571,sentinel,1,1,3.0
12572,seoul,1,1,3.0
12573,separating,1,1,3.0
12574,ser235,1,1,3.0
12575,ser236,1,1,3.0
12576,ser31,1,1,3.0
12577,ser9,1,1,3.0
12578,sera,1,1,3.0
12579,serca2a,1,1,3.0
12580,serendipitous,1,1,3.0
12581,serially,1,1,3.0
12582,serotonin,1,1,3.0
12583,ses,1,1,3.0
12584,settled,1,1,3.0
12585,seventeen,1,1,3.0
12586,sexually,1,1,3.0
12587,sgc,1,1,3.0
12588,sgl2,1,1,3.0
12589,sglt1,1,1,3.0
12590,sh,1,1,3.0
12591,shams,1,1,3.0
12592,shannon,1,1,3.0
12593,shanxi,1,1,3.0
12594,shaping,1,1,3.0
12595,shapley,1,1,3.0
12596,shareholder,1,1,3.0
12597,sharjah,1,1,3.0
12598,sharp,1,1,3.0
12599,sharpness,1,1,3.0
12600,shemountain,1,1,3.0
12601,shigella,1,1,3.0
12602,shipt,1,1,3.0
12603,shocks,1,1,3.0
12604,shoot,1,1,3.0
12605,shopper,1,1,3.0
12606,shore,1,1,3.0
12607,shortened,1,1,3.0
12608,shortens,1,1,3.0
12609,shortform,1,1,3.0
12610,shotgun,1,1,3.0
12611,shoulder,1,1,3.0
12612,showcasing,1,1,3.0
12613,shrinker,1,1,3.0
12614,shrs,1,1,3.0
12615,sickest,1,1,3.0
12616,sickle,1,1,3.0
12617,sidik,1,1,3.0
12618,sigma,1,1,3.0
12619,sign,1,1,3.0
12620,signaled,1,1,3.0
12621,signify,1,1,3.0
12622,siloed,1,1,3.0
12623,singhealth,1,1,3.0
12624,singleton,1,1,3.0
12625,sinking,1,1,3.0
12626,sino,1,1,3.0
12627,sinopulmonary,1,1,3.0
12628,sinusitis,1,1,3.0
12629,sinusoidal,1,1,3.0
12630,sirius,1,1,3.0
12631,sirt,1,1,3.0
12632,sirt7,1,1,3.0
12633,sitosterol,1,1,3.0
12634,six3,1,1,3.0
12635,skewed,1,1,3.0
12636,skills,1,1,3.0
12637,sl,1,1,3.0
12638,slaughter,1,1,3.0
12639,slc25a33,1,1,3.0
12640,slc2a2,1,1,3.0
12641,slc5a2,1,1,3.0
12642,sleeping,1,1,3.0
12643,slight,1,1,3.0
12644,slimness,1,1,3.0
12645,slns,1,1,3.0
12646,slower,1,1,3.0
12647,smallest,1,1,3.0
12648,snacks,1,1,3.0
12649,snapshot,1,1,3.0
12650,snp,1,1,3.0
12651,sns,1,1,3.0
12652,sociability,1,1,3.0
12653,societies,1,1,3.0
12654,socioeconomically,1,1,3.0
12655,sociomedical,1,1,3.0
12656,sociopolitical,1,1,3.0
12657,softened,1,1,3.0
12658,soil,1,1,3.0
12659,soleus,1,1,3.0
12660,solitary,1,1,3.0
12661,solriamfetol,1,1,3.0
12662,solutions,1,1,3.0
12663,solvent,1,1,3.0
12664,solvents,1,1,3.0
12665,sometimes,1,1,3.0
12666,somnolence,1,1,3.0
12667,soon,1,1,3.0
12668,sorted,1,1,3.0
12669,sortilin,1,1,3.0
12670,sost,1,1,3.0
12671,sound,1,1,3.0
12672,sounds,1,1,3.0
12673,sox4,1,1,3.0
12674,soybean,1,1,3.0
12675,sp,1,1,3.0
12676,span,1,1,3.0
12677,spanned,1,1,3.0
12678,sparing,1,1,3.0
12679,spark,1,1,3.0
12680,speaking,1,1,3.0
12681,spearman,1,1,3.0
12682,specialists,1,1,3.0
12683,specialities,1,1,3.0
12684,specialization,1,1,3.0
12685,specializing,1,1,3.0
12686,specify,1,1,3.0
12687,spectacles,1,1,3.0
12688,spectrofluorometric,1,1,3.0
12689,spectrophotometry,1,1,3.0
12690,spectroscopically,1,1,3.0
12691,speculate,1,1,3.0
12692,speculative,1,1,3.0
12693,speeds,1,1,3.0
12694,spending,1,1,3.0
12695,spent,1,1,3.0
12696,spermidine,1,1,3.0
12697,spherically,1,1,3.0
12698,sphingolipid,1,1,3.0
12699,sphingolipids,1,1,3.0
12700,spices,1,1,3.0
12701,spiked,1,1,3.0
12702,spillover,1,1,3.0
12703,spiro,1,1,3.0
12704,spirocyclic,1,1,3.0
12705,splenic,1,1,3.0
12706,split,1,1,3.0
12707,splitting,1,1,3.0
12708,sponges,1,1,3.0
12709,sponging,1,1,3.0
12710,sponsored,1,1,3.0
12711,spo₂,1,1,3.0
12712,spss,1,1,3.0
12713,spurred,1,1,3.0
12714,sputum,1,1,3.0
12715,srlc,1,1,3.0
12716,ss,1,1,3.0
12717,ss2,1,1,3.0
12718,sstr5,1,1,3.0
12719,st,1,1,3.0
12720,st25l,1,1,3.0
12721,st25n,1,1,3.0
12722,stabilisation,1,1,3.0
12723,stabilised,1,1,3.0
12724,stabilises,1,1,3.0
12725,stably,1,1,3.0
12726,stack,1,1,3.0
12727,staffing,1,1,3.0
12728,stagger,1,1,3.0
12729,stagnated,1,1,3.0
12730,stainings,1,1,3.0
12731,stakeholders,1,1,3.0
12732,stalk,1,1,3.0
12733,standardisation,1,1,3.0
12734,standing,1,1,3.0
12735,stands,1,1,3.0
12736,stapling,1,1,3.0
12737,stars,1,1,3.0
12738,stat,1,1,3.0
12739,stata,1,1,3.0
12740,statewide,1,1,3.0
12741,station,1,1,3.0
12742,stations,1,1,3.0
12743,statistician,1,1,3.0
12744,stature,1,1,3.0
12745,statute,1,1,3.0
12746,stays,1,1,3.0
12747,steadily,1,1,3.0
12748,stearic,1,1,3.0
12749,steep,1,1,3.0
12750,steeper,1,1,3.0
12751,steeply,1,1,3.0
12752,stemming,1,1,3.0
12753,stemness,1,1,3.0
12754,stems,1,1,3.0
12755,stenosis,1,1,3.0
12756,stent,1,1,3.0
12757,steroidogenic,1,1,3.0
12758,steroids,1,1,3.0
12759,sterol,1,1,3.0
12760,stigmatized,1,1,3.0
12761,stimulatin,1,1,3.0
12762,stinging,1,1,3.0
12763,stock,1,1,3.0
12764,stool,1,1,3.0
12765,stop,1,1,3.0
12766,stopped,1,1,3.0
12767,stores,1,1,3.0
12768,strategiesfundingthe,1,1,3.0
12769,stratifications,1,1,3.0
12770,stratum,1,1,3.0
12771,streamline,1,1,3.0
12772,streamlined,1,1,3.0
12773,strengthened,1,1,3.0
12774,strengthens,1,1,3.0
12775,stressed,1,1,3.0
12776,stressor,1,1,3.0
12777,stressors,1,1,3.0
12778,striatum,1,1,3.0
12779,striking,1,1,3.0
12780,strikingly,1,1,3.0
12781,stringent,1,1,3.0
12782,strobe,1,1,3.0
12783,stzr,1,1,3.0
12784,subacute,1,1,3.0
12785,subcellular,1,1,3.0
12786,subchondral,1,1,3.0
12787,subcortical,1,1,3.0
12788,subdistribution,1,1,3.0
12789,subendocardial,1,1,3.0
12790,submitted,1,1,3.0
12791,subscale,1,1,3.0
12792,subscales,1,1,3.0
12793,subscore,1,1,3.0
12794,subsidies,1,1,3.0
12795,subsidy,1,1,3.0
12796,substantia,1,1,3.0
12797,substitute,1,1,3.0
12798,substitutedphenyl,1,1,3.0
12799,substitutes,1,1,3.0
12800,substituting,1,1,3.0
12801,subverted,1,1,3.0
12802,succinate,1,1,3.0
12803,suctioning,1,1,3.0
12804,suffered,1,1,3.0
12805,sufficiency,1,1,3.0
12806,sufficiently,1,1,3.0
12807,sulfoxide,1,1,3.0
12808,sulodexide,1,1,3.0
12809,sulphate,1,1,3.0
12810,sulphonylurea,1,1,3.0
12811,summaries,1,1,3.0
12812,summarise,1,1,3.0
12813,summarizing,1,1,3.0
12814,sunk,1,1,3.0
12815,sunrouge,1,1,3.0
12816,superecliptic,1,1,3.0
12817,superfocus,1,1,3.0
12818,superlearner,1,1,3.0
12819,superseded,1,1,3.0
12820,supervision,1,1,3.0
12821,supplementing,1,1,3.0
12822,supplied,1,1,3.0
12823,suppressant,1,1,3.0
12824,suppressor,1,1,3.0
12825,supramolecular,1,1,3.0
12826,supraphysiological,1,1,3.0
12827,sural,1,1,3.0
12828,surfaces,1,1,3.0
12829,surge,1,1,3.0
12830,surging,1,1,3.0
12831,surpassing,1,1,3.0
12832,surround,1,1,3.0
12833,surrounded,1,1,3.0
12834,surrounds,1,1,3.0
12835,survive,1,1,3.0
12836,surviving,1,1,3.0
12837,survivor,1,1,3.0
12838,sustainably,1,1,3.0
12839,sustains,1,1,3.0
12840,sweets,1,1,3.0
12841,swiftly,1,1,3.0
12842,swiss,1,1,3.0
12843,switches,1,1,3.0
12844,sydney,1,1,3.0
12845,symbiotic,1,1,3.0
12846,symmetrical,1,1,3.0
12847,symmetry,1,1,3.0
12848,sympathomimetic,1,1,3.0
12849,symposium,1,1,3.0
12850,synbiotic,1,1,3.0
12851,synchronize,1,1,3.0
12852,syncollin,1,1,3.0
12853,syndromic,1,1,3.0
12854,synonymous,1,1,3.0
12855,synthesizer,1,1,3.0
12856,syrcle,1,1,3.0
12857,systemically,1,1,3.0
12858,t3165,1,1,3.0
12859,ta,1,1,3.0
12860,tables,1,1,3.0
12861,tackling,1,1,3.0
12862,tagged,1,1,3.0
12863,tags,1,1,3.0
12864,tail,1,1,3.0
12865,tailor,1,1,3.0
12866,tailoring,1,1,3.0
12867,tanlab,1,1,3.0
12868,tannic,1,1,3.0
12869,tapering,1,1,3.0
12870,tartrate,1,1,3.0
12871,tasks,1,1,3.0
12872,taurocholic,1,1,3.0
12873,taurolithocholate,1,1,3.0
12874,taxon,1,1,3.0
12875,taxonomic,1,1,3.0
12876,taxonomy,1,1,3.0
12877,tbil,1,1,3.0
12878,tca,1,1,3.0
12879,tcf7l2,1,1,3.0
12880,tcho,1,1,3.0
12881,tcm,1,1,3.0
12882,td2m,1,1,3.0
12883,tdd,1,1,3.0
12884,te,1,1,3.0
12885,teaching,1,1,3.0
12886,teae,1,1,3.0
12887,technetium,1,1,3.0
12888,teeth,1,1,3.0
12889,telemonitoring,1,1,3.0
12890,telephone,1,1,3.0
12891,telopeptide,1,1,3.0
12892,templates,1,1,3.0
12893,temporality,1,1,3.0
12894,temporarily,1,1,3.0
12895,temporary,1,1,3.0
12896,tendency,1,1,3.0
12897,tenogenic,1,1,3.0
12898,tensin,1,1,3.0
12899,tensions,1,1,3.0
12900,teratogenic,1,1,3.0
12901,teratogenicity,1,1,3.0
12902,terazosin,1,1,3.0
12903,termination,1,1,3.0
12904,terrors,1,1,3.0
12905,tertiles,1,1,3.0
12906,testers,1,1,3.0
12907,testes,1,1,3.0
12908,testicular,1,1,3.0
12909,testis,1,1,3.0
12910,tetrachloride,1,1,3.0
12911,tetracyclines,1,1,3.0
12912,tetrahydrobiopterin,1,1,3.0
12913,tetranectin,1,1,3.0
12914,texts,1,1,3.0
12915,texture,1,1,3.0
12916,textured,1,1,3.0
12917,tezepelumab,1,1,3.0
12918,tga,1,1,3.0
12919,tgfb1,1,1,3.0
12920,tgfβ,1,1,3.0
12921,th1,1,1,3.0
12922,th17,1,1,3.0
12923,th2,1,1,3.0
12924,thalassaemia,1,1,3.0
12925,thalassemia,1,1,3.0
12926,thehangrywoman,1,1,3.0
12927,theories,1,1,3.0
12928,thereafter,1,1,3.0
12929,therefor,1,1,3.0
12930,thereof,1,1,3.0
12931,thermogenic,1,1,3.0
12932,thermogenics,1,1,3.0
12933,thiazolidinedione,1,1,3.0
12934,thiazolidinedionespiog,1,1,3.0
12935,thickening,1,1,3.0
12936,thinness,1,1,3.0
12937,thirst,1,1,3.0
12938,thorough,1,1,3.0
12939,thought,1,1,3.0
12940,threat,1,1,3.0
12941,threonine,1,1,3.0
12942,thresholded,1,1,3.0
12943,thrombectomy,1,1,3.0
12944,thrombo,1,1,3.0
12945,thromboinflammatory,1,1,3.0
12946,thromboprophylactic,1,1,3.0
12947,thymoquinone,1,1,3.0
12948,thyrotoxicosis,1,1,3.0
12949,tibetan,1,1,3.0
12950,tibial,1,1,3.0
12951,tied,1,1,3.0
12952,ties,1,1,3.0
12953,till,1,1,3.0
12954,tilt,1,1,3.0
12955,timepoint,1,1,3.0
12956,tip,1,1,3.0
12957,tips,1,1,3.0
12958,titles,1,1,3.0
12959,tjas,1,1,3.0
12960,tm1,1,1,3.0
12961,tm3,1,1,3.0
12962,tm4,1,1,3.0
12963,tm5,1,1,3.0
12964,tnt,1,1,3.0
12965,tolerable,1,1,3.0
12966,tolerant,1,1,3.0
12967,tomm20,1,1,3.0
12968,tonometry,1,1,3.0
12969,toolbox,1,1,3.0
12970,toolkit,1,1,3.0
12971,tooth,1,1,3.0
12972,topological,1,1,3.0
12973,topologies,1,1,3.0
12974,toronto,1,1,3.0
12975,tos,1,1,3.0
12976,tost,1,1,3.0
12977,totalling,1,1,3.0
12978,totals,1,1,3.0
12979,toughness,1,1,3.0
12980,toxinology,1,1,3.0
12981,tracers,1,1,3.0
12982,tracing,1,1,3.0
12983,tractable,1,1,3.0
12984,traction,1,1,3.0
12985,tradeoffs,1,1,3.0
12986,traditions,1,1,3.0
12987,transactivation,1,1,3.0
12988,transaminase,1,1,3.0
12989,transbuccal,1,1,3.0
12990,transcellular,1,1,3.0
12991,transcribed,1,1,3.0
12992,transcriptome,1,1,3.0
12993,transducers,1,1,3.0
12994,transferable,1,1,3.0
12995,transferase,1,1,3.0
12996,transfusion,1,1,3.0
12997,transfusions,1,1,3.0
12998,transgenic,1,1,3.0
12999,translatable,1,1,3.0
13000,translocase,1,1,3.0
13001,transmucosal,1,1,3.0
13002,transplanted,1,1,3.0
13003,transplants,1,1,3.0
13004,transporting,1,1,3.0
13005,transposase,1,1,3.0
13006,transsphenoidal,1,1,3.0
13007,transverse,1,1,3.0
13008,transwell,1,1,3.0
13009,trap,1,1,3.0
13010,trapezoidal,1,1,3.0
13011,treatise,1,1,3.0
13012,tregs,1,1,3.0
13013,tremendous,1,1,3.0
13014,trended,1,1,3.0
13015,tri,1,1,3.0
13016,triaging,1,1,3.0
13017,trialling,1,1,3.0
13018,trifluoromethyl,1,1,3.0
13019,trigonella,1,1,3.0
13020,triiodothyronine,1,1,3.0
13021,trim,1,1,3.0
13022,trim63,1,1,3.0
13023,trimethylamine,1,1,3.0
13024,trimming,1,1,3.0
13025,tripartite,1,1,3.0
13026,triphosphate,1,1,3.0
13027,triplet,1,1,3.0
13028,trophic,1,1,3.0
13029,tropomyosin,1,1,3.0
13030,trp,1,1,3.0
13031,trpv1,1,1,3.0
13032,trust,1,1,3.0
13033,trying,1,1,3.0
13034,tslp,1,1,3.0
13035,ttt1,1,1,3.0
13036,tu,1,1,3.0
13037,tubule,1,1,3.0
13038,tubuloglomerular,1,1,3.0
13039,tubuloids,1,1,3.0
13040,tumorigenesis,1,1,3.0
13041,tunel,1,1,3.0
13042,tunnels,1,1,3.0
13043,turbinates,1,1,3.0
13044,turing,1,1,3.0
13045,turmeric,1,1,3.0
13046,tv,1,1,3.0
13047,tyg,1,1,3.0
13048,tyk2,1,1,3.0
13049,tympanometry,1,1,3.0
13050,type2,1,1,3.0
13051,tyr,1,1,3.0
13052,tyr202,1,1,3.0
13053,tyr2052,1,1,3.0
13054,tyr297asp,1,1,3.0
13055,tyr315,1,1,3.0
13056,tzd,1,1,3.0
13057,tβ,1,1,3.0
13058,u01hl080295,1,1,3.0
13059,u01hl130114,1,1,3.0
13060,uae,1,1,3.0
13061,ucp2,1,1,3.0
13062,uhmwpe,1,1,3.0
13063,uhplc,1,1,3.0
13064,ukpds,1,1,3.0
13065,ulceration,1,1,3.0
13066,ultimate,1,1,3.0
13067,ultrasonography,1,1,3.0
13068,ultrastructural,1,1,3.0
13069,ultrastructure,1,1,3.0
13070,ultraviolet,1,1,3.0
13071,umbrella,1,1,3.0
13072,umin000048469,1,1,3.0
13073,umin000048471,1,1,3.0
13074,unacceptably,1,1,3.0
13075,unaffected,1,1,3.0
13076,unaffordable,1,1,3.0
13077,unanesthetized,1,1,3.0
13078,unattempted,1,1,3.0
13079,unbiased,1,1,3.0
13080,unchecked,1,1,3.0
13081,unconfounded,1,1,3.0
13082,uncontrollable,1,1,3.0
13083,uncoupled,1,1,3.0
13084,undated,1,1,3.0
13085,underdeveloped,1,1,3.0
13086,underdocumented,1,1,3.0
13087,underestimated,1,1,3.0
13088,underestimation,1,1,3.0
13089,underevaluated,1,1,3.0
13090,underlining,1,1,3.0
13091,undermines,1,1,3.0
13092,undernutrition,1,1,3.0
13093,underpinnings,1,1,3.0
13094,underrealized,1,1,3.0
13095,underscored,1,1,3.0
13096,understandable,1,1,3.0
13097,understandings,1,1,3.0
13098,understudied,1,1,3.0
13099,undertake,1,1,3.0
13100,undertaken,1,1,3.0
13101,undertreated,1,1,3.0
13102,underused,1,1,3.0
13103,underutilised,1,1,3.0
13104,underwater,1,1,3.0
13105,undetermined,1,1,3.0
13106,undifferentiated,1,1,3.0
13107,undisclosed,1,1,3.0
13108,undoubtedly,1,1,3.0
13109,unequal,1,1,3.0
13110,unexpectedly,1,1,3.0
13111,unexplained,1,1,3.0
13112,unfamiliar,1,1,3.0
13113,unfamiliarity,1,1,3.0
13114,unfavorable,1,1,3.0
13115,unfavourable,1,1,3.0
13116,unfolding,1,1,3.0
13117,unfortunately,1,1,3.0
13118,unfractionated,1,1,3.0
13119,uni,1,1,3.0
13120,unimpaired,1,1,3.0
13121,unimpairment,1,1,3.0
13122,union,1,1,3.0
13123,unite,1,1,3.0
13124,universities,1,1,3.0
13125,unlabelled,1,1,3.0
13126,unless,1,1,3.0
13127,unliteral,1,1,3.0
13128,unmarried,1,1,3.0
13129,unopposed,1,1,3.0
13130,unordered,1,1,3.0
13131,unpeeled,1,1,3.0
13132,unprompted,1,1,3.0
13133,unravelling,1,1,3.0
13134,unrealistic,1,1,3.0
13135,unrecognized,1,1,3.0
13136,unrefreshing,1,1,3.0
13137,unrelated,1,1,3.0
13138,unreliable,1,1,3.0
13139,unremarkable,1,1,3.0
13140,unremitted,1,1,3.0
13141,unreplicated,1,1,3.0
13142,unreported,1,1,3.0
13143,unrestrained,1,1,3.0
13144,unsatisfactory,1,1,3.0
13145,unsaturated,1,1,3.0
13146,unsettled,1,1,3.0
13147,unspecified,1,1,3.0
13148,unstandardized,1,1,3.0
13149,unsuitable,1,1,3.0
13150,unsupervised,1,1,3.0
13151,unsustained,1,1,3.0
13152,unusual,1,1,3.0
13153,unveil,1,1,3.0
13154,unveils,1,1,3.0
13155,unwell,1,1,3.0
13156,updating,1,1,3.0
13157,upregulate,1,1,3.0
13158,upregulates,1,1,3.0
13159,uptitrated,1,1,3.0
13160,uraemic,1,1,3.0
13161,urate,1,1,3.0
13162,urgency,1,1,3.0
13163,uric,1,1,3.0
13164,url,1,1,3.0
13165,ursodeoxycholic,1,1,3.0
13166,urticaria,1,1,3.0
13167,usefully,1,1,3.0
13168,username,1,1,3.0
13169,usp14,1,1,3.0
13170,uterine,1,1,3.0
13171,utilising,1,1,3.0
13172,uveitis,1,1,3.0
13173,v0,1,1,3.0
13174,v10,1,1,3.0
13175,vagally,1,1,3.0
13176,vaginal,1,1,3.0
13177,valorization,1,1,3.0
13178,valsartan,1,1,3.0
13179,valued,1,1,3.0
13180,variably,1,1,3.0
13181,variously,1,1,3.0
13182,vas,1,1,3.0
13183,vascularity,1,1,3.0
13184,vasculature,1,1,3.0
13185,vasculopathy,1,1,3.0
13186,vaso,1,1,3.0
13187,vasomotor,1,1,3.0
13188,vasopressin,1,1,3.0
13189,vasoprotective,1,1,3.0
13190,vasovagal,1,1,3.0
13191,vast,1,1,3.0
13192,vdac1,1,1,3.0
13193,vector,1,1,3.0
13194,vegetarian,1,1,3.0
13195,vehicles,1,1,3.0
13196,veillonella,1,1,3.0
13197,velocity,1,1,3.0
13198,vendors,1,1,3.0
13199,venovenous,1,1,3.0
13200,ventromedial,1,1,3.0
13201,verasight,1,1,3.0
13202,verdict,1,1,3.0
13203,verifying,1,1,3.0
13204,vermis,1,1,3.0
13205,versus1,1,1,3.0
13206,vertebrates,1,1,3.0
13207,vertebroplasty,1,1,3.0
13208,vertigo,1,1,3.0
13209,vesicle,1,1,3.0
13210,vestibule,1,1,3.0
13211,vgat,1,1,3.0
13212,vi,1,1,3.0
13213,vial,1,1,3.0
13214,vials,1,1,3.0
13215,vicadrostat,1,1,3.0
13216,vicinity,1,1,3.0
13217,villi,1,1,3.0
13218,villin,1,1,3.0
13219,violent,1,1,3.0
13220,vip,1,1,3.0
13221,virchow,1,1,3.0
13222,virologically,1,1,3.0
13223,virtually,1,1,3.0
13224,virus,1,1,3.0
13225,viscosity,1,1,3.0
13226,visfatin,1,1,3.0
13227,visible,1,1,3.0
13228,visibly,1,1,3.0
13229,visited,1,1,3.0
13230,visualization,1,1,3.0
13231,vitamins,1,1,3.0
13232,vitroand,1,1,3.0
13233,vldl,1,1,3.0
13234,vmat2,1,1,3.0
13235,voltage,1,1,3.0
13236,volts,1,1,3.0
13237,volumetric,1,1,3.0
13238,vosviewer,1,1,3.0
13239,vta,1,1,3.0
13240,vtrna2,1,1,3.0
13241,vulgaris,1,1,3.0
13242,vying,1,1,3.0
13243,vδ1,1,1,3.0
13244,vδ2,1,1,3.0
13245,w237,1,1,3.0
13246,waited,1,1,3.0
13247,waiting,1,1,3.0
13248,wald,1,1,3.0
13249,wanfang,1,1,3.0
13250,warping,1,1,3.0
13251,watershed,1,1,3.0
13252,wave,1,1,3.0
13253,weakening,1,1,3.0
13254,weakens,1,1,3.0
13255,weakest,1,1,3.0
13256,weakness,1,1,3.0
13257,weapon,1,1,3.0
13258,weber,1,1,3.0
13259,website,1,1,3.0
13260,websites,1,1,3.0
13261,weibull,1,1,3.0
13262,weigh,1,1,3.0
13263,weissella,1,1,3.0
13264,welcomed,1,1,3.0
13265,wellbeing,1,1,3.0
13266,wellness,1,1,3.0
13267,wernicke,1,1,3.0
13268,westernized,1,1,3.0
13269,wet,1,1,3.0
13270,wfs1,1,1,3.0
13271,whenever,1,1,3.0
13272,whitney,1,1,3.0
13273,wider,1,1,3.0
13274,widowed,1,1,3.0
13275,wikim51,1,1,3.0
13276,wiley,1,1,3.0
13277,wire,1,1,3.0
13278,wise,1,1,3.0
13279,withdrawn,1,1,3.0
13280,withdrew,1,1,3.0
13281,withholding,1,1,3.0
13282,witnessed,1,1,3.0
13283,word,1,1,3.0
13284,wore,1,1,3.0
13285,workers,1,1,3.0
13286,workflows,1,1,3.0
13287,workload,1,1,3.0
13288,works,1,1,3.0
13289,workshops,1,1,3.0
13290,wp,1,1,3.0
13291,wrinkles,1,1,3.0
13292,writing,1,1,3.0
13293,wrvu,1,1,3.0
13294,wy,1,1,3.0
13295,xenobiotics,1,1,3.0
13296,xiaoji,1,1,3.0
13297,xiaoke,1,1,3.0
13298,xiiia,1,1,3.0
13299,xw003,1,1,3.0
13300,xylanibacter,1,1,3.0
13301,y2,1,1,3.0
13302,y240,1,1,3.0
13303,y2423,1,1,3.0
13304,y4,1,1,3.0
13305,y4r,1,1,3.0
13306,yearly,1,1,3.0
13307,yes,1,1,3.0
13308,ykl,1,1,3.0
13309,yme1l,1,1,3.0
13310,yohimbine,1,1,3.0
13311,yorkshire,1,1,3.0
13312,youden,1,1,3.0
13313,youtube,1,1,3.0
13314,yunpi,1,1,3.0
13315,zealand,1,1,3.0
13316,zebrafish,1,1,3.0
13317,zepbound,1,1,3.0
13318,zhao,1,1,3.0
13319,zhen,1,1,3.0
13320,zibotentan,1,1,3.0
13321,zilebesiran,1,1,3.0
13322,zo,1,1,3.0
13323,zone,1,1,3.0
13324,¹⁷,1,1,3.0
13325,α4β2,1,1,3.0
13326,α6β2,1,1,3.0
13327,δbw,1,1,3.0
13328,δcpeptide0,1,1,3.0
13329,δgatp,1,1,3.0
13330,δgluc0,1,1,3.0
13331,δglucose0,1,1,3.0
13332,δisr0,1,1,3.0
13333,δsmm,1,1,3.0
13334,ε4,1,1,3.0
13335,τ²,1,1,3.0
13336,χ²,1,1,3.0
13337,ω,1,1,3.0
13338,⁸,1,1,3.0
